$MeshFormat
2.2 0 8
$EndMeshFormat
$PhysicalNames
11
2 1001 "MagneticInfinity"
2 1002 "MagnetSurface"
2 1003 "CoilStart"
2 1004 "CoilEnd"
2 1005 "Alpha0"
2 1006 "Alpha1"
2 1007 "Beta0"
2 1008 "Beta1"
3 1 "StrandedCoil"
3 2 "Magnet"
3 3 "Air"
$EndPhysicalNames
$Nodes
2917
1 0.02493867478435867 0.001749999999999055 0.04
2 0.02493867478435867 -0.00174999999999906 0.04
3 0.02493867478435867 -0.00174999999999906 0
4 0.02493867478435867 0.001749999999999055 0
5 0.01992329039089675 0.001750000000000167 0.04
6 0.01992329039089675 -0.001750000000000173 0.04
7 0.01992329039089675 -0.001750000000000173 0
8 0.01992329039089675 0.001750000000000167 0
9 0.08 -1.959434878635765e-17 0.11
10 0.08 -1.959434878635765e-17 -0.08
11 0.025 -0.00175 0
12 0.025 -0.00175 0.04
13 0.025 0.00175 0
14 0.025 0.00175 0.04
15 0.01489756691543958 0.00175 0.04
16 0.01489756691543958 -0.00175 0.04
17 0.015 -3.673940397442059e-18 0.04
18 0 0.00175 0
19 0 -0.00175 0
20 0.01489756691543958 0.00175 0.03
21 0 0.00175 0.03
22 0.01489756691543958 -0.001750000000000003 0.03
23 0 -0.00175 0.03
24 0.015 -3.673940397442059e-18 0.06
25 0.015 -3.673940397442059e-18 0.03
26 0 0.00175 0.04
27 0 -0.00175 0.04
28 0.02324238956353901 0.009208220641182159 0.04
29 0.01937052599026187 0.01580451590086167 0.04
30 0.01368550560258217 0.02092144680469522 0.04
31 0.006719468491126303 0.02408004865436864 0.04
32 -0.0008755370897440761 0.02498466399222696 0.04
33 -0.008388588982762622 0.02355061729293467 0.04
34 -0.01511643621562044 0.01991214092304188 0.04
35 -0.02042932603598398 0.01440981046771495 0.04
36 -0.02382995122634118 0.007558665527075559 0.04
37 -0.025 1.416384724411995e-17 0.04
38 -0.02382995122634119 -0.007558665527075533 0.04
39 -0.020429326035984 -0.01440981046771492 0.04
40 -0.01511643621562047 -0.01991214092304185 0.04
41 -0.008388588982762664 -0.02355061729293466 0.04
42 -0.0008755370897441157 -0.02498466399222696 0.04
43 0.006719468491126264 -0.02408004865436865 0.04
44 0.01368550560258214 -0.02092144680469525 0.04
45 0.01937052599026186 -0.01580451590086168 0.04
46 0.02324238956353899 -0.009208220641182199 0.04
47 0.02493867478435853 -0.00175 0.007999999999999997
48 0.02493867478435853 -0.00175 0.016
49 0.02493867478435853 -0.00175 0.024
50 0.02493867478435853 -0.00175 0.032
51 0.02324238956353901 0.009208220641182159 0
52 0.01937052599026187 0.01580451590086167 0
53 0.01368550560258217 0.02092144680469522 0
54 0.006719468491126303 0.02408004865436864 0
55 -0.0008755370897440761 0.02498466399222696 0
56 -0.008388588982762622 0.02355061729293467 0
57 -0.01511643621562044 0.01991214092304188 0
58 -0.02042932603598398 0.01440981046771495 0
59 -0.02382995122634118 0.007558665527075559 0
60 -0.025 1.416384724411995e-17 0
61 -0.02382995122634119 -0.007558665527075533 0
62 -0.020429326035984 -0.01440981046771492 0
63 -0.01511643621562047 -0.01991214092304185 0
64 -0.008388588982762664 -0.02355061729293466 0
65 -0.0008755370897441157 -0.02498466399222696 0
66 0.006719468491126264 -0.02408004865436865 0
67 0.01368550560258214 -0.02092144680469525 0
68 0.01937052599026186 -0.01580451590086168 0
69 0.02324238956353899 -0.009208220641182199 0
70 0.02493867478435853 0.00175 0.007999999999999997
71 0.02493867478435853 0.00175 0.016
72 0.02493867478435853 0.00175 0.024
73 0.02493867478435853 0.00175 0.032
74 0.01783716252285054 0.009046304943645018 0.04
75 0.01318301857541897 0.01504021347056479 0.04
76 0.006630915598172979 0.01886878264038002 0.04
77 -0.0008758402200358487 0.0199808133945785 0.04
78 -0.008256501332029861 0.01821620667850991 0.04
79 -0.01444847404400751 0.01382901290040765 0.04
80 -0.01856030011718764 0.007450856297092609 0.04
81 -0.02 -3.30778431897103e-17 0.04
82 -0.01856030011718761 -0.007450856297092686 0.04
83 -0.01444847404400747 -0.0138290129004077 0.04
84 -0.008256501332029797 -0.01821620667850994 0.04
85 -0.0008758402200357649 -0.0199808133945785 0.04
86 0.006630915598173021 -0.01886878264038 0.04
87 0.01318301857541899 -0.01504021347056477 0.04
88 0.01783716252285054 -0.009046304943645013 0.04
89 0.01992329039089678 -0.00175 0.007999999999999997
90 0.01992329039089678 -0.00175 0.016
91 0.01992329039089678 -0.00175 0.024
92 0.01992329039089678 -0.00175 0.032
93 0.01783716252285054 0.009046304943645018 0
94 0.01318301857541897 0.01504021347056479 0
95 0.006630915598172979 0.01886878264038002 0
96 -0.0008758402200358487 0.0199808133945785 0
97 -0.008256501332029861 0.01821620667850991 0
98 -0.01444847404400751 0.01382901290040765 0
99 -0.01856030011718764 0.007450856297092609 0
100 -0.02 -3.30778431897103e-17 0
101 -0.01856030011718761 -0.007450856297092686 0
102 -0.01444847404400747 -0.0138290129004077 0
103 -0.008256501332029797 -0.01821620667850994 0
104 -0.0008758402200357649 -0.0199808133945785 0
105 0.006630915598173021 -0.01886878264038 0
106 0.01318301857541899 -0.01504021347056477 0
107 0.01783716252285054 -0.009046304943645013 0
108 0.01992329039089678 0.00175 0.007999999999999997
109 0.01992329039089678 0.00175 0.016
110 0.01992329039089678 0.00175 0.024
111 0.01992329039089678 0.00175 0.032
112 0.07703338298782395 0.02158374169256197 0.11
113 0.06835355236371907 0.04156671600283473 0.11
114 0.05460425145749227 0.05846687714224998 0.11
115 0.03680520301849206 0.07103081747219007 0.11
116 0.01627648104421054 0.07832672701458586 0.11
117 -0.005459393069173884 0.07981350153524312 0.11
118 -0.02679036897367913 0.07538087376950556 0.11
119 -0.0461344257691896 0.06535759144083519 0.11
120 -0.0620569032563538 0.05048703554608396 0.11
121 -0.07337690412043639 0.03187208718769899 0.11
122 -0.07925487568290651 0.01089333192769931 0.11
123 -0.0792548756829064 -0.01089333192770017 0.11
124 -0.07337690412043604 -0.03187208718769978 0.11
125 -0.06205690325635325 -0.05048703554608464 0.11
126 -0.04613442576918891 -0.06535759144083569 0.11
127 -0.02679036897367831 -0.07538087376950585 0.11
128 -0.00545939306917307 -0.07981350153524318 0.11
129 0.01627648104421115 -0.07832672701458573 0.11
130 0.03680520301849257 -0.07103081747218981 0.11
131 0.05460425145749249 -0.05846687714224977 0.11
132 0.06835355236371919 -0.04156671600283451 0.11
133 0.07703338298782396 -0.02158374169256188 0.11
134 0.08 -1.959434878635765e-17 -0.05888888888888887
135 0.08 -1.959434878635765e-17 -0.03777777777777773
136 0.08 -1.959434878635765e-17 -0.01666666666666657
137 0.08 -1.959434878635765e-17 0.004444444444444556
138 0.08 -1.959434878635765e-17 0.02555555555555565
139 0.08 -1.959434878635765e-17 0.04666666666666673
140 0.08 -1.959434878635765e-17 0.06777777777777781
141 0.08 -1.959434878635765e-17 0.08888888888888892
142 0.07703338298782395 0.02158374169256197 -0.08
143 0.06835355236371907 0.04156671600283473 -0.08
144 0.05460425145749227 0.05846687714224998 -0.08
145 0.03680520301849206 0.07103081747219007 -0.08
146 0.01627648104421054 0.07832672701458586 -0.08
147 -0.005459393069173884 0.07981350153524312 -0.08
148 -0.02679036897367913 0.07538087376950556 -0.08
149 -0.0461344257691896 0.06535759144083519 -0.08
150 -0.0620569032563538 0.05048703554608396 -0.08
151 -0.07337690412043639 0.03187208718769899 -0.08
152 -0.07925487568290651 0.01089333192769931 -0.08
153 -0.0792548756829064 -0.01089333192770017 -0.08
154 -0.07337690412043604 -0.03187208718769978 -0.08
155 -0.06205690325635325 -0.05048703554608464 -0.08
156 -0.04613442576918891 -0.06535759144083569 -0.08
157 -0.02679036897367831 -0.07538087376950585 -0.08
158 -0.00545939306917307 -0.07981350153524318 -0.08
159 0.01627648104421115 -0.07832672701458573 -0.08
160 0.03680520301849257 -0.07103081747218981 -0.08
161 0.05460425145749249 -0.05846687714224977 -0.08
162 0.06835355236371919 -0.04156671600283451 -0.08
163 0.07703338298782396 -0.02158374169256188 -0.08
164 0.025 -0.00175 0.01999999999999998
165 0.025 0.00175 0.01999999999999998
166 0.01718665701901245 0.00175 0.04
167 0.01718665701901245 -0.00175 0.04
168 0.01148282963795137 0.00175 0
169 0.01148282963795137 -0.00175 0
170 0.01489756691543958 0.00175 0.03333333333333333
171 0.01489756691543958 0.00175 0.03666666666666667
172 0.01117317518657969 0.00175 0.03
173 0.007448783457719798 0.00175 0.03
174 0.003724391728859909 0.00175 0.03
175 0 0.00175 0.01134911773367915
176 0 0.00175 0.01961005522669819
177 0 0.00175 0.02562312883312829
178 0.01489756691543958 -0.00175 0.03333333333333333
179 0.01489756691543958 -0.00175 0.03666666666666667
180 0.01117317518657969 -0.00175 0.03
181 0.007448783457719798 -0.00175 0.03
182 0.003724391728859909 -0.00175 0.03
183 0 -0.00175 0.01134911773367915
184 0 -0.00175 0.01961005522669819
185 0 -0.00175 0.02562312883312829
186 0.015 -3.673940397442059e-18 0.044
187 0.015 -3.673940397442059e-18 0.048
188 0.015 -3.673940397442059e-18 0.052
189 0.015 -3.673940397442059e-18 0.05599999999999999
190 0.0139302652429203 0.005563066623894293 0.03
191 0.01200486162081696 0.008993514188849423 0.03
192 0.009253782311796101 0.01180540185363843 0.03
193 0.005866242266432535 0.01380533236367457 0.03
194 0.002075231213576285 0.01485575361300122 0.03
195 -0.001858511010359117 0.01488441926392743 0.03
196 -0.005664427741290823 0.01388935773762397 0.03
197 -0.00908075395348011 0.01193900781624484 0.03
198 -0.01187252005035185 0.009167511530071469 0.03
199 -0.01384771270742501 0.005765488077571555 0.03
200 -0.01487048124974512 0.001966923333782698 0.03
201 -0.01487048124974512 -0.001966923333782681 0.03
202 -0.01384771270742503 -0.005765488077571526 0.03
203 -0.01187252005035186 -0.009167511530071455 0.03
204 -0.00908075395348013 -0.01193900781624482 0.03
205 -0.005664427741290841 -0.01388935773762397 0.03
206 -0.001858511010359124 -0.01488441926392743 0.03
207 0.002075231213576274 -0.01485575361300122 0.03
208 0.005866242266432516 -0.01380533236367458 0.03
209 0.009253782311796088 -0.01180540185363844 0.03
210 0.01200486162081696 -0.008993514188849428 0.03
211 0.0139302652429203 -0.005563066623894298 0.03
212 0.01448888739433603 0.003882285676537805 0.06
213 0.01299038105676658 0.007499999999999989 0.06
214 0.01060660171779823 0.0106066017177982 0.06
215 0.007500000000000021 0.01299038105676657 0.06
216 0.003882285676537837 0.01448888739433602 0.06
217 3.089450676423974e-17 0.015 0.06
218 -0.00388228567653778 0.01448888739433603 0.06
219 -0.007499999999999968 0.0129903810567666 0.06
220 -0.01060660171779818 0.01060660171779825 0.06
221 -0.01299038105676655 0.007500000000000056 0.06
222 -0.014488887394336 0.003882285676537893 0.06
223 -0.015 1.017570424149851e-16 0.06
224 -0.01448888739433605 -0.003882285676537696 0.06
225 -0.01299038105676665 -0.007499999999999881 0.06
226 -0.01060660171779832 -0.01060660171779811 0.06
227 -0.007500000000000145 -0.01299038105676649 0.06
228 -0.003882285676537964 -0.01448888739433598 0.06
229 -1.359822182531003e-16 -0.015 0.06
230 0.003882285676537714 -0.01448888739433605 0.06
231 0.00749999999999992 -0.01299038105676662 0.06
232 0.01060660171779816 -0.01060660171779826 0.06
233 0.01299038105676656 -0.007500000000000041 0.06
234 0.01448888739433602 -0.003882285676537823 0.06
235 0.015 -3.673940397442059e-18 0.03333333333333333
236 0.015 -3.673940397442059e-18 0.03666666666666667
237 0.003724391728859899 0.00175 0.04
238 0.00744878345771981 0.00175 0.04
239 0.0111731751865797 0.00175 0.04
240 0.003724391728859899 -0.00175 0.04
241 0.00744878345771981 -0.00175 0.04
242 0.0111731751865797 -0.00175 0.04
243 0 -0.00175 0.03333333333333333
244 0 -0.00175 0.03666666666666667
245 0 0.00175 0.03333333333333333
246 0 0.00175 0.03666666666666667
247 -0.02239320103726269 -0.01111505948273499 0.00661742016266681
248 -0.004261732149316785 0.02463407475606664 0.007802698124448671
249 0.01032399793454157 0.02276873001832956 0.006617420162666849
250 -0.0223920830345885 0.01111731160722294 0.03328398148171079
251 -0.01201874612767792 -0.02192144478629151 0.005881167864443445
252 0.002578781159133538 -0.02486664206790491 0.03251417153114494
253 0.02350073376384944 -0.00852733912546386 0.02
254 -0.02470575621852658 -0.003824344345209395 0.03338257983733316
255 -0.01800750639642969 -0.01734156029261911 0.0332132989009028
256 0.002956766102245397 0.02482453492447769 0.03338257983733315
257 -0.01189248417983908 0.02199019827178185 0.03338257983733315
258 0.01672486327703242 0.01858168314132421 0.03338257983733315
259 -0.01798659746317492 0.01736324600118623 0.006614448969183546
260 -0.02470564916830798 0.003825035839372383 0.006616971877284138
261 0.01032399793454153 -0.02276873001832957 0.006617420162666848
262 0.0235007337638496 0.008527339125463444 0.02
263 0.01672486327703239 -0.01858168314132424 0.03338257983733148
264 0.02157281763770143 0.01263382519945871 0.005584921490476518
265 0.02157195864944857 -0.01263529184571853 0.005582181976747145
266 0.02350949292851184 0.008503160720829165 0.02795588489752688
267 0.02030670090385156 0.0145821088461688 0.02239101918531133
268 0.02029419291795497 0.01459951142363423 0.01738592991132919
269 0.01570929724266901 0.01944782713162249 0.02010036537753719
270 0.01570139460091041 0.01945420796605458 0.01380272466502885
271 0.009984841255995448 0.02291948832527837 0.01626683584361265
272 0.009969787310471288 0.02292604067395776 0.02228577099481449
273 0.003582648025500684 0.02474196097978849 0.01854503264157949
274 0.003704730832457311 0.02472397559979059 0.01221551971805738
275 -0.002948765907062563 0.02482548649322598 0.01552850102470774
276 -0.003580374005180485 0.02474229015234903 0.02251669465210655
277 -0.009613374577798494 0.02307776048985121 0.01891929321290206
278 0.02350073376384679 -0.008527339125471165 0.028
279 0.02028074761283449 -0.01461818306987938 0.02242908561313404
280 0.02027516651905542 -0.01462592296658828 0.01735436820820834
281 0.01564698309936628 -0.01949799784306446 0.02005890856863482
282 0.01565436590922744 -0.01949207090024089 0.01375694758825541
283 0.009902382712590696 -0.02295523505898785 0.01618574114573678
284 0.003038354871209531 -0.02481468113187428 0.01179938255656983
285 0.002810823124701057 -0.02484148291390121 0.01882565838887262
286 -0.003512788154715998 -0.02475197607020674 0.01446628482055294
287 -0.00426839689685278 -0.02463292081607331 0.02175721026348335
288 -0.01012007699377005 -0.02286009714852862 0.01776856417004844
289 -0.01098493702004891 -0.02245731859919076 0.02470813486455715
290 -0.01608678227046069 -0.01913675615622438 0.02007397602495797
291 0.009864696123132795 -0.0229714555568046 0.02218958134404202
292 -0.005010172271574471 -0.02449281882122077 0.02938015939075261
293 -0.004687230574204913 -0.024556666499023 0.006617420162666793
294 -0.01185743715329137 -0.02200911593307977 0.03229514072168964
295 -0.02470568031687428 -0.003824834647460038 0.006615091725688464
296 -0.02383000476415738 -0.00755849673812436 0.01323328901493126
297 -0.02032785669907845 -0.01455260258585149 0.01285765734436064
298 -0.02234357585759797 -0.0112144825068197 0.01997936959336312
299 -0.02468531244189559 -0.003954155996669167 0.01980655055969109
300 -0.01973342321866607 -0.01534900674548718 0.02593067384543327
301 -0.02353841730189821 -0.008422761478381016 0.02655204096239255
302 -0.025 -3.024507374088631e-17 0.01322829419633616
303 -0.02470773376055709 0.003811547247172394 0.019844236597786
304 -0.02499996812925581 -3.991912065677517e-05 0.02651344771323989
305 -0.02382494368890549 0.007574434514898309 0.02655905286019686
306 -0.02239613015494415 0.01110915631732678 0.01988273992686547
307 -0.02043203130125364 0.01440597434763063 0.02655882822903875
308 -0.01814512786483765 0.01719750955134761 0.02000184029940552
309 -0.01511102623501788 0.01991624678810245 0.02645147446744028
310 -0.01798827953882513 -0.01736150336903706 0.006357217853070894
311 -0.02383079978565476 0.007555989781361358 0.01323802629120224
312 -0.02239402964964044 0.01111338994416308 0.006612547540115168
313 -0.02043183855557572 0.01440624771544935 0.0133242152962079
314 -0.0148143745880476 0.02013788235056034 0.01502896611912797
315 -0.01189248417983908 0.02199019827178185 0.006611275798529346
316 -0.0179644054746793 0.01738620533472766 0.03316842389984974
317 -0.02470255220705274 0.003844985625179112 0.03325338783014442
318 0.01063139403809575 0.02262683055150991 0.03429954276995283
319 -0.004444583062449606 0.02460174143025217 0.03148901988379353
320 0.0105588697133569 -0.02266076499980428 0.03429741029810206
321 0.001675567999636623 -0.02494378623783073 0.02611225675944924
322 0.02358702466976908 0.008285666371976674 0.01244049486027189
323 0.02358702466976551 -0.008285666371986846 0.01244049486026052
324 0.02147458740009076 0.01280008187457656 0.03476103936141327
325 -0.01519656566932812 -0.01985105518247829 0.01287704404350576
326 -0.02237643867448634 -0.01114876640023246 0.0335434111583151
327 0.02156375672983412 -0.01264928439464201 0.03467149156021158
328 -0.009252867373758333 0.02322465167367723 0.02583299428666385
329 0.01669880531408895 0.01860510416746315 0.006408938773221852
330 0.01669844135039779 -0.0186054308326178 0.006353348400570615
331 0.01529177688292489 0.01977780472557164 0.02685929029394059
332 0.01521269747078494 -0.01983869541230909 0.02685178533818774
333 0.002239980894899659 0.02489944749568722 0.02670933984789397
334 -0.008814853203889857 0.02339440879769935 0.01299970557882925
335 0.002956766102245397 0.02482453492447769 0.004958188811691589
336 -0.01555855756726411 -0.01956863016222977 0.02786843262232064
337 0.002956766102245358 -0.0248245349244777 0.004897891083413191
338 -0.004687230574205066 -0.02455666649902298 0.03535903126056934
339 -0.008483470430202528 -0.0235166053983112 0.01135134524405159
340 0.02390175819204971 0.007328434712050355 0.03421952614060642
341 0.02394205705590553 0.00719568648092482 0.005646548367706875
342 0.02394205705590552 -0.00719568648092486 0.005646548367706857
343 0.02395061908219157 -0.007167136497916117 0.03438185901948308
344 0.007628872439341905 -0.02380756823584151 0.0284027204326693
345 0.008630836985902819 0.02346292080971105 0.02831517722115023
346 0.01949312466495508 -0.01565305372112803 0.0294649729558096
347 0.0194324773899632 0.0157282809769081 0.0107232739895828
348 0.01934041298108459 0.01584135176432537 0.02932618818886459
349 0.01942231193021526 -0.01574083222975894 0.01073148227875243
350 -0.01394826238137333 0.02074719201579736 0.0212036999197378
351 0.00289975169487984 0.02197857717038853 0.04
352 0.002899751694879851 -0.02197857717038853 0.04
353 0.02243098258762766 -0.00175 0.012
354 0.02243098258762766 -0.00175 0.02
355 0.02243098258762766 -0.00175 0.028
356 0.02243098258762765 -0.00175 0.036
357 0.02243098258762766 -0.00175 0.003999999999999997
358 0.00289975169487984 0.02197857717038853 0
359 0.002899751694879851 -0.02197857717038853 0
360 0.02243098258762766 0.00175 0.012
361 0.02243098258762766 0.00175 0.02
362 0.02243098258762766 0.00175 0.028
363 0.02243098258762765 0.00175 0.036
364 0.02243098258762766 0.00175 0.003999999999999997
365 0.002930763765911753 -0.01978410027644469 0.03343805933005965
366 -0.01686324205245655 -0.01075318871220351 0.03396557654616796
367 -0.01659840103068509 0.01115764684978657 0.007052798476403249
368 0.002930763765911688 0.0197841002764447 0.03343805933005962
369 -0.005071760895994271 -0.01934624618404985 0.00718395174619159
370 0.009971369585519276 -0.01733700633295671 0.006104942108607613
371 -0.01963677675108306 -0.003794337732480342 0.006561940669940367
372 -0.01963677675108307 0.003794337732480269 0.03343805933005962
373 -0.0112298239635755 0.01654965418814259 0.03209765273133386
374 -0.004650631652958022 0.01945177691699411 0.006561940669940374
375 0.01009021715974803 0.0172681069509407 0.006561940669940389
376 0.01813083769361181 -0.008442317485614078 0.02
377 0.01813083769362005 0.008442317485596386 0.02
378 0.01581092188542366 0.01224805082994968 0.03440299135386386
379 0.01581064646296354 -0.01224840636259177 0.0344051002457033
380 0.01814367448802189 -0.008414694056987679 0.01205196852526095
381 0.01423530161235074 -0.01404835178963726 0.01766117434898698
382 0.0142223873796478 -0.01406142586024742 0.02254464931269193
383 0.008835848266540009 -0.01794234615123345 0.01988195899719775
384 0.008819137406622881 -0.01795056587974611 0.02604622692453736
385 0.002462588854243434 -0.01984781237655566 0.02562865280854804
386 -0.004648331239656517 -0.01945232676793276 0.02857986800545132
387 -0.004867852900593915 -0.01939855685710098 0.0211906320871828
388 -0.01060395957230561 -0.0169574774476898 0.02566525138523353
389 -0.01130169630549402 -0.01650065636932007 0.01835557638226198
390 -0.01570031790891927 -0.01238951240198212 0.02240380357669691
391 -0.01632270553938214 -0.01155721782587071 0.01477062383771263
392 -0.01901001424634789 -0.006214447550156852 0.0201549901396699
393 0.000984805857170546 -0.01997573922095707 0.01703034635885955
394 -0.01194590681931117 -0.0160404273716237 0.01088410329126153
395 -0.0114142934653434 -0.0164229688146516 0.03281092158282952
396 0.01813083769361712 0.008442317485602665 0.012
397 0.01423135988239033 0.01405234485407653 0.0176652118050213
398 0.01422044836750191 0.01406338679789518 0.02255027564421575
399 0.008828347842957602 0.01794603784582396 0.01989419394917052
400 0.008819558388296843 0.01795035904474957 0.0260505330151902
401 0.002457794868558763 0.01984840659559568 0.02370855962330334
402 0.002483996832816969 0.01984514448762103 0.01605249186810682
403 -0.004136406891366369 0.01956757874723025 0.01985803201319022
404 -0.003973329280951415 0.01960134317910725 0.02753990379774445
405 -0.01016148583302769 0.01722626499462892 0.0245562124631811
406 -0.01073196818554599 0.01687675498620599 0.01733160206470037
407 -0.01540466260046014 0.01275524873007126 0.02049496206968737
408 -0.0157619232623982 0.0123110428100251 0.01381686619192356
409 -0.0187984668514598 0.006827711478567831 0.01804938149038387
410 -0.01857260105359064 0.007420140841261976 0.02560862067056494
411 -0.01124780736338048 0.01653743721125749 0.00940411407579431
412 0.003011258572965277 -0.01977200854255184 0.006104268292236292
413 -0.0196454985872012 -0.003748917878571857 0.03359920908532066
414 -0.02 -1.307774693567241e-16 0.02687611866011634
415 -0.01682239802339781 0.01081697391798564 0.03299307745904449
416 -0.01965430926150212 0.00370244884545785 0.006239193915904745
417 -0.02 -8.222082872824864e-15 0.01312388133988554
418 -0.01680967023234833 -0.0108367424385607 0.00656194066994983
419 0.003255351215631686 0.01973328884050718 0.005667893849234568
420 -0.005346550207662255 -0.01927211459277229 0.01416100883105065
421 0.01823879573383165 -0.008206480986364647 0.02755704939803709
422 0.01823879573382555 0.008206480986378207 0.02755704939804453
423 0.01569605582920452 -0.01239491151265287 0.00519251009364394
424 0.015689972349753 0.012402611324394 0.005243729458168059
425 -0.01859600181114247 -0.007361298570224288 0.02725790934900339
426 0.007145491951639883 -0.01867998781501342 0.01295997379439293
427 0.0100558211733132 -0.01728815954722613 0.03357574259909863
428 0.01005610745215897 0.01728799302726123 0.03358041601822666
429 0.008384796084072079 0.01815751069471059 0.01310231440301385
430 -0.005521084223432936 0.01922284133518664 0.01326408316580043
431 -0.01999353855108199 0.0005083465416407835 0.02010059050191498
432 -0.01894044388478688 -0.006423362472042123 0.01250870728578661
433 -0.01868144622277603 0.007141678165916418 0.01178267502360082
434 -0.004650631652957949 -0.01945177691699413 0.0350790276054524
435 -0.004533852253496397 0.01947932708651574 0.03395998670448663
436 -0.01465044574040095 0.01361486098377679 0.02676444142859612
437 -0.01156247568725096 -0.01631898146275467 0.004758204930797674
438 -0.01469172390440483 -0.01357030761319506 0.02834680424628982
439 0.01865019879149537 0.007222886198584659 0.005749075328594424
440 0.01865595358047 -0.007208009156719257 0.005733717099849253
441 0.01870008358083242 -0.007092733892504489 0.03438512705132014
442 0.01870008358083241 0.007092733892504508 0.03438512705132014
443 -0.0005799502704810636 -0.01999158967375454 0.01126977919221755
444 0.0003065509782018239 0.0199976505244432 0.01097516664302668
445 0.01322965475429151 -0.01499920781515651 0.02925701148135805
446 0.01324169897256109 0.01498857592702104 0.02925155210109476
447 0.01315095588775328 -0.01506825667548729 0.01063557057065091
448 0.01314441449618046 0.01507396323309172 0.01065086076655986
449 -0.01156037569963647 0.01632046916247368 0.003903468624650483
450 0.07791087962955084 -0.01816300733220245 0.0150000000000001
451 0.07790869519630832 0.01817237499086803 0.01500878710505092
452 0.005459393069174245 -0.07981350153524309 0.09114691454394806
453 -0.06835355236371926 0.0415667160028344 -0.0611469145439479
454 -0.07703340004380586 -0.02158368081887265 0.0911485714219422
455 -0.01898552106017094 0.07771454168991673 -0.05890561723848849
456 -0.03680520301849165 -0.0710308174721903 -0.06114691454394786
457 -0.05460446756307066 0.05846667531298119 0.09114823855874969
458 0.00822535361376649 0.07957602376299346 0.08959504825329044
459 -0.07703338298782382 -0.0215837416925624 -0.0611469145439479
460 0.0271064653937692 -0.07526778549855438 -0.06246963145068111
461 0.04639270087111463 0.06517451423588272 -0.06241854021677082
462 0.06205690325635354 0.05048703554608428 0.09114691454394776
463 0.06269608989434962 -0.04969104860998239 -0.05525510821496389
464 0.0626953477710518 -0.04969198494593337 0.0857491799402423
465 -0.03708646188620651 -0.07088437306461103 0.09235545129628921
466 -0.07703338298782404 0.02158374169256156 0.09114691454394759
467 0.0779108796296292 0.01816300733186632 -0.02722222222222215
468 0.07791056347444868 0.01816436343761886 0.05722176594628371
469 0.07791087962962953 -0.0181630073318649 -0.02722222222222215
470 0.07789550166891113 -0.01822884581504445 0.05865596518545148
471 0.07324399775457566 0.03217633902307279 -0.06238441900821726
472 0.07790913624732637 0.01817048401104209 -0.00610821397660341
473 0.07171941358449174 0.03544468528703027 0.004538855851746917
474 0.07173536151256989 0.03541239766890836 0.02561913833859063
475 0.06161926457798863 0.051020253163502 0.01512166779108064
476 0.0617427318443565 0.05087076827015577 -0.005248730531417792
477 0.04817915342529182 0.06386524230927329 0.004408862051533596
478 0.04818147041347871 0.06386349433592774 0.02588816258709473
479 0.03207579092313197 0.07328808659431303 0.01515278207193085
480 0.03207598789039922 0.07328800038788726 -0.006416056364620046
481 0.01416100973336912 0.07873668651480976 0.004377558342898338
482 0.0141850038944997 0.07873236732445575 0.02601209343290438
483 -0.004563613885640439 0.07986972785920075 0.01520636446395775
484 -0.004384861963253937 0.07987974077050582 0.03550958741483459
485 -0.02305956789579666 0.07660454509008682 0.0260703248794637
486 -0.02307706459795945 0.07659927603797315 0.004371561427983409
487 -0.04031559411851584 0.06909886302155116 0.01523667236489805
488 -0.04033343755376615 0.06908844921617829 -0.006491657158756742
489 -0.05535775038631537 0.05775395633345305 0.004388358952013602
490 -0.05534058841616187 0.05777040136395947 0.02613551825307255
491 -0.06732345285968397 0.04321519055899107 0.01528077447210138
492 -0.06738424459411868 0.04312033836230866 0.03603697549415903
493 -0.07556767461778929 0.02625883761440946 0.02613463007746533
494 -0.07557090770597456 0.0262495315862031 0.004394727796101519
495 -0.07961356072657258 0.007853721947990094 0.01531952463089271
496 -0.07961577654500455 0.007831227562515605 -0.006452036115069476
497 -0.07923861547660903 -0.01101098621151156 0.004452803231319608
498 -0.07924296120907534 -0.01097966751850805 0.02622549306266601
499 -0.07446318145118463 -0.02924439447429118 0.01536121411977059
500 -0.07445629431160125 -0.0292619247040282 -0.006411185374833317
501 -0.06554049129377419 -0.04587421934998687 0.004492240648374127
502 -0.0655538633113105 -0.04585510882074123 0.0262718198610089
503 -0.05298649750957531 -0.05993689249258565 0.01539923642283529
504 -0.05296772166882903 -0.05995348581369944 -0.006378139813897482
505 -0.03745515367943868 -0.07069025012581036 0.004566456344476902
506 -0.03748782680839832 -0.07067292863030039 0.0263174257820827
507 -0.01987922703190055 -0.07749074998097615 0.01539784194704193
508 -0.01988610704371497 -0.07748898467941047 -0.006303681125003277
509 -0.001255154526140789 -0.07999015306345843 0.004579180062451477
510 -0.001267523633656504 -0.07998995801872959 0.02625295291373714
511 0.01741128059061848 -0.07808231110946161 0.01546843812698115
512 0.01739723357256612 -0.07808544207482966 0.03707142044102593
513 0.03505781215105589 -0.07190931655342914 0.02628884491135362
514 0.03508023152649311 -0.07189838215180951 0.004718245241303209
515 -0.02302944228110229 0.07661360706964121 0.04777945795663104
516 0.03504056457316796 -0.07191772267246542 0.0478848688370835
517 0.05077283873201809 -0.06182328725563276 0.03709016900553153
518 0.01417141152555592 0.07873481501453687 -0.01727337491142308
519 -0.001224410847436197 -0.07999062956419759 -0.01711509816265
520 0.01432591566519589 0.07870684938652858 0.0474806678795338
521 -0.05536966848399007 0.05774253035651483 -0.01735814967493544
522 -0.001275743702731043 -0.07998982734076217 0.0479258301578971
523 -0.02308096833722836 0.07659809984990398 -0.01735505635994038
524 -0.05531787433715385 0.05779215153304864 0.04789561348709563
525 -0.07555319471532088 0.02630047087618032 0.04794593337309379
526 -0.07557475810222419 0.02623844389041201 -0.01735833420529462
527 -0.07961775678089029 0.007811069400472524 -0.02822831597809846
528 -0.02002836044384947 -0.07745233875055837 -0.0260361051976008
529 0.03224922210535936 0.07321193668794182 -0.02531035359610374
530 0.01418422670959703 0.07873250734385864 -0.03892685606133203
531 0.05089534599471231 -0.061722473671091 0.05681803065561415
532 0.03502365933603391 -0.07192595697460996 0.06948452820693936
533 -0.001191873909155159 -0.07999112098592365 -0.03882717237175164
534 0.01732168982648219 -0.07810223467708939 -0.02620083223519822
535 0.06366208823162511 -0.04844727569212515 0.04786671279087935
536 0.06371547502541035 -0.04837704251281087 0.02642555634285611
537 -0.07558009198776727 0.02622307562282956 -0.03913061334397058
538 -0.07961627975694353 0.007826109995655804 -0.04612722821828603
539 0.07307989110057216 -0.03254734269842186 0.03713636550416236
540 -0.07923225998516624 -0.01105662596107083 -0.03909822461618187
541 0.06354739677405716 -0.04859761684733676 0.06714550490206263
542 0.05078312605633238 -0.06181483727994967 0.01552212000336518
543 0.05079135948484649 -0.06180807230193395 -0.006054832340830152
544 0.06371881161209179 -0.0483726477127597 0.00472586464601836
545 0.06366788148769843 -0.04843966212586941 -0.01682470870214162
546 0.05092592037645049 -0.06169724980751918 -0.02602867735314131
547 0.07308846377603119 -0.03252808729175106 -0.006035625475589529
548 0.06358018707385334 -0.04855470946935852 -0.03612957830696503
549 0.01737227767604528 -0.07809099799814559 -0.005461588243882237
550 -0.0792355397377342 -0.01103309759178924 -0.01732243096132194
551 -0.06733312398183182 0.04320012054204555 -0.006479634581510782
552 -0.06723915877825838 0.04334622851866308 -0.02608570462807426
553 -0.05505881283268496 0.05803901385667546 -0.0382707115049149
554 -0.07962677460096412 0.007718598748947628 0.03546167288765484
555 -0.07925086535439337 -0.01092246952752962 0.04846245752831117
556 -0.07453275539895628 -0.02906661955988955 0.03546738162887875
557 -0.06556722554332546 -0.04583600042052851 0.04805290103293773
558 -0.0531089840713712 -0.05982838633046057 0.03609229040111168
559 -0.0373208684327615 -0.07076123783134737 0.04489066889785524
560 -0.04016389200920873 0.06918715038699469 0.0357262544331861
561 -0.07439063966644373 -0.02942843403950215 -0.02658721738463397
562 -0.0655145266708836 -0.04591129267500624 -0.01721480242100032
563 -0.06552451014607424 -0.04589704315222293 -0.0390694313486942
564 -0.0529591404245906 -0.05996106608031993 -0.02815830441206307
565 -0.05325620899384267 -0.05969737183163217 -0.04646838443533649
566 -0.04030395723386349 0.06910565122543093 -0.0281919032675786
567 -0.04010067558892225 0.06922380961282047 -0.04742794577134546
568 -0.004545110566042911 0.07987078295561177 -0.006446377238908757
569 -0.03748309145241044 -0.07067544025452006 -0.01715311940064151
570 -0.01984336119328339 -0.07749994204225506 0.03696616192122079
571 -0.03744635587958267 -0.07069491092956864 -0.03905932150317984
572 0.03551485556854308 -0.0716846917685047 -0.01575697090314612
573 0.07798236475770548 -0.01785359310604381 -0.04572161288196502
574 0.07791201934007652 0.01815811780861499 0.07832469433385307
575 0.07217594898982434 0.03450554140161079 0.06364799973219114
576 0.07798065872322592 -0.01786104322518059 0.07602225930787092
577 0.07790979495835913 0.01816765944051236 0.03612318446471612
578 0.01718540509841215 -0.07813233550588047 0.05692222763256589
579 -0.001227403477261935 -0.07999058370023315 0.06961086349370076
580 -0.02008469708568643 -0.07743774882430544 0.05560418928027309
581 -0.02312552599053533 0.07658465934938324 -0.03904944485925375
582 -0.004704445603218321 0.07986155640586001 -0.02669471230963155
583 0.06208331424964419 0.05045455471788377 -0.06142746138004682
584 0.05486925851492651 0.05821824859974891 -0.04686907161731474
585 0.06837504700904877 0.04153134896087979 -0.0472008138284632
586 0.04611377645251168 -0.06537216243392734 -0.06116124557324062
587 0.0368049683038572 -0.07103093909101911 -0.04236725613962936
588 0.03214737938800519 0.07325671299262382 0.03678182537916343
589 0.03221607003644981 0.07322653092565946 0.05845992959343664
590 0.01403868373619521 0.07875858911226818 0.06656935236881258
591 0.0320015450884828 0.07332053676801474 0.07717806293841341
592 -0.007569804103328717 0.079641057663979 0.07315661754292098
593 0.04845902203875918 0.06365314747164552 0.06922187748665744
594 0.04830164688296744 0.06377265015971284 0.04755068551440204
595 0.06163848042478748 0.05099703649157559 0.03644382551520514
596 0.0480206373719149 0.06398451677081771 -0.01346622316592468
597 0.04563001283147324 -0.06571074439541519 0.09069098751876502
598 0.02614068817588902 0.07560862663539748 -0.06183772315008464
599 0.02719876721610461 -0.07523448053867425 0.09061126662586767
600 0.005484606555344145 -0.07981177288428742 -0.06116124557324064
601 -0.01531635506981165 -0.07852012014366416 -0.06042115231704725
602 0.005481630633482915 0.0798119773317142 -0.06115955403149706
603 0.07182807795133804 0.03522395800895332 -0.01409443087226053
604 -0.01551442806438589 -0.07848122400826198 0.09252392480857975
605 -0.06835355236371926 0.0415667160028344 0.09114691454394601
606 -0.06205690325635277 0.05048703554608523 0.07229382908789485
607 -0.04686195083759765 0.06483793306155419 0.07083605368786557
608 -0.03704396886153941 0.07090658905197245 0.0909004579495855
609 -0.07347884199375627 0.0316363679845933 0.06921594753855163
610 -0.07925414815183057 0.01089862379971396 0.07229352581066002
611 -0.07999999999954503 2.698047147568648e-07 0.09114808622321645
612 -0.07925396659139691 -0.01089994401498198 0.06762779361001921
613 -0.07337737985561282 -0.03187099191310346 0.07229450621877072
614 -0.06835370201690578 -0.04156646990765574 0.09115515329117981
615 -0.06221125973737083 -0.05029671124327498 0.06916377769910322
616 -0.05482387997133637 -0.05826098338415258 0.09020995683746293
617 -0.06835355236371882 -0.04156671600283512 -0.06114691454394602
618 -0.04627128381833954 -0.06526077147722566 0.07515867545294024
619 0.07186397239146992 0.03515066816033585 0.04446325993799403
620 -0.05484015228962216 0.05824566676458472 -0.06133036738126584
621 0.06183691783711975 0.05075623698034855 0.05474409113115249
622 -0.01625730754052168 0.07833070886652882 0.09172012683291443
623 0.07290933735960611 -0.03292762557159483 -0.06180250184983171
624 0.07277554686366554 0.0332222783489396 0.08831486789345848
625 0.07290748708770418 -0.03293172219238234 0.0918050581252756
626 0.07784515610197827 0.01844265901269755 -0.04284411223895582
627 0.04735991804219657 0.06447509723169423 0.08825607526483807
628 -0.02755353858217434 0.07510527619016276 0.06824570356847039
629 -0.07661838360964036 0.02301354585990593 -0.05944248402858264
630 0.06205420922907047 0.05049034676999897 -0.02600099986715727
631 -0.06794922718840905 0.04222443042242219 0.05338470212803854
632 -0.0541925900776801 -0.05884864637927136 0.05622586790080712
633 0.07165787778819965 -0.03556892676046667 0.01557952503708872
634 -0.03901599997218716 0.06984090310248209 0.05301108741099926
635 0.07858877648322912 -0.01496008726141174 0.03611111111111119
636 0.0716779224248304 -0.0355285158268678 0.05869866272909922
637 0.03680520301845435 0.07103081747220961 -0.04601736445075563
638 0.07859642255185914 -0.01491986467933302 -0.006111111111110998
639 0.07167257595574544 -0.03553930016007491 -0.02752823365151477
640 -0.02679036897367931 -0.07538087376950549 0.0760400591359482
641 -0.002981244543798304 0.07994443183217999 0.05282228388282363
642 0.0162792934384118 -0.07832614253967882 -0.04632769865612924
643 -0.005439771572188464 0.07981484125926963 -0.0464484511752162
644 -0.07376699898163516 -0.03095851839548265 -0.04391923028995439
645 0.01627648104421004 -0.07832672701458597 0.0767436260051745
646 -0.07976615296257066 0.006112351556625454 0.05270214433105484
647 -0.07507485217522095 -0.02763632701479564 0.0519359290267697
648 0.05252269207342052 -0.06034373884141294 -0.04527736137867343
649 -0.07992110957407025 -0.003551935310426837 -0.06099397880507888
650 0.05235593145788982 -0.06048848188851116 0.07357827155667569
651 0.07240709120871684 -0.0340178356556169 -0.04463386774819173
652 0.02745383779429824 0.07514177792922098 0.09529837978447518
653 -0.02211643206965721 -0.07688213987987222 -0.04340371210048944
654 -0.03680520301849242 0.07103081747218989 -0.06673261964331265
655 0.06213303166893398 0.05039331677541425 0.07419796672744704
656 0.07835738299404066 0.01612825255026809 -0.06246778241143813
657 -0.05460425145749191 -0.05846687714225032 -0.06690140479427099
658 -0.06602714358923702 0.04517096755047736 -0.04297082529432889
659 0.07260467851505847 -0.03359405688101701 0.07517951832822962
660 0.0784924946242464 -0.01545730531699012 -0.06466156342729971
661 0.07849249462424737 0.01545730531698514 0.09466156342729722
662 0.07849334055712996 -0.01545300903327299 0.09466605550131342
663 0.04526161167552114 0.06596504004800065 -0.03242184215606023
664 0.07303149886604128 0.03265578315366837 -0.03018437978865786
665 -0.03515771253002897 -0.07186052636639843 0.06341055641028372
666 0.03482403574063261 -0.0493344191958561 0.11
667 -0.0427259718778292 0.04441227153294303 0.11
668 0.04684293303582149 0.03810955270347355 0.11
669 -0.04163628540702772 -0.04363129877810025 0.11
670 0.06047879481686398 -0.007646988907322726 0.11
671 -0.06092814258330671 -0.002323683825498308 0.11
672 0.005297645713839122 0.05873201162505921 0.11
673 0.004120959482930262 -0.06024629511926315 0.11
674 0.02142580118212511 -0.06055482358600273 0.11
675 0.01571450868968831 -0.0434320012019634 0.11
676 0.03025905245595381 -0.02821254955319315 0.11
677 0.01030507549923009 -0.02208931832944769 0.11
678 0.02607809672856857 -0.006911620703148992 0.11
679 0.006255704654662993 0.0005093440464439547 0.11
680 -0.01023949772846942 -0.01368424166040003 0.11
681 -0.0141221746939609 0.008136607416680899 0.11
682 0.002312779984547746 0.02183985200923607 0.11
683 -0.006809214785694868 -0.03969481158957883 0.11
684 -0.02959411614783823 -0.005884527605661141 0.11
685 -0.03513954978429155 0.01979115199778618 0.11
686 -0.0267763657890057 -0.02741403178583843 0.11
687 -0.04692822908001038 -0.01950895448129598 0.11
688 -0.0149163021481716 0.02697455381137471 0.11
689 0.02248155049262504 0.0138608997386876 0.11
690 0.02194568407709572 0.03827168965560391 0.11
691 0.0437692092105679 0.007362398137050431 0.11
692 0.04868147435020519 -0.03609643809338303 0.11
693 -0.004573634481878187 0.04104820451859304 0.11
694 -0.01540339609030798 0.05865895201665407 0.11
695 0.02375734770242924 0.05689792284092005 0.11
696 -0.01513810321923902 -0.05983757236871397 0.11
697 0.04374295369490419 -0.01510400284889575 0.11
698 0.06418568563520988 0.009677914556890994 0.11
699 -0.05572905455260434 0.03388958881563717 0.11
700 -0.0540456122486568 0.01616323320852178 0.11
701 -0.02420349899100571 -0.04535355996285056 0.11
702 0.03766783866392959 0.02369872471496633 0.11
703 -0.0565500974937923 -0.0343888760886811 0.11
704 0.0563087669828453 0.023666507967963 0.11
705 -0.0637698365136686 -0.0186077750674648 0.11
706 0.06054696916694826 -0.02439897741690499 0.11
707 0.03757341549572824 0.05255558243674304 0.11
708 -0.04532712996882074 0.001647443858770505 0.11
709 -0.03093536374290784 -0.05830701614124878 0.11
710 -0.02419385387030662 0.04142846611939005 0.11
711 -0.03143665060857642 0.05722992579390093 0.11
712 0.03482403574063261 -0.0493344191958561 -0.08
713 -0.0427259718778292 0.04441227153294303 -0.08
714 0.04684293303582149 0.03810955270347355 -0.08
715 -0.04163628540702772 -0.04363129877810025 -0.08
716 0.06047879481686398 -0.007646988907322726 -0.08
717 -0.06092814258330671 -0.002323683825498308 -0.08
718 0.005297645713839122 0.05873201162505921 -0.08
719 0.004120959482930262 -0.06024629511926315 -0.08
720 0.02142580118212511 -0.06055482358600273 -0.08
721 0.01571450868968831 -0.0434320012019634 -0.08
722 0.03025905245595381 -0.02821254955319315 -0.08
723 0.01030507549923009 -0.02208931832944769 -0.08
724 0.02607809672856857 -0.006911620703148992 -0.08
725 0.006255704654662993 0.0005093440464439547 -0.08
726 -0.01023949772846942 -0.01368424166040003 -0.08
727 -0.0141221746939609 0.008136607416680899 -0.08
728 0.002312779984547746 0.02183985200923607 -0.08
729 -0.006809214785694868 -0.03969481158957883 -0.08
730 -0.02959411614783823 -0.005884527605661141 -0.08
731 -0.03513954978429155 0.01979115199778618 -0.08
732 -0.0267763657890057 -0.02741403178583843 -0.08
733 -0.04692822908001038 -0.01950895448129598 -0.08
734 -0.0149163021481716 0.02697455381137471 -0.08
735 0.02248155049262504 0.0138608997386876 -0.08
736 0.02194568407709572 0.03827168965560391 -0.08
737 0.0437692092105679 0.007362398137050431 -0.08
738 0.04868147435020519 -0.03609643809338303 -0.08
739 -0.004573634481878187 0.04104820451859304 -0.08
740 -0.01540339609030798 0.05865895201665407 -0.08
741 0.02375734770242924 0.05689792284092005 -0.08
742 -0.01513810321923902 -0.05983757236871397 -0.08
743 0.04374295369490419 -0.01510400284889575 -0.08
744 0.06418568563520988 0.009677914556890994 -0.08
745 -0.05572905455260434 0.03388958881563717 -0.08
746 -0.0540456122486568 0.01616323320852178 -0.08
747 -0.02420349899100571 -0.04535355996285056 -0.08
748 0.03766783866392959 0.02369872471496633 -0.08
749 -0.0565500974937923 -0.0343888760886811 -0.08
750 0.0563087669828453 0.023666507967963 -0.08
751 -0.0637698365136686 -0.0186077750674648 -0.08
752 0.06054696916694826 -0.02439897741690499 -0.08
753 0.03757341549572824 0.05255558243674304 -0.08
754 -0.04532712996882074 0.001647443858770505 -0.08
755 -0.03093536374290784 -0.05830701614124878 -0.08
756 -0.02419385387030662 0.04142846611939005 -0.08
757 -0.03143665060857642 0.05722992579390093 -0.08
758 0.02243098258762771 -2.168404344971009e-19 0.04
759 0.01819947633445914 4.026326540157617e-06 0.04
760 0.0167774868524773 2.01316327007883e-05 0.04
761 0.02243098258762771 -2.602085213965211e-18 0
762 0.00927001049756007 0.00175 0.0271733415518795
763 0.006777591543506431 0.00175 0.01660590376664171
764 0.003888751700071269 0.00175 0.02309557410013709
765 0.01415443172871956 0.00175 0.02070236612122352
766 0.01354706115321194 0.00175 0.01256401864673055
767 0.007586944037157277 0.00175 0.00776957018630361
768 0.01259645203938518 0.00175 0.02611019967719749
769 0.005586587593289854 0.00175 0.02677458214916269
770 0.01778431826138771 0.00175 0.03500000000000001
771 0.008905201007647301 0.00175 0.02279214780339598
772 0.01399789225042731 0.00175 0.005941069307445392
773 0.01703839420383364 0.00175 0.03808855085752252
774 0.0164400263914255 0.00175 0.02741320541084794
775 0.002639946204444207 0.00175 0.02709865701648561
776 0.01678855377491783 0.00175 0.03154930774883626
777 0.00927001049756007 -0.00175 0.0271733415518795
778 0.006777591543506431 -0.00175 0.01660590376664171
779 0.003888751700071269 -0.00175 0.02309557410013709
780 0.01415443172871956 -0.00175 0.02070236612122352
781 0.01354706115321194 -0.00175 0.01256401864673055
782 0.007586944037157277 -0.00175 0.00776957018630361
783 0.01259645203938518 -0.00175 0.02611019967719749
784 0.005586587593289854 -0.00175 0.02677458214916269
785 0.01778431826138771 -0.00175 0.03500000000000001
786 0.008905201007647301 -0.00175 0.02279214780339598
787 0.01399789225042731 -0.00175 0.005941069307445392
788 0.01703839420383364 -0.00175 0.03808855085752252
789 0.0164400263914255 -0.00175 0.02741320541084794
790 0.002639946204444207 -0.00175 0.02709865701648562
791 0.01678855377491783 -0.00175 0.03154930774883626
792 0.01429035631846988 0.004559135476290196 0.03278237220964032
793 0.01428783984280793 -0.004567015724329212 0.03303253089990341
794 0.01457709373631525 -0.003536712909281544 0.05689882774881044
795 0.01460702925755087 0.003410967057749603 0.0575428846157055
796 0.009131421435130828 0.01190030010436851 0.05661125896708911
797 0.009131421435130745 -0.01190030010436858 0.05661125896708909
798 -0.001875137143107784 0.01488233384568891 0.05670275322071297
799 -0.001890290891659798 -0.01488041667242245 0.05714308692876772
800 -0.01168380275888695 0.009406846075674121 0.05605427394534578
801 -0.01190030010436861 -0.009131421435130698 0.05661125896708913
802 -0.015 8.498308346471969e-18 0.03340434826307016
803 -0.007436804556185931 0.01302666258076458 0.03340434826307016
804 -0.007296366014176128 -0.01310584003363293 0.03324298990872903
805 0.003979861045345248 0.01446238936205714 0.03355817177646749
806 0.003955679764928277 -0.01446902199864721 0.03287122805652915
807 0.01459725771958219 -0.003452545013189275 0.04683426011523829
808 0.01457401569366977 0.003549375516998356 0.04534363592090844
809 0.01440586685591538 0.004179832548038095 0.03822518938865047
810 0.01448072045294116 -0.003912637877924749 0.03833333333333333
811 -0.01487416870409431 -0.001938841242118992 0.05697035852089129
812 -0.01305239210341953 0.007391553312977682 0.03294304336046398
813 -0.01306043192519941 -0.0073773381329062 0.03349051771909582
814 0.01072190111515932 0.01049003510369461 0.03340434826308433
815 0.01072190111515931 -0.01049003510369463 0.03340434826308433
816 0.01339177546187987 0.006757244259207462 0.05599910397255647
817 0.013398175312774 -0.006744545817782944 0.05551466510673789
818 0.01459999999999981 -0.00344093010681784 0.05
819 0.01372635752536661 -0.006048727889879943 0.04800000000000528
820 0.01364888312970254 -0.006221574504232936 0.04518345323330696
821 0.01236222255182311 -0.008495613784724214 0.04679604041339538
822 0.01223354637578923 -0.008679881512521593 0.04342505914488178
823 0.01045251540713329 -0.0107584813827808 0.04521129966894781
824 0.01029648111554098 -0.01090790890305323 0.04189139183977428
825 0.008052290198506874 -0.01265545821213243 0.04377589719938475
826 0.008240485410417794 -0.01253373049816739 0.04719831040764771
827 0.005359703854241669 -0.01400976711422524 0.04566702803717014
828 0.005604449487470261 -0.0139136675949368 0.04930078042281968
829 0.002395899389732836 -0.01480741929285039 0.04771413454672124
830 0.002150282016648237 -0.01484507619545549 0.04401940033347919
831 -0.0009869263014920468 -0.01496749733507319 0.04608492544239713
832 -0.001232274773600956 -0.01494929760498287 0.04229450446264525
833 -0.004364556103921816 -0.01435098080326633 0.04440332003720825
834 -0.004120077153811587 -0.01442307055542057 0.04823176415122032
835 -0.007323341293007886 -0.01309078577878828 0.04653870015819582
836 -0.007537994646172916 -0.01296837062680846 0.04267964254846288
837 -0.01014456094757983 -0.01104933858567282 0.04482294311964378
838 -0.007092603519077497 -0.01321722267805039 0.05040365199230894
839 -0.01032502148361037 -0.01088089754399812 0.04093691293869672
840 -0.01242732458639107 -0.008400095453295753 0.04309292710262639
841 -0.01228526720394834 -0.008606521348814004 0.04698888606048345
842 -0.01394676827125407 -0.005521562712488252 0.0452568862352592
843 -0.01403676966905311 -0.005288581781342777 0.0413538158602367
844 -0.01484790207050217 -0.002130681605678622 0.04352054669516305
845 -0.01481011006485863 -0.002379209924906396 0.04742860160555479
846 -0.01495747819355055 0.001128647903227526 0.04567279531773047
847 -0.01493732945771644 0.001369740366506191 0.0417711341387541
848 -0.01428445618949657 0.004577587942394226 0.04395206830847571
849 -0.01435948276585909 0.00433650258814587 0.04786432791609983
850 -0.01295662881446181 0.007558159151821165 0.04612548174391666
851 -0.01282741681124029 0.00777543426123004 0.04221251095388372
852 -0.01090198658329913 0.0103027515032425 0.04362077610085935
853 -0.01101010892381656 0.01018712429911872 0.04759868832740102
854 -0.008348617659559186 0.01246196546193643 0.04649824247441021
855 -0.008140105654560541 0.01259915393717338 0.0425216800653205
856 -0.005209725383583795 0.01406622769002559 0.04482280683636153
857 -0.004971043542089603 0.01415233995149386 0.04090644544218232
858 -0.00178956929472853 0.01489286546435456 0.04308302289688531
859 -0.002041835344039092 0.01486038049404633 0.04699970484591291
860 0.001473867875256263 0.01492741482930945 0.04532856793322979
861 0.001208605652516776 0.01495122979479295 0.04914858481742967
862 0.004608309022273501 0.01427457487826635 0.04735137454690445
863 0.004855393759924822 0.01419243289348528 0.04360846123731322
864 0.007705790934065514 0.01286937395837395 0.04556747161728203
865 0.007901355495561068 0.01275023848140759 0.04201677289885169
866 0.01028264744902587 0.01092095057396754 0.04406233003225946
867 0.01013029980613257 0.01106241500929478 0.04760504902563444
868 -0.008560465422963555 0.01231740361205418 0.05033297660084884
869 0.0104331268722438 0.01077728461476565 0.04078538488938885
870 0.01217997838953437 -0.008754891571600169 0.04032453640759764
871 0.01228649178474481 0.008604773072161646 0.04247065432944602
872 0.007907808963153382 -0.01274623698988337 0.04036839899745018
873 0.01243682483736151 -0.008386023370155116 0.04980912994860705
874 -0.00153732523393489 0.01492101307301575 0.03916532407736947
875 0.004357946618533982 0.01435298927993776 0.05126488422806814
876 0.01243378432763059 0.008390530811216174 0.03901377663693575
877 0.008174647590616878 0.01257676972712873 0.03891751275390041
878 0.001960772982107556 -0.0148712934646801 0.04021038682021037
879 -0.001442953603485189 -0.01493043485295017 0.03902032523657557
880 0.002653913489425506 -0.0147633581271554 0.05094568882218031
881 0.01446558864251888 -0.00396821688235772 0.04391305593353768
882 0.008516897887898127 -0.0123475686014339 0.05023698147955384
883 -0.002267230040050768 0.01482766562697889 0.05035848180366177
884 0.01365330433136012 0.006211866131466688 0.04168907652082675
885 -0.007917004806283842 0.01274052726135298 0.03872941073085361
886 -0.007736259388476062 -0.01285108130369643 0.03878708401398012
887 -0.01049884304291818 -0.01071327656509289 0.03703764192369116
888 0.01360896497101096 0.006308412828738821 0.04429990396352818
889 0.0144780206477266 0.003922616234606964 0.04272837741893493
890 0.01363344541485697 0.006255331016030681 0.04717385463124485
891 0.01447356890793718 0.003939010417248742 0.04906043622750777
892 0.01340331937695625 0.006734317313529937 0.0504167514611636
893 -0.003915427675384272 -0.01447996637146768 0.05174847279105998
894 -0.00686615401942258 -0.01333626368146518 0.05370740743121042
895 -0.009725052607488899 -0.01142030436466443 0.05134065692531413
896 0.01459019579921176 -0.003482267442437976 0.05390132973282716
897 0.01440132929861619 0.004195439718649157 0.0524558635891722
898 -0.01118524702969365 0.009994510937746242 0.05221412050422583
899 -0.008757368241981615 0.01217819779254434 0.05396926400568293
900 -0.0133547659571371 0.006830097087896484 0.05374129919272875
901 0.01350749528382677 -0.006522849926021411 0.04164722417146254
902 0.01349342746463339 -0.006551901651938713 0.03895115215246799
903 0.01226392204673588 -0.008636910097458792 0.03808153065172885
904 0.01351774014361194 -0.006501592221124161 0.03593054524244248
905 0.01048492874701216 -0.01072689466574917 0.03893463753431531
906 0.008111114980897439 -0.01261783712712528 0.03675430261513879
907 0.007537294435128065 0.0129687776061658 0.03302593070220156
908 0.01069815897919343 0.01051424721299166 0.03731600049091943
909 0.01249210591533078 0.008303450475564829 0.03596625779938354
910 0.007475207369502053 0.01300466357823001 0.04945065042509596
911 0.0100539617097496 0.01113183964755552 0.05127676293605524
912 0.007474949966154739 0.01300481153279367 0.05314538774003257
913 0.004355276384862451 0.01435379976213474 0.05405121252559526
914 0.0010900621703679 0.01496033971755765 0.05326568458820909
915 0.001777631345292336 0.01489429510920991 0.04144571607412531
916 0.002030951169283961 0.01486187193283484 0.03752729773795135
917 -0.001269567760500818 0.01494617669176626 0.03619010948906307
918 -0.004668883624860809 0.01425487725999444 0.03689403812908581
919 -0.01037233108301791 0.01083580859485163 0.03571377783136295
920 -0.01094923650783907 0.01025252261130909 0.0396608092507513
921 -0.01307209573781539 0.007356650937851318 0.03903634276806863
922 0.005184091343879894 -0.01407569525594773 0.03896663150933608
923 -0.005445136529698164 0.01397678389948656 0.04873632693975515
924 -0.005700456450666554 0.0138746097694333 0.05245493126108377
925 -0.009971949166562511 -0.01120536611715535 0.04806386128097609
926 -0.01252826769246453 -0.008248788312591697 0.03952064627518781
927 -0.01412020420015841 -0.005061603831378836 0.03744591253501102
928 -0.01488126314939212 -0.001883615427454401 0.0396115394734525
929 -0.01491130174260051 0.00162882790408289 0.03786644250181354
930 0.00522885115232726 0.01405912926275329 0.03997133314699265
931 0.01225422925718616 0.008650656929524068 0.04561228305269328
932 -0.00459666294538009 -0.01427832937589582 0.04068857630055873
933 -0.01213218140726294 -0.00882100755590105 0.05033331813393425
934 -0.0138511334895765 -0.005757265067194004 0.04901257211062561
935 -0.01373732645925625 -0.006023774709583525 0.05306695399677012
936 -0.01476527768533677 -0.002643212983264134 0.05082644150903959
937 -0.0149750834085073 0.0008642204049021596 0.04955270307114962
938 -0.01498823232590895 0.0005940469211921782 0.05354221462028928
939 -0.005937636942441849 0.0137747764969073 0.05652579830706413
940 -0.01448436322250019 0.003899130933770245 0.03340390807430919
941 -0.01447658909643635 -0.003927896145895443 0.03364906803993926
942 -0.003794230979467576 -0.01451219526034736 0.03340434826307041
943 0.0001501041458759377 -0.01499924893937662 0.03313422673996121
944 0.001846546286824095 -0.0148859083300488 0.05702527090340669
945 0.005775372949982789 -0.01384359300501886 0.05603022883978299
946 -0.000705980279571553 -0.0149833771842284 0.04954074977315916
947 0.0137116364745714 -0.006082024760653571 0.05198914780968585
948 0.01208625722023684 -0.008883827238655247 0.05322050713056801
949 0.007990290020204377 -0.01269469437966201 0.03398610504084141
950 0.01369437973158234 0.006120781303659437 0.03741462653545976
951 0.01429034069598975 0.004559184443794658 0.035
952 -0.01055431808658406 -0.01065862888589356 0.03400193591297326
953 0.005082592311518808 -0.01411266294484814 0.04209760167355047
954 0.005903420756368747 -0.01378947509418958 0.05295360114240619
955 0.01436789897767423 -0.004308535594299729 0.04101338824168554
956 -0.01303045142754408 0.007430163900911907 0.04988203134960553
957 0.002036228945750724 -0.01486114974288621 0.03653320993839047
958 -0.01385819298766935 -0.005740251485476228 0.05680724282121716
959 -0.009320903172369393 -0.01175247905981177 0.05607454779601893
960 0.01266037516587925 -0.008044557207154912 0.03394962950815798
961 -0.004870402987419024 -0.01418728919632429 0.03690822668508535
962 0.005639054694833369 0.01389967849083847 0.03647570254764351
963 -0.01450785016518971 0.003810811407614521 0.05180064582727273
964 -0.01450544227152269 0.00381996655842987 0.05510977115299143
965 -0.0003519055105933483 -0.01499587151557435 0.05339214846995831
966 0.01056272725236258 -0.01065029544154513 0.04828186825085456
967 -0.004102014916728866 0.0144282179642163 0.03322282866716045
968 -0.01427887657200002 0.00459496287706321 0.0403856852126047
969 0.01329897432881374 0.006938103617095465 0.03334764547638064
970 0.01206632565875549 0.008910880152760375 0.04868474385388116
971 0.01155268337528562 -0.009567419026592243 0.05635585193337102
972 0.01160052197299325 0.009509358020082154 0.05668548412004022
973 0.01208412100309226 0.008886732784472842 0.05332618333192346
974 0.001501321663698864 0.01492467866528819 0.05687304216638261
975 0.0144269974223802 -0.004106305562745567 0.03577440100488762
976 0.01439644668191638 0.004212163688027669 0.04046776352337749
977 -0.01486953537289154 -0.001974061243813712 0.03620004734980073
978 0.0148980962782483 -0.001745487692321047 0.04186532694751111
979 -0.005740251485476502 -0.01385819298766924 0.0573507981407483
980 -0.01426570758846267 0.004635686249141392 0.03662874352201848
981 -0.01056788629698405 0.01064517633550599 0.03251958150682802
982 -0.009131421435130778 0.01190030010436855 0.05752192381793943
983 -0.01354146236499462 0.006452038206445639 0.05705581525451821
984 0.008879294543208972 0.012089587603179 0.0358128610229864
985 0.01082289891973962 -0.01038580083446139 0.03597598942369521
986 0.0008523016897149235 0.01497576648554955 0.03351917398590004
987 -0.01496012092700031 0.001093060771195899 0.05710757849899312
988 0.01459716325541536 0.003452944380489152 0.05507442551756437
989 0.01068001120336484 -0.01053268060353116 0.0507760711048902
990 0.009363234217859735 -0.01171878171916776 0.0536568245863531
991 0.00658025906269004 0.01347962131025518 0.05711054864258569
992 -0.01239676839736303 -0.008445124824544702 0.03666943519925549
993 0.01474086743785454 0.00277611728491428 0.04153174690377349
994 -0.002941264744101148 0.01470880558390475 0.05364782152907637
995 0.01025275737112295 0.01094901668136842 0.05413954493398146
996 0.005670607199875816 -0.01388683599617697 0.03599068225463681
997 0.0138826530709566 0.005680840053324807 0.03938855139645928
998 -0.01165136096564878 -0.009446998869913969 0.05370099142346758
999 -0.00185788684262675 -0.0148844971859984 0.0355617121374433
1000 0.003278929879202398 -0.01463723398895002 0.05389909237796564
1001 0.01345824362772526 0.006623871862950893 0.05310792271287929
1002 -0.01462997552378513 -0.003311165379960333 0.0539423398028825
1003 -0.004257841666450385 -0.01438300331444859 0.05494266675918982
1004 0.01480547575367681 -0.002407880334918696 0.04427131985708108
1005 -0.01224475956264495 0.008664055820054199 0.03604580292919045
1006 -0.0083309432082173 -0.01247378792754863 0.036109286566473
1007 0.01467101198638097 -0.003124325094394943 0.04012620823891832
1008 0.01487798589460814 0.001909328604468369 0.04235471831119999
1009 0 -2.168404344971009e-19 0.02261659202991324
1010 0 8.673617379884035e-19 0.02781156441656414
1011 -0.002959854231267232 6.06929131676654e-07 0.03
1012 -0.003050235023637535 -0.003533162035966265 0.03
1013 -0.002956834573234892 0.00354493703385541 0.03
1014 -7.968712326491463e-05 -0.005461500470384601 0.03
1015 -6.412038153113926e-05 0.005463462970032791 0.03
1016 -0.005961105009303491 -0.001303258295010257 0.03
1017 0.005639554471171102 0.004862663258464978 0.03
1018 0.005633293582989928 -0.004897885690017827 0.03
1019 -0.010235040361175 0.005704703960172379 0.03
1020 -0.003058764999808034 0.007232009512155768 0.03
1021 -0.003056197171069576 -0.007268573113034209 0.03
1022 0.002828964920430439 -0.01132260180416985 0.03
1023 0.002827568006433304 0.01132402267410411 0.03
1024 -0.01185807450099096 5.799508921145017e-05 0.03
1025 -0.01032714984589047 -0.005650274924894579 0.03
1026 0.009704951211074621 -0.005339812877504849 0.03
1027 0.009679406292478682 0.005323626062588563 0.03
1028 -0.002868506836930192 0.01107990081986759 0.03
1029 -0.002867573966483145 -0.01109156913306768 0.03
1030 0.007570698600530076 0.008168628415670448 0.03
1031 0.007575309519596344 -0.008175775753481053 0.03
1032 -0.006510914563917971 0.005434790486275458 0.03
1033 -0.006045270233154852 0.009678839481810458 0.03
1034 -0.00865554717205361 0.001969483510144796 0.03
1035 -2.659720759331409e-05 -0.009089532518830979 0.03
1036 -0.005976805434202741 -0.009670676772599295 0.03
1037 -2.481901950145571e-05 0.009082057761414963 0.03
1038 -0.006655360951016401 -0.005411011756944536 0.03
1039 0.003335327584422133 -0.00755383859334076 0.03
1040 0.003336268043703823 0.00754996757930081 0.03
1041 3.030278991422592e-05 -0.01224877526659943 0.03
1042 3.019247064376474e-05 0.01224523082646306 0.03
1043 -0.01189337119827794 0.003092918794176576 0.03
1044 -0.01197731693599144 -0.003094054627525217 0.03
1045 -0.005493325382077084 0.00175329010067058 0.03
1046 -0.00923909240254106 -0.002238520167503057 0.03
1047 0.002554643245905581 -0.004291325204393886 0.03
1048 0.00255789583007653 0.004286020783544655 0.03
1049 -0.008982044941360311 -0.008479343812955738 0.03
1050 -0.008999916810612036 0.008468555726998899 0.03
1051 0.00592976296306049 -0.0109351197839467 0.03
1052 0.005921381479077637 0.01094364500355223 0.03
1053 -0.01060660171779821 0.004393398282201847 0.06
1054 0.01060660171779819 -0.004393398282201802 0.06
1055 -0.004393398282201902 -0.01060660171779817 0.06
1056 0.004431897727899956 0.01038607001708762 0.06
1057 -0.00435197521055816 0.01072051746706626 0.06
1058 -0.01067962457943973 -0.004508292303082716 0.06
1059 0.004393398282201717 -0.01060660171779823 0.06
1060 0.01089380006029809 0.004644681142782194 0.06
1061 0.01221469709802697 -0.001608095380228772 0.06
1062 0.008504856324519855 -0.001529956456143393 0.06
1063 0.006746421354364695 -0.004632225951412721 0.06
1064 0.004581730268302119 -0.00155078663518066 0.06
1065 0.002836248475462658 -0.004874158867362663 0.06
1066 0.0006676145169042013 -0.001764111655143131 0.06
1067 0.002403241294605972 0.001721889573428342 0.06
1068 -0.001507902941890557 0.001469813255008823 0.06
1069 -0.003239341047152313 -0.002041823356852383 0.06
1070 0.0001754341504825378 0.004891361529021223 0.06
1071 -0.003475836795304816 0.004544369286506427 0.06
1072 0.004248552579376772 0.005550775009374481 0.06
1073 0.006314022815809454 0.001680536744985519 0.06
1074 -0.0009487971017356207 -0.005184947580437811 0.06
1075 -0.004746604599582097 -0.006056423045671264 0.06
1076 -0.007257497672410955 -0.00234580995981225 0.06
1077 -0.005299776427296407 0.001124478819154362 0.06
1078 0.001511346569793398 -0.008613219476648497 0.06
1079 -0.009062326649207818 0.001329877988936799 0.06
1080 -0.001920239177212855 0.007884306001625742 0.06
1081 0.001539133954343718 0.008506085308642632 0.06
1082 0.007452248206137707 0.008338813108401762 0.06
1083 -0.001076713401715112 0.01148108431856813 0.06
1084 0.008874346156381958 -0.007430539912279158 0.06
1085 -0.007035273785949395 0.0044058654532184 0.06
1086 -0.008927043068746216 0.007418114252901999 0.06
1087 -0.01145479123008315 -0.001267182907861585 0.06
1088 0.01063738482302199 0.001429847903980915 0.06
1089 -0.001847882169864952 -0.008402555295304715 0.06
1090 -0.007533325971658754 -0.00871722385110562 0.06
1091 -0.001087061377851938 -0.0115648975585145 0.06
1092 0.005129259493002348 -0.007573461027787816 0.06
1093 -0.005368249398041445 0.007516224786312807 0.06
1094 -0.01215620416594769 0.001706457720923937 0.06
1095 0.00777294000691124 0.004746421470448113 0.06
1096 0.007312616802285602 -0.009920240543382568 0.06
1097 -0.007330804488330617 0.009910191817744423 0.06
1098 -0.007942604032181765 -0.005576824707767549 0.06
1099 -0.01000343675992981 -0.007355156211719083 0.06
1100 0.00191135258682045 -0.01216414175396895 0.06
1101 0.001951124011786065 0.01212636059075279 0.06
1102 0.01008001049860417 0.007161756696949931 0.06
1103 0.01497436983200952 -0.0008764976521378403 0.03165310397092268
1104 0.01497436983200952 -0.0008764976521378403 0.03834689602907732
1105 0.01497437554417909 -0.0008764000581306112 0.035
1106 0.01497436252973182 0.0008766223977081534 0.03833333333333333
1107 0.01497437554417909 0.0008764000581305524 0.035
1108 0.01497436983200952 0.0008764976521378352 0.03165310397092268
1109 0.001862195864429955 0 0.03
1110 0.009310979322149747 0 0.03
1111 0.01274207725436471 -6.143812310751191e-19 0.03
1112 0.005586587593289854 0 0.03
1113 0.005586587593289854 0 0.04
1114 0.00186219586442995 2.168404344971009e-19 0.04
1115 0.009310979322149754 -2.168404344971009e-19 0.04
1116 0.01274207725436472 -1.517883041479706e-18 0.04
1117 0.01201081556949145 -0.00175 0.03500000000000001
1118 0.002791154487018819 -0.00175 0.03488562277476374
1119 0.005286212417647158 -0.00175 0.0327958044442194
1120 0.005732016503734288 -0.00175 0.03653587810926007
1121 0.009077599808102977 -0.00175 0.03309507119995821
1122 0.009547775417807809 -0.00175 0.03712829139567138
1123 0.01241257261079794 -0.00175 0.03236253027450803
1124 0.002484994304641636 -0.00175 0.03236253027450803
1125 0.002449512543922601 -0.00175 0.0376176335101381
1126 0.01241257261079797 -0.00175 0.03763746972549197
1127 0.01201081556949145 0.00175 0.03500000000000001
1128 0.002791154487018819 0.00175 0.03488562277476374
1129 0.005286212417647158 0.00175 0.0327958044442194
1130 0.005732016503734288 0.00175 0.03653587810926007
1131 0.009077599808102977 0.00175 0.03309507119995821
1132 0.009547775417807809 0.00175 0.03712829139567138
1133 0.01241257261079794 0.00175 0.03236253027450803
1134 0.002484994304641636 0.00175 0.03236253027450803
1135 0.002449512543922601 0.00175 0.0376176335101381
1136 0.01241257261079797 0.00175 0.03763746972549197
1137 0 2.168404344971009e-19 0.03166666666666667
1138 0 2.168404344971009e-19 0.03833333333333332
1139 0 -2.168404344971009e-19 0.035
1140 0.001656562089920044 0.04970796778798103 0.0480303131043911
1141 0.001656562089920044 0.04970796778798103 0.0804181843996048
1142 0.001656562089920044 0.04970796778798103 -0.0167454369366169
1143 -0.03073131293058395 0.01732009276747704 0.0804181843996048
1144 0.03457860008538159 0.01726248947489296 0.08270574383863565
1145 0.03404444083571434 -0.01506778225302696 0.0804181843996048
1146 0.001656562089920044 0.01732009276747704 0.0804181843996048
1147 -0.03073131293058395 -0.01506778225302696 0.0804181843996048
1148 0.001656562089920044 -0.04745565727353096 0.0480303131043911
1149 0.001656562089920044 -0.04745565727353096 0.0804181843996048
1150 0.001656562089920044 0.04970796778798103 -0.0491333119571209
1151 0.03404444083571434 0.01732009276747704 -0.0491333119571209
1152 0.03404444083571434 -0.01506778225302696 -0.0491333119571209
1153 -0.03073131293058395 0.01732009276747704 -0.0491333119571209
1154 0.001656562089920044 0.01732009276747704 -0.0491333119571209
1155 0.001656562089920044 -0.01506778225302696 -0.0491333119571209
1156 -0.02263434417545795 0.05780493468046188 -0.04103634506464005
1157 -0.03073131293058395 -0.01506778225302696 -0.0491333119571209
1158 -0.006440406665205956 -0.05555262416601181 0.07232121378183365
1159 0.001656562089920044 -0.01506778225302696 0.0804181843996048
1160 0.001656562089920044 -0.04745565727353096 0.0156424380838871
1161 0.001656562089920044 -0.04745565727353096 -0.0167454369366169
1162 0.001656562089920044 -0.04745565727353096 -0.0491333119571209
1163 -0.006440406665205956 -0.05555262416601181 -0.05723027884960175
1164 -0.0550222173333168 -0.006970813497900963 -0.05723027884960175
1165 0.04214140772819519 -0.02316475100815296 -0.04103634506464005
1166 0.04214140772819519 -0.02316475100815296 0.07232121378183365
1167 0.009753530845046043 0.05780493468046188 0.07232121378183365
1168 0.001656562089920044 0.04970796778798103 0.0156424380838871
1169 -0.0388282835483551 0.02541706152260303 0.05612727999687195
1170 0.009753530845046043 -0.05555262416601181 -0.008648468181490898
1171 -0.02263434417545795 -0.05555262416601181 0.03993334621191025
1172 -0.006440406665205956 -0.05555262416601181 0.007545469328761101
1173 0.009753530845046043 -0.05555262416601181 0.007545469328761101
1174 -0.02263434417545795 -0.05555262416601181 0.007545469328761101
1175 -0.006440406665205956 -0.05555262416601181 -0.008648468181490898
1176 0.009753530845046043 -0.05555262416601181 0.0237394068390131
1177 0.009753530845046043 -0.05555262416601181 -0.0248424056917429
1178 -0.0388282835483551 0.02541706152260303 -0.04103634506464005
1179 -0.0550222173333168 0.009223124012351036 -0.04103634506464005
1180 -0.0550222173333168 0.009223124012351036 0.08851515501737595
1181 0.009753530845046043 0.05780493468046188 0.0237394068390131
1182 -0.0550222173333168 0.02541706152260303 -0.008648468181490898
1183 -0.0550222173333168 0.02541706152260303 0.007545469328761101
1184 -0.0388282835483551 -0.02316475100815296 0.007545469328761101
1185 -0.0388282835483551 -0.02316475100815296 0.0237394068390131
1186 -0.02263434417545795 0.05780493468046188 0.0237394068390131
1187 -0.006440406665205956 0.05780493468046188 0.0237394068390131
1188 -0.0388282835483551 0.04161100089550018 0.0237394068390131
1189 -0.0550222173333168 0.009223124012351036 -0.0248424056917429
1190 -0.006440406665205956 0.05780493468046188 0.007545469328761101
1191 0.009753530845046043 0.05780493468046188 0.007545469328761101
1192 0.009753530845046043 0.04161100089550018 0.007545469328761101
1193 -0.0550222173333168 0.009223124012351036 0.007545469328761101
1194 -0.0550222173333168 0.02541706152260303 0.03993334621191025
1195 -0.02263434417545795 0.05780493468046188 -0.0248424056917429
1196 -0.02263434417545795 0.05780493468046188 -0.008648468181490898
1197 -0.02263434417545795 0.05780493468046188 0.007545469328761101
1198 -0.0388282835483551 0.04161100089550018 0.007545469328761101
1199 -0.02263434417545795 -0.05555262416601181 0.0237394068390131
1200 -0.0550222173333168 0.009223124012351036 0.0237394068390131
1201 -0.0388282835483551 0.04161100089550018 -0.04103634506464005
1202 -0.0388282835483551 0.04161100089550018 -0.0248424056917429
1203 0.01480164645189186 0.06288715161531579 -0.01049009245603365
1204 0.009753530845046043 -0.05555262416601181 0.03993334621191025
1205 -0.02263434417545795 -0.05555262416601181 -0.008648468181490898
1206 -0.006440406665205956 -0.05555262416601181 0.05612727999687195
1207 0.04214140772819519 0.009223124012351036 -0.0248424056917429
1208 0.05833534151315689 0.009223124012351036 -0.008648468181490898
1209 -0.006440406665205956 -0.05555262416601181 0.0237394068390131
1210 -0.006440406665205956 -0.05555262416601181 0.03993334621191025
1211 0.05833534151315689 -0.006970813497900963 0.007545469328761101
1212 0.04214140772819519 -0.006970813497900963 0.007545469328761101
1213 0.05833534151315689 0.009223124012351036 0.007545469328761101
1214 -0.006440406665205956 0.05780493468046188 -0.0248424056917429
1215 0.06233792211448927 0.01514813359233644 0.03833670127403432
1216 0.05833534151315689 -0.006970813497900963 -0.0248424056917429
1217 0.05833534151315689 -0.006970813497900963 0.05612727999687195
1218 0.05833534151315689 0.009223124012351036 0.05612727999687195
1219 0.05833534151315689 0.009223124012351036 0.0237394068390131
1220 0.06160202664450775 -0.008281642991434357 0.07146660459958599
1221 0.04214140772819519 0.009223124012351036 0.07232121378183365
1222 0.05833534151315689 -0.006970813497900963 -0.04103634506464005
1223 0.02594747208058834 0.04161100089550018 0.03993334621191025
1224 0.009753530845046043 0.05780493468046188 -0.04103634506464005
1225 0.05833534151315689 -0.006970813497900963 0.0237394068390131
1226 0.009753530845046043 0.05780493468046188 0.05612727999687195
1227 0.05833534151315689 -0.006970813497900963 -0.008648468181490898
1228 0.009753530845046043 -0.05555262416601181 0.07232121378183365
1229 0.02594747208058834 -0.03935869038105011 0.05612727999687195
1230 0.04214140772819519 -0.02316475100815296 0.05612727999687195
1231 0.05833534151315689 -0.006970813497900963 0.03993334621191025
1232 0.009753530845046043 -0.05555262416601181 -0.04103634506464005
1233 0.02594747208058834 -0.03935869038105011 -0.0248424056917429
1234 0.04214140772819519 -0.02316475100815296 -0.0248424056917429
1235 0.009753530845046043 -0.05555262416601181 -0.05723027884960175
1236 0.009753530845046043 -0.05555262416601181 0.08851515501737595
1237 -0.02263434417545795 -0.05555262416601181 -0.04103634506464005
1238 0.05833534151315689 -0.006970813497900963 -0.05723027884960175
1239 0.05833534151315689 0.009223124012351036 0.08851515501737595
1240 0.05833534151315689 -0.006970813497900963 0.08851515501737595
1241 -0.02263434417545795 -0.03935869038105011 0.07232121378183365
1242 -0.02263434417545795 -0.02316475100815296 0.08851515501737595
1243 0.009753530845046043 -0.03935869038105011 0.08851515501737595
1244 -0.0388282835483551 -0.02316475100815296 0.08851515501737595
1245 0.02594747208058834 0.04161100089550018 0.08851515501737595
1246 0.04214140772819519 0.02541706152260303 0.08851515501737595
1247 0.02594747208058834 -0.03935869038105011 0.08851515501737595
1248 0.02594747208058834 -0.02316475100815296 0.08851515501737595
1249 0.009753530845046043 -0.006970813497900963 0.08851515501737595
1250 -0.006440406665205956 -0.006970813497900963 0.08851515501737595
1251 -0.006440406665205956 0.009223124012351036 0.08851515501737595
1252 -0.0271897200063104 -0.01095872239065399 0.09142749509817541
1253 -0.006440406665205956 0.02541706152260303 0.08851515501737595
1254 0.02594747208058834 0.009223124012351036 0.08851515501737595
1255 0.009753530845046043 0.009223124012351036 0.08851515501737595
1256 -0.0550222173333168 -0.006970813497900963 0.08851515501737595
1257 0.04214140772819519 -0.006970813497900963 0.08851515501737595
1258 -0.02695218421913375 0.04488587974647789 0.09211380389130555
1259 -0.04158024441058448 -0.007404900126565219 0.09196259186149611
1260 0.04214140772819519 -0.02316475100815296 0.08851515501737595
1261 -0.0388282835483551 0.009223124012351036 0.08851515501737595
1262 -0.006440406665205956 -0.05555262416601181 0.08851515501737595
1263 -0.02263434417545795 -0.03935869038105011 0.08851515501737595
1264 -0.02263434417545795 0.02541706152260303 -0.05723027884960175
1265 0.009753530845046043 -0.03935869038105011 -0.05723027884960175
1266 -0.006440406665205956 0.05780493468046188 -0.05723027884960175
1267 0.02594747208058834 0.04161100089550018 -0.05723027884960175
1268 0.04214140772819519 0.02541706152260303 -0.05723027884960175
1269 0.02594747208058834 -0.03935869038105011 -0.05723027884960175
1270 0.02594747208058834 -0.02316475100815296 -0.05723027884960175
1271 0.009753530845046043 -0.006970813497900963 -0.05723027884960175
1272 -0.006440406665205956 -0.006970813497900963 -0.05723027884960175
1273 -0.006440406665205956 0.009223124012351036 -0.05723027884960175
1274 -0.02263434417545795 -0.006970813497900963 -0.05723027884960175
1275 -0.02263434417545795 -0.02316475100815296 -0.05723027884960175
1276 -0.006440406665205956 0.02541706152260303 -0.05723027884960175
1277 0.02594747208058834 0.009223124012351036 -0.05723027884960175
1278 0.009753530845046043 0.009223124012351036 -0.05723027884960175
1279 0.04214140772819519 -0.006970813497900963 -0.05723027884960175
1280 -0.02263434417545795 0.04161100089550018 -0.05723027884960175
1281 -0.0388282835483551 -0.006970813497900963 -0.05723027884960175
1282 0.04214140772819519 -0.02316475100815296 -0.05723027884960175
1283 -0.0388282835483551 -0.03935869038105011 -0.05723027884960175
1284 0.04214140772819519 0.009223124012351036 -0.05723027884960175
1285 0.009753530845046043 0.05780493468046188 -0.05723027884960175
1286 -0.0388282835483551 0.009223124012351036 -0.05723027884960175
1287 -0.0550222173333168 0.009223124012351036 -0.05723027884960175
1288 -0.02263434417545795 -0.03935869038105011 -0.05723027884960175
1289 -0.0388282835483551 0.02541706152260303 -0.05723027884960175
1290 -0.0388282835483551 -0.006970813497900963 0.0237394068390131
1291 -0.0388282835483551 -0.006970813497900963 0.007545469328761101
1292 -0.0388282835483551 -0.03935869038105011 0.0237394068390131
1293 -0.0388282835483551 -0.02316475100815296 0.03993334621191025
1294 -0.02263434417545795 -0.03935869038105011 0.0237394068390131
1295 -0.006440406665205956 -0.03935869038105011 0.0237394068390131
1296 -0.02263434417545795 -0.03935869038105011 0.03993334621191025
1297 -0.02263434417545795 -0.03935869038105011 0.007545469328761101
1298 -0.02263434417545795 -0.02316475100815296 0.05612727999687195
1299 0.009753530845046043 -0.03935869038105011 0.007545469328761101
1300 -0.006440406665205956 -0.03935869038105011 0.007545469328761101
1301 -0.006440406665205956 -0.03935869038105011 -0.008648468181490898
1302 -0.006440406665205956 -0.02316475100815296 -0.0248424056917429
1303 -0.006440406665205956 0.04161100089550018 0.007545469328761101
1304 -0.006440406665205956 -0.006970813497900963 -0.0248424056917429
1305 -0.0550222173333168 -0.006970813497900963 0.007545469328761101
1306 -0.0388282835483551 0.009223124012351036 0.007545469328761101
1307 -0.0388282835483551 -0.006970813497900963 -0.008648468181490898
1308 -0.02263434417545795 -0.006970813497900963 -0.0248424056917429
1309 -0.03224198391304304 -0.009411465075609807 0.01916241759130358
1310 -0.0550222173333168 -0.006970813497900963 0.0237394068390131
1311 -0.0550222173333168 -0.006970813497900963 0.03993334621191025
1312 -0.0388282835483551 0.009223124012351036 0.0237394068390131
1313 -0.0388282835483551 0.02541706152260303 0.0237394068390131
1314 -0.0388282835483551 0.009223124012351036 0.03993334621191025
1315 -0.0388282835483551 -0.006970813497900963 0.03993334621191025
1316 -0.0388282835483551 -0.006970813497900963 0.05612727999687195
1317 -0.0388282835483551 -0.03935869038105011 0.03993334621191025
1318 -0.0388282835483551 -0.03935869038105011 0.007545469328761101
1319 -0.0388282835483551 -0.02316475100815296 0.05612727999687195
1320 -0.0388282835483551 -0.02316475100815296 -0.008648468181490898
1321 -0.0550222173333168 -0.006970813497900963 -0.008648468181490898
1322 -0.0388282835483551 0.02541706152260303 0.007545469328761101
1323 -0.0388282835483551 0.009223124012351036 -0.008648468181490898
1324 -0.0388282835483551 -0.006970813497900963 -0.0248424056917429
1325 0.009753530845046043 0.04161100089550018 0.0237394068390131
1326 -0.006440406665205956 0.04161100089550018 0.0237394068390131
1327 -0.006440406665205956 0.02541706152260303 0.05612727999687195
1328 -0.02263434417545795 0.04161100089550018 0.0237394068390131
1329 -0.02263434417545795 0.04161100089550018 0.007545469328761101
1330 -0.02263434417545795 0.009223124012351036 -0.0248424056917429
1331 -0.02263434417545795 -0.03935869038105011 -0.008648468181490898
1332 -0.02263434417545795 -0.02316475100815296 -0.0248424056917429
1333 -0.006440406665205956 -0.03935869038105011 0.03993334621191025
1334 -0.006440406665205956 -0.006970813497900963 0.07232121378183365
1335 -0.02263434417545795 -0.006970813497900963 0.07232121378183365
1336 -0.02263434417545795 -0.03935869038105011 0.05612727999687195
1337 -0.02263434417545795 -0.02316475100815296 0.07232121378183365
1338 0.04214140772819519 0.02541706152260303 0.0237394068390131
1339 0.04214140772819519 0.009223124012351036 0.0237394068390131
1340 0.05362034208567421 0.02862736642664151 0.03924871521787866
1341 0.04214140772819519 0.02541706152260303 0.007545469328761101
1342 0.02594747208058834 0.04161100089550018 0.0237394068390131
1343 0.02594747208058834 0.04161100089550018 0.007545469328761101
1344 0.009753530845046043 0.02541706152260303 0.05612727999687195
1345 0.02594747208058834 0.02541706152260303 0.05612727999687195
1346 0.02594747208058834 0.04161100089550018 0.05612727999687195
1347 0.009753530845046043 0.04161100089550018 0.03993334621191025
1348 -0.006440406665205956 0.04161100089550018 0.03993334621191025
1349 0.009753530845046043 0.05780493468046188 0.03993334621191025
1350 0.009753530845046043 0.04161100089550018 0.05612727999687195
1351 0.009753530845046043 0.02541706152260303 0.07232121378183365
1352 -0.0550222173333168 0.02541706152260303 0.0237394068390131
1353 -0.0388282835483551 0.02541706152260303 0.03993334621191025
1354 -0.02263434417545795 0.04161100089550018 0.03993334621191025
1355 -0.02263434417545795 0.02541706152260303 0.05612727999687195
1356 -0.02263434417545795 0.05780493468046188 0.03993334621191025
1357 -0.02263434417545795 0.04161100089550018 0.05612727999687195
1358 -0.02263434417545795 0.02541706152260303 0.07232121378183365
1359 -0.006440406665205956 0.05780493468046188 0.03993334621191025
1360 -0.006440406665205956 0.04161100089550018 0.05612727999687195
1361 -0.006440406665205956 0.04161100089550018 -0.008648468181490898
1362 -0.006440406665205956 0.02541706152260303 0.07232121378183365
1363 -0.006440406665205956 0.009223124012351036 0.07232121378183365
1364 -0.006440406665205956 0.009223124012351036 -0.0248424056917429
1365 0.009348682407289741 0.04120615236461162 -0.008243619743734597
1366 0.008404036052525045 0.02474231428156297 -0.0248424056917429
1367 -0.006440406665205956 0.02541706152260303 -0.0248424056917429
1368 0.04214140772819519 0.009223124012351036 0.007545469328761101
1369 0.009753530845046043 0.009223124012351036 -0.0248424056917429
1370 -0.0388282835483551 0.02541706152260303 -0.008648468181490898
1371 -0.02263434417545795 0.04161100089550018 -0.008648468181490898
1372 -0.02263434417545795 0.02541706152260303 -0.0248424056917429
1373 -0.002391922287642956 0.03756251558661461 0.0115939537063241
1374 0.02594747208058834 0.04161100089550018 -0.008648468181490898
1375 0.009753530845046043 0.04161100089550018 -0.0248424056917429
1376 -0.006440406665205956 0.05780493468046188 -0.008648468181490898
1377 -0.006440406665205956 0.04161100089550018 -0.0248424056917429
1378 0.04955518562210962 0.0350876263949385 -0.01011219681986119
1379 0.02594747208058834 0.02541706152260303 -0.0248424056917429
1380 0.009753530845046043 0.02541706152260303 -0.04103634506464005
1381 -0.006440406665205956 0.02541706152260303 -0.04103634506464005
1382 -0.006440406665205956 0.009223124012351036 -0.04103634506464005
1383 -0.01858586072921753 -0.03531020507216454 0.01969092339277267
1384 0.009753530845046043 -0.03935869038105011 0.0237394068390131
1385 0.02594747208058834 -0.03935869038105011 0.0237394068390131
1386 0.009753530845046043 -0.03935869038105011 0.03993334621191025
1387 -0.006440406665205956 -0.03935869038105011 0.05612727999687195
1388 -0.0388282835483551 -0.03935869038105011 -0.008648468181490898
1389 -0.02263434417545795 -0.03935869038105011 -0.0248424056917429
1390 0.02189898863434792 -0.02721323445439339 0.0115939537063241
1391 0.04214140772819519 -0.02316475100815296 0.007545469328761101
1392 0.04214140772819519 -0.02316475100815296 0.0237394068390131
1393 0.04214140772819519 -0.02316475100815296 -0.008648468181490898
1394 0.02594747208058834 -0.03935869038105011 0.007545469328761101
1395 0.02594747208058834 -0.03935869038105011 -0.008648468181490898
1396 0.02594747208058834 -0.02316475100815296 -0.0248424056917429
1397 0.009753530845046043 -0.03935869038105011 -0.008648468181490898
1398 0.02594747208058834 -0.03935869038105011 0.03993334621191025
1399 0.04214140784461056 -0.006296066024030236 0.02238991196888187
1400 0.04214140772819519 -0.02316475100815296 0.03993334621191025
1401 0.0255426237359643 -0.02275990266352892 0.0557224314659834
1402 0.009753530845046043 -0.02316475100815296 -0.0248424056917429
1403 0.009753530845046043 -0.006970813497900963 -0.0248424056917429
1404 0.01380201522260904 -0.03531020507216454 0.0115939537063241
1405 0.01037085461553928 -0.04270371242937319 -0.02498596939708689
1406 0.009753530845046043 -0.03935869038105011 0.05612727999687195
1407 -0.006440406665205956 -0.03935869038105011 -0.0248424056917429
1408 -0.005108814377654648 -0.02662614010090268 -0.04223736779065148
1409 0.005705046467483044 -0.03531020507216454 0.0115939537063241
1410 0.009591726178663865 -0.02293857035951183 -0.04016306511507329
1411 0.009753530845046043 -0.03935869038105011 -0.04103634506464005
1412 0.02999595552682877 0.02136857807636261 0.0115939537063241
1413 0.04172643381431548 -0.007111751875885667 -0.00872473528200262
1414 0.02594747208058834 -0.006970813497900963 -0.0248424056917429
1415 0.04214140772819519 -0.006970813497900963 0.03993334621191025
1416 0.02594747208058834 -0.006970813497900963 0.05612727999687195
1417 -0.03477979823946953 -0.002922329120337963 0.02778789028525352
1418 -0.04287676885724068 -0.002922329120337963 0.02778789028525352
1419 -0.05097373202443123 -0.002922329120337963 0.02778789028525352
1420 -0.0550222173333168 0.009223124012351036 0.03993334621191025
1421 -0.0550222173333168 0.009223124012351036 0.05612727999687195
1422 -0.0550222173333168 -0.006970813497900963 0.05612727999687195
1423 -0.04287676885724068 0.005174639634788036 0.02778789028525352
1424 -0.0388282835483551 0.009223124012351036 0.05612727999687195
1425 -0.04287676885724068 -0.002922329120337963 0.03588486090302467
1426 -0.03477979823946953 0.005174639634788036 0.02778789028525352
1427 -0.03477979823946953 -0.01101929787546396 0.02778789028525352
1428 -0.03477979823946953 -0.002922329120337963 0.03588486090302467
1429 -0.03477979823946953 -0.002922329120337963 0.01969092339277267
1430 -0.02668282762169838 -0.002922329120337963 0.05207879468798637
1431 -0.04016353583025047 -0.0120113226272405 0.07616527996653048
1432 -0.0388282835483551 -0.02316475100815296 0.07232121378183365
1433 -0.02263434417545795 0.009223124012351036 0.07232121378183365
1434 -0.002391922287642956 -0.03531020507216454 0.0115939537063241
1435 -0.002391922287642956 -0.03531020507216454 0.01969092339277267
1436 -0.006440406665205956 -0.02316475100815296 0.07232121378183365
1437 0.005705046467483044 -0.03531020507216454 0.01969092339277267
1438 0.009348682407289742 -0.02275990266352891 0.0719163656234741
1439 0.009753530845046043 -0.05555262416601181 0.05612727999687195
1440 0.009753530845046043 -0.03935869038105011 0.07232121378183365
1441 0.02594747208058834 -0.02316475100815296 0.07232121378183365
1442 0.04214140772819519 0.009223124012351036 0.03993334621191025
1443 0.04214140772819519 -0.006970813497900963 0.05612727999687195
1444 0.02594747208058834 0.009223124012351036 0.05612727999687195
1445 0.02594747208058834 -0.006970813497900963 0.07232121378183365
1446 0.009753530845046043 -0.006970813497900963 0.07232121378183365
1447 0.005705046467483044 0.03756251558661461 0.0115939537063241
1448 0.005705046467483044 0.03756251558661461 0.01969092339277267
1449 -0.01858586072921753 0.02946554496884346 0.0115939537063241
1450 -0.01858586072921753 0.03756251558661461 0.0115939537063241
1451 -0.01048889104276896 0.03756251558661461 0.0115939537063241
1452 -0.002391922287642956 0.04565948620438576 0.0115939537063241
1453 -0.002391922287642956 0.05375644937157631 0.0115939537063241
1454 -0.002391922287642956 0.03756251558661461 0.01969092339277267
1455 -0.002391922287642956 0.03756251558661461 0.003496984951198101
1456 -0.002391922287642956 0.03756251558661461 -0.004599983803927898
1457 -0.002391922287642956 -0.03531020507216454 0.03588486090302467
1458 -0.03477979823946953 -0.01911626756191254 0.03588486090302467
1459 -0.01858586072921753 -0.03531020507216454 0.03588486090302467
1460 -0.01858586072921753 -0.01911626756191254 0.05207879468798637
1461 -0.01048889104276896 -0.03531020507216454 0.03588486090302467
1462 -0.01048889104276896 -0.02721323445439339 0.05207879468798637
1463 -0.006440406665205956 -0.03935869038105011 0.07232121378183365
1464 -0.006440406665205956 -0.03935869038105011 0.08851515501737595
1465 -0.01048889104276896 -0.01911626756191254 0.05207879468798637
1466 -0.01048889104276896 -0.01911626756191254 0.06017576530575752
1467 -0.006440406665205956 -0.02316475100815296 0.08851515501737595
1468 0.009753530845046043 -0.02316475100815296 0.08851515501737595
1469 0.01380201522260904 0.03756251558661461 0.01969092339277267
1470 0.02189898863434792 0.03756251558661461 0.01969092339277267
1471 0.01380201522260904 0.04565948620438576 0.01969092339277267
1472 0.01380201522260904 0.03756251558661461 0.02778789028525352
1473 0.005705046467483044 0.04565948620438576 0.01969092339277267
1474 0.005705046467483044 0.04565948620438576 0.02778789028525352
1475 0.005705046467483044 0.03756251558661461 0.02778789028525352
1476 0.005705046467483044 0.03756251558661461 0.03588486090302467
1477 -0.03477979823946953 -0.01911626756191254 0.0115939537063241
1478 -0.0388282835483551 -0.02316475100815296 -0.0248424056917429
1479 -0.02668282762169838 -0.02721323445439339 0.0115939537063241
1480 -0.0203492179893825 -0.01967606603843475 -0.03926480059233366
1481 -0.0226343448756619 -0.004529815836878871 -0.04145309881804268
1482 -0.01048889104276896 -0.03531020507216454 0.02778789028525352
1483 -0.002391922287642956 -0.03531020507216454 0.02778789028525352
1484 0.005705046467483044 -0.03531020507216454 0.02778789028525352
1485 -0.002391922287642956 -0.04340717568993568 0.02778789028525352
1486 -0.002391922287642956 -0.05150413885712624 0.02778789028525352
1487 -0.002391922287642956 -0.02721323445439339 0.05207879468798637
1488 0.0493878872152936 0.03460864665992752 0.05685013666214837
1489 0.03312177594830596 0.03299432551584853 0.07447973821606703
1490 0.04413665352193005 0.007678088115012545 0.05857400246171003
1491 0.02594747208058834 0.009223124012351036 0.07232121378183365
1492 0.009753530845046043 0.009223124012351036 0.07232121378183365
1493 -0.04287676885724068 -0.01101929787546396 0.01969092339277267
1494 -0.03477979823946953 -0.01911626756191254 0.01969092339277267
1495 -0.03477979823946953 -0.01101929787546396 0.0115939537063241
1496 -0.02668282762169838 -0.02721323445439339 0.03588486090302467
1497 0.005705046467483044 -0.03531020507216454 0.03588486090302467
1498 0.005705046467483044 -0.02721323445439339 0.05207879468798637
1499 -0.002391922287642956 -0.04340717568993568 0.03588486090302467
1500 -0.002391922287642956 -0.03531020507216454 0.04398183152079582
1501 -0.03477979823946953 0.01327160838991404 0.02778789028525352
1502 -0.04287676885724068 0.01327160838991404 0.02778789028525352
1503 -0.03477979823946953 0.01327160838991404 0.03588486090302467
1504 -0.03477979823946953 0.01327160838991404 0.01969092339277267
1505 -0.0550222173333168 0.009223124012351036 -0.008648468181490898
1506 -0.0388282835483551 0.009223124012351036 -0.0248424056917429
1507 -0.01858586072921753 0.01327160838991404 0.05207879468798637
1508 -0.02263434417545795 0.04161100089550018 0.07232121378183365
1509 -0.02263434417545795 0.02541706152260303 0.08851515501737595
1510 -0.03477979823946953 0.005174639634788036 0.03588486090302467
1511 -0.04287676885724068 0.005174639634788036 0.03588486090302467
1512 -0.03477979823946953 0.005174639634788036 0.04398183152079582
1513 -0.0388282835483551 0.009223124012351036 0.07232121378183365
1514 -0.02668282762169838 0.005174639634788036 0.05207879468798637
1515 -0.04287676885724068 0.005174639634788036 0.04398183152079582
1516 -0.03477979823946953 0.01327160838991404 0.04398183152079582
1517 -0.03477979823946953 -0.002922329120337963 0.04398183152079582
1518 -0.02668282762169838 0.01327160838991404 0.05207879468798637
1519 -0.02668282762169838 0.005174639634788036 0.06017576530575752
1520 -0.02875330488088188 0.01475108267952999 0.09183904239768347
1521 -0.01048889104276896 -0.04340717568993568 0.03588486090302467
1522 -0.01048889104276896 -0.03531020507216454 0.04398183152079582
1523 -0.01858586072921753 0.02946554496884346 0.02778789028525352
1524 -0.01858586072921753 0.03756251558661461 0.02778789028525352
1525 -0.01858586072921753 0.02946554496884346 0.03588486090302467
1526 0.03809292241930962 0.01327160838991404 0.01969092339277267
1527 0.03809292241930962 0.02136857807636261 0.01969092339277267
1528 0.03809292241930962 0.01327160838991404 0.0115939537063241
1529 0.04214140772819519 0.009223124012351036 -0.008648468181490898
1530 0.02594747208058834 0.009223124012351036 -0.0248424056917429
1531 0.02594747208058834 0.009223124012351036 -0.04103634506464005
1532 -0.002391922287642956 -0.01101929787546396 -0.004599983803927898
1533 -0.01048889104276896 -0.03531020507216454 0.01969092339277267
1534 -0.002391922287642956 -0.04340717568993568 0.01969092339277267
1535 0.03809292241930962 -0.01101929787546396 0.01969092339277267
1536 0.04618989303708076 -0.01101929787546396 0.01969092339277267
1537 0.03585430241303834 -0.003000369126763777 0.01771625465600623
1538 0.03809292241930962 -0.01911626756191254 0.01969092339277267
1539 0.03422147401805742 -0.01074376461059651 0.02782459608412535
1540 0.03596833818481628 -0.01035719851229278 0.009994697935561068
1541 0.02999595552682877 -0.01911626756191254 0.01969092339277267
1542 0.02189898863434792 -0.02721323445439339 0.01969092339277267
1543 0.02189898863434792 -0.03531020507216454 0.01969092339277267
1544 0.03809292241930962 0.005174639634788036 0.01969092339277267
1545 0.03440477577038321 0.01273229414716961 0.02676057714571204
1546 0.0360281967852265 0.0225426371242851 0.02726158893741665
1547 0.03825763373277608 0.01468572743880963 0.0332452038455573
1548 0.02999595552682877 0.02136857807636261 0.02778789028525352
1549 0.02189898863434792 0.01327160838991404 0.05207879468798637
1550 0.04618989303708076 -0.01911626756191254 0.01969092339277267
1551 0.03809292241930962 -0.02721323445439339 0.01969092339277267
1552 0.03738557735870929 -0.01832972526550994 0.02595118932370889
1553 0.03809292241930962 -0.01911626756191254 0.0115939537063241
1554 0.02999595552682877 -0.02721323445439339 0.01969092339277267
1555 0.02999595552682877 -0.03531020507216454 0.01969092339277267
1556 0.02999595552682877 -0.01911626756191254 0.02778789028525352
1557 0.02999595552682877 -0.01911626756191254 0.0115939537063241
1558 0.02189898863434792 -0.04340717568993568 0.01969092339277267
1559 0.02189898863434792 -0.03531020507216454 0.02778789028525352
1560 0.02189898863434792 -0.02721323445439339 0.02778789028525352
1561 0.02999595552682877 -0.02721323445439339 0.02778789028525352
1562 0.03809292241930962 -0.02721323445439339 0.02778789028525352
1563 0.02999595552682877 -0.03531020507216454 0.02778789028525352
1564 0.02999595552682877 -0.01911626756191254 0.03588486090302467
1565 0.03844853388138764 -0.01881536549019135 0.03230140438960514
1566 0.02189898863434792 -0.02721323445439339 0.03588486090302467
1567 0.02189898863434792 -0.03531020507216454 0.03588486090302467
1568 0.02276692739114776 -0.02007597880108229 0.05074799458816657
1569 -0.01858586072921753 0.02946554496884346 0.01969092339277267
1570 -0.01048889104276896 0.03756251558661461 0.01969092339277267
1571 -0.03477979823946953 0.02136857807636261 0.01969092339277267
1572 -0.03477979823946953 0.02136857807636261 0.0115939537063241
1573 -0.02668282762169838 0.02946554496884346 0.01969092339277267
1574 -0.01858586072921753 0.03756251558661461 0.01969092339277267
1575 -0.01048889104276896 0.04565948620438576 0.01969092339277267
1576 -0.01048889104276896 0.05375644937157631 0.01969092339277267
1577 -0.01048889104276896 0.03756251558661461 0.02778789028525352
1578 -0.01048889104276896 0.03756251558661461 0.03588486090302467
1579 0.02999595552682877 0.02136857807636261 0.01969092339277267
1580 0.04618989303708076 0.02136857807636261 0.01969092339277267
1581 0.03809292241930962 0.02946554496884346 0.01969092339277267
1582 0.02999595552682877 0.02946554496884346 0.01969092339277267
1583 0.02999595552682877 0.03756251558661461 0.01969092339277267
1584 0.02189898863434792 0.02946554496884346 0.01969092339277267
1585 0.02189898863434792 0.04565948620438576 0.01969092339277267
1586 0.02189898863434792 0.03756251558661461 0.02778789028525352
1587 0.02189898863434792 0.03756251558661461 0.0115939537063241
1588 0.02189898863434792 0.02946554496884346 0.02778789028525352
1589 0.02189898863434792 0.02946554496884346 0.0115939537063241
1590 0.03809292241930962 -0.002922329120337963 0.02778789028525352
1591 0.04618989303708076 -0.002922329120337963 0.02778789028525352
1592 0.04214140772819519 -0.006970813497900963 0.07232121378183365
1593 0.03456649621193048 0.005653263077293879 0.02693539128213239
1594 0.04618989303708076 0.005174639634788036 0.02778789028525352
1595 -0.04287676885724068 -0.01101929787546396 0.02778789028525352
1596 -0.03477979823946953 -0.01911626756191254 0.02778789028525352
1597 -0.03477979823946953 -0.01101929787546396 0.03588486090302467
1598 -0.02668282762169838 -0.02721323445439339 0.02778789028525352
1599 0.02189898863434792 0.005174639634788036 0.05207879468798637
1600 0.02594747208058834 -0.006970813497900963 0.08851515501737595
1601 -0.03477979823946953 0.005174639634788036 0.01969092339277267
1602 -0.04287676885724068 0.005174639634788036 0.01969092339277267
1603 -0.03477979823946953 -0.002922329120337963 0.0115939537063241
1604 -0.04287676885724068 -0.002922329120337963 0.0115939537063241
1605 -0.0550222173333168 -0.006970813497900963 -0.0248424056917429
1606 -0.03477979823946953 -0.002922329120337963 0.003496984951198101
1607 -0.0388282835483551 -0.006970813497900963 -0.04103634506464005
1608 -0.01048889104276896 -0.04340717568993568 0.01969092339277267
1609 -0.01048889104276896 -0.03531020507216454 0.0115939537063241
1610 -0.03477979823946953 0.005174639634788036 0.0115939537063241
1611 -0.03477979823946953 0.005174639634788036 -0.004599983803927898
1612 -0.03477979823946953 0.01327160838991404 0.0115939537063241
1613 -0.03477979823946953 0.01327160838991404 -0.004599983803927898
1614 -0.0388282835483551 0.04161100089550018 -0.008648468181490898
1615 -0.0388282835483551 0.02541706152260303 -0.0248424056917429
1616 -0.0550222173333168 0.02541706152260303 -0.0248424056917429
1617 -0.03477979823946953 0.005174639634788036 0.003496984951198101
1618 -0.02668282762169838 0.005174639634788036 -0.0126969525590539
1619 -0.03477979823946953 0.005174639634788036 -0.0126969525590539
1620 -0.0388282835483551 0.009223124012351036 -0.04103634506464005
1621 -0.02263434417545795 0.009223124012351036 -0.04103634506464005
1622 -0.02668282762169838 0.005174639634788036 -0.02079392224550247
1623 -0.02263434417545795 0.02541706152260303 -0.04103634506464005
1624 -0.02263434417545795 0.009223124012351036 -0.05723027884960175
1625 -0.01048889104276896 -0.002922329120337963 -0.0126969525590539
1626 -0.006440406665205956 -0.006970813497900963 -0.04103634506464005
1627 0.009753530845046043 -0.006970813497900963 -0.04103634506464005
1628 -0.01858586072921753 -0.002922329120337963 -0.0126969525590539
1629 -0.01858586072921753 -0.002922329120337963 -0.02079392224550247
1630 -0.04287676885724068 -0.002922329120337963 0.003496984951198101
1631 -0.03477979823946953 -0.01101929787546396 0.003496984951198101
1632 -0.02668282762169838 -0.002922329120337963 -0.0126969525590539
1633 -0.02668282762169838 -0.002922329120337963 -0.02079392224550247
1634 -0.002391922287642956 0.03756251558661461 0.03588486090302467
1635 -0.01099300062827687 0.06421762323301708 0.05749013272067065
1636 -0.006440406665205956 0.04161100089550018 0.07232121378183365
1637 -0.002391922287642956 0.02136857807636261 0.05207879468798637
1638 0.009753530845046043 0.04161100089550018 0.07232121378183365
1639 0.009753530845046043 0.02541706152260303 0.08851515501737595
1640 0.02999595552682877 0.02136857807636261 0.03588486090302467
1641 0.03996810431638603 0.02325485152229141 0.03406121113790233
1642 0.02189898863434792 0.02946554496884346 0.03588486090302467
1643 0.02189898863434792 0.03756251558661461 0.03588486090302467
1644 0.02189898863434792 0.02136857807636261 0.05207879468798637
1645 0.01380201522260904 0.03756251558661461 0.03588486090302467
1646 0.01380201522260904 0.04565948620438576 0.03588486090302467
1647 0.01380201522260904 0.03756251558661461 0.04398183152079582
1648 0.01380201522260904 0.02136857807636261 0.05207879468798637
1649 0.005705046467483044 0.02136857807636261 0.05207879468798637
1650 0.02999595552682877 0.02946554496884346 0.03588486090302467
1651 0.03809292241930962 0.02946554496884346 0.03588486090302467
1652 0.02999595552682877 0.03756251558661461 0.03588486090302467
1653 0.02189898863434792 0.02946554496884346 0.04398183152079582
1654 0.02189898863434792 0.03756251558661461 0.04398183152079582
1655 0.0315382789351475 0.05035798155348997 0.07208376010501734
1656 0.02189898863434792 0.02946554496884346 0.05207879468798637
1657 0.01380201522260904 0.02946554496884346 0.05207879468798637
1658 0.01380201522260904 0.03756251558661461 0.05207879468798637
1659 0.02999595552682877 0.02136857807636261 0.04398183152079582
1660 0.03809292241930962 0.02136857807636261 0.04398183152079582
1661 0.02999595552682877 0.02136857807636261 0.05207879468798637
1662 0.01380201522260904 0.02136857807636261 0.06017576530575752
1663 0.02189898863434792 0.02136857807636261 0.06017576530575752
1664 0.02594747208058834 0.02541706152260303 0.08851515501737595
1665 0.01380201522260904 0.02136857807636261 0.06827273219823837
1666 -0.01048889104276896 0.02136857807636261 0.05207879468798637
1667 -0.01048889104276896 0.04565948620438576 0.03588486090302467
1668 -0.01048889104276896 0.05375644937157631 0.03588486090302467
1669 -0.01048889104276896 0.03756251558661461 0.04398183152079582
1670 -0.01048889104276896 0.03756251558661461 0.05207879468798637
1671 -0.01048889104276896 0.02946554496884346 0.05207879468798637
1672 -0.01048889104276896 0.02136857807636261 0.06017576530575752
1673 -0.01048889104276896 0.02136857807636261 0.06827273219823837
1674 -0.01858586072921753 0.01327160838991404 -0.0126969525590539
1675 -0.01858586072921753 0.02136857807636261 -0.0126969525590539
1676 -0.02263434417545795 0.04161100089550018 -0.0248424056917429
1677 -0.02263434417545795 0.04161100089550018 -0.04103634506464005
1678 -0.03477979823946953 0.02136857807636261 0.003496984951198101
1679 -0.04287676885724068 0.02136857807636261 0.003496984951198101
1680 -0.03477979823946953 0.02946554496884346 0.003496984951198101
1681 -0.01858586072921753 0.02946554496884346 0.003496984951198101
1682 -0.01858586072921753 0.03756251558661461 0.003496984951198101
1683 -0.02668282762169838 0.03756251558661461 0.003496984951198101
1684 -0.01858586072921753 0.04565948620438576 0.003496984951198101
1685 -0.01858586072921753 0.02946554496884346 -0.004599983803927898
1686 -0.02668282762169838 0.02946554496884346 -0.004599983803927898
1687 -0.01858586072921753 0.02946554496884346 -0.0126969525590539
1688 -0.02668282762169838 0.01327160838991404 -0.0126969525590539
1689 -0.03477979823946953 0.01327160838991404 -0.0126969525590539
1690 -0.02668282762169838 0.02136857807636261 -0.0126969525590539
1691 -0.01858586072921753 0.005174639634788036 -0.0126969525590539
1692 -0.01858586072921753 0.01327160838991404 -0.02079392224550247
1693 -0.01048889104276896 0.01327160838991404 -0.02079392224550247
1694 -0.01858586072921753 -0.01101929787546396 -0.0126969525590539
1695 -0.01048889104276896 -0.01101929787546396 -0.0126969525590539
1696 -0.01858586072921753 -0.01101929787546396 -0.02079392224550247
1697 -0.04287676885724068 -0.01101929787546396 0.003496984951198101
1698 -0.03477979823946953 -0.01911626756191254 0.003496984951198101
1699 -0.03477979823946953 -0.01911626756191254 -0.004599983803927898
1700 -0.02668282762169838 -0.02721323445439339 0.003496984951198101
1701 -0.02668282762169838 -0.01101929787546396 -0.0126969525590539
1702 -0.02668282762169838 -0.01101929787546396 -0.02079392224550247
1703 -0.01858586072921753 -0.03531020507216454 0.003496984951198101
1704 -0.01858586072921753 -0.03531020507216454 -0.004599983803927898
1705 -0.01858586072921753 -0.01911626756191254 -0.0126969525590539
1706 -0.01767896059860279 -0.01875398399713528 -0.02025755571956289
1707 0.02999595552682877 -0.01911626756191254 0.003496984951198101
1708 0.03809292241930962 -0.01911626756191254 0.003496984951198101
1709 0.04214140772819519 -0.006970813497900963 -0.0248424056917429
1710 0.02999595552682877 -0.01911626756191254 -0.004599983803927898
1711 0.02189898863434792 -0.02721323445439339 0.003496984951198101
1712 0.02189898863434792 -0.02721323445439339 -0.004599983803927898
1713 0.02189898863434792 -0.01911626756191254 -0.0126969525590539
1714 0.02594747208058834 -0.03935869038105011 -0.04103634506464005
1715 0.02594747208058834 -0.02316475100815296 -0.04103634506464005
1716 0.02594747208058834 -0.006970813497900963 -0.04103634506464005
1717 0.01380201522260904 -0.01101929787546396 -0.0126969525590539
1718 0.00833731097161353 0.01056548389294337 -0.04153664249782724
1719 0.01380201522260904 -0.03531020507216454 0.003496984951198101
1720 0.01380201522260904 -0.01911626756191254 -0.0126969525590539
1721 0.01380201522260904 -0.01911626756191254 -0.02079392224550247
1722 0.005705046467483044 -0.01911626756191254 -0.0126969525590539
1723 0.005705046467483044 -0.01101929787546396 -0.0126969525590539
1724 0.005198985745664689 -0.01861020614160227 -0.02163735629680256
1725 0.02999595552682877 -0.02721323445439339 0.003496984951198101
1726 0.03809292241930962 -0.02721323445439339 0.003496984951198101
1727 0.02999595552682877 -0.02721323445439339 -0.004599983803927898
1728 0.02189898863434792 -0.03531020507216454 0.003496984951198101
1729 0.02189898863434792 -0.03531020507216454 -0.004599983803927898
1730 0.005705046467483044 -0.03531020507216454 0.003496984951198101
1731 0.01380201522260904 -0.04340717568993568 0.003496984951198101
1732 0.01380201522260904 -0.05150413885712624 0.003496984951198101
1733 0.01380201522260904 -0.03531020507216454 -0.004599983803927898
1734 0.01380201522260904 -0.02721323445439339 -0.0126969525590539
1735 0.02189898863434792 -0.02721323445439339 -0.0126969525590539
1736 0.01380201522260904 -0.02721323445439339 -0.02079392224550247
1737 0.02999595552682877 0.02136857807636261 0.003496984951198101
1738 0.02999595552682877 0.02136857807636261 -0.004599983803927898
1739 0.04214140772819519 0.02541706152260303 -0.0248424056917429
1740 0.04214140772819519 0.02541706152260303 -0.04103634506464005
1741 0.02189898863434792 0.02946554496884346 0.003496984951198101
1742 0.02189898863434792 0.03756251558661461 0.003496984951198101
1743 0.03043661175885195 0.04545967946507103 -0.02461572333155617
1744 0.02594747208058834 0.04161100089550018 -0.04103634506464005
1745 0.02189898863434792 0.02946554496884346 -0.004599983803927898
1746 0.02189898863434792 0.02136857807636261 -0.0126969525590539
1747 0.02594747208058834 0.02541706152260303 -0.04103634506464005
1748 0.02594747208058834 0.02541706152260303 -0.05723027884960175
1749 0.01380201522260904 0.01327160838991404 -0.0126969525590539
1750 0.02999595552682877 0.02946554496884346 0.003496984951198101
1751 0.02999595552682877 0.03756251558661461 0.003496984951198101
1752 0.03496179108215827 0.03175677693758067 -0.009016686233075931
1753 0.01380201522260904 0.03756251558661461 0.003496984951198101
1754 0.01380201522260904 0.03756251558661461 -0.004599983803927898
1755 0.005705046467483044 0.03756251558661461 -0.004599983803927898
1756 0.01380201522260904 0.04565948620438576 -0.004599983803927898
1757 0.01038109180289953 0.05807328444664077 -0.02545630722603223
1758 0.01380201522260904 0.03756251558661461 -0.0126969525590539
1759 0.009753530845046043 0.04161100089550018 -0.04103634506464005
1760 -0.006440406665205956 0.04161100089550018 -0.04103634506464005
1761 0.009753530845046043 0.04161100089550018 -0.05723027884960175
1762 0.01380201522260904 0.02136857807636261 -0.0126969525590539
1763 0.01380201522260904 0.02136857807636261 -0.02079392224550247
1764 0.005705046467483044 0.02136857807636261 -0.02079392224550247
1765 0.01380201522260904 0.02946554496884346 -0.02079392224550247
1766 0.0153037025648006 0.02058687076967809 -0.03201186419594181
1767 0.009753530845046043 0.02541706152260303 -0.05723027884960175
1768 -0.01048889104276896 -0.03531020507216454 0.003496984951198101
1769 -0.01048889104276896 -0.03531020507216454 -0.004599983803927898
1770 -0.01048889104276896 -0.01911626756191254 -0.0126969525590539
1771 -0.01048889104276896 -0.01911626756191254 -0.02079392224550247
1772 -0.002391922287642956 -0.03531020507216454 0.003496984951198101
1773 -0.002391922287642956 -0.03531020507216454 -0.004599983803927898
1774 -0.01048889104276896 -0.04340717568993568 0.003496984951198101
1775 -0.01048889104276896 -0.05150413885712624 0.003496984951198101
1776 -0.006440406665205956 -0.05555262416601181 -0.0248424056917429
1777 -0.02263434417545795 -0.05555262416601181 -0.0248424056917429
1778 -0.006440406665205956 -0.05555262416601181 -0.04103634506464005
1779 -0.01048889104276896 -0.04340717568993568 -0.004599983803927898
1780 -0.01048889104276896 -0.02721323445439339 -0.0126969525590539
1781 -0.01048889104276896 -0.03531020507216454 -0.0126969525590539
1782 -0.006440406665205956 -0.03935869038105011 -0.04103634506464005
1783 -0.02263434417545795 -0.03935869038105011 -0.04103634506464005
1784 -0.006440406665205956 -0.03935869038105011 -0.05723027884960175
1785 -0.01048889104276896 -0.02721323445439339 -0.02079392224550247
1786 -0.002391922287642956 -0.01911626756191254 -0.0126969525590539
1787 -0.002391922287642956 -0.01101929787546396 -0.0126969525590539
1788 -0.001725094479977583 -0.01820945674749704 -0.0240763748606092
1789 -0.04287676885724068 0.01327160838991404 0.01969092339277267
1790 -0.002391922287642956 -0.04340717568993568 0.003496984951198101
1791 -0.002391922287642956 -0.05150413885712624 0.003496984951198101
1792 -0.002391922287642956 -0.04340717568993568 -0.004599983803927898
1793 -0.002391922287642956 -0.02721323445439339 -0.0126969525590539
1794 -0.002391922287642956 -0.03531020507216454 -0.0126969525590539
1795 -0.002391922287642956 -0.02721323445439339 -0.02079392224550247
1796 0.005705046467483044 -0.03531020507216454 -0.004599983803927898
1797 0.005705046467483044 -0.02721323445439339 -0.0126969525590539
1798 0.005705046467483044 -0.02721323445439339 -0.02079392224550247
1799 0.01380201522260904 -0.02721323445439339 0.05207879468798637
1800 0.01380201522260904 -0.01911626756191254 0.05207879468798637
1801 0.01380201522260904 -0.01911626756191254 0.06017576530575752
1802 0.01380201522260904 -0.03531020507216454 0.03588486090302467
1803 0.01380201522260904 -0.04340717568993568 0.03588486090302467
1804 0.02189898863434792 -0.04340717568993568 0.03588486090302467
1805 0.01380201522260904 -0.05150413885712624 0.03588486090302467
1806 0.01380201522260904 -0.03531020507216454 0.04398183152079582
1807 0.02189898863434792 -0.03531020507216454 0.04398183152079582
1808 0.02594747208058834 -0.03935869038105011 0.07232121378183365
1809 0.01380201522260904 -0.03531020507216454 0.05207879468798637
1810 0.01380201522260904 -0.03531020507216454 0.02778789028525352
1811 0.02189898863434792 -0.02721323445439339 0.04398183152079582
1812 0.02189898863434792 -0.02721323445439339 0.05207879468798637
1813 0.03809292241930962 0.01327160838991404 0.003496984951198101
1814 0.03809292241930962 0.01327160838991404 -0.004599983803927898
1815 0.04214140772819519 0.009223124012351036 -0.04103634506464005
1816 0.02999595552682877 0.01327160838991404 -0.004599983803927898
1817 0.02189898863434792 0.01327160838991404 -0.0126969525590539
1818 0.02189898863434792 0.01327160838991404 -0.02079392224550247
1819 0.03809292241930962 0.005174639634788036 0.003496984951198101
1820 0.03809292241930962 -0.002922329120337963 0.003496984951198101
1821 0.04214140772819519 -0.006970813497900963 -0.04103634506464005
1822 0.02189898863434792 0.005174639634788036 -0.0126969525590539
1823 0.01380201522260904 0.005174639634788036 -0.0126969525590539
1824 0.02189898863434792 -0.002922329120337963 -0.0126969525590539
1825 0.02594747208058834 -0.006970813497900963 -0.05723027884960175
1826 0.02999595552682877 0.01327160838991404 -0.0126969525590539
1827 0.02999595552682877 0.02136857807636261 -0.0126969525590539
1828 0.03809292241930962 -0.01101929787546396 0.003496984951198101
1829 0.04618989303708076 -0.01101929787546396 0.003496984951198101
1830 0.03107395783363143 -0.008911067525677207 -0.005762162419272714
1831 0.02999595552682877 -0.01101929787546396 -0.0126969525590539
1832 0.02189898863434792 -0.01101929787546396 -0.0126969525590539
1833 0.03809292241930962 -0.01101929787546396 -0.004599983803927898
1834 0.02189898863434792 -0.01101929787546396 -0.02079392224550247
1835 0.03809292241930962 -0.002922329120337963 0.0115939537063241
1836 0.03686431753244149 0.005294315505889464 0.01024600507683524
1837 0.04618989303708076 0.005174639634788036 0.0115939537063241
1838 0.02999595552682877 0.01327160838991404 0.04398183152079582
1839 0.03809292241930962 0.01327160838991404 0.04398183152079582
1840 0.03809292241930962 0.01327160838991404 0.05207879468798637
1841 0.02999595552682877 0.01327160838991404 0.05207879468798637
1842 0.02189898863434792 0.01327160838991404 0.06017576530575752
1843 0.02189898863434792 0.01327160838991404 0.06827273219823837
1844 -0.01858586072921753 -0.01101929787546396 0.05207879468798637
1845 0.02999595552682877 -0.01911626756191254 0.04398183152079582
1846 0.03809292241930962 -0.01911626756191254 0.04398183152079582
1847 0.0290695872525894 -0.01843864436489166 0.0526141038435288
1848 0.03696398803129163 -0.003965836522852869 -0.005458078352885942
1849 0.02999595552682877 -0.002922329120337963 -0.0126969525590539
1850 0.03809292241930962 -0.002922329120337963 0.03588486090302467
1851 -0.01858586072921753 -0.03531020507216454 0.0115939537063241
1852 0.02999595552682877 -0.02721323445439339 0.0115939537063241
1853 0.02189898863434792 -0.03531020507216454 0.0115939537063241
1854 0.02797171287238598 0.01124736666679382 0.03790910169482231
1855 0.03809292241930962 0.005174639634788036 0.03588486090302467
1856 0.04618989303708076 0.01327160838991404 0.0115939537063241
1857 0.03809292241930962 0.02136857807636261 0.0115939537063241
1858 0.02999595552682877 0.02946554496884346 0.0115939537063241
1859 0.02797171287238598 -0.00899505615234375 0.03790910169482231
1860 0.03809292241930962 -0.01101929787546396 0.03588486090302467
1861 0.02999595552682877 -0.01101929787546396 0.04398183152079582
1862 0.03945263895802204 -0.009871077781640305 0.04506067174242068
1863 0.03637226953269053 -0.009194767154844451 0.05156868385824179
1864 0.02999595552682877 -0.01101929787546396 0.05207879468798637
1865 0.02189898863434792 -0.01101929787546396 0.05207879468798637
1866 0.02189898863434792 -0.002922329120337963 0.05207879468798637
1867 -0.01858586072921753 0.01327160838991404 0.06017576530575752
1868 -0.01048889104276896 -0.01101929787546396 0.06827273219823837
1869 -0.02668282762169838 -0.01101929787546396 0.05207879468798637
1870 -0.01858586072921753 -0.01101929787546396 0.06827273219823837
1871 -0.03477979823946953 -0.01911626756191254 0.04398183152079582
1872 -0.03477979823946953 -0.01911626756191254 0.05207879468798637
1873 -0.02668282762169838 -0.02721323445439339 0.04398183152079582
1874 -0.02668282762169838 -0.01911626756191254 0.05207879468798637
1875 -0.01858586072921753 -0.03531020507216454 0.04398183152079582
1876 -0.01858586072921753 -0.03531020507216454 0.05207879468798637
1877 -0.01858586072921753 -0.02721323445439339 0.05207879468798637
1878 -0.01858586072921753 -0.01911626756191254 0.06017576530575752
1879 0.01380201522260904 0.01327160838991404 0.06827273219823837
1880 0.005705046467483044 -0.02721323445439339 0.06017576530575752
1881 0.005705046467483044 -0.03531020507216454 0.04398183152079582
1882 0.005705046467483044 -0.03531020507216454 0.05207879468798637
1883 0.01380201522260904 -0.04340717568993568 0.04398183152079582
1884 0.02189898863434792 -0.04340717568993568 0.04398183152079582
1885 0.01380201522260904 -0.05150413885712624 0.04398183152079582
1886 0.01380201522260904 -0.04340717568993568 0.05207879468798637
1887 0.01380201522260904 -0.02721323445439339 0.06017576530575752
1888 0.01380201522260904 -0.03531020507216454 0.06017576530575752
1889 0.005705046467483044 -0.04340717568993568 0.04398183152079582
1890 0.005705046467483044 -0.05150413885712624 0.04398183152079582
1891 0.005705046467483044 -0.04340717568993568 0.05207879468798637
1892 -0.002391922287642956 -0.03531020507216454 0.05207879468798637
1893 -0.002391922287642956 -0.02721323445439339 0.06017576530575752
1894 -0.01048889104276896 -0.02721323445439339 0.06017576530575752
1895 0.003680804278701544 -0.02114051021635532 0.04600607231259346
1896 0.003680804278701544 -0.02114051021635532 0.05005455389618874
1897 0.005705046467483044 -0.01911626756191254 0.06827273219823837
1898 -0.002391922287642956 -0.01911626756191254 0.06827273219823837
1899 0.005705046467483044 -0.03531020507216454 0.06017576530575752
1900 0.005705046467483044 -0.04340717568993568 0.06017576530575752
1901 0.005705046467483044 -0.02721323445439339 0.06827273219823837
1902 0.02999595552682877 0.02946554496884346 0.04398183152079582
1903 0.03809292241930962 0.02946554496884346 0.04398183152079582
1904 0.02999595552682877 0.03756251558661461 0.04398183152079582
1905 0.02999595552682877 0.02946554496884346 0.05207879468798637
1906 0.005705046467483044 0.03756251558661461 0.04398183152079582
1907 0.005705046467483044 0.04565948620438576 0.04398183152079582
1908 0.005705046467483044 0.03756251558661461 0.05207879468798637
1909 0.01380201522260904 0.04565948620438576 0.04398183152079582
1910 0.02189898863434792 0.04565948620438576 0.04398183152079582
1911 0.01380201522260904 0.04565948620438576 0.05207879468798637
1912 0.005705046467483044 0.02946554496884346 0.05207879468798637
1913 0.01380201522260904 0.02946554496884346 0.06017576530575752
1914 0.02189898863434792 0.02946554496884346 0.06017576530575752
1915 0.01380201522260904 0.03756251558661461 0.06017576530575752
1916 0.009753530845046043 0.04161100089550018 0.08851515501737595
1917 0.01380201522260904 0.02946554496884346 0.06827273219823837
1918 0.005705046467483044 0.04565948620438576 0.03588486090302467
1919 0.005367672562392141 0.02136857838680366 0.05950101734035518
1920 0.005705046467483044 0.02136857807636261 0.06827273219823837
1921 0.005502622248604893 0.01306918421760201 0.06807030811905861
1922 -0.002391922287642956 0.03756251558661461 0.04398183152079582
1923 -0.002391922287642956 0.04565948620438576 0.04398183152079582
1924 -0.002391922287642956 0.05375644937157631 0.04398183152079582
1925 -0.006440406665205956 0.05780493468046188 0.07232121378183365
1926 -0.002391922287642956 0.04565948620438576 0.05207879468798637
1927 -0.002391922287642956 0.03756251558661461 0.05207879468798637
1928 -0.001815575464947708 0.03819509130618017 0.05861541074571305
1929 -0.006440406665205956 0.04161100089550018 0.08851515501737595
1930 -0.002391922287642956 0.02946554496884346 0.05207879468798637
1931 -0.001270259451830899 0.03121127745382383 0.06169301329969321
1932 -0.003690764943661948 0.02743545222383065 0.0669344975584857
1933 -0.001524389616916852 0.02151316706547339 0.05930823243546222
1934 -0.002391922287642956 0.02136857807636261 0.06827273219823837
1935 -0.002391922287642956 0.04565948620438576 0.03588486090302467
1936 -0.002391922287642956 0.05375644937157631 0.03588486090302467
1937 0.003680804278701544 0.0233928207308054 0.04600607231259346
1938 0.003680804278701544 0.0233928207308054 0.05005455389618874
1939 0.005705046467483044 0.02946554496884346 0.06017576530575752
1940 0.005705046467483044 0.03756251558661461 0.06017576530575752
1941 0.005705046467483044 0.02946554496884346 0.06827273219823837
1942 0.005705046467483044 0.04565948620438576 0.05207879468798637
1943 0.005705046467483044 0.04565948620438576 0.06017576530575752
1944 -0.0003676800988614559 0.0233928207308054 0.04600607231259346
1945 -0.0003676800988614559 -0.02114051021635532 0.04600607231259346
1946 0.03809292241930962 0.005174639634788036 0.04398183152079582
1947 0.03809292241930962 0.005174639634788036 0.05207879468798637
1948 0.02999595552682877 0.005174639634788036 0.05207879468798637
1949 0.02189898863434792 0.005174639634788036 0.06017576530575752
1950 0.02089208153658431 0.004416607133506644 0.06853619250009922
1951 -0.04287676885724068 -0.002922329120337963 0.04398183152079582
1952 -0.03477979823946953 -0.01101929787546396 0.04398183152079582
1953 -0.03403596952775794 -0.002644397558778894 0.05211574758247435
1954 -0.02668282762169838 -0.002922329120337963 0.06017576530575752
1955 -0.02668282762169838 -0.002922329120337963 0.06827273219823837
1956 -0.0550222173333168 -0.006970813497900963 0.07232121378183365
1957 -0.01858586072921753 -0.002922329120337963 0.06827273219823837
1958 0.005705046467483044 -0.04340717568993568 -0.004599983803927898
1959 0.005705046467483044 -0.05150413885712624 -0.004599983803927898
1960 0.005705046467483044 -0.03531020507216454 -0.0126969525590539
1961 0.005705046467483044 -0.03531020507216454 -0.02079392224550247
1962 0.005705046467483044 0.005174639634788036 -0.0126969525590539
1963 0.005705046467483044 -0.002922329120337963 -0.0126969525590539
1964 0.01527682892421559 -0.005307229417988654 -0.0101218314954386
1965 -0.002391922287642956 -0.002922329120337963 -0.0126969525590539
1966 0.005705046467483044 -0.01101929787546396 -0.02079392224550247
1967 0.005705046467483044 0.03756251558661461 0.003496984951198101
1968 0.005705046467483044 0.04565948620438576 -0.004599983803927898
1969 -0.002391922287642956 0.04565948620438576 -0.004599983803927898
1970 0.005705046467483044 0.04565948620438576 -0.0126969525590539
1971 0.005705046467483044 0.03756251558661461 -0.0126969525590539
1972 -0.002391922287642956 0.03756251558661461 -0.0126969525590539
1973 -0.006440406665205956 0.05780493468046188 -0.04103634506464005
1974 -0.006440406665205956 0.04161100089550018 -0.05723027884960175
1975 0.005705046467483044 0.02946554496884346 -0.0126969525590539
1976 0.005705046467483044 0.02946554496884346 -0.02079392224550247
1977 -0.002391922287642956 0.02946554496884346 -0.02079392224550247
1978 0.005705046467483044 0.02946554496884346 -0.02889088913798332
1979 0.005705046467483044 0.01327160838991404 -0.0126969525590539
1980 0.005705046467483044 0.02136857807636261 -0.0126969525590539
1981 -0.01048889104276896 0.03756251558661461 -0.004599983803927898
1982 -0.01048889104276896 0.04565948620438576 -0.004599983803927898
1983 -0.01048889104276896 0.03756251558661461 -0.0126969525590539
1984 -0.002391922287642956 0.02946554496884346 -0.0126969525590539
1985 -0.004644036406099529 0.02130598054952607 -0.01221753592199441
1986 -0.002391922287642956 0.02136857807636261 -0.02079392224550247
1987 -0.01048889104276896 0.02136857807636261 -0.02079392224550247
1988 -0.002391922287642956 0.01327160838991404 -0.02079392224550247
1989 -0.002391922287642956 0.02136857807636261 -0.02889088913798332
1990 0.005705046467483044 0.01327160838991404 -0.02079392224550247
1991 0.0320201963186264 -0.0008980869315564632 0.04195759072899818
1992 0.03809292241930962 -0.002922329120337963 0.04398183152079582
1993 0.03606868162751198 -0.0008980869315564632 0.04195759072899818
1994 0.03606868162751198 0.003150397446006536 0.04195759072899818
1995 0.04618989303708076 0.005174639634788036 0.04398183152079582
1996 0.05428685620427132 0.005174639634788036 0.04398183152079582
1997 0.04618989303708076 0.005174639634788036 0.05207879468798637
1998 0.0412736226615931 0.009259661381420821 0.09172104981156255
1999 0.04618989303708076 0.005174639634788036 0.03588486090302467
2000 0.0364351246517123 -0.0008798950116268952 0.03755173143326643
2001 0.04618989303708076 -0.002922329120337963 0.03588486090302467
2002 0.0320201963186264 0.003150397446006536 0.04195759072899818
2003 0.0320201963186264 0.007198881823569536 0.04195759072899818
2004 0.0320201963186264 0.003150397446006536 0.04600607231259346
2005 0.02999595552682877 -0.002922329120337963 0.05207879468798637
2006 0.02977152494044444 0.004318624440057991 0.05896504247196874
2007 0.02896477019808842 0.00360515447483635 0.06735262495858935
2008 0.03361567717439914 -0.006174970070119708 0.04363627727919356
2009 0.0320201963186264 -0.0008980869315564632 0.04600607231259346
2010 0.0320201963186264 -0.0008980869315564632 0.05005455389618874
2011 0.03809292241930962 -0.002922329120337963 0.05207879468798637
2012 0.04618989303708076 -0.002922329120337963 0.05207879468798637
2013 0.05428685620427132 -0.002922329120337963 0.05207879468798637
2014 0.03809292241930962 -0.002922329120337963 0.06017576530575752
2015 0.03809292241930962 -0.002922329120337963 0.06827273219823837
2016 0.03173618409932465 -0.0005830901186961409 0.06001568390082186
2017 0.0320201963186264 -0.0008980869315564632 0.03790910169482231
2018 0.02775435269188507 0.006709822826123531 0.04187044459520899
2019 0.02797171287238598 0.007198881823569536 0.04600607231259346
2020 0.02797171287238598 0.003150397446006536 0.04600607231259346
2021 0.02797171287238598 -0.00899505615234375 0.04195759072899818
2022 0.02797171287238598 -0.004946571309119463 0.04600607231259346
2023 0.02797171287238598 -0.0008980869315564632 0.04600607231259346
2024 0.02389410468717489 -0.001097844650131978 0.04485588393833359
2025 0.0239232312887907 -0.0008980869315564632 0.05005455389618874
2026 0.02169656436890364 -0.002719904901459813 0.05997334122657774
2027 0.02797171287238598 -0.0008980869315564632 0.05005455389618874
2028 0.01987474597990513 0.003150397446006536 0.04600607231259346
2029 0.01984914598334367 0.002420485324185012 0.04968726105608324
2030 0.01380201522260904 0.005174639634788036 0.06827273219823837
2031 0.0239232312887907 0.007198881823569536 0.04600607231259346
2032 0.0239232312887907 0.007198881823569536 0.05005455389618874
2033 0.0239232312887907 0.003150397446006536 0.04600607231259346
2034 0.0239232312887907 0.003150397446006536 0.05005455389618874
2035 0.0239232312887907 0.003150397446006536 0.05410303547978401
2036 0.01380201522260904 -0.002922329120337963 0.06827273219823837
2037 0.01987474597990513 -0.004946571309119463 0.04600607231259346
2038 0.01943537637583356 -0.001742140346926825 0.04683519546297417
2039 0.01987474597990513 -0.0008980869315564632 0.05005455389618874
2040 0.01987474597990513 0.007198881823569536 0.04600607231259346
2041 0.01987474597990513 0.007198881823569536 0.05005455389618874
2042 0.02189898863434792 -0.01101929787546396 0.06017576530575752
2043 -0.002391922287642956 -0.002922329120337963 0.06827273219823837
2044 0.02189898863434792 -0.002922329120337963 0.06827273219823837
2045 0.01987474597990513 0.003150397446006536 0.05410303547978401
2046 0.01683837734162807 -0.001910208025947213 0.042969711124897
2047 0.01683837734162807 0.002138276351615787 0.042969711124897
2048 0.01886262558400631 0.0001140341628342867 0.042969711124897
2049 0.01886262558400631 0.0001140341628342867 0.04499395191669464
2050 0.01683837734162807 0.0001140341628342867 0.042969711124897
2051 0.01683837734162807 0.0001140341628342867 0.04499395191669464
2052 0.0320201963186264 -0.0008980869315564632 0.001472742762416601
2053 0.03606868162751198 -0.0008980869315564632 0.001472742762416601
2054 0.04011716321110725 -0.0008980869315564632 0.001472742762416601
2055 0.04618989303708076 -0.002922329120337963 0.003496984951198101
2056 0.05428685620427132 -0.002922329120337963 0.003496984951198101
2057 0.06238382682204247 -0.002922329120337963 0.003496984951198101
2058 0.05428685620427132 -0.01101929787546396 0.003496984951198101
2059 0.05428685620427132 -0.002922329120337963 0.0115939537063241
2060 0.04618989303708076 0.005174639634788036 0.003496984951198101
2061 0.04618989303708076 0.01327160838991404 0.003496984951198101
2062 0.04618989303708076 0.005174639634788036 -0.004599983803927898
2063 0.04618989303708076 -0.01101929787546396 -0.004599983803927898
2064 0.04618989303708076 -0.002922329120337963 0.0115939537063241
2065 0.04618989303708076 -0.002922329120337963 -0.004599983803927898
2066 0.04618989303708076 -0.002922329120337963 -0.0126969525590539
2067 0.03809292241930962 0.02136857807636261 0.003496984951198101
2068 0.03809292241930962 0.005174639634788036 -0.004599983803927898
2069 0.03809292241930962 0.005174639634788036 -0.0126969525590539
2070 0.03809292241930962 -0.002922329120337963 -0.0126969525590539
2071 0.03809292241930962 -0.01911626756191254 -0.004599983803927898
2072 0.03884845074002741 -0.01339992070615852 -0.01456438714353469
2073 0.03350852013463076 0.005603631221280172 0.001792400388799658
2074 0.03155217998064167 0.005536604127317905 -0.003766837491608748
2075 0.04618989303708076 0.01327160838991404 -0.004599983803927898
2076 0.04618989303708076 0.005174639634788036 -0.0126969525590539
2077 0.02999595552682877 0.005174639634788036 -0.0126969525590539
2078 0.03809292241930962 0.02136857807636261 -0.004599983803927898
2079 0.03809292241930962 0.01327160838991404 -0.0126969525590539
2080 0.02999595552682877 0.005174639634788036 -0.02079392224550247
2081 0.02999595552682877 -0.002922329120337963 -0.02079392224550247
2082 0.0320201963186264 -0.004946571309119463 0.001472742762416601
2083 0.0320201963186264 -0.0008980869315564632 0.005521227139979601
2084 0.0320201963186264 -0.0008980869315564632 0.009569711983203888
2085 0.0320201963186264 -0.0008980869315564632 -0.002575741615146399
2086 0.02189898863434792 0.005174639634788036 -0.02079392224550247
2087 0.02189898863434792 -0.002922329120337963 -0.02079392224550247
2088 0.02797171287238598 0.007198881823569536 0.001472742762416601
2089 0.02797171287238598 -0.00899505615234375 0.001472742762416601
2090 0.02780902132918846 -0.008703452792041939 -0.002660596976350383
2091 0.02999595552682877 -0.01911626756191254 -0.0126969525590539
2092 0.02999595552682877 -0.01101929787546396 -0.02079392224550247
2093 0.02841552364465456 -0.001671872114308812 -0.004919906216991437
2094 0.02797171287238598 -0.0008980869315564632 -0.01067271083593369
2095 0.02999595552682877 -0.002922329120337963 -0.02889088913798332
2096 0.01458322354670603 -0.002816652864758148 -0.01956920287468254
2097 0.02189898863434792 -0.002922329120337963 -0.02889088913798332
2098 0.02999595552682877 0.01327160838991404 -0.02079392224550247
2099 0.02999595552682877 0.005174639634788036 -0.02889088913798332
2100 0.01380201522260904 0.005174639634788036 -0.02079392224550247
2101 0.02591943786883642 0.006377733043413433 -0.006312966987760579
2102 0.0239232312887907 0.003150397446006536 -0.01067271083593369
2103 0.02189898863434792 0.005174639634788036 -0.02889088913798332
2104 0.01987474597990513 -0.0008980869315564632 -0.006624225992709398
2105 0.02516887127833611 -0.005587796627468907 -0.007104008585932258
2106 0.02398387817105466 -1.991272089203476e-05 -0.006208002953465043
2107 0.0239232312887907 -0.0008980869315564632 -0.01067271083593369
2108 0.001763327417184226 4.022399011964134e-05 -0.02766105683852581
2109 0.01987474597990513 0.003150397446006536 -0.006624225992709398
2110 0.01316690375904524 -0.01005695838839811 -0.02139715749543674
2111 0.01409019293463461 -0.000455858804608712 -0.006318751710683056
2112 0.01492840011558649 -0.0001212150055482566 -0.01114788007508377
2113 0.01380201522260904 -0.002922329120337963 -0.02889088913798332
2114 0.009753530845046043 -0.02316475100815296 -0.05723027884960175
2115 0.005705046467483044 0.005174639634788036 -0.02079392224550247
2116 0.01380201522260904 0.01327160838991404 -0.02079392224550247
2117 0.01375718888634847 0.003901341852022308 -0.03237168482002643
2118 0.01987474597990513 -0.004946571309119463 -0.006624225992709398
2119 0.01987474597990513 -0.0008980869315564632 -0.01067271083593369
2120 0.007729288656264544 0.007198881823569536 0.02576364763081074
2121 0.01177777349948883 -0.004946571309119463 0.02576364763081074
2122 -0.004416164476424456 0.003150397446006536 0.02576364763081074
2123 -0.0003676800988614559 0.007198881823569536 0.02576364763081074
2124 0.003680804278701544 0.007198881823569536 0.02576364763081074
2125 0.003680804278701544 0.01124736666679382 0.02576364763081074
2126 0.003680804278701544 0.007198881823569536 0.02171516604721546
2127 0.003680804278701544 -0.004946571309119463 0.02576364763081074
2128 -0.008464649319648743 0.003150397446006536 0.02576364763081074
2129 -0.008464649319648743 -0.0008980869315564632 0.02576364763081074
2130 -0.008464649319648743 0.003150397446006536 0.02171516604721546
2131 -0.004416164476424456 0.007198881823569536 0.02576364763081074
2132 -0.004416164476424456 -0.0008980869315564632 0.02576364763081074
2133 -0.003329490577266819 0.003776201245564426 0.02067265957264373
2134 -0.0003676800988614559 0.01124736666679382 0.02576364763081074
2135 -0.0003676800988614559 0.01124736666679382 0.02171516604721546
2136 -0.0003676800988614559 0.007198881823569536 0.02171516604721546
2137 -0.0003676800988614559 -0.004946571309119463 0.02576364763081074
2138 -0.0003676800988614559 -0.00899505615234375 0.02576364763081074
2139 0.007729288656264544 -0.004946571309119463 0.02576364763081074
2140 0.003680804278701544 -0.004946571309119463 0.02171516604721546
2141 -0.004416164476424456 -0.004946571309119463 0.02576364763081074
2142 -0.008464649319648743 -0.004946571309119463 0.02576364763081074
2143 -0.004416164476424456 -0.00899505615234375 0.02576364763081074
2144 -0.004416164476424456 -0.0008980869315564632 0.02171516604721546
2145 -0.0003676800988614559 -0.004946571309119463 0.02171516604721546
2146 0.007729288656264544 -0.00899505615234375 0.02576364763081074
2147 0.007729288656264544 -0.004946571309119463 0.02171516604721546
2148 0.01987474597990513 -0.00899505615234375 0.04600607231259346
2149 0.01987474597990513 -0.00899505615234375 0.05005455389618874
2150 0.01582625694572926 -0.01304353959858418 0.04600607231259346
2151 0.01582625694572926 -0.01304353959858418 0.05005455389618874
2152 0.01380201522260904 -0.01911626756191254 0.06827273219823837
2153 0.004589987098981967 -0.01119106481567216 0.07017386067139719
2154 0.01380201522260904 -0.01101929787546396 0.06827273219823837
2155 0.01380201522260904 -0.01101929787546396 0.07636969536542892
2156 0.02319090806150364 -0.004959413947561045 0.04502871582894469
2157 0.01987474597990513 -0.004946571309119463 0.05005455389618874
2158 0.01987474597990513 0.01124736666679382 0.04600607231259346
2159 0.01582625694572926 0.01529585011303425 0.04600607231259346
2160 0.01987474597990513 0.007198881823569536 0.05410303547978401
2161 0.01582625694572926 -0.01304353959858418 0.05410303547978401
2162 0.01177777349948883 -0.01709202490746975 0.05410303547978401
2163 0.02189898863434792 -0.01911626756191254 0.06017576530575752
2164 0.02999595552682877 -0.01911626756191254 0.06017576530575752
2165 0.02189898863434792 -0.02721323445439339 0.06017576530575752
2166 0.02189898863434792 -0.01911626756191254 0.06827273219823837
2167 0.01380201522260904 -0.04340717568993568 0.06017576530575752
2168 0.01380201522260904 -0.02721323445439339 0.06827273219823837
2169 0.01440910681668016 -0.01767061512931358 0.0754599877600084
2170 0.01499546951592045 -0.01795372323693467 0.08436116830854225
2171 -0.002054548550707592 -0.01034455044039835 0.06827273225644601
2172 0.005705046467483044 -0.002922329120337963 0.06827273219823837
2173 0.005705046467483044 -0.01101929787546396 0.07636969536542892
2174 -0.002391922287642956 -0.01101929787546396 0.07636969536542892
2175 -0.002001779214468333 -0.009391534045675136 0.08427390145366591
2176 0.005705046467483044 -0.01911626756191254 0.07636969536542892
2177 0.005705046467483044 -0.01911626756191254 0.08446667343378067
2178 0.005705046467483044 0.005174639634788036 0.06827273219823837
2179 0.005705046467483044 -0.002922329120337963 0.07636969536542892
2180 0.007729288656264544 -0.02114051021635532 0.05410303547978401
2181 0.01987474597990513 0.007198881823569536 0.05815152451395988
2182 0.02999595552682877 0.01327160838991404 0.06017576530575752
2183 0.02999595552682877 0.02136857807636261 0.06017576530575752
2184 0.02999595552682877 0.02946554496884346 0.06017576530575752
2185 0.02999595552682877 0.01327160838991404 0.06827273219823837
2186 0.02189898863434792 0.02136857807636261 0.06827273219823837
2187 0.02189898863434792 0.01327160838991404 0.07636969536542892
2188 0.02189898863434792 0.01327160838991404 0.08446667343378067
2189 0.01380201522260904 0.01327160838991404 0.07636969536542892
2190 0.01380201522260904 0.02136857807636261 0.07636969536542892
2191 0.01380201522260904 0.01327160838991404 0.08446667343378067
2192 0.01380201522260904 -0.002922329120337963 0.07636969536542892
2193 0.01380690594495431 0.004931948042102205 0.07857544218250449
2194 0.02189898863434792 0.005174639634788036 0.07636969536542892
2195 0.02189898863434792 0.005174639634788036 0.08446667343378067
2196 0.005705046467483044 0.005174639634788036 0.07636969536542892
2197 0.005705046467483044 0.005174639634788036 0.08446667343378067
2198 0.01380201522260904 0.005174639634788036 0.08446667343378067
2199 0.01380201522260904 0.005174639634788036 0.09256363660097122
2200 -0.01069131521508098 0.005377063853666186 0.06807030811905861
2201 -0.002391922287642956 0.01327160838991404 0.06827273219823837
2202 -0.002752120974244946 0.006354500442987608 0.06900138800829538
2203 -0.003250685631757035 0.006823467221263041 0.0770125161064434
2204 -0.002391922287642956 0.005174639634788036 0.08446667343378067
2205 0.005705046467483044 0.01327160838991404 0.07636969536542892
2206 0.005705046467483044 0.02136857807636261 0.07636969536542892
2207 0.005705046467483044 0.01327160838991404 0.08446667343378067
2208 0.01987474597990513 0.01124736666679382 0.05005455389618874
2209 0.01582625694572926 0.01529585011303425 0.05005455389618874
2210 -0.01048889104276896 0.01327160838991404 0.06827273219823837
2211 -0.01858586072921753 0.02136857807636261 0.05207879468798637
2212 -0.02668282762169838 0.02136857807636261 0.05207879468798637
2213 -0.03477979823946953 0.02136857807636261 0.05207879468798637
2214 -0.01858586072921753 0.02946554496884346 0.05207879468798637
2215 -0.01858586072921753 0.03756251558661461 0.05207879468798637
2216 -0.01858586072921753 0.02136857807636261 0.06017576530575752
2217 -0.01772625223439181 0.0194874139062561 0.06914664312682435
2218 -0.01048889104276896 0.04565948620438576 0.05207879468798637
2219 -0.01048889104276896 0.03756251558661461 0.06017576530575752
2220 -0.01048889104276896 0.02946554496884346 0.06017576530575752
2221 -0.00923010063982542 0.02998263138406206 0.06679127402641898
2222 -0.01048889104276896 0.02136857807636261 0.07636969536542892
2223 -0.02668282762169838 0.01327160838991404 0.06017576530575752
2224 -0.01755972884885042 0.01362503641915049 0.06666707875381217
2225 -0.01048889104276896 0.01327160838991404 0.07636969536542892
2226 -0.01048889104276896 0.01327160838991404 0.08446667343378067
2227 -0.01858586072921753 0.005174639634788036 0.06827273219823837
2228 -0.01048889104276896 -0.002922329120337963 0.06827273219823837
2229 -0.01086518134167088 0.006961023139671126 0.07793585610859101
2230 -0.01048889104276896 0.005174639634788036 0.08446667343378067
2231 -0.01656161807477474 0.01124736666679382 0.05410303547978401
2232 -0.02061010338366032 0.01124736666679382 0.05410303547978401
2233 -0.03542708643267851 0.01337852668945047 0.05163608020490326
2234 -0.04287676885724068 0.01327160838991404 0.05207879468798637
2235 -0.05097373202443123 0.01327160838991404 0.05207879468798637
2236 -0.044909300719545 0.0206083924807171 0.05126579191422737
2237 -0.03477979823946953 0.005174639634788036 0.05207879468798637
2238 -0.03297828899108538 0.01342029724074709 0.05991580212704986
2239 -0.03477979823946953 0.02136857807636261 0.06017576530575752
2240 -0.04676070534526117 0.03110558831530132 0.09195758066254806
2241 -0.03477979823946953 0.01327160838991404 0.06827273219823837
2242 -0.02668282762169838 0.02946554496884346 0.05207879468798637
2243 -0.03477979823946953 0.02946554496884346 0.05207879468798637
2244 -0.02668282762169838 0.03756251558661461 0.05207879468798637
2245 -0.02668282762169838 0.02136857807636261 0.06017576530575752
2246 -0.02668282762169838 0.02136857807636261 0.06827273219823837
2247 -0.02668282762169838 0.01327160838991404 0.06827273219823837
2248 -0.01858586072921753 0.02946554496884346 0.06017576530575752
2249 -0.01858586072921753 0.03756251558661461 0.06017576530575752
2250 -0.01858586072921753 0.02946554496884346 0.06827273219823837
2251 -0.01858586072921753 0.01327160838991404 0.07636969536542892
2252 -0.01858586072921753 0.02136857807636261 0.07636969536542892
2253 -0.01858586072921753 0.01327160838991404 0.08446667343378067
2254 -0.01251313276588917 0.01529585011303425 0.05410303547978401
2255 0.01683837734162807 -0.003934450447559357 0.04904243350028992
2256 0.0239232312887907 -0.004946571309119463 0.05005455389618874
2257 0.02797171287238598 -0.004946571309119463 0.05005455389618874
2258 0.03809292241930962 -0.01911626756191254 0.05207879468798637
2259 0.02999595552682877 -0.02721323445439339 0.05207879468798637
2260 0.02906530226816696 -0.01054785913439512 0.06174552515518257
2261 0.03809292241930962 -0.01101929787546396 0.06017576530575752
2262 0.02999595552682877 -0.01101929787546396 0.06827273219823837
2263 0.0239232312887907 -0.00899505615234375 0.05005455389618874
2264 0.0239232312887907 -0.004946571309119463 0.05410303547978401
2265 0.01987474597990513 -0.01304353959858418 0.05005455389618874
2266 0.02189898863434792 -0.03531020507216454 0.05207879468798637
2267 0.01987474597990513 -0.00899505615234375 0.05410303547978401
2268 0.02189898863434792 -0.01101929787546396 0.06827273219823837
2269 0.02215402963853831 -0.01170725147068689 0.07408851294647849
2270 0.02189898863434792 -0.01101929787546396 0.08446667343378067
2271 0.01987474597990513 -0.004946571309119463 0.05410303547978401
2272 0.01987474597990513 -0.0008980869315564632 0.05410303547978401
2273 0.01987474597990513 -0.004946571309119463 0.05815152451395988
2274 0.01582625694572926 -0.01709202490746975 0.05005455389618874
2275 -0.002857087978380132 -0.00126101929227873 0.07657928216284879
2276 -0.003541867505379445 -0.003415778536658919 0.08340564787263008
2277 -0.02668282762169838 -0.01101929787546396 0.06017576530575752
2278 -0.02668282762169838 -0.01101929787546396 0.06827273219823837
2279 -0.01048889104276896 -0.01911626756191254 0.06827273219823837
2280 -0.02061010338366032 -0.004946571309119463 0.05410303547978401
2281 -0.03430666719128466 -0.01103519138279114 0.05244696565622466
2282 -0.01858586072921753 -0.002922329120337963 0.07636969536542892
2283 -0.02668282762169838 -0.002922329120337963 0.07636969536542892
2284 -0.01858586072921753 -0.01101929787546396 0.07636969536542892
2285 0.01987474597990513 0.003150397446006536 0.05815152451395988
2286 0.0239232312887907 0.003150397446006536 0.05815152451395988
2287 0.03862015205586359 0.003391988359803139 0.05900987756368137
2288 0.03745294163777221 0.005392041268988684 0.06824993178784219
2289 0.03030803267328463 -0.003264382878641 0.06645456831338295
2290 0.02999595552682877 0.005174639634788036 0.07636969536542892
2291 0.02999595552682877 0.005174639634788036 0.08446667343378067
2292 0.01987474597990513 -0.0008980869315564632 0.05815152451395988
2293 0.01987474597990513 0.003150397446006536 0.06220000609755516
2294 0.0211787599293377 -0.003007094046643777 0.07682519438002809
2295 0.02189898863434792 -0.002922329120337963 0.08446667343378067
2296 -0.01656161807477474 -0.00899505615234375 0.05410303547978401
2297 -0.03477979823946953 -0.01101929787546396 0.06017576530575752
2298 -0.02668282762169838 -0.01911626756191254 0.06017576530575752
2299 -0.01858586072921753 -0.02721323445439339 0.06017576530575752
2300 -0.01858586072921753 -0.01911626756191254 0.06827273219823837
2301 -0.01251313276588917 -0.01709202490746975 0.05410303547978401
2302 -0.01048889104276896 -0.03531020507216454 0.05207879468798637
2303 -0.02668282762169838 -0.02721323445439339 0.05207879468798637
2304 -0.01048889104276896 -0.03531020507216454 0.06017576530575752
2305 -0.01048889104276896 -0.03531020507216454 0.06827273219823837
2306 -0.01048889104276896 -0.02721323445439339 0.06827273219823837
2307 -0.01048889104276896 -0.01911626756191254 0.07636969536542892
2308 -0.002391922287642956 0.02136857807636261 0.07636969536542892
2309 0.005705046467483044 0.02946554496884346 0.07636969536542892
2310 -0.002391922287642956 0.01327160838991404 0.07636969536542892
2311 -0.002391922287642956 0.01327160838991404 0.08446667343378067
2312 -0.002391922287642956 0.04565948620438576 0.06017576530575752
2313 -0.002391922287642956 0.02946554496884346 0.07636969536542892
2314 0.005705046467483044 0.01327160838991404 0.09256363660097122
2315 -0.04287676885724068 0.01327160838991404 0.04398183152079582
2316 -0.03477979823946953 0.02136857807636261 0.04398183152079582
2317 -0.02668282762169838 0.02946554496884346 0.04398183152079582
2318 -0.01858586072921753 0.02946554496884346 0.04398183152079582
2319 -0.01858586072921753 0.03756251558661461 0.04398183152079582
2320 -0.01656161807477474 0.01124736666679382 0.04600607231259346
2321 -0.01251313276588917 0.01529585011303425 0.04600607231259346
2322 -0.04287676885724068 0.01327160838991404 0.03588486090302467
2323 -0.03477979823946953 0.02136857807636261 0.03588486090302467
2324 -0.02061010338366032 0.007198881823569536 0.05410303547978401
2325 -0.02465858496725559 0.007198881823569536 0.05410303547978401
2326 -0.03477979823946953 0.005174639634788036 0.06017576530575752
2327 -0.03477979823946953 -0.002922329120337963 0.06017576530575752
2328 -0.03477979823946953 0.005174639634788036 0.06827273219823837
2329 -0.02668282762169838 0.005174639634788036 0.06827273219823837
2330 -0.02061010338366032 0.007198881823569536 0.05815152451395988
2331 -0.01858586072921753 0.005174639634788036 0.07636969536542892
2332 -0.01858586072921753 0.005174639634788036 0.08446667343378067
2333 -0.01251313276588917 0.007198881823569536 0.06624849140644073
2334 0.0239232312887907 0.007198881823569536 0.05410303547978401
2335 0.01987474597990513 0.01124736666679382 0.05410303547978401
2336 0.01582625694572926 0.01529585011303425 0.05410303547978401
2337 0.0239232312887907 0.007198881823569536 0.05815152451395988
2338 0.01987474597990513 0.01124736666679382 0.05815152451395988
2339 0.01987474597990513 0.007198881823569536 0.06220000609755516
2340 0.01582625694572926 0.01529585011303425 0.05815152451395988
2341 0.02189898863434792 0.03756251558661461 0.06017576530575752
2342 0.02189898863434792 0.02946554496884346 0.06827273219823837
2343 0.01380201522260904 0.04565948620438576 0.06017576530575752
2344 0.01380201522260904 0.03756251558661461 0.06827273219823837
2345 0.01380201522260904 0.02946554496884346 0.07636969536542892
2346 0.02189898863434792 0.02136857807636261 0.07636969536542892
2347 0.01380201522260904 0.01327160838991404 0.09256363660097122
2348 0.01582625694572926 0.007198881823569536 0.06624849140644073
2349 0.01683837734162807 0.00618676096200943 0.042969711124897
2350 0.0239232312887907 -0.0008980869315564632 0.05410303547978401
2351 0.0239232312887907 -0.004946571309119463 0.05815152451395988
2352 0.02797171287238598 -0.004946571309119463 0.05815152451395988
2353 0.01837134158697589 -0.008470747968394652 0.05812932482250339
2354 0.01885008791795294 -0.005617414004699977 0.06205338179966456
2355 0.01987474597990513 -0.004946571309119463 0.06624849140644073
2356 0.01582625694572926 -0.01304353959858418 0.05815152451395988
2357 0.01582625694572926 -0.00899505615234375 0.06624849140644073
2358 0.01582625694572926 -0.004946571309119463 0.06624849140644073
2359 0.0239232312887907 -0.00899505615234375 0.05410303547978401
2360 0.01987474597990513 -0.01304353959858418 0.05410303547978401
2361 0.01582625694572926 -0.01709202490746975 0.05410303547978401
2362 0.01177777349948883 -0.01709202490746975 0.04600607231259346
2363 0.01177777349948883 -0.01709202490746975 0.05005455389618874
2364 0.005705046467483044 -0.01101929787546396 0.08446667343378067
2365 0.01177777349948883 -0.01709202490746975 0.05815152451395988
2366 0.01177777349948883 -0.00899505615234375 0.06624849140644073
2367 0.01177777349948883 0.01934433542191982 0.04600607231259346
2368 0.007729288656264544 0.01934433542191982 0.04600607231259346
2369 0.005705046467483044 0.005174639634788036 0.09256363660097122
2370 0.01177777349948883 0.003150397446006536 0.06624849140644073
2371 0.003680804278701544 0.01934433542191982 0.05005455389618874
2372 -0.004416164476424456 0.01934433542191982 0.05005455389618874
2373 -0.0003676800988614559 0.01934433542191982 0.05005455389618874
2374 -0.0003676800988614559 0.0233928207308054 0.05005455389618874
2375 -0.0003676800988614559 0.02744130231440067 0.05005455389618874
2376 -0.0003676800988614559 0.01934433542191982 0.05410303547978401
2377 -0.0003676800988614559 0.01934433542191982 0.04600607231259346
2378 -0.0003676800988614559 0.01934433542191982 0.05815152451395988
2379 -0.0003676800988614559 0.01529585011303425 0.06624849140644073
2380 -0.01251313276588917 0.01934433542191982 0.05815152451395988
2381 -0.008464649319648743 0.01934433542191982 0.05815152451395988
2382 -0.008464649319648743 0.0233928207308054 0.05815152451395988
2383 -0.01048889104276896 0.04565948620438576 0.06017576530575752
2384 -0.01048889104276896 0.03756251558661461 0.06827273219823837
2385 -0.01048889104276896 0.02946554496884346 0.07636969536542892
2386 -0.008464649319648743 0.01934433542191982 0.06220000609755516
2387 -0.01048889104276896 0.02136857807636261 0.08446667343378067
2388 -0.008464649319648743 0.01529585011303425 0.06624849140644073
2389 -0.004416164476424456 0.01934433542191982 0.05815152451395988
2390 -0.004416164476424456 0.0233928207308054 0.05815152451395988
2391 -0.004416164476424456 0.02744130231440067 0.05815152451395988
2392 -0.004126955294650264 0.01852585715757022 0.06205395232032031
2393 -0.004416164476424456 0.01934433542191982 0.06624849140644073
2394 -0.004416164476424456 0.01934433542191982 0.05410303547978401
2395 -0.004416164476424456 0.01124736666679382 0.06624849140644073
2396 -0.004416164476424456 0.01529585011303425 0.06624849140644073
2397 -0.004416164476424456 0.01529585011303425 0.07029697299003601
2398 -0.002391922287642956 0.02136857807636261 0.08446667343378067
2399 -0.002391922287642956 0.01327160838991404 0.09256363660097122
2400 0.003680804278701544 0.01934433542191982 0.05410303547978401
2401 0.0239232312887907 -0.0008980869315564632 0.05815152451395988
2402 0.01987474597990513 -0.0008980869315564632 0.06220000609755516
2403 0.01582625694572926 -0.0008980869315564632 0.06624849140644073
2404 -0.008464649319648743 -0.01709202490746975 0.05410303547978401
2405 -0.01048889104276896 -0.002922329120337963 0.07636969536542892
2406 -0.01048889104276896 -0.002922329120337963 0.08446667343378067
2407 -0.01048889104276896 -0.01101929787546396 0.07636969536542892
2408 -0.02668282762169838 -0.01101929787546396 0.07636969536542892
2409 -0.01048889104276896 -0.01101929787546396 0.08446667343378067
2410 -0.01048889104276896 -0.01101929787546396 0.09256363660097122
2411 0.003680804278701544 0.01934433542191982 0.04600607231259346
2412 0.007729288656264544 0.0233928207308054 0.04600607231259346
2413 0.007729288656264544 0.01934433542191982 0.05005455389618874
2414 -0.004416164476424456 0.01934433542191982 0.04600607231259346
2415 0.01177777349948883 0.01934433542191982 0.05005455389618874
2416 0.007729288656264544 0.0233928207308054 0.05005455389618874
2417 0.007729288656264544 0.01934433542191982 0.05410303547978401
2418 -0.002391922287642956 -0.03531020507216454 0.06017576530575752
2419 -0.002391922287642956 -0.02721323445439339 0.06827273219823837
2420 -0.001176062755336861 -0.01936382007751306 0.07521518070991623
2421 -0.008464649319648743 -0.02114051021635532 0.05410303547978401
2422 -0.01048889104276896 -0.04340717568993568 0.05207879468798637
2423 -0.01048889104276896 -0.05150413885712624 0.05207879468798637
2424 -0.008464649319648743 -0.01709202490746975 0.05815152451395988
2425 -0.008464649319648743 -0.01709202490746975 0.05005455389618874
2426 -0.008464649319648743 0.01934433542191982 0.04600607231259346
2427 -0.004416164476424456 0.0233928207308054 0.04600607231259346
2428 -0.02061010338366032 -0.0008980869315564632 0.04600607231259346
2429 -0.02465858496725559 -0.0008980869315564632 0.04600607231259346
2430 -0.02061010338366032 0.003150397446006536 0.04600607231259346
2431 -0.02061010338366032 -0.004946571309119463 0.04600607231259346
2432 -0.02061010338366032 -0.0008980869315564632 0.05005455389618874
2433 -0.02061010338366032 0.003150397446006536 0.05005455389618874
2434 -0.02465858496725559 0.003150397446006536 0.05005455389618874
2435 -0.01251313276588917 0.01529585011303425 0.05005455389618874
2436 -0.008464649319648743 0.01934433542191982 0.05005455389618874
2437 -0.004416164476424456 0.0233928207308054 0.05005455389618874
2438 -0.02465858496725559 -0.0008980869315564632 0.05005455389618874
2439 -0.02061010338366032 -0.004946571309119463 0.05005455389618874
2440 -0.02061010338366032 -0.0008980869315564632 0.05410303547978401
2441 -0.01656161807477474 -0.00899505615234375 0.05005455389618874
2442 -0.02465858496725559 -0.004946571309119463 0.05005455389618874
2443 -0.04287676885724068 -0.01101929787546396 0.05207879468798637
2444 -0.05097373202443123 -0.01101929787546396 0.05207879468798637
2445 -0.04287676885724068 -0.01911626756191254 0.05207879468798637
2446 -0.03477979823946953 -0.02721323445439339 0.05207879468798637
2447 -0.03477979823946953 -0.01911626756191254 0.06017576530575752
2448 -0.02061010338366032 -0.00899505615234375 0.05005455389618874
2449 -0.01656161807477474 -0.01304353959858418 0.05005455389618874
2450 -0.002391922287642956 -0.01101929787546396 0.09256363660097122
2451 -0.0003676800988614559 -0.02114051021635532 0.05815152451395988
2452 -0.002391922287642956 -0.04340717568993568 0.06017576530575752
2453 -0.002391922287642956 -0.03531020507216454 0.06827273219823837
2454 0.005705046467483044 -0.03531020507216454 0.06827273219823837
2455 -0.002391922287642956 -0.02721323445439339 0.07636969536542892
2456 0.005705046467483044 -0.02721323445439339 0.07636969536542892
2457 -0.002391922287642956 -0.01911626756191254 0.08446667343378067
2458 0.007729288656264544 -0.02114051021635532 0.05815152451395988
2459 0.005705046467483044 -0.05150413885712624 0.06017576530575752
2460 0.005705046467483044 -0.04340717568993568 0.06827273219823837
2461 0.005705046467483044 -0.02721323445439339 0.08446667343378067
2462 0.00633872901969562 -0.01982750447179695 0.09412360641556143
2463 0.003680804278701544 -0.02114051021635532 0.05815152451395988
2464 0.003680804278701544 -0.02114051021635532 0.06220000609755516
2465 0.003680804278701544 -0.02114051021635532 0.05410303547978401
2466 0.005705046467483044 -0.002922329120337963 0.08446667343378067
2467 0.003680804278701544 -0.01304353959858418 0.06624849140644073
2468 -0.004416164476424456 -0.02114051021635532 0.05815152451395988
2469 -0.0003676800988614559 -0.0251889917999506 0.05815152451395988
2470 -0.0003676800988614559 -0.0251889917999506 0.05410303547978401
2471 -0.0003676800988614559 -0.02114051021635532 0.06220000609755516
2472 -0.0003676800988614559 -0.02114051021635532 0.05410303547978401
2473 -0.0003676800988614559 -0.01709202490746975 0.06624849140644073
2474 -0.01656161807477474 -0.01304353959858418 0.05410303547978401
2475 -0.02061010338366032 -0.01304353959858418 0.05410303547978401
2476 -0.01656161807477474 -0.01709202490746975 0.05410303547978401
2477 -0.02668282762169838 -0.02721323445439339 0.06017576530575752
2478 -0.02668282762169838 -0.01911626756191254 0.06827273219823837
2479 -0.01858586072921753 -0.03531020507216454 0.06017576530575752
2480 -0.01858586072921753 -0.02721323445439339 0.06827273219823837
2481 -0.01858586072921753 -0.01911626756191254 0.07636969536542892
2482 -0.01858586072921753 -0.01911626756191254 0.08446667343378067
2483 -0.01656161807477474 -0.01304353959858418 0.05815152451395988
2484 -0.01251313276588917 -0.02114051021635532 0.05410303547978401
2485 -0.01251313276588917 -0.01709202490746975 0.05815152451395988
2486 -0.01251313276588917 -0.01709202490746975 0.05005455389618874
2487 -0.02061010338366032 -0.00899505615234375 0.05815152451395988
2488 -0.04287676885724068 -0.01101929787546396 0.06017576530575752
2489 -0.03378852756864539 -0.0114765490339865 0.0679625254536208
2490 -0.01858586072921753 -0.01101929787546396 0.08446667343378067
2491 -0.02061010338366032 0.003150397446006536 0.05815152451395988
2492 -0.01251313276588917 0.003150397446006536 0.06624849140644073
2493 -0.0003676800988614559 -0.01304353959858418 0.02576364763081074
2494 -0.0003676800988614559 -0.01304353959858418 0.02171516604721546
2495 -0.004416164476424456 -0.01304353959858418 0.02576364763081074
2496 -0.004416164476424456 -0.01304353959858418 0.02171516604721546
2497 -0.004416164476424456 -0.02114051021635532 0.05005455389618874
2498 -0.008464649319648743 -0.02114051021635532 0.05005455389618874
2499 -0.008464649319648743 -0.01709202490746975 0.04600607231259346
2500 -0.0003676800988614559 -0.02114051021635532 0.05005455389618874
2501 -0.004416164476424456 -0.0251889917999506 0.05005455389618874
2502 -0.004416164476424456 -0.02114051021635532 0.05410303547978401
2503 -0.004416164476424456 -0.02114051021635532 0.04600607231259346
2504 0.003680804278701544 -0.01304353959858418 0.02576364763081074
2505 0.003680804278701544 -0.00899505615234375 0.02576364763081074
2506 0.003680804278701544 -0.01304353959858418 0.02171516604721546
2507 -0.008464649319648743 0.01934433542191982 0.05410303547978401
2508 -0.01656161807477474 0.003150397446006536 0.06624849140644073
2509 -0.03477979823946953 -0.002922329120337963 0.06827273219823837
2510 -0.01858586072921753 -0.002922329120337963 0.08446667343378067
2511 -0.002391922287642956 0.03756251558661461 0.02778789028525352
2512 -0.01251313276588917 -0.0008980869315564632 0.02576364763081074
2513 -0.01251313276588917 -0.0008980869315564632 0.02171516604721546
2514 -0.004416164476424456 0.01124736666679382 0.02576364763081074
2515 -0.004416164476424456 0.01124736666679382 0.02171516604721546
2516 -0.01048889104276896 0.04565948620438576 0.02778789028525352
2517 -0.01048889104276896 0.05375644937157631 0.02778789028525352
2518 -0.01251313276588917 0.003150397446006536 0.02576364763081074
2519 -0.01251313276588917 0.003150397446006536 0.02171516604721546
2520 0.007729288656264544 0.01934433542191982 0.05815152451395988
2521 0.003680804278701544 0.0233928207308054 0.05410303547978401
2522 0.003680804278701544 0.01934433542191982 0.05815152451395988
2523 -0.02061010338366032 0.01124736666679382 0.04600607231259346
2524 -0.01656161807477474 0.01529585011303425 0.04600607231259346
2525 -0.01656161807477474 0.01124736666679382 0.05005455389618874
2526 -0.01251313276588917 0.01934433542191982 0.04600607231259346
2527 -0.02061010338366032 0.007198881823569536 0.04600607231259346
2528 -0.02465858496725559 0.007198881823569536 0.04600607231259346
2529 -0.02061010338366032 -0.0008980869315564632 0.05815152451395988
2530 -0.04287676885724068 -0.002922329120337963 0.06017576530575752
2531 -0.02061010338366032 -0.004946571309119463 0.05815152451395988
2532 -0.02061010338366032 -0.0008980869315564632 0.06220000609755516
2533 -0.01656161807477474 -0.0008980869315564632 0.06624849140644073
2534 -0.02061010338366032 -0.004946571309119463 0.06220000609755516
2535 -0.01656161807477474 -0.004946571309119463 0.06624849140644073
2536 -0.02061010338366032 0.003150397446006536 0.06220000609755516
2537 -0.02061010338366032 -0.0008980869315564632 0.06624849140644073
2538 -0.04151938877391998 -0.00575314689358059 0.07195051959064745
2539 -0.04806003843528234 -0.002903204983484561 0.06958191337726403
2540 -0.03440106484011205 -0.00358272865679614 0.07495496331324096
2541 -0.03477979823946953 -0.002922329120337963 0.08446667343378067
2542 -0.02395890860990161 0.004689141237747278 0.0752575524827953
2543 -0.02570096052769986 -0.003152596906843037 0.08474053991187797
2544 -0.01664701820648645 -2.57088864360797e-05 0.07096418293175433
2545 -0.01164599734819545 -0.001951328845908611 0.09036796494658079
2546 -0.01854545389291441 -0.002277443476548332 0.09018244653662005
2547 -0.01858586072921753 -0.002922329120337963 0.100660614669323
2548 0.007729288656264544 0.01124736666679382 0.06624849140644073
2549 0.007729288656264544 0.0233928207308054 0.05815152451395988
2550 0.005705046467483044 0.05375644937157631 0.06017576530575752
2551 0.009753530845046043 0.05780493468046188 0.08851515501737595
2552 -0.006440406665205956 0.05780493468046188 0.08851515501737595
2553 0.005705046467483044 0.04565948620438576 0.06827273219823837
2554 0.005705046467483044 0.03756251558661461 0.06827273219823837
2555 -0.002391922287642956 0.03756251558661461 0.06827273219823837
2556 0.005705046467483044 0.03756251558661461 0.07636969536542892
2557 0.007729288656264544 0.01934433542191982 0.06220000609755516
2558 0.005705046467483044 0.02136857807636261 0.08446667343378067
2559 0.007729288656264544 0.01529585011303425 0.06624849140644073
2560 0.003680804278701544 0.01124736666679382 0.06624849140644073
2561 0.007729288656264544 0.01124736666679382 0.07029697299003601
2562 0.003680804278701544 0.01934433542191982 0.06220000609755516
2563 0.003680804278701544 0.01529585011303425 0.06624849140644073
2564 -0.0003676800988614559 0.01934433542191982 0.06220000609755516
2565 -0.0003676800988614559 0.0233928207308054 0.06220000609755516
2566 -0.002063791488599172 0.05264209725082706 0.06162470285831286
2567 -0.002391922287642956 0.04565948620438576 0.06827273219823837
2568 -0.002391922287642956 0.03756251558661461 0.07636969536542892
2569 -0.04287676885724068 -0.01101929787546396 0.04398183152079582
2570 -0.02061010338366032 -0.00899505615234375 0.04600607231259346
2571 -0.01656161807477474 -0.01304353959858418 0.04600607231259346
2572 -0.01251313276588917 -0.01709202490746975 0.04600607231259346
2573 -0.02061010338366032 -0.01304353959858418 0.04600607231259346
2574 -0.01656161807477474 -0.01709202490746975 0.04600607231259346
2575 -0.01251313276588917 -0.02114051021635532 0.04600607231259346
2576 -0.01048889104276896 -0.04340717568993568 0.04398183152079582
2577 -0.008464649319648743 -0.02114051021635532 0.04600607231259346
2578 -0.02061010338366032 -0.01304353959858418 0.05005455389618874
2579 -0.02061010338366032 -0.00899505615234375 0.05410303547978401
2580 -0.01656161807477474 -0.01709202490746975 0.05005455389618874
2581 -0.008464649319648743 -0.02114051021635532 0.05815152451395988
2582 -0.01048889104276896 -0.04340717568993568 0.06017576530575752
2583 -0.01858586072921753 -0.04340717568993568 0.06017576530575752
2584 -0.01048889104276896 -0.02721323445439339 0.07636969536542892
2585 -0.01858586072921753 -0.02721323445439339 0.07636969536542892
2586 -0.008464649319648743 -0.01709202490746975 0.06220000609755516
2587 -0.01048889104276896 -0.01911626756191254 0.08446667343378067
2588 -0.008464649319648743 -0.01304353959858418 0.06624849140644073
2589 0.007729288656264544 -0.02114051021635532 0.05005455389618874
2590 0.003680804278701544 -0.0251889917999506 0.05005455389618874
2591 0.007729288656264544 -0.02114051021635532 0.04600607231259346
2592 -0.0003676800988614559 -0.0251889917999506 0.05005455389618874
2593 0.0239232312887907 0.01124736666679382 0.05005455389618874
2594 0.04618989303708076 0.01327160838991404 0.05207879468798637
2595 0.03809292241930962 0.02136857807636261 0.05207879468798637
2596 0.01987474597990513 0.01529585011303425 0.05005455389618874
2597 0.02189898863434792 0.03756251558661461 0.05207879468798637
2598 -0.004416164476424456 0.0233928207308054 0.05410303547978401
2599 -0.02061010338366032 0.003150397446006536 0.05410303547978401
2600 -0.02465858496725559 0.003150397446006536 0.05410303547978401
2601 -0.02465858496725559 -0.0008980869315564632 0.05410303547978401
2602 0.003680804278701544 0.0233928207308054 0.06220000609755516
2603 0.003680804278701544 0.01529585011303425 0.07029697299003601
2604 -0.002391922287642956 -0.002922329120337963 0.09256363660097122
2605 -0.004416164476424456 -0.01304353959858418 0.06624849140644073
2606 0.01683837734162807 0.00618676096200943 0.04904243350028992
2607 0.02797171287238598 0.007198881823569536 0.05005455389618874
2608 -0.02465858496725559 0.007198881823569536 0.05815152451395988
2609 -0.04287676885724068 0.01327160838991404 0.06017576530575752
2610 -0.02668282762169838 0.02946554496884346 0.06017576530575752
2611 -0.04312892138313436 0.04396169035640377 0.06140587180453418
2612 -0.02668282762169838 0.01327160838991404 0.07636969536542892
2613 -0.02061010338366032 0.007198881823569536 0.06220000609755516
2614 -0.01656161807477474 0.01124736666679382 0.05815152451395988
2615 -0.01656161807477474 0.007198881823569536 0.06624849140644073
2616 -0.008464649319648743 0.007198881823569536 0.06624849140644073
2617 -0.01251313276588917 0.007198881823569536 0.07029697299003601
2618 -0.01048889104276896 0.005174639634788036 0.09256363660097122
2619 -0.008464649319648743 0.01124736666679382 0.06624849140644073
2620 -0.02061010338366032 0.003150397446006536 0.06624849140644073
2621 -0.04066307451355931 0.003770252345357594 0.06829358579392251
2622 -0.05097373202443123 0.005174639634788036 0.06827273219823837
2623 -0.03250252542784438 0.005258982716542204 0.0752732369130374
2624 -0.03477979823946953 0.005174639634788036 0.08446667343378067
2625 -0.02668282762169838 0.005174639634788036 0.08446667343378067
2626 -0.01656161807477474 0.003150397446006536 0.07029697299003601
2627 -0.01778046403296381 0.005311831831685559 0.09092153629712735
2628 -0.01858586072921753 0.005174639634788036 0.100660614669323
2629 0.02760385556675757 0.005453026948308976 0.03663712415217488
2630 0.03311537258259566 0.0085022064188407 0.03636596426951916
2631 0.01177777349948883 -0.02114051021635532 0.05410303547978401
2632 0.01246785648068032 -0.02587907596646177 0.05534518619952128
2633 0.003680804278701544 -0.0251889917999506 0.05410303547978401
2634 -0.02465858496725559 -0.004946571309119463 0.05410303547978401
2635 0.007729288656264544 -0.0251889917999506 0.05410303547978401
2636 -0.01251313276588917 -0.02114051021635532 0.05005455389618874
2637 0.01683837734162807 0.004162518307566643 0.042969711124897
2638 0.01683837734162807 0.002138276351615787 0.04499395191669464
2639 0.01886262558400631 0.002138276351615787 0.04499395191669464
2640 -0.008464649319648743 -0.0008980869315564632 0.02171516604721546
2641 -0.004416164476424456 -0.004946571309119463 0.02171516604721546
2642 -0.004416164476424456 -0.0008980869315564632 0.01766668073832989
2643 -0.004416164476424456 -0.0008980869315564632 0.01361819542944431
2644 -0.0003676800988614559 -0.00899505615234375 0.02171516604721546
2645 -0.0003676800988614559 -0.004946571309119463 0.01766668073832989
2646 0.003680804278701544 -0.00899505615234375 0.02171516604721546
2647 0.003680804278701544 0.01124736666679382 0.02171516604721546
2648 0.007729288656264544 0.007198881823569536 0.02171516604721546
2649 -0.008464649319648743 -0.004946571309119463 0.02171516604721546
2650 -0.004416164476424456 -0.00899505615234375 0.02171516604721546
2651 -0.008464649319648743 0.007198881823569536 0.02576364763081074
2652 -0.008464649319648743 -0.0008980869315564632 0.06624849140644073
2653 -0.008464649319648743 -0.00899505615234375 0.06624849140644073
2654 0.01177777349948883 -0.0008980869315564632 0.06624849140644073
2655 0.003680804278701544 -0.0008980869315564632 0.06624849140644073
2656 -0.0003676800988614559 -0.004946571309119463 0.06624849140644073
2657 -0.004416164476424456 -0.004946571309119463 0.06624849140644073
2658 -0.0003676800988614559 -0.0008980869315564632 0.06624849140644073
2659 -0.0003676800988614559 -0.004946571309119463 0.07029697299003601
2660 -0.0003676800988614559 -0.004946571309119463 0.07434545457363129
2661 -0.004416164476424456 0.003150397446006536 0.06624849140644073
2662 -0.004416164476424456 -0.0008980869315564632 0.06624849140644073
2663 0.01177777349948883 -0.004946571309119463 0.06624849140644073
2664 0.01177777349948883 -0.004946571309119463 0.07029697299003601
2665 0.02999595552682877 -0.002922329120337963 0.07636969536542892
2666 0.02999595552682877 -0.002922329120337963 0.08446667343378067
2667 0.02189898863434792 -0.002922329120337963 0.09256363660097122
2668 0.01181766875957514 -0.01126891263299876 0.08349734469879329
2669 0.01380201522260904 -0.002922329120337963 0.08446667343378067
2670 0.01380201522260904 -0.002922329120337963 0.09256363660097122
2671 0.01380201522260904 -0.002922329120337963 0.100660614669323
2672 -0.0003676800988614559 0.003150397446006536 0.06624849140644073
2673 -0.0003676800988614559 0.007198881823569536 0.06624849140644073
2674 0.0009112833555991644 0.002498524286164447 0.0709324409139573
2675 -0.0007447537917544299 0.002634350512630144 0.07541846336994613
2676 0.007729288656264544 -0.004946571309119463 0.06624849140644073
2677 0.003680804278701544 0.007198881823569536 0.06624849140644073
2678 -0.004416164476424456 0.007198881823569536 0.06624849140644073
2679 -0.008464649319648743 0.003150397446006536 0.06624849140644073
2680 -0.008464649319648743 0.007198881823569536 0.07029697299003601
2681 0.003680804278701544 -0.00899505615234375 0.06624849140644073
2682 0.007729288656264544 -0.0008980869315564632 0.06624849140644073
2683 0.01177777349948883 -0.0008980869315564632 0.07029697299003601
2684 -0.0003676800988614559 0.01124736666679382 0.06624849140644073
2685 0.003680804278701544 0.01124736666679382 0.07029697299003601
2686 0.007729288656264544 -0.00899505615234375 0.06624849140644073
2687 0.007729288656264544 -0.01304353959858418 0.06624849140644073
2688 0.007729288656264544 -0.00899505615234375 0.07029697299003601
2689 0.007729288656264544 -0.00899505615234375 0.07434545457363129
2690 -0.004416164476424456 -0.00899505615234375 0.06624849140644073
2691 -0.0003676800988614559 -0.00899505615234375 0.06624849140644073
2692 -0.003341169525321861 -0.008817474788594024 0.06994789151685681
2693 -0.004416164476424456 -0.00899505615234375 0.07434545457363129
2694 -0.008464649319648743 -0.004946571309119463 0.06624849140644073
2695 0.0239232312887907 -0.0008980869315564632 0.06220000609755516
2696 0.01987474597990513 -0.0008980869315564632 0.06624849140644073
2697 0.01582625694572926 0.003150397446006536 0.06624849140644073
2698 0.01582625694572926 -0.0008980869315564632 0.07029697299003601
2699 -0.01276048012858892 0.003469882262203999 0.07002120839557079
2700 -0.01251313276588917 -0.004946571309119463 0.06624849140644073
2701 -0.01251313276588917 -0.0008980869315564632 0.06624849140644073
2702 -0.01251313276588917 -0.00899505615234375 0.06624849140644073
2703 -0.01251313276588917 -0.004946571309119463 0.07029697299003601
2704 -0.01251313276588917 -0.004946571309119463 0.07434545457363129
2705 -0.0003676800988614559 0.01124736666679382 0.07029697299003601
2706 -0.0003676800988614559 -0.01304353959858418 0.06624849140644073
2707 0.001434583482199228 -0.01338214367450842 0.07086273691945726
2708 -0.00130709430965321 -0.01362895205700263 0.07402997922111099
2709 -0.01236025670628608 -0.0006824162392737634 0.06938434761745532
2710 -0.01251313276588917 -0.0008980869315564632 0.07434545457363129
2711 0.01177777349948883 0.007198881823569536 0.06624849140644073
2712 0.01177777349948883 0.007198881823569536 0.07029697299003601
2713 0.02189898863434792 0.005174639634788036 0.09256363660097122
2714 0.007729288656264544 0.007198881823569536 0.06624849140644073
2715 0.007729288656264544 0.003150397446006536 0.06624849140644073
2716 -0.008464649319648743 -0.00899505615234375 0.07029697299003601
2717 -0.006440406665205956 -0.02316475100815296 -0.05723027884960175
2718 -0.0388282835483551 -0.02316475100815296 -0.05723027884960175
2719 -0.0388282835483551 -0.02316475100815296 -0.04103634506464005
2720 -0.05043180522916339 0.01186418894796711 0.06181473736175386
2721 0.02795864763625799 -0.0003842483660063823 0.01435386427518501
2722 0.02931925537900995 0.000381896112898264 0.02858567489950371
2723 0.02974142738242941 -0.006326136790885886 0.01161393048620594
2724 0.03081314782254248 0.006337503206047546 0.0136891070828327
2725 -0.06455469611135808 0.02930319184644114 0.0544191558402601
2726 -0.05814127253384405 0.03231295744651537 0.05864976327580997
2727 0.06122209009773542 0.02824784444351964 0.07600464188371732
2728 0.05279986633040509 0.02332968373503069 0.07308728038167811
2729 0.05001049090478613 0.04039002826406556 0.06624597884359193
2730 -0.03084909941697908 0.02349542141121896 0.06691817443403505
2731 -0.05203090924434989 0.02517307473364029 0.07547732287694166
2732 0.0426683819924813 0.02077056134986088 0.07193876549891173
2733 0.03986999244978052 0.02953805186698207 0.08337248263283049
2734 0.05163173830190797 0.01732255122059109 0.07364353421362552
2735 0.05428685992956161 0.002846518035878534 0.05972440110743909
2736 0.04858504457885758 -0.003000667423770459 0.06312944531542417
2737 0.04449921152097894 0.01159253062310145 0.06353602452271476
2738 0.0382132741689796 0.01236897437090797 0.06205454990966449
2739 -0.05097373574972153 0.01924518776767548 0.06015247549685883
2740 0.04542814828841951 0.03026167790822179 0.07014249803604741
2741 0.03705119000379748 0.01880349138296348 0.06463484264787092
2742 0.0326263807267347 0.01327160838991404 0.05909231477019303
2743 0.04766677993683847 0.002760383402369797 0.06702445072443892
2744 0.03287133726473357 0.008259643482353541 0.05668713807424641
2745 0.03333471319257358 0.008925925355772499 0.06286181628940968
2746 0.03580187227808167 0.006724015696078002 0.06312657019891765
2747 -0.0416249613850296 0.01519670292445119 0.06369925277980104
2748 0.02976398775823468 -0.001494964917712315 0.00938656648781889
2749 -0.03945324035001706 0.02316557076881918 0.06818671874701057
2750 0.02934641482190167 -0.001795542470658881 0.01551992044001594
2751 0.02764809936570555 -0.002397016333940526 0.003603607366874345
2752 0.03095004492673792 0.0002164348465732808 0.005039850369575802
2753 0.02795648888310854 0.003050844360576445 0.004836552711238442
2754 0.03149982317199899 0.001631391074935 0.01717507313346805
2755 0.03453356494812926 0.005183112410941007 0.0324018905370741
2756 0.02875751335059039 -0.003646099935445503 0.004381396345928077
2757 0.02572095970961518 0.001826873381074143 0.007643678985147105
2758 0.02973794904316882 0.003967414810763684 0.03114999901950507
2759 0.026986906967807 -0.004446384351251854 0.00951219891805271
2760 0.04663621694476681 0.001373097826578501 0.05828900042964507
2761 0.05207733866563704 -0.002535798354431493 0.05763925475952206
2762 0.02866016257871061 -0.002137862843590622 0.01053922616073514
2763 0.02325623962412844 -0.0005776918534671836 0.03361095895264093
2764 0.02088346659628031 8.372553555318523e-05 0.03571301218234357
2765 0.01836437922118568 0.0009595450548453422 0.03247882203535168
2766 0.01867211218332415 -0.000587436944761442 0.03254114504013651
2767 0.003830958107351218 0.0001787402589173092 0.00495959893039134
2768 0.02166826503706292 -0.0001076206498020166 0.0223078998067279
2769 0.01786568774429531 -0.0007731138299427297 0.03196308606821409
2770 0.003609519064438854 -1.536952075785333e-20 0.01374765981941168
2771 0.0184818884521882 -0.0003736246651108989 0.03691099494948132
2772 0.0168561781132679 0.0006511310592084055 0.03456385924432588
2773 0.02431295932082366 0.0001013882005303238 0.03467105200286196
2774 0.01876061092509801 0.0008330003214321574 0.03559604865375216
2775 0.01600302674831176 2.341538629734731e-06 0.03836632322511525
2776 0.01680918359562428 -0.0003480741058830378 0.03579386797122631
2777 0.01809065886275211 -0.0002835281430941287 0.03429193979198129
2778 -0.00229537533596158 -0.004932375159114599 0.04765837639570236
2779 0.008307986807225932 -0.003435002975329202 0.04518755383296163
2780 0.0002615621779114008 0.007852312177419662 0.03487368300557137
2781 -0.004852312617003918 0.002738437382504344 0.03487368300557137
2782 0.005375436507165432 0.002738437382504344 0.04510143771767616
2783 0.0002615621779114008 0.002738437382504344 0.04510143771767616
2784 0.01176778040826321 -0.001096968888305128 0.04382297024130821
2785 0.005375436507165432 -0.002375437645241618 0.04510143771767616
2786 0.01176778040826321 -0.003653906285762787 0.04126602783799171
2787 0.009210843592882156 -0.003653906285762787 0.04126602783799171
2788 0.006653905380517244 -0.003653906285762787 0.04126602783799171
2789 0.0002615621779114008 -0.007489312440156937 0.03998756036162376
2790 0.005375436507165432 -0.007489312440156937 0.04510143771767616
2791 0.0002615621779114008 -0.002375437645241618 0.04510143771767616
2792 0.005375436507165432 -0.002375437645241618 0.05021531507372856
2793 0.01176778040826321 -0.003653906285762787 0.04382297024130821
2794 0.01176778040826321 -0.003653906285762787 0.03870909288525581
2795 0.009210843592882156 0.004016906023025513 0.03870909288525581
2796 -0.004852312617003918 0.002738437382504344 0.03998756036162376
2797 0.0007087136813405125 0.009504193896309706 0.0412460499154969
2798 0.01176778040826321 0.004016906023025513 0.04382297024130821
2799 0.009210843592882156 0.004016906023025513 0.04382297024130821
2800 -0.004852312617003918 0.002738437382504344 0.04510143771767616
2801 0.0002615621779114008 0.007852312177419662 0.04510143771767616
2802 0.0002615621779114008 0.002738437382504344 0.05021531507372856
2803 0.0002615621779114008 0.002738437382504344 0.05532918497920036
2804 0.005375436507165432 0.007852312177419662 0.05021531507372856
2805 0.005375436507165432 0.002738437382504344 0.05021531507372856
2806 0.005375436507165432 0.002738437382504344 0.05532918497920036
2807 0.01176778040826321 0.001459968625567853 0.04382297024130821
2808 0.0002615621779114008 -0.007489312440156937 0.05532918497920036
2809 -0.0002380196603548723 -0.007244106226175951 0.05127085469497884
2810 0.006458696137610223 -0.00775687236355493 0.05001202814136423
2811 0.0002615621779114008 0.007852312177419662 0.05532918497920036
2812 0.0002615621779114008 -0.007489312440156937 0.03487368300557137
2813 0.01176778040826321 -0.001096968888305128 0.04893684759736061
2814 0.0002615621779114008 0.007852312177419662 0.05021531507372856
2815 -0.004852312617003918 0.002738437382504344 0.05532918497920036
2816 -0.004852312617003918 -0.002375437645241618 0.05532918497920036
2817 -0.004852312617003918 0.007852312177419662 0.05021531507372856
2818 0.01176778040826321 -0.003653906285762787 0.04893684759736061
2819 0.005375436507165432 -0.002375437645241618 0.05532918497920036
2820 0.0002615621779114008 -0.002375437645241618 0.05532918497920036
2821 -0.004852312617003918 -0.007489312440156937 0.05532918497920036
2822 -0.004852312617003918 -0.007489312440156937 0.03487368300557137
2823 -0.004852312617003918 -0.002375437645241618 0.03487368300557137
2824 -0.004436378460515165 -0.00878136816497402 0.03984248583142691
2825 0.009210843592882156 0.00657384330406785 0.04126602783799171
2826 0.01176778040826321 -0.003653906285762787 0.04637990519404411
2827 0.005375436507165432 -0.007489312440156937 0.05532918497920036
2828 -0.004852312617003918 -0.002375437645241618 0.03998756036162376
2829 0.009210843592882156 0.004016906023025513 0.04126602783799171
2830 0.006653905380517244 -0.008767780847847462 0.04126602783799171
2831 0.0006870613951571516 -0.008011113926490053 0.04566381098497034
2832 -0.004852312617003918 -0.007489312440156937 0.04510143771767616
2833 0.009210843592882156 -0.006210843566805124 0.04126602783799171
2834 -0.004852312617003918 0.002738437382504344 0.05021531507372856
2835 -0.004746918350846485 -0.002139101227564507 0.0514850003532847
2836 -0.009966188110411167 -0.002375437645241618 0.05021531507372856
2837 -0.004852312617003918 -0.007489312440156937 0.05021531507372856
2838 -0.005022411707823743 -0.002572301303152843 0.04505640636306967
2839 -0.01124465651810169 -0.001096968888305128 0.04637990519404411
2840 0.0002615621779114008 -0.002375437645241618 0.05021531507372856
2841 0.009210843592882156 -0.006210843566805124 0.03870909288525581
2842 0.001540030934847891 -0.01132471859455109 0.04893684759736061
2843 0.009210843592882156 0.00657384330406785 0.04893684759736061
2844 0.006653905380517244 -0.008767780847847462 0.05405071750283241
2845 -0.00613078149035573 -0.008767780847847462 0.03615215048193932
2846 -0.01124465651810169 0.001459968625567853 0.05405071750283241
2847 0.009210843592882156 0.00657384330406785 0.05405071750283241
2848 0.00409696763381362 -0.008767780847847462 0.05405071750283241
2849 0.006653905380517244 0.004016906023025513 0.03870909288525581
2850 0.006653905380517244 0.004016906023025513 0.03615215048193932
2851 0.009210843592882156 0.004016906023025513 0.03615215048193932
2852 0.009210843592882156 0.00657384330406785 0.04382297024130821
2853 0.009210843592882156 -0.001096968888305128 0.04382297024130821
2854 0.0127946904729788 -0.001150751267689621 0.04607344783523296
2855 0.009210843592882156 0.001459968625567853 0.04382297024130821
2856 0.01075903971998364 0.002364264072802843 0.04667710895101162
2857 0.006653905380517244 -0.001096968888305128 0.04382297024130821
2858 0.006653905380517244 0.001459968625567853 0.04382297024130821
2859 0.001540030934847891 -0.001096968888305128 0.04382297024130821
2860 0.00409696763381362 -0.003653906285762787 0.04126602783799171
2861 0.00409696763381362 -0.001096968888305128 0.04382297024130821
2862 -0.002242464972142916 -0.001255465049969114 0.03645426711945974
2863 -0.00101690657902509 -0.003653906285762787 0.03615215048193932
2864 0.001540030934847891 -0.003653906285762787 0.03615215048193932
2865 0.001540030934847891 -0.003653906285762787 0.03870909288525581
2866 0.001540030934847891 -0.006210843566805124 0.03870909288525581
2867 0.001540030934847891 -0.003653906285762787 0.03359521552920341
2868 -0.003573843743652105 0.009130780585110188 0.03359521552920341
2869 -0.003573843743652105 -0.008767780847847462 0.03359521552920341
2870 -0.00101690657902509 -0.008767780847847462 0.03359521552920341
2871 -0.00101690657902509 0.004016906023025513 0.03359521552920341
2872 -0.00101690657902509 -0.006210843566805124 0.03359521552920341
2873 -0.00101690657902509 0.00657384330406785 0.03359521552920341
2874 0.001540030934847891 -0.008767780847847462 0.03359521552920341
2875 0.001540030934847891 0.004016906023025513 0.03359521552920341
2876 -0.003573843743652105 -0.001096968888305128 0.03359521552920341
2877 -0.01124465651810169 0.001459968625567853 0.03359521552920341
2878 -0.00101690657902509 -0.01132471859455109 0.03359521552920341
2879 -0.00101690657902509 0.01168771833181381 0.03359521552920341
2880 0.001540030934847891 -0.01132471859455109 0.03359521552920341
2881 0.00409696763381362 0.004016906023025513 0.03359521552920341
2882 0.00409696763381362 -0.006210843566805124 0.03359521552920341
2883 0.00409696763381362 0.00657384330406785 0.03359521552920341
2884 -0.01124465651810169 -0.001096968888305128 0.03359521552920341
2885 0.001540030934847891 0.004016906023025513 0.03615215048193932
2886 -0.003573843743652105 0.001459968625567853 0.03870909288525581
2887 0.001540030934847891 0.004016906023025513 0.03870909288525581
2888 0.001540030934847891 0.00657384330406785 0.03870909288525581
2889 0.00409696763381362 0.001459968625567853 0.05660765245556831
2890 0.001540030934847891 -0.003653906285762787 0.05660765245556831
2891 -0.003573843743652105 0.001459968625567853 0.05660765245556831
2892 0.009210843592882156 -0.003653906285762787 0.05660765245556831
2893 -0.00613078149035573 0.00657384330406785 0.05660765245556831
2894 -0.008687719702720642 0.004016906023025513 0.05660765245556831
2895 -0.00613078149035573 0.001459968625567853 0.05660765245556831
2896 -0.00101690657902509 0.00657384330406785 0.05660765245556831
2897 0.00409696763381362 -0.008767780847847462 0.05660765245556831
2898 0.006653905380517244 -0.006210843566805124 0.05660765245556831
2899 0.001540030934847891 -0.01132471859455109 0.05660765245556831
2900 0.001540030934847891 0.009130780585110188 0.05660765245556831
2901 -0.008687719702720642 0.00657384330406785 0.05660765245556831
2902 0.006653905380517244 -0.008767780847847462 0.05660765245556831
2903 0.009210843592882156 -0.001096968888305128 0.05660765245556831
2904 -0.00101690657902509 -0.008767780847847462 0.05660765245556831
2905 -0.01124465651810169 0.001459968625567853 0.05660765245556831
2906 -0.008687719702720642 -0.006210843566805124 0.05660765245556831
2907 -0.008687719702720642 -0.003653906285762787 0.05660765245556831
2908 -0.008687719702720642 -0.006210843566805124 0.05405071750283241
2909 -0.003573843743652105 0.001459968625567853 0.03359521552920341
2910 -0.00101690657902509 0.004016906023025513 0.03870909288525581
2911 -0.00101690657902509 0.00657384330406785 0.03870909288525581
2912 -0.002187442513112329 -0.0008505958669445852 0.03847328693732292
2913 -0.00101690657902509 -0.003653906285762787 0.03870909288525581
2914 -0.002701370571807134 0.0007751132001683813 0.03606259917913707
2915 -0.00101690657902509 0.004016906023025513 0.03615215048193932
2916 0.01338389050215483 -0.0005484844441525638 0.0369684174656868
2917 0.01338389050215483 -0.0005484844441525638 0.03313301131129265
$EndNodes
$Elements
18743
1 2 2 1006 22 290 298 297
2 2 2 1006 22 319 333 276
3 2 2 1006 22 248 275 274
4 2 2 1006 22 290 300 298
5 2 2 1006 22 276 328 319
6 2 2 1006 22 249 274 271
7 2 2 1006 22 283 284 261
8 2 2 1006 22 249 271 270
9 2 2 1006 22 282 283 261
10 2 2 1006 22 301 304 299
11 2 2 1006 22 286 293 284
12 2 2 1006 22 255 326 300
13 2 2 1006 22 291 321 285
14 2 2 1006 22 256 333 319
15 2 2 1006 22 320 344 332
16 2 2 1006 22 274 335 248
17 2 2 1006 22 274 275 273
18 2 2 1006 22 40 294 41
19 2 2 1006 22 300 326 301
20 2 2 1006 22 254 304 301
21 2 2 1006 22 332 344 291
22 2 2 1006 22 271 274 273
23 2 2 1006 22 293 337 284
24 2 2 1006 22 297 325 290
25 2 2 1006 22 292 321 252
26 2 2 1006 22 283 291 285
27 2 2 1006 22 331 345 318
28 2 2 1006 22 298 301 299
29 2 2 1006 22 255 294 40
30 2 2 1006 22 252 338 292
31 2 2 1006 22 272 345 331
32 2 2 1006 22 248 334 275
33 2 2 1006 22 283 285 284
34 2 2 1006 22 258 331 318
35 2 2 1006 22 250 307 305
36 2 2 1006 22 275 276 273
37 2 2 1006 22 34 316 35
38 2 2 1006 22 36 317 37
39 2 2 1006 22 294 338 41
40 2 2 1006 22 250 316 307
41 2 2 1006 22 320 332 263
42 2 2 1006 22 300 301 298
43 2 2 1006 22 254 317 304
44 2 2 1006 22 270 329 249
45 2 2 1006 22 35 316 250
46 2 2 1006 22 37 317 254
47 2 2 1006 22 309 316 257
48 2 2 1006 22 305 317 250
49 2 2 1006 22 262 267 266
50 2 2 1006 22 285 286 284
51 2 2 1006 22 257 316 34
52 2 2 1006 22 278 279 253
53 2 2 1006 22 250 317 36
54 2 2 1006 22 262 268 267
55 2 2 1006 22 279 280 253
56 2 2 1006 22 279 281 280
57 2 2 1006 22 273 333 272
58 2 2 1006 22 277 334 314
59 2 2 1006 22 268 269 267
60 2 2 1006 22 261 330 282
61 2 2 1006 22 49 278 253
62 2 2 1006 22 262 266 72
63 2 2 1006 22 275 277 276
64 2 2 1006 22 281 282 280
65 2 2 1006 22 281 283 282
66 2 2 1006 22 71 262 72
67 2 2 1006 22 268 270 269
68 2 2 1006 22 301 326 254
69 2 2 1006 22 277 328 276
70 2 2 1006 22 50 278 49
71 2 2 1006 22 72 266 73
72 2 2 1006 22 49 253 48
73 2 2 1006 22 270 271 269
74 2 2 1006 22 285 287 286
75 2 2 1006 22 281 291 283
76 2 2 1006 22 271 273 272
77 2 2 1006 22 307 316 309
78 2 2 1006 22 304 317 305
79 2 2 1006 22 314 350 277
80 2 2 1006 22 271 272 269
81 2 2 1006 22 287 288 286
82 2 2 1006 22 299 303 302
83 2 2 1006 22 287 289 288
84 2 2 1006 22 299 302 296
85 2 2 1006 22 311 312 260
86 2 2 1006 22 289 290 288
87 2 2 1006 22 287 292 289
88 2 2 1006 22 292 294 289
89 2 2 1006 22 299 304 303
90 2 2 1006 22 304 305 303
91 2 2 1006 22 298 299 296
92 2 2 1006 22 305 306 303
93 2 2 1006 22 305 307 306
94 2 2 1006 22 60 295 260
95 2 2 1006 22 256 319 32
96 2 2 1006 22 30 318 31
97 2 2 1006 22 258 318 30
98 2 2 1006 22 33 257 34
99 2 2 1006 22 31 256 32
100 2 2 1006 22 58 259 57
101 2 2 1006 22 62 247 61
102 2 2 1006 22 31 318 256
103 2 2 1006 22 39 255 40
104 2 2 1006 22 67 261 66
105 2 2 1006 22 29 258 30
106 2 2 1006 22 35 250 36
107 2 2 1006 22 37 254 38
108 2 2 1006 22 54 249 53
109 2 2 1006 22 42 252 43
110 2 2 1006 22 56 248 55
111 2 2 1006 22 60 260 59
112 2 2 1006 22 64 251 63
113 2 2 1006 22 32 319 33
114 2 2 1006 22 61 295 60
115 2 2 1006 22 33 319 257
116 2 2 1006 22 247 295 61
117 2 2 1006 22 247 296 295
118 2 2 1006 22 58 312 259
119 2 2 1006 22 260 312 59
120 2 2 1006 22 59 312 58
121 2 2 1006 22 251 310 63
122 2 2 1006 22 63 310 62
123 2 2 1006 22 62 310 247
124 2 2 1006 22 247 297 296
125 2 2 1006 22 297 298 296
126 2 2 1006 22 247 310 297
127 2 2 1006 22 307 309 308
128 2 2 1006 22 308 313 306
129 2 2 1006 22 307 308 306
130 2 2 1006 22 64 293 251
131 2 2 1006 22 65 293 64
132 2 2 1006 22 296 302 295
133 2 2 1006 22 306 313 311
134 2 2 1006 22 311 313 312
135 2 2 1006 22 56 315 248
136 2 2 1006 22 259 315 57
137 2 2 1006 22 302 311 260
138 2 2 1006 22 295 302 260
139 2 2 1006 22 303 311 302
140 2 2 1006 22 57 315 56
141 2 2 1006 22 306 311 303
142 2 2 1006 22 312 313 259
143 2 2 1006 22 314 315 259
144 2 2 1006 22 43 320 44
145 2 2 1006 22 252 320 43
146 2 2 1006 22 262 322 268
147 2 2 1006 22 308 314 313
148 2 2 1006 22 52 264 51
149 2 2 1006 22 44 263 45
150 2 2 1006 22 280 323 253
151 2 2 1006 22 69 265 68
152 2 2 1006 22 313 314 259
153 2 2 1006 22 44 320 263
154 2 2 1006 22 322 347 268
155 2 2 1006 22 291 344 321
156 2 2 1006 22 280 349 323
157 2 2 1006 22 70 322 71
158 2 2 1006 22 48 323 47
159 2 2 1006 22 287 321 292
160 2 2 1006 22 249 335 274
161 2 2 1006 22 28 324 29
162 2 2 1006 22 284 337 261
163 2 2 1006 22 254 326 38
164 2 2 1006 22 39 326 255
165 2 2 1006 22 277 350 328
166 2 2 1006 22 310 325 297
167 2 2 1006 22 264 347 322
168 2 2 1006 22 323 349 265
169 2 2 1006 22 263 327 45
170 2 2 1006 22 267 348 266
171 2 2 1006 22 285 321 287
172 2 2 1006 22 319 328 257
173 2 2 1006 22 71 322 262
174 2 2 1006 22 251 325 310
175 2 2 1006 22 29 324 258
176 2 2 1006 22 292 338 294
177 2 2 1006 22 253 323 48
178 2 2 1006 22 269 331 267
179 2 2 1006 22 279 332 281
180 2 2 1006 22 249 329 53
181 2 2 1006 22 290 325 288
182 2 2 1006 22 333 345 272
183 2 2 1006 22 67 330 261
184 2 2 1006 22 290 336 300
185 2 2 1006 22 45 327 46
186 2 2 1006 22 52 329 264
187 2 2 1006 22 38 326 39
188 2 2 1006 22 265 330 68
189 2 2 1006 22 73 340 1
190 2 2 1006 22 266 348 324
191 2 2 1006 22 1 340 28
192 2 2 1006 22 257 328 309
193 2 2 1006 22 289 336 290
194 2 2 1006 22 54 335 249
195 2 2 1006 22 248 335 55
196 2 2 1006 22 278 346 279
197 2 2 1006 22 261 337 66
198 2 2 1006 22 65 337 293
199 2 2 1006 22 42 338 252
200 2 2 1006 22 314 334 315
201 2 2 1006 22 308 350 314
202 2 2 1006 22 4 341 70
203 2 2 1006 22 47 342 3
204 2 2 1006 22 51 341 4
205 2 2 1006 22 3 342 69
206 2 2 1006 22 2 343 50
207 2 2 1006 22 46 343 2
208 2 2 1006 22 251 339 325
209 2 2 1006 22 327 346 278
210 2 2 1006 22 315 334 248
211 2 2 1006 22 325 339 288
212 2 2 1006 22 53 329 52
213 2 2 1006 22 328 350 309
214 2 2 1006 22 68 330 67
215 2 2 1006 22 276 333 273
216 2 2 1006 22 272 331 269
217 2 2 1006 22 281 332 291
218 2 2 1006 22 275 334 277
219 2 2 1006 22 300 336 255
220 2 2 1006 22 255 336 294
221 2 2 1006 22 70 341 322
222 2 2 1006 22 323 342 47
223 2 2 1006 22 294 336 289
224 2 2 1006 22 55 335 54
225 2 2 1006 22 66 337 65
226 2 2 1006 22 50 343 278
227 2 2 1006 22 266 340 73
228 2 2 1006 22 286 339 293
229 2 2 1006 22 279 346 332
230 2 2 1006 22 322 341 264
231 2 2 1006 22 293 339 251
232 2 2 1006 22 265 342 323
233 2 2 1006 22 288 339 286
234 2 2 1006 22 318 345 256
235 2 2 1006 22 41 338 42
236 2 2 1006 22 331 348 267
237 2 2 1006 22 329 347 264
238 2 2 1006 22 265 349 330
239 2 2 1006 22 252 344 320
240 2 2 1006 22 28 340 324
241 2 2 1006 22 264 341 51
242 2 2 1006 22 69 342 265
243 2 2 1006 22 282 349 280
244 2 2 1006 22 268 347 270
245 2 2 1006 22 309 350 308
246 2 2 1006 22 321 344 252
247 2 2 1006 22 324 340 266
248 2 2 1006 22 263 346 327
249 2 2 1006 22 278 343 327
250 2 2 1006 22 327 343 46
251 2 2 1006 22 324 348 258
252 2 2 1006 22 270 347 329
253 2 2 1006 22 332 346 263
254 2 2 1006 22 256 345 333
255 2 2 1006 22 330 349 282
256 2 2 1006 22 258 348 331
257 2 2 1008 23 80 79 35
258 2 2 1008 23 82 39 83
259 2 2 1008 23 45 46 88
260 2 2 1008 23 29 74 28
261 2 2 1008 23 83 40 84
262 2 2 1008 23 34 79 78
263 2 2 1008 23 29 75 74
264 2 2 1008 23 87 45 88
265 2 2 1008 23 30 75 29
266 2 2 1008 23 44 45 87
267 2 2 1008 23 35 79 34
268 2 2 1008 23 39 40 83
269 2 2 1008 23 86 352 43
270 2 2 1008 23 31 351 76
271 2 2 1008 23 77 351 32
272 2 2 1008 23 42 352 85
273 2 2 1008 23 32 351 31
274 2 2 1008 23 43 352 42
275 2 2 1008 23 76 351 77
276 2 2 1008 23 85 352 86
277 2 2 1008 23 1 28 5
278 2 2 1008 23 6 46 2
279 2 2 1008 23 28 74 5
280 2 2 1008 23 88 46 6
281 2 2 1008 23 31 76 30
282 2 2 1008 23 30 76 75
283 2 2 1008 23 33 77 32
284 2 2 1008 23 34 78 33
285 2 2 1008 23 33 78 77
286 2 2 1008 23 80 35 36
287 2 2 1008 23 81 36 37
288 2 2 1008 23 80 36 81
289 2 2 1008 23 37 38 81
290 2 2 1008 23 38 39 82
291 2 2 1008 23 81 38 82
292 2 2 1008 23 40 41 84
293 2 2 1008 23 41 42 85
294 2 2 1008 23 84 41 85
295 2 2 1008 23 43 44 86
296 2 2 1008 23 86 44 87
297 2 2 1003 24 90 354 48
298 2 2 1003 24 89 353 47
299 2 2 1003 24 48 353 90
300 2 2 1003 24 49 354 91
301 2 2 1003 24 91 355 49
302 2 2 1003 24 50 355 92
303 2 2 1003 24 92 356 50
304 2 2 1003 24 47 357 89
305 2 2 1003 24 7 357 3
306 2 2 1003 24 2 356 6
307 2 2 1003 24 50 356 2
308 2 2 1003 24 3 357 47
309 2 2 1003 24 6 356 92
310 2 2 1003 24 89 357 7
311 2 2 1003 24 47 353 48
312 2 2 1003 24 48 354 49
313 2 2 1003 24 49 355 50
314 2 2 1003 24 90 353 89
315 2 2 1003 24 91 354 90
316 2 2 1003 24 92 355 91
317 2 2 1007 25 99 58 98
318 2 2 1007 25 101 102 62
319 2 2 1007 25 68 107 69
320 2 2 1007 25 52 51 93
321 2 2 1007 25 102 103 63
322 2 2 1007 25 57 97 98
323 2 2 1007 25 52 93 94
324 2 2 1007 25 106 107 68
325 2 2 1007 25 53 52 94
326 2 2 1007 25 67 106 68
327 2 2 1007 25 58 57 98
328 2 2 1007 25 62 102 63
329 2 2 1007 25 105 66 359
330 2 2 1007 25 54 95 358
331 2 2 1007 25 96 55 358
332 2 2 1007 25 65 104 359
333 2 2 1007 25 55 54 358
334 2 2 1007 25 66 65 359
335 2 2 1007 25 95 96 358
336 2 2 1007 25 104 105 359
337 2 2 1007 25 7 3 69
338 2 2 1007 25 51 4 8
339 2 2 1007 25 107 7 69
340 2 2 1007 25 93 51 8
341 2 2 1007 25 54 53 95
342 2 2 1007 25 95 53 94
343 2 2 1007 25 56 55 96
344 2 2 1007 25 57 56 97
345 2 2 1007 25 56 96 97
346 2 2 1007 25 99 59 58
347 2 2 1007 25 59 100 60
348 2 2 1007 25 99 100 59
349 2 2 1007 25 100 61 60
350 2 2 1007 25 61 101 62
351 2 2 1007 25 100 101 61
352 2 2 1007 25 63 103 64
353 2 2 1007 25 64 104 65
354 2 2 1007 25 103 104 64
355 2 2 1007 25 66 105 67
356 2 2 1007 25 105 106 67
357 2 2 1004 26 109 71 361
358 2 2 1004 26 108 70 360
359 2 2 1004 26 71 109 360
360 2 2 1004 26 72 110 361
361 2 2 1004 26 110 72 362
362 2 2 1004 26 73 111 362
363 2 2 1004 26 111 73 363
364 2 2 1004 26 70 108 364
365 2 2 1004 26 8 4 364
366 2 2 1004 26 1 5 363
367 2 2 1004 26 73 1 363
368 2 2 1004 26 4 70 364
369 2 2 1004 26 5 111 363
370 2 2 1004 26 108 8 364
371 2 2 1004 26 70 71 360
372 2 2 1004 26 71 72 361
373 2 2 1004 26 72 73 362
374 2 2 1004 26 109 108 360
375 2 2 1004 26 110 109 361
376 2 2 1004 26 111 110 362
377 2 2 1005 27 404 373 405
378 2 2 1005 27 365 385 386
379 2 2 1005 27 401 368 404
380 2 2 1005 27 365 384 385
381 2 2 1005 27 400 368 401
382 2 2 1005 27 386 388 395
383 2 2 1005 27 403 404 405
384 2 2 1005 27 403 401 404
385 2 2 1005 27 79 80 415
386 2 2 1005 27 391 394 418
387 2 2 1005 27 386 395 434
388 2 2 1005 27 373 404 435
389 2 2 1005 27 369 394 420
390 2 2 1005 27 417 392 432
391 2 2 1005 27 392 417 431
392 2 2 1005 27 392 414 425
393 2 2 1005 27 394 369 437
394 2 2 1005 27 385 383 393
395 2 2 1005 27 419 429 444
396 2 2 1005 27 372 410 415
397 2 2 1005 27 410 372 414
398 2 2 1005 27 383 381 426
399 2 2 1005 27 80 372 415
400 2 2 1005 27 414 392 431
401 2 2 1005 27 373 79 415
402 2 2 1005 27 410 414 431
403 2 2 1005 27 391 418 432
404 2 2 1005 27 409 410 431
405 2 2 1005 27 393 383 426
406 2 2 1005 27 386 385 387
407 2 2 1005 27 429 402 444
408 2 2 1005 27 405 373 436
409 2 2 1005 27 408 367 411
410 2 2 1005 27 419 375 429
411 2 2 1005 27 403 405 406
412 2 2 1005 27 426 381 447
413 2 2 1005 27 384 365 427
414 2 2 1005 27 368 400 428
415 2 2 1005 27 402 403 430
416 2 2 1005 27 396 377 397
417 2 2 1005 27 109 377 396
418 2 2 1005 27 376 380 381
419 2 2 1005 27 386 387 388
420 2 2 1005 27 397 377 398
421 2 2 1005 27 376 381 382
422 2 2 1005 27 387 385 393
423 2 2 1005 27 397 398 399
424 2 2 1005 27 382 381 383
425 2 2 1005 27 376 90 380
426 2 2 1005 27 406 405 407
427 2 2 1005 27 108 109 396
428 2 2 1005 27 91 90 376
429 2 2 1005 27 109 110 377
430 2 2 1005 27 399 398 400
431 2 2 1005 27 382 383 384
432 2 2 1005 27 384 383 385
433 2 2 1005 27 90 89 380
434 2 2 1005 27 399 400 401
435 2 2 1005 27 388 387 389
436 2 2 1005 27 402 401 403
437 2 2 1005 27 399 401 402
438 2 2 1005 27 388 389 390
439 2 2 1005 27 398 377 422
440 2 2 1005 27 376 382 421
441 2 2 1005 27 390 389 391
442 2 2 1005 27 390 391 392
443 2 2 1005 27 391 389 394
444 2 2 1005 27 100 99 416
445 2 2 1005 27 371 100 416
446 2 2 1005 27 99 367 416
447 2 2 1005 27 374 96 419
448 2 2 1005 27 106 105 370
449 2 2 1005 27 76 77 368
450 2 2 1005 27 104 103 369
451 2 2 1005 27 101 100 371
452 2 2 1005 27 99 98 367
453 2 2 1005 27 78 79 373
454 2 2 1005 27 80 81 372
455 2 2 1005 27 85 86 365
456 2 2 1005 27 95 94 375
457 2 2 1005 27 82 83 366
458 2 2 1005 27 82 366 413
459 2 2 1005 27 97 96 374
460 2 2 1005 27 370 105 412
461 2 2 1005 27 96 95 419
462 2 2 1005 27 95 375 419
463 2 2 1005 27 104 369 412
464 2 2 1005 27 372 81 413
465 2 2 1005 27 81 82 413
466 2 2 1005 27 105 104 412
467 2 2 1005 27 102 101 418
468 2 2 1005 27 101 371 418
469 2 2 1005 27 372 413 414
470 2 2 1005 27 371 416 417
471 2 2 1005 27 366 83 395
472 2 2 1005 27 83 84 395
473 2 2 1005 27 387 393 420
474 2 2 1005 27 417 409 431
475 2 2 1005 27 409 407 410
476 2 2 1005 27 409 417 433
477 2 2 1005 27 87 88 379
478 2 2 1005 27 74 75 378
479 2 2 1005 27 411 367 449
480 2 2 1005 27 421 382 445
481 2 2 1005 27 406 408 411
482 2 2 1005 27 408 407 409
483 2 2 1005 27 398 422 446
484 2 2 1005 27 110 111 422
485 2 2 1005 27 92 91 421
486 2 2 1005 27 365 386 434
487 2 2 1005 27 406 407 408
488 2 2 1005 27 404 368 435
489 2 2 1005 27 389 387 420
490 2 2 1005 27 370 412 426
491 2 2 1005 27 426 412 443
492 2 2 1005 27 107 106 423
493 2 2 1005 27 94 93 424
494 2 2 1005 27 418 394 437
495 2 2 1005 27 414 413 425
496 2 2 1005 27 379 421 445
497 2 2 1005 27 394 389 420
498 2 2 1005 27 422 378 446
499 2 2 1005 27 377 110 422
500 2 2 1005 27 91 376 421
501 2 2 1005 27 402 430 444
502 2 2 1005 27 106 370 423
503 2 2 1005 27 381 380 447
504 2 2 1005 27 411 374 430
505 2 2 1005 27 375 94 424
506 2 2 1005 27 397 399 429
507 2 2 1005 27 365 86 427
508 2 2 1005 27 413 366 425
509 2 2 1005 27 396 397 448
510 2 2 1005 27 76 368 428
511 2 2 1005 27 393 426 443
512 2 2 1005 27 87 379 427
513 2 2 1005 27 378 75 428
514 2 2 1005 27 390 392 425
515 2 2 1005 27 418 371 432
516 2 2 1005 27 374 411 449
517 2 2 1005 27 415 410 436
518 2 2 1005 27 392 391 432
519 2 2 1005 27 8 108 439
520 2 2 1005 27 406 411 430
521 2 2 1005 27 93 8 439
522 2 2 1005 27 89 7 440
523 2 2 1005 27 7 107 440
524 2 2 1005 27 85 365 434
525 2 2 1005 27 395 84 434
526 2 2 1005 27 78 373 435
527 2 2 1005 27 368 77 435
528 2 2 1005 27 369 103 437
529 2 2 1005 27 102 418 437
530 2 2 1005 27 380 423 447
531 2 2 1005 27 410 407 436
532 2 2 1005 27 367 98 449
533 2 2 1005 27 97 374 449
534 2 2 1005 27 424 396 448
535 2 2 1005 27 6 92 441
536 2 2 1005 27 111 5 442
537 2 2 1005 27 88 6 441
538 2 2 1005 27 5 74 442
539 2 2 1005 27 417 416 433
540 2 2 1005 27 86 87 427
541 2 2 1005 27 75 76 428
542 2 2 1005 27 425 366 438
543 2 2 1005 27 403 406 430
544 2 2 1005 27 373 415 436
545 2 2 1005 27 390 425 438
546 2 2 1005 27 399 402 429
547 2 2 1005 27 371 417 432
548 2 2 1005 27 416 367 433
549 2 2 1005 27 422 111 442
550 2 2 1005 27 92 421 441
551 2 2 1005 27 367 408 433
552 2 2 1005 27 408 409 433
553 2 2 1005 27 84 85 434
554 2 2 1005 27 407 405 436
555 2 2 1005 27 77 78 435
556 2 2 1005 27 370 426 447
557 2 2 1005 27 380 89 440
558 2 2 1005 27 395 388 438
559 2 2 1005 27 108 396 439
560 2 2 1005 27 421 379 441
561 2 2 1005 27 378 422 442
562 2 2 1005 27 103 102 437
563 2 2 1005 27 366 395 438
564 2 2 1005 27 388 390 438
565 2 2 1005 27 374 419 444
566 2 2 1005 27 397 429 448
567 2 2 1005 27 378 428 446
568 2 2 1005 27 427 379 445
569 2 2 1005 27 420 393 443
570 2 2 1005 27 424 93 439
571 2 2 1005 27 107 423 440
572 2 2 1005 27 379 88 441
573 2 2 1005 27 74 378 442
574 2 2 1005 27 412 369 443
575 2 2 1005 27 382 384 445
576 2 2 1005 27 400 398 446
577 2 2 1005 27 98 97 449
578 2 2 1005 27 369 420 443
579 2 2 1005 27 423 380 440
580 2 2 1005 27 396 424 439
581 2 2 1005 27 423 370 447
582 2 2 1005 27 375 424 448
583 2 2 1005 27 428 400 446
584 2 2 1005 27 384 427 445
585 2 2 1005 27 430 374 444
586 2 2 1005 27 429 375 448
587 2 2 1001 28 515 628 592
588 2 2 1001 28 458 591 590
589 2 2 1001 28 592 641 515
590 2 2 1001 28 458 652 591
591 2 2 1001 28 525 610 609
592 2 2 1001 28 557 615 613
593 2 2 1001 28 606 607 524
594 2 2 1001 28 627 655 593
595 2 2 1001 28 462 655 627
596 2 2 1001 28 525 646 610
597 2 2 1001 28 613 647 557
598 2 2 1001 28 567 581 455
599 2 2 1001 28 604 640 579
600 2 2 1001 28 152 649 629
601 2 2 1001 28 453 629 537
602 2 2 1001 28 534 587 572
603 2 2 1001 28 533 601 600
604 2 2 1001 28 455 654 567
605 2 2 1001 28 537 658 453
606 2 2 1001 28 598 602 530
607 2 2 1001 28 563 617 565
608 2 2 1001 28 629 649 538
609 2 2 1001 28 539 633 450
610 2 2 1001 28 452 604 579
611 2 2 1001 28 450 635 539
612 2 2 1001 28 530 637 598
613 2 2 1001 28 607 634 524
614 2 2 1001 28 597 599 532
615 2 2 1001 28 585 626 471
616 2 2 1001 28 572 587 546
617 2 2 1001 28 533 653 601
618 2 2 1001 28 579 640 580
619 2 2 1001 28 547 639 469
620 2 2 1001 28 450 633 547
621 2 2 1001 28 469 638 547
622 2 2 1001 28 524 631 606
623 2 2 1001 28 585 664 626
624 2 2 1001 28 575 655 624
625 2 2 1001 28 547 638 450
626 2 2 1001 28 540 649 459
627 2 2 1001 28 617 657 565
628 2 2 1001 28 463 651 548
629 2 2 1001 28 470 636 539
630 2 2 1001 28 541 659 464
631 2 2 1001 28 539 635 470
632 2 2 1001 28 590 592 458
633 2 2 1001 28 515 634 628
634 2 2 1001 28 555 647 612
635 2 2 1001 28 612 646 555
636 2 2 1001 28 534 642 587
637 2 2 1001 28 575 624 574
638 2 2 1001 28 532 650 597
639 2 2 1001 28 623 651 463
640 2 2 1001 28 538 649 540
641 2 2 1001 28 529 637 530
642 2 2 1001 28 464 659 625
643 2 2 1001 28 624 655 462
644 2 2 1001 28 456 571 565
645 2 2 1001 28 459 644 540
646 2 2 1001 28 609 631 525
647 2 2 1001 28 542 544 536
648 2 2 1001 28 557 632 615
649 2 2 1001 28 583 585 471
650 2 2 1001 28 461 584 583
651 2 2 1001 28 461 583 144
652 2 2 1001 28 517 542 536
653 2 2 1001 28 584 585 583
654 2 2 1001 28 564 571 569
655 2 2 1001 28 534 549 519
656 2 2 1001 28 513 542 517
657 2 2 1001 28 463 586 161
658 2 2 1001 28 569 571 528
659 2 2 1001 28 143 583 471
660 2 2 1001 28 143 471 142
661 2 2 1001 28 517 536 535
662 2 2 1001 28 536 539 535
663 2 2 1001 28 131 597 464
664 2 2 1001 28 545 547 544
665 2 2 1001 28 145 598 461
666 2 2 1001 28 588 594 478
667 2 2 1001 28 506 570 559
668 2 2 1001 28 517 535 531
669 2 2 1001 28 519 549 509
670 2 2 1001 28 564 569 504
671 2 2 1001 28 513 517 516
672 2 2 1001 28 586 587 460
673 2 2 1001 28 543 544 542
674 2 2 1001 28 508 509 507
675 2 2 1001 28 511 513 512
676 2 2 1001 28 534 572 549
677 2 2 1001 28 130 599 597
678 2 2 1001 28 113 462 114
679 2 2 1001 28 131 464 132
680 2 2 1001 28 162 463 161
681 2 2 1001 28 509 511 510
682 2 2 1001 28 160 586 460
683 2 2 1001 28 145 461 144
684 2 2 1001 28 514 542 513
685 2 2 1001 28 622 628 608
686 2 2 1001 28 157 601 456
687 2 2 1001 28 589 594 588
688 2 2 1001 28 593 594 589
689 2 2 1001 28 144 583 143
690 2 2 1001 28 505 507 506
691 2 2 1001 28 130 597 131
692 2 2 1001 28 543 545 544
693 2 2 1001 28 567 620 553
694 2 2 1001 28 505 508 507
695 2 2 1001 28 160 460 159
696 2 2 1001 28 511 514 513
697 2 2 1001 28 161 586 160
698 2 2 1001 28 509 510 507
699 2 2 1001 28 469 651 573
700 2 2 1001 28 146 598 145
701 2 2 1001 28 460 600 159
702 2 2 1001 28 570 580 559
703 2 2 1001 28 455 602 147
704 2 2 1001 28 591 593 589
705 2 2 1001 28 146 602 598
706 2 2 1001 28 508 519 509
707 2 2 1001 28 511 512 510
708 2 2 1001 28 509 549 511
709 2 2 1001 28 457 608 607
710 2 2 1001 28 129 599 130
711 2 2 1001 28 452 599 129
712 2 2 1001 28 533 534 519
713 2 2 1001 28 158 601 157
714 2 2 1001 28 600 601 158
715 2 2 1001 28 562 564 504
716 2 2 1001 28 514 543 542
717 2 2 1001 28 537 629 538
718 2 2 1001 28 613 615 614
719 2 2 1001 28 457 607 606
720 2 2 1001 28 565 571 564
721 2 2 1001 28 610 612 611
722 2 2 1001 28 513 516 512
723 2 2 1001 28 159 600 158
724 2 2 1001 28 613 614 454
725 2 2 1001 28 535 541 531
726 2 2 1001 28 504 505 503
727 2 2 1001 28 517 531 516
728 2 2 1001 28 505 506 503
729 2 2 1001 28 563 564 562
730 2 2 1001 28 606 609 605
731 2 2 1001 28 506 559 558
732 2 2 1001 28 457 606 605
733 2 2 1001 28 147 602 146
734 2 2 1001 28 498 556 555
735 2 2 1001 28 610 611 466
736 2 2 1001 28 609 610 466
737 2 2 1001 28 605 609 466
738 2 2 1001 28 526 552 537
739 2 2 1001 28 611 612 454
740 2 2 1001 28 612 613 454
741 2 2 1001 28 123 611 454
742 2 2 1001 28 122 611 123
743 2 2 1001 28 466 611 122
744 2 2 1001 28 155 617 154
745 2 2 1001 28 154 617 459
746 2 2 1001 28 563 565 564
747 2 2 1001 28 501 503 502
748 2 2 1001 28 127 604 128
749 2 2 1001 28 120 605 121
750 2 2 1001 28 465 604 127
751 2 2 1001 28 121 605 466
752 2 2 1001 28 128 604 452
753 2 2 1001 28 457 605 120
754 2 2 1001 28 126 465 127
755 2 2 1001 28 121 466 122
756 2 2 1001 28 157 456 156
757 2 2 1001 28 123 454 124
758 2 2 1001 28 151 453 150
759 2 2 1001 28 154 459 153
760 2 2 1001 28 119 457 120
761 2 2 1001 28 148 455 147
762 2 2 1001 28 128 452 129
763 2 2 1001 28 116 458 117
764 2 2 1001 28 501 504 503
765 2 2 1001 28 616 618 465
766 2 2 1001 28 482 588 479
767 2 2 1001 28 615 616 614
768 2 2 1001 28 506 558 503
769 2 2 1001 28 125 616 126
770 2 2 1001 28 501 562 504
771 2 2 1001 28 501 502 499
772 2 2 1001 28 119 608 457
773 2 2 1001 28 494 526 496
774 2 2 1001 28 126 616 465
775 2 2 1001 28 502 556 499
776 2 2 1001 28 615 618 616
777 2 2 1001 28 538 540 527
778 2 2 1001 28 497 500 499
779 2 2 1001 28 502 557 556
780 2 2 1001 28 497 498 495
781 2 2 1001 28 499 556 498
782 2 2 1001 28 500 501 499
783 2 2 1001 28 497 499 498
784 2 2 1001 28 490 560 487
785 2 2 1001 28 526 527 496
786 2 2 1001 28 489 551 491
787 2 2 1001 28 526 537 527
788 2 2 1001 28 496 497 495
789 2 2 1001 28 496 550 497
790 2 2 1001 28 497 550 500
791 2 2 1001 28 487 560 485
792 2 2 1001 28 537 538 527
793 2 2 1001 28 502 558 557
794 2 2 1001 28 614 616 125
795 2 2 1001 28 527 550 496
796 2 2 1001 28 500 562 501
797 2 2 1001 28 561 563 562
798 2 2 1001 28 551 552 526
799 2 2 1001 28 540 550 527
800 2 2 1001 28 521 551 489
801 2 2 1001 28 477 596 480
802 2 2 1001 28 498 555 554
803 2 2 1001 28 481 568 483
804 2 2 1001 28 491 494 493
805 2 2 1001 28 491 493 492
806 2 2 1001 28 494 496 495
807 2 2 1001 28 454 614 124
808 2 2 1001 28 521 552 551
809 2 2 1001 28 503 558 502
810 2 2 1001 28 492 524 490
811 2 2 1001 28 493 525 492
812 2 2 1001 28 494 495 493
813 2 2 1001 28 524 560 490
814 2 2 1001 28 118 608 119
815 2 2 1001 28 491 492 490
816 2 2 1001 28 523 582 581
817 2 2 1001 28 494 551 526
818 2 2 1001 28 489 491 490
819 2 2 1001 28 521 553 552
820 2 2 1001 28 486 523 488
821 2 2 1001 28 489 490 487
822 2 2 1001 28 488 521 489
823 2 2 1001 28 591 627 593
824 2 2 1001 28 491 551 494
825 2 2 1001 28 124 614 125
826 2 2 1001 28 498 554 495
827 2 2 1001 28 528 533 519
828 2 2 1001 28 561 562 500
829 2 2 1001 28 488 489 487
830 2 2 1001 28 507 570 506
831 2 2 1001 28 493 554 525
832 2 2 1001 28 483 486 485
833 2 2 1001 28 540 561 550
834 2 2 1001 28 479 588 478
835 2 2 1001 28 520 588 482
836 2 2 1001 28 484 520 482
837 2 2 1001 28 504 569 505
838 2 2 1001 28 495 554 493
839 2 2 1001 28 550 561 500
840 2 2 1001 28 480 529 518
841 2 2 1001 28 483 485 484
842 2 2 1001 28 476 596 477
843 2 2 1001 28 485 515 484
844 2 2 1001 28 486 488 487
845 2 2 1001 28 523 566 488
846 2 2 1001 28 483 568 486
847 2 2 1001 28 480 596 529
848 2 2 1001 28 508 528 519
849 2 2 1001 28 566 567 553
850 2 2 1001 28 486 487 485
851 2 2 1001 28 511 549 514
852 2 2 1001 28 520 589 588
853 2 2 1001 28 590 591 589
854 2 2 1001 28 486 568 523
855 2 2 1001 28 485 560 515
856 2 2 1001 28 521 566 553
857 2 2 1001 28 576 659 470
858 2 2 1001 28 488 566 521
859 2 2 1001 28 546 548 545
860 2 2 1001 28 518 568 481
861 2 2 1001 28 529 530 518
862 2 2 1001 28 483 484 482
863 2 2 1001 28 512 522 510
864 2 2 1001 28 508 569 528
865 2 2 1001 28 505 569 508
866 2 2 1001 28 481 483 482
867 2 2 1001 28 481 482 479
868 2 2 1001 28 520 590 589
869 2 2 1001 28 594 595 478
870 2 2 1001 28 480 518 481
871 2 2 1001 28 543 546 545
872 2 2 1001 28 477 478 475
873 2 2 1001 28 579 580 522
874 2 2 1001 28 531 532 516
875 2 2 1001 28 475 595 474
876 2 2 1001 28 477 480 479
877 2 2 1001 28 480 481 479
878 2 2 1001 28 135 467 136
879 2 2 1001 28 477 479 478
880 2 2 1001 28 136 472 137
881 2 2 1001 28 510 570 507
882 2 2 1001 28 522 580 570
883 2 2 1001 28 138 450 137
884 2 2 1001 28 137 451 138
885 2 2 1001 28 478 595 475
886 2 2 1001 28 473 476 475
887 2 2 1001 28 523 581 566
888 2 2 1001 28 568 582 523
889 2 2 1001 28 566 581 567
890 2 2 1001 28 476 477 475
891 2 2 1001 28 138 577 139
892 2 2 1001 28 578 579 522
893 2 2 1001 28 522 570 510
894 2 2 1001 28 514 572 543
895 2 2 1001 28 512 578 522
896 2 2 1001 28 136 469 135
897 2 2 1001 28 140 470 139
898 2 2 1001 28 139 468 140
899 2 2 1001 28 549 572 514
900 2 2 1001 28 530 582 518
901 2 2 1001 28 516 578 512
902 2 2 1001 28 518 582 568
903 2 2 1001 28 532 578 516
904 2 2 1001 28 473 475 474
905 2 2 1001 28 543 572 546
906 2 2 1001 28 473 474 451
907 2 2 1001 28 467 472 136
908 2 2 1001 28 137 472 451
909 2 2 1001 28 592 622 458
910 2 2 1001 28 612 647 613
911 2 2 1001 28 150 620 149
912 2 2 1001 28 610 646 612
913 2 2 1001 28 451 577 138
914 2 2 1001 28 472 473 451
915 2 2 1001 28 141 576 140
916 2 2 1001 28 139 577 468
917 2 2 1001 28 140 574 141
918 2 2 1001 28 135 573 134
919 2 2 1001 28 593 621 594
920 2 2 1001 28 473 603 476
921 2 2 1001 28 474 577 451
922 2 2 1001 28 468 575 574
923 2 2 1001 28 467 603 472
924 2 2 1001 28 140 576 470
925 2 2 1001 28 468 574 140
926 2 2 1001 28 469 573 135
927 2 2 1001 28 472 603 473
928 2 2 1001 28 595 619 474
929 2 2 1001 28 453 620 150
930 2 2 1001 28 595 621 619
931 2 2 1001 28 602 643 530
932 2 2 1001 28 577 619 468
933 2 2 1001 28 458 622 117
934 2 2 1001 28 118 622 608
935 2 2 1001 28 592 628 622
936 2 2 1001 28 163 623 162
937 2 2 1001 28 112 624 113
938 2 2 1001 28 132 625 133
939 2 2 1001 28 474 619 577
940 2 2 1001 28 468 619 575
941 2 2 1001 28 114 627 115
942 2 2 1001 28 619 621 575
943 2 2 1001 28 134 626 135
944 2 2 1001 28 470 659 636
945 2 2 1001 28 594 621 595
946 2 2 1001 28 559 665 632
947 2 2 1001 28 639 651 469
948 2 2 1001 28 620 658 553
949 2 2 1001 28 627 652 115
950 2 2 1001 28 599 645 532
951 2 2 1001 28 152 629 151
952 2 2 1001 28 117 622 118
953 2 2 1001 28 547 633 544
954 2 2 1001 28 536 633 539
955 2 2 1001 28 608 628 607
956 2 2 1001 28 630 663 596
957 2 2 1001 28 162 623 463
958 2 2 1001 28 113 624 462
959 2 2 1001 28 590 641 592
960 2 2 1001 28 464 625 132
961 2 2 1001 28 539 636 535
962 2 2 1001 28 462 627 114
963 2 2 1001 28 461 637 584
964 2 2 1001 28 565 657 456
965 2 2 1001 28 492 631 524
966 2 2 1001 28 135 626 467
967 2 2 1001 28 545 639 547
968 2 2 1001 28 476 630 596
969 2 2 1001 28 559 632 558
970 2 2 1001 28 453 658 620
971 2 2 1001 28 548 648 463
972 2 2 1001 28 142 656 10
973 2 2 1001 28 10 656 134
974 2 2 1001 28 587 642 460
975 2 2 1001 28 524 634 560
976 2 2 1001 28 618 640 465
977 2 2 1001 28 591 652 627
978 2 2 1001 28 138 635 450
979 2 2 1001 28 515 641 484
980 2 2 1001 28 450 638 137
981 2 2 1001 28 520 641 590
982 2 2 1001 28 470 635 139
983 2 2 1001 28 136 638 469
984 2 2 1001 28 632 665 618
985 2 2 1001 28 620 654 149
986 2 2 1001 28 557 647 556
987 2 2 1001 28 153 649 152
988 2 2 1001 28 540 644 561
989 2 2 1001 28 456 653 571
990 2 2 1001 28 554 646 525
991 2 2 1001 28 584 663 630
992 2 2 1001 28 116 652 458
993 2 2 1001 28 148 654 455
994 2 2 1001 28 567 654 620
995 2 2 1001 28 528 653 533
996 2 2 1001 28 155 657 617
997 2 2 1001 28 456 657 156
998 2 2 1001 28 552 658 537
999 2 2 1001 28 601 653 456
1000 2 2 1001 28 531 650 532
1001 2 2 1001 28 600 642 533
1002 2 2 1001 28 603 630 476
1003 2 2 1001 28 581 643 455
1004 2 2 1001 28 9 661 112
1005 2 2 1001 28 10 660 163
1006 2 2 1001 28 133 662 9
1007 2 2 1001 28 134 660 10
1008 2 2 1001 28 141 661 9
1009 2 2 1001 28 9 662 141
1010 2 2 1001 28 151 629 453
1011 2 2 1001 28 584 630 585
1012 2 2 1001 28 593 655 621
1013 2 2 1001 28 530 643 582
1014 2 2 1001 28 463 648 586
1015 2 2 1001 28 532 645 578
1016 2 2 1001 28 606 631 609
1017 2 2 1001 28 615 632 618
1018 2 2 1001 28 628 634 607
1019 2 2 1001 28 563 644 617
1020 2 2 1001 28 464 650 541
1021 2 2 1001 28 587 648 546
1022 2 2 1001 28 579 645 452
1023 2 2 1001 28 525 631 492
1024 2 2 1001 28 597 650 464
1025 2 2 1001 28 603 664 630
1026 2 2 1001 28 544 633 536
1027 2 2 1001 28 558 632 557
1028 2 2 1001 28 626 664 467
1029 2 2 1001 28 582 643 581
1030 2 2 1001 28 535 636 541
1031 2 2 1001 28 139 635 138
1032 2 2 1001 28 630 664 585
1033 2 2 1001 28 137 638 136
1034 2 2 1001 28 533 642 534
1035 2 2 1001 28 548 639 545
1036 2 2 1001 28 598 637 461
1037 2 2 1001 28 560 634 515
1038 2 2 1001 28 586 648 587
1039 2 2 1001 28 465 640 604
1040 2 2 1001 28 578 645 579
1041 2 2 1001 28 484 641 520
1042 2 2 1001 28 617 644 459
1043 2 2 1001 28 460 642 600
1044 2 2 1001 28 455 643 602
1045 2 2 1001 28 561 644 563
1046 2 2 1001 28 452 645 599
1047 2 2 1001 28 555 646 554
1048 2 2 1001 28 556 647 555
1049 2 2 1001 28 625 662 133
1050 2 2 1001 28 112 661 624
1051 2 2 1001 28 163 660 623
1052 2 2 1001 28 459 649 153
1053 2 2 1001 28 546 648 548
1054 2 2 1001 28 637 663 584
1055 2 2 1001 28 571 653 528
1056 2 2 1001 28 541 650 531
1057 2 2 1001 28 115 652 116
1058 2 2 1001 28 471 656 142
1059 2 2 1001 28 149 654 148
1060 2 2 1001 28 156 657 155
1061 2 2 1001 28 618 665 640
1062 2 2 1001 28 553 658 552
1063 2 2 1001 28 134 656 626
1064 2 2 1001 28 624 661 574
1065 2 2 1001 28 623 660 573
1066 2 2 1001 28 576 662 625
1067 2 2 1001 28 573 660 134
1068 2 2 1001 28 574 661 141
1069 2 2 1001 28 141 662 576
1070 2 2 1001 28 580 665 559
1071 2 2 1001 28 621 655 575
1072 2 2 1001 28 596 663 529
1073 2 2 1001 28 573 651 623
1074 2 2 1001 28 467 664 603
1075 2 2 1001 28 625 659 576
1076 2 2 1001 28 626 656 471
1077 2 2 1001 28 548 651 639
1078 2 2 1001 28 636 659 541
1079 2 2 1001 28 529 663 637
1080 2 2 1001 28 640 665 580
1081 2 2 1002 38 793 904 975
1082 2 2 1002 38 950 909 951
1083 2 2 1002 38 885 803 918
1084 2 2 1002 38 803 885 919
1085 2 2 1002 38 978 16 1007
1086 2 2 1002 38 902 810 904
1087 2 2 1002 38 903 960 985
1088 2 2 1002 38 904 793 960
1089 2 2 1002 38 809 15 976
1090 2 2 1002 38 186 17 978
1091 2 2 1002 38 808 888 889
1092 2 2 1002 38 809 950 951
1093 2 2 1002 38 929 802 940
1094 2 2 1002 38 17 186 1008
1095 2 2 1002 38 955 978 1007
1096 2 2 1002 38 954 945 990
1097 2 2 1002 38 795 213 816
1098 2 2 1002 38 233 794 817
1099 2 2 1002 38 891 188 897
1100 2 2 1002 38 807 187 1004
1101 2 2 1002 38 815 949 985
1102 2 2 1002 38 903 904 960
1103 2 2 1002 38 187 807 818
1104 2 2 1002 38 17 16 978
1105 2 2 1002 38 945 797 990
1106 2 2 1002 38 970 892 973
1107 2 2 1002 38 911 970 973
1108 2 2 1002 38 187 188 891
1109 2 2 1002 38 800 898 899
1110 2 2 1002 38 814 191 969
1111 2 2 1002 38 855 852 920
1112 2 2 1002 38 810 902 955
1113 2 2 1002 38 818 807 819
1114 2 2 1002 38 949 906 985
1115 2 2 1002 38 909 814 969
1116 2 2 1002 38 967 195 986
1117 2 2 1002 38 188 818 896
1118 2 2 1002 38 801 935 958
1119 2 2 1002 38 917 967 986
1120 2 2 1002 38 820 881 901
1121 2 2 1002 38 927 813 941
1122 2 2 1002 38 212 213 795
1123 2 2 1002 38 233 234 794
1124 2 2 1002 38 929 940 980
1125 2 2 1002 38 935 801 998
1126 2 2 1002 38 951 909 969
1127 2 2 1002 38 955 881 978
1128 2 2 1002 38 908 814 909
1129 2 2 1002 38 904 810 975
1130 2 2 1002 38 171 809 951
1131 2 2 1002 38 960 815 985
1132 2 2 1002 38 888 808 890
1133 2 2 1002 38 913 216 974
1134 2 2 1002 38 186 187 808
1135 2 2 1002 38 805 916 986
1136 2 2 1002 38 808 187 891
1137 2 2 1002 38 885 855 920
1138 2 2 1002 38 871 876 884
1139 2 2 1002 38 852 851 920
1140 2 2 1002 38 216 913 991
1141 2 2 1002 38 820 807 881
1142 2 2 1002 38 800 899 982
1143 2 2 1002 38 898 800 900
1144 2 2 1002 38 884 876 997
1145 2 2 1002 38 818 819 947
1146 2 2 1002 38 988 816 1001
1147 2 2 1002 38 896 818 947
1148 2 2 1002 38 813 927 992
1149 2 2 1002 38 192 814 907
1150 2 2 1002 38 897 988 1001
1151 2 2 1002 38 888 884 889
1152 2 2 1002 38 178 793 975
1153 2 2 1002 38 817 794 896
1154 2 2 1002 38 189 188 896
1155 2 2 1002 38 802 929 977
1156 2 2 1002 38 902 901 955
1157 2 2 1002 38 976 15 993
1158 2 2 1002 38 819 873 947
1159 2 2 1002 38 817 896 947
1160 2 2 1002 38 819 807 820
1161 2 2 1002 38 871 869 876
1162 2 2 1002 38 876 950 997
1163 2 2 1002 38 187 186 1004
1164 2 2 1002 38 916 805 962
1165 2 2 1002 38 980 812 1005
1166 2 2 1002 38 901 881 955
1167 2 2 1002 38 870 901 902
1168 2 2 1002 38 919 885 920
1169 2 2 1002 38 188 187 818
1170 2 2 1002 38 208 806 949
1171 2 2 1002 38 794 189 896
1172 2 2 1002 38 916 917 986
1173 2 2 1002 38 817 947 948
1174 2 2 1002 38 210 209 815
1175 2 2 1002 38 192 191 814
1176 2 2 1002 38 870 822 901
1177 2 2 1002 38 808 889 1008
1178 2 2 1002 38 233 817 971
1179 2 2 1002 38 849 956 963
1180 2 2 1002 38 867 866 931
1181 2 2 1002 38 942 804 961
1182 2 2 1002 38 795 816 988
1183 2 2 1002 38 918 803 967
1184 2 2 1002 38 915 916 930
1185 2 2 1002 38 872 824 905
1186 2 2 1002 38 872 905 906
1187 2 2 1002 38 822 820 901
1188 2 2 1002 38 883 861 914
1189 2 2 1002 38 232 233 971
1190 2 2 1002 38 971 948 990
1191 2 2 1002 38 866 869 871
1192 2 2 1002 38 798 218 939
1193 2 2 1002 38 864 865 866
1194 2 2 1002 38 824 822 870
1195 2 2 1002 38 191 190 969
1196 2 2 1002 38 914 798 994
1197 2 2 1002 38 186 808 1008
1198 2 2 1002 38 24 189 794
1199 2 2 1002 38 189 24 795
1200 2 2 1002 38 866 865 869
1201 2 2 1002 38 814 908 984
1202 2 2 1002 38 959 895 998
1203 2 2 1002 38 805 193 907
1204 2 2 1002 38 193 192 907
1205 2 2 1002 38 940 812 980
1206 2 2 1002 38 864 863 865
1207 2 2 1002 38 862 863 864
1208 2 2 1002 38 897 188 988
1209 2 2 1002 38 798 914 974
1210 2 2 1002 38 871 884 888
1211 2 2 1002 38 876 869 908
1212 2 2 1002 38 861 875 914
1213 2 2 1002 38 930 916 962
1214 2 2 1002 38 170 171 951
1215 2 2 1002 38 911 867 970
1216 2 2 1002 38 857 885 918
1217 2 2 1002 38 915 874 916
1218 2 2 1002 38 864 867 910
1219 2 2 1002 38 910 867 911
1220 2 2 1002 38 218 219 939
1221 2 2 1002 38 956 900 963
1222 2 2 1002 38 858 874 915
1223 2 2 1002 38 816 213 972
1224 2 2 1002 38 961 804 1006
1225 2 2 1002 38 864 866 867
1226 2 2 1002 38 894 895 959
1227 2 2 1002 38 862 864 910
1228 2 2 1002 38 922 878 953
1229 2 2 1002 38 920 851 921
1230 2 2 1002 38 861 860 862
1231 2 2 1002 38 862 860 863
1232 2 2 1002 38 874 857 918
1233 2 2 1002 38 921 980 1005
1234 2 2 1002 38 889 884 976
1235 2 2 1002 38 859 858 860
1236 2 2 1002 38 859 860 861
1237 2 2 1002 38 846 849 937
1238 2 2 1002 38 824 870 905
1239 2 2 1002 38 876 908 909
1240 2 2 1002 38 875 862 910
1241 2 2 1002 38 860 858 915
1242 2 2 1002 38 923 883 924
1243 2 2 1002 38 845 846 937
1244 2 2 1002 38 936 845 937
1245 2 2 1002 38 229 230 944
1246 2 2 1002 38 898 900 956
1247 2 2 1002 38 799 229 944
1248 2 2 1002 38 801 959 998
1249 2 2 1002 38 222 964 983
1250 2 2 1002 38 934 845 936
1251 2 2 1002 38 206 942 943
1252 2 2 1002 38 231 797 945
1253 2 2 1002 38 815 209 949
1254 2 2 1002 38 944 230 945
1255 2 2 1002 38 861 862 875
1256 2 2 1002 38 205 804 942
1257 2 2 1002 38 206 205 942
1258 2 2 1002 38 834 893 946
1259 2 2 1002 38 806 207 943
1260 2 2 1002 38 207 206 943
1261 2 2 1002 38 936 937 938
1262 2 2 1002 38 866 871 931
1263 2 2 1002 38 868 854 923
1264 2 2 1002 38 842 845 934
1265 2 2 1002 38 868 923 924
1266 2 2 1002 38 964 222 987
1267 2 2 1002 38 199 812 940
1268 2 2 1002 38 201 802 941
1269 2 2 1002 38 916 874 917
1270 2 2 1002 38 803 919 981
1271 2 2 1002 38 898 868 899
1272 2 2 1002 38 853 868 898
1273 2 2 1002 38 813 202 941
1274 2 2 1002 38 802 200 940
1275 2 2 1002 38 230 231 945
1276 2 2 1002 38 856 858 859
1277 2 2 1002 38 203 202 813
1278 2 2 1002 38 199 198 812
1279 2 2 1002 38 194 193 805
1280 2 2 1002 38 201 200 802
1281 2 2 1002 38 205 204 804
1282 2 2 1002 38 208 207 806
1283 2 2 1002 38 197 196 803
1284 2 2 1002 38 853 854 868
1285 2 2 1002 38 200 199 940
1286 2 2 1002 38 202 201 941
1287 2 2 1002 38 899 868 924
1288 2 2 1002 38 854 856 923
1289 2 2 1002 38 846 848 849
1290 2 2 1002 38 875 912 913
1291 2 2 1002 38 850 852 853
1292 2 2 1002 38 853 852 854
1293 2 2 1002 38 849 848 850
1294 2 2 1002 38 856 859 923
1295 2 2 1002 38 856 857 858
1296 2 2 1002 38 854 855 856
1297 2 2 1002 38 223 224 811
1298 2 2 1002 38 228 229 799
1299 2 2 1002 38 231 232 797
1300 2 2 1002 38 225 226 801
1301 2 2 1002 38 214 215 796
1302 2 2 1002 38 217 218 798
1303 2 2 1002 38 220 221 800
1304 2 2 1002 38 854 852 855
1305 2 2 1002 38 858 857 874
1306 2 2 1002 38 850 851 852
1307 2 2 1002 38 856 855 857
1308 2 2 1002 38 845 844 846
1309 2 2 1002 38 842 844 845
1310 2 2 1002 38 850 848 851
1311 2 2 1002 38 857 855 885
1312 2 2 1002 38 846 847 848
1313 2 2 1002 38 846 844 847
1314 2 2 1002 38 935 934 936
1315 2 2 1002 38 863 915 930
1316 2 2 1002 38 875 910 912
1317 2 2 1002 38 842 843 844
1318 2 2 1002 38 842 840 843
1319 2 2 1002 38 844 843 928
1320 2 2 1002 38 841 842 934
1321 2 2 1002 38 847 928 929
1322 2 2 1002 38 847 844 928
1323 2 2 1002 38 837 840 841
1324 2 2 1002 38 843 927 928
1325 2 2 1002 38 917 874 918
1326 2 2 1002 38 933 934 935
1327 2 2 1002 38 841 840 842
1328 2 2 1002 38 894 838 895
1329 2 2 1002 38 843 926 927
1330 2 2 1002 38 837 839 840
1331 2 2 1002 38 839 836 886
1332 2 2 1002 38 859 883 923
1333 2 2 1002 38 843 840 926
1334 2 2 1002 38 863 860 915
1335 2 2 1002 38 839 886 887
1336 2 2 1002 38 859 861 883
1337 2 2 1002 38 838 835 925
1338 2 2 1002 38 893 838 894
1339 2 2 1002 38 835 837 925
1340 2 2 1002 38 837 841 925
1341 2 2 1002 38 834 838 893
1342 2 2 1002 38 840 839 926
1343 2 2 1002 38 872 922 953
1344 2 2 1002 38 839 887 926
1345 2 2 1002 38 895 838 925
1346 2 2 1002 38 837 836 839
1347 2 2 1002 38 211 210 960
1348 2 2 1002 38 834 835 838
1349 2 2 1002 38 835 833 836
1350 2 2 1002 38 933 841 934
1351 2 2 1002 38 835 836 837
1352 2 2 1002 38 869 865 877
1353 2 2 1002 38 875 913 914
1354 2 2 1002 38 879 878 957
1355 2 2 1002 38 886 836 932
1356 2 2 1002 38 925 841 933
1357 2 2 1002 38 834 833 835
1358 2 2 1002 38 907 814 984
1359 2 2 1002 38 895 925 933
1360 2 2 1002 38 832 830 878
1361 2 2 1002 38 831 833 834
1362 2 2 1002 38 899 924 939
1363 2 2 1002 38 832 878 879
1364 2 2 1002 38 831 832 833
1365 2 2 1002 38 869 877 908
1366 2 2 1002 38 827 825 953
1367 2 2 1002 38 832 879 932
1368 2 2 1002 38 836 833 932
1369 2 2 1002 38 833 832 932
1370 2 2 1002 38 888 890 931
1371 2 2 1002 38 805 907 962
1372 2 2 1002 38 870 902 903
1373 2 2 1002 38 831 830 832
1374 2 2 1002 38 203 813 952
1375 2 2 1002 38 804 204 952
1376 2 2 1002 38 829 827 830
1377 2 2 1002 38 937 849 963
1378 2 2 1002 38 226 227 959
1379 2 2 1002 38 210 815 960
1380 2 2 1002 38 853 898 956
1381 2 2 1002 38 828 827 829
1382 2 2 1002 38 849 850 956
1383 2 2 1002 38 828 829 880
1384 2 2 1002 38 209 208 949
1385 2 2 1002 38 865 863 930
1386 2 2 1002 38 831 834 946
1387 2 2 1002 38 825 872 953
1388 2 2 1002 38 811 224 958
1389 2 2 1002 38 225 801 958
1390 2 2 1002 38 826 828 882
1391 2 2 1002 38 799 944 965
1392 2 2 1002 38 829 830 831
1393 2 2 1002 38 819 820 821
1394 2 2 1002 38 829 831 946
1395 2 2 1002 38 867 931 970
1396 2 2 1002 38 880 829 946
1397 2 2 1002 38 883 914 994
1398 2 2 1002 38 910 911 912
1399 2 2 1002 38 812 981 1005
1400 2 2 1002 38 823 822 824
1401 2 2 1002 38 878 922 957
1402 2 2 1002 38 821 820 822
1403 2 2 1002 38 826 827 828
1404 2 2 1002 38 890 892 970
1405 2 2 1002 38 878 830 953
1406 2 2 1002 38 872 906 922
1407 2 2 1002 38 931 890 970
1408 2 2 1002 38 959 227 979
1409 2 2 1002 38 906 905 985
1410 2 2 1002 38 196 195 967
1411 2 2 1002 38 204 203 952
1412 2 2 1002 38 947 873 948
1413 2 2 1002 38 828 880 954
1414 2 2 1002 38 213 214 972
1415 2 2 1002 38 877 865 930
1416 2 2 1002 38 876 909 950
1417 2 2 1002 38 798 939 994
1418 2 2 1002 38 949 806 996
1419 2 2 1002 38 890 808 891
1420 2 2 1002 38 921 851 968
1421 2 2 1002 38 826 825 827
1422 2 2 1002 38 946 893 965
1423 2 2 1002 38 851 848 968
1424 2 2 1002 38 825 824 872
1425 2 2 1002 38 919 920 1005
1426 2 2 1002 38 801 226 959
1427 2 2 1002 38 847 929 968
1428 2 2 1002 38 850 853 956
1429 2 2 1002 38 792 170 951
1430 2 2 1002 38 830 827 953
1431 2 2 1002 38 932 879 961
1432 2 2 1002 38 882 828 954
1433 2 2 1002 38 823 824 825
1434 2 2 1002 38 224 225 958
1435 2 2 1002 38 912 796 991
1436 2 2 1002 38 938 963 964
1437 2 2 1002 38 821 822 823
1438 2 2 1002 38 216 217 974
1439 2 2 1002 38 963 900 964
1440 2 2 1002 38 188 189 988
1441 2 2 1002 38 823 825 826
1442 2 2 1002 38 806 943 957
1443 2 2 1002 38 903 902 904
1444 2 2 1002 38 920 921 1005
1445 2 2 1002 38 962 907 984
1446 2 2 1002 38 894 959 979
1447 2 2 1002 38 965 893 1003
1448 2 2 1002 38 929 928 977
1449 2 2 1002 38 816 972 973
1450 2 2 1002 38 882 954 990
1451 2 2 1002 38 871 888 931
1452 2 2 1002 38 821 823 966
1453 2 2 1002 38 913 912 991
1454 2 2 1002 38 957 922 996
1455 2 2 1002 38 938 937 963
1456 2 2 1002 38 819 821 873
1457 2 2 1002 38 886 932 961
1458 2 2 1002 38 228 799 979
1459 2 2 1002 38 938 811 1002
1460 2 2 1002 38 879 957 999
1461 2 2 1002 38 890 891 892
1462 2 2 1002 38 826 882 966
1463 2 2 1002 38 215 216 991
1464 2 2 1002 38 179 178 975
1465 2 2 1002 38 812 198 981
1466 2 2 1002 38 197 803 981
1467 2 2 1002 38 221 222 983
1468 2 2 1002 38 927 941 977
1469 2 2 1002 38 195 194 986
1470 2 2 1002 38 917 918 967
1471 2 2 1002 38 220 800 982
1472 2 2 1002 38 178 22 793
1473 2 2 1002 38 20 170 792
1474 2 2 1002 38 797 232 971
1475 2 2 1002 38 222 223 987
1476 2 2 1002 38 877 930 962
1477 2 2 1002 38 799 965 1003
1478 2 2 1002 38 936 938 1002
1479 2 2 1002 38 952 813 992
1480 2 2 1002 38 950 809 997
1481 2 2 1002 38 892 891 897
1482 2 2 1002 38 873 821 966
1483 2 2 1002 38 939 924 994
1484 2 2 1002 38 797 971 990
1485 2 2 1002 38 927 926 992
1486 2 2 1002 38 880 946 965
1487 2 2 1002 38 803 196 967
1488 2 2 1002 38 933 935 998
1489 2 2 1002 38 981 919 1005
1490 2 2 1002 38 817 948 971
1491 2 2 1002 38 806 957 996
1492 2 2 1002 38 965 944 1000
1493 2 2 1002 38 793 211 960
1494 2 2 1002 38 881 807 1004
1495 2 2 1002 38 877 962 984
1496 2 2 1002 38 870 903 905
1497 2 2 1002 38 887 952 992
1498 2 2 1002 38 848 847 968
1499 2 2 1002 38 810 955 1007
1500 2 2 1002 38 968 929 980
1501 2 2 1002 38 914 913 974
1502 2 2 1002 38 823 826 966
1503 2 2 1002 38 939 219 982
1504 2 2 1002 38 899 939 982
1505 2 2 1002 38 973 892 1001
1506 2 2 1002 38 804 952 1006
1507 2 2 1002 38 900 800 983
1508 2 2 1002 38 214 796 972
1509 2 2 1002 38 217 798 974
1510 2 2 1002 38 796 912 995
1511 2 2 1002 38 957 943 999
1512 2 2 1002 38 948 989 990
1513 2 2 1002 38 886 961 1006
1514 2 2 1002 38 190 20 792
1515 2 2 1002 38 22 211 793
1516 2 2 1002 38 811 938 987
1517 2 2 1002 38 941 802 977
1518 2 2 1002 38 952 887 1006
1519 2 2 1002 38 234 24 794
1520 2 2 1002 38 24 212 795
1521 2 2 1002 38 928 927 977
1522 2 2 1002 38 880 965 1000
1523 2 2 1002 38 912 911 995
1524 2 2 1002 38 938 964 987
1525 2 2 1002 38 227 228 979
1526 2 2 1002 38 921 968 980
1527 2 2 1002 38 964 900 983
1528 2 2 1002 38 189 795 988
1529 2 2 1002 38 811 958 1002
1530 2 2 1002 38 792 951 969
1531 2 2 1002 38 810 179 975
1532 2 2 1002 38 944 945 1000
1533 2 2 1002 38 908 877 984
1534 2 2 1002 38 973 972 995
1535 2 2 1002 38 198 197 981
1536 2 2 1002 38 800 221 983
1537 2 2 1002 38 219 220 982
1538 2 2 1002 38 948 873 989
1539 2 2 1002 38 194 805 986
1540 2 2 1002 38 958 935 1002
1541 2 2 1002 38 961 879 999
1542 2 2 1002 38 979 799 1003
1543 2 2 1002 38 223 811 987
1544 2 2 1002 38 906 949 996
1545 2 2 1002 38 924 883 994
1546 2 2 1002 38 796 215 991
1547 2 2 1002 38 926 887 992
1548 2 2 1002 38 943 942 999
1549 2 2 1002 38 816 973 1001
1550 2 2 1002 38 945 954 1000
1551 2 2 1002 38 911 973 995
1552 2 2 1002 38 935 936 1002
1553 2 2 1002 38 895 933 998
1554 2 2 1002 38 873 966 989
1555 2 2 1002 38 966 882 989
1556 2 2 1002 38 893 894 1003
1557 2 2 1002 38 887 886 1006
1558 2 2 1002 38 942 961 999
1559 2 2 1002 38 922 906 996
1560 2 2 1002 38 905 903 985
1561 2 2 1002 38 954 880 1000
1562 2 2 1002 38 972 796 995
1563 2 2 1002 38 190 792 969
1564 2 2 1002 38 892 897 1001
1565 2 2 1002 38 809 976 997
1566 2 2 1002 38 889 976 993
1567 2 2 1002 38 989 882 990
1568 2 2 1002 38 978 881 1004
1569 2 2 1002 38 976 884 997
1570 2 2 1002 38 894 979 1003
1571 2 2 1002 38 889 993 1008
1572 2 2 1002 38 186 978 1004
1573 2 2 1002 38 171 15 809
1574 2 2 1002 38 15 17 1008
1575 2 2 1002 38 993 15 1008
1576 2 2 1002 38 16 179 810
1577 2 2 1002 38 16 810 1007
1578 2 2 1002 40 1018 1026 181
1579 2 2 1002 40 196 1033 1028
1580 2 2 1002 40 1039 1051 1031
1581 2 2 1002 40 1030 1052 1040
1582 2 2 1002 40 173 1027 1017
1583 2 2 1002 40 197 1033 196
1584 2 2 1002 40 190 1027 172
1585 2 2 1002 40 180 1026 211
1586 2 2 1002 40 181 1026 180
1587 2 2 1002 40 172 20 190
1588 2 2 1002 40 180 211 22
1589 2 2 1002 40 1040 1052 1023
1590 2 2 1002 40 1022 1051 1039
1591 2 2 1002 40 172 1027 173
1592 2 2 1002 40 191 1030 1027
1593 2 2 1002 40 1034 1046 1016
1594 2 2 1002 40 1026 1031 210
1595 2 2 1002 40 1038 1046 1025
1596 2 2 1002 40 1029 1036 205
1597 2 2 1002 40 192 1030 191
1598 2 2 1002 40 210 1031 209
1599 2 2 1002 40 205 1036 204
1600 2 2 1002 40 1016 1045 1034
1601 2 2 1002 40 1018 1031 1026
1602 2 2 1002 40 1018 1039 1031
1603 2 2 1002 40 1030 1040 1017
1604 2 2 1002 40 1027 1030 1017
1605 2 2 1002 40 1016 1046 1038
1606 2 2 1002 40 191 1027 190
1607 2 2 1002 40 1028 1033 1020
1608 2 2 1002 40 1021 1036 1029
1609 2 2 1002 40 208 1022 207
1610 2 2 1002 40 194 1023 193
1611 2 2 1002 40 211 1026 210
1612 2 2 1002 40 1038 1049 1036
1613 2 2 1002 40 206 1029 205
1614 2 2 1002 40 196 1028 195
1615 2 2 1002 40 199 1019 198
1616 2 2 1002 40 203 1025 202
1617 2 2 1002 40 201 1024 200
1618 2 2 1002 40 1021 1038 1036
1619 2 2 1002 40 1025 1049 1038
1620 2 2 1002 40 1020 1037 1028
1621 2 2 1002 40 1029 1035 1021
1622 2 2 1002 40 1024 1046 1034
1623 2 2 1002 40 173 1017 174
1624 2 2 1002 40 182 1018 181
1625 2 2 1002 40 21 1011 23
1626 2 2 1002 40 1012 1014 23
1627 2 2 1002 40 21 1015 1013
1628 2 2 1002 40 1019 1034 1032
1629 2 2 1002 40 1011 1012 23
1630 2 2 1002 40 21 1013 1011
1631 2 2 1002 40 1033 1050 1032
1632 2 2 1002 40 1020 1032 1013
1633 2 2 1002 40 1032 1050 1019
1634 2 2 1002 40 1020 1033 1032
1635 2 2 1002 40 1011 1016 1012
1636 2 2 1002 40 1012 1021 1014
1637 2 2 1002 40 1015 1020 1013
1638 2 2 1002 40 1021 1035 1014
1639 2 2 1002 40 1015 1037 1020
1640 2 2 1002 40 1022 1039 1035
1641 2 2 1002 40 1037 1040 1023
1642 2 2 1002 40 1016 1038 1012
1643 2 2 1002 40 1012 1038 1021
1644 2 2 1002 40 174 1048 21
1645 2 2 1002 40 23 1047 182
1646 2 2 1002 40 1032 1045 1013
1647 2 2 1002 40 1034 1045 1032
1648 2 2 1002 40 1014 1047 23
1649 2 2 1002 40 21 1048 1015
1650 2 2 1002 40 1011 1045 1016
1651 2 2 1002 40 1035 1039 1014
1652 2 2 1002 40 1015 1040 1037
1653 2 2 1002 40 1019 1043 1034
1654 2 2 1002 40 1034 1043 1024
1655 2 2 1002 40 197 1050 1033
1656 2 2 1002 40 1022 1041 207
1657 2 2 1002 40 194 1042 1023
1658 2 2 1002 40 206 1041 1029
1659 2 2 1002 40 1028 1042 195
1660 2 2 1002 40 199 1043 1019
1661 2 2 1002 40 1024 1043 200
1662 2 2 1002 40 1025 1044 202
1663 2 2 1002 40 201 1044 1024
1664 2 2 1002 40 1025 1046 1044
1665 2 2 1002 40 207 1041 206
1666 2 2 1002 40 195 1042 194
1667 2 2 1002 40 200 1043 199
1668 2 2 1002 40 202 1044 201
1669 2 2 1002 40 1029 1041 1035
1670 2 2 1002 40 1037 1042 1028
1671 2 2 1002 40 1036 1049 204
1672 2 2 1002 40 1035 1041 1022
1673 2 2 1002 40 1023 1042 1037
1674 2 2 1002 40 204 1049 203
1675 2 2 1002 40 198 1050 197
1676 2 2 1002 40 209 1051 208
1677 2 2 1002 40 193 1052 192
1678 2 2 1002 40 192 1052 1030
1679 2 2 1002 40 1031 1051 209
1680 2 2 1002 40 1013 1045 1011
1681 2 2 1002 40 203 1049 1025
1682 2 2 1002 40 1019 1050 198
1683 2 2 1002 40 208 1051 1022
1684 2 2 1002 40 1023 1052 193
1685 2 2 1002 40 182 1047 1018
1686 2 2 1002 40 1017 1048 174
1687 2 2 1002 40 1018 1047 1039
1688 2 2 1002 40 1040 1048 1017
1689 2 2 1002 40 1039 1047 1014
1690 2 2 1002 40 1015 1048 1040
1691 2 2 1002 40 1044 1046 1024
1692 2 2 1002 41 1072 1056 1082
1693 2 2 1002 41 1056 1072 1081
1694 2 2 1002 41 215 214 1082
1695 2 2 1002 41 1056 215 1082
1696 2 2 1002 41 212 24 1088
1697 2 2 1002 41 1075 1055 1090
1698 2 2 1002 41 1055 1075 1089
1699 2 2 1002 41 1057 218 1083
1700 2 2 1002 41 1076 1058 1087
1701 2 2 1002 41 1079 1076 1087
1702 2 2 1002 41 1060 212 1088
1703 2 2 1002 41 218 217 1083
1704 2 2 1002 41 227 226 1090
1705 2 2 1002 41 1055 227 1090
1706 2 2 1002 41 1088 1073 1095
1707 2 2 1002 41 228 1055 1091
1708 2 2 1002 41 1060 1088 1095
1709 2 2 1002 41 24 1061 1088
1710 2 2 1002 41 229 228 1091
1711 2 2 1002 41 221 220 1086
1712 2 2 1002 41 1053 221 1086
1713 2 2 1002 41 1067 1072 1073
1714 2 2 1002 41 1064 1067 1073
1715 2 2 1002 41 1066 1065 1074
1716 2 2 1002 41 1069 1076 1077
1717 2 2 1002 41 1068 1069 1077
1718 2 2 1002 41 234 233 1054
1719 2 2 1002 41 228 227 1055
1720 2 2 1002 41 219 218 1057
1721 2 2 1002 41 216 215 1056
1722 2 2 1002 41 222 221 1053
1723 2 2 1002 41 231 230 1059
1724 2 2 1002 41 213 212 1060
1725 2 2 1002 41 225 224 1058
1726 2 2 1002 41 1069 1075 1076
1727 2 2 1002 41 1071 1068 1077
1728 2 2 1002 41 1069 1074 1075
1729 2 2 1002 41 1070 1068 1071
1730 2 2 1002 41 1069 1066 1074
1731 2 2 1002 41 1067 1070 1072
1732 2 2 1002 41 1067 1068 1070
1733 2 2 1002 41 1068 1066 1069
1734 2 2 1002 41 1067 1066 1068
1735 2 2 1002 41 1064 1066 1067
1736 2 2 1002 41 1064 1065 1066
1737 2 2 1002 41 1062 1064 1073
1738 2 2 1002 41 1064 1063 1065
1739 2 2 1002 41 1074 1065 1078
1740 2 2 1002 41 1062 1063 1064
1741 2 2 1002 41 1062 1073 1088
1742 2 2 1002 41 1062 1054 1063
1743 2 2 1002 41 1054 233 1084
1744 2 2 1002 41 233 232 1084
1745 2 2 1002 41 1077 1076 1079
1746 2 2 1002 41 1072 1070 1081
1747 2 2 1002 41 1080 1057 1083
1748 2 2 1002 41 1075 1074 1089
1749 2 2 1002 41 1085 1086 1093
1750 2 2 1002 41 1079 1053 1085
1751 2 2 1002 41 1077 1079 1085
1752 2 2 1002 41 1070 1071 1080
1753 2 2 1002 41 1078 1065 1092
1754 2 2 1002 41 1059 1078 1092
1755 2 2 1002 41 1072 1082 1095
1756 2 2 1002 41 224 223 1087
1757 2 2 1002 41 1058 224 1087
1758 2 2 1002 41 1081 1080 1083
1759 2 2 1002 41 1082 214 1102
1760 2 2 1002 41 1063 1054 1084
1761 2 2 1002 41 1071 1077 1085
1762 2 2 1002 41 1063 1084 1092
1763 2 2 1002 41 1078 1059 1100
1764 2 2 1002 41 1081 1083 1101
1765 2 2 1002 41 1070 1080 1081
1766 2 2 1002 41 1061 1054 1062
1767 2 2 1002 41 1056 1081 1101
1768 2 2 1002 41 1085 1053 1086
1769 2 2 1002 41 1092 1084 1096
1770 2 2 1002 41 1055 1089 1091
1771 2 2 1002 41 1071 1085 1093
1772 2 2 1002 41 1073 1072 1095
1773 2 2 1002 41 1058 1076 1098
1774 2 2 1002 41 234 1054 1061
1775 2 2 1002 41 24 234 1061
1776 2 2 1002 41 1065 1063 1092
1777 2 2 1002 41 1074 1078 1089
1778 2 2 1002 41 223 222 1094
1779 2 2 1002 41 232 231 1096
1780 2 2 1002 41 1091 1078 1100
1781 2 2 1002 41 220 219 1097
1782 2 2 1002 41 230 229 1100
1783 2 2 1002 41 214 213 1102
1784 2 2 1002 41 217 216 1101
1785 2 2 1002 41 226 225 1099
1786 2 2 1002 41 1076 1075 1098
1787 2 2 1002 41 222 1053 1094
1788 2 2 1002 41 1061 1062 1088
1789 2 2 1002 41 231 1059 1096
1790 2 2 1002 41 1089 1078 1091
1791 2 2 1002 41 219 1057 1097
1792 2 2 1002 41 1090 226 1099
1793 2 2 1002 41 225 1058 1099
1794 2 2 1002 41 1053 1079 1094
1795 2 2 1002 41 1059 230 1100
1796 2 2 1002 41 216 1056 1101
1797 2 2 1002 41 213 1060 1102
1798 2 2 1002 41 1083 217 1101
1799 2 2 1002 41 1093 1086 1097
1800 2 2 1002 41 1086 220 1097
1801 2 2 1002 41 1075 1090 1098
1802 2 2 1002 41 1080 1071 1093
1803 2 2 1002 41 1057 1080 1093
1804 2 2 1002 41 1084 232 1096
1805 2 2 1002 41 229 1091 1100
1806 2 2 1002 41 1087 223 1094
1807 2 2 1002 41 1059 1092 1096
1808 2 2 1002 41 1079 1087 1094
1809 2 2 1002 41 1095 1082 1102
1810 2 2 1002 41 1060 1095 1102
1811 2 2 1002 41 1057 1093 1097
1812 2 2 1002 41 1058 1098 1099
1813 2 2 1002 41 1098 1090 1099
1814 2 2 1002 42 236 235 1105
1815 2 2 1002 42 178 179 1105
1816 2 2 1002 42 17 236 1104
1817 2 2 1002 42 235 25 1103
1818 2 2 1002 42 179 16 1104
1819 2 2 1002 42 22 178 1103
1820 2 2 1002 42 236 179 1104
1821 2 2 1002 42 178 235 1103
1822 2 2 1002 42 179 236 1105
1823 2 2 1002 42 235 178 1105
1824 2 2 1002 42 16 17 1104
1825 2 2 1002 42 25 22 1103
1826 2 2 1002 43 235 236 1107
1827 2 2 1002 43 15 171 1106
1828 2 2 1002 43 236 17 1106
1829 2 2 1002 43 171 170 1107
1830 2 2 1002 43 25 235 1108
1831 2 2 1002 43 170 20 1108
1832 2 2 1002 43 235 170 1108
1833 2 2 1002 43 171 236 1106
1834 2 2 1002 43 236 171 1107
1835 2 2 1002 43 17 15 1106
1836 2 2 1002 43 170 235 1107
1837 2 2 1002 43 20 25 1108
1838 2 2 1002 44 172 1111 20
1839 2 2 1002 44 22 1111 180
1840 2 2 1002 44 25 1111 22
1841 2 2 1002 44 20 1111 25
1842 2 2 1002 44 21 1109 174
1843 2 2 1002 44 182 1109 23
1844 2 2 1002 44 173 1110 172
1845 2 2 1002 44 180 1110 181
1846 2 2 1002 44 174 1112 173
1847 2 2 1002 44 181 1112 182
1848 2 2 1002 44 1110 1111 172
1849 2 2 1002 44 180 1111 1110
1850 2 2 1002 44 23 1109 21
1851 2 2 1002 44 181 1110 173
1852 2 2 1002 44 174 1109 182
1853 2 2 1002 44 173 1112 181
1854 2 2 1002 44 182 1112 174
1855 2 2 1002 45 239 15 1116
1856 2 2 1002 45 239 15 1116
1857 2 2 1002 45 16 242 1116
1858 2 2 1002 45 16 242 1116
1859 2 2 1002 45 17 16 1116
1860 2 2 1002 45 17 16 1116
1861 2 2 1002 45 15 17 1116
1862 2 2 1002 45 15 17 1116
1863 2 2 1002 45 241 240 1113
1864 2 2 1002 45 241 240 1113
1865 2 2 1002 45 237 238 1113
1866 2 2 1002 45 237 238 1113
1867 2 2 1002 45 240 27 1114
1868 2 2 1002 45 240 27 1114
1869 2 2 1002 45 26 237 1114
1870 2 2 1002 45 26 237 1114
1871 2 2 1002 45 238 239 1115
1872 2 2 1002 45 238 239 1115
1873 2 2 1002 45 242 241 1115
1874 2 2 1002 45 242 241 1115
1875 2 2 1002 45 1115 239 1116
1876 2 2 1002 45 1115 239 1116
1877 2 2 1002 45 242 1115 1116
1878 2 2 1002 45 242 1115 1116
1879 2 2 1002 45 240 237 1113
1880 2 2 1002 45 240 237 1113
1881 2 2 1002 45 238 241 1113
1882 2 2 1002 45 238 241 1113
1883 2 2 1002 45 27 26 1114
1884 2 2 1002 45 27 26 1114
1885 2 2 1002 45 237 240 1114
1886 2 2 1002 45 237 240 1114
1887 2 2 1002 45 241 238 1115
1888 2 2 1002 45 241 238 1115
1889 2 2 1002 46 1120 1122 1121
1890 2 2 1002 46 1120 1122 1121
1891 2 2 1002 46 241 1120 240
1892 2 2 1002 46 241 1120 240
1893 2 2 1002 46 1120 1121 1119
1894 2 2 1002 46 1120 1121 1119
1895 2 2 1002 46 1121 1122 1117
1896 2 2 1002 46 1121 1122 1117
1897 2 2 1002 46 1120 1125 240
1898 2 2 1002 46 1120 1125 240
1899 2 2 1002 46 181 1121 180
1900 2 2 1002 46 181 1121 180
1901 2 2 1002 46 178 1117 179
1902 2 2 1002 46 178 1117 179
1903 2 2 1002 46 244 1118 243
1904 2 2 1002 46 244 1118 243
1905 2 2 1002 46 1118 1120 1119
1906 2 2 1002 46 1118 1120 1119
1907 2 2 1002 46 1118 1125 1120
1908 2 2 1002 46 1118 1125 1120
1909 2 2 1002 46 182 1119 181
1910 2 2 1002 46 182 1119 181
1911 2 2 1002 46 23 1124 182
1912 2 2 1002 46 23 1124 182
1913 2 2 1002 46 180 1123 22
1914 2 2 1002 46 180 1123 22
1915 2 2 1002 46 16 1126 242
1916 2 2 1002 46 16 1126 242
1917 2 2 1002 46 240 1125 27
1918 2 2 1002 46 240 1125 27
1919 2 2 1002 46 1119 1121 181
1920 2 2 1002 46 1119 1121 181
1921 2 2 1002 46 241 1122 1120
1922 2 2 1002 46 241 1122 1120
1923 2 2 1002 46 243 1124 23
1924 2 2 1002 46 243 1124 23
1925 2 2 1002 46 22 1123 178
1926 2 2 1002 46 22 1123 178
1927 2 2 1002 46 27 1125 244
1928 2 2 1002 46 27 1125 244
1929 2 2 1002 46 179 1126 16
1930 2 2 1002 46 179 1126 16
1931 2 2 1002 46 242 1122 241
1932 2 2 1002 46 242 1122 241
1933 2 2 1002 46 1121 1123 180
1934 2 2 1002 46 1121 1123 180
1935 2 2 1002 46 1117 1123 1121
1936 2 2 1002 46 1117 1123 1121
1937 2 2 1002 46 1122 1126 1117
1938 2 2 1002 46 1122 1126 1117
1939 2 2 1002 46 1119 1124 1118
1940 2 2 1002 46 1119 1124 1118
1941 2 2 1002 46 182 1124 1119
1942 2 2 1002 46 182 1124 1119
1943 2 2 1002 46 178 1123 1117
1944 2 2 1002 46 178 1123 1117
1945 2 2 1002 46 1118 1124 243
1946 2 2 1002 46 1118 1124 243
1947 2 2 1002 46 1117 1126 179
1948 2 2 1002 46 1117 1126 179
1949 2 2 1002 46 244 1125 1118
1950 2 2 1002 46 244 1125 1118
1951 2 2 1002 46 242 1126 1122
1952 2 2 1002 46 242 1126 1122
1953 2 2 1002 47 1130 1131 1132
1954 2 2 1002 47 1130 1131 1132
1955 2 2 1002 47 238 237 1130
1956 2 2 1002 47 238 237 1130
1957 2 2 1002 47 1130 1129 1131
1958 2 2 1002 47 1130 1129 1131
1959 2 2 1002 47 1131 1127 1132
1960 2 2 1002 47 1131 1127 1132
1961 2 2 1002 47 1130 237 1135
1962 2 2 1002 47 1130 237 1135
1963 2 2 1002 47 173 172 1131
1964 2 2 1002 47 173 172 1131
1965 2 2 1002 47 170 171 1127
1966 2 2 1002 47 170 171 1127
1967 2 2 1002 47 246 245 1128
1968 2 2 1002 47 246 245 1128
1969 2 2 1002 47 1128 1129 1130
1970 2 2 1002 47 1128 1129 1130
1971 2 2 1002 47 1128 1130 1135
1972 2 2 1002 47 1128 1130 1135
1973 2 2 1002 47 174 173 1129
1974 2 2 1002 47 174 173 1129
1975 2 2 1002 47 21 174 1134
1976 2 2 1002 47 21 174 1134
1977 2 2 1002 47 172 20 1133
1978 2 2 1002 47 172 20 1133
1979 2 2 1002 47 15 239 1136
1980 2 2 1002 47 15 239 1136
1981 2 2 1002 47 237 26 1135
1982 2 2 1002 47 237 26 1135
1983 2 2 1002 47 1129 173 1131
1984 2 2 1002 47 1129 173 1131
1985 2 2 1002 47 238 1130 1132
1986 2 2 1002 47 238 1130 1132
1987 2 2 1002 47 245 21 1134
1988 2 2 1002 47 245 21 1134
1989 2 2 1002 47 20 170 1133
1990 2 2 1002 47 20 170 1133
1991 2 2 1002 47 26 246 1135
1992 2 2 1002 47 26 246 1135
1993 2 2 1002 47 171 15 1136
1994 2 2 1002 47 171 15 1136
1995 2 2 1002 47 239 238 1132
1996 2 2 1002 47 239 238 1132
1997 2 2 1002 47 1131 172 1133
1998 2 2 1002 47 1131 172 1133
1999 2 2 1002 47 1127 1131 1133
2000 2 2 1002 47 1127 1131 1133
2001 2 2 1002 47 1132 1127 1136
2002 2 2 1002 47 1132 1127 1136
2003 2 2 1002 47 1129 1128 1134
2004 2 2 1002 47 1129 1128 1134
2005 2 2 1002 47 174 1129 1134
2006 2 2 1002 47 174 1129 1134
2007 2 2 1002 47 170 1127 1133
2008 2 2 1002 47 170 1127 1133
2009 2 2 1002 47 1128 245 1134
2010 2 2 1002 47 1128 245 1134
2011 2 2 1002 47 1127 171 1136
2012 2 2 1002 47 1127 171 1136
2013 2 2 1002 47 246 1128 1135
2014 2 2 1002 47 246 1128 1135
2015 2 2 1002 47 239 1132 1136
2016 2 2 1002 47 239 1132 1136
2017 2 2 1002 48 21 1137 23
2018 2 2 1002 48 21 1137 23
2019 2 2 1002 48 27 1138 26
2020 2 2 1002 48 27 1138 26
2021 2 2 1002 48 1137 1139 243
2022 2 2 1002 48 1137 1139 243
2023 2 2 1002 48 245 1139 1137
2024 2 2 1002 48 245 1139 1137
2025 2 2 1002 48 245 1137 21
2026 2 2 1002 48 245 1137 21
2027 2 2 1002 48 23 1137 243
2028 2 2 1002 48 23 1137 243
2029 2 2 1002 48 26 1138 246
2030 2 2 1002 48 26 1138 246
2031 2 2 1002 48 244 1138 27
2032 2 2 1002 48 244 1138 27
2033 2 2 1002 48 243 1139 244
2034 2 2 1002 48 243 1139 244
2035 2 2 1002 48 246 1139 245
2036 2 2 1002 48 246 1139 245
2037 2 2 1002 48 244 1139 1138
2038 2 2 1002 48 244 1139 1138
2039 2 2 1002 48 1138 1139 246
2040 2 2 1002 48 1138 1139 246
2041 4 2 1 2 326 366 425 413
2042 4 2 1 2 401 333 272 273
2043 4 2 1 2 273 275 274 402
2044 4 2 1 2 313 312 259 367
2045 4 2 1 2 324 28 442 340
2046 4 2 1 2 256 333 368 319
2047 4 2 1 2 366 326 82 413
2048 4 2 1 2 312 313 433 367
2049 4 2 1 2 284 261 426 283
2050 4 2 1 2 413 326 82 38
2051 4 2 1 2 317 414 372 413
2052 4 2 1 2 429 271 274 402
2053 4 2 1 2 287 386 385 387
2054 4 2 1 2 336 388 395 294
2055 4 2 1 2 326 39 82 38
2056 4 2 1 2 293 443 339 286
2057 4 2 1 2 269 397 270 268
2058 4 2 1 2 254 414 317 413
2059 4 2 1 2 421 346 382 279
2060 4 2 1 2 300 326 425 301
2061 4 2 1 2 443 293 284 286
2062 4 2 1 2 75 258 378 428
2063 4 2 1 2 377 110 361 262
2064 4 2 1 2 309 257 316 373
2065 4 2 1 2 414 304 431 299
2066 4 2 1 2 298 297 391 290
2067 4 2 1 2 59 260 100 416
2068 4 2 1 2 304 414 305 317
2069 4 2 1 2 419 335 248 444
2070 4 2 1 2 270 397 448 347
2071 4 2 1 2 332 279 281 382
2072 4 2 1 2 414 317 372 305
2073 4 2 1 2 260 416 312 433
2074 4 2 1 2 372 410 305 250
2075 4 2 1 2 443 412 284 337
2076 4 2 1 2 370 105 67 261
2077 4 2 1 2 256 368 345 318
2078 4 2 1 2 313 311 409 306
2079 4 2 1 2 399 397 270 269
2080 4 2 1 2 286 387 393 420
2081 4 2 1 2 374 55 56 248
2082 4 2 1 2 438 388 395 336
2083 4 2 1 2 414 410 431 303
2084 4 2 1 2 416 99 312 367
2085 4 2 1 2 410 409 431 303
2086 4 2 1 2 332 281 384 382
2087 4 2 1 2 410 306 409 303
2088 4 2 1 2 267 377 268 262
2089 4 2 1 2 378 348 422 446
2090 4 2 1 2 410 414 372 305
2091 4 2 1 2 46 441 6 356
2092 4 2 1 2 357 342 440 69
2093 4 2 1 2 57 97 449 98
2094 4 2 1 2 255 438 395 336
2095 4 2 1 2 75 258 428 30
2096 4 2 1 2 447 381 349 380
2097 4 2 1 2 392 414 431 299
2098 4 2 1 2 287 386 387 289
2099 4 2 1 2 328 350 277 405
2100 4 2 1 2 396 397 347 448
2101 4 2 1 2 52 94 424 329
2102 4 2 1 2 434 386 294 395
2103 4 2 1 2 331 348 446 398
2104 4 2 1 2 354 90 376 91
2105 4 2 1 2 432 297 418 391
2106 4 2 1 2 273 403 275 402
2107 4 2 1 2 42 85 365 338
2108 4 2 1 2 319 33 257 435
2109 4 2 1 2 287 289 387 288
2110 4 2 1 2 298 432 392 391
2111 4 2 1 2 412 284 261 426
2112 4 2 1 2 350 308 406 407
2113 4 2 1 2 315 411 314 259
2114 4 2 1 2 99 59 100 416
2115 4 2 1 2 405 350 406 407
2116 4 2 1 2 76 30 428 318
2117 4 2 1 2 328 276 319 404
2118 4 2 1 2 397 399 398 269
2119 4 2 1 2 313 408 308 407
2120 4 2 1 2 30 31 318 76
2121 4 2 1 2 77 256 32 351
2122 4 2 1 2 320 86 43 44
2123 4 2 1 2 5 28 442 74
2124 4 2 1 2 253 280 376 323
2125 4 2 1 2 350 436 407 405
2126 4 2 1 2 408 313 306 407
2127 4 2 1 2 266 110 362 422
2128 4 2 1 2 108 322 396 360
2129 4 2 1 2 443 293 337 284
2130 4 2 1 2 75 258 29 378
2131 4 2 1 2 397 268 347 270
2132 4 2 1 2 386 385 252 321
2133 4 2 1 2 345 331 400 272
2134 4 2 1 2 262 377 109 361
2135 4 2 1 2 105 66 67 261
2136 4 2 1 2 284 393 285 426
2137 4 2 1 2 306 410 307 305
2138 4 2 1 2 383 291 285 283
2139 4 2 1 2 320 86 427 365
2140 4 2 1 2 70 108 360 341
2141 4 2 1 2 262 361 109 71
2142 4 2 1 2 280 253 376 279
2143 4 2 1 2 297 394 418 391
2144 4 2 1 2 85 86 352 365
2145 4 2 1 2 326 300 425 438
2146 4 2 1 2 394 297 325 391
2147 4 2 1 2 295 61 100 371
2148 4 2 1 2 295 260 417 371
2149 4 2 1 2 331 345 428 318
2150 4 2 1 2 288 387 420 389
2151 4 2 1 2 445 379 427 263
2152 4 2 1 2 302 299 431 303
2153 4 2 1 2 379 88 45 327
2154 4 2 1 2 441 88 379 327
2155 4 2 1 2 295 260 100 60
2156 4 2 1 2 374 315 334 248
2157 4 2 1 2 265 423 349 380
2158 4 2 1 2 302 311 417 260
2159 4 2 1 2 299 304 431 303
2160 4 2 1 2 374 430 334 411
2161 4 2 1 2 390 298 391 290
2162 4 2 1 2 33 78 257 435
2163 4 2 1 2 96 97 374 56
2164 4 2 1 2 403 276 273 275
2165 4 2 1 2 394 418 437 310
2166 4 2 1 2 299 302 431 417
2167 4 2 1 2 90 376 380 323
2168 4 2 1 2 410 250 307 305
2169 4 2 1 2 280 376 323 380
2170 4 2 1 2 423 265 440 380
2171 4 2 1 2 44 86 87 427
2172 4 2 1 2 372 80 415 250
2173 4 2 1 2 2 46 6 356
2174 4 2 1 2 372 410 250 415
2175 4 2 1 2 364 8 439 51
2176 4 2 1 2 287 385 393 387
2177 4 2 1 2 410 306 407 409
2178 4 2 1 2 436 350 407 308
2179 4 2 1 2 412 293 369 104
2180 4 2 1 2 311 313 433 312
2181 4 2 1 2 430 403 277 406
2182 4 2 1 2 444 429 274 402
2183 4 2 1 2 421 355 91 92
2184 4 2 1 2 281 383 384 382
2185 4 2 1 2 367 449 259 411
2186 4 2 1 2 416 260 417 433
2187 4 2 1 2 97 315 449 374
2188 4 2 1 2 264 52 93 424
2189 4 2 1 2 396 264 439 424
2190 4 2 1 2 282 381 426 383
2191 4 2 1 2 408 411 259 314
2192 4 2 1 2 311 260 312 433
2193 4 2 1 2 401 276 273 403
2194 4 2 1 2 396 264 424 347
2195 4 2 1 2 264 424 93 439
2196 4 2 1 2 383 282 283 426
2197 4 2 1 2 337 293 104 65
2198 4 2 1 2 370 105 106 67
2199 4 2 1 2 265 107 440 69
2200 4 2 1 2 93 264 439 51
2201 4 2 1 2 265 68 330 423
2202 4 2 1 2 394 251 437 369
2203 4 2 1 2 344 320 427 365
2204 4 2 1 2 41 434 84 85
2205 4 2 1 2 370 447 426 261
2206 4 2 1 2 308 350 406 314
2207 4 2 1 2 34 257 373 316
2208 4 2 1 2 83 255 395 40
2209 4 2 1 2 342 353 89 323
2210 4 2 1 2 331 258 446 348
2211 4 2 1 2 282 447 261 426
2212 4 2 1 2 44 427 87 263
2213 4 2 1 2 403 276 328 404
2214 4 2 1 2 436 316 307 415
2215 4 2 1 2 107 7 440 69
2216 4 2 1 2 419 335 358 96
2217 4 2 1 2 271 399 429 270
2218 4 2 1 2 28 324 74 29
2219 4 2 1 2 74 324 442 378
2220 4 2 1 2 76 368 318 428
2221 4 2 1 2 30 258 428 318
2222 4 2 1 2 254 326 413 38
2223 4 2 1 2 441 46 343 356
2224 4 2 1 2 372 81 80 36
2225 4 2 1 2 291 344 384 385
2226 4 2 1 2 363 5 442 111
2227 4 2 1 2 255 336 395 294
2228 4 2 1 2 331 400 446 428
2229 4 2 1 2 381 376 382 279
2230 4 2 1 2 64 103 369 104
2231 4 2 1 2 381 383 281 382
2232 4 2 1 2 279 381 281 382
2233 4 2 1 2 346 421 382 445
2234 4 2 1 2 68 265 69 107
2235 4 2 1 2 368 333 401 404
2236 4 2 1 2 309 436 405 373
2237 4 2 1 2 75 258 30 29
2238 4 2 1 2 331 345 400 428
2239 4 2 1 2 447 282 261 330
2240 4 2 1 2 79 316 373 415
2241 4 2 1 2 399 401 272 273
2242 4 2 1 2 269 399 272 271
2243 4 2 1 2 309 436 316 307
2244 4 2 1 2 269 399 400 272
2245 4 2 1 2 256 31 368 318
2246 4 2 1 2 388 390 389 290
2247 4 2 1 2 324 258 348 378
2248 4 2 1 2 101 418 62 102
2249 4 2 1 2 258 331 428 318
2250 4 2 1 2 306 410 305 303
2251 4 2 1 2 392 432 299 417
2252 4 2 1 2 291 383 285 385
2253 4 2 1 2 328 309 373 257
2254 4 2 1 2 376 421 382 279
2255 4 2 1 2 434 41 338 85
2256 4 2 1 2 55 96 374 56
2257 4 2 1 2 48 253 49 354
2258 4 2 1 2 253 278 49 91
2259 4 2 1 2 397 377 396 268
2260 4 2 1 2 92 441 343 356
2261 4 2 1 2 441 92 6 356
2262 4 2 1 2 397 267 377 268
2263 4 2 1 2 265 68 423 107
2264 4 2 1 2 394 297 310 325
2265 4 2 1 2 345 401 272 400
2266 4 2 1 2 344 385 365 384
2267 4 2 1 2 256 31 351 368
2268 4 2 1 2 386 287 321 292
2269 4 2 1 2 377 322 396 268
2270 4 2 1 2 53 94 52 329
2271 4 2 1 2 412 359 104 105
2272 4 2 1 2 364 70 4 341
2273 4 2 1 2 352 42 365 252
2274 4 2 1 2 282 261 283 426
2275 4 2 1 2 346 379 445 263
2276 4 2 1 2 377 322 268 262
2277 4 2 1 2 386 388 294 395
2278 4 2 1 2 316 436 373 415
2279 4 2 1 2 341 364 439 51
2280 4 2 1 2 342 357 89 47
2281 4 2 1 2 331 258 428 446
2282 4 2 1 2 401 276 403 404
2283 4 2 1 2 260 311 417 433
2284 4 2 1 2 276 333 319 404
2285 4 2 1 2 333 276 401 404
2286 4 2 1 2 7 357 440 69
2287 4 2 1 2 247 101 371 418
2288 4 2 1 2 85 434 365 338
2289 4 2 1 2 275 430 334 248
2290 4 2 1 2 398 331 400 446
2291 4 2 1 2 278 355 343 50
2292 4 2 1 2 110 111 362 422
2293 4 2 1 2 287 386 289 292
2294 4 2 1 2 260 59 312 416
2295 4 2 1 2 346 332 382 279
2296 4 2 1 2 28 324 442 74
2297 4 2 1 2 390 298 392 391
2298 4 2 1 2 430 374 334 248
2299 4 2 1 2 344 320 365 252
2300 4 2 1 2 335 419 248 374
2301 4 2 1 2 260 416 417 371
2302 4 2 1 2 334 411 406 314
2303 4 2 1 2 386 289 292 294
2304 4 2 1 2 368 77 76 351
2305 4 2 1 2 249 271 429 270
2306 4 2 1 2 414 304 305 303
2307 4 2 1 2 359 337 104 65
2308 4 2 1 2 374 419 248 444
2309 4 2 1 2 363 28 1 340
2310 4 2 1 2 442 266 340 111
2311 4 2 1 2 316 250 307 415
2312 4 2 1 2 410 414 305 303
2313 4 2 1 2 405 328 373 404
2314 4 2 1 2 79 35 34 316
2315 4 2 1 2 322 396 268 347
2316 4 2 1 2 381 280 376 279
2317 4 2 1 2 66 412 261 105
2318 4 2 1 2 85 42 365 352
2319 4 2 1 2 81 37 36 317
2320 4 2 1 2 313 408 409 433
2321 4 2 1 2 403 405 277 406
2322 4 2 1 2 280 381 281 279
2323 4 2 1 2 267 348 422 266
2324 4 2 1 2 108 322 341 439
2325 4 2 1 2 3 342 357 69
2326 4 2 1 2 3 357 7 69
2327 4 2 1 2 322 264 341 439
2328 4 2 1 2 247 432 296 297
2329 4 2 1 2 64 293 65 104
2330 4 2 1 2 434 41 294 338
2331 4 2 1 2 4 364 51 8
2332 4 2 1 2 341 364 51 4
2333 4 2 1 2 385 344 252 321
2334 4 2 1 2 396 322 109 360
2335 4 2 1 2 366 438 395 255
2336 4 2 1 2 440 265 323 380
2337 4 2 1 2 277 430 406 334
2338 4 2 1 2 355 278 343 92
2339 4 2 1 2 267 377 422 398
2340 4 2 1 2 94 52 424 93
2341 4 2 1 2 294 434 395 84
2342 4 2 1 2 33 319 32 435
2343 4 2 1 2 378 258 446 428
2344 4 2 1 2 103 64 369 251
2345 4 2 1 2 399 269 270 271
2346 4 2 1 2 44 320 427 263
2347 4 2 1 2 70 322 360 71
2348 4 2 1 2 290 389 325 391
2349 4 2 1 2 322 262 109 71
2350 4 2 1 2 251 293 369 339
2351 4 2 1 2 408 313 308 314
2352 4 2 1 2 339 394 420 369
2353 4 2 1 2 271 273 274 402
2354 4 2 1 2 311 313 409 433
2355 4 2 1 2 342 353 323 47
2356 4 2 1 2 99 98 58 367
2357 4 2 1 2 264 341 439 51
2358 4 2 1 2 286 287 387 288
2359 4 2 1 2 53 375 94 329
2360 4 2 1 2 386 365 292 252
2361 4 2 1 2 291 383 281 283
2362 4 2 1 2 87 379 45 263
2363 4 2 1 2 110 377 361 109
2364 4 2 1 2 315 57 449 259
2365 4 2 1 2 280 381 376 380
2366 4 2 1 2 421 346 327 379
2367 4 2 1 2 97 57 315 56
2368 4 2 1 2 275 430 248 444
2369 4 2 1 2 44 87 45 263
2370 4 2 1 2 33 34 257 78
2371 4 2 1 2 317 81 372 36
2372 4 2 1 2 403 328 277 405
2373 4 2 1 2 257 435 373 404
2374 4 2 1 2 66 337 359 65
2375 4 2 1 2 334 430 406 411
2376 4 2 1 2 322 264 396 347
2377 4 2 1 2 408 367 259 411
2378 4 2 1 2 287 385 285 393
2379 4 2 1 2 353 89 323 380
2380 4 2 1 2 397 396 347 268
2381 4 2 1 2 412 370 261 105
2382 4 2 1 2 89 440 323 380
2383 4 2 1 2 408 308 406 314
2384 4 2 1 2 328 257 373 404
2385 4 2 1 2 394 251 310 437
2386 4 2 1 2 381 282 281 383
2387 4 2 1 2 408 411 314 406
2388 4 2 1 2 389 394 325 391
2389 4 2 1 2 247 101 62 61
2390 4 2 1 2 299 432 296 417
2391 4 2 1 2 409 311 433 417
2392 4 2 1 2 321 386 292 252
2393 4 2 1 2 436 308 407 307
2394 4 2 1 2 98 449 259 367
2395 4 2 1 2 258 324 29 378
2396 4 2 1 2 80 35 415 250
2397 4 2 1 2 59 99 58 312
2398 4 2 1 2 57 449 259 98
2399 4 2 1 2 308 306 407 307
2400 4 2 1 2 88 441 6 46
2401 4 2 1 2 320 427 263 332
2402 4 2 1 2 79 35 316 415
2403 4 2 1 2 335 419 54 249
2404 4 2 1 2 324 74 29 378
2405 4 2 1 2 401 399 272 400
2406 4 2 1 2 275 430 277 334
2407 4 2 1 2 48 90 253 354
2408 4 2 1 2 348 267 422 398
2409 4 2 1 2 348 258 446 378
2410 4 2 1 2 440 342 89 323
2411 4 2 1 2 355 278 421 91
2412 4 2 1 2 282 381 349 447
2413 4 2 1 2 447 423 349 330
2414 4 2 1 2 253 421 376 279
2415 4 2 1 2 370 412 261 426
2416 4 2 1 2 346 379 263 327
2417 4 2 1 2 419 96 358 95
2418 4 2 1 2 108 322 360 341
2419 4 2 1 2 309 328 373 405
2420 4 2 1 2 385 287 285 321
2421 4 2 1 2 423 447 349 380
2422 4 2 1 2 260 59 100 60
2423 4 2 1 2 79 35 415 80
2424 4 2 1 2 427 445 263 332
2425 4 2 1 2 412 293 104 337
2426 4 2 1 2 43 352 365 252
2427 4 2 1 2 386 434 292 365
2428 4 2 1 2 322 109 360 71
2429 4 2 1 2 309 436 308 350
2430 4 2 1 2 275 430 444 402
2431 4 2 1 2 254 37 81 317
2432 4 2 1 2 111 266 340 362
2433 4 2 1 2 388 289 294 336
2434 4 2 1 2 81 413 82 38
2435 4 2 1 2 388 390 336 438
2436 4 2 1 2 2 50 343 356
2437 4 2 1 2 445 346 263 332
2438 4 2 1 2 375 424 329 448
2439 4 2 1 2 61 295 100 60
2440 4 2 1 2 73 111 340 362
2441 4 2 1 2 317 372 305 250
2442 4 2 1 2 430 403 275 277
2443 4 2 1 2 267 377 262 422
2444 4 2 1 2 278 441 343 92
2445 4 2 1 2 278 441 421 327
2446 4 2 1 2 355 92 343 50
2447 4 2 1 2 111 266 362 422
2448 4 2 1 2 427 379 87 263
2449 4 2 1 2 293 64 369 104
2450 4 2 1 2 353 90 89 380
2451 4 2 1 2 370 423 447 330
2452 4 2 1 2 431 302 303 417
2453 4 2 1 2 399 397 429 270
2454 4 2 1 2 312 99 58 367
2455 4 2 1 2 256 31 32 351
2456 4 2 1 2 313 408 259 314
2457 4 2 1 2 88 46 45 327
2458 4 2 1 2 53 375 95 94
2459 4 2 1 2 282 447 349 330
2460 4 2 1 2 267 397 377 398
2461 4 2 1 2 326 254 413 301
2462 4 2 1 2 328 319 257 404
2463 4 2 1 2 421 346 379 445
2464 4 2 1 2 441 46 327 343
2465 4 2 1 2 392 299 431 417
2466 4 2 1 2 88 441 46 327
2467 4 2 1 2 383 291 384 385
2468 4 2 1 2 247 432 371 296
2469 4 2 1 2 443 412 426 284
2470 4 2 1 2 28 5 442 363
2471 4 2 1 2 412 66 359 105
2472 4 2 1 2 66 412 359 337
2473 4 2 1 2 344 320 332 427
2474 4 2 1 2 421 278 253 91
2475 4 2 1 2 396 347 424 448
2476 4 2 1 2 379 45 263 327
2477 4 2 1 2 441 278 343 327
2478 4 2 1 2 403 276 275 277
2479 4 2 1 2 297 290 325 391
2480 4 2 1 2 319 368 435 404
2481 4 2 1 2 403 328 405 404
2482 4 2 1 2 266 324 422 442
2483 4 2 1 2 368 401 345 400
2484 4 2 1 2 269 399 398 400
2485 4 2 1 2 328 309 350 405
2486 4 2 1 2 403 276 277 328
2487 4 2 1 2 288 339 325 420
2488 4 2 1 2 251 103 437 369
2489 4 2 1 2 266 73 340 362
2490 4 2 1 2 375 53 249 329
2491 4 2 1 2 271 399 272 273
2492 4 2 1 2 290 288 325 389
2493 4 2 1 2 322 377 109 262
2494 4 2 1 2 364 108 341 439
2495 4 2 1 2 342 265 440 69
2496 4 2 1 2 90 253 376 323
2497 4 2 1 2 339 394 325 420
2498 4 2 1 2 408 313 259 367
2499 4 2 1 2 289 388 290 336
2500 4 2 1 2 286 287 285 393
2501 4 2 1 2 72 110 362 266
2502 4 2 1 2 35 250 316 415
2503 4 2 1 2 302 311 303 417
2504 4 2 1 2 298 432 296 392
2505 4 2 1 2 434 41 84 294
2506 4 2 1 2 409 431 303 417
2507 4 2 1 2 324 348 422 378
2508 4 2 1 2 286 287 393 387
2509 4 2 1 2 86 320 43 365
2510 4 2 1 2 441 278 421 92
2511 4 2 1 2 278 355 421 92
2512 4 2 1 2 419 335 444 274
2513 4 2 1 2 298 392 296 299
2514 4 2 1 2 311 306 303 409
2515 4 2 1 2 344 385 252 365
2516 4 2 1 2 352 86 43 365
2517 4 2 1 2 294 41 84 40
2518 4 2 1 2 297 432 296 391
2519 4 2 1 2 335 419 374 96
2520 4 2 1 2 416 312 433 367
2521 4 2 1 2 397 267 268 269
2522 4 2 1 2 331 267 348 398
2523 4 2 1 2 397 267 269 398
2524 4 2 1 2 364 108 70 341
2525 4 2 1 2 53 249 54 95
2526 4 2 1 2 83 39 255 40
2527 4 2 1 2 390 300 290 336
2528 4 2 1 2 421 278 279 253
2529 4 2 1 2 322 70 360 341
2530 4 2 1 2 388 390 290 336
2531 4 2 1 2 77 33 435 78
2532 4 2 1 2 278 355 50 49
2533 4 2 1 2 304 414 431 303
2534 4 2 1 2 59 99 312 416
2535 4 2 1 2 304 254 414 317
2536 4 2 1 2 55 335 374 96
2537 4 2 1 2 418 247 62 310
2538 4 2 1 2 3 342 47 357
2539 4 2 1 2 265 342 440 323
2540 4 2 1 2 357 342 89 440
2541 4 2 1 2 443 293 339 369
2542 4 2 1 2 284 443 393 426
2543 4 2 1 2 247 61 295 371
2544 4 2 1 2 41 42 338 85
2545 4 2 1 2 298 297 296 391
2546 4 2 1 2 432 298 296 391
2547 4 2 1 2 254 37 38 81
2548 4 2 1 2 48 90 323 253
2549 4 2 1 2 353 48 323 47
2550 4 2 1 2 292 434 294 338
2551 4 2 1 2 357 7 440 89
2552 4 2 1 2 353 90 323 48
2553 4 2 1 2 434 386 292 294
2554 4 2 1 2 346 445 382 332
2555 4 2 1 2 320 86 44 427
2556 4 2 1 2 353 342 89 47
2557 4 2 1 2 249 375 329 448
2558 4 2 1 2 350 405 406 277
2559 4 2 1 2 366 39 83 82
2560 4 2 1 2 367 312 259 58
2561 4 2 1 2 289 386 387 388
2562 4 2 1 2 286 339 288 420
2563 4 2 1 2 443 339 286 420
2564 4 2 1 2 52 264 93 51
2565 4 2 1 2 251 394 310 325
2566 4 2 1 2 31 368 76 351
2567 4 2 1 2 271 249 429 274
2568 4 2 1 2 335 55 374 248
2569 4 2 1 2 264 322 396 439
2570 4 2 1 2 83 366 395 255
2571 4 2 1 2 335 419 358 54
2572 4 2 1 2 432 247 371 418
2573 4 2 1 2 347 264 424 329
2574 4 2 1 2 101 247 62 418
2575 4 2 1 2 310 63 102 437
2576 4 2 1 2 108 364 8 439
2577 4 2 1 2 50 92 343 356
2578 4 2 1 2 63 103 102 437
2579 4 2 1 2 57 98 259 58
2580 4 2 1 2 249 419 54 95
2581 4 2 1 2 295 302 296 417
2582 4 2 1 2 424 347 329 448
2583 4 2 1 2 363 111 340 73
2584 4 2 1 2 94 375 424 329
2585 4 2 1 2 444 335 248 274
2586 4 2 1 2 66 412 337 261
2587 4 2 1 2 323 265 349 380
2588 4 2 1 2 423 265 349 330
2589 4 2 1 2 54 419 358 95
2590 4 2 1 2 278 421 279 346
2591 4 2 1 2 310 418 437 102
2592 4 2 1 2 280 323 349 380
2593 4 2 1 2 280 282 281 381
2594 4 2 1 2 55 335 358 54
2595 4 2 1 2 412 443 293 337
2596 4 2 1 2 335 55 358 96
2597 4 2 1 2 383 282 281 283
2598 4 2 1 2 286 288 387 420
2599 4 2 1 2 28 363 442 340
2600 4 2 1 2 449 315 259 411
2601 4 2 1 2 77 33 32 435
2602 4 2 1 2 410 436 407 307
2603 4 2 1 2 42 352 43 252
2604 4 2 1 2 385 386 252 365
2605 4 2 1 2 423 68 106 107
2606 4 2 1 2 315 374 334 411
2607 4 2 1 2 449 315 411 374
2608 4 2 1 2 309 436 350 405
2609 4 2 1 2 267 262 266 422
2610 4 2 1 2 90 353 323 380
2611 4 2 1 2 75 30 428 76
2612 4 2 1 2 436 309 316 373
2613 4 2 1 2 333 368 401 345
2614 4 2 1 2 306 408 407 409
2615 4 2 1 2 256 333 345 368
2616 4 2 1 2 79 34 78 373
2617 4 2 1 2 98 367 259 58
2618 4 2 1 2 31 368 318 76
2619 4 2 1 2 331 269 398 400
2620 4 2 1 2 79 34 373 316
2621 4 2 1 2 443 339 420 369
2622 4 2 1 2 251 339 369 394
2623 4 2 1 2 247 101 61 371
2624 4 2 1 2 390 300 336 438
2625 4 2 1 2 370 423 330 106
2626 4 2 1 2 375 419 249 95
2627 4 2 1 2 81 254 413 38
2628 4 2 1 2 326 366 39 255
2629 4 2 1 2 330 370 67 261
2630 4 2 1 2 427 344 365 384
2631 4 2 1 2 97 315 374 56
2632 4 2 1 2 8 93 439 51
2633 4 2 1 2 412 337 104 359
2634 4 2 1 2 368 345 428 400
2635 4 2 1 2 256 77 32 435
2636 4 2 1 2 72 266 362 73
2637 4 2 1 2 383 291 281 384
2638 4 2 1 2 319 256 32 435
2639 4 2 1 2 256 368 435 319
2640 4 2 1 2 287 386 321 385
2641 4 2 1 2 257 319 435 404
2642 4 2 1 2 256 77 435 368
2643 4 2 1 2 344 291 321 385
2644 4 2 1 2 306 410 407 307
2645 4 2 1 2 251 63 310 437
2646 4 2 1 2 78 34 257 373
2647 4 2 1 2 302 260 417 295
2648 4 2 1 2 61 101 100 371
2649 4 2 1 2 308 408 406 407
2650 4 2 1 2 347 270 329 448
2651 4 2 1 2 270 249 329 448
2652 4 2 1 2 282 280 349 381
2653 4 2 1 2 265 423 440 107
2654 4 2 1 2 388 289 290 389
2655 4 2 1 2 344 427 332 384
2656 4 2 1 2 421 253 376 91
2657 4 2 1 2 288 289 387 389
2658 4 2 1 2 289 288 290 389
2659 4 2 1 2 253 90 376 354
2660 4 2 1 2 322 377 396 109
2661 4 2 1 2 289 388 387 389
2662 4 2 1 2 255 294 395 40
2663 4 2 1 2 408 313 409 306
2664 4 2 1 2 40 83 84 395
2665 4 2 1 2 333 276 273 401
2666 4 2 1 2 330 68 67 106
2667 4 2 1 2 429 419 444 274
2668 4 2 1 2 254 304 414 301
2669 4 2 1 2 304 414 301 299
2670 4 2 1 2 300 298 425 390
2671 4 2 1 2 295 247 371 296
2672 4 2 1 2 262 72 361 71
2673 4 2 1 2 423 68 330 106
2674 4 2 1 2 403 430 275 402
2675 4 2 1 2 249 419 429 274
2676 4 2 1 2 294 40 84 395
2677 4 2 1 2 401 403 273 402
2678 4 2 1 2 445 332 384 382
2679 4 2 1 2 399 271 402 273
2680 4 2 1 2 250 410 307 415
2681 4 2 1 2 302 299 296 417
2682 4 2 1 2 390 298 425 392
2683 4 2 1 2 392 414 301 425
2684 4 2 1 2 410 436 307 415
2685 4 2 1 2 310 63 62 102
2686 4 2 1 2 306 313 308 407
2687 4 2 1 2 333 368 319 404
2688 4 2 1 2 425 326 413 301
2689 4 2 1 2 419 375 249 429
2690 4 2 1 2 77 256 351 368
2691 4 2 1 2 291 344 332 384
2692 4 2 1 2 418 310 62 102
2693 4 2 1 2 81 317 372 413
2694 4 2 1 2 326 366 82 39
2695 4 2 1 2 291 332 281 384
2696 4 2 1 2 317 372 250 36
2697 4 2 1 2 427 445 332 384
2698 4 2 1 2 73 363 1 340
2699 4 2 1 2 313 408 433 367
2700 4 2 1 2 442 324 422 378
2701 4 2 1 2 442 266 111 422
2702 4 2 1 2 377 110 262 422
2703 4 2 1 2 300 438 255 336
2704 4 2 1 2 46 2 343 356
2705 4 2 1 2 267 331 269 398
2706 4 2 1 2 430 374 248 444
2707 4 2 1 2 36 35 80 250
2708 4 2 1 2 366 326 425 438
2709 4 2 1 2 300 390 425 438
2710 4 2 1 2 315 334 314 411
2711 4 2 1 2 436 309 308 307
2712 4 2 1 2 277 334 406 314
2713 4 2 1 2 64 293 369 251
2714 4 2 1 2 412 443 369 293
2715 4 2 1 2 390 290 391 389
2716 4 2 1 2 297 247 418 310
2717 4 2 1 2 372 36 80 250
2718 4 2 1 2 381 280 349 380
2719 4 2 1 2 78 257 435 373
2720 4 2 1 2 331 269 400 272
2721 4 2 1 2 74 75 29 378
2722 4 2 1 2 392 298 425 301
2723 4 2 1 2 322 108 396 439
2724 4 2 1 2 392 432 296 299
2725 4 2 1 2 414 392 301 299
2726 4 2 1 2 385 291 321 285
2727 4 2 1 2 81 254 317 413
2728 4 2 1 2 370 447 261 330
2729 4 2 1 2 300 298 390 290
2730 4 2 1 2 311 409 303 417
2731 4 2 1 2 251 339 394 325
2732 4 2 1 2 39 366 83 255
2733 4 2 1 2 320 43 365 252
2734 4 2 1 2 42 365 252 338
2735 4 2 1 2 441 421 327 379
2736 4 2 1 2 348 398 422 446
2737 4 2 1 2 283 284 285 426
2738 4 2 1 2 284 443 286 393
2739 4 2 1 2 103 64 251 63
2740 4 2 1 2 381 282 426 447
2741 4 2 1 2 412 337 261 284
2742 4 2 1 2 443 286 393 420
2743 4 2 1 2 298 392 299 301
2744 4 2 1 2 298 300 425 301
2745 4 2 1 2 271 399 402 429
2746 4 2 1 2 110 72 361 262
2747 4 2 1 2 275 444 274 402
2748 4 2 1 2 275 444 248 274
2749 4 2 1 2 284 286 285 393
2750 4 2 1 2 262 110 266 422
2751 4 2 1 2 108 396 109 360
2752 4 2 1 2 399 401 273 402
2753 4 2 1 2 5 28 1 363
2754 4 2 1 2 348 324 422 266
2755 4 2 1 2 363 442 340 111
2756 4 2 1 2 315 374 56 248
2757 4 2 1 2 345 368 428 318
2758 4 2 1 2 88 379 45 87
2759 4 2 1 2 278 421 346 327
2760 4 2 1 2 370 330 67 106
2761 4 2 1 2 97 57 449 315
2762 4 2 1 2 253 354 91 49
2763 4 2 1 2 53 375 249 95
2764 4 2 1 2 251 103 63 437
2765 4 2 1 2 278 355 49 91
2766 4 2 1 2 335 419 249 274
2767 4 2 1 2 394 297 418 310
2768 4 2 1 2 385 383 285 393
2769 4 2 1 2 386 289 294 388
2770 4 2 1 2 397 429 270 448
2771 4 2 1 2 350 277 406 314
2772 4 2 1 2 432 247 418 297
2773 4 2 1 2 375 249 429 448
2774 4 2 1 2 253 354 376 91
2775 4 2 1 2 429 249 270 448
2776 4 2 1 2 72 110 266 262
2777 4 2 1 2 264 52 424 329
2778 4 2 1 2 266 324 442 340
2779 4 2 1 2 333 401 272 345
2780 4 2 1 2 438 326 255 366
2781 4 2 1 2 438 255 326 300
2782 4 2 1 2 426 285 383 393
2783 4 2 1 2 426 383 285 283
2784 4 2 1 2 296 371 417 432
2785 4 2 1 2 296 417 371 295
2786 4 2 1 2 338 365 292 434
2787 4 2 1 2 338 292 365 252
2788 4 2 1 2 301 413 414 254
2789 4 2 1 2 301 414 413 425
2790 4 2 1 2 420 325 389 394
2791 4 2 1 2 420 389 325 288
2792 4 2 1 2 371 260 100 295
2793 4 2 1 2 371 100 260 416
2794 4 2 3 3 2367 2415 2412 2368
2795 4 2 3 3 1630 1606 1617 1603
2796 4 2 3 3 100 99 1625 1691
2797 4 2 3 3 2713 2188 1254 2195
2798 4 2 3 3 1264 1280 1677 1974
2799 4 2 3 3 1338 475 474 1580
2800 4 2 3 3 1567 1807 1811 1802
2801 4 2 3 3 1917 2345 2342 2344
2802 4 2 3 3 99 100 1625 18
2803 4 2 3 3 378 191 446 422
2804 4 2 3 3 627 1655 1245 591
2805 4 2 3 3 169 19 1963 1723
2806 4 2 3 3 2398 2311 2226 2308
2807 4 2 3 3 840 837 2571 83
2808 4 2 3 3 2004 1994 2002 2003
2809 4 2 3 3 155 617 749 154
2810 4 2 3 3 1588 267 1584 1579
2811 4 2 3 3 1884 517 516 1804
2812 4 2 3 3 1703 63 1700 251
2813 4 2 3 3 1150 1973 1759 1224
2814 4 2 3 3 1304 1695 1787 1625
2815 4 2 3 3 2049 2048 2046 2051
2816 4 2 3 3 2694 1058 1098 1099
2817 4 2 3 3 740 718 1266 739
2818 4 2 3 3 2575 1873 2574 40
2819 4 2 3 3 2190 2345 1351 2206
2820 4 2 3 3 1807 1567 1398 1804
2821 4 2 3 3 1503 36 1516 1510
2822 4 2 3 3 1392 1565 1550 1552
2823 4 2 3 3 1300 1774 1768 1790
2824 4 2 3 3 134 10 744 656
2825 4 2 3 3 2554 2344 2556 1941
2826 4 2 3 3 1174 508 1172 507
2827 4 2 3 3 584 583 1268 1267
2828 4 2 3 3 1673 2222 2385 2250
2829 4 2 3 3 527 537 1189 1179
2830 4 2 3 3 422 190 776 442
2831 4 2 3 3 2617 2615 2699 2626
2832 4 2 3 3 2170 1248 1441 2270
2833 4 2 3 3 770 442 776 792
2834 4 2 3 3 1368 1819 1836 1813
2835 4 2 3 3 1727 2091 1735 1710
2836 4 2 3 3 1550 1553 1538 1535
2837 4 2 3 3 1225 1550 1231 1536
2838 4 2 3 3 1929 1916 672 693
2839 4 2 3 3 1808 2165 1441 1166
2840 4 2 3 3 1705 102 63 1770
2841 4 2 3 3 1658 1911 1909 1908
2842 4 2 3 3 2219 1670 2248 2215
2843 4 2 3 3 1282 1238 651 623
2844 4 2 3 3 529 596 480 1374
2845 4 2 3 3 649 540 1164 538
2846 4 2 3 3 641 1226 1635 1924
2847 4 2 3 3 1149 1158 1262 1463
2848 4 2 3 3 542 517 1563 1385
2849 4 2 3 3 2452 1206 2423 1148
2850 4 2 3 3 2432 936 2440 2439
2851 4 2 3 3 1716 2113 2097 2117
2852 4 2 3 3 442 773 770 5
2853 4 2 3 3 1932 1934 1941 2313
2854 4 2 3 3 2557 1665 1941 1920
2855 4 2 3 3 1181 1585 1471 1191
2856 4 2 3 3 2321 2526 2524 2435
2857 4 2 3 3 2167 532 1439 1229
2858 4 2 3 3 2466 1249 2364 2668
2859 4 2 3 3 107 1964 169 2111
2860 4 2 3 3 2219 1928 1931 2391
2861 4 2 3 3 1608 1294 1482 1383
2862 4 2 3 3 1566 45 263 44
2863 4 2 3 3 1611 1632 1619 1618
2864 4 2 3 3 1582 1858 1581 1579
2865 4 2 3 3 2169 2170 2270 2668
2866 4 2 3 3 594 1904 1910 1223
2867 4 2 3 3 1910 1643 1645 1646
2868 4 2 3 3 2408 1147 2490 1252
2869 4 2 3 3 455 581 567 1156
2870 4 2 3 3 2103 2099 2086 2095
2871 4 2 3 3 1448 1325 1473 1475
2872 4 2 3 3 707 114 627 115
2873 4 2 3 3 1346 2597 2341 1911
2874 4 2 3 3 1910 1646 1645 1909
2875 4 2 3 3 19 1723 105 1532
2876 4 2 3 3 1390 330 1711 261
2877 4 2 3 3 222 2333 2492 1053
2878 4 2 3 3 2521 1939 1931 2602
2879 4 2 3 3 1654 1643 1645 1910
2880 4 2 3 3 287 1435 286 285
2881 4 2 3 3 1347 1647 1645 1909
2882 4 2 3 3 1648 1653 1657 1656
2883 4 2 3 3 993 166 1008 15
2884 4 2 3 3 2576 1148 2423 1210
2885 4 2 3 3 2080 1530 2086 2098
2886 4 2 3 3 1670 1671 2248 2215
2887 4 2 3 3 1654 1910 1645 1909
2888 4 2 3 3 2301 2484 2636 1465
2889 4 2 3 3 1761 741 1267 736
2890 4 2 3 3 333 1448 1454 2511
2891 4 2 3 3 1929 1141 1636 2552
2892 4 2 3 3 1685 1981 1682 1681
2893 4 2 3 3 1841 1838 2593 1659
2894 4 2 3 3 1653 1644 1659 1656
2895 4 2 3 3 1344 1939 1913 1657
2896 4 2 3 3 1658 1911 1908 1350
2897 4 2 3 3 190 774 20 768
2898 4 2 3 3 1973 1214 581 1156
2899 4 2 3 3 1196 486 568 523
2900 4 2 3 3 2597 1905 1656 1904
2901 4 2 3 3 1238 1279 1821 1284
2902 4 2 3 3 2463 2464 2469 1880
2903 4 2 3 3 1870 2487 225 2483
2904 4 2 3 3 719 729 1235 1265
2905 4 2 3 3 453 151 150 745
2906 4 2 3 3 67 1719 66 1733
2907 4 2 3 3 2026 2354 2402 2273
2908 4 2 3 3 1826 2102 2077 2101
2909 4 2 3 3 463 1282 738 1269
2910 4 2 3 3 367 18 98 449
2911 4 2 3 3 1181 1168 1187 1453
2912 4 2 3 3 1430 1954 2601 1953
2913 4 2 3 3 1359 485 1668 1356
2914 4 2 3 3 1935 1936 1667 1923
2915 4 2 3 3 2055 2054 1820 2064
2916 4 2 3 3 484 1349 1936 1181
2917 4 2 3 3 2158 1838 2031 28
2918 4 2 3 3 1924 1359 1668 2218
2919 4 2 3 3 970 2159 2158 931
2920 4 2 3 3 1924 1923 2218 1667
2921 4 2 3 3 1348 1935 1667 1923
2922 4 2 3 3 2037 2038 2255 2157
2923 4 2 3 3 1359 1936 1924 1668
2924 4 2 3 3 1684 1575 1329 1450
2925 4 2 3 3 1145 1260 1166 1592
2926 4 2 3 3 2164 2166 2260 2163
2927 4 2 3 3 937 2433 2430 2428
2928 4 2 3 3 2111 2112 2109 2119
2929 4 2 3 3 1680 1370 1679 1614
2930 4 2 3 3 1370 1182 1679 1614
2931 4 2 3 3 1502 1200 1352 1789
2932 4 2 3 3 1530 1531 1766 1747
2933 4 2 3 3 1183 1322 1789 1679
2934 4 2 3 3 1752 1750 1737 2078
2935 4 2 3 3 752 1238 660 716
2936 4 2 3 3 1709 1207 2076 1216
2937 4 2 3 3 970 892 2606 2208
2938 4 2 3 3 1213 2061 1856 1341
2939 4 2 3 3 2704 2405 2710 2282
2940 4 2 3 3 2196 1492 2685 2205
2941 4 2 3 3 595 1652 594 478
2942 4 2 3 3 1313 1322 1789 1352
2943 4 2 3 3 1501 307 1504 1571
2944 4 2 3 3 1686 1370 1678 1680
2945 4 2 3 3 1301 1161 1792 1175
2946 4 2 3 3 1190 483 1197 1187
2947 4 2 3 3 1537 1835 2064 1535
2948 4 2 3 3 949 906 996 427
2949 4 2 3 3 1392 1565 1552 1562
2950 4 2 3 3 1575 1451 1570 1450
2951 4 2 3 3 2673 2202 2678 2672
2952 4 2 3 3 843 840 842 82
2953 4 2 3 3 1689 1690 1688 1372
2954 4 2 3 3 2126 763 175 2647
2955 4 2 3 3 1983 1676 1377 1372
2956 4 2 3 3 521 553 1202 552
2957 4 2 3 3 1619 1611 1689 1323
2958 4 2 3 3 652 695 116 2551
2959 4 2 3 3 1632 1633 1618 1691
2960 4 2 3 3 905 872 87 824
2961 4 2 3 3 1323 1370 1613 1689
2962 4 2 3 3 2146 210 209 382
2963 4 2 3 3 432 417 392 2513
2964 4 2 3 3 1630 1697 1307 1606
2965 4 2 3 3 324 266 348 1548
2966 4 2 3 3 1814 1816 2088 1813
2967 4 2 3 3 377 422 2120 768
2968 4 2 3 3 1402 1302 1408 1798
2969 4 2 3 3 1903 1651 1340 1660
2970 4 2 3 3 1403 1966 2096 2108
2971 4 2 3 3 2484 2299 1298 1877
2972 4 2 3 3 1705 1332 1331 1320
2973 4 2 3 3 483 485 1197 1186
2974 4 2 3 3 1647 1654 1658 1656
2975 4 2 3 3 1697 1630 1307 1321
2976 4 2 3 3 1633 1629 1701 1702
2977 4 2 3 3 1868 2702 2653 2588
2978 4 2 3 3 8 169 168 2111
2979 4 2 3 3 1671 1670 2248 2219
2980 4 2 3 3 1629 1633 1701 1628
2981 4 2 3 3 1159 2175 2173 2174
2982 4 2 3 3 1324 1632 1619 1307
2983 4 2 3 3 1697 1631 1307 1606
2984 4 2 3 3 1432 1244 1431 1956
2985 4 2 3 3 1151 1268 1748 1747
2986 4 2 3 3 1697 1321 1307 1320
2987 4 2 3 3 1698 62 1700 1699
2988 4 2 3 3 1422 2530 1515 1421
2989 4 2 3 3 1619 1324 1307 1605
2990 4 2 3 3 44 2362 86 2591
2991 4 2 3 3 1796 1958 1397 1733
2992 4 2 3 3 1574 1570 1569 1449
2993 4 2 3 3 1720 67 1734 1712
2994 4 2 3 3 1796 1960 1733 1397
2995 4 2 3 3 1571 313 1504 1612
2996 4 2 3 3 1795 1793 1798 1788
2997 4 2 3 3 1393 1227 2063 2058
2998 4 2 3 3 2244 2242 2215 2248
2999 4 2 3 3 1433 2542 2251 2612
3000 4 2 3 3 1270 1152 1825 1715
3001 4 2 3 3 539 1225 635 450
3002 4 2 3 3 2649 2640 2513 2512
3003 4 2 3 3 1182 496 526 1505
3004 4 2 3 3 69 265 2089 342
3005 4 2 3 3 561 550 1321 1605
3006 4 2 3 3 2309 2558 2313 2206
3007 4 2 3 3 1476 256 318 31
3008 4 2 3 3 1274 1481 1273 1624
3009 4 2 3 3 1463 1464 1263 1262
3010 4 2 3 3 2242 2244 2610 2248
3011 4 2 3 3 2584 2587 2481 2482
3012 4 2 3 3 1731 1719 1728 1733
3013 4 2 3 3 2497 2503 2500 2501
3014 4 2 3 3 1272 2717 1274 726
3015 4 2 3 3 1951 1517 2237 1953
3016 4 2 3 3 2648 2126 764 2120
3017 4 2 3 3 1999 1594 1219 1591
3018 4 2 3 3 2586 2279 2605 2588
3019 4 2 3 3 1729 1735 1395 1733
3020 4 2 3 3 713 620 757 149
3021 4 2 3 3 1470 1586 1584 1582
3022 4 2 3 3 2322 1511 2315 1420
3023 4 2 3 3 1797 359 66 1722
3024 4 2 3 3 1397 1960 1733 1734
3025 4 2 3 3 2408 2278 2489 2283
3026 4 2 3 3 1717 1832 2096 1964
3027 4 2 3 3 2115 1962 1963 1823
3028 4 2 3 3 134 10 660 716
3029 4 2 3 3 670 662 1240 141
3030 4 2 3 3 1965 2115 1963 2108
3031 4 2 3 3 695 707 690 1245
3032 4 2 3 3 2103 1818 2117 2086
3033 4 2 3 3 1786 1722 1788 1787
3034 4 2 3 3 2553 2554 1638 2556
3035 4 2 3 3 741 718 1761 1285
3036 4 2 3 3 1068 1069 1066 2658
3037 4 2 3 3 2087 1834 2096 2097
3038 4 2 3 3 835 838 2425 834
3039 4 2 3 3 1729 1731 1728 1733
3040 4 2 3 3 1404 1390 1542 1853
3041 4 2 3 3 1731 1958 1397 1732
3042 4 2 3 3 1907 1918 1476 1634
3043 4 2 3 3 2618 2604 1251 2369
3044 4 2 3 3 1572 1322 1678 1679
3045 4 2 3 3 2453 2455 2456 2419
3046 4 2 3 3 1773 1794 1769 1780
3047 4 2 3 3 697 1260 676 1248
3048 4 2 3 3 1629 1481 1626 1308
3049 4 2 3 3 1729 1735 1733 1712
3050 4 2 3 3 452 604 1262 579
3051 4 2 3 3 1736 1233 1735 1734
3052 4 2 3 3 1338 474 595 1340
3053 4 2 3 3 2343 2341 1658 1911
3054 4 2 3 3 815 210 445 209
3055 4 2 3 3 1629 1693 1364 1330
3056 4 2 3 3 1349 1910 588 589
3057 4 2 3 3 2345 1655 1638 1245
3058 4 2 3 3 211 22 793 791
3059 4 2 3 3 359 1786 1793 65
3060 4 2 3 3 1815 1207 1821 1222
3061 4 2 3 3 1830 2105 1849 1831
3062 4 2 3 3 2597 1911 1909 1658
3063 4 2 3 3 1397 1734 1395 1405
3064 4 2 3 3 1152 1716 1715 1821
3065 4 2 3 3 485 484 515 1356
3066 4 2 3 3 1195 1676 1614 1202
3067 4 2 3 3 1217 539 1231 470
3068 4 2 3 3 1695 1696 1694 1625
3069 4 2 3 3 2551 1916 1167 1245
3070 4 2 3 3 2682 2683 2654 2715
3071 4 2 3 3 1336 618 632 665
3072 4 2 3 3 1233 1177 1395 1405
3073 4 2 3 3 2099 2080 2086 2095
3074 4 2 3 3 1280 620 567 654
3075 4 2 3 3 1797 1960 1798 1734
3076 4 2 3 3 1266 718 602 1285
3077 4 2 3 3 1238 134 626 1222
3078 4 2 3 3 1411 1714 1405 1232
3079 4 2 3 3 1030 2124 1017 1040
3080 4 2 3 3 147 718 602 1266
3081 4 2 3 3 1621 1481 1607 1624
3082 4 2 3 3 59 1674 99 1691
3083 4 2 3 3 2670 2669 2270 2668
3084 4 2 3 3 52 53 1745 1746
3085 4 2 3 3 510 1204 1210 522
3086 4 2 3 3 598 461 637 1267
3087 4 2 3 3 1280 734 1264 756
3088 4 2 3 3 1796 1730 1733 66
3089 4 2 3 3 1738 52 1745 1746
3090 4 2 3 3 1892 1148 1891 1387
3091 4 2 3 3 1435 1534 1608 1434
3092 4 2 3 3 1564 1565 1845 1400
3093 4 2 3 3 1228 1149 1262 1236
3094 4 2 3 3 452 673 128 129
3095 4 2 3 3 718 147 740 1266
3096 4 2 3 3 1594 1999 1547 1855
3097 4 2 3 3 2693 2660 2174 2708
3098 4 2 3 3 2343 2553 1167 2550
3099 4 2 3 3 1741 53 1745 52
3100 4 2 3 3 904 960 441 379
3101 4 2 3 3 1970 1758 1757 1756
3102 4 2 3 3 2671 2450 677 679
3103 4 2 3 3 190 20 776 792
3104 4 2 3 3 1358 2252 1143 2612
3105 4 2 3 3 1203 1970 1757 1756
3106 4 2 3 3 1914 2342 2341 1913
3107 4 2 3 3 2269 2169 2270 2155
3108 4 2 3 3 1816 1738 1826 1746
3109 4 2 3 3 1976 1977 1986 1985
3110 4 2 3 3 1718 1531 1277 1767
3111 4 2 3 3 2319 1354 1525 2317
3112 4 2 3 3 1588 331 1548 348
3113 4 2 3 3 2656 2655 2172 2676
3114 4 2 3 3 1696 1480 1706 1332
3115 4 2 3 3 2192 2669 2270 2294
3116 4 2 3 3 376 2147 2121 780
3117 4 2 3 3 1675 58 57 1685
3118 4 2 3 3 1627 1718 1273 1626
3119 4 2 3 3 32 1937 1944 351
3120 4 2 3 3 1231 1215 138 1219
3121 4 2 3 3 617 751 154 459
3122 4 2 3 3 1552 1565 1550 1536
3123 4 2 3 3 1278 1718 1767 1154
3124 4 2 3 3 487 488 486 1197
3125 4 2 3 3 1281 1607 1164 2718
3126 4 2 3 3 2165 2266 1812 2259
3127 4 2 3 3 552 553 1201 658
3128 4 2 3 3 1156 1280 567 654
3129 4 2 3 3 1760 1381 1677 1974
3130 4 2 3 3 1973 1150 1760 1974
3131 4 2 3 3 598 741 146 145
3132 4 2 3 3 463 1282 1269 648
3133 4 2 3 3 2669 2192 2270 2668
3134 4 2 3 3 1168 1576 1453 1452
3135 4 2 3 3 1782 1784 1778 1288
3136 4 2 3 3 1185 1293 1458 1595
3137 4 2 3 3 1269 1714 1265 1232
3138 4 2 3 3 1784 1163 1778 1288
3139 4 2 3 3 1791 1792 1175 1779
3140 4 2 3 3 1207 1216 1821 1222
3141 4 2 3 3 1848 2082 2053 2085
3142 4 2 3 3 1403 1402 2110 1966
3143 4 2 3 3 298 301 1427 1596
3144 4 2 3 3 1408 1302 1788 1626
3145 4 2 3 3 422 191 2120 190
3146 4 2 3 3 1445 2289 2262 2044
3147 4 2 3 3 2135 444 402 2647
3148 4 2 3 3 57 1681 259 315
3149 4 2 3 3 519 1170 1776 1175
3150 4 2 3 3 1917 1913 2549 1941
3151 4 2 3 3 529 663 1743 1744
3152 4 2 3 3 2339 2185 2337 1843
3153 4 2 3 3 1884 516 1229 1439
3154 4 2 3 3 785 179 975 788
3155 4 2 3 3 470 1217 139 1231
3156 4 2 3 3 2638 2028 2637 2606
3157 4 2 3 3 1642 258 30 318
3158 4 2 3 3 2050 2047 186 2051
3159 4 2 3 3 1163 158 600 601
3160 4 2 3 3 77 76 2411 915
3161 4 2 3 3 1016 1038 1046 2142
3162 4 2 3 3 661 1239 141 698
3163 4 2 3 3 1937 1906 1912 2412
3164 4 2 3 3 256 32 31 1476
3165 4 2 3 3 2374 1938 2371 1944
3166 4 2 3 3 1999 1442 1547 1855
3167 4 2 3 3 719 158 600 1163
3168 4 2 3 3 2155 2192 2270 2294
3169 4 2 3 3 1381 1760 1978 1759
3170 4 2 3 3 2171 2692 2690 2605
3171 4 2 3 3 1891 2459 1439 1886
3172 4 2 3 3 1610 302 303 1601
3173 4 2 3 3 2149 2263 2271 2359
3174 4 2 3 3 882 990 2363 989
3175 4 2 3 3 2192 2155 2270 2668
3176 4 2 3 3 2363 2362 2274 1800
3177 4 2 3 3 1533 1435 1608 1434
3178 4 2 3 3 695 672 116 2551
3179 4 2 3 3 2386 1672 2382 2381
3180 4 2 3 3 1566 45 1811 1564
3181 4 2 3 3 1424 2530 2237 2326
3182 4 2 3 3 847 846 2428 844
3183 4 2 3 3 2185 2186 1842 1843
3184 4 2 3 3 1774 1851 1609 1768
3185 4 2 3 3 2396 2388 219 2619
3186 4 2 3 3 2660 2179 2674 2675
3187 4 2 3 3 2277 2475 2298 1869
3188 4 2 3 3 924 2507 2394 2436
3189 4 2 3 3 2350 2025 1866 2272
3190 4 2 3 3 1517 1951 1952 2281
3191 4 2 3 3 1566 45 44 1811
3192 4 2 3 3 2377 2411 860 915
3193 4 2 3 3 2442 2431 2448 2570
3194 4 2 3 3 2310 2225 2308 2397
3195 4 2 3 3 2657 2662 2228 2043
3196 4 2 3 3 2698 2355 2358 2696
3197 4 2 3 3 662 706 133 670
3198 4 2 3 3 2212 2245 1518 2232
3199 4 2 3 3 2647 399 402 401
3200 4 2 3 3 1971 1970 1365 1758
3201 4 2 3 3 221 220 800 2614
3202 4 2 3 3 44 1806 1799 43
3203 4 2 3 3 1215 1218 2594 1996
3204 4 2 3 3 418 1532 437 102
3205 4 2 3 3 2507 939 899 924
3206 4 2 3 3 44 43 1799 2591
3207 4 2 3 3 2453 2452 2460 1463
3208 4 2 3 3 2466 2197 2204 2369
3209 4 2 3 3 2560 2548 1921 2685
3210 4 2 3 3 1566 346 1560 263
3211 4 2 3 3 1884 2266 1886 1229
3212 4 2 3 3 2298 2477 2447 2446
3213 4 2 3 3 2014 2016 2011 2352
3214 4 2 3 3 190 20 172 768
3215 4 2 3 3 636 1217 1230 1220
3216 4 2 3 3 2712 1879 2348 2711
3217 4 2 3 3 1566 346 1564 1560
3218 4 2 3 3 474 619 595 1340
3219 4 2 3 3 1801 2152 1887 2163
3220 4 2 3 3 2632 1799 2589 2631
3221 4 2 3 3 2617 2224 2210 2615
3222 4 2 3 3 1218 2013 1996 139
3223 4 2 3 3 2420 2455 1898 2456
3224 4 2 3 3 526 552 1616 537
3225 4 2 3 3 43 1498 1799 2591
3226 4 2 3 3 44 2362 2591 1799
3227 4 2 3 3 2363 1800 2631 2589
3228 4 2 3 3 1881 1806 1799 1809
3229 4 2 3 3 268 267 262 1579
3230 4 2 3 3 2370 1088 24 2654
3231 4 2 3 3 39 1597 38 326
3232 4 2 3 3 1951 1517 1953 2281
3233 4 2 3 3 761 2104 2109 2106
3234 4 2 3 3 2477 2298 2447 2478
3235 4 2 3 3 2617 2225 1363 2210
3236 4 2 3 3 1673 2217 2248 2216
3237 4 2 3 3 1501 1502 1423 1510
3238 4 2 3 3 2620 2537 2533 2544
3239 4 2 3 3 2371 862 2413 875
3240 4 2 3 3 772 396 767 766
3241 4 2 3 3 80 36 2430 2527
3242 4 2 3 3 2100 2116 1823 2086
3243 4 2 3 3 37 2430 2528 2429
3244 4 2 3 3 2080 2077 2098 2086
3245 4 2 3 3 2198 2669 2197 2193
3246 4 2 3 3 2565 2521 2391 1931
3247 4 2 3 3 1627 1718 1626 2117
3248 4 2 3 3 78 33 2526 2426
3249 4 2 3 3 1479 1851 325 1383
3250 4 2 3 3 211 441 791 793
3251 4 2 3 3 324 1640 1854 1548
3252 4 2 3 3 366 992 887 952
3253 4 2 3 3 1729 1727 1735 1712
3254 4 2 3 3 2101 761 2106 4
3255 4 2 3 3 871 75 74 876
3256 4 2 3 3 9 661 141 698
3257 4 2 3 3 1203 529 480 1374
3258 4 2 3 3 223 224 1087 2701
3259 4 2 3 3 1696 1706 1701 1702
3260 4 2 3 3 2596 2158 1838 2593
3261 4 2 3 3 2222 2225 2226 2251
3262 4 2 3 3 1828 1830 1833 1710
3263 4 2 3 3 2528 1518 1514 2325
3264 4 2 3 3 1425 1311 1595 2569
3265 4 2 3 3 2442 1869 1430 2281
3266 4 2 3 3 2209 2159 2415 1648
3267 4 2 3 3 505 1205 1388 1318
3268 4 2 3 3 837 925 2571 2572
3269 4 2 3 3 1880 2464 2471 1901
3270 4 2 3 3 224 2487 2531 958
3271 4 2 3 3 1517 2442 2281 1952
3272 4 2 3 3 661 112 704 698
3273 4 2 3 3 2148 88 822 820
3274 4 2 3 3 2057 1213 1219 138
3275 4 2 3 3 2070 1413 1848 1833
3276 4 2 3 3 2072 1413 2070 1833
3277 4 2 3 3 868 854 2435 2436
3278 4 2 3 3 2536 2532 1954 2491
3279 4 2 3 3 2431 843 842 82
3280 4 2 3 3 1753 54 53 249
3281 4 2 3 3 34 257 1525 33
3282 4 2 3 3 1849 1830 1831 1848
3283 4 2 3 3 1832 1713 1831 1710
3284 4 2 3 3 2105 1849 1831 1824
3285 4 2 3 3 2159 867 866 931
3286 4 2 3 3 2058 2059 2056 2064
3287 4 2 3 3 1140 1907 1909 1942
3288 4 2 3 3 1848 1830 1831 1833
3289 4 2 3 3 1874 2475 2578 1869
3290 4 2 3 3 2448 1869 2578 2579
3291 4 2 3 3 2441 2439 2448 2579
3292 4 2 3 3 1519 2329 2326 1954
3293 4 2 3 3 1717 169 1964 1963
3294 4 2 3 3 2296 2441 2449 1844
3295 4 2 3 3 1844 2475 2579 2578
3296 4 2 3 3 785 178 791 793
3297 4 2 3 3 2474 2449 2580 2578
3298 4 2 3 3 80 81 929 968
3299 4 2 3 3 377 396 109 766
3300 4 2 3 3 2432 938 936 937
3301 4 2 3 3 1003 894 2404 979
3302 4 2 3 3 2636 2484 1460 1877
3303 4 2 3 3 398 2125 2647 2120
3304 4 2 3 3 1965 1532 1787 1963
3305 4 2 3 3 92 421 791 789
3306 4 2 3 3 1838 2003 1854 2630
3307 4 2 3 3 828 1895 827 2591
3308 4 2 3 3 2507 2598 2394 2436
3309 4 2 3 3 2562 2602 2557 1919
3310 4 2 3 3 1641 1640 1547 1659
3311 4 2 3 3 221 222 2615 2613
3312 4 2 3 3 2715 2714 2178 2712
3313 4 2 3 3 2181 213 2338 816
3314 4 2 3 3 2587 2584 2481 2307
3315 4 2 3 3 2003 1839 1442 2630
3316 4 2 3 3 682 2399 679 681
3317 4 2 3 3 1257 697 670 691
3318 4 2 3 3 1811 1806 1809 1799
3319 4 2 3 3 1651 1650 1581 1546
3320 4 2 3 3 2244 1357 2610 2249
3321 4 2 3 3 1660 1839 1547 1340
3322 4 2 3 3 1633 1324 1619 1506
3323 4 2 3 3 1782 1783 1275 1288
3324 4 2 3 3 269 331 1584 272
3325 4 2 3 3 1224 1150 1285 1759
3326 4 2 3 3 1560 1566 1810 1559
3327 4 2 3 3 620 553 658 1201
3328 4 2 3 3 509 508 1175 519
3329 4 2 3 3 1593 1594 1547 1855
3330 4 2 3 3 2086 2087 2097 2095
3331 4 2 3 3 1497 1803 1802 1386
3332 4 2 3 3 1215 1999 1219 1231
3333 4 2 3 3 1839 1442 1547 1340
3334 4 2 3 3 1282 738 1269 722
3335 4 2 3 3 606 631 524 2611
3336 4 2 3 3 1392 539 1550 1400
3337 4 2 3 3 2069 1207 2079 2076
3338 4 2 3 3 2267 2149 2271 2359
3339 4 2 3 3 1299 1404 1384 1558
3340 4 2 3 3 1349 520 484 641
3341 4 2 3 3 2264 2256 1866 2350
3342 4 2 3 3 617 751 749 154
3343 4 2 3 3 1782 1783 1776 1407
3344 4 2 3 3 1421 1422 1420 1515
3345 4 2 3 3 2294 2295 2665 2291
3346 4 2 3 3 628 608 1508 1925
3347 4 2 3 3 464 1260 1166 1247
3348 4 2 3 3 1674 59 1688 1691
3349 4 2 3 3 2103 2086 2097 2095
3350 4 2 3 3 746 717 754 1287
3351 4 2 3 3 583 143 471 714
3352 4 2 3 3 1764 1366 1976 1765
3353 4 2 3 3 2157 2039 2255 2271
3354 4 2 3 3 1168 1181 1187 1474
3355 4 2 3 3 264 341 51 2088
3356 4 2 3 3 1349 641 484 1359
3357 4 2 3 3 189 188 988 2045
3358 4 2 3 3 2350 1866 2271 2272
3359 4 2 3 3 1163 1162 1235 1265
3360 4 2 3 3 300 1598 336 255
3361 4 2 3 3 1327 2598 2390 2382
3362 4 2 3 3 210 421 445 382
3363 4 2 3 3 41 1459 294 1461
3364 4 2 3 3 2149 2157 2271 2263
3365 4 2 3 3 1822 2102 2107 2086
3366 4 2 3 3 1785 1783 1389 1332
3367 4 2 3 3 1250 2276 2604 2175
3368 4 2 3 3 2583 1158 2582 1241
3369 4 2 3 3 2279 1436 2306 1898
3370 4 2 3 3 2680 2395 2619 1363
3371 4 2 3 3 2486 2572 2636 2580
3372 4 2 3 3 2561 2603 2685 2205
3373 4 2 3 3 1489 1664 2346 1144
3374 4 2 3 3 2627 2618 2230 2226
3375 4 2 3 3 12 46 343 1859
3376 4 2 3 3 2256 2025 1866 2350
3377 4 2 3 3 1448 1469 1472 272
3378 4 2 3 3 2433 938 2432 937
3379 4 2 3 3 1597 254 1428 38
3380 4 2 3 3 1435 1533 286 1434
3381 4 2 3 3 2461 2462 1464 1243
3382 4 2 3 3 2170 2169 2456 2176
3383 4 2 3 3 2565 2564 1934 2393
3384 4 2 3 3 1592 1221 2665 2291
3385 4 2 3 3 1305 498 495 497
3386 4 2 3 3 1196 1371 1195 1982
3387 4 2 3 3 1607 1481 2719 1157
3388 4 2 3 3 2025 2256 1866 2157
3389 4 2 3 3 1675 1687 1685 56
3390 4 2 3 3 2120 2124 1017 1030
3391 4 2 3 3 1410 1627 1155 1626
3392 4 2 3 3 1296 1336 2303 2446
3393 4 2 3 3 307 308 306 1571
3394 4 2 3 3 1171 506 558 1199
3395 4 2 3 3 2366 232 2357 2154
3396 4 2 3 3 2576 1521 1296 1875
3397 4 2 3 3 1873 1877 2303 1875
3398 4 2 3 3 1260 464 1166 659
3399 4 2 3 3 2476 2580 1460 2578
3400 4 2 3 3 2576 1522 1461 1875
3401 4 2 3 3 2366 232 2154 2687
3402 4 2 3 3 2575 1873 1877 2574
3403 4 2 3 3 1349 1918 1936 1181
3404 4 2 3 3 2580 2574 1460 2578
3405 4 2 3 3 1298 2484 1460 1878
3406 4 2 3 3 1170 519 534 549
3407 4 2 3 3 504 503 1318 501
3408 4 2 3 3 1521 1459 1296 1875
3409 4 2 3 3 1618 59 60 1691
3410 4 2 3 3 1429 1418 1601 1602
3411 4 2 3 3 750 143 471 142
3412 4 2 3 3 2211 1507 2524 2435
3413 4 2 3 3 2218 1356 1668 1667
3414 4 2 3 3 1294 1459 1296 1521
3415 4 2 3 3 1193 1305 1604 1200
3416 4 2 3 3 2219 2384 2249 2248
3417 4 2 3 3 2422 2576 1296 1875
3418 4 2 3 3 528 1237 1777 1776
3419 4 2 3 3 407 2651 405 436
3420 4 2 3 3 1882 1881 1498 1809
3421 4 2 3 3 2570 1869 2578 2448
3422 4 2 3 3 1916 695 1245 2551
3423 4 2 3 3 1951 2443 2569 2281
3424 4 2 3 3 2350 2025 2272 2029
3425 4 2 3 3 1194 1353 1188 524
3426 4 2 3 3 1888 1899 1809 1406
3427 4 2 3 3 2028 2033 2040 2029
3428 4 2 3 3 2460 2454 1440 1888
3429 4 2 3 3 2167 2460 1440 1888
3430 4 2 3 3 2493 207 2504 1041
3431 4 2 3 3 1948 2607 2020 2034
3432 4 2 3 3 191 378 814 969
3433 4 2 3 3 2135 2515 404 403
3434 4 2 3 3 2564 2378 217 218
3435 4 2 3 3 1611 1630 1606 1617
3436 4 2 3 3 2552 117 458 622
3437 4 2 3 3 1202 1195 1156 566
3438 4 2 3 3 453 537 1287 658
3439 4 2 3 3 268 269 1584 270
3440 4 2 3 3 1758 1375 1757 1743
3441 4 2 3 3 2383 2219 2249 2215
3442 4 2 3 3 1400 517 535 1398
3443 4 2 3 3 1221 1592 1998 2291
3444 4 2 3 3 2105 69 2118 1832
3445 4 2 3 3 1840 1839 1660 2594
3446 4 2 3 3 2167 2460 1899 1900
3447 4 2 3 3 2321 79 852 2320
3448 4 2 3 3 2419 1893 1901 1899
3449 4 2 3 3 69 107 2118 1832
3450 4 2 3 3 1436 2455 2307 2584
3451 4 2 3 3 1748 1277 1747 1767
3452 4 2 3 3 508 509 1172 507
3453 4 2 3 3 1498 1882 1899 2633
3454 4 2 3 3 2221 2384 2219 2248
3455 4 2 3 3 1816 264 51 2088
3456 4 2 3 3 2454 2453 1901 1899
3457 4 2 3 3 1257 1592 2665 2291
3458 4 2 3 3 441 210 421 379
3459 4 2 3 3 1938 2521 2371 1649
3460 4 2 3 3 102 101 1625 1695
3461 4 2 3 3 1272 1626 1273 1274
3462 4 2 3 3 1576 2517 2516 1187
3463 4 2 3 3 1978 1759 1744 1766
3464 4 2 3 3 2160 2334 1599 2041
3465 4 2 3 3 674 675 1247 1236
3466 4 2 3 3 1592 1257 1998 2291
3467 4 2 3 3 1723 106 105 1722
3468 4 2 3 3 1959 1173 1791 1175
3469 4 2 3 3 1269 723 721 1265
3470 4 2 3 3 437 19 183 369
3471 4 2 3 3 1770 1786 64 1780
3472 4 2 3 3 2452 1891 1899 1900
3473 4 2 3 3 1726 1708 1710 1725
3474 4 2 3 3 2452 1892 1899 1891
3475 4 2 3 3 1245 1916 1167 1638
3476 4 2 3 3 1257 1260 1592 1240
3477 4 2 3 3 2199 679 689 2347
3478 4 2 3 3 2460 2452 1899 1900
3479 4 2 3 3 1149 2455 2461 2456
3480 4 2 3 3 2004 1840 1947 2003
3481 4 2 3 3 1503 1516 2316 2315
3482 4 2 3 3 861 883 914 2373
3483 4 2 3 3 2433 849 937 2430
3484 4 2 3 3 2453 2452 1899 2460
3485 4 2 3 3 1654 2597 1909 1658
3486 4 2 3 3 2605 2279 2307 2588
3487 4 2 3 3 255 1496 294 40
3488 4 2 3 3 1946 1947 2011 1997
3489 4 2 3 3 692 1247 666 676
3490 4 2 3 3 2016 2014 2260 2352
3491 4 2 3 3 1608 1521 1209 1486
3492 4 2 3 3 2452 2422 2582 1387
3493 4 2 3 3 1585 1586 1342 1646
3494 4 2 3 3 562 564 1478 1388
3495 4 2 3 3 959 979 2424 2404
3496 4 2 3 3 410 431 2519 414
3497 4 2 3 3 1988 18 1965 1962
3498 4 2 3 3 1918 1476 1474 1645
3499 4 2 3 3 1532 19 1963 1965
3500 4 2 3 3 1455 55 1755 1967
3501 4 2 3 3 1906 1907 1909 1347
3502 4 2 3 3 595 1652 1903 1904
3503 4 2 3 3 1662 1663 2336 1648
3504 4 2 3 3 1918 1349 1909 1646
3505 4 2 3 3 1501 1312 1504 1601
3506 4 2 3 3 751 733 1164 2718
3507 4 2 3 3 1226 1911 1909 1910
3508 4 2 3 3 1907 1918 1909 1347
3509 4 2 3 3 1719 1730 1299 1409
3510 4 2 3 3 1456 1981 1455 1969
3511 4 2 3 3 2400 2521 2371 2376
3512 4 2 3 3 679 2671 689 678
3513 4 2 3 3 1499 1486 1890 1210
3514 4 2 3 3 2508 2626 2544 2699
3515 4 2 3 3 2356 817 971 233
3516 4 2 3 3 1338 1641 1546 1580
3517 4 2 3 3 2006 2695 2286 2401
3518 4 2 3 3 628 1925 1635 592
3519 4 2 3 3 2142 1049 203 204
3520 4 2 3 3 33 1669 1922 1634
3521 4 2 3 3 1664 1245 690 702
3522 4 2 3 3 1432 2488 1956 1431
3523 4 2 3 3 1643 1654 1223 1910
3524 4 2 3 3 982 219 2381 2380
3525 4 2 3 3 551 1183 491 494
3526 4 2 3 3 1190 483 1187 1453
3527 4 2 3 3 2508 222 2536 2615
3528 4 2 3 3 856 855 854 2426
3529 4 2 3 3 2561 2548 1921 2559
3530 4 2 3 3 1951 1315 1517 1952
3531 4 2 3 3 1253 2385 2568 2313
3532 4 2 3 3 388 2495 390 204
3533 4 2 3 3 1950 2698 2194 2193
3534 4 2 3 3 1906 1476 1645 31
3535 4 2 3 3 1894 2299 2302 2479
3536 4 2 3 3 1512 1314 1515 2315
3537 4 2 3 3 1752 1378 1341 2078
3538 4 2 3 3 1783 1237 1776 1777
3539 4 2 3 3 85 86 957 878
3540 4 2 3 3 1728 1729 1711 1725
3541 4 2 3 3 1706 1785 1332 1771
3542 4 2 3 3 2705 2203 2685 2310
3543 4 2 3 3 1640 1641 1650 1659
3544 4 2 3 3 1223 1643 1910 1646
3545 4 2 3 3 1474 1475 1472 1645
3546 4 2 3 3 2070 1709 2076 2066
3547 4 2 3 3 761 8 4 2101
3548 4 2 3 3 42 43 1497 252
3549 4 2 3 3 2344 2554 2553 1943
3550 4 2 3 3 604 1158 1262 579
3551 4 2 3 3 2561 1879 2711 2548
3552 4 2 3 3 1181 1918 1936 1474
3553 4 2 3 3 2552 672 458 117
3554 4 2 3 3 1543 1542 1810 1559
3555 4 2 3 3 291 344 1560 332
3556 4 2 3 3 2582 1387 2302 2304
3557 4 2 3 3 2149 2148 2263 2265
3558 4 2 3 3 443 2506 2494 393
3559 4 2 3 3 641 1359 1635 515
3560 4 2 3 3 1803 1883 1802 1386
3561 4 2 3 3 2675 2196 2674 2685
3562 4 2 3 3 2242 2243 2317 2316
3563 4 2 3 3 608 1258 711 457
3564 4 2 3 3 2714 2178 2561 2685
3565 4 2 3 3 1305 1184 1493 1310
3566 4 2 3 3 2638 2639 187 2051
3567 4 2 3 3 518 529 480 1203
3568 4 2 3 3 77 76 915 916
3569 4 2 3 3 2136 2135 2134 2647
3570 4 2 3 3 2515 405 404 403
3571 4 2 3 3 538 1179 1164 1287
3572 4 2 3 3 1412 1737 1858 1857
3573 4 2 3 3 1682 1684 1450 1451
3574 4 2 3 3 1662 1648 1657 1656
3575 4 2 3 3 2637 2606 2040 2349
3576 4 2 3 3 2196 2178 2674 2685
3577 4 2 3 3 2035 2286 2337 2285
3578 4 2 3 3 2565 1932 1931 2391
3579 4 2 3 3 46 2037 2156 6
3580 4 2 3 3 2247 2246 2238 2241
3581 4 2 3 3 2375 2598 1930 2437
3582 4 2 3 3 1989 1367 1986 1977
3583 4 2 3 3 2531 2280 2601 2440
3584 4 2 3 3 2299 1894 2302 1877
3585 4 2 3 3 1504 1789 1612 1601
3586 4 2 3 3 1704 64 1768 1769
3587 4 2 3 3 1327 1671 1930 2437
3588 4 2 3 3 102 103 63 1770
3589 4 2 3 3 1751 477 1343 1583
3590 4 2 3 3 2582 1158 1463 1241
3591 4 2 3 3 1741 1589 249 329
3592 4 2 3 3 2521 2598 2391 1930
3593 4 2 3 3 1615 1370 1690 1614
3594 4 2 3 3 2383 2218 1635 2566
3595 4 2 3 3 1990 1369 1989 1766
3596 4 2 3 3 641 1226 590 1635
3597 4 2 3 3 1027 762 172 173
3598 4 2 3 3 2220 1671 2219 2391
3599 4 2 3 3 1248 2671 678 2667
3600 4 2 3 3 1904 595 594 1903
3601 4 2 3 3 1737 1741 1745 52
3602 4 2 3 3 2340 2559 2557 214
3603 4 2 3 3 2520 1662 2557 2340
3604 4 2 3 3 1671 1670 2219 2391
3605 4 2 3 3 2345 2309 2556 1941
3606 4 2 3 3 862 910 2413 875
3607 4 2 3 3 1140 1926 1923 1942
3608 4 2 3 3 2602 2549 2557 1919
3609 4 2 3 3 479 1585 478 588
3610 4 2 3 3 2191 1664 1639 2347
3611 4 2 3 3 57 56 1681 315
3612 4 2 3 3 1575 1326 1570 1454
3613 4 2 3 3 1167 1925 2566 2567
3614 4 2 3 3 1531 1716 2097 2117
3615 4 2 3 3 717 751 649 153
3616 4 2 3 3 1367 1377 1677 1372
3617 4 2 3 3 1359 641 1635 1924
3618 4 2 3 3 598 741 145 461
3619 4 2 3 3 740 1280 756 1974
3620 4 2 3 3 1670 1669 2218 1922
3621 4 2 3 3 540 527 1605 1179
3622 4 2 3 3 1906 1912 1657 1908
3623 4 2 3 3 1205 1331 1297 1779
3624 4 2 3 3 1554 1852 1853 1542
3625 4 2 3 3 365 206 434 943
3626 4 2 3 3 373 79 919 885
3627 4 2 3 3 2299 2477 2303 2479
3628 4 2 3 3 2343 2550 1911 1942
3629 4 2 3 3 2550 1226 1911 1942
3630 4 2 3 3 1551 1554 1538 1557
3631 4 2 3 3 1706 1705 1332 1780
3632 4 2 3 3 2427 2375 1922 1930
3633 4 2 3 3 2550 2343 1943 1942
3634 4 2 3 3 1434 1772 337 1409
3635 4 2 3 3 1781 1389 1777 1331
3636 4 2 3 3 2277 2278 2489 2478
3637 4 2 3 3 1239 661 624 704
3638 4 2 3 3 1364 1693 1625 1965
3639 4 2 3 3 1696 1304 1629 1625
3640 4 2 3 3 1852 1725 1394 1853
3641 4 2 3 3 106 1720 105 1722
3642 4 2 3 3 157 755 456 742
3643 4 2 3 3 1436 2455 2584 2306
3644 4 2 3 3 1693 1364 1988 1965
3645 4 2 3 3 2576 1148 1499 1333
3646 4 2 3 3 1641 1660 1547 1340
3647 4 2 3 3 2001 1225 1536 1591
3648 4 2 3 3 2563 2560 2685 2379
3649 4 2 3 3 1435 1434 286 285
3650 4 2 3 3 1693 98 1625 1965
3651 4 2 3 3 18 1693 1965 98
3652 4 2 3 3 1718 1278 1277 1627
3653 4 2 3 3 335 1447 274 249
3654 4 2 3 3 485 2517 1668 1186
3655 4 2 3 3 62 1701 1699 61
3656 4 2 3 3 1747 1379 1765 1766
3657 4 2 3 3 100 59 99 1691
3658 4 2 3 3 61 1606 60 1307
3659 4 2 3 3 2242 2214 2215 2248
3660 4 2 3 3 1829 2058 2063 2055
3661 4 2 3 3 1207 1739 1208 467
3662 4 2 3 3 1532 1786 1770 1787
3663 4 2 3 3 663 630 1744 584
3664 4 2 3 3 1719 1731 1299 1730
3665 4 2 3 3 1980 358 54 1975
3666 4 2 3 3 1594 1999 1580 1547
3667 4 2 3 3 1984 1972 1456 1975
3668 4 2 3 3 142 750 656 471
3669 4 2 3 3 1785 1480 1783 1332
3670 4 2 3 3 1413 1848 1833 2063
3671 4 2 3 3 1962 168 2111 1823
3672 4 2 3 3 646 1422 612 555
3673 4 2 3 3 1622 1692 1691 1330
3674 4 2 3 3 1266 718 1285 1974
3675 4 2 3 3 1972 1971 1755 1975
3676 4 2 3 3 1857 2067 1341 1856
3677 4 2 3 3 1784 1162 1782 1778
3678 4 2 3 3 1763 1762 1765 1980
3679 4 2 3 3 1978 1366 1765 1976
3680 4 2 3 3 1692 1621 1623 1989
3681 4 2 3 3 2105 1824 1832 2118
3682 4 2 3 3 392 432 2513 391
3683 4 2 3 3 1555 542 1563 1385
3684 4 2 3 3 169 1717 1723 1963
3685 4 2 3 3 513 1173 1176 1558
3686 4 2 3 3 1763 1379 1766 1765
3687 4 2 3 3 1697 1698 1699 1631
3688 4 2 3 3 662 576 625 1240
3689 4 2 3 3 2582 2583 2479 2302
3690 4 2 3 3 2274 2361 2161 2162
3691 4 2 3 3 2025 2039 2024 2156
3692 4 2 3 3 1641 1338 1546 1651
3693 4 2 3 3 2666 2295 2665 2270
3694 4 2 3 3 476 477 1751 475
3695 4 2 3 3 2082 1830 1833 1828
3696 4 2 3 3 58 57 1681 259
3697 4 2 3 3 1753 1967 1756 1754
3698 4 2 3 3 2066 1227 2065 2063
3699 4 2 3 3 2058 2057 2056 1211
3700 4 2 3 3 1829 1708 1391 1553
3701 4 2 3 3 1178 1620 1153 1623
3702 4 2 3 3 1674 1675 97 1985
3703 4 2 3 3 1282 1152 1825 1270
3704 4 2 3 3 1851 1609 1383 1608
3705 4 2 3 3 2422 2583 2582 2302
3706 4 2 3 3 1470 1469 1584 1472
3707 4 2 3 3 734 1280 1264 1974
3708 4 2 3 3 889 2638 1008 2047
3709 4 2 3 3 1620 1621 1153 1623
3710 4 2 3 3 1675 1692 1690 1372
3711 4 2 3 3 1819 2068 2062 2054
3712 4 2 3 3 674 1236 1247 599
3713 4 2 3 3 2061 2060 1813 2062
3714 4 2 3 3 1320 1184 1318 1700
3715 4 2 3 3 752 163 623 162
3716 4 2 3 3 47 11 342 3
3717 4 2 3 3 136 1227 2057 1208
3718 4 2 3 3 1540 1212 2064 1536
3719 4 2 3 3 1575 1576 1168 1452
3720 4 2 3 3 2160 2045 2285 988
3721 4 2 3 3 1639 2309 2313 2556
3722 4 2 3 3 849 848 846 2430
3723 4 2 3 3 684 2547 1242 1252
3724 4 2 3 3 1533 289 1482 287
3725 4 2 3 3 1382 1381 1273 1623
3726 4 2 3 3 2153 2687 1897 2467
3727 4 2 3 3 1639 2558 1253 2313
3728 4 2 3 3 1289 1178 1153 1623
3729 4 2 3 3 1520 2628 2624 2625
3730 4 2 3 3 882 828 826 2363
3731 4 2 3 3 916 915 77 874
3732 4 2 3 3 2463 2464 229 2471
3733 4 2 3 3 1254 2188 2291 2195
3734 4 2 3 3 2341 2597 2184 1656
3735 4 2 3 3 1583 1652 1582 1581
3736 4 2 3 3 399 429 2647 402
3737 4 2 3 3 2521 1344 1649 2416
3738 4 2 3 3 1969 1970 1968 1755
3739 4 2 3 3 345 1588 331 272
3740 4 2 3 3 2288 1221 2665 1592
3741 4 2 3 3 2231 1507 2435 2525
3742 4 2 3 3 1588 258 331 348
3743 4 2 3 3 2466 2179 2196 2193
3744 4 2 3 3 2288 2290 2665 1221
3745 4 2 3 3 2342 1489 2183 2184
3746 4 2 3 3 1639 2309 2558 2313
3747 4 2 3 3 2702 1870 225 2483
3748 4 2 3 3 1244 686 1263 1242
3749 4 2 3 3 1489 2186 2185 2346
3750 4 2 3 3 936 934 2439 845
3751 4 2 3 3 607 606 524 2611
3752 4 2 3 3 2036 2683 2698 2654
3753 4 2 3 3 2601 1430 2600 2434
3754 4 2 3 3 520 1349 484 482
3755 4 2 3 3 2639 2049 2051 2048
3756 4 2 3 3 2637 166 2349 5
3757 4 2 3 3 2297 1316 2327 2281
3758 4 2 3 3 254 301 1417 304
3759 4 2 3 3 1993 1994 2009 1946
3760 4 2 3 3 1598 255 1596 1496
3761 4 2 3 3 491 1183 1198 1352
3762 4 2 3 3 12 2017 1991 2008
3763 4 2 3 3 2491 2608 2599 2600
3764 4 2 3 3 1862 1861 2008 1860
3765 4 2 3 3 1191 1190 568 1376
3766 4 2 3 3 1451 275 1373 1570
3767 4 2 3 3 1369 2115 2117 2100
3768 4 2 3 3 1686 1371 1682 1685
3769 4 2 3 3 459 540 644 1164
3770 4 2 3 3 1973 1214 1377 1757
3771 4 2 3 3 521 552 1202 1614
3772 4 2 3 3 2116 1763 1766 1990
3773 4 2 3 3 1947 2011 2010 2009
3774 4 2 3 3 1749 1762 1990 1979
3775 4 2 3 3 1947 1946 2011 2009
3776 4 2 3 3 1260 659 1166 1240
3777 4 2 3 3 1448 1447 1373 1473
3778 4 2 3 3 1687 1371 1686 1685
3779 4 2 3 3 56 1981 1681 1455
3780 4 2 3 3 2515 2651 2130 2131
3781 4 2 3 3 1690 58 1613 1688
3782 4 2 3 3 432 418 371 2643
3783 4 2 3 3 118 694 622 117
3784 4 2 3 3 2539 2530 2622 2621
3785 4 2 3 3 1221 1592 1220 1240
3786 4 2 3 3 2164 2359 2260 1864
3787 4 2 3 3 2070 1709 2081 2080
3788 4 2 3 3 2024 758 2033 1
3789 4 2 3 3 2201 2396 2379 2395
3790 4 2 3 3 2528 2325 2324 2523
3791 4 2 3 3 1217 539 1230 1231
3792 4 2 3 3 2554 2344 1915 1943
3793 4 2 3 3 2166 2168 1887 2165
3794 4 2 3 3 2016 2006 2287 2010
3795 4 2 3 3 2188 2195 2194 2291
3796 4 2 3 3 794 189 2292 2272
3797 4 2 3 3 2607 2034 2032 2019
3798 4 2 3 3 2705 2201 2397 2603
3799 4 2 3 3 1415 1850 1992 2001
3800 4 2 3 3 2181 212 2293 2339
3801 4 2 3 3 1545 1526 1579 1546
3802 4 2 3 3 291 1437 321 285
3803 4 2 3 3 1552 1565 1561 1562
3804 4 2 3 3 1860 1565 1846 1845
3805 4 2 3 3 2356 817 2161 971
3806 4 2 3 3 2711 2712 2030 2348
3807 4 2 3 3 2308 2206 1920 2313
3808 4 2 3 3 2034 2025 2350 2029
3809 4 2 3 3 1592 1221 1998 1240
3810 4 2 3 3 2266 1812 2259 1811
3811 4 2 3 3 2527 2528 2324 2523
3812 4 2 3 3 2629 73 1 340
3813 4 2 3 3 1491 2290 2194 2007
3814 4 2 3 3 2268 1445 2262 2044
3815 4 2 3 3 1415 1850 2008 1992
3816 4 2 3 3 2047 2638 186 2051
3817 4 2 3 3 828 829 827 1895
3818 4 2 3 3 2377 2411 915 77
3819 4 2 3 3 1415 1850 2001 1860
3820 4 2 3 3 2257 2256 2022 2263
3821 4 2 3 3 1336 1171 2423 2583
3822 4 2 3 3 1588 1582 1548 1579
3823 4 2 3 3 659 576 1220 1240
3824 4 2 3 3 1156 1973 1677 1974
3825 4 2 3 3 1652 595 594 1904
3826 4 2 3 3 2080 1207 2095 2099
3827 4 2 3 3 1563 1555 1562 536
3828 4 2 3 3 2070 1709 2092 2081
3829 4 2 3 3 2115 1369 1990 2100
3830 4 2 3 3 1752 1738 1737 1745
3831 4 2 3 3 1816 1817 52 1746
3832 4 2 3 3 2551 652 1245 591
3833 4 2 3 3 107 1964 2111 2118
3834 4 2 3 3 1547 1545 2630 1854
3835 4 2 3 3 2146 2506 382 384
3836 4 2 3 3 1750 1751 1858 1341
3837 4 2 3 3 1272 727 725 726
3838 4 2 3 3 1752 1751 1374 1745
3839 4 2 3 3 1838 2158 29 28
3840 4 2 3 3 1729 1731 1395 1394
3841 4 2 3 3 1752 1827 1738 1745
3842 4 2 3 3 2100 2115 1963 1823
3843 4 2 3 3 1817 2101 2109 1822
3844 4 2 3 3 2032 2041 2040 2029
3845 4 2 3 3 2072 1709 2092 2070
3846 4 2 3 3 2148 88 2150 822
3847 4 2 3 3 184 2645 2643 183
3848 4 2 3 3 258 324 348 1640
3849 4 2 3 3 1564 1565 1552 1539
3850 4 2 3 3 1828 2083 1820 2082
3851 4 2 3 3 2033 2034 2020 2019
3852 4 2 3 3 1674 57 98 97
3853 4 2 3 3 1195 1983 1377 1214
3854 4 2 3 3 971 817 2161 948
3855 4 2 3 3 12 2024 2023 14
3856 4 2 3 3 335 54 1967 249
3857 4 2 3 3 1268 1740 1744 1747
3858 4 2 3 3 1280 620 1201 567
3859 4 2 3 3 879 961 434 932
3860 4 2 3 3 2127 185 779 2140
3861 4 2 3 3 264 1816 51 52
3862 4 2 3 3 409 410 431 2519
3863 4 2 3 3 310 1479 251 325
3864 4 2 3 3 46 2148 2037 88
3865 4 2 3 3 1681 1680 1678 1449
3866 4 2 3 3 2495 386 206 205
3867 4 2 3 3 959 2301 2485 2483
3868 4 2 3 3 2262 2164 2260 2261
3869 4 2 3 3 818 188 2255 187
3870 4 2 3 3 2159 2367 2415 1648
3871 4 2 3 3 506 1292 558 1199
3872 4 2 3 3 28 2349 5 2040
3873 4 2 3 3 2181 2160 2285 988
3874 4 2 3 3 993 166 2637 2047
3875 4 2 3 3 2285 212 24 2293
3876 4 2 3 3 2466 2179 2669 2689
3877 4 2 3 3 1801 2356 2152 2163
3878 4 2 3 3 1357 2383 2249 2215
3879 4 2 3 3 1995 1839 1997 2594
3880 4 2 3 3 2191 2189 2193 2205
3881 4 2 3 3 2488 1316 2443 2530
3882 4 2 3 3 2521 2378 2390 2376
3883 4 2 3 3 2181 2338 2337 2335
3884 4 2 3 3 2605 1091 1055 2690
3885 4 2 3 3 684 686 687 1244
3886 4 2 3 3 1804 1567 1810 1802
3887 4 2 3 3 947 817 2271 896
3888 4 2 3 3 2584 2455 2305 2306
3889 4 2 3 3 1145 2269 2270 2665
3890 4 2 3 3 1644 2596 29 1659
3891 4 2 3 3 1158 2452 2582 1463
3892 4 2 3 3 592 2552 458 622
3893 4 2 3 3 2048 2156 2024 2038
3894 4 2 3 3 882 828 2363 954
3895 4 2 3 3 2388 2386 2393 2392
3896 4 2 3 3 2701 2700 2652 2228
3897 4 2 3 3 2662 1069 1077 1068
3898 4 2 3 3 1314 1511 1510 1515
3899 4 2 3 3 1967 1455 1373 1452
3900 4 2 3 3 1398 1807 2259 1811
3901 4 2 3 3 184 185 2140 779
3902 4 2 3 3 2388 1673 2393 2386
3903 4 2 3 3 2168 1901 2458 1887
3904 4 2 3 3 2628 2387 2253 1509
3905 4 2 3 3 1848 2054 1820 1833
3906 4 2 3 3 2159 871 866 75
3907 4 2 3 3 1604 1193 1602 1306
3908 4 2 3 3 663 529 637 1744
3909 4 2 3 3 2565 2521 1931 2602
3910 4 2 3 3 2717 729 1784 1275
3911 4 2 3 3 2222 1673 2217 2250
3912 4 2 3 3 218 2564 2392 2379
3913 4 2 3 3 2279 2586 1898 2471
3914 4 2 3 3 2196 2197 2205 2204
3915 4 2 3 3 2068 2053 2073 2074
3916 4 2 3 3 2155 2154 2152 2687
3917 4 2 3 3 752 1238 623 660
3918 4 2 3 3 1173 510 511 1176
3919 4 2 3 3 2160 2181 2337 2335
3920 4 2 3 3 2072 1413 1833 2063
3921 4 2 3 3 1543 1404 1558 1384
3922 4 2 3 3 1805 1885 516 1804
3923 4 2 3 3 707 114 668 462
3924 4 2 3 3 2074 2052 2073 13
3925 4 2 3 3 1399 1539 1536 1591
3926 4 2 3 3 1400 1564 1811 1845
3927 4 2 3 3 814 378 908 909
3928 4 2 3 3 2363 2362 2150 2274
3929 4 2 3 3 278 343 1590 50
3930 4 2 3 3 1511 1423 1418 1419
3931 4 2 3 3 1597 1315 2569 1952
3932 4 2 3 3 2232 2608 2325 2324
3933 4 2 3 3 2208 2593 2335 2041
3934 4 2 3 3 2372 2373 2437 1637
3935 4 2 3 3 2059 1837 1594 1219
3936 4 2 3 3 2344 2553 2343 1943
3937 4 2 3 3 1658 1647 1657 1908
3938 4 2 3 3 1079 2701 2492 1094
3939 4 2 3 3 2329 2613 2227 2620
3940 4 2 3 3 1067 1068 1066 2658
3941 4 2 3 3 2070 1848 2062 2068
3942 4 2 3 3 2612 2623 1143 1513
3943 4 2 3 3 1885 1204 1805 516
3944 4 2 3 3 2334 2607 2032 2593
3945 4 2 3 3 1487 1500 2501 2592
3946 4 2 3 3 1653 1642 30 1645
3947 4 2 3 3 1923 1926 2218 1922
3948 4 2 3 3 2671 2713 689 678
3949 4 2 3 3 2673 1070 1081 2677
3950 4 2 3 3 1795 1302 1788 1798
3951 4 2 3 3 1574 1575 1328 1524
3952 4 2 3 3 2070 2069 2062 2076
3953 4 2 3 3 1146 2310 2603 2205
3954 4 2 3 3 2618 2230 1251 2204
3955 4 2 3 3 1141 1929 2556 1916
3956 4 2 3 3 2069 2068 2062 1529
3957 4 2 3 3 1679 1613 1678 1306
3958 4 2 3 3 2060 1213 2056 2062
3959 4 2 3 3 36 81 80 2430
3960 4 2 3 3 1502 2323 1501 1313
3961 4 2 3 3 2056 1227 2062 1208
3962 4 2 3 3 2046 760 2050 759
3963 4 2 3 3 1995 1442 1996 1999
3964 4 2 3 3 2039 188 2029 187
3965 4 2 3 3 608 2552 1508 1925
3966 4 2 3 3 1147 2482 1242 2481
3967 4 2 3 3 2671 2670 2667 2270
3968 4 2 3 3 867 2367 864 910
3969 4 2 3 3 2389 2381 2392 2390
3970 4 2 3 3 2531 2277 2534 1954
3971 4 2 3 3 2197 2207 2204 2369
3972 4 2 3 3 2165 1808 2259 1166
3973 4 2 3 3 1159 2174 2173 2708
3974 4 2 3 3 1655 2342 2341 2184
3975 4 2 3 3 2403 2036 2358 2698
3976 4 2 3 3 2061 2060 2062 1213
3977 4 2 3 3 2060 2056 2055 2062
3978 4 2 3 3 1531 2103 2097 2095
3979 4 2 3 3 2221 2220 1931 2391
3980 4 2 3 3 972 796 2336 995
3981 4 2 3 3 891 2606 897 2029
3982 4 2 3 3 1840 1841 1661 1659
3983 4 2 3 3 2004 2003 1947 1946
3984 4 2 3 3 2108 2115 1963 2096
3985 4 2 3 3 2126 2136 176 764
3986 4 2 3 3 1055 2690 2653 2588
3987 4 2 3 3 2510 2406 2230 2545
3988 4 2 3 3 1358 2246 2610 2250
3989 4 2 3 3 222 223 2492 2508
3990 4 2 3 3 2598 1327 2391 1930
3991 4 2 3 3 1414 1834 2087 2097
3992 4 2 3 3 1448 1475 1473 2511
3993 4 2 3 3 2168 2166 1887 2152
3994 4 2 3 3 848 80 2527 2320
3995 4 2 3 3 2249 2244 2215 2248
3996 4 2 3 3 32 1906 31 1476
3997 4 2 3 3 34 2211 2526 2318
3998 4 2 3 3 1360 1928 1927 1926
3999 4 2 3 3 1753 1589 1469 1447
4000 4 2 3 3 2614 983 2231 800
4001 4 2 3 3 1834 2087 2096 1832
4002 4 2 3 3 2525 2320 2524 2435
4003 4 2 3 3 2081 2087 2086 2095
4004 4 2 3 3 1823 1749 1822 2086
4005 4 2 3 3 1926 1923 1942 1908
4006 4 2 3 3 2364 2462 2457 2177
4007 4 2 3 3 2541 2624 2623 2621
4008 4 2 3 3 1437 291 321 1484
4009 4 2 3 3 1812 1811 1568 2259
4010 4 2 3 3 1467 2462 680 677
4011 4 2 3 3 1314 2322 1510 1511
4012 4 2 3 3 2322 1194 1420 2315
4013 4 2 3 3 2673 2677 2685 2674
4014 4 2 3 3 2603 2561 2685 1921
4015 4 2 3 3 2116 1749 1823 2086
4016 4 2 3 3 2127 2505 2140 2139
4017 4 2 3 3 882 2363 966 989
4018 4 2 3 3 2585 2305 1241 2480
4019 4 2 3 3 2297 2277 2489 2447
4020 4 2 3 3 1358 2252 2217 2250
4021 4 2 3 3 2192 2155 2668 2689
4022 4 2 3 3 1369 2115 1718 2117
4023 4 2 3 3 2530 2488 2538 2539
4024 4 2 3 3 1620 1607 1179 1164
4025 4 2 3 3 2396 218 2392 2379
4026 4 2 3 3 1672 2382 2381 2380
4027 4 2 3 3 1877 1876 2303 1875
4028 4 2 3 3 2100 2086 2096 2117
4029 4 2 3 3 1206 580 522 579
4030 4 2 3 3 1400 1398 535 1229
4031 4 2 3 3 222 987 2491 964
4032 4 2 3 3 1174 507 1199 506
4033 4 2 3 3 2475 2487 2277 2483
4034 4 2 3 3 1951 1425 2569 1311
4035 4 2 3 3 2671 1248 678 677
4036 4 2 3 3 1803 1804 1810 1802
4037 4 2 3 3 1256 454 1956 613
4038 4 2 3 3 317 254 1428 1417
4039 4 2 3 3 1680 1683 1614 1198
4040 4 2 3 3 2243 2317 2316 1353
4041 4 2 3 3 1256 1259 1244 1956
4042 4 2 3 3 708 684 687 1259
4043 4 2 3 3 1478 1324 1307 1701
4044 4 2 3 3 2422 1876 2302 1875
4045 4 2 3 3 81 928 844 82
4046 4 2 3 3 2032 2334 2335 2041
4047 4 2 3 3 1966 1724 1721 1722
4048 4 2 3 3 1563 1804 1559 1385
4049 4 2 3 3 1402 1724 1721 1966
4050 4 2 3 3 1458 255 326 39
4051 4 2 3 3 1221 2290 1144 2185
4052 4 2 3 3 1335 2704 2282 2284
4053 4 2 3 3 2593 2032 2335 2041
4054 4 2 3 3 972 2336 973 995
4055 4 2 3 3 2159 2158 2596 2208
4056 4 2 3 3 1575 1326 1168 1187
4057 4 2 3 3 1918 1349 1936 1924
4058 4 2 3 3 575 1218 1488 619
4059 4 2 3 3 2232 2223 1867 2216
4060 4 2 3 3 1663 2186 1842 2183
4061 4 2 3 3 1070 2673 1081 1080
4062 4 2 3 3 345 256 318 1476
4063 4 2 3 3 2440 2529 2599 2601
4064 4 2 3 3 2383 1925 2567 2566
4065 4 2 3 3 640 604 1158 1262
4066 4 2 3 3 2477 2298 1298 2303
4067 4 2 3 3 2331 2617 2626 2227
4068 4 2 3 3 2477 2299 1298 1878
4069 4 2 3 3 2537 1957 2535 2533
4070 4 2 3 3 112 9 698 661
4071 4 2 3 3 2593 2334 2335 2032
4072 4 2 3 3 2442 1869 2570 2448
4073 4 2 3 3 1244 1259 1431 1956
4074 4 2 3 3 708 1261 685 2628
4075 4 2 3 3 671 705 1256 687
4076 4 2 3 3 1358 2246 2252 2612
4077 4 2 3 3 2169 2155 2689 2173
4078 4 2 3 3 2377 861 859 860
4079 4 2 3 3 2410 2547 1252 1242
4080 4 2 3 3 1147 1242 2490 1252
4081 4 2 3 3 2387 2385 1253 2313
4082 4 2 3 3 2673 2684 1081 1080
4083 4 2 3 3 2003 2004 2018 2002
4084 4 2 3 3 1492 2178 2685 2561
4085 4 2 3 3 1358 2246 2217 2252
4086 4 2 3 3 1023 2125 1052 1040
4087 4 2 3 3 2486 925 2572 2449
4088 4 2 3 3 2582 2583 1241 2305
4089 4 2 3 3 1364 1382 2108 1626
4090 4 2 3 3 2240 1261 1513 1143
4091 4 2 3 3 252 321 1484 1483
4092 4 2 3 3 1805 1804 1558 1803
4093 4 2 3 3 682 1639 2347 2314
4094 4 2 3 3 232 1096 2687 2686
4095 4 2 3 3 1158 640 580 579
4096 4 2 3 3 675 674 673 1236
4097 4 2 3 3 1436 2584 2307 2306
4098 4 2 3 3 1929 2552 694 693
4099 4 2 3 3 2189 2190 2561 2205
4100 4 2 3 3 2312 1943 1942 2566
4101 4 2 3 3 2388 2386 2392 218
4102 4 2 3 3 2562 2563 2379 217
4103 4 2 3 3 2190 2191 2189 2346
4104 4 2 3 3 708 1261 684 1259
4105 4 2 3 3 1433 2247 2329 2612
4106 4 2 3 3 2328 2509 2621 2326
4107 4 2 3 3 1467 2462 2461 2457
4108 4 2 3 3 2444 2488 2443 2530
4109 4 2 3 3 2385 1508 2384 2250
4110 4 2 3 3 2222 2252 2217 2251
4111 4 2 3 3 1089 2657 2690 2656
4112 4 2 3 3 223 2532 2533 2536
4113 4 2 3 3 2343 1943 1942 1350
4114 4 2 3 3 2311 2399 1251 2204
4115 4 2 3 3 464 1808 650 1247
4116 4 2 3 3 2293 1950 2697 2696
4117 4 2 3 3 2108 1965 1787 1963
4118 4 2 3 3 763 771 765 2648
4119 4 2 3 3 1823 2109 2119 1822
4120 4 2 3 3 211 1026 2121 210
4121 4 2 3 3 1823 2112 2119 2109
4122 4 2 3 3 1415 1862 2008 1860
4123 4 2 3 3 2100 1823 2119 2086
4124 4 2 3 3 781 782 380 447
4125 4 2 3 3 418 1532 102 101
4126 4 2 3 3 2115 1364 2108 1965
4127 4 2 3 3 247 1698 62 310
4128 4 2 3 3 2100 1823 1963 2096
4129 4 2 3 3 1322 1183 1789 1352
4130 4 2 3 3 2235 2234 1515 2315
4131 4 2 3 3 1718 1531 1766 2117
4132 4 2 3 3 2650 394 2643 2645
4133 4 2 3 3 76 428 877 962
4134 4 2 3 3 2680 2616 2619 2678
4135 4 2 3 3 408 407 2130 2515
4136 4 2 3 3 685 1261 1520 2628
4137 4 2 3 3 2279 2605 2307 1898
4138 4 2 3 3 2712 1492 2196 2193
4139 4 2 3 3 234 2292 24 2402
4140 4 2 3 3 408 2519 2130 407
4141 4 2 3 3 1248 1468 677 2462
4142 4 2 3 3 1879 2189 1843 2346
4143 4 2 3 3 1357 2244 2610 2611
4144 4 2 3 3 176 2133 2643 2642
4145 4 2 3 3 2312 1943 2567 2555
4146 4 2 3 3 1939 1931 1941 2555
4147 4 2 3 3 2521 2549 2602 1919
4148 4 2 3 3 1673 1934 2393 1932
4149 4 2 3 3 1235 1163 600 533
4150 4 2 3 3 2013 1217 1231 139
4151 4 2 3 3 2159 2596 2209 2208
4152 4 2 3 3 2466 2660 2364 2175
4153 4 2 3 3 2370 212 2697 24
4154 4 2 3 3 2356 2365 232 797
4155 4 2 3 3 1502 2323 2322 1501
4156 4 2 3 3 433 367 2643 416
4157 4 2 3 3 2519 433 2643 417
4158 4 2 3 3 2144 2640 2642 2641
4159 4 2 3 3 2542 2331 2544 2626
4160 4 2 3 3 156 155 657 715
4161 4 2 3 3 2145 2645 2644 2641
4162 4 2 3 3 1327 2382 2390 2391
4163 4 2 3 3 21 1015 177 1013
4164 4 2 3 3 934 2431 845 842
4165 4 2 3 3 2137 2145 2644 2641
4166 4 2 3 3 2067 1737 2078 1813
4167 4 2 3 3 2122 2144 2132 2128
4168 4 2 3 3 2650 2649 2142 2641
4169 4 2 3 3 365 385 207 208
4170 4 2 3 3 1181 1191 482 479
4171 4 2 3 3 374 18 97 96
4172 4 2 3 3 1852 1555 1551 1554
4173 4 2 3 3 659 1260 625 1240
4174 4 2 3 3 190 774 776 20
4175 4 2 3 3 1917 2342 2346 2186
4176 4 2 3 3 441 785 791 793
4177 4 2 3 3 1034 1045 2128 1032
4178 4 2 3 3 2268 2269 2152 2166
4179 4 2 3 3 2487 224 2531 2534
4180 4 2 3 3 1598 300 1596 255
4181 4 2 3 3 1011 2122 1010 2132
4182 4 2 3 3 1737 1412 1813 1857
4183 4 2 3 3 2165 1401 1568 2163
4184 4 2 3 3 1947 1840 1997 1946
4185 4 2 3 3 1412 1528 1813 1857
4186 4 2 3 3 1983 1367 1377 1977
4187 4 2 3 3 598 530 602 1285
4188 4 2 3 3 1705 1332 1320 1701
4189 4 2 3 3 1294 1199 1318 1297
4190 4 2 3 3 1686 1683 1681 1682
4191 4 2 3 3 1594 1999 1219 1580
4192 4 2 3 3 476 473 1378 603
4193 4 2 3 3 1917 2345 2346 2342
4194 4 2 3 3 200 802 940 372
4195 4 2 3 3 2169 2168 2152 2166
4196 4 2 3 3 2415 2413 2412 2368
4197 4 2 3 3 33 32 319 1634
4198 4 2 3 3 862 2411 860 861
4199 4 2 3 3 2146 2505 1018 2139
4200 4 2 3 3 1565 1400 1561 1562
4201 4 2 3 3 1392 1551 633 536
4202 4 2 3 3 1871 1873 1496 39
4203 4 2 3 3 1793 1773 65 64
4204 4 2 3 3 1674 1675 1692 1688
4205 4 2 3 3 233 2354 2358 2357
4206 4 2 3 3 18 99 98 1625
4207 4 2 3 3 287 1435 1483 1482
4208 4 2 3 3 1368 1836 1528 1813
4209 4 2 3 3 1246 704 668 702
4210 4 2 3 3 2354 2355 2358 2357
4211 4 2 3 3 2016 2289 2352 2260
4212 4 2 3 3 1215 619 468 577
4213 4 2 3 3 258 1642 1640 1548
4214 4 2 3 3 705 124 614 703
4215 4 2 3 3 2258 1863 1846 1864
4216 4 2 3 3 122 123 611 671
4217 4 2 3 3 2165 2361 1887 2163
4218 4 2 3 3 1238 626 1284 1222
4219 4 2 3 3 2152 1801 1887 2458
4220 4 2 3 3 344 1497 1810 1802
4221 4 2 3 3 1863 1443 2011 2261
4222 4 2 3 3 2260 2352 1864 1416
4223 4 2 3 3 1264 1289 1153 1623
4224 4 2 3 3 1847 2164 2360 1568
4225 4 2 3 3 585 1268 471 626
4226 4 2 3 3 2170 2177 2668 2173
4227 4 2 3 3 2659 2171 2691 2707
4228 4 2 3 3 1267 1761 1767 1744
4229 4 2 3 3 746 1289 1286 731
4230 4 2 3 3 1163 601 600 533
4231 4 2 3 3 499 1305 497 498
4232 4 2 3 3 2420 2605 2708 2707
4233 4 2 3 3 18 98 449 97
4234 4 2 3 3 417 432 2643 2513
4235 4 2 3 3 2495 1036 204 205
4236 4 2 3 3 1749 1979 94 95
4237 4 2 3 3 1762 1980 1990 1979
4238 4 2 3 3 2006 1949 2007 2337
4239 4 2 3 3 2352 2351 1416 2260
4240 4 2 3 3 1564 1556 1859 1539
4241 4 2 3 3 1846 1862 1845 1864
4242 4 2 3 3 539 1225 1550 1231
4243 4 2 3 3 1801 2152 1897 2458
4244 4 2 3 3 1071 1070 2672 1068
4245 4 2 3 3 1470 1469 1472 1471
4246 4 2 3 3 396 772 767 424
4247 4 2 3 3 91 421 789 2121
4248 4 2 3 3 442 191 969 378
4249 4 2 3 3 1100 230 2467 229
4250 4 2 3 3 2122 177 1010 2132
4251 4 2 3 3 1571 1572 1612 1789
4252 4 2 3 3 2145 2645 184 2140
4253 4 2 3 3 2169 2170 2668 2173
4254 4 2 3 3 307 2323 250 316
4255 4 2 3 3 1931 2521 2391 1930
4256 4 2 3 3 2331 2617 2229 2626
4257 4 2 3 3 1600 2295 2270 2667
4258 4 2 3 3 2345 1655 2342 2344
4259 4 2 3 3 1064 2682 1063 1062
4260 4 2 3 3 1663 2340 2336 1842
4261 4 2 3 3 2616 2678 1097 2619
4262 4 2 3 3 222 2508 2492 2615
4263 4 2 3 3 1251 2311 2204 2226
4264 4 2 3 3 1916 1141 1638 2556
4265 4 2 3 3 2552 1929 1258 1636
4266 4 2 3 3 2338 2340 1842 2335
4267 4 2 3 3 1159 2364 2177 2173
4268 4 2 3 3 1905 1345 2183 2184
4269 4 2 3 3 1491 2187 1843 2194
4270 4 2 3 3 1349 1910 1646 588
4271 4 2 3 3 2165 2164 1166 2259
4272 4 2 3 3 2667 1257 2666 2291
4273 4 2 3 3 1642 1643 1645 1653
4274 4 2 3 3 2712 2711 2030 2370
4275 4 2 3 3 1193 1183 494 495
4276 4 2 3 3 2288 2290 2185 2007
4277 4 2 3 3 197 2651 405 2514
4278 4 2 3 3 2290 1491 2194 2187
4279 4 2 3 3 409 433 2519 417
4280 4 2 3 3 1829 1708 1540 1828
4281 4 2 3 3 2159 2367 30 75
4282 4 2 3 3 2257 1863 1864 2008
4283 4 2 3 3 1665 1917 1941 1351
4284 4 2 3 3 2602 2557 1941 1920
4285 4 2 3 3 1146 2398 2558 2206
4286 4 2 3 3 406 405 2515 403
4287 4 2 3 3 2308 2398 1146 2206
4288 4 2 3 3 2312 1928 1943 2555
4289 4 2 3 3 22 178 793 791
4290 4 2 3 3 762 1027 768 2120
4291 4 2 3 3 1556 346 278 279
4292 4 2 3 3 1567 1566 1811 1398
4293 4 2 3 3 1534 1608 1209 1486
4294 4 2 3 3 1331 1704 1700 1297
4295 4 2 3 3 366 395 952 887
4296 4 2 3 3 937 849 846 2430
4297 4 2 3 3 1059 2681 1078 1100
4298 4 2 3 3 1311 1293 1310 1595
4299 4 2 3 3 1951 1315 2569 1425
4300 4 2 3 3 2398 2387 2313 2308
4301 4 2 3 3 1452 1575 1451 1373
4302 4 2 3 3 1961 1736 1798 1734
4303 4 2 3 3 1146 2207 2205 2558
4304 4 2 3 3 1539 1860 1591 1590
4305 4 2 3 3 1496 255 39 40
4306 4 2 3 3 1012 1011 1010 2132
4307 4 2 3 3 1312 1423 1602 1601
4308 4 2 3 3 302 1610 303 311
4309 4 2 3 3 1605 1321 1320 1307
4310 4 2 3 3 2307 2279 2481 1868
4311 4 2 3 3 313 308 314 1573
4312 4 2 3 3 1425 1511 1419 1420
4313 4 2 3 3 58 1686 1690 1613
4314 4 2 3 3 1370 1679 1613 1678
4315 4 2 3 3 1731 1558 1394 1853
4316 4 2 3 3 180 22 211 783
4317 4 2 3 3 2068 1819 2073 2053
4318 4 2 3 3 1047 23 182 790
4319 4 2 3 3 2705 2673 2685 2674
4320 4 2 3 3 492 1194 1188 524
4321 4 2 3 3 1654 1643 1223 1904
4322 4 2 3 3 2188 2187 2346 1144
4323 4 2 3 3 2247 2223 2245 2216
4324 4 2 3 3 2628 2387 1509 1253
4325 4 2 3 3 1936 1918 1935 1474
4326 4 2 3 3 1671 2214 2248 2215
4327 4 2 3 3 1904 1652 1903 1902
4328 4 2 3 3 2159 970 2209 867
4329 4 2 3 3 1192 1968 1756 1967
4330 4 2 3 3 1890 1891 1439 1886
4331 4 2 3 3 900 2231 800 898
4332 4 2 3 3 2486 2636 2425 1465
4333 4 2 3 3 91 90 376 780
4334 4 2 3 3 2211 2214 2248 2380
4335 4 2 3 3 2246 2245 2610 2248
4336 4 2 3 3 2074 2052 13 2085
4337 4 2 3 3 1058 2694 2652 2700
4338 4 2 3 3 2537 1957 2533 2544
4339 4 2 3 3 2444 647 2445 613
4340 4 2 3 3 807 818 819 2255
4341 4 2 3 3 372 802 413 414
4342 4 2 3 3 1499 1521 1485 1486
4343 4 2 3 3 2679 2661 2710 2652
4344 4 2 3 3 2499 835 2425 834
4345 4 2 3 3 1148 2422 1387 1892
4346 4 2 3 3 2703 2694 2700 2228
4347 4 2 3 3 1879 2340 1842 2338
4348 4 2 3 3 1326 1454 1473 2511
4349 4 2 3 3 2122 2123 2133 2131
4350 4 2 3 3 2376 2373 2394 1637
4351 4 2 3 3 1911 2597 1909 1910
4352 4 2 3 3 2648 763 2647 429
4353 4 2 3 3 982 939 899 2254
4354 4 2 3 3 405 2651 2515 2514
4355 4 2 3 3 2704 2703 2709 2228
4356 4 2 3 3 2323 1503 2322 1501
4357 4 2 3 3 1573 1574 1524 1569
4358 4 2 3 3 2609 2241 2621 2238
4359 4 2 3 3 2329 2247 2238 2328
4360 4 2 3 3 2148 46 45 88
4361 4 2 3 3 1556 279 253 1541
4362 4 2 3 3 1058 1076 1087 2652
4363 4 2 3 3 2025 2024 2033 2020
4364 4 2 3 3 2706 1091 228 2605
4365 4 2 3 3 63 310 1700 251
4366 4 2 3 3 198 199 812 415
4367 4 2 3 3 1294 1292 1598 1479
4368 4 2 3 3 2246 2245 2238 2239
4369 4 2 3 3 1533 1609 1383 288
4370 4 2 3 3 1512 2429 2528 2434
4371 4 2 3 3 915 2377 77 858
4372 4 2 3 3 101 1694 62 61
4373 4 2 3 3 2241 2328 2621 2238
4374 4 2 3 3 1847 2258 2164 2259
4375 4 2 3 3 828 1895 2591 2589
4376 4 2 3 3 2499 836 833 84
4377 4 2 3 3 782 426 447 778
4378 4 2 3 3 177 185 1010 2132
4379 4 2 3 3 1521 1171 1199 1209
4380 4 2 3 3 683 686 1242 1263
4381 4 2 3 3 2191 2188 2187 2346
4382 4 2 3 3 2243 1169 2239 2611
4383 4 2 3 3 2245 2246 2610 2239
4384 4 2 3 3 2407 2284 2481 2490
4385 4 2 3 3 2225 2222 2226 2308
4386 4 2 3 3 751 717 1164 733
4387 4 2 3 3 1629 1382 1330 1364
4388 4 2 3 3 561 540 1605 644
4389 4 2 3 3 1388 564 569 504
4390 4 2 3 3 37 1512 36 1510
4391 4 2 3 3 1543 1555 1559 1385
4392 4 2 3 3 200 802 372 414
4393 4 2 3 3 2488 2538 1956 1431
4394 4 2 3 3 2244 1357 2215 1354
4395 4 2 3 3 2211 2212 2216 1355
4396 4 2 3 3 1620 1607 1286 1624
4397 4 2 3 3 1586 1470 1472 1471
4398 4 2 3 3 735 1278 1277 1767
4399 4 2 3 3 2223 2247 1867 2216
4400 4 2 3 3 1822 1824 2119 2086
4401 4 2 3 3 2083 1819 2073 1836
4402 4 2 3 3 584 1268 1744 1267
4403 4 2 3 3 552 521 551 1614
4404 4 2 3 3 1764 1980 1765 1975
4405 4 2 3 3 1578 1348 1669 1634
4406 4 2 3 3 1278 728 1767 735
4407 4 2 3 3 2219 2384 2383 2249
4408 4 2 3 3 2433 963 2324 2599
4409 4 2 3 3 1358 2246 2250 2217
4410 4 2 3 3 2266 2167 1229 1888
4411 4 2 3 3 1400 535 1230 1229
4412 4 2 3 3 493 1420 1200 1352
4413 4 2 3 3 2704 1335 2282 2703
4414 4 2 3 3 2164 1847 2359 1864
4415 4 2 3 3 1829 1708 1828 2063
4416 4 2 3 3 517 542 513 1385
4417 4 2 3 3 389 387 420 2496
4418 4 2 3 3 729 2717 1265 2114
4419 4 2 3 3 2351 2268 2260 2262
4420 4 2 3 3 1269 1270 723 1265
4421 4 2 3 3 1234 548 546 1233
4422 4 2 3 3 320 44 43 1802
4423 4 2 3 3 694 608 118 622
4424 4 2 3 3 1641 1640 1546 1547
4425 4 2 3 3 2243 2244 524 2611
4426 4 2 3 3 465 696 604 1262
4427 4 2 3 3 2365 2361 2162 2161
4428 4 2 3 3 541 1808 1166 1229
4429 4 2 3 3 1786 1793 64 1780
4430 4 2 3 3 945 2463 944 1000
4431 4 2 3 3 1881 43 1802 1497
4432 4 2 3 3 691 1257 1998 1240
4433 4 2 3 3 1145 1257 2665 2666
4434 4 2 3 3 1207 1216 1222 467
4435 4 2 3 3 2054 1848 2063 1833
4436 4 2 3 3 2263 1861 1864 1845
4437 4 2 3 3 279 1556 1560 1541
4438 4 2 3 3 1664 2191 2346 2188
4439 4 2 3 3 2350 2264 2271 1866
4440 4 2 3 3 212 2339 2697 2293
4441 4 2 3 3 1715 1270 1165 1714
4442 4 2 3 3 1305 496 1193 1505
4443 4 2 3 3 2351 2026 2401 2273
4444 4 2 3 3 1150 1973 1266 1974
4445 4 2 3 3 2026 2695 2402 2354
4446 4 2 3 3 1696 1332 1702 1308
4447 4 2 3 3 584 461 1267 637
4448 4 2 3 3 234 794 2292 2273
4449 4 2 3 3 1324 1633 1702 1308
4450 4 2 3 3 2654 2370 2697 24
4451 4 2 3 3 1187 483 1197 1186
4452 4 2 3 3 1179 1620 1286 1178
4453 4 2 3 3 1793 1773 64 1780
4454 4 2 3 3 2698 2403 2697 2696
4455 4 2 3 3 1161 1961 1794 1960
4456 4 2 3 3 2332 2331 2710 2282
4457 4 2 3 3 1280 1201 1677 1156
4458 4 2 3 3 1783 1785 1389 1407
4459 4 2 3 3 1181 1585 1191 479
4460 4 2 3 3 136 638 137 2057
4461 4 2 3 3 2509 2328 2283 1955
4462 4 2 3 3 575 1218 619 468
4463 4 2 3 3 2328 2509 2283 2623
4464 4 2 3 3 2328 2329 2283 1955
4465 4 2 3 3 2329 2328 2283 2623
4466 4 2 3 3 2717 729 726 723
4467 4 2 3 3 1270 1152 1715 1165
4468 4 2 3 3 2695 2352 2351 2401
4469 4 2 3 3 1260 1248 1166 1247
4470 4 2 3 3 2198 2191 2195 2193
4471 4 2 3 3 1467 2462 2457 2450
4472 4 2 3 3 2352 2005 2350 2401
4473 4 2 3 3 2617 2225 2251 2229
4474 4 2 3 3 2311 2310 2226 2308
4475 4 2 3 3 1949 2181 2293 2339
4476 4 2 3 3 1507 2525 2524 2435
4477 4 2 3 3 1651 1652 1650 1902
4478 4 2 3 3 539 1400 1230 1231
4479 4 2 3 3 2181 1949 2293 2285
4480 4 2 3 3 11 2082 2089 2090
4481 4 2 3 3 1907 1349 1918 1924
4482 4 2 3 3 1749 1762 52 1746
4483 4 2 3 3 630 585 1740 584
4484 4 2 3 3 1940 1915 1908 1350
4485 4 2 3 3 783 780 2121 786
4486 4 2 3 3 2067 2061 1341 1856
4487 4 2 3 3 1375 1759 1757 1743
4488 4 2 3 3 518 582 1376 568
4489 4 2 3 3 716 1238 1279 743
4490 4 2 3 3 794 2273 2271 2292
4491 4 2 3 3 737 1238 744 1284
4492 4 2 3 3 1356 1357 2218 1635
4493 4 2 3 3 2628 685 688 1509
4494 4 2 3 3 1643 1223 1342 1646
4495 4 2 3 3 1923 1348 1669 2218
4496 4 2 3 3 1448 1325 1475 1472
4497 4 2 3 3 2553 1141 1167 2567
4498 4 2 3 3 1587 1751 1343 1858
4499 4 2 3 3 1662 1344 1657 1648
4500 4 2 3 3 1949 2286 2293 2285
4501 4 2 3 3 1258 2385 1508 1636
4502 4 2 3 3 117 672 458 116
4503 4 2 3 3 2155 2169 2668 2173
4504 4 2 3 3 2703 2704 2284 1868
4505 4 2 3 3 598 1224 1285 637
4506 4 2 3 3 1379 1739 1743 1827
4507 4 2 3 3 1553 1708 1726 1557
4508 4 2 3 3 1826 1827 2079 2098
4509 4 2 3 3 1257 1592 1998 1240
4510 4 2 3 3 1949 2695 2293 2286
4511 4 2 3 3 1578 1354 1667 1524
4512 4 2 3 3 757 740 654 1266
4513 4 2 3 3 1750 1858 1857 1341
4514 4 2 3 3 1967 1968 1756 1754
4515 4 2 3 3 1238 573 623 660
4516 4 2 3 3 748 750 714 1268
4517 4 2 3 3 2057 638 137 450
4518 4 2 3 3 1894 2306 2480 2479
4519 4 2 3 3 674 452 599 129
4520 4 2 3 3 41 2575 2577 84
4521 4 2 3 3 1459 41 1875 1461
4522 4 2 3 3 2171 2706 2707 2605
4523 4 2 3 3 346 279 1560 332
4524 4 2 3 3 2421 2498 2636 1465
4525 4 2 3 3 2305 2306 2304 2479
4526 4 2 3 3 2343 1915 1943 1350
4527 4 2 3 3 1942 1943 1908 1350
4528 4 2 3 3 1503 2323 2322 2315
4529 4 2 3 3 2462 1467 680 2450
4530 4 2 3 3 1353 2236 2315 2316
4531 4 2 3 3 685 708 2628 684
4532 4 2 3 3 708 671 1256 687
4533 4 2 3 3 1194 2236 2315 1353
4534 4 2 3 3 2191 1664 2346 2190
4535 4 2 3 3 2322 1194 2315 1353
4536 4 2 3 3 1353 2323 2316 2315
4537 4 2 3 3 1880 1498 1899 2633
4538 4 2 3 3 1259 2538 1431 1956
4539 4 2 3 3 1356 1359 1635 2218
4540 4 2 3 3 1166 659 1220 1240
4541 4 2 3 3 114 113 668 462
4542 4 2 3 3 1377 1676 1677 1372
4543 4 2 3 3 2322 2323 1353 2315
4544 4 2 3 3 1693 1989 1987 1986
4545 4 2 3 3 1740 664 1739 467
4546 4 2 3 3 1179 1178 1286 1287
4547 4 2 3 3 2067 1737 1813 1857
4548 4 2 3 3 1531 1718 1747 1767
4549 4 2 3 3 736 741 1267 753
4550 4 2 3 3 2092 1414 1396 1834
4551 4 2 3 3 2247 2241 2238 2328
4552 4 2 3 3 100 101 1628 1625
4553 4 2 3 3 1161 1301 1407 1776
4554 4 2 3 3 1058 2694 1076 2652
4555 4 2 3 3 2241 2246 2238 2239
4556 4 2 3 3 1751 1742 1343 1374
4557 4 2 3 3 963 964 2324 2599
4558 4 2 3 3 630 664 1740 585
4559 4 2 3 3 1366 1978 1765 1766
4560 4 2 3 3 1282 738 722 743
4561 4 2 3 3 1430 1514 2600 2434
4562 4 2 3 3 629 453 1287 745
4563 4 2 3 3 2442 2634 2601 1430
4564 4 2 3 3 1364 1304 2108 1965
4565 4 2 3 3 739 1276 1767 1974
4566 4 2 3 3 2438 1430 2434 1953
4567 4 2 3 3 2428 2432 2434 2438
4568 4 2 3 3 879 999 85 434
4569 4 2 3 3 2651 1032 1050 1019
4570 4 2 3 3 2160 2045 2337 2285
4571 4 2 3 3 2160 2334 2337 2045
4572 4 2 3 3 2124 2125 2120 2647
4573 4 2 3 3 2189 1492 2561 1879
4574 4 2 3 3 861 2411 860 2377
4575 4 2 3 3 1489 2342 2183 2186
4576 4 2 3 3 422 190 2120 768
4577 4 2 3 3 1491 2185 2007 1843
4578 4 2 3 3 912 796 995 2336
4579 4 2 3 3 1879 2340 2338 2348
4580 4 2 3 3 1016 1046 1034 2129
4581 4 2 3 3 2209 970 911 867
4582 4 2 3 3 2339 213 2348 2338
4583 4 2 3 3 212 213 2339 2181
4584 4 2 3 3 280 279 1541 253
4585 4 2 3 3 834 2499 833 2503
4586 4 2 3 3 213 2340 2348 2338
4587 4 2 3 3 1881 1806 1802 43
4588 4 2 3 3 779 2147 2140 778
4589 4 2 3 3 2334 2607 2593 1444
4590 4 2 3 3 385 2494 2493 2504
4591 4 2 3 3 2189 2712 1879 2348
4592 4 2 3 3 2189 2187 2712 2348
4593 4 2 3 3 2039 1866 2272 2271
4594 4 2 3 3 426 782 447 370
4595 4 2 3 3 2145 2137 2644 2140
4596 4 2 3 3 2360 2042 2163 2359
4597 4 2 3 3 2561 1492 2712 1879
4598 4 2 3 3 2339 1950 2697 2293
4599 4 2 3 3 862 2371 2413 2368
4600 4 2 3 3 888 2637 2349 808
4601 4 2 3 3 2164 2360 2163 2359
4602 4 2 3 3 2396 219 2395 2619
4603 4 2 3 3 2433 938 963 2599
4604 4 2 3 3 1564 45 327 263
4605 4 2 3 3 570 1171 580 1210
4606 4 2 3 3 2518 1043 2128 1019
4607 4 2 3 3 2267 2353 2359 2271
4608 4 2 3 3 832 932 2503 833
4609 4 2 3 3 254 1597 1427 326
4610 4 2 3 3 2378 217 798 974
4611 4 2 3 3 862 2411 861 2371
4612 4 2 3 3 2334 2593 2335 1549
4613 4 2 3 3 395 804 952 1006
4614 4 2 3 3 2683 2715 2712 2370
4615 4 2 3 3 2223 2247 2329 2613
4616 4 2 3 3 2714 2712 2370 2711
4617 4 2 3 3 1915 2343 1658 1350
4618 4 2 3 3 893 1003 2502 965
4619 4 2 3 3 1327 2220 2382 2391
4620 4 2 3 3 2684 1081 1080 1083
4621 4 2 3 3 2714 2715 2370 2712
4622 4 2 3 3 188 189 2272 2045
4623 4 2 3 3 1950 2339 2697 2348
4624 4 2 3 3 2339 212 2697 2348
4625 4 2 3 3 1937 2411 2371 1944
4626 4 2 3 3 410 2519 2518 414
4627 4 2 3 3 2378 2521 2390 1933
4628 4 2 3 3 2127 1014 1039 1047
4629 4 2 3 3 2037 2148 819 820
4630 4 2 3 3 2048 2639 2033 5
4631 4 2 3 3 179 16 810 788
4632 4 2 3 3 2148 2149 2263 2157
4633 4 2 3 3 970 892 890 2606
4634 4 2 3 3 1939 1940 1930 1931
4635 4 2 3 3 867 2209 2415 910
4636 4 2 3 3 2564 2393 2392 2379
4637 4 2 3 3 2410 1467 680 1242
4638 4 2 3 3 45 88 87 2150
4639 4 2 3 3 365 999 943 434
4640 4 2 3 3 1016 1012 2141 2132
4641 4 2 3 3 576 659 625 1240
4642 4 2 3 3 1555 1563 1562 1561
4643 4 2 3 3 398 377 2648 397
4644 4 2 3 3 2362 2363 2589 1800
4645 4 2 3 3 2715 1088 2370 2654
4646 4 2 3 3 233 234 2358 2354
4647 4 2 3 3 2136 177 764 2123
4648 4 2 3 3 422 191 398 2120
4649 4 2 3 3 2403 2036 2698 2654
4650 4 2 3 3 176 177 2133 1009
4651 4 2 3 3 2715 2683 2654 2370
4652 4 2 3 3 175 18 183 2643
4653 4 2 3 3 2570 2431 842 82
4654 4 2 3 3 2527 2528 2434 2324
4655 4 2 3 3 1533 289 1383 1482
4656 4 2 3 3 2232 2525 2324 2523
4657 4 2 3 3 958 2280 1002 2296
4658 4 2 3 3 2084 1535 1540 1835
4659 4 2 3 3 428 805 962 368
4660 4 2 3 3 2698 1950 2697 2030
4661 4 2 3 3 1409 284 283 261
4662 4 2 3 3 2036 2683 2664 2698
4663 4 2 3 3 2616 1086 2619 1097
4664 4 2 3 3 2677 2178 2685 2674
4665 4 2 3 3 2137 2127 1047 1014
4666 4 2 3 3 513 1173 511 1176
4667 4 2 3 3 2373 2374 1944 2414
4668 4 2 3 3 1487 2470 2633 2590
4669 4 2 3 3 2618 2628 2627 2545
4670 4 2 3 3 532 1228 1808 2167
4671 4 2 3 3 2639 2048 2051 2047
4672 4 2 3 3 2670 1249 2669 2668
4673 4 2 3 3 2464 2168 1897 1901
4674 4 2 3 3 1662 1663 1913 2186
4675 4 2 3 3 857 78 856 2414
4676 4 2 3 3 2332 2627 2230 2226
4677 4 2 3 3 972 816 2335 2338
4678 4 2 3 3 80 848 2430 847
4679 4 2 3 3 858 857 856 2414
4680 4 2 3 3 803 981 919 373
4681 4 2 3 3 2038 2039 2255 2157
4682 4 2 3 3 2295 2669 2195 2193
4683 4 2 3 3 2498 2421 2425 1465
4684 4 2 3 3 2164 2261 1864 2260
4685 4 2 3 3 378 876 908 909
4686 4 2 3 3 2497 2498 2577 2501
4687 4 2 3 3 2265 2360 1568 1865
4688 4 2 3 3 2025 2027 2023 2020
4689 4 2 3 3 2575 41 2577 1462
4690 4 2 3 3 2497 893 2502 965
4691 4 2 3 3 2157 2256 1866 2271
4692 4 2 3 3 824 823 2150 822
4693 4 2 3 3 1839 1660 1547 1659
4694 4 2 3 3 1918 1907 1923 1634
4695 4 2 3 3 2404 2421 2425 2502
4696 4 2 3 3 1326 2516 1474 1187
4697 4 2 3 3 923 924 2372 2436
4698 4 2 3 3 2144 2640 2641 2129
4699 4 2 3 3 2046 760 759 167
4700 4 2 3 3 1912 2375 1930 1908
4701 4 2 3 3 2321 2426 2435 854
4702 4 2 3 3 1447 1452 1373 1473
4703 4 2 3 3 2125 1037 1040 1023
4704 4 2 3 3 923 2426 854 2436
4705 4 2 3 3 2041 2606 2040 2029
4706 4 2 3 3 1454 1448 1373 1473
4707 4 2 3 3 851 80 968 848
4708 4 2 3 3 868 923 854 2436
4709 4 2 3 3 2441 2431 2448 2439
4710 4 2 3 3 924 868 2436 923
4711 4 2 3 3 2606 892 891 897
4712 4 2 3 3 2298 1874 1298 2303
4713 4 2 3 3 2305 2583 1241 2479
4714 4 2 3 3 23 2137 1047 1014
4715 4 2 3 3 2277 2298 2281 1869
4716 4 2 3 3 2142 1016 2141 2129
4717 4 2 3 3 2592 2470 2500 2501
4718 4 2 3 3 826 827 825 2362
4719 4 2 3 3 2327 1316 1953 2281
4720 4 2 3 3 2277 2297 2281 2447
4721 4 2 3 3 2298 2277 2281 2447
4722 4 2 3 3 883 994 914 2376
4723 4 2 3 3 2168 2454 2456 1901
4724 4 2 3 3 1938 1912 2416 2412
4725 4 2 3 3 191 1027 1030 2120
4726 4 2 3 3 2678 2395 1097 2619
4727 4 2 3 3 2673 1071 1080 1070
4728 4 2 3 3 2673 2202 2705 2678
4729 4 2 3 3 2166 2165 1887 2163
4730 4 2 3 3 2202 2661 2678 2672
4731 4 2 3 3 2275 2662 2405 2710
4732 4 2 3 3 1665 1879 1843 2346
4733 4 2 3 3 2549 2521 2522 1919
4734 4 2 3 3 1937 2375 32 1944
4735 4 2 3 3 2464 1880 2458 1901
4736 4 2 3 3 2168 2464 2458 1901
4737 4 2 3 3 1239 691 1998 1240
4738 4 2 3 3 1665 1662 1913 2186
4739 4 2 3 3 2268 2154 2357 2152
4740 4 2 3 3 2672 1070 1067 1068
4741 4 2 3 3 2180 2635 2458 2633
4742 4 2 3 3 2331 2626 2710 2544
4743 4 2 3 3 1168 1191 1452 1453
4744 4 2 3 3 1880 2635 2633 2458
4745 4 2 3 3 1359 1349 1936 484
4746 4 2 3 3 1167 591 590 458
4747 4 2 3 3 2463 1880 2633 2458
4748 4 2 3 3 1379 1758 1765 1746
4749 4 2 3 3 1382 1718 1989 1364
4750 4 2 3 3 1970 1972 1361 1142
4751 4 2 3 3 1882 1892 1899 2469
4752 4 2 3 3 734 739 756 1974
4753 4 2 3 3 1892 1882 2633 2469
4754 4 2 3 3 1693 1987 1985 1986
4755 4 2 3 3 1400 1846 1845 2259
4756 4 2 3 3 169 1717 106 1723
4757 4 2 3 3 1152 1715 1165 1821
4758 4 2 3 3 1389 1781 1332 1331
4759 4 2 3 3 738 1269 722 712
4760 4 2 3 3 1797 1960 1793 1798
4761 4 2 3 3 2092 2081 2087 1831
4762 4 2 3 3 1792 1959 1790 1791
4763 4 2 3 3 1959 1161 1175 1792
4764 4 2 3 3 1727 1233 1395 1735
4765 4 2 3 3 1543 1555 1853 1542
4766 4 2 3 3 979 959 2424 227
4767 4 2 3 3 1502 1312 1789 1504
4768 4 2 3 3 1611 1630 1323 1307
4769 4 2 3 3 893 2404 2425 2502
4770 4 2 3 3 1608 1174 1199 1297
4771 4 2 3 3 1487 1892 2470 2469
4772 4 2 3 3 1534 1434 1300 1608
4773 4 2 3 3 1202 1616 1615 1614
4774 4 2 3 3 1619 1324 1605 1506
4775 4 2 3 3 2517 2516 1667 1328
4776 4 2 3 3 1739 1207 1208 2076
4777 4 2 3 3 2453 2455 2305 1463
4778 4 2 3 3 2279 1466 2306 2480
4779 4 2 3 3 1148 1500 1889 1333
4780 4 2 3 3 1434 1609 1300 1608
4781 4 2 3 3 1894 1466 1878 2480
4782 4 2 3 3 1466 1894 2306 2480
4783 4 2 3 3 1955 2278 2489 1954
4784 4 2 3 3 1256 1259 687 1244
4785 4 2 3 3 2509 2540 2489 2283
4786 4 2 3 3 2433 2527 2324 2525
4787 4 2 3 3 2039 2025 1866 2157
4788 4 2 3 3 1564 46 1845 2021
4789 4 2 3 3 1545 266 1854 1548
4790 4 2 3 3 13 51 4 341
4791 4 2 3 3 1838 1839 2630 1547
4792 4 2 3 3 748 737 1284 1277
4793 4 2 3 3 1206 2583 2582 2423
4794 4 2 3 3 1234 1216 1165 1821
4795 4 2 3 3 1234 548 1233 1165
4796 4 2 3 3 2114 1410 1715 1627
4797 4 2 3 3 1740 1739 1815 467
4798 4 2 3 3 1822 2102 2119 2107
4799 4 2 3 3 2525 2433 963 2324
4800 4 2 3 3 752 660 623 163
4801 4 2 3 3 1271 1825 1277 1627
4802 4 2 3 3 1896 2465 2500 2590
4803 4 2 3 3 2484 2301 2404 1465
4804 4 2 3 3 597 464 650 1247
4805 4 2 3 3 1644 2159 29 2596
4806 4 2 3 3 1839 1995 1997 1946
4807 4 2 3 3 1260 697 1257 1248
4808 4 2 3 3 2087 1824 1832 1831
4809 4 2 3 3 1390 280 1557 349
4810 4 2 3 3 1852 1726 1394 1725
4811 4 2 3 3 1727 1729 1711 1712
4812 4 2 3 3 1631 247 62 61
4813 4 2 3 3 2429 2438 2434 1953
4814 4 2 3 3 1978 1366 1989 1766
4815 4 2 3 3 1512 1515 2237 2315
4816 4 2 3 3 651 1238 1222 573
4817 4 2 3 3 158 719 742 1163
4818 4 2 3 3 67 68 330 1711
4819 4 2 3 3 1514 1519 2600 2325
4820 4 2 3 3 2717 729 1265 1784
4821 4 2 3 3 412 105 782 370
4822 4 2 3 3 2455 1467 2584 1464
4823 4 2 3 3 1512 2528 1516 2237
4824 4 2 3 3 2324 2325 2434 2599
4825 4 2 3 3 1032 2651 2131 2128
4826 4 2 3 3 614 616 1244 669
4827 4 2 3 3 2433 2527 2434 2324
4828 4 2 3 3 510 509 507 1172
4829 4 2 3 3 653 1237 571 528
4830 4 2 3 3 562 1388 1320 500
4831 4 2 3 3 323 265 1557 349
4832 4 2 3 3 1739 1378 1208 603
4833 4 2 3 3 2109 2104 2119 2106
4834 4 2 3 3 1718 1382 1273 1626
4835 4 2 3 3 1235 1232 1778 533
4836 4 2 3 3 2519 2518 414 2512
4837 4 2 3 3 1311 1425 1595 1419
4838 4 2 3 3 2433 2432 2434 2428
4839 4 2 3 3 2280 2440 2439 2601
4840 4 2 3 3 2532 224 2529 223
4841 4 2 3 3 298 299 296 1309
4842 4 2 3 3 741 146 718 1285
4843 4 2 3 3 1276 734 1264 1974
4844 4 2 3 3 1577 1578 1524 1525
4845 4 2 3 3 1191 1968 1453 1190
4846 4 2 3 3 2597 1654 1910 1904
4847 4 2 3 3 2575 1873 40 1875
4848 4 2 3 3 366 813 952 203
4849 4 2 3 3 878 86 922 953
4850 4 2 3 3 2298 2477 1298 1878
4851 4 2 3 3 2452 1892 1891 1387
4852 4 2 3 3 2299 1894 1877 2484
4853 4 2 3 3 641 1359 515 484
4854 4 2 3 3 1909 1911 1942 1908
4855 4 2 3 3 1226 2343 1167 2550
4856 4 2 3 3 560 487 1186 1188
4857 4 2 3 3 2220 2219 1931 2391
4858 4 2 3 3 2400 2521 2417 1649
4859 4 2 3 3 33 32 1922 2427
4860 4 2 3 3 2345 1917 1351 1941
4861 4 2 3 3 1196 488 1614 1197
4862 4 2 3 3 1181 1191 1168 1453
4863 4 2 3 3 1475 1325 1473 1474
4864 4 2 3 3 476 1751 1374 1378
4865 4 2 3 3 2222 1673 2385 1362
4866 4 2 3 3 493 1194 492 525
4867 4 2 3 3 1502 1501 1312 1504
4868 4 2 3 3 1151 1740 1268 1747
4869 4 2 3 3 304 1429 1417 1601
4870 4 2 3 3 1675 58 1674 57
4871 4 2 3 3 1381 1276 1273 1623
4872 4 2 3 3 502 499 1318 501
4873 4 2 3 3 1181 1585 479 588
4874 4 2 3 3 59 1611 1617 1613
4875 4 2 3 3 2581 2421 2424 2468
4876 4 2 3 3 1046 1024 2512 1044
4877 4 2 3 3 2651 2519 2130 2128
4878 4 2 3 3 2084 1535 1835 1537
4879 4 2 3 3 1855 1442 1547 2630
4880 4 2 3 3 1946 1994 2630 1855
4881 4 2 3 3 441 210 379 960
4882 4 2 3 3 1538 1541 1535 1557
4883 4 2 3 3 474 1215 1219 577
4884 4 2 3 3 1650 1588 1582 1548
4885 4 2 3 3 2060 1819 2054 1836
4886 4 2 3 3 1034 1016 2129 1045
4887 4 2 3 3 586 463 738 1269
4888 4 2 3 3 475 477 1751 1583
4889 4 2 3 3 1212 1835 2064 1820
4890 4 2 3 3 1046 2142 2512 2129
4891 4 2 3 3 168 1979 1962 18
4892 4 2 3 3 1393 2071 2091 1727
4893 4 2 3 3 168 19 1963 169
4894 4 2 3 3 201 200 2512 414
4895 4 2 3 3 1995 1415 1992 2001
4896 4 2 3 3 1192 1753 1756 1343
4897 4 2 3 3 1289 453 658 1201
4898 4 2 3 3 1371 1196 1684 1982
4899 4 2 3 3 1200 1423 1419 1602
4900 4 2 3 3 2488 2297 2327 2489
4901 4 2 3 3 1184 1185 1318 1479
4902 4 2 3 3 2325 1514 2434 2600
4903 4 2 3 3 2617 2680 1363 2229
4904 4 2 3 3 2299 2484 1298 1878
4905 4 2 3 3 1446 2366 2154 2688
4906 4 2 3 3 232 2365 231 797
4907 4 2 3 3 1805 1885 1804 1803
4908 4 2 3 3 1738 1827 1746 1745
4909 4 2 3 3 1455 1303 1373 1452
4910 4 2 3 3 1452 1454 1373 1473
4911 4 2 3 3 80 35 2523 2320
4912 4 2 3 3 1748 1151 1747 1277
4913 4 2 3 3 1303 1575 1684 1451
4914 4 2 3 3 2301 959 2474 2483
4915 4 2 3 3 1435 321 285 287
4916 4 2 3 3 1292 1185 1598 1479
4917 4 2 3 3 1390 1404 283 261
4918 4 2 3 3 274 1447 271 249
4919 4 2 3 3 276 275 1454 273
4920 4 2 3 3 477 476 1751 596
4921 4 2 3 3 1469 1589 1587 1584
4922 4 2 3 3 1174 1775 508 1205
4923 4 2 3 3 729 1163 1235 1265
4924 4 2 3 3 1775 1174 1172 1608
4925 4 2 3 3 558 502 557 1317
4926 4 2 3 3 983 2614 2231 2324
4927 4 2 3 3 2232 1507 2525 2523
4928 4 2 3 3 1663 1662 1913 1656
4929 4 2 3 3 80 2320 2523 2527
4930 4 2 3 3 1371 1676 1614 1195
4931 4 2 3 3 1575 1454 1570 1373
4932 4 2 3 3 2235 1421 1420 1515
4933 4 2 3 3 965 2472 2502 2500
4934 4 2 3 3 499 1305 498 1310
4935 4 2 3 3 498 1305 495 1310
4936 4 2 3 3 1183 551 1182 494
4937 4 2 3 3 1289 658 1178 1201
4938 4 2 3 3 1425 1511 1418 1419
4939 4 2 3 3 2345 2309 1351 2206
4940 4 2 3 3 864 862 2368 863
4941 4 2 3 3 454 1956 613 612
4942 4 2 3 3 2232 1518 1507 2523
4943 4 2 3 3 2146 209 384 382
4944 4 2 3 3 2635 1498 2633 2590
4945 4 2 3 3 1805 513 512 1176
4946 4 2 3 3 2408 1337 1147 2478
4947 4 2 3 3 1723 1966 1721 1722
4948 4 2 3 3 2476 2475 1460 1878
4949 4 2 3 3 1773 1796 1794 1793
4950 4 2 3 3 704 1239 691 1998
4951 4 2 3 3 2277 2278 2534 1954
4952 4 2 3 3 2159 75 30 29
4953 4 2 3 3 2060 1837 2064 2056
4954 4 2 3 3 2487 2531 2277 2534
4955 4 2 3 3 2537 2532 2534 1954
4956 4 2 3 3 1534 1437 1484 1384
4957 4 2 3 3 88 881 901 820
4958 4 2 3 3 1957 2537 2534 1955
4959 4 2 3 3 1731 1558 1732 1394
4960 4 2 3 3 958 2487 2296 225
4961 4 2 3 3 210 421 379 445
4962 4 2 3 3 1521 1486 1210 1209
4963 4 2 3 3 1522 2576 1333 1500
4964 4 2 3 3 1728 1729 1725 1394
4965 4 2 3 3 64 1704 1768 1703
4966 4 2 3 3 957 86 922 878
4967 4 2 3 3 1895 43 352 86
4968 4 2 3 3 2048 2156 2038 2037
4969 4 2 3 3 2510 2543 1252 2546
4970 4 2 3 3 78 2321 855 2426
4971 4 2 3 3 75 869 865 877
4972 4 2 3 3 1669 1348 1922 1634
4973 4 2 3 3 2543 2541 1147 1252
4974 4 2 3 3 442 191 378 422
4975 4 2 3 3 2219 2383 2218 2215
4976 4 2 3 3 2120 1030 192 1052
4977 4 2 3 3 189 794 896 2272
4978 4 2 3 3 2050 2048 166 2047
4979 4 2 3 3 1259 1147 1252 1244
4980 4 2 3 3 707 652 1245 695
4981 4 2 3 3 216 2560 2559 2563
4982 4 2 3 3 1244 1147 1252 1242
4983 4 2 3 3 862 2411 2368 863
4984 4 2 3 3 1903 1651 1660 1659
4985 4 2 3 3 1812 2266 1809 1811
4986 4 2 3 3 2362 826 966 823
4987 4 2 3 3 2245 2223 2232 2216
4988 4 2 3 3 1764 1763 1366 1765
4989 4 2 3 3 608 607 628 1508
4990 4 2 3 3 2560 1056 216 215
4991 4 2 3 3 1322 1313 1572 1573
4992 4 2 3 3 1606 295 260 1603
4993 4 2 3 3 913 2400 2522 2417
4994 4 2 3 3 1662 2520 2557 2549
4995 4 2 3 3 1570 334 1569 1449
4996 4 2 3 3 583 144 714 753
4997 4 2 3 3 1709 1216 1234 1821
4998 4 2 3 3 1795 1961 1408 1798
4999 4 2 3 3 1917 2549 2557 2602
5000 4 2 3 3 1764 1990 1986 1989
5001 4 2 3 3 1481 1607 1274 1157
5002 4 2 3 3 2308 1934 1920 2603
5003 4 2 3 3 1304 1696 1771 1695
5004 4 2 3 3 1724 1402 1721 1798
5005 4 2 3 3 563 564 1478 562
5006 4 2 3 3 1917 1665 2557 2549
5007 4 2 3 3 1202 1201 1677 1615
5008 4 2 3 3 1949 2181 2337 2285
5009 4 2 3 3 593 1655 591 589
5010 4 2 3 3 114 707 627 462
5011 4 2 3 3 1354 1356 1667 1328
5012 4 2 3 3 2520 796 215 991
5013 4 2 3 3 2344 2343 1915 1943
5014 4 2 3 3 2242 2214 2317 2215
5015 4 2 3 3 1346 1226 589 1910
5016 4 2 3 3 697 1257 670 1240
5017 4 2 3 3 1939 1344 1912 1657
5018 4 2 3 3 1444 1841 1549 1842
5019 4 2 3 3 2507 2382 2381 2390
5020 4 2 3 3 2520 991 215 216
5021 4 2 3 3 1926 2312 1942 2566
5022 4 2 3 3 2254 2211 1507 2380
5023 4 2 3 3 1469 1448 1325 1471
5024 4 2 3 3 1181 1936 1187 1474
5025 4 2 3 3 1905 1346 1488 1904
5026 4 2 3 3 2225 2310 1363 2397
5027 4 2 3 3 2188 2187 2194 2193
5028 4 2 3 3 1344 2520 2549 2417
5029 4 2 3 3 112 661 704 624
5030 4 2 3 3 620 757 149 654
5031 4 2 3 3 1705 62 1701 1699
5032 4 2 3 3 540 550 561 1605
5033 4 2 3 3 1377 1367 1978 1977
5034 4 2 3 3 1632 61 60 1307
5035 4 2 3 3 315 259 314 1449
5036 4 2 3 3 1611 1619 1689 1688
5037 4 2 3 3 1330 1689 1688 1372
5038 4 2 3 3 757 149 654 148
5039 4 2 3 3 1687 1371 1614 1686
5040 4 2 3 3 1621 1693 1692 1330
5041 4 2 3 3 1982 1969 1376 1190
5042 4 2 3 3 1616 1182 1615 1614
5043 4 2 3 3 552 1182 1616 1614
5044 4 2 3 3 57 1675 1685 56
5045 4 2 3 3 1932 1934 2313 1362
5046 4 2 3 3 2431 2570 38 82
5047 4 2 3 3 1704 1703 1700 1297
5048 4 2 3 3 1184 1698 1697 1477
5049 4 2 3 3 58 1675 1674 1688
5050 4 2 3 3 2602 1917 1941 2557
5051 4 2 3 3 1184 1698 1699 1697
5052 4 2 3 3 1595 1310 1419 1493
5053 4 2 3 3 543 514 1394 1395
5054 4 2 3 3 1828 1708 1833 2063
5055 4 2 3 3 2072 1413 2066 2070
5056 4 2 3 3 1151 1531 1277 1284
5057 4 2 3 3 2072 2092 2091 1831
5058 4 2 3 3 1537 1399 2064 1591
5059 4 2 3 3 1531 1151 1815 1284
5060 4 2 3 3 2111 7 107 2118
5061 4 2 3 3 1707 1708 1828 1557
5062 4 2 3 3 1806 1881 1802 1386
5063 4 2 3 3 559 1171 580 570
5064 4 2 3 3 572 514 1395 1732
5065 4 2 3 3 1988 18 1962 1979
5066 4 2 3 3 2116 1818 2117 1766
5067 4 2 3 3 510 509 1172 1173
5068 4 2 3 3 2345 1916 1638 2556
5069 4 2 3 3 2645 2646 778 2140
5070 4 2 3 3 1735 1233 1395 1734
5071 4 2 3 3 751 649 459 1164
5072 4 2 3 3 1925 1141 1636 2567
5073 4 2 3 3 1793 1797 1798 1722
5074 4 2 3 3 2083 2082 2053 1820
5075 4 2 3 3 367 99 98 18
5076 4 2 3 3 1818 1763 1379 1766
5077 4 2 3 3 1378 2078 2075 1341
5078 4 2 3 3 2074 2052 2085 2053
5079 4 2 3 3 135 134 573 1222
5080 4 2 3 3 1576 1190 1453 1452
5081 4 2 3 3 1586 1652 1582 1583
5082 4 2 3 3 1971 1970 1755 1365
5083 4 2 3 3 1940 1928 1931 2555
5084 4 2 3 3 1925 2383 2567 1636
5085 4 2 3 3 1216 1207 2076 1208
5086 4 2 3 3 1191 1192 1756 1343
5087 4 2 3 3 2344 2345 1638 2556
5088 4 2 3 3 2345 2309 1639 2556
5089 4 2 3 3 1267 1268 1744 1748
5090 4 2 3 3 1978 1367 1989 1977
5091 4 2 3 3 2554 1940 1915 1941
5092 4 2 3 3 1292 506 558 503
5093 4 2 3 3 2475 2277 2579 1869
5094 4 2 3 3 1161 1959 1170 1397
5095 4 2 3 3 66 1797 1734 1733
5096 4 2 3 3 1554 1541 1538 1557
5097 4 2 3 3 1173 1160 1176 1558
5098 4 2 3 3 932 833 84 2503
5099 4 2 3 3 392 431 414 2513
5100 4 2 3 3 1496 1873 1875 40
5101 4 2 3 3 1160 1173 1299 1558
5102 4 2 3 3 1795 1785 1302 1407
5103 4 2 3 3 1160 1534 1434 1300
5104 4 2 3 3 1462 41 2577 2501
5105 4 2 3 3 1179 537 1189 1616
5106 4 2 3 3 1278 1767 1273 1154
5107 4 2 3 3 1781 1785 1332 1780
5108 4 2 3 3 2475 2487 2579 2277
5109 4 2 3 3 1779 1205 1776 1175
5110 4 2 3 3 1773 1796 1772 1790
5111 4 2 3 3 1772 1773 1790 1768
5112 4 2 3 3 1794 1781 1769 1780
5113 4 2 3 3 1237 564 1777 1783
5114 4 2 3 3 1869 2442 2579 2448
5115 4 2 3 3 1409 1730 337 261
5116 4 2 3 3 1627 1403 1626 1966
5117 4 2 3 3 1740 1151 1268 1284
5118 4 2 3 3 1896 829 828 1895
5119 4 2 3 3 1487 1892 2590 1498
5120 4 2 3 3 2410 2587 2482 2490
5121 4 2 3 3 2149 2265 2360 2161
5122 4 2 3 3 2442 1869 2579 2634
5123 4 2 3 3 1895 42 2590 1945
5124 4 2 3 3 1149 2460 1463 1440
5125 4 2 3 3 1742 1751 1750 1745
5126 4 2 3 3 1738 1816 52 1746
5127 4 2 3 3 1589 1741 1587 1858
5128 4 2 3 3 2114 1270 1825 1627
5129 4 2 3 3 2101 761 2109 2106
5130 4 2 3 3 1826 1817 2098 2086
5131 4 2 3 3 1709 2072 2066 2070
5132 4 2 3 3 1852 1553 1726 1557
5133 4 2 3 3 630 1740 1744 584
5134 4 2 3 3 772 396 108 439
5135 4 2 3 3 1709 2072 1234 2066
5136 4 2 3 3 883 924 2372 923
5137 4 2 3 3 1906 1347 1647 1645
5138 4 2 3 3 1346 2597 2184 2341
5139 4 2 3 3 2650 389 394 2496
5140 4 2 3 3 508 519 528 1175
5141 4 2 3 3 1292 1294 1598 1496
5142 4 2 3 3 1692 1622 1688 1330
5143 4 2 3 3 43 1881 2590 42
5144 4 2 3 3 1478 564 1389 1388
5145 4 2 3 3 2000 1994 1999 1855
5146 4 2 3 3 1902 1653 1659 1656
5147 4 2 3 3 1500 1881 2590 1892
5148 4 2 3 3 944 2472 799 965
5149 4 2 3 3 2148 822 2150 820
5150 4 2 3 3 2014 1443 2011 2012
5151 4 2 3 3 2408 2540 1431 1147
5152 4 2 3 3 2635 2632 2589 2631
5153 4 2 3 3 1519 2608 2536 2491
5154 4 2 3 3 614 1432 613 1244
5155 4 2 3 3 613 615 557 1319
5156 4 2 3 3 1500 42 2592 2590
5157 4 2 3 3 1159 2420 2457 2174
5158 4 2 3 3 1171 559 580 665
5159 4 2 3 3 2167 2460 1900 2459
5160 4 2 3 3 1803 1497 1810 1484
5161 4 2 3 3 1500 1148 1889 1892
5162 4 2 3 3 44 1806 43 1802
5163 4 2 3 3 1805 1885 1803 1889
5164 4 2 3 3 531 1808 541 1229
5165 4 2 3 3 1500 1881 42 2590
5166 4 2 3 3 1556 346 327 278
5167 4 2 3 3 42 1500 2501 41
5168 4 2 3 3 2001 1995 2012 1996
5169 4 2 3 3 2180 2162 2631 2589
5170 4 2 3 3 1496 255 294 336
5171 4 2 3 3 1920 2206 1941 2313
5172 4 2 3 3 1574 1573 1524 1328
5173 4 2 3 3 2634 2531 2601 1954
5174 4 2 3 3 2375 1938 2374 1944
5175 4 2 3 3 2531 2529 2601 1954
5176 4 2 3 3 2703 1335 2282 1957
5177 4 2 3 3 2711 2348 2030 2697
5178 4 2 3 3 2294 2698 2193 2194
5179 4 2 3 3 2212 2245 2216 1355
5180 4 2 3 3 865 864 2368 863
5181 4 2 3 3 627 1655 655 1245
5182 4 2 3 3 2398 2387 1253 2313
5183 4 2 3 3 2683 2192 2193 2179
5184 4 2 3 3 682 693 1639 1253
5185 4 2 3 3 1673 2397 2393 1934
5186 4 2 3 3 1644 1661 1659 1656
5187 4 2 3 3 1226 2343 589 1167
5188 4 2 3 3 1360 2312 1928 1926
5189 4 2 3 3 1661 1841 2593 1659
5190 4 2 3 3 2342 1489 2346 2186
5191 4 2 3 3 1904 1905 1903 1488
5192 4 2 3 3 2529 2531 2601 2440
5193 4 2 3 3 76 865 2368 863
5194 4 2 3 3 2214 2211 2382 2380
5195 4 2 3 3 2181 213 2339 2338
5196 4 2 3 3 1644 2159 2596 1648
5197 4 2 3 3 2244 2243 2242 2610
5198 4 2 3 3 915 2411 863 76
5199 4 2 3 3 861 914 2371 2373
5200 4 2 3 3 2243 2611 2239 2610
5201 4 2 3 3 1992 1995 1946 1997
5202 4 2 3 3 1232 1411 1778 1776
5203 4 2 3 3 2245 2212 2239 2610
5204 4 2 3 3 2615 2613 2536 2620
5205 4 2 3 3 144 143 583 714
5206 4 2 3 3 1976 1971 1975 1765
5207 4 2 3 3 1982 1195 1376 1214
5208 4 2 3 3 1573 1683 1198 1329
5209 4 2 3 3 2516 2517 1474 1187
5210 4 2 3 3 1371 1676 1983 1687
5211 4 2 3 3 1676 1371 1983 1982
5212 4 2 3 3 1575 1574 1328 1450
5213 4 2 3 3 1224 529 1757 1743
5214 4 2 3 3 1692 1675 1987 1372
5215 4 2 3 3 1760 1381 1978 1377
5216 4 2 3 3 740 1280 1974 1266
5217 4 2 3 3 1191 1203 1756 1968
5218 4 2 3 3 1984 1972 1977 1983
5219 4 2 3 3 1687 1984 1685 56
5220 4 2 3 3 487 485 1186 1197
5221 4 2 3 3 1184 1320 1699 1700
5222 4 2 3 3 1400 1566 1398 1811
5223 4 2 3 3 2213 2243 2239 2610
5224 4 2 3 3 2366 232 2687 2686
5225 4 2 3 3 870 903 88 87
5226 4 2 3 3 2290 2288 2185 1221
5227 4 2 3 3 2292 2285 2402 2401
5228 4 2 3 3 2004 2607 1948 1947
5229 4 2 3 3 2026 2695 2401 2402
5230 4 2 3 3 2273 2026 2401 2292
5231 4 2 3 3 1565 1552 1539 1536
5232 4 2 3 3 2003 1838 1854 2018
5233 4 2 3 3 1949 2181 2339 2337
5234 4 2 3 3 2289 2015 2007 2665
5235 4 2 3 3 2243 2213 2242 2610
5236 4 2 3 3 2695 2016 2289 2352
5237 4 2 3 3 1490 1840 1997 1947
5238 4 2 3 3 2212 2213 2239 2610
5239 4 2 3 3 1863 2257 2010 2008
5240 4 2 3 3 1646 1347 1645 1909
5241 4 2 3 3 2607 1841 2593 1444
5242 4 2 3 3 2267 817 2353 2271
5243 4 2 3 3 659 541 1166 636
5244 4 2 3 3 1862 1860 1846 1845
5245 4 2 3 3 2037 2038 2157 2156
5246 4 2 3 3 2495 1036 205 1029
5247 4 2 3 3 366 926 83 992
5248 4 2 3 3 1391 1708 1726 1553
5249 4 2 3 3 2258 1846 1845 1864
5250 4 2 3 3 2213 2212 2242 2610
5251 4 2 3 3 211 960 441 793
5252 4 2 3 3 1564 1565 1860 1845
5253 4 2 3 3 2639 2638 2637 2047
5254 4 2 3 3 888 890 2349 931
5255 4 2 3 3 1708 1829 1540 1553
5256 4 2 3 3 279 280 1541 1542
5257 4 2 3 3 2530 2539 2538 2621
5258 4 2 3 3 2164 2258 1230 2259
5259 4 2 3 3 1600 1248 1145 1257
5260 4 2 3 3 1161 1960 1397 1405
5261 4 2 3 3 2509 2327 2621 2326
5262 4 2 3 3 2509 2538 2621 2327
5263 4 2 3 3 1727 1735 1712 1710
5264 4 2 3 3 2064 2059 1591 1536
5265 4 2 3 3 2058 2056 2063 2055
5266 4 2 3 3 1815 1531 1821 2095
5267 4 2 3 3 1424 2530 2326 2621
5268 4 2 3 3 2061 2060 1856 1368
5269 4 2 3 3 1741 53 52 329
5270 4 2 3 3 781 782 447 778
5271 4 2 3 3 69 1707 2089 265
5272 4 2 3 3 169 107 787 423
5273 4 2 3 3 2140 185 184 2145
5274 4 2 3 3 1737 264 2088 1813
5275 4 2 3 3 2609 1424 2326 2621
5276 4 2 3 3 1848 2082 1820 2053
5277 4 2 3 3 1451 1681 315 1449
5278 4 2 3 3 1424 2609 2530 2621
5279 4 2 3 3 1707 68 1710 1711
5280 4 2 3 3 474 451 1580 473
5281 4 2 3 3 2331 2332 2229 2226
5282 4 2 3 3 1720 67 106 105
5283 4 2 3 3 1832 1964 107 2118
5284 4 2 3 3 2506 443 426 393
5285 4 2 3 3 1753 1589 1447 249
5286 4 2 3 3 358 55 54 1975
5287 4 2 3 3 1687 1686 1690 1685
5288 4 2 3 3 101 102 1694 1695
5289 4 2 3 3 1619 1622 1506 1689
5290 4 2 3 3 2595 1840 1661 1659
5291 4 2 3 3 2591 2362 1800 1799
5292 4 2 3 3 2635 1888 1887 1899
5293 4 2 3 3 1884 1807 1883 1886
5294 4 2 3 3 2312 1943 2566 2567
5295 4 2 3 3 807 2255 819 820
5296 4 2 3 3 807 2037 820 881
5297 4 2 3 3 2032 2593 2040 2041
5298 4 2 3 3 2465 2180 2589 954
5299 4 2 3 3 1599 2035 2045 2029
5300 4 2 3 3 179 785 975 178
5301 4 2 3 3 960 815 379 985
5302 4 2 3 3 2048 2050 2046 2051
5303 4 2 3 3 758 2048 2033 5
5304 4 2 3 3 2366 233 232 1084
5305 4 2 3 3 2166 2168 2165 1441
5306 4 2 3 3 2643 101 418 371
5307 4 2 3 3 2274 2265 2151 2161
5308 4 2 3 3 1582 1650 1548 1546
5309 4 2 3 3 2606 891 890 808
5310 4 2 3 3 884 871 2349 74
5311 4 2 3 3 18 19 183 2643
5312 4 2 3 3 1345 1905 1661 1656
5313 4 2 3 3 1917 1665 1941 2557
5314 4 2 3 3 1647 1658 1909 1908
5315 4 2 3 3 2659 2153 2173 2707
5316 4 2 3 3 2643 100 371 416
5317 4 2 3 3 2170 2169 2176 2173
5318 4 2 3 3 1432 2585 1244 1263
5319 4 2 3 3 2176 2169 2456 1438
5320 4 2 3 3 2368 75 864 865
5321 4 2 3 3 1060 1102 2714 2711
5322 4 2 3 3 2676 1084 2663 2686
5323 4 2 3 3 2159 2367 864 867
5324 4 2 3 3 2203 2705 2685 2675
5325 4 2 3 3 2328 2509 2326 1955
5326 4 2 3 3 113 112 704 624
5327 4 2 3 3 2221 1673 2248 2220
5328 4 2 3 3 2192 2669 2294 2193
5329 4 2 3 3 2700 2703 2709 2544
5330 4 2 3 3 2673 1071 1070 2672
5331 4 2 3 3 2393 2396 2392 2379
5332 4 2 3 3 2659 2681 2688 2153
5333 4 2 3 3 2450 2410 2175 2457
5334 4 2 3 3 2558 2190 2205 2206
5335 4 2 3 3 2684 2705 2395 2678
5336 4 2 3 3 2395 2397 2619 1363
5337 4 2 3 3 2272 794 2271 2292
5338 4 2 3 3 2014 2352 2011 2261
5339 4 2 3 3 2258 1847 1845 2259
5340 4 2 3 3 2241 2247 2612 2623
5341 4 2 3 3 2564 2565 1934 1920
5342 4 2 3 3 1577 1326 1570 2516
5343 4 2 3 3 1349 1181 588 1646
5344 4 2 3 3 1874 1871 2281 1952
5345 4 2 3 3 520 1226 589 590
5346 4 2 3 3 2543 2510 2625 2546
5347 4 2 3 3 2296 2487 2579 2483
5348 4 2 3 3 484 1359 515 1356
5349 4 2 3 3 2431 2428 2438 2439
5350 4 2 3 3 2368 75 865 76
5351 4 2 3 3 1194 554 493 1420
5352 4 2 3 3 306 305 1601 303
5353 4 2 3 3 1492 2561 2685 2205
5354 4 2 3 3 1517 1951 2237 1515
5355 4 2 3 3 247 1477 297 1495
5356 4 2 3 3 2212 35 2316 2317
5357 4 2 3 3 2442 1869 2281 1952
5358 4 2 3 3 219 2395 2619 1097
5359 4 2 3 3 2236 2213 2315 2316
5360 4 2 3 3 32 33 1922 1634
5361 4 2 3 3 2206 2309 1941 2313
5362 4 2 3 3 1101 2563 2379 2560
5363 4 2 3 3 2343 1346 2341 1911
5364 4 2 3 3 2634 1430 1954 2601
5365 4 2 3 3 121 466 605 699
5366 4 2 3 3 2016 2005 2352 2401
5367 4 2 3 3 2006 1444 2286 2337
5368 4 2 3 3 821 966 2150 2151
5369 4 2 3 3 2352 2014 2260 2261
5370 4 2 3 3 2256 2257 2350 2264
5371 4 2 3 3 1257 2667 1998 2291
5372 4 2 3 3 1081 2684 2677 2560
5373 4 2 3 3 2658 2659 2655 2674
5374 4 2 3 3 2166 2165 2164 1441
5375 4 2 3 3 1847 2164 2359 2360
5376 4 2 3 3 2168 1243 2456 1440
5377 4 2 3 3 1553 1852 1551 1557
5378 4 2 3 3 925 2486 2572 2425
5379 4 2 3 3 2498 2497 2425 2502
5380 4 2 3 3 2296 935 801 998
5381 4 2 3 3 224 2487 958 225
5382 4 2 3 3 2013 2258 1846 1230
5383 4 2 3 3 2288 2290 2007 2665
5384 4 2 3 3 2607 2004 2020 2019
5385 4 2 3 3 2015 2288 2007 2665
5386 4 2 3 3 1950 2044 2007 2194
5387 4 2 3 3 2185 2339 2337 2007
5388 4 2 3 3 9 662 133 670
5389 4 2 3 3 2476 2301 2474 2483
5390 4 2 3 3 2306 2584 2480 2305
5391 4 2 3 3 2403 2402 24 2697
5392 4 2 3 3 2224 2247 1867 2613
5393 4 2 3 3 2292 2285 24 2402
5394 4 2 3 3 2662 2658 2043 2656
5395 4 2 3 3 2333 2616 2680 2200
5396 4 2 3 3 2560 2563 1921 2559
5397 4 2 3 3 2214 2382 2248 2380
5398 4 2 3 3 2693 2409 2405 2407
5399 4 2 3 3 2185 2339 2007 1843
5400 4 2 3 3 2399 2311 1251 2226
5401 4 2 3 3 254 37 317 1428
5402 4 2 3 3 498 554 1311 1310
5403 4 2 3 3 1428 1517 1952 38
5404 4 2 3 3 2585 2584 2481 2482
5405 4 2 3 3 2541 2624 2283 2623
5406 4 2 3 3 2221 1673 2385 2250
5407 4 2 3 3 2382 2211 1666 2380
5408 4 2 3 3 2397 2210 2619 1363
5409 4 2 3 3 2252 2246 2217 2612
5410 4 2 3 3 1215 619 1340 2594
5411 4 2 3 3 520 1349 1226 641
5412 4 2 3 3 234 2403 2358 2402
5413 4 2 3 3 1655 2345 2342 1489
5414 4 2 3 3 233 2356 2353 2357
5415 4 2 3 3 938 2440 811 987
5416 4 2 3 3 2508 2615 2227 2626
5417 4 2 3 3 2586 2473 1898 2471
5418 4 2 3 3 2684 1081 1101 2560
5419 4 2 3 3 2706 1100 2691 2467
5420 4 2 3 3 2295 2294 2665 2270
5421 4 2 3 3 2420 1159 2176 2708
5422 4 2 3 3 2269 2169 1441 2270
5423 4 2 3 3 2657 1069 1074 1075
5424 4 2 3 3 2295 2666 2665 2291
5425 4 2 3 3 2192 2683 1446 2179
5426 4 2 3 3 2656 2659 2172 2655
5427 4 2 3 3 2212 2242 2317 2316
5428 4 2 3 3 912 2417 2415 2413
5429 4 2 3 3 860 2377 858 859
5430 4 2 3 3 2191 2189 2187 2193
5431 4 2 3 3 2606 2028 2040 2029
5432 4 2 3 3 2181 2160 988 816
5433 4 2 3 3 2235 2236 2234 2315
5434 4 2 3 3 1467 2410 680 2450
5435 4 2 3 3 1934 2564 1920 2379
5436 4 2 3 3 2376 2378 798 974
5437 4 2 3 3 2189 2187 2193 2712
5438 4 2 3 3 2384 2385 2568 1636
5439 4 2 3 3 1246 462 668 624
5440 4 2 3 3 2189 1492 2193 2205
5441 4 2 3 3 686 680 1242 2547
5442 4 2 3 3 1149 1228 1158 2460
5443 4 2 3 3 2660 2466 2276 2175
5444 4 2 3 3 2233 1424 2237 2238
5445 4 2 3 3 2201 2705 2379 2603
5446 4 2 3 3 2254 2507 1666 2380
5447 4 2 3 3 1250 2276 2175 2406
5448 4 2 3 3 452 1236 579 1262
5449 4 2 3 3 2462 2364 2457 2450
5450 4 2 3 3 674 673 1236 452
5451 4 2 3 3 2682 1064 1063 2676
5452 4 2 3 3 2451 2472 799 944
5453 4 2 3 3 943 206 434 942
5454 4 2 3 3 2463 2465 945 2458
5455 4 2 3 3 2693 2716 2407 1334
5456 4 2 3 3 946 880 965 2500
5457 4 2 3 3 86 85 830 878
5458 4 2 3 3 2503 1945 832 831
5459 4 2 3 3 1900 2167 1886 1406
5460 4 2 3 3 925 838 2425 835
5461 4 2 3 3 2333 222 2492 2615
5462 4 2 3 3 2439 2442 2634 2601
5463 4 2 3 3 1064 2682 2655 2676
5464 4 2 3 3 2614 2330 2613 1867
5465 4 2 3 3 2301 895 2486 2449
5466 4 2 3 3 1065 1092 1063 2676
5467 4 2 3 3 2681 1092 1065 2676
5468 4 2 3 3 2532 2529 2534 1954
5469 4 2 3 3 2444 1311 2569 2445
5470 4 2 3 3 119 120 457 667
5471 4 2 3 3 1432 2447 2489 2478
5472 4 2 3 3 200 410 372 199
5473 4 2 3 3 234 2403 2654 2663
5474 4 2 3 3 2488 1319 2445 2447
5475 4 2 3 3 2476 2301 2485 2484
5476 4 2 3 3 124 125 614 703
5477 4 2 3 3 1812 1811 1809 1799
5478 4 2 3 3 1542 291 1810 1560
5479 4 2 3 3 231 2464 2687 230
5480 4 2 3 3 2668 2155 2173 2689
5481 4 2 3 3 2452 1206 2459 1158
5482 4 2 3 3 1884 1885 1883 1803
5483 4 2 3 3 1519 2223 2329 2613
5484 4 2 3 3 2356 2360 2042 2163
5485 4 2 3 3 232 231 2687 1096
5486 4 2 3 3 2455 1467 1464 2461
5487 4 2 3 3 1398 531 535 1229
5488 4 2 3 3 1259 684 1244 1252
5489 4 2 3 3 1000 2472 944 965
5490 4 2 3 3 2465 1896 2589 2590
5491 4 2 3 3 838 893 2425 834
5492 4 2 3 3 1290 1604 1493 1418
5493 4 2 3 3 2249 2219 2248 2215
5494 4 2 3 3 2410 1242 1252 2490
5495 4 2 3 3 2444 1422 613 1956
5496 4 2 3 3 856 78 855 2426
5497 4 2 3 3 2703 2704 1334 2228
5498 4 2 3 3 41 2575 40 1875
5499 4 2 3 3 959 2485 227 226
5500 4 2 3 3 839 926 887 83
5501 4 2 3 3 2656 1065 2655 2676
5502 4 2 3 3 1598 1185 1496 1596
5503 4 2 3 3 780 2147 2121 786
5504 4 2 3 3 2628 2625 2547 2624
5505 4 2 3 3 141 576 1240 1220
5506 4 2 3 3 2207 2311 2204 2314
5507 4 2 3 3 2681 1065 2656 2676
5508 4 2 3 3 2484 2636 1460 2580
5509 4 2 3 3 213 1060 212 2711
5510 4 2 3 3 1054 2682 2676 2663
5511 4 2 3 3 1059 2681 2467 2686
5512 4 2 3 3 2661 2202 2678 2680
5513 4 2 3 3 1293 1871 2569 2445
5514 4 2 3 3 1314 1512 1516 2315
5515 4 2 3 3 2330 2608 2599 2491
5516 4 2 3 3 1249 2364 2462 2450
5517 4 2 3 3 2408 1147 1431 2489
5518 4 2 3 3 2477 1432 2447 1319
5519 4 2 3 3 2627 2332 2625 1520
5520 4 2 3 3 2246 2247 2245 2216
5521 4 2 3 3 2330 222 2491 964
5522 4 2 3 3 2538 2530 2621 2327
5523 4 2 3 3 1874 1872 2281 1871
5524 4 2 3 3 2702 1099 225 2700
5525 4 2 3 3 900 2231 2525 2324
5526 4 2 3 3 2386 2393 2392 2390
5527 4 2 3 3 1663 1345 1656 1914
5528 4 2 3 3 1512 36 1516 2528
5529 4 2 3 3 1587 1858 1343 1583
5530 4 2 3 3 1940 2554 1915 1943
5531 4 2 3 3 1347 1906 1476 1645
5532 4 2 3 3 682 679 2314 2347
5533 4 2 3 3 1929 2385 2568 1253
5534 4 2 3 3 2552 1141 1636 1925
5535 4 2 3 3 2378 2565 1933 2564
5536 4 2 3 3 2562 2559 2563 216
5537 4 2 3 3 1057 219 2395 218
5538 4 2 3 3 946 1945 2500 2503
5539 4 2 3 3 895 2301 2474 2449
5540 4 2 3 3 2486 2301 2636 1465
5541 4 2 3 3 1298 1877 2303 1460
5542 4 2 3 3 1244 2585 1242 1263
5543 4 2 3 3 2366 233 2663 2357
5544 4 2 3 3 2661 1077 2679 1085
5545 4 2 3 3 936 2441 934 935
5546 4 2 3 3 2309 2345 2558 2206
5547 4 2 3 3 1467 2455 2457 2461
5548 4 2 3 3 2039 2157 1866 2271
5549 4 2 3 3 2003 1994 2002 2630
5550 4 2 3 3 2155 2269 2698 2294
5551 4 2 3 3 2127 185 2140 2137
5552 4 2 3 3 1937 1906 31 32
5553 4 2 3 3 1140 1226 2550 1942
5554 4 2 3 3 1923 1907 1942 1908
5555 4 2 3 3 2432 938 2440 936
5556 4 2 3 3 2280 2531 2601 2634
5557 4 2 3 3 2702 2703 2700 2535
5558 4 2 3 3 1509 1520 2240 1143
5559 4 2 3 3 934 2431 2439 845
5560 4 2 3 3 2531 224 811 2529
5561 4 2 3 3 2225 2397 1363 2210
5562 4 2 3 3 2395 2680 2619 2678
5563 4 2 3 3 2540 2541 2283 2623
5564 4 2 3 3 2531 2487 2296 958
5565 4 2 3 3 2269 2355 2698 2294
5566 4 2 3 3 2221 2385 2384 2250
5567 4 2 3 3 2542 1433 2227 2329
5568 4 2 3 3 1924 1926 2218 1923
5569 4 2 3 3 2608 1519 2536 2613
5570 4 2 3 3 2050 166 759 760
5571 4 2 3 3 166 760 1008 15
5572 4 2 3 3 2160 2606 2041 2029
5573 4 2 3 3 2160 1599 2045 2029
5574 4 2 3 3 2181 2160 2337 2285
5575 4 2 3 3 1545 1547 1580 1546
5576 4 2 3 3 2683 2192 1446 2664
5577 4 2 3 3 1736 1735 1721 1734
5578 4 2 3 3 233 2366 2663 1084
5579 4 2 3 3 2403 2036 2654 2663
5580 4 2 3 3 207 365 943 206
5581 4 2 3 3 2138 1035 1029 1041
5582 4 2 3 3 802 81 413 977
5583 4 2 3 3 223 2701 2492 2533
5584 4 2 3 3 517 531 535 1398
5585 4 2 3 3 2562 2564 2602 2522
5586 4 2 3 3 2684 2673 2705 2678
5587 4 2 3 3 1054 1063 2676 1062
5588 4 2 3 3 1060 2714 2370 2711
5589 4 2 3 3 2714 2715 2178 2677
5590 4 2 3 3 2278 1335 2408 2284
5591 4 2 3 3 2348 1950 1843 2194
5592 4 2 3 3 2684 1101 2379 2560
5593 4 2 3 3 541 636 535 1230
5594 4 2 3 3 224 2532 2533 223
5595 4 2 3 3 2192 2179 2669 2193
5596 4 2 3 3 1067 1066 1064 2655
5597 4 2 3 3 1056 2714 2548 2677
5598 4 2 3 3 2431 844 842 843
5599 4 2 3 3 2701 2228 2652 2709
5600 4 2 3 3 2683 2715 2172 2178
5601 4 2 3 3 2168 1901 2456 1438
5602 4 2 3 3 188 189 896 2272
5603 4 2 3 3 2344 2554 1638 2553
5604 4 2 3 3 1652 595 1903 1651
5605 4 2 3 3 1145 2262 2665 1592
5606 4 2 3 3 217 218 1083 2379
5607 4 2 3 3 213 2711 2348 214
5608 4 2 3 3 2531 224 2529 2534
5609 4 2 3 3 1639 2558 2314 1253
5610 4 2 3 3 2353 2356 2161 2360
5611 4 2 3 3 1432 1147 1431 1244
5612 4 2 3 3 2225 2310 2229 1363
5613 4 2 3 3 1099 2702 2653 2700
5614 4 2 3 3 1090 227 2653 226
5615 4 2 3 3 1441 2165 2164 1166
5616 4 2 3 3 2662 2657 2652 1076
5617 4 2 3 3 1079 2701 1087 2652
5618 4 2 3 3 1238 651 1222 1165
5619 4 2 3 3 1076 1079 1087 2652
5620 4 2 3 3 2657 2694 2652 1076
5621 4 2 3 3 180 1026 777 2121
5622 4 2 3 3 2616 220 2619 1086
5623 4 2 3 3 79 920 919 885
5624 4 2 3 3 1024 1046 2129 1034
5625 4 2 3 3 2230 2618 2545 2204
5626 4 2 3 3 2211 1355 2216 2248
5627 4 2 3 3 495 1183 494 493
5628 4 2 3 3 410 2651 198 2518
5629 4 2 3 3 2396 2395 218 2379
5630 4 2 3 3 2603 2563 2685 2379
5631 4 2 3 3 167 978 16 1007
5632 4 2 3 3 80 1005 980 415
5633 4 2 3 3 1838 2031 2018 2019
5634 4 2 3 3 1566 1564 1811 1400
5635 4 2 3 3 2332 2331 2251 2226
5636 4 2 3 3 2334 1444 1549 2335
5637 4 2 3 3 484 1349 1181 482
5638 4 2 3 3 1195 1676 1983 1982
5639 4 2 3 3 1713 2091 1831 1710
5640 4 2 3 3 1830 1832 1831 1710
5641 4 2 3 3 2627 2332 2253 2226
5642 4 2 3 3 2071 1393 1726 1727
5643 4 2 3 3 1719 1731 1728 1853
5644 4 2 3 3 1773 1796 65 1772
5645 4 2 3 3 1045 1011 2132 2122
5646 4 2 3 3 1860 1565 1539 1536
5647 4 2 3 3 2320 2321 2524 2435
5648 4 2 3 3 2310 2225 2229 2226
5649 4 2 3 3 2253 2387 2226 2252
5650 4 2 3 3 1906 1912 2412 1657
5651 4 2 3 3 1741 1742 1750 1745
5652 4 2 3 3 2067 1813 1856 1857
5653 4 2 3 3 2253 2332 2251 2226
5654 4 2 3 3 2311 2310 2205 2204
5655 4 2 3 3 1829 1828 1540 1212
5656 4 2 3 3 2203 2275 2675 2204
5657 4 2 3 3 2144 2145 2641 184
5658 4 2 3 3 105 1532 104 412
5659 4 2 3 3 1173 514 513 511
5660 4 2 3 3 58 57 98 1674
5661 4 2 3 3 1388 1331 1700 1318
5662 4 2 3 3 421 211 791 789
5663 4 2 3 3 19 18 1965 1625
5664 4 2 3 3 1619 1611 1323 1307
5665 4 2 3 3 9 662 670 141
5666 4 2 3 3 704 1239 698 691
5667 4 2 3 3 474 619 1215 577
5668 4 2 3 3 1808 1247 2168 1440
5669 4 2 3 3 2101 2088 13 2074
5670 4 2 3 3 2671 2462 677 2450
5671 4 2 3 3 605 120 699 457
5672 4 2 3 3 558 1292 1317 1199
5673 4 2 3 3 2551 2552 458 1167
5674 4 2 3 3 1819 2068 2073 1813
5675 4 2 3 3 2119 2107 2106 2118
5676 4 2 3 3 2083 1819 2053 2073
5677 4 2 3 3 1151 1740 1815 1284
5678 4 2 3 3 2629 2017 2002 14
5679 4 2 3 3 2023 1991 14 2020
5680 4 2 3 3 12 1991 14 2023
5681 4 2 3 3 2017 1991 2002 14
5682 4 2 3 3 2017 12 1991 14
5683 4 2 3 3 1640 1659 29 1854
5684 4 2 3 3 1238 134 573 660
5685 4 2 3 3 1548 1545 1547 1854
5686 4 2 3 3 1174 508 507 505
5687 4 2 3 3 324 1640 29 1854
5688 4 2 3 3 1241 640 1262 1263
5689 4 2 3 3 2583 2582 2479 2305
5690 4 2 3 3 2050 2048 759 166
5691 4 2 3 3 1158 640 1262 1241
5692 4 2 3 3 465 640 1263 1262
5693 4 2 3 3 278 1556 1859 327
5694 4 2 3 3 2331 2229 2251 2226
5695 4 2 3 3 188 891 897 2029
5696 4 2 3 3 2203 2310 2229 2226
5697 4 2 3 3 2124 1030 1052 1040
5698 4 2 3 3 21 1048 174 775
5699 4 2 3 3 2147 779 786 778
5700 4 2 3 3 640 465 604 1262
5701 4 2 3 3 2573 2570 39 38
5702 4 2 3 3 1599 2334 2035 2032
5703 4 2 3 3 2334 1599 2035 2045
5704 4 2 3 3 1315 1951 2569 1952
5705 4 2 3 3 2133 2144 2128 2130
5706 4 2 3 3 2444 1956 613 2445
5707 4 2 3 3 903 870 88 902
5708 4 2 3 3 366 202 425 413
5709 4 2 3 3 81 802 413 372
5710 4 2 3 3 777 2121 2139 786
5711 4 2 3 3 926 927 992 82
5712 4 2 3 3 836 839 84 83
5713 4 2 3 3 1873 2574 40 39
5714 4 2 3 3 2573 2574 39 2571
5715 4 2 3 3 926 927 82 843
5716 4 2 3 3 92 785 791 441
5717 4 2 3 3 23 2137 790 1047
5718 4 2 3 3 1543 1555 1542 1559
5719 4 2 3 3 903 88 87 379
5720 4 2 3 3 977 927 413 941
5721 4 2 3 3 44 45 2362 2274
5722 4 2 3 3 904 441 975 810
5723 4 2 3 3 1955 2537 2534 1954
5724 4 2 3 3 221 2615 2614 2613
5725 4 2 3 3 1290 1309 1429 1427
5726 4 2 3 3 958 2531 811 1002
5727 4 2 3 3 2153 2688 2687 2686
5728 4 2 3 3 2712 2187 2193 2194
5729 4 2 3 3 827 828 2362 826
5730 4 2 3 3 1991 1993 2008 2000
5731 4 2 3 3 212 2181 2293 2285
5732 4 2 3 3 2035 2607 2034 2032
5733 4 2 3 3 1545 262 1548 1579
5734 4 2 3 3 1995 1992 2012 1997
5735 4 2 3 3 1913 1662 1657 1656
5736 4 2 3 3 1576 1575 1190 1452
5737 4 2 3 3 1597 1458 326 39
5738 4 2 3 3 77 917 435 368
5739 4 2 3 3 1455 1303 1451 1373
5740 4 2 3 3 1523 257 316 309
5741 4 2 3 3 803 78 373 885
5742 4 2 3 3 2024 758 2 6
5743 4 2 3 3 1979 18 94 95
5744 4 2 3 3 75 428 984 877
5745 4 2 3 3 1263 465 1262 709
5746 4 2 3 3 1640 324 348 1548
5747 4 2 3 3 1731 1404 1299 1558
5748 4 2 3 3 323 265 342 1557
5749 4 2 3 3 1991 2002 14 2020
5750 4 2 3 3 279 1556 253 278
5751 4 2 3 3 2003 2002 2018 2630
5752 4 2 3 3 388 2495 204 205
5753 4 2 3 3 2571 840 83 82
5754 4 2 3 3 344 321 1484 252
5755 4 2 3 3 1628 1632 1701 61
5756 4 2 3 3 2576 1500 1148 1333
5757 4 2 3 3 1012 1038 2141 1021
5758 4 2 3 3 1775 1174 1297 1205
5759 4 2 3 3 1292 499 1318 502
5760 4 2 3 3 760 1008 186 2050
5761 4 2 3 3 2124 769 764 2120
5762 4 2 3 3 100 101 61 1628
5763 4 2 3 3 247 1631 1495 295
5764 4 2 3 3 1605 1179 1189 1506
5765 4 2 3 3 1049 1038 2142 1025
5766 4 2 3 3 981 803 197 373
5767 4 2 3 3 1617 59 260 60
5768 4 2 3 3 1676 1687 1614 1202
5769 4 2 3 3 1313 1573 1571 1572
5770 4 2 3 3 1617 1606 260 1603
5771 4 2 3 3 59 100 60 1691
5772 4 2 3 3 89 440 380 787
5773 4 2 3 3 761 2104 7 8
5774 4 2 3 3 1402 1736 1396 1721
5775 4 2 3 3 68 1712 1710 1711
5776 4 2 3 3 2083 1836 1835 1820
5777 4 2 3 3 465 696 1262 709
5778 4 2 3 3 1573 2323 1571 307
5779 4 2 3 3 2319 1578 1354 1667
5780 4 2 3 3 2495 386 2493 206
5781 4 2 3 3 2138 1035 1041 1022
5782 4 2 3 3 1606 295 60 260
5783 4 2 3 3 1434 1772 1409 1790
5784 4 2 3 3 1537 1399 1590 1535
5785 4 2 3 3 2256 2257 2359 2263
5786 4 2 3 3 503 502 1318 501
5787 4 2 3 3 1807 1567 1804 1802
5788 4 2 3 3 1239 141 698 1240
5789 4 2 3 3 1781 1704 1331 1779
5790 4 2 3 3 948 989 2151 2161
5791 4 2 3 3 1728 1719 1711 1733
5792 4 2 3 3 2669 2295 2294 2193
5793 4 2 3 3 834 2497 2425 2503
5794 4 2 3 3 1278 1718 1273 1627
5795 4 2 3 3 1026 180 211 2121
5796 4 2 3 3 1533 1435 286 287
5797 4 2 3 3 1499 1803 1485 1484
5798 4 2 3 3 252 1457 338 292
5799 4 2 3 3 804 395 204 205
5800 4 2 3 3 871 884 876 74
5801 4 2 3 3 1271 1627 1273 1626
5802 4 2 3 3 2125 2124 2134 2647
5803 4 2 3 3 444 2135 175 2647
5804 4 2 3 3 2363 2274 2150 2151
5805 4 2 3 3 1271 1278 1273 1627
5806 4 2 3 3 1825 1716 1821 1284
5807 4 2 3 3 55 335 1455 248
5808 4 2 3 3 1716 1825 1277 1284
5809 4 2 3 3 1604 1419 1418 1602
5810 4 2 3 3 1477 298 1494 297
5811 4 2 3 3 1698 1697 1495 1631
5812 4 2 3 3 1020 2123 2131 1028
5813 4 2 3 3 308 1523 1573 307
5814 4 2 3 3 433 409 2519 408
5815 4 2 3 3 39 2571 83 82
5816 4 2 3 3 68 1720 67 106
5817 4 2 3 3 512 1204 522 578
5818 4 2 3 3 1461 1457 1482 292
5819 4 2 3 3 1404 1719 1299 1409
5820 4 2 3 3 926 840 843 82
5821 4 2 3 3 2649 2142 2129 2512
5822 4 2 3 3 844 928 843 82
5823 4 2 3 3 2048 2050 2051 2047
5824 4 2 3 3 2431 81 844 82
5825 4 2 3 3 814 428 192 907
5826 4 2 3 3 1825 724 1277 1284
5827 4 2 3 3 398 400 2125 2120
5828 4 2 3 3 1825 1279 724 1284
5829 4 2 3 3 53 1762 94 95
5830 4 2 3 3 1762 1749 94 95
5831 4 2 3 3 1283 563 2719 644
5832 4 2 3 3 725 1271 1278 1273
5833 4 2 3 3 53 1762 52 94
5834 4 2 3 3 1675 58 1690 1688
5835 4 2 3 3 1478 1324 1702 2719
5836 4 2 3 3 1762 1749 52 94
5837 4 2 3 3 2310 2203 2204 2226
5838 4 2 3 3 2166 2164 2260 2262
5839 4 2 3 3 2294 2269 2665 2270
5840 4 2 3 3 168 1749 1823 1979
5841 4 2 3 3 1839 1995 1442 2594
5842 4 2 3 3 531 1808 650 541
5843 4 2 3 3 168 1979 18 94
5844 4 2 3 3 1170 1173 549 1732
5845 4 2 3 3 168 1749 1979 94
5846 4 2 3 3 264 1412 1813 1737
5847 4 2 3 3 2158 2596 1838 29
5848 4 2 3 3 475 1338 474 595
5849 4 2 3 3 1943 1940 1908 1350
5850 4 2 3 3 218 2684 1083 2379
5851 4 2 3 3 1947 2004 1946 2009
5852 4 2 3 3 345 1475 1645 1472
5853 4 2 3 3 2714 2561 2548 2685
5854 4 2 3 3 1755 54 1975 1754
5855 4 2 3 3 1968 1969 1190 1376
5856 4 2 3 3 746 629 1287 745
5857 4 2 3 3 782 106 370 105
5858 4 2 3 3 493 1194 1420 1352
5859 4 2 3 3 2714 2548 2677 2685
5860 4 2 3 3 1621 1692 1623 1330
5861 4 2 3 3 782 19 106 105
5862 4 2 3 3 1627 1271 1155 1626
5863 4 2 3 3 1786 359 104 65
5864 4 2 3 3 1389 1388 1777 1331
5865 4 2 3 3 1735 1734 1395 1733
5866 4 2 3 3 66 359 105 1722
5867 4 2 3 3 1160 1299 1384 1558
5868 4 2 3 3 519 1170 534 1177
5869 4 2 3 3 1173 1160 1790 1791
5870 4 2 3 3 1332 1706 1702 1701
5871 4 2 3 3 1434 1772 293 337
5872 4 2 3 3 1693 1674 1987 1692
5873 4 2 3 3 1410 1402 1724 1788
5874 4 2 3 3 1834 2110 2097 1721
5875 4 2 3 3 652 707 627 115
5876 4 2 3 3 741 598 1285 1267
5877 4 2 3 3 1748 748 1284 1277
5878 4 2 3 3 1576 1575 1168 1187
5879 4 2 3 3 1968 1970 1756 1365
5880 4 2 3 3 1413 2070 2065 2066
5881 4 2 3 3 587 1269 1714 648
5882 4 2 3 3 1271 1278 1277 724
5883 4 2 3 3 695 652 116 115
5884 4 2 3 3 1268 748 1284 1748
5885 4 2 3 3 2069 2079 1529 2076
5886 4 2 3 3 1709 2072 2092 1234
5887 4 2 3 3 629 152 746 1287
5888 4 2 3 3 740 455 654 1266
5889 4 2 3 3 553 1202 1201 566
5890 4 2 3 3 656 750 744 1284
5891 4 2 3 3 496 1193 494 495
5892 4 2 3 3 1279 737 724 1284
5893 4 2 3 3 537 527 1189 1616
5894 4 2 3 3 537 552 1616 658
5895 4 2 3 3 1268 750 656 1284
5896 4 2 3 3 1170 1161 1776 1175
5897 4 2 3 3 1956 1422 613 612
5898 4 2 3 3 56 1675 1985 97
5899 4 2 3 3 294 1461 1482 292
5900 4 2 3 3 465 616 126 709
5901 4 2 3 3 2394 2507 2381 2390
5902 4 2 3 3 287 289 1482 292
5903 4 2 3 3 616 125 126 669
5904 4 2 3 3 1435 1534 1483 1295
5905 4 2 3 3 1213 2057 137 138
5906 4 2 3 3 473 451 1213 472
5907 4 2 3 3 583 461 753 1267
5908 4 2 3 3 136 135 1216 467
5909 4 2 3 3 1534 1435 1608 1295
5910 4 2 3 3 1413 2066 2065 2063
5911 4 2 3 3 1587 1742 1343 1751
5912 4 2 3 3 1282 1238 1279 1821
5913 4 2 3 3 472 451 1213 137
5914 4 2 3 3 584 1740 1744 1268
5915 4 2 3 3 1207 1739 2079 2076
5916 4 2 3 3 1216 135 1222 467
5917 4 2 3 3 1980 1762 1765 1975
5918 4 2 3 3 1534 1485 1483 1295
5919 4 2 3 3 473 476 1378 1341
5920 4 2 3 3 1758 1374 1754 1745
5921 4 2 3 3 1741 1750 1737 1745
5922 4 2 3 3 1655 627 593 591
5923 4 2 3 3 2243 2213 2239 1169
5924 4 2 3 3 606 607 457 1508
5925 4 2 3 3 2057 450 137 138
5926 4 2 3 3 491 1183 489 1198
5927 4 2 3 3 1534 1608 1485 1295
5928 4 2 3 3 2598 2507 2394 2390
5929 4 2 3 3 1951 2530 1515 1422
5930 4 2 3 3 2444 2443 2445 2569
5931 4 2 3 3 42 41 2501 2503
5932 4 2 3 3 1630 1617 1306 1604
5933 4 2 3 3 130 674 599 129
5934 4 2 3 3 1808 597 650 1247
5935 4 2 3 3 344 320 1802 1810
5936 4 2 3 3 1182 1183 1679 1198
5937 4 2 3 3 1193 1630 1306 1604
5938 4 2 3 3 1196 488 1195 1614
5939 4 2 3 3 1620 1621 1623 1330
5940 4 2 3 3 1201 1202 1156 566
5941 4 2 3 3 2279 2300 1878 2480
5942 4 2 3 3 1900 1891 1886 2459
5943 4 2 3 3 1521 2576 1296 1171
5944 4 2 3 3 1337 2408 1147 2481
5945 4 2 3 3 1611 1617 1613 1306
5946 4 2 3 3 1160 1534 1209 1486
5947 4 2 3 3 570 1171 1209 1199
5948 4 2 3 3 2381 2386 2392 2390
5949 4 2 3 3 2382 2386 2381 2390
5950 4 2 3 3 2286 2695 2293 2401
5951 4 2 3 3 1216 136 638 469
5952 4 2 3 3 1415 2001 2012 1231
5953 4 2 3 3 702 1245 690 668
5954 4 2 3 3 2583 1336 2479 1876
5955 4 2 3 3 1845 1847 1568 2259
5956 4 2 3 3 1467 686 680 1242
5957 4 2 3 3 1156 1201 566 567
5958 4 2 3 3 1880 1498 2633 2635
5959 4 2 3 3 2585 2584 1263 1241
5960 4 2 3 3 1323 1611 1613 1306
5961 4 2 3 3 124 454 123 705
5962 4 2 3 3 1261 708 684 2628
5963 4 2 3 3 1194 554 525 493
5964 4 2 3 3 681 2604 679 2547
5965 4 2 3 3 2542 2329 2283 2623
5966 4 2 3 3 2482 2408 2490 2481
5967 4 2 3 3 2409 1250 2406 2545
5968 4 2 3 3 1323 1630 1306 1505
5969 4 2 3 3 2713 691 678 2667
5970 4 2 3 3 1235 1269 460 720
5971 4 2 3 3 2671 679 677 678
5972 4 2 3 3 1626 1304 1788 1966
5973 4 2 3 3 158 719 600 159
5974 4 2 3 3 727 728 734 1276
5975 4 2 3 3 1152 1282 1825 1279
5976 4 2 3 3 442 950 809 74
5977 4 2 3 3 1381 1276 1974 1767
5978 4 2 3 3 74 950 809 997
5979 4 2 3 3 1195 581 566 523
5980 4 2 3 3 1630 1193 1306 1505
5981 4 2 3 3 1389 1785 1332 1781
5982 4 2 3 3 1611 1630 1617 1306
5983 4 2 3 3 1675 1687 1690 1685
5984 4 2 3 3 620 453 150 745
5985 4 2 3 3 716 10 660 163
5986 4 2 3 3 2127 2137 2505 1039
5987 4 2 3 3 1531 1815 1821 1284
5988 4 2 3 3 547 1391 544 633
5989 4 2 3 3 586 587 648 1269
5990 4 2 3 3 1270 1269 723 722
5991 4 2 3 3 1238 651 623 573
5992 4 2 3 3 2146 2505 2504 1051
5993 4 2 3 3 1630 1611 1323 1306
5994 4 2 3 3 1292 1294 1317 1199
5995 4 2 3 3 1171 1336 1317 632
5996 4 2 3 3 2124 769 775 764
5997 4 2 3 3 368 401 195 404
5998 4 2 3 3 2136 2126 175 2647
5999 4 2 3 3 69 2105 2090 1832
6000 4 2 3 3 1336 1171 1317 1296
6001 4 2 3 3 559 558 632 1317
6002 4 2 3 3 1027 191 190 2120
6003 4 2 3 3 426 782 412 183
6004 4 2 3 3 2403 2654 2697 24
6005 4 2 3 3 2035 2286 2285 2401
6006 4 2 3 3 2025 2027 2022 2023
6007 4 2 3 3 2354 2355 2696 2358
6008 4 2 3 3 2334 1948 1444 2035
6009 4 2 3 3 1171 559 632 1317
6010 4 2 3 3 75 869 908 876
6011 4 2 3 3 1023 2125 193 1052
6012 4 2 3 3 2125 1023 193 194
6013 4 2 3 3 194 805 368 986
6014 4 2 3 3 803 78 435 373
6015 4 2 3 3 45 46 1564 327
6016 4 2 3 3 2673 2684 2677 1081
6017 4 2 3 3 2715 2683 2712 2178
6018 4 2 3 3 2285 2293 2402 2401
6019 4 2 3 3 807 1004 187 2051
6020 4 2 3 3 559 1171 558 1317
6021 4 2 3 3 858 77 874 857
6022 4 2 3 3 979 228 2468 799
6023 4 2 3 3 2301 2486 2425 1465
6024 4 2 3 3 2265 2149 2151 2161
6025 4 2 3 3 1444 1948 2286 2035
6026 4 2 3 3 948 971 990 2161
6027 4 2 3 3 971 2356 232 797
6028 4 2 3 3 2299 1877 2302 2479
6029 4 2 3 3 2570 39 38 82
6030 4 2 3 3 2171 2706 2690 2691
6031 4 2 3 3 2503 2497 2577 2501
6032 4 2 3 3 1573 1188 1328 1198
6033 4 2 3 3 2441 2431 2439 934
6034 4 2 3 3 1574 1575 1524 1570
6035 4 2 3 3 81 37 2430 36
6036 4 2 3 3 200 410 199 2518
6037 4 2 3 3 395 438 952 204
6038 4 2 3 3 2278 1335 1955 2283
6039 4 2 3 3 1523 1577 1524 1525
6040 4 2 3 3 1577 1578 1667 1524
6041 4 2 3 3 986 195 435 368
6042 4 2 3 3 395 366 952 438
6043 4 2 3 3 1082 2714 214 2548
6044 4 2 3 3 30 2367 1657 2412
6045 4 2 3 3 1226 1140 1911 1942
6046 4 2 3 3 80 848 847 968
6047 4 2 3 3 796 972 2340 214
6048 4 2 3 3 2427 33 2414 2426
6049 4 2 3 3 1673 2221 2248 2250
6050 4 2 3 3 1599 2160 2041 2029
6051 4 2 3 3 2548 1879 2711 214
6052 4 2 3 3 2285 2286 2293 2401
6053 4 2 3 3 2045 188 897 2029
6054 4 2 3 3 2548 1082 215 214
6055 4 2 3 3 1640 1642 1659 1650
6056 4 2 3 3 2557 2559 215 214
6057 4 2 3 3 166 993 1008 2047
6058 4 2 3 3 2548 1879 214 2559
6059 4 2 3 3 1806 1807 1883 1802
6060 4 2 3 3 2452 2422 1387 1148
6061 4 2 3 3 822 823 2150 821
6062 4 2 3 3 1870 2487 2534 225
6063 4 2 3 3 2535 224 225 2534
6064 4 2 3 3 1870 2702 225 2535
6065 4 2 3 3 231 230 945 2458
6066 4 2 3 3 893 2497 834 946
6067 4 2 3 3 827 825 2362 86
6068 4 2 3 3 85 1895 830 1945
6069 4 2 3 3 2535 1870 2534 225
6070 4 2 3 3 959 894 979 2404
6071 4 2 3 3 905 870 824 87
6072 4 2 3 3 2159 970 867 931
6073 4 2 3 3 44 1806 1811 1799
6074 4 2 3 3 1523 1577 1569 1524
6075 4 2 3 3 1447 1753 249 1967
6076 4 2 3 3 881 1004 2046 978
6077 4 2 3 3 1808 2168 2165 1888
6078 4 2 3 3 2363 2274 2161 2162
6079 4 2 3 3 335 1447 249 1967
6080 4 2 3 3 1544 1545 262 1593
6081 4 2 3 3 400 193 192 446
6082 4 2 3 3 2529 2491 2599 2600
6083 4 2 3 3 2213 2233 2316 1518
6084 4 2 3 3 839 840 926 83
6085 4 2 3 3 1544 1594 1339 1593
6086 4 2 3 3 2214 1671 2318 2215
6087 4 2 3 3 2415 910 2413 2368
6088 4 2 3 3 1035 1022 2505 1039
6089 4 2 3 3 1610 1617 260 1603
6090 4 2 3 3 295 302 260 1603
6091 4 2 3 3 840 837 841 2571
6092 4 2 3 3 302 1610 260 1603
6093 4 2 3 3 1589 1584 271 270
6094 4 2 3 3 2475 2277 1878 2483
6095 4 2 3 3 812 199 940 415
6096 4 2 3 3 2480 2305 1241 2479
6097 4 2 3 3 329 1589 249 270
6098 4 2 3 3 249 1589 271 270
6099 4 2 3 3 936 2441 2439 934
6100 4 2 3 3 299 301 304 1417
6101 4 2 3 3 1047 2127 1018 1039
6102 4 2 3 3 1448 1447 271 273
6103 4 2 3 3 1896 829 880 828
6104 4 2 3 3 2362 44 2274 1799
6105 4 2 3 3 2027 2025 2350 2034
6106 4 2 3 3 88 87 2150 822
6107 4 2 3 3 958 1002 935 2296
6108 4 2 3 3 2280 2531 958 1002
6109 4 2 3 3 848 2430 847 846
6110 4 2 3 3 1447 1448 271 1469
6111 4 2 3 3 1542 283 281 282
6112 4 2 3 3 2486 2572 2580 2449
6113 4 2 3 3 1870 2300 2483 2702
6114 4 2 3 3 1542 291 281 283
6115 4 2 3 3 2131 2123 2514 1028
6116 4 2 3 3 2136 2135 2515 2514
6117 4 2 3 3 1523 2323 1573 307
6118 4 2 3 3 1544 1837 1526 1339
6119 4 2 3 3 1015 1013 1020 2123
6120 4 2 3 3 887 83 1006 886
6121 4 2 3 3 870 88 902 901
6122 4 2 3 3 1837 1544 1594 1339
6123 4 2 3 3 1915 1940 1943 1350
6124 4 2 3 3 1895 43 42 352
6125 4 2 3 3 1912 1939 1657 1908
6126 4 2 3 3 2575 2636 2580 1460
6127 4 2 3 3 2592 1945 2500 2590
6128 4 2 3 3 2487 2277 2483 1870
6129 4 2 3 3 339 1609 1768 293
6130 4 2 3 3 829 880 946 2500
6131 4 2 3 3 980 80 929 968
6132 4 2 3 3 1609 1434 1768 293
6133 4 2 3 3 202 366 425 203
6134 4 2 3 3 208 2146 2504 1051
6135 4 2 3 3 1434 1609 339 293
6136 4 2 3 3 44 87 86 2362
6137 4 2 3 3 2640 2144 2642 2130
6138 4 2 3 3 1510 1512 1515 1428
6139 4 2 3 3 2497 965 2502 2500
6140 4 2 3 3 1940 1928 1930 1931
6141 4 2 3 3 2312 1928 1908 1943
6142 4 2 3 3 869 75 865 866
6143 4 2 3 3 2651 410 2519 2518
6144 4 2 3 3 1907 1923 1922 1908
6145 4 2 3 3 1014 2138 1035 1021
6146 4 2 3 3 2640 2649 2642 2641
6147 4 2 3 3 304 1426 303 1601
6148 4 2 3 3 2572 837 83 2571
6149 4 2 3 3 1564 45 1811 1845
6150 4 2 3 3 1928 1940 1908 1943
6151 4 2 3 3 1915 1658 1657 1908
6152 4 2 3 3 387 388 386 2495
6153 4 2 3 3 385 208 2504 207
6154 4 2 3 3 2559 2190 1920 2206
6155 4 2 3 3 2024 2048 758 6
6156 4 2 3 3 222 2613 2491 2536
6157 4 2 3 3 223 222 987 2491
6158 4 2 3 3 1093 2616 1085 2678
6159 4 2 3 3 1077 1079 2679 1085
6160 4 2 3 3 2508 2615 2699 2492
6161 4 2 3 3 2661 1071 1068 1077
6162 4 2 3 3 2419 2306 1898 2471
6163 4 2 3 3 1088 2682 1073 1062
6164 4 2 3 3 2420 1436 2307 1898
6165 4 2 3 3 2365 2361 2631 2162
6166 4 2 3 3 1058 2694 1098 1076
6167 4 2 3 3 2388 220 2619 2210
6168 4 2 3 3 2388 2397 2210 2619
6169 4 2 3 3 883 2376 914 2373
6170 4 2 3 3 1927 1360 1670 2219
6171 4 2 3 3 1079 2679 1085 1053
6172 4 2 3 3 2396 2388 2393 2392
6173 4 2 3 3 2397 2201 2395 2396
6174 4 2 3 3 2483 959 801 226
6175 4 2 3 3 2311 2399 2204 2314
6176 4 2 3 3 829 1896 880 2500
6177 4 2 3 3 1078 2681 1065 2656
6178 4 2 3 3 1147 2408 2482 2481
6179 4 2 3 3 1089 1055 2690 1075
6180 4 2 3 3 2659 2658 2655 2656
6181 4 2 3 3 1879 2340 214 2559
6182 4 2 3 3 1972 1970 1361 1969
6183 4 2 3 3 216 2559 2560 215
6184 4 2 3 3 335 274 1373 248
6185 4 2 3 3 1983 1972 1361 1981
6186 4 2 3 3 455 1973 1266 643
6187 4 2 3 3 1371 1687 1981 1685
6188 4 2 3 3 1980 1979 1985 1990
6189 4 2 3 3 18 367 175 449
6190 4 2 3 3 653 1237 456 571
6191 4 2 3 3 506 1171 558 559
6192 4 2 3 3 1959 1161 1170 1175
6193 4 2 3 3 1772 1434 1300 1790
6194 4 2 3 3 1205 508 528 1175
6195 4 2 3 3 1389 1781 1777 1776
6196 4 2 3 3 1783 1782 1776 1778
6197 4 2 3 3 1981 1456 1361 1969
6198 4 2 3 3 1174 1775 1172 508
6199 4 2 3 3 1984 1687 1685 1981
6200 4 2 3 3 1470 1469 1471 1587
6201 4 2 3 3 1193 1183 1352 1789
6202 4 2 3 3 1291 1697 1493 1604
6203 4 2 3 3 2217 2246 2250 2248
6204 4 2 3 3 197 981 373 436
6205 4 2 3 3 1045 2122 2132 2128
6206 4 2 3 3 554 498 1200 1310
6207 4 2 3 3 1245 1655 1167 591
6208 4 2 3 3 485 1359 484 1356
6209 4 2 3 3 628 1357 1635 2383
6210 4 2 3 3 1190 1969 1453 1452
6211 4 2 3 3 33 2427 1922 1669
6212 4 2 3 3 2559 2563 1921 2603
6213 4 2 3 3 1456 1972 1361 1969
6214 4 2 3 3 1309 301 1429 1427
6215 4 2 3 3 392 2649 390 391
6216 4 2 3 3 1305 1697 1320 1321
6217 4 2 3 3 1237 528 1778 1776
6218 4 2 3 3 1458 255 1596 326
6219 4 2 3 3 664 603 1208 467
6220 4 2 3 3 255 300 1596 326
6221 4 2 3 3 549 1173 514 1732
6222 4 2 3 3 1233 572 1395 1177
6223 4 2 3 3 1815 1740 2099 2098
6224 4 2 3 3 750 737 744 1284
6225 4 2 3 3 2079 1529 2075 1814
6226 4 2 3 3 2343 1911 1658 1350
6227 4 2 3 3 1349 520 1226 589
6228 4 2 3 3 653 601 1778 533
6229 4 2 3 3 1152 1282 1279 1821
6230 4 2 3 3 1283 657 755 456
6231 4 2 3 3 1288 1163 755 742
6232 4 2 3 3 2488 2443 2281 2445
6233 4 2 3 3 1775 508 1205 1175
6234 4 2 3 3 300 301 1596 326
6235 4 2 3 3 1592 1166 1220 1240
6236 4 2 3 3 1248 2671 2462 677
6237 4 2 3 3 1808 532 597 1247
6238 4 2 3 3 2462 1468 2461 2177
6239 4 2 3 3 2716 2704 2703 1868
6240 4 2 3 3 2508 223 2492 2533
6241 4 2 3 3 2169 2168 2456 1438
6242 4 2 3 3 1972 1456 1361 1981
6243 4 2 3 3 1003 979 2468 799
6244 4 2 3 3 1280 1289 1677 1201
6245 4 2 3 3 1520 1261 2240 1143
6246 4 2 3 3 2444 1951 1422 2530
6247 4 2 3 3 2717 2114 1408 1265
6248 4 2 3 3 508 1205 528 569
6249 4 2 3 3 1793 1786 1798 1788
6250 4 2 3 3 1434 1772 1300 1768
6251 4 2 3 3 359 1797 1793 1722
6252 4 2 3 3 1576 1187 1197 1186
6253 4 2 3 3 1367 1381 1677 1377
6254 4 2 3 3 658 1289 1178 1287
6255 4 2 3 3 629 649 1287 538
6256 4 2 3 3 2327 2509 2489 1954
6257 4 2 3 3 1609 1851 339 251
6258 4 2 3 3 1704 1331 1779 1297
6259 4 2 3 3 1676 1195 1377 1677
6260 4 2 3 3 1435 1437 285 321
6261 4 2 3 3 717 733 754 1164
6262 4 2 3 3 1480 1783 1275 1408
6263 4 2 3 3 1370 1690 1613 1689
6264 4 2 3 3 1687 1371 1981 1983
6265 4 2 3 3 1371 1983 1982 1981
6266 4 2 3 3 1447 335 1373 1967
6267 4 2 3 3 1532 19 369 412
6268 4 2 3 3 2569 1871 1952 2445
6269 4 2 3 3 78 79 373 885
6270 4 2 3 3 1477 1697 1493 1495
6271 4 2 3 3 1182 551 526 494
6272 4 2 3 3 1503 2322 1510 1314
6273 4 2 3 3 473 475 1341 1580
6274 4 2 3 3 1652 1904 594 1223
6275 4 2 3 3 1648 2367 2415 2412
6276 4 2 3 3 1357 628 1635 634
6277 4 2 3 3 1578 1667 1634 2511
6278 4 2 3 3 2521 2375 1930 1912
6279 4 2 3 3 2636 2575 1877 1460
6280 4 2 3 3 1871 1872 2281 2445
6281 4 2 3 3 2058 1391 547 633
6282 4 2 3 3 183 19 412 369
6283 4 2 3 3 1872 2447 2281 2445
6284 4 2 3 3 1346 1904 1910 594
6285 4 2 3 3 2343 1226 1911 2550
6286 4 2 3 3 1904 1654 1910 1223
6287 4 2 3 3 1655 591 589 1167
6288 4 2 3 3 1914 1345 1656 2184
6289 4 2 3 3 1447 1192 1473 1471
6290 4 2 3 3 2625 2253 2251 2612
6291 4 2 3 3 2387 2222 2252 2385
6292 4 2 3 3 1330 1506 1689 1372
6293 4 2 3 3 560 1356 515 634
6294 4 2 3 3 1334 2704 2407 2405
6295 4 2 3 3 2224 2247 1433 2251
6296 4 2 3 3 2229 2225 2251 2226
6297 4 2 3 3 1474 1326 1473 2511
6298 4 2 3 3 1982 1981 1361 1969
6299 4 2 3 3 258 1588 1642 1548
6300 4 2 3 3 1506 1615 1689 1372
6301 4 2 3 3 1764 1990 1989 1766
6302 4 2 3 3 1216 1227 1208 2066
6303 4 2 3 3 2109 2102 2119 1822
6304 4 2 3 3 1289 756 1264 731
6305 4 2 3 3 1381 1760 1677 1377
6306 4 2 3 3 1282 1270 743 722
6307 4 2 3 3 1852 1391 1726 1553
6308 4 2 3 3 1270 2114 1715 1627
6309 4 2 3 3 1235 1269 1265 1232
6310 4 2 3 3 1052 2125 193 192
6311 4 2 3 3 367 18 2643 416
6312 4 2 3 3 1532 1723 105 1722
6313 4 2 3 3 2060 2056 2064 2055
6314 4 2 3 3 1531 1815 2099 2095
6315 4 2 3 3 2056 1227 2063 2065
6316 4 2 3 3 264 1737 329 347
6317 4 2 3 3 2530 1951 2237 1953
6318 4 2 3 3 2243 2244 2611 2610
6319 4 2 3 3 938 2433 2432 2599
6320 4 2 3 3 2608 2223 1519 2613
6321 4 2 3 3 1434 285 1409 284
6322 4 2 3 3 1522 1500 1333 1461
6323 4 2 3 3 1434 1609 286 339
6324 4 2 3 3 1851 1774 1609 1608
6325 4 2 3 3 1388 504 1318 501
6326 4 2 3 3 2366 1446 2664 2688
6327 4 2 3 3 1950 1949 2293 2339
6328 4 2 3 3 2014 1443 1592 2261
6329 4 2 3 3 1289 1280 1677 1264
6330 4 2 3 3 1898 2419 1897 2456
6331 4 2 3 3 2045 189 2292 2285
6332 4 2 3 3 1851 1294 1383 1479
6333 4 2 3 3 1457 42 252 338
6334 4 2 3 3 827 825 86 953
6335 4 2 3 3 1066 1065 2656 1074
6336 4 2 3 3 1294 1459 1383 1598
6337 4 2 3 3 2013 1217 1230 1231
6338 4 2 3 3 400 428 193 446
6339 4 2 3 3 2454 2460 1899 1888
6340 4 2 3 3 1459 1598 294 1482
6341 4 2 3 3 2552 672 694 693
6342 4 2 3 3 1939 2602 1941 1931
6343 4 2 3 3 662 576 1240 141
6344 4 2 3 3 1521 1499 1482 1461
6345 4 2 3 3 1937 1938 2371 2412
6346 4 2 3 3 254 1597 1428 1427
6347 4 2 3 3 2571 840 842 841
6348 4 2 3 3 298 1309 1495 1494
6349 4 2 3 3 443 2645 183 369
6350 4 2 3 3 443 420 2645 369
6351 4 2 3 3 1851 1294 1608 1383
6352 4 2 3 3 1583 1652 1581 478
6353 4 2 3 3 2182 2185 2337 2007
6354 4 2 3 3 2017 1991 2008 2000
6355 4 2 3 3 2344 1915 2341 1913
6356 4 2 3 3 1459 1294 1383 1482
6357 4 2 3 3 2016 2289 2260 2014
6358 4 2 3 3 313 306 1504 1612
6359 4 2 3 3 1611 1606 1307 60
6360 4 2 3 3 560 524 490 1188
6361 4 2 3 3 317 254 1417 304
6362 4 2 3 3 7 169 107 787
6363 4 2 3 3 1632 1633 1619 1618
6364 4 2 3 3 1680 1572 1678 1449
6365 4 2 3 3 2110 1834 2096 1832
6366 4 2 3 3 1148 1499 1890 1210
6367 4 2 3 3 2576 2422 2423 1148
6368 4 2 3 3 1435 1483 1482 1295
6369 4 2 3 3 2575 1522 1462 1875
6370 4 2 3 3 895 838 2404 2425
6371 4 2 3 3 1695 102 1694 1770
6372 4 2 3 3 2584 1463 1263 1241
6373 4 2 3 3 539 1392 536 1400
6374 4 2 3 3 81 80 929 372
6375 4 2 3 3 1556 1564 1552 1539
6376 4 2 3 3 1727 1726 1725 1394
6377 4 2 3 3 2411 76 2412 2368
6378 4 2 3 3 1542 1554 1557 1541
6379 4 2 3 3 1835 1836 1537 2064
6380 4 2 3 3 1368 2060 1856 1837
6381 4 2 3 3 90 89 380 781
6382 4 2 3 3 2645 2646 2140 2644
6383 4 2 3 3 384 2506 382 383
6384 4 2 3 3 2022 12 2008 2021
6385 4 2 3 3 1726 543 544 1394
6386 4 2 3 3 1862 1863 2012 2011
6387 4 2 3 3 1565 1564 1860 1539
6388 4 2 3 3 1805 513 1176 1558
6389 4 2 3 3 1343 1191 479 480
6390 4 2 3 3 1359 1356 1635 515
6391 4 2 3 3 1303 1982 1981 1682
6392 4 2 3 3 1357 1508 2611 2610
6393 4 2 3 3 2411 31 76 351
6394 4 2 3 3 301 299 1309 1429
6395 4 2 3 3 1750 1752 1737 1745
6396 4 2 3 3 418 394 2643 391
6397 4 2 3 3 1753 1589 1587 1469
6398 4 2 3 3 1753 1742 1587 1741
6399 4 2 3 3 1589 1753 1587 1741
6400 4 2 3 3 1609 1533 1383 1608
6401 4 2 3 3 289 290 288 1383
6402 4 2 3 3 1609 1851 1383 288
6403 4 2 3 3 290 1479 1383 1598
6404 4 2 3 3 290 1479 325 1383
6405 4 2 3 3 289 1533 288 287
6406 4 2 3 3 2137 185 2140 2145
6407 4 2 3 3 1633 1632 1628 1691
6408 4 2 3 3 1479 1294 1383 1598
6409 4 2 3 3 432 418 2643 391
6410 4 2 3 3 2649 389 390 391
6411 4 2 3 3 2142 2143 204 390
6412 4 2 3 3 306 311 1504 1612
6413 4 2 3 3 388 438 204 390
6414 4 2 3 3 2142 2649 390 425
6415 4 2 3 3 12 46 1859 2021
6416 4 2 3 3 1907 1918 1347 1476
6417 4 2 3 3 392 2649 425 390
6418 4 2 3 3 1907 1909 1942 1908
6419 4 2 3 3 871 869 75 876
6420 4 2 3 3 2521 2598 2375 2374
6421 4 2 3 3 2669 2670 2270 2667
6422 4 2 3 3 1905 2595 1659 1903
6423 4 2 3 3 1338 595 1651 1340
6424 4 2 3 3 543 542 544 1394
6425 4 2 3 3 2060 2061 1856 1213
6426 4 2 3 3 2416 1912 1657 2412
6427 4 2 3 3 2682 2655 2676 2172
6428 4 2 3 3 1727 1729 1395 1394
6429 4 2 3 3 1663 2340 1842 2186
6430 4 2 3 3 2190 2561 2206 2603
6431 4 2 3 3 1647 1906 1657 1908
6432 4 2 3 3 2257 2256 2350 2025
6433 4 2 3 3 2182 2006 1444 1948
6434 4 2 3 3 1758 1762 1975 1765
6435 4 2 3 3 1729 1727 1725 1394
6436 4 2 3 3 1696 1695 1694 1770
6437 4 2 3 3 1684 1371 1683 1614
6438 4 2 3 3 1182 1370 1689 1615
6439 4 2 3 3 730 727 731 1624
6440 4 2 3 3 1685 1686 1681 1682
6441 4 2 3 3 308 313 306 1571
6442 4 2 3 3 1982 1303 1684 1682
6443 4 2 3 3 2552 1141 1167 2551
6444 4 2 3 3 2312 1360 2383 2218
6445 4 2 3 3 97 1693 1985 1988
6446 4 2 3 3 1161 1961 1960 1405
6447 4 2 3 3 1170 1161 1405 1177
6448 4 2 3 3 2643 100 416 18
6449 4 2 3 3 1302 1304 1771 1788
6450 4 2 3 3 374 18 449 97
6451 4 2 3 3 216 913 974 2522
6452 4 2 3 3 62 1694 1701 61
6453 4 2 3 3 285 1437 1409 283
6454 4 2 3 3 2055 2056 2065 2062
6455 4 2 3 3 2001 1225 1231 1536
6456 4 2 3 3 1708 1707 1725 1557
6457 4 2 3 3 1830 1833 1710 1831
6458 4 2 3 3 1769 1773 1790 1779
6459 4 2 3 3 1852 1726 1725 1557
6460 4 2 3 3 1823 1822 2119 2086
6461 4 2 3 3 748 1268 1267 1748
6462 4 2 3 3 2072 1393 2091 1234
6463 4 2 3 3 2113 1403 2110 2096
6464 4 2 3 3 1379 1530 1766 1747
6465 4 2 3 3 1369 2116 1990 2100
6466 4 2 3 3 2107 2105 2106 2118
6467 4 2 3 3 1767 1276 1273 1154
6468 4 2 3 3 2103 1531 2099 2095
6469 4 2 3 3 1410 1411 1265 1714
6470 4 2 3 3 2071 1708 1726 1391
6471 4 2 3 3 1543 1384 1558 1810
6472 4 2 3 3 1719 67 1711 1733
6473 4 2 3 3 103 1532 1770 1695
6474 4 2 3 3 2105 1824 2118 2107
6475 4 2 3 3 748 714 736 1267
6476 4 2 3 3 1371 1676 1195 1982
6477 4 2 3 3 1152 1716 1825 1715
6478 4 2 3 3 1531 1716 1277 1284
6479 4 2 3 3 1268 626 1284 656
6480 4 2 3 3 1378 1739 1208 2075
6481 4 2 3 3 1380 1747 1767 1744
6482 4 2 3 3 1983 1195 1982 1214
6483 4 2 3 3 1380 1978 1989 1766
6484 4 2 3 3 1857 1858 1581 1341
6485 4 2 3 3 1819 2060 1813 1368
6486 4 2 3 3 2083 2053 2052 2073
6487 4 2 3 3 1429 299 303 304
6488 4 2 3 3 55 335 54 1967
6489 4 2 3 3 1685 1371 1682 1981
6490 4 2 3 3 1851 1703 251 1768
6491 4 2 3 3 1161 1959 1958 1792
6492 4 2 3 3 1774 1768 1790 1779
6493 4 2 3 3 1703 1704 1700 63
6494 4 2 3 3 1781 1704 1769 1780
6495 4 2 3 3 68 1707 265 330
6496 4 2 3 3 1796 1730 65 1772
6497 4 2 3 3 512 513 511 1176
6498 4 2 3 3 1434 1772 1768 293
6499 4 2 3 3 1161 1170 1405 1397
6500 4 2 3 3 587 642 1235 460
6501 4 2 3 3 1269 712 721 722
6502 4 2 3 3 1276 1264 1273 1623
6503 4 2 3 3 2105 1830 2090 1832
6504 4 2 3 3 1177 1170 1395 1405
6505 4 2 3 3 1170 1397 1395 1405
6506 4 2 3 3 726 730 732 1275
6507 4 2 3 3 1480 1332 1702 2719
6508 4 2 3 3 546 1233 1395 545
6509 4 2 3 3 626 1238 1284 656
6510 4 2 3 3 1961 1795 1794 1798
6511 4 2 3 3 1716 2113 1627 1715
6512 4 2 3 3 414 201 413 425
6513 4 2 3 3 88 901 822 820
6514 4 2 3 3 1880 2633 1899 2469
6515 4 2 3 3 2353 2356 2360 2042
6516 4 2 3 3 519 528 1175 1776
6517 4 2 3 3 2059 2057 1213 1219
6518 4 2 3 3 2097 2113 2096 2117
6519 4 2 3 3 195 2134 194 1042
6520 4 2 3 3 1391 1829 2058 2063
6521 4 2 3 3 2071 1393 2063 1391
6522 4 2 3 3 619 1488 1340 2594
6523 4 2 3 3 1338 474 1340 1580
6524 4 2 3 3 1655 1346 2184 2341
6525 4 2 3 3 1652 1586 1582 1650
6526 4 2 3 3 802 201 413 414
6527 4 2 3 3 1948 2027 2020 2010
6528 4 2 3 3 2267 2149 2360 2161
6529 4 2 3 3 2257 2027 2022 2025
6530 4 2 3 3 2039 2025 2024 2029
6531 4 2 3 3 1893 2471 2469 2468
6532 4 2 3 3 1399 1539 1591 1590
6533 4 2 3 3 823 2362 2150 966
6534 4 2 3 3 1817 52 93 51
6535 4 2 3 3 87 45 2150 2362
6536 4 2 3 3 1400 1565 1845 1846
6537 4 2 3 3 46 2037 6 88
6538 4 2 3 3 2109 1817 93 51
6539 4 2 3 3 2569 1952 2281 2445
6540 4 2 3 3 1951 2444 2569 2443
6541 4 2 3 3 168 1749 94 93
6542 4 2 3 3 1319 1872 2446 2445
6543 4 2 3 3 2278 2277 2489 1954
6544 4 2 3 3 231 2464 230 2458
6545 4 2 3 3 2470 2472 2469 2633
6546 4 2 3 3 1884 531 517 1398
6547 4 2 3 3 2407 2409 2307 2457
6548 4 2 3 3 966 873 2151 821
6549 4 2 3 3 1216 639 469 547
6550 4 2 3 3 1555 1563 1559 1385
6551 4 2 3 3 1158 2452 2460 2459
6552 4 2 3 3 196 373 435 404
6553 4 2 3 3 1171 570 1209 1210
6554 4 2 3 3 1486 1204 1890 1210
6555 4 2 3 3 2584 2585 2480 2305
6556 4 2 3 3 2301 2486 2580 2449
6557 4 2 3 3 2692 2693 2588 2605
6558 4 2 3 3 2692 2657 2690 2653
6559 4 2 3 3 2279 2485 1466 1878
6560 4 2 3 3 803 967 196 435
6561 4 2 3 3 1652 1651 1903 1902
6562 4 2 3 3 1655 2343 1638 1167
6563 4 2 3 3 483 1181 1191 482
6564 4 2 3 3 1760 1377 1978 1375
6565 4 2 3 3 1914 1345 2184 2183
6566 4 2 3 3 2344 2553 1638 2343
6567 4 2 3 3 2240 685 710 667
6568 4 2 3 3 1917 2345 2344 1941
6569 4 2 3 3 373 803 196 435
6570 4 2 3 3 1939 1940 1931 2555
6571 4 2 3 3 2371 2413 2368 2412
6572 4 2 3 3 2207 1255 2314 2369
6573 4 2 3 3 1655 2344 1638 2343
6574 4 2 3 3 1916 2345 1638 1245
6575 4 2 3 3 2598 2521 2375 1930
6576 4 2 3 3 1653 1654 1647 1656
6577 4 2 3 3 1938 2521 2375 2374
6578 4 2 3 3 2598 2376 2390 2394
6579 4 2 3 3 2562 2557 2522 1919
6580 4 2 3 3 1939 1912 1930 1908
6581 4 2 3 3 2521 2400 2371 1649
6582 4 2 3 3 1647 1654 1909 1658
6583 4 2 3 3 970 2209 911 973
6584 4 2 3 3 1344 1662 1657 1913
6585 4 2 3 3 2354 234 2358 2402
6586 4 2 3 3 1948 2035 2350 2401
6587 4 2 3 3 189 2045 988 2285
6588 4 2 3 3 2285 2293 24 2402
6589 4 2 3 3 2334 2035 2337 2045
6590 4 2 3 3 2149 821 2150 2151
6591 4 2 3 3 2688 2676 2663 2686
6592 4 2 3 3 2027 2257 2350 2025
6593 4 2 3 3 1170 1397 1732 1395
6594 4 2 3 3 1389 1783 1776 1777
6595 4 2 3 3 1727 1725 1710 1711
6596 4 2 3 3 1960 1796 1792 1958
6597 4 2 3 3 1233 1736 1405 1734
6598 4 2 3 3 1775 1205 1779 1175
6599 4 2 3 3 195 196 435 404
6600 4 2 3 3 1181 484 1187 1936
6601 4 2 3 3 1984 56 55 1456
6602 4 2 3 3 584 637 1267 1744
6603 4 2 3 3 1140 1349 1924 1226
6604 4 2 3 3 967 196 435 195
6605 4 2 3 3 1181 1585 588 1646
6606 4 2 3 3 1355 2214 2242 2248
6607 4 2 3 3 1587 1589 1582 1584
6608 4 2 3 3 1751 1742 1374 1745
6609 4 2 3 3 2164 2258 1864 2261
6610 4 2 3 3 1991 1993 2000 2002
6611 4 2 3 3 6 759 2046 2048
6612 4 2 3 3 2168 2152 1887 2458
6613 4 2 3 3 1442 1946 2630 1855
6614 4 2 3 3 1938 2416 2413 2412
6615 4 2 3 3 2695 2006 2016 2401
6616 4 2 3 3 2004 1994 2009 2002
6617 4 2 3 3 2120 191 192 1030
6618 4 2 3 3 2355 2044 2696 2698
6619 4 2 3 3 2295 2667 2666 2291
6620 4 2 3 3 2712 2187 2194 2348
6621 4 2 3 3 697 1600 1257 1248
6622 4 2 3 3 2199 2713 2347 689
6623 4 2 3 3 2371 1938 2413 2412
6624 4 2 3 3 2031 5 28 1
6625 4 2 3 3 2157 2256 2263 2156
6626 4 2 3 3 1880 2635 1887 1899
6627 4 2 3 3 193 428 192 446
6628 4 2 3 3 2262 2164 2261 1166
6629 4 2 3 3 1781 1779 1777 1776
6630 4 2 3 3 188 2255 2272 896
6631 4 2 3 3 2158 871 2349 931
6632 4 2 3 3 2158 1838 2593 2031
6633 4 2 3 3 1653 1642 29 30
6634 4 2 3 3 188 2039 2255 187
6635 4 2 3 3 2334 2607 2035 2032
6636 4 2 3 3 2351 2042 1416 2260
6637 4 2 3 3 378 814 428 446
6638 4 2 3 3 993 2637 976 889
6639 4 2 3 3 2521 1938 1912 2416
6640 4 2 3 3 1587 1742 1751 1858
6641 4 2 3 3 1848 2070 2062 2065
6642 4 2 3 3 378 191 814 446
6643 4 2 3 3 1752 1739 1378 1827
6644 4 2 3 3 2061 2067 2075 1813
6645 4 2 3 3 1741 1589 329 1737
6646 4 2 3 3 2069 1207 2080 2098
6647 4 2 3 3 2094 2105 2093 2106
6648 4 2 3 3 11 2082 2085 2052
6649 4 2 3 3 68 69 1707 1710
6650 4 2 3 3 1234 2072 2063 2066
6651 4 2 3 3 584 663 637 1744
6652 4 2 3 3 1827 1752 2078 1378
6653 4 2 3 3 1759 1380 1744 1766
6654 4 2 3 3 2113 1627 1626 2117
6655 4 2 3 3 1817 1816 2101 1826
6656 4 2 3 3 729 723 1265 721
6657 4 2 3 3 1269 1270 1265 1714
6658 4 2 3 3 1815 1222 1821 1284
6659 4 2 3 3 1713 2091 1396 1834
6660 4 2 3 3 1151 1748 1284 1277
6661 4 2 3 3 1235 719 720 600
6662 4 2 3 3 2079 1826 2077 1814
6663 4 2 3 3 2102 2094 2077 2101
6664 4 2 3 3 341 264 1528 2088
6665 4 2 3 3 1233 548 1714 1165
6666 4 2 3 3 216 913 2520 991
6667 4 2 3 3 2055 1829 1820 2054
6668 4 2 3 3 1739 1740 1815 2098
6669 4 2 3 3 1827 1739 2079 2098
6670 4 2 3 3 547 1393 545 544
6671 4 2 3 3 2643 101 371 100
6672 4 2 3 3 729 2717 2114 723
6673 4 2 3 3 1714 1411 1265 1232
6674 4 2 3 3 2114 1410 1265 1715
6675 4 2 3 3 2210 2617 2619 2680
6676 4 2 3 3 890 888 2349 808
6677 4 2 3 3 814 378 428 984
6678 4 2 3 3 1862 1861 1845 1864
6679 4 2 3 3 2353 2042 2359 1416
6680 4 2 3 3 398 399 397 2648
6681 4 2 3 3 398 191 446 192
6682 4 2 3 3 2651 197 1033 2514
6683 4 2 3 3 889 2637 888 808
6684 4 2 3 3 2353 2351 2042 1416
6685 4 2 3 3 1178 1289 1677 1623
6686 4 2 3 3 1501 1502 1313 1571
6687 4 2 3 3 477 1343 479 480
6688 4 2 3 3 429 763 2647 175
6689 4 2 3 3 2146 2506 2504 2646
6690 4 2 3 3 1346 594 589 593
6691 4 2 3 3 1447 1589 271 249
6692 4 2 3 3 1013 177 2122 2123
6693 4 2 3 3 185 1012 1010 2132
6694 4 2 3 3 1346 1655 593 589
6695 4 2 3 3 1195 1202 1156 1677
6696 4 2 3 3 2143 2142 2141 2641
6697 4 2 3 3 1181 1349 588 482
6698 4 2 3 3 59 1611 60 1617
6699 4 2 3 3 444 430 175 2135
6700 4 2 3 3 2115 2100 1963 2096
6701 4 2 3 3 2031 28 2018 1
6702 4 2 3 3 2593 2032 2040 2031
6703 4 2 3 3 1888 2167 1899 1406
6704 4 2 3 3 231 2365 2687 2458
6705 4 2 3 3 1049 1036 204 2143
6706 4 2 3 3 2455 1436 2419 2306
6707 4 2 3 3 2268 2269 2357 2154
6708 4 2 3 3 2169 2168 2166 1441
6709 4 2 3 3 1290 1309 1427 1493
6710 4 2 3 3 1149 1243 1440 2456
6711 4 2 3 3 2450 2364 2457 2175
6712 4 2 3 3 320 1566 1560 263
6713 4 2 3 3 1542 279 1560 1541
6714 4 2 3 3 906 872 86 87
6715 4 2 3 3 1499 1148 1889 1333
6716 4 2 3 3 2684 2560 2685 2677
6717 4 2 3 3 2616 2333 2619 220
6718 4 2 3 3 2201 2705 2397 1363
6719 4 2 3 3 667 119 711 457
6720 4 2 3 3 1916 1245 690 1639
6721 4 2 3 3 2625 1520 2253 2612
6722 4 2 3 3 1418 1425 1427 1428
6723 4 2 3 3 2559 2603 2206 1920
6724 4 2 3 3 2387 2222 2226 2252
6725 4 2 3 3 982 220 219 2380
6726 4 2 3 3 2191 2190 2205 2558
6727 4 2 3 3 2408 1335 2283 2282
6728 4 2 3 3 1091 2706 2690 2605
6729 4 2 3 3 35 34 2211 2524
6730 4 2 3 3 1057 1080 1083 2395
6731 4 2 3 3 2438 2429 1430 1953
6732 4 2 3 3 1518 2528 2523 2325
6733 4 2 3 3 1595 1425 1427 1418
6734 4 2 3 3 2530 2327 2237 2326
6735 4 2 3 3 2333 222 221 1053
6736 4 2 3 3 1183 551 489 1198
6737 4 2 3 3 850 849 2320 2527
6738 4 2 3 3 2439 2432 2438 2601
6739 4 2 3 3 1874 2298 2281 2447
6740 4 2 3 3 80 848 2527 2430
6741 4 2 3 3 1955 2509 2326 1954
6742 4 2 3 3 609 1421 610 525
6743 4 2 3 3 2322 1314 2315 1511
6744 4 2 3 3 495 1305 1200 1310
6745 4 2 3 3 2322 1503 2315 1314
6746 4 2 3 3 1423 1426 1510 1428
6747 4 2 3 3 1314 1503 2315 1516
6748 4 2 3 3 2219 2220 1931 2555
6749 4 2 3 3 2244 1354 2317 1353
6750 4 2 3 3 2564 2562 2602 1920
6751 4 2 3 3 1665 1917 1351 2190
6752 4 2 3 3 2032 2593 2019 2031
6753 4 2 3 3 1444 2334 2035 2337
6754 4 2 3 3 2004 1948 2020 2010
6755 4 2 3 3 2258 1863 1864 2261
6756 4 2 3 3 2024 12 2023 2022
6757 4 2 3 3 2025 2256 2157 2156
6758 4 2 3 3 2004 1948 2010 1947
6759 4 2 3 3 1418 1290 1417 1427
6760 4 2 3 3 2351 2353 2273 2271
6761 4 2 3 3 947 2149 2157 2271
6762 4 2 3 3 2268 2356 2163 2166
6763 4 2 3 3 2487 2531 2296 2579
6764 4 2 3 3 2443 1316 2281 1953
6765 4 2 3 3 2605 2586 2588 227
6766 4 2 3 3 2441 935 2439 2296
6767 4 2 3 3 1002 936 935 2439
6768 4 2 3 3 2455 1436 2307 2420
6769 4 2 3 3 2411 2371 2368 2412
6770 4 2 3 3 1995 1415 2012 1992
6771 4 2 3 3 2289 2015 2014 2007
6772 4 2 3 3 2695 2016 2007 2289
6773 4 2 3 3 2220 2221 1931 2555
6774 4 2 3 3 673 452 128 1262
6775 4 2 3 3 1808 1247 1166 1441
6776 4 2 3 3 880 2465 2472 2500
6777 4 2 3 3 1500 1522 2501 41
6778 4 2 3 3 2421 2484 1462 2581
6779 4 2 3 3 2564 2562 1920 2379
6780 4 2 3 3 2628 2618 2627 2226
6781 4 2 3 3 2548 2560 1921 2559
6782 4 2 3 3 1928 2219 1931 2555
6783 4 2 3 3 2225 2222 2308 2397
6784 4 2 3 3 2689 1446 2688 2172
6785 4 2 3 3 2252 2222 2226 2251
6786 4 2 3 3 1436 2279 2307 1898
6787 4 2 3 3 2345 2190 2558 2206
6788 4 2 3 3 2372 923 2436 2414
6789 4 2 3 3 1354 2319 2218 2215
6790 4 2 3 3 1926 1927 1922 1908
6791 4 2 3 3 1354 1356 2218 1667
6792 4 2 3 3 561 1321 500 1320
6793 4 2 3 3 1671 2220 2248 2382
6794 4 2 3 3 1344 2521 1912 2416
6795 4 2 3 3 2213 2236 2315 2233
6796 4 2 3 3 2203 2680 2229 1363
6797 4 2 3 3 2536 1519 1954 2620
6798 4 2 3 3 2660 1334 2275 2043
6799 4 2 3 3 2548 2561 1921 2685
6800 4 2 3 3 2203 2705 1363 2310
6801 4 2 3 3 1943 2553 2566 2567
6802 4 2 3 3 1932 1941 2555 2313
6803 4 2 3 3 1914 1663 2183 2186
6804 4 2 3 3 2411 1937 2371 2412
6805 4 2 3 3 2341 2597 1658 1911
6806 4 2 3 3 1654 1904 1656 1902
6807 4 2 3 3 1476 1475 1474 1645
6808 4 2 3 3 1595 1290 1418 1427
6809 4 2 3 3 1655 1245 1167 1638
6810 4 2 3 3 2312 2383 2567 2566
6811 4 2 3 3 1166 636 1230 1220
6812 4 2 3 3 2175 2660 2173 2174
6813 4 2 3 3 1254 2713 2195 2291
6814 4 2 3 3 234 233 2353 2354
6815 4 2 3 3 233 2366 232 2357
6816 4 2 3 3 1228 532 1439 2167
6817 4 2 3 3 2473 2706 2467 229
6818 4 2 3 3 1159 2177 2176 2173
6819 4 2 3 3 1054 1063 1084 2676
6820 4 2 3 3 2176 2177 2457 2456
6821 4 2 3 3 1160 1486 1176 1384
6822 4 2 3 3 1486 1160 1485 1384
6823 4 2 3 3 2400 914 913 974
6824 4 2 3 3 1653 1647 1657 1656
6825 4 2 3 3 2372 2394 2437 2436
6826 4 2 3 3 2375 2374 2437 1944
6827 4 2 3 3 1081 2684 1101 1083
6828 4 2 3 3 2190 2206 1351 1920
6829 4 2 3 3 1518 2212 1507 2523
6830 4 2 3 3 2397 2308 2603 1934
6831 4 2 3 3 2179 2466 2173 2689
6832 4 2 3 3 685 2628 681 684
6833 4 2 3 3 1929 1916 693 1253
6834 4 2 3 3 2422 1336 2423 2583
6835 4 2 3 3 2475 2298 1298 1878
6836 4 2 3 3 2246 2217 2216 2248
6837 4 2 3 3 2716 2693 2588 2692
6838 4 2 3 3 2399 2369 1251 2204
6839 4 2 3 3 703 614 1244 669
6840 4 2 3 3 1180 1256 2622 2624
6841 4 2 3 3 1497 344 1810 1484
6842 4 2 3 3 2616 2200 2679 2680
6843 4 2 3 3 2680 2200 2679 2699
6844 4 2 3 3 2276 2466 2604 2175
6845 4 2 3 3 2609 1424 2238 2326
6846 4 2 3 3 2431 2441 2448 2570
6847 4 2 3 3 2571 2573 2578 2570
6848 4 2 3 3 79 2321 34 2524
6849 4 2 3 3 224 223 811 2529
6850 4 2 3 3 1425 1315 1595 1597
6851 4 2 3 3 987 2529 2491 2599
6852 4 2 3 3 532 1228 578 645
6853 4 2 3 3 532 1228 645 599
6854 4 2 3 3 2474 2296 2449 1844
6855 4 2 3 3 2430 2429 2434 2528
6856 4 2 3 3 222 223 2508 2536
6857 4 2 3 3 1519 2329 2620 2613
6858 4 2 3 3 2225 2617 2251 2210
6859 4 2 3 3 2488 2539 1956 2538
6860 4 2 3 3 2454 2168 1440 1888
6861 4 2 3 3 1196 1195 523 1376
6862 4 2 3 3 2477 1337 1241 2480
6863 4 2 3 3 2587 1467 2584 2457
6864 4 2 3 3 2260 2359 1416 1864
6865 4 2 3 3 2451 2463 944 229
6866 4 2 3 3 1236 1228 579 1262
6867 4 2 3 3 1807 1398 2259 1229
6868 4 2 3 3 1250 2410 2175 2450
6869 4 2 3 3 2269 2268 2357 2355
6870 4 2 3 3 1893 1880 2471 1901
6871 4 2 3 3 1436 2455 1898 2420
6872 4 2 3 3 825 87 824 2362
6873 4 2 3 3 1945 2592 2500 2501
6874 4 2 3 3 1376 1196 568 523
6875 4 2 3 3 301 298 1427 1309
6876 4 2 3 3 2280 2531 2296 958
6877 4 2 3 3 2475 1874 2298 1869
6878 4 2 3 3 224 2531 811 958
6879 4 2 3 3 1335 2278 2408 2283
6880 4 2 3 3 1874 1872 1871 2446
6881 4 2 3 3 2584 1467 1242 1263
6882 4 2 3 3 2600 2601 2434 2599
6883 4 2 3 3 2419 1893 2306 2468
6884 4 2 3 3 1458 1871 1496 39
6885 4 2 3 3 837 2499 2572 836
6886 4 2 3 3 2471 2586 228 2468
6887 4 2 3 3 838 895 925 2425
6888 4 2 3 3 2503 2499 84 2577
6889 4 2 3 3 2484 2421 2636 1465
6890 4 2 3 3 2148 2149 2150 2265
6891 4 2 3 3 582 1376 568 523
6892 4 2 3 3 2176 2420 1897 2456
6893 4 2 3 3 1214 582 523 1376
6894 4 2 3 3 1885 1890 1439 1886
6895 4 2 3 3 1497 1881 1889 1386
6896 4 2 3 3 1077 2662 2652 1076
6897 4 2 3 3 2616 2679 2492 1053
6898 4 2 3 3 2704 2716 2703 1334
6899 4 2 3 3 854 868 2435 853
6900 4 2 3 3 2556 2309 2555 1941
6901 4 2 3 3 2716 2704 2407 1334
6902 4 2 3 3 1012 23 1010 1011
6903 4 2 3 3 2123 177 2122 2133
6904 4 2 3 3 431 409 2519 417
6905 4 2 3 3 1195 1214 523 1376
6906 4 2 3 3 1291 1604 1495 1603
6907 4 2 3 3 317 1501 250 305
6908 4 2 3 3 367 99 18 416
6909 4 2 3 3 2543 2625 2283 2624
6910 4 2 3 3 2613 2615 2227 2620
6911 4 2 3 3 2224 2210 2217 2251
6912 4 2 3 3 1951 2444 2443 2530
6913 4 2 3 3 1316 1951 2443 2530
6914 4 2 3 3 1869 2634 1430 2281
6915 4 2 3 3 1171 1336 2423 1296
6916 4 2 3 3 2510 2332 2625 2546
6917 4 2 3 3 2328 2241 1513 2623
6918 4 2 3 3 1336 2422 2423 1296
6919 4 2 3 3 1336 2583 2479 1241
6920 4 2 3 3 618 616 1432 615
6921 4 2 3 3 1214 1195 523 582
6922 4 2 3 3 1360 2312 2383 1928
6923 4 2 3 3 1170 572 534 1177
6924 4 2 3 3 572 1170 534 549
6925 4 2 3 3 524 492 490 1188
6926 4 2 3 3 2153 1897 2707 2467
6927 4 2 3 3 2252 2222 2217 2250
6928 4 2 3 3 2006 2182 1444 2337
6929 4 2 3 3 1141 2553 1638 2556
6930 4 2 3 3 2520 913 216 2522
6931 4 2 3 3 628 1925 2383 1635
6932 4 2 3 3 2473 2464 1897 2471
6933 4 2 3 3 2454 2453 2456 1901
6934 4 2 3 3 833 2503 832 831
6935 4 2 3 3 42 41 2503 85
6936 4 2 3 3 933 2441 841 2449
6937 4 2 3 3 2277 1869 2281 2634
6938 4 2 3 3 1598 300 1494 1596
6939 4 2 3 3 895 2486 2449 925
6940 4 2 3 3 1235 642 600 460
6941 4 2 3 3 2453 2452 2305 2304
6942 4 2 3 3 452 673 1236 1262
6943 4 2 3 3 1204 578 1439 522
6944 4 2 3 3 1228 1158 579 1262
6945 4 2 3 3 1336 1876 2303 2479
6946 4 2 3 3 892 2606 2208 1001
6947 4 2 3 3 2028 2638 2029 891
6948 4 2 3 3 2209 867 911 910
6949 4 2 3 3 1959 1173 1732 1791
6950 4 2 3 3 970 2159 2209 2208
6951 4 2 3 3 2032 2034 2031 2019
6952 4 2 3 3 1206 580 665 2423
6953 4 2 3 3 188 2039 2272 2255
6954 4 2 3 3 2351 2264 2271 2401
6955 4 2 3 3 2715 2682 1088 2654
6956 4 2 3 3 2626 2617 2229 2699
6957 4 2 3 3 1391 1551 1726 544
6958 4 2 3 3 536 1551 633 544
6959 4 2 3 3 2153 2687 2173 1897
6960 4 2 3 3 2473 2471 1897 1898
6961 4 2 3 3 1293 1185 502 556
6962 4 2 3 3 2661 2662 1077 1068
6963 4 2 3 3 219 2396 2395 218
6964 4 2 3 3 1185 1293 1310 556
6965 4 2 3 3 1185 499 502 556
6966 4 2 3 3 499 1185 1310 556
6967 4 2 3 3 2333 2617 2699 2200
6968 4 2 3 3 2543 2541 2547 2624
6969 4 2 3 3 1337 1147 1242 2481
6970 4 2 3 3 2628 1261 2547 684
6971 4 2 3 3 2409 2704 2405 2407
6972 4 2 3 3 2547 2410 2546 2545
6973 4 2 3 3 2627 2628 1520 2625
6974 4 2 3 3 2617 2331 2251 1433
6975 4 2 3 3 2148 821 819 820
6976 4 2 3 3 2606 2160 2045 2029
6977 4 2 3 3 2274 2361 2162 1800
6978 4 2 3 3 2695 2006 2286 1949
6979 4 2 3 3 947 2255 896 2271
6980 4 2 3 3 972 213 2338 2340
6981 4 2 3 3 498 1311 556 1310
6982 4 2 3 3 499 498 556 1310
6983 4 2 3 3 553 521 1202 566
6984 4 2 3 3 1630 1291 1603 1604
6985 4 2 3 3 107 440 787 423
6986 4 2 3 3 581 1195 566 1156
6987 4 2 3 3 2126 763 176 175
6988 4 2 3 3 247 1698 310 1477
6989 4 2 3 3 1597 1458 1595 1427
6990 4 2 3 3 2168 1901 1438 1897
6991 4 2 3 3 213 212 2348 2711
6992 4 2 3 3 2295 2294 2194 2291
6993 4 2 3 3 2672 1067 2655 2658
6994 4 2 3 3 1096 1059 2687 2686
6995 4 2 3 3 2716 2694 2653 2703
6996 4 2 3 3 2510 2546 2490 2545
6997 4 2 3 3 488 1195 1202 566
6998 4 2 3 3 2583 1206 665 2423
6999 4 2 3 3 1248 2170 2462 2671
7000 4 2 3 3 1145 1600 2666 2270
7001 4 2 3 3 2170 1248 2462 1468
7002 4 2 3 3 1249 2466 2669 2668
7003 4 2 3 3 488 1195 566 523
7004 4 2 3 3 2187 2188 2291 1144
7005 4 2 3 3 2713 1254 1998 2291
7006 4 2 3 3 2333 2200 2699 2492
7007 4 2 3 3 2660 2693 1334 2692
7008 4 2 3 3 2176 2420 2707 1897
7009 4 2 3 3 532 1228 1439 578
7010 4 2 3 3 1069 2662 2657 2656
7011 4 2 3 3 2179 2660 2689 2173
7012 4 2 3 3 1467 2455 2584 2457
7013 4 2 3 3 578 579 1439 522
7014 4 2 3 3 2670 2671 2369 2604
7015 4 2 3 3 1078 1091 2691 1089
7016 4 2 3 3 1337 2477 2478 2480
7017 4 2 3 3 1463 2582 1241 2305
7018 4 2 3 3 2410 2587 1467 1242
7019 4 2 3 3 2548 2560 2677 2685
7020 4 2 3 3 2706 2473 2467 2707
7021 4 2 3 3 2693 2716 1334 2692
7022 4 2 3 3 2473 2464 229 230
7023 4 2 3 3 2466 2660 2276 2275
7024 4 2 3 3 2706 1100 2467 229
7025 4 2 3 3 2296 2474 2449 998
7026 4 2 3 3 2343 1655 589 1167
7027 4 2 3 3 2616 2200 2492 2679
7028 4 2 3 3 2217 1673 2248 2250
7029 4 2 3 3 2408 2543 1252 2490
7030 4 2 3 3 1655 2343 589 1346
7031 4 2 3 3 2336 911 973 995
7032 4 2 3 3 1662 1663 2186 2340
7033 4 2 3 3 2669 2198 2195 2193
7034 4 2 3 3 2520 2549 2522 1919
7035 4 2 3 3 1181 482 588 479
7036 4 2 3 3 1171 580 2423 665
7037 4 2 3 3 707 462 668 1245
7038 4 2 3 3 315 1681 259 1449
7039 4 2 3 3 313 259 1449 314
7040 4 2 3 3 1573 313 1449 314
7041 4 2 3 3 653 528 533 1778
7042 4 2 3 3 278 1556 253 1539
7043 4 2 3 3 1640 1548 1547 1854
7044 4 2 3 3 2321 79 34 78
7045 4 2 3 3 2385 2222 2252 2250
7046 4 2 3 3 1349 641 1924 1226
7047 4 2 3 3 1937 1938 1912 2375
7048 4 2 3 3 1356 1357 1635 634
7049 4 2 3 3 2125 2124 1052 1040
7050 4 2 3 3 2127 784 1047 1018
7051 4 2 3 3 2269 2169 2152 2166
7052 4 2 3 3 2363 989 2151 966
7053 4 2 3 3 601 1163 1778 533
7054 4 2 3 3 1678 1681 1449 259
7055 4 2 3 3 1244 1432 613 1956
7056 4 2 3 3 2465 2463 945 1000
7057 4 2 3 3 2006 1948 2286 1444
7058 4 2 3 3 209 210 445 382
7059 4 2 3 3 1195 1676 1202 1677
7060 4 2 3 3 1381 1623 1677 1974
7061 4 2 3 3 1621 1624 1153 1623
7062 4 2 3 3 1572 1678 1449 259
7063 4 2 3 3 419 375 429 175
7064 4 2 3 3 1272 1271 1155 2114
7065 4 2 3 3 763 429 448 767
7066 4 2 3 3 2136 177 2123 2133
7067 4 2 3 3 313 1572 1449 259
7068 4 2 3 3 1816 1738 52 1737
7069 4 2 3 3 428 805 193 907
7070 4 2 3 3 1578 257 1577 319
7071 4 2 3 3 79 2321 855 78
7072 4 2 3 3 2394 2598 2437 2436
7073 4 2 3 3 2440 938 2599 987
7074 4 2 3 3 122 671 611 1180
7075 4 2 3 3 2377 860 858 915
7076 4 2 3 3 857 918 77 874
7077 4 2 3 3 68 69 265 1707
7078 4 2 3 3 1532 19 437 369
7079 4 2 3 3 444 419 429 175
7080 4 2 3 3 109 396 108 766
7081 4 2 3 3 107 169 106 423
7082 4 2 3 3 1495 1477 1494 1493
7083 4 2 3 3 313 1573 1449 1572
7084 4 2 3 3 771 2648 764 2120
7085 4 2 3 3 1631 1291 1603 1606
7086 4 2 3 3 1705 1694 1701 62
7087 4 2 3 3 1925 628 622 592
7088 4 2 3 3 1478 1332 1702 1701
7089 4 2 3 3 1629 1304 1364 1625
7090 4 2 3 3 1698 1631 62 1699
7091 4 2 3 3 103 102 1532 1695
7092 4 2 3 3 1480 1696 1706 1771
7093 4 2 3 3 774 422 776 111
7094 4 2 3 3 2552 1925 622 592
7095 4 2 3 3 771 2648 768 765
7096 4 2 3 3 92 421 441 791
7097 4 2 3 3 1259 684 687 1244
7098 4 2 3 3 1256 454 611 612
7099 4 2 3 3 646 1421 610 612
7100 4 2 3 3 1929 693 688 1253
7101 4 2 3 3 1877 1873 2303 1460
7102 4 2 3 3 2329 2247 2328 2623
7103 4 2 3 3 1873 1874 2303 1460
7104 4 2 3 3 2573 1874 1460 2578
7105 4 2 3 3 2574 2573 1460 2578
7106 4 2 3 3 674 673 452 129
7107 4 2 3 3 464 597 131 692
7108 4 2 3 3 1227 2058 547 638
7109 4 2 3 3 1391 1829 1553 1550
7110 4 2 3 3 2075 2061 2062 1208
7111 4 2 3 3 1763 1764 1766 1990
7112 4 2 3 3 1393 543 545 544
7113 4 2 3 3 2574 1874 1460 2573
7114 4 2 3 3 1550 2058 1211 633
7115 4 2 3 3 450 1550 1211 633
7116 4 2 3 3 2475 2476 1460 2578
7117 4 2 3 3 1874 2475 1460 2578
7118 4 2 3 3 1676 1202 1677 1372
7119 4 2 3 3 561 1605 2719 644
7120 4 2 3 3 1697 1305 1630 1321
7121 4 2 3 3 2031 5 1 2033
7122 4 2 3 3 884 976 997 2349
7123 4 2 3 3 550 561 1321 500
7124 4 2 3 3 2639 2028 2637 2638
7125 4 2 3 3 2638 2639 2051 2047
7126 4 2 3 3 499 1305 1184 500
7127 4 2 3 3 2037 2038 2048 2046
7128 4 2 3 3 784 1018 2139 181
7129 4 2 3 3 915 76 863 930
7130 4 2 3 3 1674 98 1693 97
7131 4 2 3 3 1783 1480 2719 1332
7132 4 2 3 3 617 1283 749 2718
7133 4 2 3 3 2367 1644 1653 1648
7134 4 2 3 3 2160 2606 897 1001
7135 4 2 3 3 1283 617 644 2718
7136 4 2 3 3 366 927 813 941
7137 4 2 3 3 1585 1587 1471 1343
7138 4 2 3 3 200 201 802 414
7139 4 2 3 3 199 410 198 2518
7140 4 2 3 3 2143 2650 390 2142
7141 4 2 3 3 1322 1572 1789 1679
7142 4 2 3 3 2617 2333 2619 2680
7143 4 2 3 3 1049 1038 1036 2143
7144 4 2 3 3 23 21 1010 1011
7145 4 2 3 3 2646 2506 2645 426
7146 4 2 3 3 1543 1404 1542 1853
7147 4 2 3 3 2662 1069 2657 1076
7148 4 2 3 3 2532 2536 1954 2620
7149 4 2 3 3 2701 223 1094 1087
7150 4 2 3 3 2488 1316 2297 2281
7151 4 2 3 3 2419 1893 2471 1901
7152 4 2 3 3 1587 1192 1471 1343
7153 4 2 3 3 2356 971 232 233
7154 4 2 3 3 200 410 2518 414
7155 4 2 3 3 1168 1192 1471 1473
7156 4 2 3 3 2444 1951 2569 1311
7157 4 2 3 3 343 12 50 2
7158 4 2 3 3 674 675 666 1247
7159 4 2 3 3 1837 2060 1856 1213
7160 4 2 3 3 2067 2061 1856 1813
7161 4 2 3 3 1191 1192 1471 1168
7162 4 2 3 3 1454 1326 1473 1168
7163 4 2 3 3 675 1247 677 676
7164 4 2 3 3 1247 1248 677 676
7165 4 2 3 3 683 1467 680 677
7166 4 2 3 3 1851 1703 1297 1700
7167 4 2 3 3 1604 1429 1493 1603
7168 4 2 3 3 2306 2305 2480 2479
7169 4 2 3 3 1477 298 1495 1494
7170 4 2 3 3 1311 1425 1419 1420
7171 4 2 3 3 675 683 677 1243
7172 4 2 3 3 298 297 1495 296
7173 4 2 3 3 302 296 1603 295
7174 4 2 3 3 1773 1792 1790 1779
7175 4 2 3 3 1247 675 677 1243
7176 4 2 3 3 1271 1272 1155 1626
7177 4 2 3 3 1785 1302 1332 1771
7178 4 2 3 3 1237 653 456 601
7179 4 2 3 3 779 784 2139 786
7180 4 2 3 3 365 806 207 943
7181 4 2 3 3 288 1533 286 287
7182 4 2 3 3 1248 1247 677 1243
7183 4 2 3 3 288 290 325 1383
7184 4 2 3 3 1434 286 293 339
7185 4 2 3 3 44 1566 320 263
7186 4 2 3 3 2180 2458 2631 2162
7187 4 2 3 3 209 2146 208 1051
7188 4 2 3 3 903 904 88 379
7189 4 2 3 3 1247 675 666 676
7190 4 2 3 3 1847 1401 2164 1568
7191 4 2 3 3 1565 1860 1846 1400
7192 4 2 3 3 211 22 789 783
7193 4 2 3 3 441 210 960 211
7194 4 2 3 3 343 278 1859 327
7195 4 2 3 3 1509 2628 1253 688
7196 4 2 3 3 2399 682 1253 688
7197 4 2 3 3 960 904 441 793
7198 4 2 3 3 427 87 379 985
7199 4 2 3 3 815 427 379 985
7200 4 2 3 3 682 2399 681 688
7201 4 2 3 3 2628 2399 1253 688
7202 4 2 3 3 1048 2124 775 2123
7203 4 2 3 3 2399 2628 681 688
7204 4 2 3 3 2113 1716 1627 2117
7205 4 2 3 3 98 18 1625 1965
7206 4 2 3 3 101 100 19 1625
7207 4 2 3 3 1191 1585 1471 1343
7208 4 2 3 3 685 2240 700 699
7209 4 2 3 3 2240 685 667 699
7210 4 2 3 3 1180 2240 699 700
7211 4 2 3 3 2138 1035 1022 2505
7212 4 2 3 3 1180 605 699 2240
7213 4 2 3 3 1892 1882 1498 2633
7214 4 2 3 3 437 394 369 183
7215 4 2 3 3 177 1015 775 2123
7216 4 2 3 3 1584 269 271 270
7217 4 2 3 3 1741 1753 53 249
7218 4 2 3 3 1544 1594 1593 1590
7219 4 2 3 3 2101 1817 2109 51
7220 4 2 3 3 194 400 401 368
7221 4 2 3 3 1180 466 700 699
7222 4 2 3 3 2124 2126 764 2123
7223 4 2 3 3 2648 398 2647 2120
7224 4 2 3 3 1753 1742 1754 1756
7225 4 2 3 3 1971 1758 1975 1765
7226 4 2 3 3 274 275 273 1373
7227 4 2 3 3 1447 1589 1469 271
7228 4 2 3 3 54 1753 53 1754
7229 4 2 3 3 967 917 986 435
7230 4 2 3 3 411 430 406 2515
7231 4 2 3 3 2648 397 448 429
7232 4 2 3 3 2125 1023 194 1042
7233 4 2 3 3 1523 257 319 1577
7234 4 2 3 3 605 466 1180 699
7235 4 2 3 3 1192 1191 1471 1343
7236 4 2 3 3 2116 1763 1990 1749
7237 4 2 3 3 693 1929 688 710
7238 4 2 3 3 2002 2004 2020 2009
7239 4 2 3 3 2048 2156 2037 6
7240 4 2 3 3 2048 2156 6 2024
7241 4 2 3 3 904 903 88 902
7242 4 2 3 3 1929 1258 688 710
7243 4 2 3 3 441 785 788 6
7244 4 2 3 3 557 1293 1317 556
7245 4 2 3 3 1148 1206 1210 1890
7246 4 2 3 3 694 1929 693 710
7247 4 2 3 3 1929 694 1258 710
7248 4 2 3 3 1181 1168 1471 1473
7249 4 2 3 3 1181 1191 1471 1168
7250 4 2 3 3 639 651 548 1165
7251 4 2 3 3 1834 1715 1396 1721
7252 4 2 3 3 639 651 1165 1222
7253 4 2 3 3 1227 136 2057 638
7254 4 2 3 3 1227 2058 638 2057
7255 4 2 3 3 635 139 138 1231
7256 4 2 3 3 2583 1171 2423 665
7257 4 2 3 3 1235 1269 721 1265
7258 4 2 3 3 652 627 1245 591
7259 4 2 3 3 2429 2428 2434 2438
7260 4 2 3 3 1459 1521 1482 1461
7261 4 2 3 3 1459 1294 1482 1521
7262 4 2 3 3 1196 488 486 523
7263 4 2 3 3 1696 1629 1308 1702
7264 4 2 3 3 1499 1485 1482 1483
7265 4 2 3 3 1783 1480 1275 2718
7266 4 2 3 3 2719 644 1164 2718
7267 4 2 3 3 1183 1322 1198 1352
7268 4 2 3 3 1157 1480 2719 2718
7269 4 2 3 3 746 629 745 151
7270 4 2 3 3 1607 1281 1157 2718
7271 4 2 3 3 552 551 526 1182
7272 4 2 3 3 102 1705 63 62
7273 4 2 3 3 1521 1294 1199 1296
7274 4 2 3 3 1206 2452 2582 1158
7275 4 2 3 3 1499 1521 1482 1485
7276 4 2 3 3 454 1256 1956 612
7277 4 2 3 3 1478 1389 1331 1388
7278 4 2 3 3 1577 276 1570 2511
7279 4 2 3 3 1968 1969 1376 1142
7280 4 2 3 3 1196 1195 1376 1982
7281 4 2 3 3 1761 1150 1285 1974
7282 4 2 3 3 1759 1760 1978 1375
7283 4 2 3 3 1762 1763 1765 1746
7284 4 2 3 3 1375 1978 1765 1976
7285 4 2 3 3 54 1753 1754 1967
7286 4 2 3 3 1973 1760 1677 1974
7287 4 2 3 3 1270 1282 743 1825
7288 4 2 3 3 2429 2430 2434 2428
7289 4 2 3 3 1191 1203 481 480
7290 4 2 3 3 1354 1188 1328 1524
7291 4 2 3 3 748 1268 714 1267
7292 4 2 3 3 1521 1608 1482 1295
7293 4 2 3 3 1521 1294 1482 1608
7294 4 2 3 3 1281 1607 1286 1164
7295 4 2 3 3 1172 1775 1791 1175
7296 4 2 3 3 733 1281 754 1164
7297 4 2 3 3 1320 1701 1307 1699
7298 4 2 3 3 1305 1184 1697 1493
7299 4 2 3 3 1332 1478 1320 1701
7300 4 2 3 3 1202 552 1201 1616
7301 4 2 3 3 1613 1690 1688 1689
7302 4 2 3 3 1305 497 495 1193
7303 4 2 3 3 485 2517 1186 1187
7304 4 2 3 3 494 1183 491 493
7305 4 2 3 3 1477 1185 1494 1493
7306 4 2 3 3 1512 1517 2434 2237
7307 4 2 3 3 1194 631 492 525
7308 4 2 3 3 649 540 459 1164
7309 4 2 3 3 540 1605 644 1164
7310 4 2 3 3 1457 1483 1482 292
7311 4 2 3 3 459 617 1164 644
7312 4 2 3 3 1305 1184 1320 1697
7313 4 2 3 3 1367 1983 1377 1372
7314 4 2 3 3 496 1182 526 494
7315 4 2 3 3 1619 1611 1618 1688
7316 4 2 3 3 2059 2057 2056 1213
7317 4 2 3 3 1552 1539 1536 1535
7318 4 2 3 3 1526 1856 1580 1339
7319 4 2 3 3 2013 1218 1996 1997
7320 4 2 3 3 730 1281 754 733
7321 4 2 3 3 1280 740 757 1266
7322 4 2 3 3 1195 1676 1377 1983
7323 4 2 3 3 2081 1709 2092 2095
7324 4 2 3 3 1185 1595 1493 1310
7325 4 2 3 3 1184 1185 1493 1310
7326 4 2 3 3 1185 1596 1494 1493
7327 4 2 3 3 1596 1185 1595 1493
7328 4 2 3 3 1184 1185 1477 1493
7329 4 2 3 3 1338 1641 1340 1651
7330 4 2 3 3 2552 608 694 622
7331 4 2 3 3 2003 1994 2630 1946
7332 4 2 3 3 1196 1982 1197 1684
7333 4 2 3 3 2244 1356 1354 524
7334 4 2 3 3 2300 1337 2478 2480
7335 4 2 3 3 2624 2623 2621 1513
7336 4 2 3 3 605 121 699 120
7337 4 2 3 3 1261 1180 2240 1513
7338 4 2 3 3 1283 565 563 617
7339 4 2 3 3 497 1305 1321 496
7340 4 2 3 3 1323 1619 1506 1689
7341 4 2 3 3 1359 1349 1924 1936
7342 4 2 3 3 1929 2552 1258 694
7343 4 2 3 3 485 1356 515 560
7344 4 2 3 3 2241 2609 2621 1513
7345 4 2 3 3 1573 1322 1198 1680
7346 4 2 3 3 1939 2521 1930 1912
7347 4 2 3 3 1712 1735 1733 1734
7348 4 2 3 3 1966 2108 1963 2096
7349 4 2 3 3 1393 2091 1234 1727
7350 4 2 3 3 1171 1521 1210 1209
7351 4 2 3 3 1829 1553 1550 1536
7352 4 2 3 3 532 1808 597 650
7353 4 2 3 3 1808 532 531 650
7354 4 2 3 3 2143 2650 2142 2641
7355 4 2 3 3 1903 595 621 1340
7356 4 2 3 3 9 670 698 141
7357 4 2 3 3 2323 2317 1525 1524
7358 4 2 3 3 1860 1415 1400 1231
7359 4 2 3 3 1225 450 138 635
7360 4 2 3 3 2221 1932 2313 1362
7361 4 2 3 3 1664 2191 2188 2347
7362 4 2 3 3 2466 1249 2669 2670
7363 4 2 3 3 1639 2191 2347 2558
7364 4 2 3 3 1639 2558 2347 2314
7365 4 2 3 3 1354 2317 1524 1525
7366 4 2 3 3 691 2713 678 689
7367 4 2 3 3 2387 2222 2313 2308
7368 4 2 3 3 1159 2364 2457 2177
7369 4 2 3 3 939 2389 218 798
7370 4 2 3 3 605 609 2240 1180
7371 4 2 3 3 2552 1929 672 693
7372 4 2 3 3 2389 2378 798 2394
7373 4 2 3 3 1512 2429 2434 1517
7374 4 2 3 3 2247 2246 2241 2612
7375 4 2 3 3 454 705 1256 671
7376 4 2 3 3 2389 939 2394 798
7377 4 2 3 3 728 725 735 1278
7378 4 2 3 3 939 994 2394 798
7379 4 2 3 3 909 951 442 950
7380 4 2 3 3 1151 1531 1815 1747
7381 4 2 3 3 1740 1151 1815 1747
7382 4 2 3 3 728 727 1273 1276
7383 4 2 3 3 2275 2660 2043 2674
7384 4 2 3 3 736 1761 1767 1267
7385 4 2 3 3 460 600 720 159
7386 4 2 3 3 748 736 1748 1267
7387 4 2 3 3 1270 2114 1825 723
7388 4 2 3 3 453 620 658 1201
7389 4 2 3 3 2086 2103 2097 2117
7390 4 2 3 3 147 455 740 1266
7391 4 2 3 3 727 1272 725 1273
7392 4 2 3 3 2323 1573 1188 1524
7393 4 2 3 3 1783 1782 1275 1408
7394 4 2 3 3 156 157 755 456
7395 4 2 3 3 752 716 660 163
7396 4 2 3 3 1179 540 1164 1605
7397 4 2 3 3 565 1283 456 657
7398 4 2 3 3 2717 729 732 726
7399 4 2 3 3 1825 1271 1277 724
7400 4 2 3 3 1288 729 732 1275
7401 4 2 3 3 1214 1195 1156 1677
7402 4 2 3 3 2255 2037 819 820
7403 4 2 3 3 441 88 6 788
7404 4 2 3 3 818 947 819 2255
7405 4 2 3 3 807 2037 2255 820
7406 4 2 3 3 774 422 111 110
7407 4 2 3 3 1544 1545 1593 1339
7408 4 2 3 3 211 180 783 2121
7409 4 2 3 3 2037 881 88 820
7410 4 2 3 3 2148 2037 88 820
7411 4 2 3 3 1537 2064 1536 1535
7412 4 2 3 3 1693 1674 97 1985
7413 4 2 3 3 59 58 99 1674
7414 4 2 3 3 298 1477 1495 297
7415 4 2 3 3 86 85 1895 830
7416 4 2 3 3 2071 1708 1833 1710
7417 4 2 3 3 440 7 107 787
7418 4 2 3 3 2660 2275 2675 2674
7419 4 2 3 3 86 1895 85 352
7420 4 2 3 3 2506 385 2494 393
7421 4 2 3 3 1727 1726 1710 1725
7422 4 2 3 3 2105 1830 1832 1831
7423 4 2 3 3 85 878 832 830
7424 4 2 3 3 878 86 953 830
7425 4 2 3 3 421 211 441 791
7426 4 2 3 3 2648 377 765 766
7427 4 2 3 3 1036 2495 2143 1029
7428 4 2 3 3 833 836 932 84
7429 4 2 3 3 294 338 1461 292
7430 4 2 3 3 2633 2470 2500 2590
7431 4 2 3 3 829 1895 830 827
7432 4 2 3 3 2431 2441 2570 842
7433 4 2 3 3 2441 2431 934 842
7434 4 2 3 3 2571 2441 842 2570
7435 4 2 3 3 840 2571 842 2570
7436 4 2 3 3 87 824 2150 822
7437 4 2 3 3 1457 1500 1497 42
7438 4 2 3 3 2441 934 933 841
7439 4 2 3 3 1807 1567 1811 1398
7440 4 2 3 3 2356 2361 2163 1801
7441 4 2 3 3 2265 2149 2360 1865
7442 4 2 3 3 2591 1895 2590 2589
7443 4 2 3 3 79 2321 852 855
7444 4 2 3 3 1541 323 253 1535
7445 4 2 3 3 802 81 929 372
7446 4 2 3 3 79 855 852 920
7447 4 2 3 3 37 1517 1428 38
7448 4 2 3 3 79 851 852 2320
7449 4 2 3 3 2571 925 841 2449
7450 4 2 3 3 2126 2124 2120 2647
7451 4 2 3 3 442 378 969 909
7452 4 2 3 3 76 428 962 368
7453 4 2 3 3 81 80 2430 847
7454 4 2 3 3 865 76 930 863
7455 4 2 3 3 2638 187 808 186
7456 4 2 3 3 210 815 445 379
7457 4 2 3 3 805 916 962 368
7458 4 2 3 3 1938 1649 2371 2413
7459 4 2 3 3 916 76 962 368
7460 4 2 3 3 904 88 810 902
7461 4 2 3 3 1647 1906 2412 1657
7462 4 2 3 3 2127 2505 1018 1039
7463 4 2 3 3 2574 2572 40 83
7464 4 2 3 3 2558 2398 1253 2313
7465 4 2 3 3 2339 2337 1842 1843
7466 4 2 3 3 2383 2384 2567 1636
7467 4 2 3 3 2025 2039 2272 2029
7468 4 2 3 3 262 1545 1526 1579
7469 4 2 3 3 2160 1001 897 988
7470 4 2 3 3 1858 1589 1579 1582
7471 4 2 3 3 166 2050 1008 760
7472 4 2 3 3 2502 2497 2500 2501
7473 4 2 3 3 906 872 922 86
7474 4 2 3 3 949 815 985 427
7475 4 2 3 3 861 914 875 2371
7476 4 2 3 3 1022 2505 1039 1051
7477 4 2 3 3 2396 2388 2392 218
7478 4 2 3 3 1665 2190 1920 2559
7479 4 2 3 3 2602 2562 2522 1919
7480 4 2 3 3 1648 2209 2336 2415
7481 4 2 3 3 840 2570 842 82
7482 4 2 3 3 2614 2232 2231 2324
7483 4 2 3 3 2428 2432 2438 2439
7484 4 2 3 3 1338 1527 1580 1546
7485 4 2 3 3 887 395 1006 83
7486 4 2 3 3 188 2045 897 988
7487 4 2 3 3 2661 2662 2710 2652
7488 4 2 3 3 2476 2475 2474 2578
7489 4 2 3 3 222 223 1094 2492
7490 4 2 3 3 1868 2716 2588 2653
7491 4 2 3 3 2158 2031 2040 28
7492 4 2 3 3 2045 2160 897 988
7493 4 2 3 3 2255 2272 896 2271
7494 4 2 3 3 2606 2160 897 2045
7495 4 2 3 3 992 926 83 887
7496 4 2 3 3 2586 2485 2588 226
7497 4 2 3 3 2485 2586 227 226
7498 4 2 3 3 1526 1545 1580 1546
7499 4 2 3 3 2024 758 1 2
7500 4 2 3 3 442 191 422 190
7501 4 2 3 3 442 191 190 969
7502 4 2 3 3 1527 1526 1580 1546
7503 4 2 3 3 936 2441 935 2439
7504 4 2 3 3 1852 1554 1557 1542
7505 4 2 3 3 1390 1852 1557 1542
7506 4 2 3 3 81 80 847 968
7507 4 2 3 3 769 2124 1017 2120
7508 4 2 3 3 2400 2378 974 2522
7509 4 2 3 3 2563 2562 216 217
7510 4 2 3 3 349 1707 1557 1711
7511 4 2 3 3 1005 981 415 919
7512 4 2 3 3 913 912 875 2417
7513 4 2 3 3 877 76 930 865
7514 4 2 3 3 2679 1079 2652 2492
7515 4 2 3 3 2537 2532 2533 2534
7516 4 2 3 3 2703 1870 1957 2535
7517 4 2 3 3 2541 2408 2540 2283
7518 4 2 3 3 79 1005 415 919
7519 4 2 3 3 200 201 2512 1024
7520 4 2 3 3 372 980 929 940
7521 4 2 3 3 373 79 415 919
7522 4 2 3 3 981 373 415 919
7523 4 2 3 3 1390 349 1557 1711
7524 4 2 3 3 928 81 929 977
7525 4 2 3 3 2126 763 764 176
7526 4 2 3 3 927 366 413 941
7527 4 2 3 3 1852 1390 1557 1711
7528 4 2 3 3 1045 2122 2128 1032
7529 4 2 3 3 1034 1032 2128 1019
7530 4 2 3 3 1597 39 38 1952
7531 4 2 3 3 1022 208 2504 1051
7532 4 2 3 3 280 1542 1557 1541
7533 4 2 3 3 280 1390 1557 1542
7534 4 2 3 3 1720 68 1717 106
7535 4 2 3 3 388 387 2496 2495
7536 4 2 3 3 1958 1796 1792 1790
7537 4 2 3 3 2274 45 1568 1811
7538 4 2 3 3 2265 45 1568 2274
7539 4 2 3 3 2442 1869 1952 38
7540 4 2 3 3 45 1845 1568 1811
7541 4 2 3 3 860 2411 863 915
7542 4 2 3 3 410 2651 407 436
7543 4 2 3 3 2389 2394 2381 2390
7544 4 2 3 3 1057 1093 2395 1097
7545 4 2 3 3 2310 2705 1363 2397
7546 4 2 3 3 862 2411 863 860
7547 4 2 3 3 222 983 2330 221
7548 4 2 3 3 2617 2333 2699 2615
7549 4 2 3 3 212 795 2285 24
7550 4 2 3 3 45 2265 1568 1845
7551 4 2 3 3 977 802 941 413
7552 4 2 3 3 2661 1071 1085 2678
7553 4 2 3 3 2661 1071 2672 1068
7554 4 2 3 3 1065 1066 2656 2655
7555 4 2 3 3 1446 2155 2154 2664
7556 4 2 3 3 1099 1058 225 2700
7557 4 2 3 3 1090 2690 1075 2653
7558 4 2 3 3 2376 994 798 2394
7559 4 2 3 3 802 201 941 413
7560 4 2 3 3 994 2376 798 914
7561 4 2 3 3 2521 2565 2391 2390
7562 4 2 3 3 2397 2396 2393 2379
7563 4 2 3 3 2684 2201 2379 2395
7564 4 2 3 3 2667 2295 2195 2291
7565 4 2 3 3 1148 2452 1891 1387
7566 4 2 3 3 675 1236 1243 1247
7567 4 2 3 3 604 640 1158 579
7568 4 2 3 3 2584 2585 2481 2480
7569 4 2 3 3 2453 2419 1901 1899
7570 4 2 3 3 2576 1171 2423 1296
7571 4 2 3 3 1158 1149 2460 1463
7572 4 2 3 3 201 202 941 413
7573 4 2 3 3 1783 1389 1776 1407
7574 4 2 3 3 366 202 413 941
7575 4 2 3 3 202 425 390 203
7576 4 2 3 3 202 366 813 941
7577 4 2 3 3 1522 1500 1461 41
7578 4 2 3 3 1800 2361 1799 1568
7579 4 2 3 3 1730 1299 1409 1790
7580 4 2 3 3 2304 2582 2479 2302
7581 4 2 3 3 1566 320 1560 1810
7582 4 2 3 3 1609 1533 1608 1434
7583 4 2 3 3 1457 41 338 1461
7584 4 2 3 3 320 344 1497 252
7585 4 2 3 3 1533 289 288 1383
7586 4 2 3 3 1332 1480 1702 1308
7587 4 2 3 3 1605 1607 2719 1164
7588 4 2 3 3 1622 1633 1619 1506
7589 4 2 3 3 1574 1575 1570 1450
7590 4 2 3 3 730 726 1274 1275
7591 4 2 3 3 804 961 1006 395
7592 4 2 3 3 496 497 1193 495
7593 4 2 3 3 1305 497 1193 496
7594 4 2 3 3 2274 1800 1799 1568
7595 4 2 3 3 1353 1194 1188 1352
7596 4 2 3 3 299 296 1429 1603
7597 4 2 3 3 1429 1309 1493 1603
7598 4 2 3 3 1517 1953 2434 2237
7599 4 2 3 3 1517 2429 2434 1953
7600 4 2 3 3 1847 1401 1568 2259
7601 4 2 3 3 1805 1804 516 513
7602 4 2 3 3 1566 1567 1811 1802
7603 4 2 3 3 2419 2453 2304 2418
7604 4 2 3 3 1294 1521 1199 1608
7605 4 2 3 3 1355 2245 2216 2248
7606 4 2 3 3 346 332 1560 263
7607 4 2 3 3 887 395 952 1006
7608 4 2 3 3 262 322 1579 1526
7609 4 2 3 3 322 268 262 1579
7610 4 2 3 3 1233 587 1714 546
7611 4 2 3 3 662 706 625 133
7612 4 2 3 3 1813 1814 2075 2062
7613 4 2 3 3 268 322 1412 1579
7614 4 2 3 3 630 476 596 1378
7615 4 2 3 3 322 1528 1579 1526
7616 4 2 3 3 2407 2307 2174 2457
7617 4 2 3 3 322 1412 1579 1528
7618 4 2 3 3 966 2363 2150 2151
7619 4 2 3 3 2452 1158 2460 1463
7620 4 2 3 3 2170 2177 2456 2461
7621 4 2 3 3 2364 1159 2457 2175
7622 4 2 3 3 2470 2592 2500 2590
7623 4 2 3 3 683 1467 1464 1263
7624 4 2 3 3 43 44 86 2591
7625 4 2 3 3 1228 532 1808 1247
7626 4 2 3 3 1570 1574 1569 1524
7627 4 2 3 3 1357 607 634 524
7628 4 2 3 3 671 708 1256 1180
7629 4 2 3 3 1261 2628 2624 1520
7630 4 2 3 3 2684 2395 218 1083
7631 4 2 3 3 2552 608 1508 1258
7632 4 2 3 3 2328 2623 1513 2621
7633 4 2 3 3 685 2628 1520 1509
7634 4 2 3 3 1222 1238 1165 1821
7635 4 2 3 3 2055 2056 2063 2065
7636 4 2 3 3 18 19 1965 1963
7637 4 2 3 3 1393 2072 2091 2071
7638 4 2 3 3 2103 1818 2086 1530
7639 4 2 3 3 2111 2112 2119 2118
7640 4 2 3 3 1718 1278 1273 1154
7641 4 2 3 3 1214 1195 581 1156
7642 4 2 3 3 1276 1264 1623 1974
7643 4 2 3 3 1280 740 756 757
7644 4 2 3 3 45 2148 88 2150
7645 4 2 3 3 2442 2431 2438 2439
7646 4 2 3 3 1503 2322 1501 1510
7647 4 2 3 3 296 299 1429 1309
7648 4 2 3 3 1426 1501 1423 1510
7649 4 2 3 3 307 306 1504 1571
7650 4 2 3 3 2235 2236 2315 1194
7651 4 2 3 3 1696 1304 1771 1626
7652 4 2 3 3 2114 1410 1408 1265
7653 4 2 3 3 2110 1834 1832 1721
7654 4 2 3 3 724 737 1277 1284
7655 4 2 3 3 1573 308 307 1571
7656 4 2 3 3 1305 1193 1630 1505
7657 4 2 3 3 2322 1194 1353 1352
7658 4 2 3 3 2327 2530 2237 1953
7659 4 2 3 3 2323 1502 2322 1313
7660 4 2 3 3 1501 1426 1423 1312
7661 4 2 3 3 1502 1501 1423 1312
7662 4 2 3 3 1291 1697 1604 1630
7663 4 2 3 3 1330 1622 1688 1689
7664 4 2 3 3 906 949 985 427
7665 4 2 3 3 1633 1632 1619 1324
7666 4 2 3 3 728 727 725 1273
7667 4 2 3 3 58 59 312 1613
7668 4 2 3 3 1693 1629 1691 1692
7669 4 2 3 3 2492 2699 2544 2709
7670 4 2 3 3 2703 1335 1957 1870
7671 4 2 3 3 1319 2477 2446 2447
7672 4 2 3 3 2299 2477 1298 2303
7673 4 2 3 3 2704 2407 2284 1868
7674 4 2 3 3 2690 2657 1075 2653
7675 4 2 3 3 2343 1655 2341 1346
7676 4 2 3 3 1218 140 139 468
7677 4 2 3 3 1325 1474 1472 1646
7678 4 2 3 3 1840 2595 1660 1659
7679 4 2 3 3 1840 1839 1838 1659
7680 4 2 3 3 474 1215 1340 1580
7681 4 2 3 3 1905 2595 1903 1488
7682 4 2 3 3 2312 1926 2218 2566
7683 4 2 3 3 333 1448 1475 272
7684 4 2 3 3 87 906 985 427
7685 4 2 3 3 135 626 1222 467
7686 4 2 3 3 904 441 88 379
7687 4 2 3 3 1751 1742 1750 1858
7688 4 2 3 3 664 630 1740 1739
7689 4 2 3 3 1970 1969 1968 1142
7690 4 2 3 3 1989 1367 1987 1986
7691 4 2 3 3 960 903 985 379
7692 4 2 3 3 2057 2059 2056 1211
7693 4 2 3 3 1401 2165 1812 2259
7694 4 2 3 3 1392 1565 1562 1400
7695 4 2 3 3 1404 1731 1719 1853
7696 4 2 3 3 1884 1807 1398 1804
7697 4 2 3 3 2683 2682 2654 2663
7698 4 2 3 3 1888 2165 1809 1887
7699 4 2 3 3 2665 2290 2007 2194
7700 4 2 3 3 2660 2659 2173 2707
7701 4 2 3 3 2035 1948 2286 2401
7702 4 2 3 3 1862 1861 1860 1845
7703 4 2 3 3 46 343 1859 327
7704 4 2 3 3 1059 231 2467 230
7705 4 2 3 3 2505 2146 2646 2139
7706 4 2 3 3 1470 1469 1587 1584
7707 4 2 3 3 2505 2646 2140 2139
7708 4 2 3 3 1586 1472 1645 1646
7709 4 2 3 3 1588 1586 1472 1645
7710 4 2 3 3 2443 2569 2281 2445
7711 4 2 3 3 1423 1511 1200 1419
7712 4 2 3 3 960 210 379 815
7713 4 2 3 3 1296 1873 2303 1875
7714 4 2 3 3 570 507 1199 1209
7715 4 2 3 3 1026 2146 1031 2139
7716 4 2 3 3 2506 443 2645 426
7717 4 2 3 3 509 519 1170 549
7718 4 2 3 3 1534 1160 1608 1300
7719 4 2 3 3 2366 2688 2663 2686
7720 4 2 3 3 2155 2169 2689 2687
7721 4 2 3 3 1808 464 1166 1247
7722 4 2 3 3 2166 1441 2164 2262
7723 4 2 3 3 2015 2262 2260 2261
7724 4 2 3 3 1369 1718 1989 1766
7725 4 2 3 3 1746 1758 1745 1374
7726 4 2 3 3 1653 30 1647 1645
7727 4 2 3 3 1303 1982 1455 1981
7728 4 2 3 3 1241 1463 1263 1262
7729 4 2 3 3 2284 2704 2282 2490
7730 4 2 3 3 680 2410 1242 2547
7731 4 2 3 3 1301 1781 1407 1776
7732 4 2 3 3 562 1478 561 1320
7733 4 2 3 3 2146 2505 1051 1031
7734 4 2 3 3 86 365 996 427
7735 4 2 3 3 1174 1205 505 1318
7736 4 2 3 3 562 1478 1320 1388
7737 4 2 3 3 1320 1705 1701 1699
7738 4 2 3 3 1160 1173 1790 1299
7739 4 2 3 3 1344 1912 1657 2416
7740 4 2 3 3 2218 1926 1635 2566
7741 4 2 3 3 679 682 689 2347
7742 4 2 3 3 2695 2006 2007 2016
7743 4 2 3 3 1664 1254 689 2347
7744 4 2 3 3 1950 2044 2194 2698
7745 4 2 3 3 2012 2014 1997 2011
7746 4 2 3 3 1938 2521 1912 2375
7747 4 2 3 3 1803 1499 1497 1484
7748 4 2 3 3 365 806 996 427
7749 4 2 3 3 1418 1429 1601 1417
7750 4 2 3 3 2047 2050 186 1008
7751 4 2 3 3 1881 43 1497 42
7752 4 2 3 3 1502 2322 1423 1510
7753 4 2 3 3 2322 1502 1501 1510
7754 4 2 3 3 2322 1511 1423 1510
7755 4 2 3 3 301 299 1429 1417
7756 4 2 3 3 1425 1595 1419 1418
7757 4 2 3 3 222 223 2536 2491
7758 4 2 3 3 2323 1503 2316 2315
7759 4 2 3 3 1258 1929 688 1253
7760 4 2 3 3 2247 2241 2328 2623
7761 4 2 3 3 2627 2332 1520 2253
7762 4 2 3 3 2450 1250 2545 2604
7763 4 2 3 3 685 1520 2240 1509
7764 4 2 3 3 2332 1520 2253 2625
7765 4 2 3 3 2553 2554 2556 2555
7766 4 2 3 3 2229 2230 2204 2226
7767 4 2 3 3 1234 1727 1735 1233
7768 4 2 3 3 1715 1716 2095 1821
7769 4 2 3 3 2100 2086 2119 2096
7770 4 2 3 3 2092 2091 1396 1234
7771 4 2 3 3 1531 1716 1821 2095
7772 4 2 3 3 2058 1227 2056 2057
7773 4 2 3 3 2087 1414 2097 2095
7774 4 2 3 3 1238 656 744 1284
7775 4 2 3 3 1728 1731 1394 1853
7776 4 2 3 3 1404 1543 1558 1853
7777 4 2 3 3 291 344 1810 1560
7778 4 2 3 3 344 291 1810 1484
7779 4 2 3 3 1404 291 1437 1542
7780 4 2 3 3 1829 1391 2058 1550
7781 4 2 3 3 1604 1429 1601 1602
7782 4 2 3 3 1995 2012 1996 1997
7783 4 2 3 3 1556 1564 1561 1552
7784 4 2 3 3 1391 1852 1551 1553
7785 4 2 3 3 1541 1556 1561 1538
7786 4 2 3 3 960 904 903 379
7787 4 2 3 3 46 2148 2021 2156
7788 4 2 3 3 947 2157 2255 2271
7789 4 2 3 3 2148 1861 2263 2265
7790 4 2 3 3 1326 1575 1168 1452
7791 4 2 3 3 1371 1686 1682 1683
7792 4 2 3 3 607 1357 634 1508
7793 4 2 3 3 788 16 810 1007
7794 4 2 3 3 328 277 1569 1570
7795 4 2 3 3 1356 560 1186 1188
7796 4 2 3 3 334 1451 315 1449
7797 4 2 3 3 483 1181 1187 1453
7798 4 2 3 3 1935 1918 1923 1634
7799 4 2 3 3 2214 2318 2317 2215
7800 4 2 3 3 1926 1140 1923 1924
7801 4 2 3 3 1447 1448 1469 1471
7802 4 2 3 3 1596 1458 326 1427
7803 4 2 3 3 1698 247 1495 1477
7804 4 2 3 3 1312 1789 1504 1601
7805 4 2 3 3 300 301 298 1596
7806 4 2 3 3 1804 1559 1558 1810
7807 4 2 3 3 1457 1500 1333 1499
7808 4 2 3 3 1497 252 1484 1483
7809 4 2 3 3 167 16 788 1007
7810 4 2 3 3 2515 2133 2130 2643
7811 4 2 3 3 1596 1494 1493 1427
7812 4 2 3 3 299 301 1309 298
7813 4 2 3 3 1631 1606 295 61
7814 4 2 3 3 1291 1631 1603 1495
7815 4 2 3 3 201 202 2512 1044
7816 4 2 3 3 1479 1185 1598 1494
7817 4 2 3 3 1633 1622 1619 1618
7818 4 2 3 3 1632 1611 60 1618
7819 4 2 3 3 1311 1595 1310 1419
7820 4 2 3 3 1182 552 1616 526
7821 4 2 3 3 59 58 1688 1613
7822 4 2 3 3 1311 2444 556 2445
7823 4 2 3 3 1643 1654 1902 1904
7824 4 2 3 3 2027 1948 2020 2034
7825 4 2 3 3 672 2552 458 2551
7826 4 2 3 3 1858 1857 1581 1579
7827 4 2 3 3 1653 1644 29 1659
7828 4 2 3 3 2607 2593 2019 2032
7829 4 2 3 3 2033 2031 2018 1
7830 4 2 3 3 188 2045 2272 2029
7831 4 2 3 3 1652 1643 1902 1904
7832 4 2 3 3 1326 1935 1474 2516
7833 4 2 3 3 1470 1586 1583 1342
7834 4 2 3 3 1447 1469 1192 1471
7835 4 2 3 3 1454 1448 273 1373
7836 4 2 3 3 1642 1643 1586 1645
7837 4 2 3 3 2597 1654 1909 1910
7838 4 2 3 3 1293 1311 556 2445
7839 4 2 3 3 1345 1905 1656 2184
7840 4 2 3 3 2596 2158 2593 2208
7841 4 2 3 3 2159 970 2158 2208
7842 4 2 3 3 1508 1357 2249 2610
7843 4 2 3 3 2225 2222 2217 2251
7844 4 2 3 3 2212 2211 1507 2523
7845 4 2 3 3 1429 1604 1601 1603
7846 4 2 3 3 1327 2598 2391 2390
7847 4 2 3 3 2190 2191 2205 2189
7848 4 2 3 3 1632 1611 1307 60
7849 4 2 3 3 551 1183 489 491
7850 4 2 3 3 34 257 316 1525
7851 4 2 3 3 1304 1696 1695 1625
7852 4 2 3 3 1693 1382 1989 1364
7853 4 2 3 3 1532 1786 1787 1722
7854 4 2 3 3 1304 1696 1629 1308
7855 4 2 3 3 1370 1686 1690 1614
7856 4 2 3 3 1609 1434 1300 1768
7857 4 2 3 3 2115 1364 1965 1988
7858 4 2 3 3 1687 1686 1202 1690
7859 4 2 3 3 98 1693 1625 1691
7860 4 2 3 3 1610 1604 1601 1602
7861 4 2 3 3 1696 1706 1702 1332
7862 4 2 3 3 1629 1633 1308 1702
7863 4 2 3 3 1773 1772 65 64
7864 4 2 3 3 1193 496 494 1505
7865 4 2 3 3 1796 1730 1772 1790
7866 4 2 3 3 1301 1773 1769 1779
7867 4 2 3 3 1772 1730 1409 1790
7868 4 2 3 3 1302 1402 1408 1788
7869 4 2 3 3 1962 2115 1990 1823
7870 4 2 3 3 1832 107 1964 1717
7871 4 2 3 3 1532 19 412 105
7872 4 2 3 3 1705 63 62 1700
7873 4 2 3 3 169 7 107 2111
7874 4 2 3 3 381 781 380 447
7875 4 2 3 3 784 2127 779 2139
7876 4 2 3 3 370 782 447 423
7877 4 2 3 3 67 1720 1713 1712
7878 4 2 3 3 1708 1553 1540 1557
7879 4 2 3 3 1849 1824 2087 1831
7880 4 2 3 3 1393 2071 1726 1391
7881 4 2 3 3 1961 1736 1734 1405
7882 4 2 3 3 1390 330 349 1711
7883 4 2 3 3 1720 1717 1721 1722
7884 4 2 3 3 2081 1414 2092 2087
7885 4 2 3 3 1026 2146 2139 2121
7886 4 2 3 3 1738 1737 1745 52
7887 4 2 3 3 529 1203 1757 1743
7888 4 2 3 3 473 2061 1341 2075
7889 4 2 3 3 1753 1192 1756 1967
7890 4 2 3 3 1827 1746 1745 1374
7891 4 2 3 3 11 2082 2090 2085
7892 4 2 3 3 1762 53 1746 1745
7893 4 2 3 3 1970 1968 1755 1365
7894 4 2 3 3 1589 1412 1737 1858
7895 4 2 3 3 2002 2629 2018 2630
7896 4 2 3 3 1652 1651 1650 1581
7897 4 2 3 3 1652 1650 1582 1581
7898 4 2 3 3 1191 483 1190 1453
7899 4 2 3 3 1266 1973 1156 1974
7900 4 2 3 3 1224 1973 1759 1757
7901 4 2 3 3 598 741 461 1267
7902 4 2 3 3 1604 1610 1601 1603
7903 4 2 3 3 741 598 146 1285
7904 4 2 3 3 530 1224 602 1285
7905 4 2 3 3 531 1884 517 516
7906 4 2 3 3 572 1170 1395 1177
7907 4 2 3 3 1172 1173 1791 1160
7908 4 2 3 3 1404 1731 1299 1719
7909 4 2 3 3 176 2133 2144 1009
7910 4 2 3 3 1332 1478 1702 2719
7911 4 2 3 3 564 565 1783 1237
7912 4 2 3 3 565 1283 1783 1237
7913 4 2 3 3 1283 565 1783 564
7914 4 2 3 3 2067 2061 2075 1341
7915 4 2 3 3 1216 1222 1165 1821
7916 4 2 3 3 1234 639 545 548
7917 4 2 3 3 1418 1423 1601 1602
7918 4 2 3 3 67 66 1734 1733
7919 4 2 3 3 2495 2143 1029 2493
7920 4 2 3 3 2493 2138 1029 1041
7921 4 2 3 3 2143 2138 1029 2493
7922 4 2 3 3 320 344 1802 1497
7923 4 2 3 3 1564 1556 1561 1560
7924 4 2 3 3 1895 43 2591 2590
7925 4 2 3 3 1885 516 1439 578
7926 4 2 3 3 2168 1808 1440 1888
7927 4 2 3 3 43 320 1802 1497
7928 4 2 3 3 1803 1484 1810 1384
7929 4 2 3 3 1816 264 2088 1737
7930 4 2 3 3 2071 2072 1833 2063
7931 4 2 3 3 1207 1709 2069 2080
7932 4 2 3 3 206 2493 1029 1041
7933 4 2 3 3 341 1836 2088 1528
7934 4 2 3 3 1968 1365 1756 1754
7935 4 2 3 3 1971 1365 1755 1754
7936 4 2 3 3 1817 1749 52 1746
7937 4 2 3 3 1488 2595 1340 2594
7938 4 2 3 3 324 29 28 1854
7939 4 2 3 3 1650 1651 1902 1659
7940 4 2 3 3 2595 1905 1659 1661
7941 4 2 3 3 1840 1839 2003 1838
7942 4 2 3 3 2005 2016 2011 2010
7943 4 2 3 3 2607 1841 1948 1947
7944 4 2 3 3 1393 1391 2058 2063
7945 4 2 3 3 1827 1739 1378 2079
7946 4 2 3 3 1817 1818 2098 2086
7947 4 2 3 3 8 2104 7 2111
7948 4 2 3 3 13 51 341 2088
7949 4 2 3 3 2250 2246 2610 2248
7950 4 2 3 3 1859 12 2021 2008
7951 4 2 3 3 1567 1566 1398 1561
7952 4 2 3 3 2495 2493 1029 206
7953 4 2 3 3 1553 1551 1538 1557
7954 4 2 3 3 1731 1404 1558 1853
7955 4 2 3 3 1316 2488 2443 2281
7956 4 2 3 3 2441 2448 2578 1844
7957 4 2 3 3 1337 2477 1432 2478
7958 4 2 3 3 40 2572 84 83
7959 4 2 3 3 840 839 837 83
7960 4 2 3 3 1037 1015 2123 1040
7961 4 2 3 3 2279 2307 2481 2480
7962 4 2 3 3 2365 232 2687 1801
7963 4 2 3 3 1885 1884 1883 1886
7964 4 2 3 3 1559 1543 1558 1810
7965 4 2 3 3 2583 1206 2582 1158
7966 4 2 3 3 531 541 1230 1229
7967 4 2 3 3 2691 2706 2467 2707
7968 4 2 3 3 2155 2269 2152 2154
7969 4 2 3 3 1423 1418 1601 1417
7970 4 2 3 3 2576 1521 1499 1210
7971 4 2 3 3 1895 43 2590 42
7972 4 2 3 3 1877 1876 2302 2479
7973 4 2 3 3 1876 1877 2303 2479
7974 4 2 3 3 1881 1497 1802 1386
7975 4 2 3 3 535 531 1230 1229
7976 4 2 3 3 1204 510 1209 1176
7977 4 2 3 3 2167 2266 1886 1888
7978 4 2 3 3 1678 1679 1306 1612
7979 4 2 3 3 1588 1642 1586 1645
7980 4 2 3 3 2597 1905 1904 1346
7981 4 2 3 3 1643 1652 1223 1904
7982 4 2 3 3 1293 2446 2445 1317
7983 4 2 3 3 1647 1658 1657 1656
7984 4 2 3 3 1907 1349 1909 1918
7985 4 2 3 3 557 647 2445 556
7986 4 2 3 3 1939 2521 1912 1344
7987 4 2 3 3 30 31 2412 1647
7988 4 2 3 3 1662 2520 2549 1344
7989 4 2 3 3 30 2368 2367 2412
7990 4 2 3 3 2206 1351 1920 1941
7991 4 2 3 3 2553 2343 1943 2550
7992 4 2 3 3 2375 1906 1922 1908
7993 4 2 3 3 1924 1936 1667 1668
7994 4 2 3 3 1326 1168 1187 1474
7995 4 2 3 3 1196 1982 1376 1197
7996 4 2 3 3 805 428 193 368
7997 4 2 3 3 1906 1937 2375 32
7998 4 2 3 3 1588 258 1642 318
7999 4 2 3 3 33 77 2427 2414
8000 4 2 3 3 2254 2507 2435 1666
8001 4 2 3 3 1444 2338 1842 2335
8002 4 2 3 3 2323 35 250 316
8003 4 2 3 3 917 986 435 368
8004 4 2 3 3 78 803 918 885
8005 4 2 3 3 2334 2607 1948 2035
8006 4 2 3 3 2042 2359 1416 2260
8007 4 2 3 3 1917 1665 2346 2190
8008 4 2 3 3 2596 2208 1549 2335
8009 4 2 3 3 1172 1775 1300 1790
8010 4 2 3 3 67 1712 1711 1733
8011 4 2 3 3 1960 1796 1958 1397
8012 4 2 3 3 345 1476 1645 1475
8013 4 2 3 3 480 1203 1374 1756
8014 4 2 3 3 1192 1191 1756 1968
8015 4 2 3 3 1968 1969 1755 1967
8016 4 2 3 3 1753 1447 1469 1192
8017 4 2 3 3 1750 1752 1341 2078
8018 4 2 3 3 1325 1448 1473 1471
8019 4 2 3 3 1203 1970 1968 1142
8020 4 2 3 3 1687 1984 1983 1981
8021 4 2 3 3 1984 1972 1981 1456
8022 4 2 3 3 1972 1984 1981 1983
8023 4 2 3 3 56 1984 1981 1456
8024 4 2 3 3 1984 1685 56 1981
8025 4 2 3 3 2012 2013 1996 1997
8026 4 2 3 3 1861 2022 2008 2021
8027 4 2 3 3 1993 1995 1992 2001
8028 4 2 3 3 1248 1260 1145 1257
8029 4 2 3 3 1293 557 2445 556
8030 4 2 3 3 1862 1415 2008 1992
8031 4 2 3 3 2035 1599 2034 2029
8032 4 2 3 3 2017 1991 2000 2002
8033 4 2 3 3 2021 2024 2156 2022
8034 4 2 3 3 2256 2025 2022 2156
8035 4 2 3 3 428 805 907 962
8036 4 2 3 3 1841 1840 2003 1838
8037 4 2 3 3 1950 2695 1949 2007
8038 4 2 3 3 2444 647 556 2445
8039 4 2 3 3 1463 2453 2456 1440
8040 4 2 3 3 2455 2453 2456 1463
8041 4 2 3 3 1145 1445 2665 2262
8042 4 2 3 3 1149 1463 2456 1440
8043 4 2 3 3 2006 1948 2287 2010
8044 4 2 3 3 2027 2025 2034 2020
8045 4 2 3 3 2639 2638 187 2029
8046 4 2 3 3 795 2181 988 816
8047 4 2 3 3 1599 2032 2029 2041
8048 4 2 3 3 2340 2336 1842 2335
8049 4 2 3 3 167 88 6 2046
8050 4 2 3 3 1572 1679 1678 1612
8051 4 2 3 3 2354 2353 2273 2351
8052 4 2 3 3 2462 2170 2177 2668
8053 4 2 3 3 2365 231 945 2458
8054 4 2 3 3 76 877 930 962
8055 4 2 3 3 234 2403 2402 24
8056 4 2 3 3 1678 1613 1612 1306
8057 4 2 3 3 212 213 2348 2339
8058 4 2 3 3 1004 187 2051 186
8059 4 2 3 3 2606 2638 891 808
8060 4 2 3 3 2520 913 2417 991
8061 4 2 3 3 1613 1617 1612 1306
8062 4 2 3 3 2049 2038 2051 2046
8063 4 2 3 3 2046 1004 2051 186
8064 4 2 3 3 1031 2505 1039 1018
8065 4 2 3 3 1393 1391 547 2058
8066 4 2 3 3 1392 1551 1562 1538
8067 4 2 3 3 1837 1368 1836 1856
8068 4 2 3 3 253 1556 1535 1539
8069 4 2 3 3 1829 1828 1212 1820
8070 4 2 3 3 312 1613 1612 1678
8071 4 2 3 3 1827 1379 2098 1746
8072 4 2 3 3 1716 1414 2097 1834
8073 4 2 3 3 1738 1827 1826 1746
8074 4 2 3 3 1530 1818 2086 2098
8075 4 2 3 3 1709 2070 2069 2080
8076 4 2 3 3 264 1737 52 329
8077 4 2 3 3 473 472 1208 603
8078 4 2 3 3 1216 1709 1234 2066
8079 4 2 3 3 767 375 424 94
8080 4 2 3 3 1771 1770 1780 1788
8081 4 2 3 3 2111 168 2109 1823
8082 4 2 3 3 312 1617 1612 1613
8083 4 2 3 3 626 1268 471 656
8084 4 2 3 3 1621 1382 1623 1989
8085 4 2 3 3 2092 2072 2091 1234
8086 4 2 3 3 587 1269 1235 1232
8087 4 2 3 3 626 1815 1222 467
8088 4 2 3 3 1205 1779 1776 1777
8089 4 2 3 3 653 1237 528 1778
8090 4 2 3 3 1162 1163 1235 1778
8091 4 2 3 3 1727 2071 1710 1726
8092 4 2 3 3 1720 68 67 1713
8093 4 2 3 3 1369 1718 1766 2117
8094 4 2 3 3 68 67 1712 1711
8095 4 2 3 3 1826 2077 1822 2086
8096 4 2 3 3 8 168 2109 2111
8097 4 2 3 3 1818 2116 2117 2086
8098 4 2 3 3 1369 2116 2100 2117
8099 4 2 3 3 2103 1531 2097 2117
8100 4 2 3 3 2682 1054 1062 2654
8101 4 2 3 3 1037 2125 1040 2124
8102 4 2 3 3 1088 2682 1062 2654
8103 4 2 3 3 1382 1381 1623 1989
8104 4 2 3 3 2124 2126 2123 2647
8105 4 2 3 3 1615 1506 1623 1372
8106 4 2 3 3 197 803 196 373
8107 4 2 3 3 2124 2123 2134 2647
8108 4 2 3 3 1620 1506 1623 1615
8109 4 2 3 3 1027 190 768 2120
8110 4 2 3 3 2649 392 2513 391
8111 4 2 3 3 399 398 2647 2648
8112 4 2 3 3 210 1026 2121 2146
8113 4 2 3 3 780 2147 786 778
8114 4 2 3 3 1506 1330 1623 1372
8115 4 2 3 3 1542 1554 1541 1560
8116 4 2 3 3 2137 2127 1014 1039
8117 4 2 3 3 1506 1620 1623 1330
8118 4 2 3 3 86 957 922 996
8119 4 2 3 3 276 1454 1570 2511
8120 4 2 3 3 1454 1326 1570 2511
8121 4 2 3 3 2715 2682 1073 1088
8122 4 2 3 3 2031 5 2033 2040
8123 4 2 3 3 2148 2037 2255 2157
8124 4 2 3 3 2149 2148 2255 2157
8125 4 2 3 3 2715 1060 1088 1095
8126 4 2 3 3 1060 2715 2714 1095
8127 4 2 3 3 2149 947 2157 2255
8128 4 2 3 3 230 2463 944 945
8129 4 2 3 3 2179 2192 2669 2689
8130 4 2 3 3 1468 2170 2461 2177
8131 4 2 3 3 2164 2163 2260 2359
8132 4 2 3 3 2175 2409 2174 2457
8133 4 2 3 3 1159 2364 2173 2175
8134 4 2 3 3 2669 2192 2668 2689
8135 4 2 3 3 2197 1255 2207 2369
8136 4 2 3 3 1444 2334 2337 2335
8137 4 2 3 3 2669 2466 2197 2193
8138 4 2 3 3 2199 1255 2369 2347
8139 4 2 3 3 1060 212 2370 1088
8140 4 2 3 3 2202 2661 2674 2680
8141 4 2 3 3 2353 2356 2042 2357
8142 4 2 3 3 2378 2564 1933 2392
8143 4 2 3 3 1934 2565 2393 1932
8144 4 2 3 3 2682 1064 1073 1062
8145 4 2 3 3 1067 1064 1073 2655
8146 4 2 3 3 220 2333 2619 2210
8147 4 2 3 3 2715 1067 1073 2655
8148 4 2 3 3 1064 2682 1073 2655
8149 4 2 3 3 35 80 79 2320
8150 4 2 3 3 2682 2715 1073 2655
8151 4 2 3 3 883 859 2372 2373
8152 4 2 3 3 1577 2516 1667 2511
8153 4 2 3 3 1917 2345 1351 2190
8154 4 2 3 3 914 2376 798 974
8155 4 2 3 3 2311 2310 2204 2226
8156 4 2 3 3 1636 2568 2555 2567
8157 4 2 3 3 2604 2276 2545 2204
8158 4 2 3 3 2564 1934 2393 2379
8159 4 2 3 3 2617 2210 1363 2680
8160 4 2 3 3 2331 2542 2251 1433
8161 4 2 3 3 2684 2705 2379 2201
8162 4 2 3 3 1614 488 1198 1197
8163 4 2 3 3 2232 1518 2523 2325
8164 4 2 3 3 2245 2223 1518 2232
8165 4 2 3 3 987 938 2599 964
8166 4 2 3 3 1149 2455 2456 1463
8167 4 2 3 3 1519 2329 2238 2326
8168 4 2 3 3 1360 2312 1926 2218
8169 4 2 3 3 333 256 1475 2511
8170 4 2 3 3 2473 2464 2467 1897
8171 4 2 3 3 1356 485 1668 1186
8172 4 2 3 3 2385 1358 1508 2250
8173 4 2 3 3 2320 2527 2525 2523
8174 4 2 3 3 560 1356 634 524
8175 4 2 3 3 2047 993 889 2637
8176 4 2 3 3 1326 1577 1570 2511
8177 4 2 3 3 807 818 2255 187
8178 4 2 3 3 2039 2038 2255 187
8179 4 2 3 3 2606 2045 897 2029
8180 4 2 3 3 1891 1882 1406 1886
8181 4 2 3 3 1171 2576 2423 1210
8182 4 2 3 3 1892 2452 2418 1387
8183 4 2 3 3 2245 2212 1518 2238
8184 4 2 3 3 2694 2657 1098 1076
8185 4 2 3 3 2284 1870 2481 2478
8186 4 2 3 3 1432 2488 1431 2489
8187 4 2 3 3 594 595 621 1903
8188 4 2 3 3 2594 2595 1340 1660
8189 4 2 3 3 2464 2473 2467 230
8190 4 2 3 3 2171 2706 2691 2707
8191 4 2 3 3 1326 1577 2511 2516
8192 4 2 3 3 2329 1955 2326 1954
8193 4 2 3 3 2431 2442 2448 2439
8194 4 2 3 3 41 2503 84 2577
8195 4 2 3 3 2475 1874 1298 2298
8196 4 2 3 3 1952 1871 2281 2445
8197 4 2 3 3 2297 2277 2281 2634
8198 4 2 3 3 2388 1673 2210 2397
8199 4 2 3 3 1258 1929 2385 1636
8200 4 2 3 3 1911 1140 1909 1942
8201 4 2 3 3 1508 1357 2383 2249
8202 4 2 3 3 2521 2376 1637 2374
8203 4 2 3 3 2345 1655 2344 1638
8204 4 2 3 3 1934 2308 1920 2313
8205 4 2 3 3 1934 1920 1941 2313
8206 4 2 3 3 849 2433 2527 2430
8207 4 2 3 3 2614 2615 1867 2613
8208 4 2 3 3 80 851 79 2320
8209 4 2 3 3 851 850 2320 848
8210 4 2 3 3 80 851 2320 848
8211 4 2 3 3 2492 2701 2544 2533
8212 4 2 3 3 222 2333 221 2615
8213 4 2 3 3 2624 2625 2283 2623
8214 4 2 3 3 2420 2176 2707 2708
8215 4 2 3 3 2715 1060 2370 1088
8216 4 2 3 3 1898 2473 2707 1897
8217 4 2 3 3 2153 2681 2467 2707
8218 4 2 3 3 2277 2278 2478 1870
8219 4 2 3 3 2188 2191 2187 2193
8220 4 2 3 3 2265 2274 2360 2161
8221 4 2 3 3 2356 817 233 2353
8222 4 2 3 3 2361 2274 1568 1800
8223 4 2 3 3 2267 2149 947 2271
8224 4 2 3 3 2026 2354 2273 2351
8225 4 2 3 3 2410 1467 2457 2450
8226 4 2 3 3 1166 1808 2259 1229
8227 4 2 3 3 2192 2155 2698 2294
8228 4 2 3 3 1949 2006 2286 2337
8229 4 2 3 3 2670 2671 2667 2199
8230 4 2 3 3 2554 2553 1943 2555
8231 4 2 3 3 2598 2394 2437 1637
8232 4 2 3 3 1329 1575 1328 1450
8233 4 2 3 3 78 34 2526 33
8234 4 2 3 3 983 2231 800 900
8235 4 2 3 3 2386 2388 220 219
8236 4 2 3 3 1867 2224 2380 2216
8237 4 2 3 3 848 849 2527 2430
8238 4 2 3 3 2625 2332 2251 2253
8239 4 2 3 3 693 1916 1639 1253
8240 4 2 3 3 2202 2673 2674 2672
8241 4 2 3 3 2432 2433 2434 2599
8242 4 2 3 3 2617 2333 2680 2200
8243 4 2 3 3 669 616 1244 1263
8244 4 2 3 3 684 686 1244 1242
8245 4 2 3 3 2176 1438 2456 1897
8246 4 2 3 3 2419 1901 1897 2456
8247 4 2 3 3 2460 2167 1899 1888
8248 4 2 3 3 2162 2363 2631 2589
8249 4 2 3 3 1003 965 799 2502
8250 4 2 3 3 2442 2439 2438 2601
8251 4 2 3 3 2432 2433 937 2428
8252 4 2 3 3 847 2430 2428 846
8253 4 2 3 3 987 964 2599 2491
8254 4 2 3 3 81 2430 2428 847
8255 4 2 3 3 2317 2323 2316 1353
8256 4 2 3 3 2279 2586 1466 2485
8257 4 2 3 3 31 1476 1645 318
8258 4 2 3 3 229 2473 228 2471
8259 4 2 3 3 2277 1869 2634 2579
8260 4 2 3 3 2572 2575 2636 2580
8261 4 2 3 3 2301 2486 2636 2580
8262 4 2 3 3 198 981 415 812
8263 4 2 3 3 30 31 1647 1645
8264 4 2 3 3 579 1228 578 1439
8265 4 2 3 3 1499 1805 1889 1890
8266 4 2 3 3 2632 2635 1799 1809
8267 4 2 3 3 1160 1172 1209 1608
8268 4 2 3 3 580 1171 2423 1210
8269 4 2 3 3 2421 2484 2404 1465
8270 4 2 3 3 2702 2483 225 226
8271 4 2 3 3 318 1642 1645 30
8272 4 2 3 3 2586 2473 228 2605
8273 4 2 3 3 2575 1522 41 1462
8274 4 2 3 3 2441 935 933 934
8275 4 2 3 3 2452 2582 2304 1387
8276 4 2 3 3 833 2499 84 2503
8277 4 2 3 3 2441 2571 2578 2570
8278 4 2 3 3 2476 2301 2484 2580
8279 4 2 3 3 2499 2503 2425 2577
8280 4 2 3 3 1466 1894 2484 2581
8281 4 2 3 3 2441 2570 2578 2448
8282 4 2 3 3 2153 2681 2686 2467
8283 4 2 3 3 2465 2463 2469 2633
8284 4 2 3 3 388 389 2496 387
8285 4 2 3 3 2494 2496 2644 2645
8286 4 2 3 3 388 389 390 2496
8287 4 2 3 3 2142 204 203 390
8288 4 2 3 3 389 2650 390 2496
8289 4 2 3 3 1358 1509 1143 2252
8290 4 2 3 3 1520 1261 1143 2624
8291 4 2 3 3 2612 2624 1143 2623
8292 4 2 3 3 1924 1359 2218 1635
8293 4 2 3 3 1923 1348 2218 1667
8294 4 2 3 3 2220 2221 2382 2391
8295 4 2 3 3 2241 2328 1513 2621
8296 4 2 3 3 1672 2386 2380 2381
8297 4 2 3 3 2389 939 218 2381
8298 4 2 3 3 1636 1141 2568 2567
8299 4 2 3 3 2253 1520 1143 2612
8300 4 2 3 3 1033 197 196 2514
8301 4 2 3 3 1509 1520 1143 2253
8302 4 2 3 3 2519 2651 2518 2128
8303 4 2 3 3 2253 2252 2612 1143
8304 4 2 3 3 2253 1509 2252 1143
8305 4 2 3 3 2608 2223 2232 2325
8306 4 2 3 3 2540 2541 1431 1147
8307 4 2 3 3 2542 1433 2329 2612
8308 4 2 3 3 2587 2307 2481 2490
8309 4 2 3 3 2410 1250 2545 2450
8310 4 2 3 3 2704 2710 2709 2544
8311 4 2 3 3 695 1916 672 2551
8312 4 2 3 3 2625 2624 1143 2612
8313 4 2 3 3 1910 594 588 589
8314 4 2 3 3 2628 2399 2387 1253
8315 4 2 3 3 2343 2553 1638 1167
8316 4 2 3 3 2552 1929 2551 672
8317 4 2 3 3 1929 1916 2551 672
8318 4 2 3 3 1929 1141 2552 2551
8319 4 2 3 3 1141 1929 1916 2551
8320 4 2 3 3 217 216 974 2522
8321 4 2 3 3 2549 2520 2557 1919
8322 4 2 3 3 2395 1057 218 1083
8323 4 2 3 3 1101 1056 216 2560
8324 4 2 3 3 213 1102 2711 214
8325 4 2 3 3 2563 1101 216 2560
8326 4 2 3 3 2400 2378 2522 2521
8327 4 2 3 3 2554 2344 1638 2556
8328 4 2 3 3 254 37 1428 38
8329 4 2 3 3 1194 2235 1420 2315
8330 4 2 3 3 1521 2576 1461 1875
8331 4 2 3 3 837 839 836 83
8332 4 2 3 3 255 1458 1596 1496
8333 4 2 3 3 2455 2453 2305 2419
8334 4 2 3 3 1055 2605 227 228
8335 4 2 3 3 1003 893 2502 2404
8336 4 2 3 3 1335 2278 1870 2284
8337 4 2 3 3 229 2451 2471 2468
8338 4 2 3 3 2422 1892 2302 1387
8339 4 2 3 3 2595 1840 1660 2594
8340 4 2 3 3 2186 2185 1842 2183
8341 4 2 3 3 2004 1994 2003 1946
8342 4 2 3 3 1520 2625 1143 2612
8343 4 2 3 3 1841 1661 2593 1549
8344 4 2 3 3 2596 1549 2336 2335
8345 4 2 3 3 861 2411 2377 2371
8346 4 2 3 3 2521 1939 2549 1344
8347 4 2 3 3 2659 2692 2657 2656
8348 4 2 3 3 2034 2033 2040 2031
8349 4 2 3 3 2638 2028 2606 891
8350 4 2 3 3 2539 2541 2538 2621
8351 4 2 3 3 2509 2540 2283 2623
8352 4 2 3 3 2247 2329 2612 2623
8353 4 2 3 3 2252 2612 2217 2251
8354 4 2 3 3 2333 2616 2492 1053
8355 4 2 3 3 2329 1955 1954 2620
8356 4 2 3 3 1355 2212 2610 2242
8357 4 2 3 3 2615 2508 2699 2626
8358 4 2 3 3 2332 2230 2710 2229
8359 4 2 3 3 2704 2703 2282 2544
8360 4 2 3 3 1509 2387 2252 2385
8361 4 2 3 3 2661 1077 2652 2679
8362 4 2 3 3 2625 1520 1143 2624
8363 4 2 3 3 2584 2455 2307 2457
8364 4 2 3 3 2023 2024 2020 14
8365 4 2 3 3 2158 2606 2040 2208
8366 4 2 3 3 1718 1380 1767 1154
8367 4 2 3 3 2159 871 74 2158
8368 4 2 3 3 871 2159 74 75
8369 4 2 3 3 2120 1027 1030 1017
8370 4 2 3 3 211 22 791 789
8371 4 2 3 3 1380 1381 1767 1154
8372 4 2 3 3 1382 1718 1154 1989
8373 4 2 3 3 1381 1382 1154 1989
8374 4 2 3 3 1718 1380 1154 1989
8375 4 2 3 3 1380 1381 1154 1989
8376 4 2 3 3 648 548 1165 1714
8377 4 2 3 3 2192 1446 2155 2689
8378 4 2 3 3 1446 2688 2172 2676
8379 4 2 3 3 2403 234 2358 2663
8380 4 2 3 3 2688 1446 2664 2676
8381 4 2 3 3 1880 2464 2469 2471
8382 4 2 3 3 1248 1600 2270 2667
8383 4 2 3 3 1257 691 1998 2667
8384 4 2 3 3 2671 2604 679 2369
8385 4 2 3 3 2714 1492 2178 2712
8386 4 2 3 3 2695 2355 2044 2696
8387 4 2 3 3 2176 2173 1897 2707
8388 4 2 3 3 2409 2587 2307 2457
8389 4 2 3 3 2691 1089 2690 2656
8390 4 2 3 3 2692 2716 1334 2657
8391 4 2 3 3 2706 1091 2690 2691
8392 4 2 3 3 2173 2153 1897 2707
8393 4 2 3 3 2458 2464 1897 2687
8394 4 2 3 3 2475 2476 2474 2483
8395 4 2 3 3 1335 2703 2284 1870
8396 4 2 3 3 2701 224 2700 2533
8397 4 2 3 3 2485 2476 2484 1878
8398 4 2 3 3 2714 1492 2561 2178
8399 4 2 3 3 2520 216 215 2557
8400 4 2 3 3 2310 2311 2205 1146
8401 4 2 3 3 2179 1446 2689 2172
8402 4 2 3 3 1146 2558 2205 2206
8403 4 2 3 3 2683 2698 2030 2193
8404 4 2 3 3 911 912 995 2336
8405 4 2 3 3 1730 66 65 337
8406 4 2 3 3 463 648 548 1165
8407 4 2 3 3 265 1707 1557 349
8408 4 2 3 3 777 784 786 2139
8409 4 2 3 3 389 420 394 2496
8410 4 2 3 3 463 1282 648 1165
8411 4 2 3 3 194 805 193 368
8412 4 2 3 3 77 76 351 2411
8413 4 2 3 3 32 1937 351 31
8414 4 2 3 3 923 859 2414 2372
8415 4 2 3 3 1327 2598 1666 2437
8416 4 2 3 3 1577 276 319 328
8417 4 2 3 3 257 1523 328 309
8418 4 2 3 3 2499 835 834 833
8419 4 2 3 3 2484 1894 1462 2581
8420 4 2 3 3 1556 1541 1561 1560
8421 4 2 3 3 1270 1269 1165 1714
8422 4 2 3 3 1885 1884 1804 1803
8423 4 2 3 3 1697 1698 1495 1477
8424 4 2 3 3 1972 1970 1969 1755
8425 4 2 3 3 1758 1379 1765 1743
8426 4 2 3 3 1694 1696 1628 1625
8427 4 2 3 3 1977 1987 1986 1985
8428 4 2 3 3 8 2101 2109 51
8429 4 2 3 3 54 1967 1754 1755
8430 4 2 3 3 1270 1282 1165 1269
8431 4 2 3 3 210 421 382 2121
8432 4 2 3 3 2506 385 383 384
8433 4 2 3 3 1542 280 282 281
8434 4 2 3 3 376 421 2121 382
8435 4 2 3 3 1233 1714 1396 1165
8436 4 2 3 3 1234 1233 1396 1165
8437 4 2 3 3 106 1717 1722 1723
8438 4 2 3 3 385 2506 383 393
8439 4 2 3 3 64 1704 63 1780
8440 4 2 3 3 64 251 1768 293
8441 4 2 3 3 1906 1907 1347 1476
8442 4 2 3 3 648 1269 1714 1165
8443 4 2 3 3 1282 1269 648 1165
8444 4 2 3 3 861 2377 859 2373
8445 4 2 3 3 906 905 87 985
8446 4 2 3 3 1173 514 1558 513
8447 4 2 3 3 815 427 445 379
8448 4 2 3 3 889 2638 2047 2637
8449 4 2 3 3 1176 1160 1384 1558
8450 4 2 3 3 1726 543 1394 1395
8451 4 2 3 3 335 1455 248 1373
8452 4 2 3 3 542 514 1558 1394
8453 4 2 3 3 1697 1320 1307 1699
8454 4 2 3 3 1484 1437 1810 1384
8455 4 2 3 3 1485 1803 1384 1484
8456 4 2 3 3 1486 1805 1176 1384
8457 4 2 3 3 2126 763 2648 764
8458 4 2 3 3 138 451 1219 577
8459 4 2 3 3 323 280 1541 253
8460 4 2 3 3 376 90 781 780
8461 4 2 3 3 783 180 777 2121
8462 4 2 3 3 2147 376 781 780
8463 4 2 3 3 448 763 767 766
8464 4 2 3 3 1731 1729 1728 1394
8465 4 2 3 3 1542 1560 1810 1559
8466 4 2 3 3 1567 1804 1810 1559
8467 4 2 3 3 1258 667 710 711
8468 4 2 3 3 2319 2244 2215 1354
8469 4 2 3 3 1575 1576 2516 1187
8470 4 2 3 3 1260 706 625 1240
8471 4 2 3 3 1326 1575 2516 1187
8472 4 2 3 3 132 464 131 692
8473 4 2 3 3 485 1359 1187 484
8474 4 2 3 3 484 1359 1187 1936
8475 4 2 3 3 2517 485 1668 1187
8476 4 2 3 3 1709 2070 2076 2069
8477 4 2 3 3 1740 1815 1284 626
8478 4 2 3 3 584 585 1268 583
8479 4 2 3 3 1739 664 1208 467
8480 4 2 3 3 485 1359 1668 1187
8481 4 2 3 3 728 1278 1767 1273
8482 4 2 3 3 562 563 561 1478
8483 4 2 3 3 1631 1606 61 1307
8484 4 2 3 3 1936 2517 1668 1187
8485 4 2 3 3 1359 1936 1668 1187
8486 4 2 3 3 31 318 1645 30
8487 4 2 3 3 1526 1527 1579 1546
8488 4 2 3 3 1182 551 1198 1614
8489 4 2 3 3 2211 2214 1355 2248
8490 4 2 3 3 2519 2651 2130 407
8491 4 2 3 3 2126 2136 764 2123
8492 4 2 3 3 1183 551 1198 1182
8493 4 2 3 3 396 772 424 439
8494 4 2 3 3 187 2638 2051 186
8495 4 2 3 3 2050 2046 2051 186
8496 4 2 3 3 1060 2715 2370 2714
8497 4 2 3 3 889 2638 2637 808
8498 4 2 3 3 1313 1188 1198 1352
8499 4 2 3 3 2035 2034 2350 2029
8500 4 2 3 3 1322 1313 1198 1352
8501 4 2 3 3 491 492 1352 490
8502 4 2 3 3 2518 2519 2128 2512
8503 4 2 3 3 487 490 489 1198
8504 4 2 3 3 1683 1573 1450 1329
8505 4 2 3 3 490 491 489 1198
8506 4 2 3 3 411 408 2515 406
8507 4 2 3 3 2318 2319 1669 1525
8508 4 2 3 3 385 2506 2494 2504
8509 4 2 3 3 959 2485 2424 227
8510 4 2 3 3 1915 1658 1656 1657
8511 4 2 3 3 1486 1204 1209 1176
8512 4 2 3 3 208 1022 2504 207
8513 4 2 3 3 1204 1486 1209 1210
8514 4 2 3 3 1437 1404 1409 283
8515 4 2 3 3 2333 2617 2210 2615
8516 4 2 3 3 2397 1934 2603 2379
8517 4 2 3 3 2378 218 798 217
8518 4 2 3 3 221 2333 220 2615
8519 4 2 3 3 2397 2396 2395 2619
8520 4 2 3 3 213 2340 214 2348
8521 4 2 3 3 2705 2684 2395 2201
8522 4 2 3 3 1173 1160 1209 1176
8523 4 2 3 3 1173 1172 1209 1160
8524 4 2 3 3 510 1173 1209 1176
8525 4 2 3 3 1173 510 1209 1172
8526 4 2 3 3 2706 2473 228 229
8527 4 2 3 3 1892 1487 2470 2633
8528 4 2 3 3 2361 2360 2163 1568
8529 4 2 3 3 659 636 1166 1220
8530 4 2 3 3 2441 2296 2579 1844
8531 4 2 3 3 37 2429 1517 38
8532 4 2 3 3 417 433 2643 416
8533 4 2 3 3 659 576 470 1220
8534 4 2 3 3 2496 2650 390 2143
8535 4 2 3 3 706 662 625 1240
8536 4 2 3 3 2518 1024 2512 2128
8537 4 2 3 3 2275 2276 2204 2405
8538 4 2 3 3 697 1260 1257 1240
8539 4 2 3 3 1260 697 706 1240
8540 4 2 3 3 1725 1707 1710 1711
8541 4 2 3 3 636 659 470 1220
8542 4 2 3 3 2102 2101 2109 2106
8543 4 2 3 3 1217 636 470 1220
8544 4 2 3 3 1884 531 1398 1229
8545 4 2 3 3 345 256 1475 333
8546 4 2 3 3 541 1166 1230 1229
8547 4 2 3 3 1452 1303 1373 1451
8548 4 2 3 3 1475 1448 1472 272
8549 4 2 3 3 1584 1469 271 272
8550 4 2 3 3 1807 2266 2259 1811
8551 4 2 3 3 54 1753 1967 249
8552 4 2 3 3 1808 2165 1229 1888
8553 4 2 3 3 2167 1808 1229 1888
8554 4 2 3 3 1609 1533 286 288
8555 4 2 3 3 1533 1609 286 1434
8556 4 2 3 3 1434 286 285 284
8557 4 2 3 3 1309 296 1603 1429
8558 4 2 3 3 1401 1847 2164 2259
8559 4 2 3 3 1184 1185 1479 1477
8560 4 2 3 3 1501 306 305 1504
8561 4 2 3 3 410 198 436 415
8562 4 2 3 3 1811 1845 1568 2259
8563 4 2 3 3 616 618 1241 1263
8564 4 2 3 3 465 618 616 1263
8565 4 2 3 3 77 915 858 874
8566 4 2 3 3 1464 1149 1262 1463
8567 4 2 3 3 870 905 903 87
8568 4 2 3 3 822 821 2150 820
8569 4 2 3 3 1467 2584 1464 1263
8570 4 2 3 3 1556 1564 1859 327
8571 4 2 3 3 1432 616 1241 1263
8572 4 2 3 3 2584 1464 1263 1463
8573 4 2 3 3 893 2497 2425 834
8574 4 2 3 3 2363 828 2362 2589
8575 4 2 3 3 2586 2279 1898 2605
8576 4 2 3 3 2120 2125 1052 192
8577 4 2 3 3 266 267 348 1548
8578 4 2 3 3 258 1640 348 1548
8579 4 2 3 3 258 1588 1548 348
8580 4 2 3 3 442 950 74 909
8581 4 2 3 3 871 2158 2349 74
8582 4 2 3 3 1541 1556 1535 253
8583 4 2 3 3 2410 2482 1242 2490
8584 4 2 3 3 66 1720 1734 1722
8585 4 2 3 3 280 1390 282 349
8586 4 2 3 3 2408 2543 1147 1252
8587 4 2 3 3 106 782 370 423
8588 4 2 3 3 1718 1369 1989 1364
8589 4 2 3 3 1147 2408 2490 2482
8590 4 2 3 3 1674 1693 1987 1985
8591 4 2 3 3 308 309 350 1569
8592 4 2 3 3 530 518 582 1757
8593 4 2 3 3 2482 2587 2481 2490
8594 4 2 3 3 1988 18 1979 97
8595 4 2 3 3 1304 1364 1625 1965
8596 4 2 3 3 1633 1622 1618 1691
8597 4 2 3 3 430 411 374 175
8598 4 2 3 3 1448 273 271 272
8599 4 2 3 3 2135 2136 175 2647
8600 4 2 3 3 58 1674 98 99
8601 4 2 3 3 448 396 767 424
8602 4 2 3 3 2506 2146 2504 384
8603 4 2 3 3 949 815 427 209
8604 4 2 3 3 1038 1016 2141 2142
8605 4 2 3 3 95 767 94 375
8606 4 2 3 3 618 640 1241 1263
8607 4 2 3 3 377 109 765 766
8608 4 2 3 3 2276 2406 2204 2405
8609 4 2 3 3 330 67 1711 261
8610 4 2 3 3 618 465 640 1263
8611 4 2 3 3 2519 409 407 408
8612 4 2 3 3 410 409 407 2519
8613 4 2 3 3 2651 410 407 2519
8614 4 2 3 3 683 1236 1262 1243
8615 4 2 3 3 1683 1681 1449 1680
8616 4 2 3 3 418 1532 101 19
8617 4 2 3 3 444 430 374 175
8618 4 2 3 3 1149 1236 1243 1262
8619 4 2 3 3 1464 683 1262 1243
8620 4 2 3 3 1157 1480 1275 1274
8621 4 2 3 3 444 419 175 374
8622 4 2 3 3 1481 1480 1157 1274
8623 4 2 3 3 763 2648 448 429
8624 4 2 3 3 1408 1480 1274 1275
8625 4 2 3 3 1480 1408 1274 1626
8626 4 2 3 3 1412 1589 329 347
8627 4 2 3 3 2717 1408 1274 1275
8628 4 2 3 3 2109 8 51 93
8629 4 2 3 3 1408 2717 1274 1626
8630 4 2 3 3 1684 1303 1451 1682
8631 4 2 3 3 53 1741 249 329
8632 4 2 3 3 1857 1856 1341 1580
8633 4 2 3 3 1824 2119 2118 2107
8634 4 2 3 3 175 95 375 767
8635 4 2 3 3 285 1409 284 283
8636 4 2 3 3 718 146 602 1285
8637 4 2 3 3 664 1739 1208 603
8638 4 2 3 3 1268 750 471 656
8639 4 2 3 3 583 585 1268 471
8640 4 2 3 3 1218 1215 468 139
8641 4 2 3 3 574 1239 141 661
8642 4 2 3 3 2081 1709 2095 2080
8643 4 2 3 3 146 598 602 1285
8644 4 2 3 3 143 750 471 714
8645 4 2 3 3 140 576 1220 470
8646 4 2 3 3 1655 627 655 593
8647 4 2 3 3 2339 1950 2007 1843
8648 4 2 3 3 574 1239 661 624
8649 4 2 3 3 2262 1145 1166 1592
8650 4 2 3 3 704 1239 1246 624
8651 4 2 3 3 1224 530 602 643
8652 4 2 3 3 1739 630 1378 603
8653 4 2 3 3 664 630 1739 603
8654 4 2 3 3 1709 1216 2076 2066
8655 4 2 3 3 630 476 1378 603
8656 4 2 3 3 602 1224 643 1285
8657 4 2 3 3 455 581 1156 643
8658 4 2 3 3 1150 1973 1285 1266
8659 4 2 3 3 1973 1150 1285 1224
8660 4 2 3 3 466 122 611 1180
8661 4 2 3 3 1519 1954 2326 2600
8662 4 2 3 3 1199 1294 1317 1296
8663 4 2 3 3 1174 507 506 505
8664 4 2 3 3 508 1174 1205 505
8665 4 2 3 3 539 1400 536 535
8666 4 2 3 3 1185 1293 1317 1496
8667 4 2 3 3 1400 517 1398 1563
8668 4 2 3 3 531 541 535 1230
8669 4 2 3 3 1778 1232 1776 533
8670 4 2 3 3 1397 1960 1734 1405
8671 4 2 3 3 1725 1728 1394 1853
8672 4 2 3 3 1734 1233 1395 1405
8673 4 2 3 3 719 1163 600 1235
8674 4 2 3 3 558 1292 502 1317
8675 4 2 3 3 1235 642 1232 533
8676 4 2 3 3 1293 502 1317 556
8677 4 2 3 3 1292 1185 1317 1496
8678 4 2 3 3 1459 1294 1296 1496
8679 4 2 3 3 1215 139 138 577
8680 4 2 3 3 1837 1836 2054 2064
8681 4 2 3 3 2300 1878 2480 2478
8682 4 2 3 3 1281 1157 2718 1274
8683 4 2 3 3 1478 1605 1320 1307
8684 4 2 3 3 1478 1324 1605 1307
8685 4 2 3 3 1320 1388 501 500
8686 4 2 3 3 649 751 459 153
8687 4 2 3 3 1388 1205 1331 1318
8688 4 2 3 3 1320 1478 1307 1701
8689 4 2 3 3 1631 1697 1307 1699
8690 4 2 3 3 1479 310 1700 1477
8691 4 2 3 3 1851 1703 1700 251
8692 4 2 3 3 310 1698 62 1700
8693 4 2 3 3 1607 1620 1286 1164
8694 4 2 3 3 1331 1297 1700 1318
8695 4 2 3 3 310 1698 1700 1477
8696 4 2 3 3 2517 1576 1328 1186
8697 4 2 3 3 1885 1884 516 1804
8698 4 2 3 3 1356 1188 1186 1328
8699 4 2 3 3 1385 1543 1558 1559
8700 4 2 3 3 1228 1158 2460 2459
8701 4 2 3 3 486 485 1197 483
8702 4 2 3 3 1278 1718 1277 1767
8703 4 2 3 3 1748 1268 1744 1747
8704 4 2 3 3 736 748 1748 735
8705 4 2 3 3 1684 1576 1190 1197
8706 4 2 3 3 1346 2597 1911 1910
8707 4 2 3 3 476 1751 1378 1341
8708 4 2 3 3 1195 582 581 523
8709 4 2 3 3 708 671 700 1180
8710 4 2 3 3 1982 1190 1376 1197
8711 4 2 3 3 562 564 1388 504
8712 4 2 3 3 485 487 1186 560
8713 4 2 3 3 2488 2444 2443 2445
8714 4 2 3 3 1311 1422 646 555
8715 4 2 3 3 1668 2517 1667 1328
8716 4 2 3 3 510 1204 1209 1210
8717 4 2 3 3 454 124 614 705
8718 4 2 3 3 2595 1903 1340 1660
8719 4 2 3 3 2585 2584 1242 1263
8720 4 2 3 3 2595 1488 1340 1903
8721 4 2 3 3 2594 1839 1660 1340
8722 4 2 3 3 1588 1642 1650 1586
8723 4 2 3 3 1489 1655 2184 2342
8724 4 2 3 3 2186 1489 2185 2183
8725 4 2 3 3 595 475 1581 478
8726 4 2 3 3 462 707 627 1245
8727 4 2 3 3 704 1246 668 624
8728 4 2 3 3 1227 136 638 1216
8729 4 2 3 3 1238 134 660 716
8730 4 2 3 3 1839 2594 1442 1340
8731 4 2 3 3 752 1238 1282 623
8732 4 2 3 3 2222 2387 2313 2385
8733 4 2 3 3 135 1216 1222 469
8734 4 2 3 3 1665 2190 1351 1920
8735 4 2 3 3 2221 2385 2555 2384
8736 4 2 3 3 629 453 537 1287
8737 4 2 3 3 730 1281 2718 1274
8738 4 2 3 3 1184 1305 1320 500
8739 4 2 3 3 496 1182 494 1505
8740 4 2 3 3 527 540 538 1179
8741 4 2 3 3 717 649 152 153
8742 4 2 3 3 2308 2603 1920 2206
8743 4 2 3 3 2221 1932 2555 2313
8744 4 2 3 3 2344 1915 1913 1941
8745 4 2 3 3 2602 2565 1920 1941
8746 4 2 3 3 1261 685 2240 700
8747 4 2 3 3 466 609 605 1180
8748 4 2 3 3 120 667 699 457
8749 4 2 3 3 2618 2399 2628 681
8750 4 2 3 3 2298 2477 1878 2478
8751 4 2 3 3 2246 2247 2217 2612
8752 4 2 3 3 1915 1940 1913 1941
8753 4 2 3 3 1878 2299 2480 2478
8754 4 2 3 3 2299 2477 2480 2478
8755 4 2 3 3 1141 2552 1167 1925
8756 4 2 3 3 2221 1673 1932 1362
8757 4 2 3 3 2477 2299 1878 2478
8758 4 2 3 3 1664 702 689 1254
8759 4 2 3 3 2667 2713 1998 2291
8760 4 2 3 3 1673 2221 2385 1362
8761 4 2 3 3 1179 1287 1286 1164
8762 4 2 3 3 1162 1163 1784 1265
8763 4 2 3 3 1673 1934 1932 1362
8764 4 2 3 3 2308 2397 1362 1934
8765 4 2 3 3 565 1283 657 617
8766 4 2 3 3 718 739 1761 1974
8767 4 2 3 3 1740 585 1268 584
8768 4 2 3 3 529 1224 637 1744
8769 4 2 3 3 134 1238 744 716
8770 4 2 3 3 10 134 744 716
8771 4 2 3 3 719 729 1265 721
8772 4 2 3 3 1282 1279 743 1825
8773 4 2 3 3 626 1815 1284 1222
8774 4 2 3 3 1271 725 1278 724
8775 4 2 3 3 748 1748 735 1277
8776 4 2 3 3 530 598 1224 1285
8777 4 2 3 3 2222 2397 1362 2308
8778 4 2 3 3 1531 2103 1530 1766
8779 4 2 3 3 2038 2049 2048 2046
8780 4 2 3 3 2037 2048 6 2046
8781 4 2 3 3 2397 1673 1362 1934
8782 4 2 3 3 2648 377 768 765
8783 4 2 3 3 422 774 776 190
8784 4 2 3 3 2222 1673 1362 2397
8785 4 2 3 3 442 190 792 969
8786 4 2 3 3 2048 166 2047 5
8787 4 2 3 3 1027 190 172 768
8788 4 2 3 3 275 1454 273 1373
8789 4 2 3 3 1390 330 261 282
8790 4 2 3 3 1915 2341 1656 1658
8791 4 2 3 3 1913 1915 1656 1657
8792 4 2 3 3 2341 1915 1656 1913
8793 4 2 3 3 514 542 1558 513
8794 4 2 3 3 1160 1299 1409 1384
8795 4 2 3 3 20 792 170 776
8796 4 2 3 3 442 950 951 809
8797 4 2 3 3 1437 1160 1409 1384
8798 4 2 3 3 1299 1404 1409 1384
8799 4 2 3 3 76 75 865 877
8800 4 2 3 3 1404 1437 1409 1384
8801 4 2 3 3 2651 1033 1050 1032
8802 4 2 3 3 256 319 1634 2511
8803 4 2 3 3 2135 2647 402 401
8804 4 2 3 3 1726 1727 1395 1394
8805 4 2 3 3 1805 1804 513 1558
8806 4 2 3 3 1447 274 273 1373
8807 4 2 3 3 1574 1573 1449 1569
8808 4 2 3 3 1555 1554 1853 1542
8809 4 2 3 3 1727 1393 1726 1395
8810 4 2 3 3 2367 910 2415 2368
8811 4 2 3 3 77 2411 1944 2377
8812 4 2 3 3 1393 543 1726 1395
8813 4 2 3 3 2507 2598 2382 2390
8814 4 2 3 3 872 825 87 824
8815 4 2 3 3 1393 543 1395 545
8816 4 2 3 3 1727 1234 1395 1233
8817 4 2 3 3 1727 1393 1395 1234
8818 4 2 3 3 1233 1234 1395 545
8819 4 2 3 3 823 966 2150 821
8820 4 2 3 3 949 806 208 427
8821 4 2 3 3 2355 2354 2351 2042
8822 4 2 3 3 1234 1393 1395 545
8823 4 2 3 3 957 365 999 943
8824 4 2 3 3 177 2124 775 764
8825 4 2 3 3 784 2127 2139 1018
8826 4 2 3 3 23 2137 1014 1012
8827 4 2 3 3 932 961 84 886
8828 4 2 3 3 431 2519 414 2513
8829 4 2 3 3 980 80 968 921
8830 4 2 3 3 1005 80 980 921
8831 4 2 3 3 1900 1891 1899 1406
8832 4 2 3 3 80 980 929 372
8833 4 2 3 3 2050 166 1008 2047
8834 4 2 3 3 2167 1900 1899 1406
8835 4 2 3 3 857 78 855 856
8836 4 2 3 3 2372 924 2394 2436
8837 4 2 3 3 1807 2266 1809 1886
8838 4 2 3 3 2377 77 858 2414
8839 4 2 3 3 2459 2167 1439 1886
8840 4 2 3 3 917 916 77 874
8841 4 2 3 3 916 915 930 76
8842 4 2 3 3 428 76 877 75
8843 4 2 3 3 1315 1951 1428 1425
8844 4 2 3 3 1425 1511 1515 1428
8845 4 2 3 3 428 193 192 907
8846 4 2 3 3 2159 1644 29 30
8847 4 2 3 3 1511 1510 1515 1428
8848 4 2 3 3 31 76 30 2412
8849 4 2 3 3 2285 189 2292 24
8850 4 2 3 3 1417 1418 1427 1428
8851 4 2 3 3 1511 1423 1510 1428
8852 4 2 3 3 2431 2442 2429 38
8853 4 2 3 3 2400 2371 2413 875
8854 4 2 3 3 166 993 2637 976
8855 4 2 3 3 1045 2132 2129 2128
8856 4 2 3 3 372 980 940 415
8857 4 2 3 3 991 913 2417 912
8858 4 2 3 3 2376 2400 974 914
8859 4 2 3 3 37 1510 317 1428
8860 4 2 3 3 2340 1879 214 2348
8861 4 2 3 3 2376 2374 2371 2373
8862 4 2 3 3 1423 1511 1418 1428
8863 4 2 3 3 939 2507 899 2254
8864 4 2 3 3 2254 982 2614 800
8865 4 2 3 3 1671 1327 2382 1666
8866 4 2 3 3 2572 925 2571 2449
8867 4 2 3 3 1869 2442 2570 38
8868 4 2 3 3 2428 2431 844 845
8869 4 2 3 3 2474 959 801 2483
8870 4 2 3 3 1870 2703 2702 2535
8871 4 2 3 3 1417 254 1428 1427
8872 4 2 3 3 301 254 1427 326
8873 4 2 3 3 2417 913 2520 2522
8874 4 2 3 3 1426 317 1428 1417
8875 4 2 3 3 2575 2572 2577 84
8876 4 2 3 3 1896 2465 2589 954
8877 4 2 3 3 1426 1510 1428 317
8878 4 2 3 3 570 580 522 1210
8879 4 2 3 3 1206 1148 2459 1439
8880 4 2 3 3 1014 2137 1021 1012
8881 4 2 3 3 1148 1206 1890 1439
8882 4 2 3 3 86 906 427 996
8883 4 2 3 3 78 79 885 855
8884 4 2 3 3 80 851 968 921
8885 4 2 3 3 1158 1206 1439 579
8886 4 2 3 3 81 802 929 977
8887 4 2 3 3 1228 1158 1439 579
8888 4 2 3 3 2681 1078 2691 2656
8889 4 2 3 3 1158 1206 2459 1439
8890 4 2 3 3 2485 1466 2484 2581
8891 4 2 3 3 895 2486 925 2425
8892 4 2 3 3 893 894 2404 1003
8893 4 2 3 3 2499 834 2425 2503
8894 4 2 3 3 1100 2681 2691 2467
8895 4 2 3 3 1228 1158 2459 1439
8896 4 2 3 3 328 277 350 1569
8897 4 2 3 3 947 2149 2161 2151
8898 4 2 3 3 2421 2404 2424 2468
8899 4 2 3 3 2712 2683 2030 2193
8900 4 2 3 3 1649 1938 2416 2413
8901 4 2 3 3 200 2518 2512 414
8902 4 2 3 3 23 1012 1010 185
8903 4 2 3 3 1667 1354 1328 1524
8904 4 2 3 3 1523 309 308 1569
8905 4 2 3 3 836 2499 2572 84
8906 4 2 3 3 1573 1574 1449 1450
8907 4 2 3 3 2211 2254 2435 1666
8908 4 2 3 3 2138 2137 1021 1014
8909 4 2 3 3 321 1435 1483 287
8910 4 2 3 3 400 398 2125 2647
8911 4 2 3 3 2124 1037 2134 2123
8912 4 2 3 3 2135 430 175 2515
8913 4 2 3 3 1534 1485 1484 1483
8914 4 2 3 3 2125 1037 2134 2124
8915 4 2 3 3 400 399 398 2647
8916 4 2 3 3 2126 763 2647 2648
8917 4 2 3 3 1499 1457 1482 1461
8918 4 2 3 3 1045 1016 2132 1011
8919 4 2 3 3 1013 1045 2122 1011
8920 4 2 3 3 407 408 406 2515
8921 4 2 3 3 1533 1608 1482 1383
8922 4 2 3 3 2520 796 2336 2340
8923 4 2 3 3 1082 1056 1072 2677
8924 4 2 3 3 294 1459 1482 1461
8925 4 2 3 3 2659 2655 2674 2172
8926 4 2 3 3 1101 1081 1056 2560
8927 4 2 3 3 1082 2714 1056 2677
8928 4 2 3 3 2672 1068 1067 2658
8929 4 2 3 3 1059 1092 1078 2681
8930 4 2 3 3 1067 2658 1066 2655
8931 4 2 3 3 2179 2466 2675 2275
8932 4 2 3 3 1069 2662 2658 1068
8933 4 2 3 3 2295 2195 2194 2193
8934 4 2 3 3 2178 2672 2655 2674
8935 4 2 3 3 2662 2657 2228 2652
8936 4 2 3 3 2635 1880 1887 2458
8937 4 2 3 3 1647 1654 1645 1909
8938 4 2 3 3 1078 2681 2691 1100
8939 4 2 3 3 880 2472 965 2500
8940 4 2 3 3 2464 231 2687 2458
8941 4 2 3 3 1499 1497 1484 1483
8942 4 2 3 3 1499 1457 1497 1483
8943 4 2 3 3 979 1003 2468 2424
8944 4 2 3 3 2451 229 944 799
8945 4 2 3 3 1055 2605 2690 2588
8946 4 2 3 3 1598 1459 1383 1482
8947 4 2 3 3 1457 1499 1482 1483
8948 4 2 3 3 1102 1082 1095 2714
8949 4 2 3 3 2464 2463 229 230
8950 4 2 3 3 289 294 1482 292
8951 4 2 3 3 2453 2419 2456 1901
8952 4 2 3 3 2463 2451 944 2472
8953 4 2 3 3 1435 1533 1608 1295
8954 4 2 3 3 1148 1499 1889 1890
8955 4 2 3 3 1807 1884 2266 1886
8956 4 2 3 3 290 1479 1598 1494
8957 4 2 3 3 1172 1174 507 1209
8958 4 2 3 3 2466 2669 2668 2689
8959 4 2 3 3 1885 1204 1890 1805
8960 4 2 3 3 2177 1159 2176 2457
8961 4 2 3 3 2364 2660 2173 2175
8962 4 2 3 3 1468 2170 2177 2462
8963 4 2 3 3 1149 2461 1243 2456
8964 4 2 3 3 2453 2454 2456 1440
8965 4 2 3 3 298 290 1494 297
8966 4 2 3 3 290 1479 1494 297
8967 4 2 3 3 1714 1233 1405 1177
8968 4 2 3 3 463 586 648 1269
8969 4 2 3 3 1301 1792 1779 1175
8970 4 2 3 3 1170 519 1776 1177
8971 4 2 3 3 1172 1160 1790 1300
8972 4 2 3 3 1781 1389 1407 1776
8973 4 2 3 3 1753 1469 1587 1192
8974 4 2 3 3 1181 1168 1473 1474
8975 4 2 3 3 147 455 1266 602
8976 4 2 3 3 1684 1196 1614 1197
8977 4 2 3 3 1523 1573 1524 1569
8978 4 2 3 3 484 485 483 1187
8979 4 2 3 3 290 300 298 1494
8980 4 2 3 3 300 290 1598 1494
8981 4 2 3 3 1968 1969 1453 1190
8982 4 2 3 3 1981 1982 1455 1969
8983 4 2 3 3 306 313 1504 1571
8984 4 2 3 3 312 1572 1678 1612
8985 4 2 3 3 1150 1761 1285 1759
8986 4 2 3 3 1586 1470 1585 1342
8987 4 2 3 3 1679 1572 1789 1612
8988 4 2 3 3 598 637 1285 1267
8989 4 2 3 3 488 1196 486 1197
8990 4 2 3 3 1762 1763 1746 1749
8991 4 2 3 3 1973 1266 643 1285
8992 4 2 3 3 1762 53 52 1746
8993 4 2 3 3 1687 1675 1985 56
8994 4 2 3 3 1982 1303 1455 1969
8995 4 2 3 3 484 483 482 1187
8996 4 2 3 3 1984 55 1985 1975
8997 4 2 3 3 1692 1989 1623 1987
8998 4 2 3 3 1984 1687 1983 1987
8999 4 2 3 3 1150 1760 1974 1759
9000 4 2 3 3 1990 1988 1985 1986
9001 4 2 3 3 728 739 734 1276
9002 4 2 3 3 1201 553 566 567
9003 4 2 3 3 1972 1377 1375 1976
9004 4 2 3 3 529 530 637 1224
9005 4 2 3 3 530 598 637 1224
9006 4 2 3 3 1617 312 1612 260
9007 4 2 3 3 1162 1411 1232 1265
9008 4 2 3 3 1715 1410 1265 1714
9009 4 2 3 3 1163 729 1784 1265
9010 4 2 3 3 719 1163 1235 729
9011 4 2 3 3 652 707 1245 627
9012 4 2 3 3 2528 2233 1516 2237
9013 4 2 3 3 695 652 1245 2551
9014 4 2 3 3 2670 2466 2369 2669
9015 4 2 3 3 2530 1424 2237 1515
9016 4 2 3 3 2289 1445 2665 2044
9017 4 2 3 3 2269 2169 2166 1441
9018 4 2 3 3 1239 661 704 698
9019 4 2 3 3 2530 2488 2327 2489
9020 4 2 3 3 2168 1808 2165 1441
9021 4 2 3 3 2269 2268 1445 2262
9022 4 2 3 3 2488 2530 2538 2489
9023 4 2 3 3 1955 2509 2489 2283
9024 4 2 3 3 1664 2345 2346 2190
9025 4 2 3 3 679 2199 2369 2347
9026 4 2 3 3 2198 2199 1255 2369
9027 4 2 3 3 2185 2187 2346 1843
9028 4 2 3 3 2189 2187 1843 2346
9029 4 2 3 3 714 736 1267 753
9030 4 2 3 3 2232 2231 2324 2525
9031 4 2 3 3 741 461 1267 753
9032 4 2 3 3 2234 1424 2237 2233
9033 4 2 3 3 1519 2608 2600 2325
9034 4 2 3 3 723 1269 721 722
9035 4 2 3 3 1972 1983 1377 1977
9036 4 2 3 3 1151 1268 1284 1748
9037 4 2 3 3 1235 1162 1232 1265
9038 4 2 3 3 1238 716 1279 737
9039 4 2 3 3 1270 1825 743 724
9040 4 2 3 3 1238 752 1282 743
9041 4 2 3 3 1268 1740 1284 626
9042 4 2 3 3 1291 1604 1493 1495
9043 4 2 3 3 1494 1309 1493 1427
9044 4 2 3 3 1193 1200 1604 1602
9045 4 2 3 3 1420 1511 1419 1200
9046 4 2 3 3 1293 1185 1310 1595
9047 4 2 3 3 1951 2444 1422 1311
9048 4 2 3 3 1610 1604 1602 1306
9049 4 2 3 3 1697 1631 1291 1495
9050 4 2 3 3 1321 1630 1307 1505
9051 4 2 3 3 1324 1478 1605 2719
9052 4 2 3 3 1320 1184 501 1318
9053 4 2 3 3 1696 1694 1705 1770
9054 4 2 3 3 1696 1694 1701 1705
9055 4 2 3 3 1775 508 1175 1172
9056 4 2 3 3 1388 562 501 500
9057 4 2 3 3 2323 1501 1313 1571
9058 4 2 3 3 1686 1683 1614 1680
9059 4 2 3 3 1575 1303 1452 1451
9060 4 2 3 3 2320 2525 2524 2523
9061 4 2 3 3 59 1611 1613 1688
9062 4 2 3 3 302 1429 303 1601
9063 4 2 3 3 1354 2244 524 1188
9064 4 2 3 3 1316 1951 2530 1953
9065 4 2 3 3 1322 1573 1572 1680
9066 4 2 3 3 1607 1324 1605 2719
9067 4 2 3 3 247 1631 295 61
9068 4 2 3 3 938 2432 2440 2599
9069 4 2 3 3 1871 2573 39 1952
9070 4 2 3 3 550 1321 1605 1505
9071 4 2 3 3 2276 2693 2405 2275
9072 4 2 3 3 2682 2676 2664 2172
9073 4 2 3 3 2659 2660 1334 2692
9074 4 2 3 3 2661 2202 2674 2672
9075 4 2 3 3 2693 2660 1334 2275
9076 4 2 3 3 2310 2203 2229 1363
9077 4 2 3 3 2201 2397 2395 1363
9078 4 2 3 3 462 627 655 1245
9079 4 2 3 3 2595 1905 2183 2184
9080 4 2 3 3 1653 1654 1656 1902
9081 4 2 3 3 1661 1905 1659 1656
9082 4 2 3 3 2206 2309 1351 1941
9083 4 2 3 3 2554 1940 1941 2555
9084 4 2 3 3 2695 2355 2696 2354
9085 4 2 3 3 1913 1939 2549 1941
9086 4 2 3 3 1643 1654 1645 1653
9087 4 2 3 3 1575 2516 1524 1570
9088 4 2 3 3 1348 1578 1669 1667
9089 4 2 3 3 2223 2247 2238 2329
9090 4 2 3 3 1357 628 634 1508
9091 4 2 3 3 1504 311 1601 1612
9092 4 2 3 3 35 34 316 1525
9093 4 2 3 3 1575 2516 1328 1524
9094 4 2 3 3 1167 1925 1635 2566
9095 4 2 3 3 333 1448 273 1454
9096 4 2 3 3 55 1980 1985 1975
9097 4 2 3 3 374 18 175 449
9098 4 2 3 3 1984 1687 1985 56
9099 4 2 3 3 1763 1764 1990 1980
9100 4 2 3 3 97 56 96 1985
9101 4 2 3 3 1583 1858 1581 1582
9102 4 2 3 3 520 1349 588 589
9103 4 2 3 3 1740 1815 626 467
9104 4 2 3 3 1848 2068 2053 2054
9105 4 2 3 3 11 2093 13 2085
9106 4 2 3 3 1816 1814 2078 1813
9107 4 2 3 3 1851 1294 1297 1608
9108 4 2 3 3 1852 1390 1853 1542
9109 4 2 3 3 1782 1784 1275 1408
9110 4 2 3 3 34 35 2317 1525
9111 4 2 3 3 2323 35 316 1525
9112 4 2 3 3 1703 64 63 251
9113 4 2 3 3 310 1479 1700 251
9114 4 2 3 3 63 310 62 1700
9115 4 2 3 3 1205 505 1388 504
9116 4 2 3 3 505 1205 569 504
9117 4 2 3 3 1567 1563 1398 1804
9118 4 2 3 3 323 280 1557 1541
9119 4 2 3 3 517 1884 1398 1804
9120 4 2 3 3 1148 2576 1499 1210
9121 4 2 3 3 2266 1807 2259 1229
9122 4 2 3 3 2058 1391 633 1550
9123 4 2 3 3 1785 1795 1781 1407
9124 4 2 3 3 2114 729 723 1265
9125 4 2 3 3 587 1714 1232 1177
9126 4 2 3 3 508 509 1175 1172
9127 4 2 3 3 2116 2100 2117 2086
9128 4 2 3 3 2114 1271 1155 1627
9129 4 2 3 3 2241 2246 1143 2612
9130 4 2 3 3 2509 1955 2489 1954
9131 4 2 3 3 35 2323 2317 1525
9132 4 2 3 3 2059 2058 1536 2064
9133 4 2 3 3 2509 2540 1431 2489
9134 4 2 3 3 1305 1697 1604 1493
9135 4 2 3 3 2616 2333 2492 2200
9136 4 2 3 3 1516 1512 2237 2315
9137 4 2 3 3 2508 2615 2536 2620
9138 4 2 3 3 938 964 963 2599
9139 4 2 3 3 2612 2241 2623 1513
9140 4 2 3 3 2433 2324 2434 2599
9141 4 2 3 3 2024 2048 2033 758
9142 4 2 3 3 1841 2182 1444 1948
9143 4 2 3 3 972 2340 2338 2335
9144 4 2 3 3 2607 2334 1948 1444
9145 4 2 3 3 1841 2607 1948 1444
9146 4 2 3 3 2607 2004 1948 2020
9147 4 2 3 3 1841 2182 2183 1842
9148 4 2 3 3 796 2520 2336 2417
9149 4 2 3 3 1739 1379 1743 1747
9150 4 2 3 3 1181 483 1191 1453
9151 4 2 3 3 1456 56 1455 1981
9152 4 2 3 3 488 487 1198 1197
9153 4 2 3 3 1456 56 55 1455
9154 4 2 3 3 1451 334 315 248
9155 4 2 3 3 1451 1455 1373 248
9156 4 2 3 3 1684 1371 1682 1683
9157 4 2 3 3 2451 2463 229 2471
9158 4 2 3 3 1808 2167 1440 1888
9159 4 2 3 3 2476 2484 1460 2580
9160 4 2 3 3 2485 2476 1878 2483
9161 4 2 3 3 2485 1466 1878 2484
9162 4 2 3 3 2484 2476 1460 1878
9163 4 2 3 3 1147 2482 2490 1242
9164 4 2 3 3 1602 1789 1612 1306
9165 4 2 3 3 466 1180 611 610
9166 4 2 3 3 927 366 82 413
9167 4 2 3 3 1185 1458 1596 1595
9168 4 2 3 3 1309 298 1427 1494
9169 4 2 3 3 1663 1345 1914 2183
9170 4 2 3 3 1346 1905 1488 2184
9171 4 2 3 3 2278 1955 2489 2283
9172 4 2 3 3 1655 2344 2341 2342
9173 4 2 3 3 2341 2597 1656 1658
9174 4 2 3 3 43 320 1497 252
9175 4 2 3 3 41 294 338 1461
9176 4 2 3 3 1500 1457 1461 41
9177 4 2 3 3 1534 1437 1435 1483
9178 4 2 3 3 1608 1534 1485 1486
9179 4 2 3 3 1499 1805 1486 1485
9180 4 2 3 3 2627 2628 2253 1520
9181 4 2 3 3 1358 1509 2252 2385
9182 4 2 3 3 2247 2224 2217 2251
9183 4 2 3 3 2671 2670 2369 2199
9184 4 2 3 3 2447 2298 2489 2478
9185 4 2 3 3 2625 2543 2546 2547
9186 4 2 3 3 2298 2277 2489 2478
9187 4 2 3 3 2277 2298 2489 2447
9188 4 2 3 3 1520 2628 2253 1509
9189 4 2 3 3 2538 2509 1431 2489
9190 4 2 3 3 681 684 2547 680
9191 4 2 3 3 2546 2410 2490 2545
9192 4 2 3 3 2509 2327 2326 1954
9193 4 2 3 3 222 2330 2491 2613
9194 4 2 3 3 936 938 2440 1002
9195 4 2 3 3 2431 2442 2438 2429
9196 4 2 3 3 2487 2531 2634 2277
9197 4 2 3 3 39 2573 38 1952
9198 4 2 3 3 1311 1293 1595 2569
9199 4 2 3 3 1824 2119 2096 1964
9200 4 2 3 3 651 463 548 1165
9201 4 2 3 3 134 1238 573 1222
9202 4 2 3 3 134 1238 626 656
9203 4 2 3 3 1550 1225 1211 1536
9204 4 2 3 3 1225 2059 1211 1536
9205 4 2 3 3 1828 1707 1557 2089
9206 4 2 3 3 1540 1553 1535 1557
9207 4 2 3 3 323 1541 1557 1535
9208 4 2 3 3 1891 1148 1889 1890
9209 4 2 3 3 2165 2266 1229 1888
9210 4 2 3 3 1564 1566 1561 1400
9211 4 2 3 3 1551 1555 1562 1561
9212 4 2 3 3 1553 1829 1540 1536
9213 4 2 3 3 1852 1554 1551 1557
9214 4 2 3 3 1537 1399 1536 2064
9215 4 2 3 3 1567 1566 1561 1559
9216 4 2 3 3 1322 1313 1789 1572
9217 4 2 3 3 1202 552 1616 1614
9218 4 2 3 3 1304 1965 1787 2108
9219 4 2 3 3 56 55 1455 248
9220 4 2 3 3 2323 1523 1573 1524
9221 4 2 3 3 1572 1313 1789 1571
9222 4 2 3 3 1469 1587 1192 1471
9223 4 2 3 3 1168 1454 1452 1473
9224 4 2 3 3 1758 1762 1754 1975
9225 4 2 3 3 1356 1668 1667 1328
9226 4 2 3 3 1475 1474 1473 2511
9227 4 2 3 3 301 1596 326 1427
9228 4 2 3 3 1598 1185 1596 1494
9229 4 2 3 3 1185 1479 1477 1494
9230 4 2 3 3 1305 1310 1493 1604
9231 4 2 3 3 1290 1309 1493 1429
9232 4 2 3 3 563 1478 2719 561
9233 4 2 3 3 527 496 1189 526
9234 4 2 3 3 1323 1611 1689 1613
9235 4 2 3 3 1324 1607 1702 2719
9236 4 2 3 3 1283 563 644 617
9237 4 2 3 3 1289 453 1287 658
9238 4 2 3 3 453 1289 1287 745
9239 4 2 3 3 751 154 459 153
9240 4 2 3 3 1620 1179 1286 1164
9241 4 2 3 3 1723 1966 1722 1787
9242 4 2 3 3 57 1675 56 97
9243 4 2 3 3 329 1589 270 347
9244 4 2 3 3 562 561 500 1320
9245 4 2 3 3 1304 1696 1308 1626
9246 4 2 3 3 1410 2114 1155 1627
9247 4 2 3 3 1654 1643 1902 1653
9248 4 2 3 3 1586 1470 1583 1582
9249 4 2 3 3 1586 1588 1584 1582
9250 4 2 3 3 1584 1589 1579 270
9251 4 2 3 3 1588 267 1548 331
9252 4 2 3 3 2629 2017 2630 2002
9253 4 2 3 3 1641 1651 1546 1650
9254 4 2 3 3 1858 1412 1857 1579
9255 4 2 3 3 1642 1588 1650 1548
9256 4 2 3 3 1905 1904 1903 1902
9257 4 2 3 3 1651 595 1903 1340
9258 4 2 3 3 2158 74 29 28
9259 4 2 3 3 1841 1840 1838 1659
9260 4 2 3 3 1215 1218 1996 139
9261 4 2 3 3 2594 1215 1442 1340
9262 4 2 3 3 1829 1540 1536 1212
9263 4 2 3 3 890 2606 2349 2040
9264 4 2 3 3 1905 2595 2183 1661
9265 4 2 3 3 2472 2470 2500 2633
9266 4 2 3 3 2597 1905 2184 1656
9267 4 2 3 3 1488 2595 2183 2184
9268 4 2 3 3 2593 2596 2208 1549
9269 4 2 3 3 2465 2633 2500 2590
9270 4 2 3 3 2209 2336 973 2335
9271 4 2 3 3 221 983 2330 2614
9272 4 2 3 3 982 2254 2380 2381
9273 4 2 3 3 2389 1933 2390 2392
9274 4 2 3 3 2521 2378 2565 1933
9275 4 2 3 3 1212 1829 2064 1536
9276 4 2 3 3 2234 2233 2237 2315
9277 4 2 3 3 2526 2426 2436 2435
9278 4 2 3 3 1553 1550 1536 1535
9279 4 2 3 3 1683 1686 1681 1680
9280 4 2 3 3 1614 1182 1679 1198
9281 4 2 3 3 334 315 314 1449
9282 4 2 3 3 1723 1532 1787 1722
9283 4 2 3 3 1389 1478 1331 1332
9284 4 2 3 3 103 1786 1770 1532
9285 4 2 3 3 1693 1989 1988 1364
9286 4 2 3 3 1704 1705 63 1780
9287 4 2 3 3 103 102 1695 1770
9288 4 2 3 3 1722 1724 1798 1788
9289 4 2 3 3 1402 1736 1721 1798
9290 4 2 3 3 1734 1797 1722 1798
9291 4 2 3 3 1768 1769 1790 1779
9292 4 2 3 3 1531 2103 2099 1530
9293 4 2 3 3 1381 1382 1273 1154
9294 4 2 3 3 1411 1961 1782 1405
9295 4 2 3 3 1283 644 2719 2718
9296 4 2 3 3 737 724 1277 735
9297 4 2 3 3 1302 1795 1408 1798
9298 4 2 3 3 1715 1716 1825 1627
9299 4 2 3 3 1717 2110 1832 1721
9300 4 2 3 3 68 1720 1717 1832
9301 4 2 3 3 2071 1708 1710 1726
9302 4 2 3 3 2072 2070 1831 1833
9303 4 2 3 3 1713 68 1712 1710
9304 4 2 3 3 1412 268 270 347
9305 4 2 3 3 1837 1544 1836 2064
9306 4 2 3 3 1224 530 582 1757
9307 4 2 3 3 1737 1741 52 329
9308 4 2 3 3 772 8 439 108
9309 4 2 3 3 1817 1816 1826 1746
9310 4 2 3 3 1739 1207 2079 2098
9311 4 2 3 3 1570 1574 1450 1449
9312 4 2 3 3 1977 1976 1975 1985
9313 4 2 3 3 1979 18 96 97
9314 4 2 3 3 1379 1747 1765 1743
9315 4 2 3 3 1999 1594 1590 1855
9316 4 2 3 3 1381 1367 1677 1623
9317 4 2 3 3 727 734 1264 1276
9318 4 2 3 3 1381 1276 1623 1974
9319 4 2 3 3 1786 1793 1780 1788
9320 4 2 3 3 1770 1771 1787 1788
9321 4 2 3 3 1304 1966 1787 1788
9322 4 2 3 3 1694 102 1705 1770
9323 4 2 3 3 1781 1332 1331 1780
9324 4 2 3 3 1184 1479 1700 1477
9325 4 2 3 3 1714 1411 1405 1736
9326 4 2 3 3 642 587 1235 1232
9327 4 2 3 3 251 1609 1768 339
9328 4 2 3 3 1794 1161 1301 1407
9329 4 2 3 3 1695 1696 1771 1770
9330 4 2 3 3 1796 1960 1794 1793
9331 4 2 3 3 1796 1797 1960 1793
9332 4 2 3 3 342 265 2089 1557
9333 4 2 3 3 2058 1829 1536 2064
9334 4 2 3 3 1730 1796 65 66
9335 4 2 3 3 443 183 412 369
9336 4 2 3 3 2451 2463 2469 2472
9337 4 2 3 3 513 1804 1385 1558
9338 4 2 3 3 320 344 1560 1810
9339 4 2 3 3 1500 1499 1889 1333
9340 4 2 3 3 1803 1804 1558 1810
9341 4 2 3 3 1804 517 516 513
9342 4 2 3 3 1566 1564 1561 1560
9343 4 2 3 3 1282 1152 1165 1821
9344 4 2 3 3 1530 2080 2086 2099
9345 4 2 3 3 1207 2080 2098 2099
9346 4 2 3 3 1740 1739 1747 2098
9347 4 2 3 3 1815 1531 2099 1747
9348 4 2 3 3 2080 2069 2098 2077
9349 4 2 3 3 1379 1530 1747 2098
9350 4 2 3 3 1752 1827 1745 1374
9351 4 2 3 3 1818 1379 2098 1530
9352 4 2 3 3 1207 1815 2099 2098
9353 4 2 3 3 139 1215 468 577
9354 4 2 3 3 1829 2058 2055 2064
9355 4 2 3 3 1544 1545 1339 1526
9356 4 2 3 3 664 1740 626 467
9357 4 2 3 3 1378 1739 2075 2079
9358 4 2 3 3 1527 1857 1580 1526
9359 4 2 3 3 1393 2072 2063 1234
9360 4 2 3 3 2072 1413 2063 2066
9361 4 2 3 3 2059 2058 2056 1211
9362 4 2 3 3 278 1556 1539 1859
9363 4 2 3 3 2230 2618 1251 2226
9364 4 2 3 3 2021 2024 2022 12
9365 4 2 3 3 2064 1540 1536 1535
9366 4 2 3 3 1829 2058 1536 1550
9367 4 2 3 3 346 1564 327 263
9368 4 2 3 3 2058 1550 1211 1536
9369 4 2 3 3 2704 2716 2407 1868
9370 4 2 3 3 2178 1492 2685 2196
9371 4 2 3 3 227 2586 2588 226
9372 4 2 3 3 2547 2410 1252 2546
9373 4 2 3 3 2059 2058 1211 1536
9374 4 2 3 3 1204 1805 512 1176
9375 4 2 3 3 1555 1563 1561 1559
9376 4 2 3 3 1500 1881 1497 42
9377 4 2 3 3 1803 1499 1889 1386
9378 4 2 3 3 1466 2586 2581 2424
9379 4 2 3 3 2046 760 978 2050
9380 4 2 3 3 1566 44 320 1802
9381 4 2 3 3 1457 42 1497 252
9382 4 2 3 3 2503 1945 2500 2501
9383 4 2 3 3 1500 2576 1148 1892
9384 4 2 3 3 2576 2422 1148 1892
9385 4 2 3 3 1586 1643 1650 1652
9386 4 2 3 3 1663 1644 1648 1656
9387 4 2 3 3 1751 1858 1583 1343
9388 4 2 3 3 1663 1644 1656 1345
9389 4 2 3 3 1642 1643 1650 1586
9390 4 2 3 3 2336 1549 1842 2335
9391 4 2 3 3 1649 2400 2371 2413
9392 4 2 3 3 1906 1937 1912 2375
9393 4 2 3 3 2564 2378 2522 217
9394 4 2 3 3 2344 2554 1915 1941
9395 4 2 3 3 652 2551 458 591
9396 4 2 3 3 2384 2221 2219 2555
9397 4 2 3 3 708 1261 1180 700
9398 4 2 3 3 641 1349 1924 1359
9399 4 2 3 3 1502 1313 1789 1352
9400 4 2 3 3 32 2375 1922 2427
9401 4 2 3 3 1931 1928 1930 2391
9402 4 2 3 3 1584 1588 1472 272
9403 4 2 3 3 256 1476 1475 2511
9404 4 2 3 3 320 1566 1802 1810
9405 4 2 3 3 1995 1993 1992 1946
9406 4 2 3 3 1992 1946 2011 1997
9407 4 2 3 3 1170 572 1395 1732
9408 4 2 3 3 1770 64 63 1780
9409 4 2 3 3 1609 1774 1300 1608
9410 4 2 3 3 1705 1704 1331 1780
9411 4 2 3 3 1773 1796 1792 1794
9412 4 2 3 3 1214 1376 1361 1142
9413 4 2 3 3 1168 1326 1473 1474
9414 4 2 3 3 1970 1365 1758 1756
9415 4 2 3 3 1151 1531 1747 1277
9416 4 2 3 3 1709 1207 1821 2095
9417 4 2 3 3 1972 1983 1361 1377
9418 4 2 3 3 1377 1214 1361 1142
9419 4 2 3 3 1687 1675 1987 1985
9420 4 2 3 3 168 1979 1823 1962
9421 4 2 3 3 1577 328 1569 1570
9422 4 2 3 3 1740 630 1744 1743
9423 4 2 3 3 1979 97 96 1985
9424 4 2 3 3 1749 1979 1990 1823
9425 4 2 3 3 2629 340 1 28
9426 4 2 3 3 1948 1947 2287 2010
9427 4 2 3 3 1993 1991 2009 2002
9428 4 2 3 3 2010 2027 2020 2009
9429 4 2 3 3 2638 187 2029 891
9430 4 2 3 3 1838 28 1854 2018
9431 4 2 3 3 1215 474 1219 1580
9432 4 2 3 3 46 45 1564 1845
9433 4 2 3 3 451 1213 137 138
9434 4 2 3 3 2274 2265 2360 1568
9435 4 2 3 3 1217 539 636 1230
9436 4 2 3 3 1577 1523 1569 328
9437 4 2 3 3 2287 1947 2011 2010
9438 4 2 3 3 88 167 6 788
9439 4 2 3 3 2011 1863 2010 2008
9440 4 2 3 3 2034 2032 2040 2029
9441 4 2 3 3 2024 2025 2033 2029
9442 4 2 3 3 2148 46 2037 2156
9443 4 2 3 3 2039 2025 2157 2156
9444 4 2 3 3 2361 2274 2360 1568
9445 4 2 3 3 1527 1338 1581 1546
9446 4 2 3 3 2334 2160 1599 2045
9447 4 2 3 3 2048 2050 759 2046
9448 4 2 3 3 6 2046 759 167
9449 4 2 3 3 2046 760 167 978
9450 4 2 3 3 2050 978 2046 186
9451 4 2 3 3 909 442 951 969
9452 4 2 3 3 2050 978 186 760
9453 4 2 3 3 881 2037 88 2046
9454 4 2 3 3 88 870 822 901
9455 4 2 3 3 1527 1857 1581 1580
9456 4 2 3 3 1752 1751 1341 1378
9457 4 2 3 3 1739 1207 1815 467
9458 4 2 3 3 472 136 137 1208
9459 4 2 3 3 340 324 28 1854
9460 4 2 3 3 1589 1412 270 347
9461 4 2 3 3 1529 1814 2062 2075
9462 4 2 3 3 1378 473 1208 603
9463 4 2 3 3 1216 2066 1208 2076
9464 4 2 3 3 1837 1856 1526 1339
9465 4 2 3 3 1817 1816 51 2101
9466 4 2 3 3 278 1539 49 1590
9467 4 2 3 3 1752 1827 2078 1738
9468 4 2 3 3 2080 2094 2077 2102
9469 4 2 3 3 1378 473 1341 2075
9470 4 2 3 3 2069 2079 2098 2077
9471 4 2 3 3 1740 1747 2099 2098
9472 4 2 3 3 1827 1826 1746 2098
9473 4 2 3 3 2071 2072 2091 1831
9474 4 2 3 3 2053 2082 2052 2085
9475 4 2 3 3 2105 11 2090 2093
9476 4 2 3 3 1830 2105 2090 2093
9477 4 2 3 3 1813 1814 2073 2088
9478 4 2 3 3 2053 2068 2085 2074
9479 4 2 3 3 264 1816 52 1737
9480 4 2 3 3 2104 761 2109 8
9481 4 2 3 3 2092 1414 1834 2087
9482 4 2 3 3 2104 2111 2109 2119
9483 4 2 3 3 8 169 2111 7
9484 4 2 3 3 1962 2115 1963 1965
9485 4 2 3 3 2077 1826 2098 2086
9486 4 2 3 3 1990 2115 2100 1823
9487 4 2 3 3 169 782 19 106
9488 4 2 3 3 1338 1527 1581 1580
9489 4 2 3 3 1015 177 1013 2123
9490 4 2 3 3 2144 184 2641 2642
9491 4 2 3 3 2136 176 2133 175
9492 4 2 3 3 1578 257 319 33
9493 4 2 3 3 1528 1856 1580 1526
9494 4 2 3 3 77 918 917 874
9495 4 2 3 3 1015 1037 2123 1020
9496 4 2 3 3 199 200 940 372
9497 4 2 3 3 1857 1528 1580 1526
9498 4 2 3 3 1528 1857 1580 1856
9499 4 2 3 3 1906 32 1922 1634
9500 4 2 3 3 444 429 2647 175
9501 4 2 3 3 208 385 2504 384
9502 4 2 3 3 2136 2126 176 175
9503 4 2 3 3 87 906 427 86
9504 4 2 3 3 2505 1031 1039 1051
9505 4 2 3 3 451 474 1219 577
9506 4 2 3 3 2493 2494 2644 2504
9507 4 2 3 3 1544 1537 2064 1591
9508 4 2 3 3 2350 2272 2271 2401
9509 4 2 3 3 2039 2038 2024 2156
9510 4 2 3 3 2038 2039 2157 2156
9511 4 2 3 3 2353 2354 2042 2351
9512 4 2 3 3 2264 2257 1416 2359
9513 4 2 3 3 1893 2419 2418 1899
9514 4 2 3 3 1881 1806 1889 1386
9515 4 2 3 3 1806 1883 1889 1386
9516 4 2 3 3 1883 1803 1889 1386
9517 4 2 3 3 1885 1805 1890 1889
9518 4 2 3 3 2680 2661 2674 2675
9519 4 2 3 3 1056 1081 2677 2560
9520 4 2 3 3 2705 2310 2685 2603
9521 4 2 3 3 2560 1056 2548 2677
9522 4 2 3 3 2207 2191 2205 2558
9523 4 2 3 3 1950 2339 2348 1843
9524 4 2 3 3 2026 2273 2402 2292
9525 4 2 3 3 2198 2669 2369 2197
9526 4 2 3 3 2387 1509 1253 2385
9527 4 2 3 3 2465 2472 2500 2633
9528 4 2 3 3 1254 2713 689 2347
9529 4 2 3 3 2295 2669 2667 2195
9530 4 2 3 3 1247 1260 676 692
9531 4 2 3 3 1221 2290 2665 2291
9532 4 2 3 3 2670 2669 2198 2195
9533 4 2 3 3 2382 2507 2381 2380
9534 4 2 3 3 1673 2222 2217 2210
9535 4 2 3 3 2222 2225 2210 2397
9536 4 2 3 3 1673 2222 2210 2397
9537 4 2 3 3 2387 1509 2252 2253
9538 4 2 3 3 2245 1355 2610 2248
9539 4 2 3 3 2395 2684 218 2379
9540 4 2 3 3 2385 1508 1636 2384
9541 4 2 3 3 2383 1357 2218 2215
9542 4 2 3 3 1837 2059 1591 2064
9543 4 2 3 3 1507 2211 2216 2380
9544 4 2 3 3 2384 1508 2249 2250
9545 4 2 3 3 2661 1071 1077 1085
9546 4 2 3 3 2059 1837 1591 1594
9547 4 2 3 3 1837 1544 2064 1591
9548 4 2 3 3 1936 1924 1667 1923
9549 4 2 3 3 1348 1923 1669 1922
9550 4 2 3 3 2243 2244 2317 1353
9551 4 2 3 3 1354 1356 1188 524
9552 4 2 3 3 1575 1576 1328 2516
9553 4 2 3 3 2318 1671 1669 2215
9554 4 2 3 3 2250 1508 2249 2610
9555 4 2 3 3 1684 1198 1329 1197
9556 4 2 3 3 2244 2242 2317 2215
9557 4 2 3 3 2598 2376 2394 1637
9558 4 2 3 3 2330 964 2599 2324
9559 4 2 3 3 1544 1837 1594 1591
9560 4 2 3 3 2254 982 800 899
9561 4 2 3 3 220 2386 219 2380
9562 4 2 3 3 1419 1423 1418 1602
9563 4 2 3 3 902 88 955 901
9564 4 2 3 3 1487 1892 1498 2633
9565 4 2 3 3 2310 2225 2226 2308
9566 4 2 3 3 2671 2713 678 2667
9567 4 2 3 3 2175 1159 2457 2174
9568 4 2 3 3 2628 684 2547 681
9569 4 2 3 3 1639 682 1253 2314
9570 4 2 3 3 2604 2618 1251 2204
9571 4 2 3 3 2364 2450 2604 2175
9572 4 2 3 3 2410 1250 2175 2409
9573 4 2 3 3 1159 2420 2176 2457
9574 4 2 3 3 2470 2502 2500 2501
9575 4 2 3 3 2256 2257 2022 2025
9576 4 2 3 3 2033 758 5 1
9577 4 2 3 3 1863 1443 2012 2011
9578 4 2 3 3 1806 1807 1809 1886
9579 4 2 3 3 1147 1259 1431 1244
9580 4 2 3 3 2278 2408 2489 2478
9581 4 2 3 3 2547 2543 2546 1252
9582 4 2 3 3 2704 2409 2490 2407
9583 4 2 3 3 1501 305 1601 1504
9584 4 2 3 3 2541 2543 1147 2408
9585 4 2 3 3 2408 2541 2540 1147
9586 4 2 3 3 2307 2584 2481 2480
9587 4 2 3 3 2541 2540 2538 2621
9588 4 2 3 3 2540 2509 1431 2538
9589 4 2 3 3 616 1432 1244 1263
9590 4 2 3 3 2191 2198 1255 2207
9591 4 2 3 3 1101 2563 216 217
9592 4 2 3 3 2358 2403 2696 2402
9593 4 2 3 3 2310 2308 1146 2603
9594 4 2 3 3 2198 1255 2197 2369
9595 4 2 3 3 2399 2387 1253 2398
9596 4 2 3 3 1917 2344 1913 1941
9597 4 2 3 3 2516 1667 1328 1524
9598 4 2 3 3 34 33 1525 2318
9599 4 2 3 3 257 1578 1577 1525
9600 4 2 3 3 1571 1789 1612 1504
9601 4 2 3 3 2651 410 198 436
9602 4 2 3 3 2244 2243 2317 2242
9603 4 2 3 3 33 1578 1525 1669
9604 4 2 3 3 1313 1322 1198 1573
9605 4 2 3 3 1671 33 2526 2318
9606 4 2 3 3 305 1426 1601 303
9607 4 2 3 3 1290 1418 1429 1602
9608 4 2 3 3 2507 2436 2435 1666
9609 4 2 3 3 222 221 2330 2613
9610 4 2 3 3 2608 2330 2613 2491
9611 4 2 3 3 2330 221 2614 2613
9612 4 2 3 3 2344 2343 2341 1915
9613 4 2 3 3 2344 1655 2341 2343
9614 4 2 3 3 1327 1671 2220 2391
9615 4 2 3 3 1911 2343 1942 1350
9616 4 2 3 3 2026 2695 2354 2351
9617 4 2 3 3 2045 2035 2272 2029
9618 4 2 3 3 1166 2164 1230 2259
9619 4 2 3 3 1604 1290 1429 1602
9620 4 2 3 3 1895 1896 2590 2589
9621 4 2 3 3 1290 1604 1418 1602
9622 4 2 3 3 442 770 951 792
9623 4 2 3 3 824 87 823 2362
9624 4 2 3 3 2267 2149 2161 947
9625 4 2 3 3 1501 1426 1312 1601
9626 4 2 3 3 2437 2598 1666 2436
9627 4 2 3 3 2386 219 2381 218
9628 4 2 3 3 2336 972 973 2335
9629 4 2 3 3 883 861 859 2373
9630 4 2 3 3 2610 2250 2248 2249
9631 4 2 3 3 2417 2400 1649 2413
9632 4 2 3 3 2375 2598 2437 2374
9633 4 2 3 3 2377 859 2373 2414
9634 4 2 3 3 1928 2219 2555 2383
9635 4 2 3 3 1253 1639 2313 2556
9636 4 2 3 3 2398 2308 2313 2206
9637 4 2 3 3 2558 2207 2347 2314
9638 4 2 3 3 2612 2247 2217 2251
9639 4 2 3 3 2253 2252 2226 2251
9640 4 2 3 3 2344 2345 2556 1941
9641 4 2 3 3 2340 1879 2557 2559
9642 4 2 3 3 2308 2222 2313 1362
9643 4 2 3 3 2333 221 1086 1053
9644 4 2 3 3 2386 218 2381 2392
9645 4 2 3 3 1093 2395 1097 2678
9646 4 2 3 3 2475 2476 2483 1878
9647 4 2 3 3 2455 1436 1898 2419
9648 4 2 3 3 2510 2546 1252 2490
9649 4 2 3 3 2660 2174 2708 2173
9650 4 2 3 3 2464 2473 229 2471
9651 4 2 3 3 44 2274 1799 1811
9652 4 2 3 3 43 1498 2591 2590
9653 4 2 3 3 2422 2452 2582 2423
9654 4 2 3 3 2452 1206 2582 2423
9655 4 2 3 3 2455 2419 2305 2306
9656 4 2 3 3 2475 2474 2579 2483
9657 4 2 3 3 2441 2571 841 2449
9658 4 2 3 3 1501 1426 1601 305
9659 4 2 3 3 837 925 841 2571
9660 4 2 3 3 937 2430 846 2428
9661 4 2 3 3 37 2431 2429 38
9662 4 2 3 3 2296 2474 2579 1844
9663 4 2 3 3 37 1512 1510 1428
9664 4 2 3 3 37 1512 1517 2429
9665 4 2 3 3 312 58 1613 1678
9666 4 2 3 3 2487 2277 1870 2534
9667 4 2 3 3 1872 1874 2281 2447
9668 4 2 3 3 2421 2581 1462 2468
9669 4 2 3 3 1322 1572 1678 1680
9670 4 2 3 3 229 2471 228 2468
9671 4 2 3 3 2633 2465 2589 2590
9672 4 2 3 3 2464 2463 2469 2471
9673 4 2 3 3 2450 2462 677 680
9674 4 2 3 3 2409 1250 2175 2406
9675 4 2 3 3 1249 2364 2668 2462
9676 4 2 3 3 2473 2586 1898 2605
9677 4 2 3 3 1600 1248 678 2667
9678 4 2 3 3 1846 2258 1845 2259
9679 4 2 3 3 2633 1882 1899 2469
9680 4 2 3 3 1091 2706 228 229
9681 4 2 3 3 1436 2419 2306 1898
9682 4 2 3 3 1433 2224 2227 2613
9683 4 2 3 3 2420 1898 1897 2456
9684 4 2 3 3 2409 2407 2174 2457
9685 4 2 3 3 2636 2498 2425 1465
9686 4 2 3 3 894 895 838 2404
9687 4 2 3 3 2574 2575 2572 2580
9688 4 2 3 3 2352 2005 1864 1416
9689 4 2 3 3 2301 895 2404 2425
9690 4 2 3 3 2571 2574 2580 2578
9691 4 2 3 3 1370 1686 1678 1613
9692 4 2 3 3 388 386 205 395
9693 4 2 3 3 433 367 408 2643
9694 4 2 3 3 2649 2650 2642 2641
9695 4 2 3 3 2506 2646 2644 2504
9696 4 2 3 3 1016 1046 2129 2142
9697 4 2 3 3 1038 1036 2143 1021
9698 4 2 3 3 1437 291 283 285
9699 4 2 3 3 1686 58 1678 1613
9700 4 2 3 3 277 350 1569 314
9701 4 2 3 3 2506 2646 381 426
9702 4 2 3 3 1272 727 1274 1273
9703 4 2 3 3 1708 1707 1828 1710
9704 4 2 3 3 2146 210 382 2121
9705 4 2 3 3 1140 1907 1923 1924
9706 4 2 3 3 2517 1576 1186 1187
9707 4 2 3 3 1523 2323 316 1525
9708 4 2 3 3 37 36 2528 2430
9709 4 2 3 3 1512 37 2528 2429
9710 4 2 3 3 37 1512 2528 36
9711 4 2 3 3 2430 36 2528 2527
9712 4 2 3 3 2438 1430 2601 2434
9713 4 2 3 3 849 850 848 2527
9714 4 2 3 3 2470 2472 2500 2502
9715 4 2 3 3 122 466 700 1180
9716 4 2 3 3 1180 1261 2240 700
9717 4 2 3 3 319 1578 1634 2511
9718 4 2 3 3 2700 224 2535 2533
9719 4 2 3 3 1261 708 685 700
9720 4 2 3 3 1577 1578 319 2511
9721 4 2 3 3 1349 1907 1140 1924
9722 4 2 3 3 2517 1936 1668 1667
9723 4 2 3 3 1448 1447 1473 1471
9724 4 2 3 3 1662 1663 1648 1656
9725 4 2 3 3 1943 2553 2567 2555
9726 4 2 3 3 1060 213 1102 2711
9727 4 2 3 3 1950 1491 2194 2007
9728 4 2 3 3 1492 2714 2561 2712
9729 4 2 3 3 2400 2378 2521 2376
9730 4 2 3 3 1639 682 2347 689
9731 4 2 3 3 2521 2602 2522 1919
9732 4 2 3 3 2561 2559 1921 2603
9733 4 2 3 3 2683 2179 2193 2196
9734 4 2 3 3 1272 1271 725 1273
9735 4 2 3 3 887 839 83 886
9736 4 2 3 3 85 932 84 2503
9737 4 2 3 3 1597 1425 1427 1595
9738 4 2 3 3 365 434 206 386
9739 4 2 3 3 2299 1894 2480 2479
9740 4 2 3 3 1808 532 1229 531
9741 4 2 3 3 1626 1481 1273 1274
9742 4 2 3 3 2410 2409 2490 2545
9743 4 2 3 3 730 1281 1274 1624
9744 4 2 3 3 1651 1641 1340 1660
9745 4 2 3 3 619 1218 1488 2594
9746 4 2 3 3 1218 619 1215 2594
9747 4 2 3 3 1838 2596 1659 29
9748 4 2 3 3 1545 266 262 1593
9749 4 2 3 3 1642 1653 1659 1902
9750 4 2 3 3 1838 2596 2593 1659
9751 4 2 3 3 2693 2409 2407 2174
9752 4 2 3 3 1281 730 1286 1624
9753 4 2 3 3 1065 1066 2655 1064
9754 4 2 3 3 2608 2330 1867 2613
9755 4 2 3 3 2330 2232 1867 2614
9756 4 2 3 3 2223 2608 1867 2613
9757 4 2 3 3 1355 2242 2610 2248
9758 4 2 3 3 2223 2608 2232 1867
9759 4 2 3 3 2232 2608 2330 1867
9760 4 2 3 3 2276 2466 2204 2604
9761 4 2 3 3 2200 2617 2699 2680
9762 4 2 3 3 2625 2624 2612 2623
9763 4 2 3 3 2541 1259 1147 1252
9764 4 2 3 3 2585 1337 2481 2480
9765 4 2 3 3 1462 1522 2501 2302
9766 4 2 3 3 2573 2574 2571 2578
9767 4 2 3 3 1487 1462 2502 2501
9768 4 2 3 3 2123 2136 2134 2647
9769 4 2 3 3 2126 2136 2123 2647
9770 4 2 3 3 2427 2426 2436 1666
9771 4 2 3 3 713 1289 731 756
9772 4 2 3 3 400 2125 193 194
9773 4 2 3 3 1255 2198 2197 2207
9774 4 2 3 3 1281 1607 1274 1624
9775 4 2 3 3 2716 2703 2653 2702
9776 4 2 3 3 2661 2672 2658 1068
9777 4 2 3 3 2662 2661 2658 1068
9778 4 2 3 3 2369 2604 1251 2204
9779 4 2 3 3 2660 2466 2179 2275
9780 4 2 3 3 2364 2462 2177 2668
9781 4 2 3 3 2356 2268 2163 2042
9782 4 2 3 3 2256 2264 2271 2359
9783 4 2 3 3 1257 1600 2667 2666
9784 4 2 3 3 1847 2258 1864 2164
9785 4 2 3 3 2361 2356 2163 2360
9786 4 2 3 3 2658 2659 2043 2656
9787 4 2 3 3 2276 2406 2545 2204
9788 4 2 3 3 223 2701 1094 2492
9789 4 2 3 3 2197 2207 2205 2204
9790 4 2 3 3 2196 2179 2674 2172
9791 4 2 3 3 2706 2171 2690 2605
9792 4 2 3 3 2179 2660 2275 2675
9793 4 2 3 3 2716 2694 1334 2657
9794 4 2 3 3 1091 1078 2691 1100
9795 4 2 3 3 2706 1091 2691 1100
9796 4 2 3 3 1607 1281 1286 1624
9797 4 2 3 3 2383 2312 2218 2566
9798 4 2 3 3 1140 1926 1635 1924
9799 4 2 3 3 2474 959 998 801
9800 4 2 3 3 2278 1335 2534 1955
9801 4 2 3 3 2383 1925 2566 1635
9802 4 2 3 3 2296 2474 801 2483
9803 4 2 3 3 2716 2694 2657 2653
9804 4 2 3 3 1432 2477 2447 2478
9805 4 2 3 3 1167 1925 590 1635
9806 4 2 3 3 2295 2669 2270 2667
9807 4 2 3 3 2705 2675 2674 2685
9808 4 2 3 3 2669 2670 2667 2195
9809 4 2 3 3 2665 2290 2194 2291
9810 4 2 3 3 1248 1600 1145 2270
9811 4 2 3 3 1226 1167 590 1635
9812 4 2 3 3 1181 1474 1473 1471
9813 4 2 3 3 1347 1918 1909 1646
9814 4 2 3 3 1943 2550 1942 2566
9815 4 2 3 3 2094 2102 2106 2101
9816 4 2 3 3 1906 31 1645 1647
9817 4 2 3 3 11 2105 2106 2093
9818 4 2 3 3 1966 1304 1787 2108
9819 4 2 3 3 18 1693 97 1988
9820 4 2 3 3 1694 101 1628 61
9821 4 2 3 3 98 99 1691 1625
9822 4 2 3 3 1694 1628 1701 61
9823 4 2 3 3 2318 34 2317 1525
9824 4 2 3 3 30 2368 2412 76
9825 4 2 3 3 33 1671 2427 1669
9826 4 2 3 3 32 1906 1476 1634
9827 4 2 3 3 230 2463 945 2458
9828 4 2 3 3 1349 1910 1909 1646
9829 4 2 3 3 832 1945 830 831
9830 4 2 3 3 806 365 957 943
9831 4 2 3 3 1181 1585 1646 1471
9832 4 2 3 3 366 992 83 887
9833 4 2 3 3 2573 1869 2570 38
9834 4 2 3 3 946 2497 834 2503
9835 4 2 3 3 879 961 999 434
9836 4 2 3 3 101 1532 1625 19
9837 4 2 3 3 1325 1474 1646 1471
9838 4 2 3 3 54 55 1755 1975
9839 4 2 3 3 1762 1758 1754 1745
9840 4 2 3 3 1374 1742 1754 1745
9841 4 2 3 3 1456 1455 1755 1969
9842 4 2 3 3 1773 1796 1793 65
9843 4 2 3 3 359 1797 66 65
9844 4 2 3 3 1797 1796 66 65
9845 4 2 3 3 1797 359 1793 65
9846 4 2 3 3 1796 1797 1793 65
9847 4 2 3 3 1918 1347 1476 1645
9848 4 2 3 3 1474 1472 1646 1645
9849 4 2 3 3 1347 1918 1646 1645
9850 4 2 3 3 2411 31 351 1937
9851 4 2 3 3 1937 1938 2375 1944
9852 4 2 3 3 2416 2417 2413 2415
9853 4 2 3 3 871 888 2349 931
9854 4 2 3 3 2411 31 2412 76
9855 4 2 3 3 872 906 905 87
9856 4 2 3 3 1564 46 1859 327
9857 4 2 3 3 806 949 996 427
9858 4 2 3 3 365 806 957 996
9859 4 2 3 3 2415 2416 2412 2413
9860 4 2 3 3 1938 1937 1912 2412
9861 4 2 3 3 208 365 384 427
9862 4 2 3 3 1984 1983 1977 1987
9863 4 2 3 3 2104 8 2109 2111
9864 4 2 3 3 1971 1758 1765 1375
9865 4 2 3 3 550 1605 1189 1505
9866 4 2 3 3 746 1289 1287 1286
9867 4 2 3 3 377 397 766 2648
9868 4 2 3 3 396 772 108 766
9869 4 2 3 3 380 440 423 787
9870 4 2 3 3 2618 2399 1251 2226
9871 4 2 3 3 1936 2517 2516 1667
9872 4 2 3 3 1935 1936 2516 1667
9873 4 2 3 3 396 397 448 766
9874 4 2 3 3 1348 1923 1922 1634
9875 4 2 3 3 1907 1906 1922 1634
9876 4 2 3 3 606 605 2240 457
9877 4 2 3 3 1182 1370 1615 1614
9878 4 2 3 3 466 122 700 121
9879 4 2 3 3 1248 678 677 676
9880 4 2 3 3 1370 1680 1679 1678
9881 4 2 3 3 1260 697 692 706
9882 4 2 3 3 313 312 1612 1572
9883 4 2 3 3 464 1260 1247 692
9884 4 2 3 3 472 473 1208 1213
9885 4 2 3 3 1617 1610 1306 1604
9886 4 2 3 3 1213 451 1580 1219
9887 4 2 3 3 620 1280 1289 713
9888 4 2 3 3 1193 1789 1602 1306
9889 4 2 3 3 746 1287 754 1286
9890 4 2 3 3 313 311 306 1612
9891 4 2 3 3 1286 730 731 1624
9892 4 2 3 3 311 1610 1601 1612
9893 4 2 3 3 1594 1544 1591 1590
9894 4 2 3 3 2197 2198 2193 2207
9895 4 2 3 3 2083 1540 1835 2084
9896 4 2 3 3 1544 1537 1591 1590
9897 4 2 3 3 278 253 49 1539
9898 4 2 3 3 760 186 17 978
9899 4 2 3 3 2197 2207 2193 2205
9900 4 2 3 3 1506 1189 1689 1615
9901 4 2 3 3 1616 1182 1689 1615
9902 4 2 3 3 1674 1692 1691 1688
9903 4 2 3 3 825 872 86 953
9904 4 2 3 3 2046 1004 186 978
9905 4 2 3 3 88 881 2046 955
9906 4 2 3 3 2606 892 890 891
9907 4 2 3 3 1692 1675 1690 1688
9908 4 2 3 3 760 186 1008 17
9909 4 2 3 3 760 167 978 16
9910 4 2 3 3 2137 23 790 185
9911 4 2 3 3 1189 1616 1689 1615
9912 4 2 3 3 67 1719 1711 261
9913 4 2 3 3 1555 1852 1394 1853
9914 4 2 3 3 1523 1577 319 328
9915 4 2 3 3 17 760 15 1008
9916 4 2 3 3 2138 2493 2644 2504
9917 4 2 3 3 1404 1390 1711 261
9918 4 2 3 3 2143 2138 2644 2641
9919 4 2 3 3 1933 2565 2390 2392
9920 4 2 3 3 2616 1053 1086 1085
9921 4 2 3 3 1719 1404 1711 261
9922 4 2 3 3 939 2389 2394 2381
9923 4 2 3 3 2507 939 2394 2381
9924 4 2 3 3 2220 2221 2219 2248
9925 4 2 3 3 982 939 2381 219
9926 4 2 3 3 2507 939 2381 2254
9927 4 2 3 3 2110 1966 1721 1723
9928 4 2 3 3 2635 2180 2458 2631
9929 4 2 3 3 1722 1724 1721 1798
9930 4 2 3 3 2455 2419 1898 2456
9931 4 2 3 3 1302 1402 1788 1798
9932 4 2 3 3 2463 230 944 229
9933 4 2 3 3 1713 1720 1832 1721
9934 4 2 3 3 2198 2191 2193 2207
9935 4 2 3 3 1770 1786 1780 1788
9936 4 2 3 3 322 268 1412 347
9937 4 2 3 3 2067 1750 1857 1341
9938 4 2 3 3 1589 1753 1741 249
9939 4 2 3 3 1813 1528 1856 1857
9940 4 2 3 3 1818 1817 1746 1749
9941 4 2 3 3 1207 2069 2079 2098
9942 4 2 3 3 1764 1763 1765 1980
9943 4 2 3 3 1379 1739 1827 2098
9944 4 2 3 3 8 761 2109 2101
9945 4 2 3 3 1578 1354 1524 1525
9946 4 2 3 3 1376 1214 1757 1142
9947 4 2 3 3 1523 308 1573 1569
9948 4 2 3 3 1402 1410 1408 1788
9949 4 2 3 3 1454 1575 1452 1373
9950 4 2 3 3 288 1609 339 286
9951 4 2 3 3 1299 1160 1409 1790
9952 4 2 3 3 1320 1388 1331 1700
9953 4 2 3 3 1705 1770 63 1780
9954 4 2 3 3 1703 64 251 1768
9955 4 2 3 3 1731 1730 1733 1958
9956 4 2 3 3 102 101 1694 62
9957 4 2 3 3 1731 1719 1733 1730
9958 4 2 3 3 310 1479 297 1477
9959 4 2 3 3 247 310 297 1477
9960 4 2 3 3 1573 308 314 1569
9961 4 2 3 3 1697 1291 1493 1495
9962 4 2 3 3 1731 1397 1733 1395
9963 4 2 3 3 1729 1731 1733 1395
9964 4 2 3 3 80 980 372 415
9965 4 2 3 3 1958 1731 1397 1733
9966 4 2 3 3 2100 2115 2117 2096
9967 4 2 3 3 2108 2113 2117 2096
9968 4 2 3 3 857 77 918 78
9969 4 2 3 3 76 916 962 930
9970 4 2 3 3 802 372 929 940
9971 4 2 3 3 1718 1380 1766 1747
9972 4 2 3 3 1531 1718 1766 1747
9973 4 2 3 3 284 1434 293 337
9974 4 2 3 3 383 2506 426 393
9975 4 2 3 3 1404 291 283 1437
9976 4 2 3 3 1758 1762 1765 1746
9977 4 2 3 3 1528 1836 2088 1813
9978 4 2 3 3 1816 1737 2088 1813
9979 4 2 3 3 1393 2072 2071 2063
9980 4 2 3 3 2083 1540 1820 1835
9981 4 2 3 3 630 663 1744 1743
9982 4 2 3 3 2583 2422 1876 2302
9983 4 2 3 3 1496 1459 1875 1296
9984 4 2 3 3 1763 1379 1765 1746
9985 4 2 3 3 41 85 84 2503
9986 4 2 3 3 1971 1375 1765 1976
9987 4 2 3 3 410 199 198 415
9988 4 2 3 3 309 1523 308 307
9989 4 2 3 3 1024 1034 2129 2128
9990 4 2 3 3 1984 1456 55 1975
9991 4 2 3 3 55 1456 1755 1975
9992 4 2 3 3 1971 1972 1976 1975
9993 4 2 3 3 385 365 384 208
9994 4 2 3 3 1456 1972 1755 1975
9995 4 2 3 3 55 358 1980 1975
9996 4 2 3 3 1224 1759 1744 1743
9997 4 2 3 3 571 528 1777 569
9998 4 2 3 3 1237 528 1777 571
9999 4 2 3 3 2645 184 2643 2642
10000 4 2 3 3 564 1388 569 1777
10001 4 2 3 3 83 84 1006 886
10002 4 2 3 3 1036 2495 204 2143
10003 4 2 3 3 1871 1874 2573 1952
10004 4 2 3 3 2629 14 2018 1
10005 4 2 3 3 2463 2451 2469 2471
10006 4 2 3 3 564 1389 1388 1777
10007 4 2 3 3 1045 1016 2129 2132
10008 4 2 3 3 200 1024 2512 2518
10009 4 2 3 3 2136 177 2133 176
10010 4 2 3 3 564 571 1777 569
10011 4 2 3 3 2133 2131 2130 2128
10012 4 2 3 3 176 2144 184 1009
10013 4 2 3 3 564 1237 1777 571
10014 4 2 3 3 2519 414 2513 2512
10015 4 2 3 3 1043 1034 2128 1019
10016 4 2 3 3 184 2645 183 778
10017 4 2 3 3 1302 1304 1788 1626
10018 4 2 3 3 1304 1625 1787 1965
10019 4 2 3 3 99 100 18 416
10020 4 2 3 3 331 267 1548 348
10021 4 2 3 3 1838 2003 2019 2018
10022 4 2 3 3 2158 2593 2040 2031
10023 4 2 3 3 773 15 809 171
10024 4 2 3 3 2034 2033 2031 2019
10025 4 2 3 3 1695 1771 1787 1770
10026 4 2 3 3 168 772 424 767
10027 4 2 3 3 1695 1532 1770 1787
10028 4 2 3 3 110 377 109 765
10029 4 2 3 3 396 448 767 766
10030 4 2 3 3 1392 539 633 1550
10031 4 2 3 3 573 135 1222 469
10032 4 2 3 3 517 542 1563 536
10033 4 2 3 3 542 1555 1563 536
10034 4 2 3 3 1234 1233 546 545
10035 4 2 3 3 1884 1439 1229 1886
10036 4 2 3 3 1555 1551 1562 536
10037 4 2 3 3 1551 1391 633 544
10038 4 2 3 3 583 584 461 1267
10039 4 2 3 3 2167 1888 1886 1406
10040 4 2 3 3 43 1881 1799 1498
10041 4 2 3 3 1806 1881 1799 43
10042 4 2 3 3 2266 1807 1809 1811
10043 4 2 3 3 1890 1885 1889 1886
10044 4 2 3 3 1437 1404 1810 1384
10045 4 2 3 3 1225 635 138 1231
10046 4 2 3 3 1437 291 1810 1542
10047 4 2 3 3 664 585 626 1740
10048 4 2 3 3 1543 1404 1810 1542
10049 4 2 3 3 585 1740 1268 626
10050 4 2 3 3 1404 1437 1810 1542
10051 4 2 3 3 1714 1715 1396 1165
10052 4 2 3 3 596 476 1374 1378
10053 4 2 3 3 620 553 1201 567
10054 4 2 3 3 2092 1234 1165 1821
10055 4 2 3 3 1973 530 1224 643
10056 4 2 3 3 455 1266 602 643
10057 4 2 3 3 2092 1709 1234 1821
10058 4 2 3 3 1716 1414 2095 2097
10059 4 2 3 3 267 1588 1548 1579
10060 4 2 3 3 1190 1191 568 481
10061 4 2 3 3 620 453 1289 1201
10062 4 2 3 3 2081 1414 2087 2095
10063 4 2 3 3 1716 1531 2097 2095
10064 4 2 3 3 2080 2081 2086 2095
10065 4 2 3 3 565 564 571 1237
10066 4 2 3 3 657 156 755 456
10067 4 2 3 3 1185 1292 1318 1479
10068 4 2 3 3 1500 1457 1333 1461
10069 4 2 3 3 1173 1172 1791 1175
10070 4 2 3 3 1232 1714 1405 1177
10071 4 2 3 3 1173 514 1732 1558
10072 4 2 3 3 579 1206 1439 522
10073 4 2 3 3 543 546 1395 545
10074 4 2 3 3 68 1717 107 1832
10075 4 2 3 3 642 1235 600 533
10076 4 2 3 3 1402 1961 1405 1736
10077 4 2 3 3 1173 509 1170 549
10078 4 2 3 3 2091 2092 1834 1831
10079 4 2 3 3 552 658 1201 1616
10080 4 2 3 3 540 550 1605 527
10081 4 2 3 3 1183 1193 1679 1789
10082 4 2 3 3 2070 2072 1831 2092
10083 4 2 3 3 497 496 1321 550
10084 4 2 3 3 538 527 1179 537
10085 4 2 3 3 1619 1605 1189 1506
10086 4 2 3 3 1620 1179 1506 1615
10087 4 2 3 3 1324 1633 1607 1506
10088 4 2 3 3 1521 2576 1171 1210
10089 4 2 3 3 465 616 709 1263
10090 4 2 3 3 2081 2070 1831 2092
10091 4 2 3 3 2516 1577 1667 1524
10092 4 2 3 3 1576 1190 1197 1187
10093 4 2 3 3 1907 1140 1923 1942
10094 4 2 3 3 1356 485 1186 560
10095 4 2 3 3 631 1194 492 524
10096 4 2 3 3 69 68 107 1832
10097 4 2 3 3 2112 2111 1964 2118
10098 4 2 3 3 528 1205 1175 1776
10099 4 2 3 3 1163 719 742 729
10100 4 2 3 3 1778 528 533 1776
10101 4 2 3 3 1665 1917 2346 2186
10102 4 2 3 3 553 552 1201 1202
10103 4 2 3 3 1280 1201 1156 567
10104 4 2 3 3 518 1203 1376 1757
10105 4 2 3 3 530 1973 1224 582
10106 4 2 3 3 2343 1226 589 1346
10107 4 2 3 3 518 1203 480 481
10108 4 2 3 3 276 333 1454 2511
10109 4 2 3 3 333 276 319 2511
10110 4 2 3 3 141 576 1220 140
10111 4 2 3 3 2187 2185 2346 1144
10112 4 2 3 3 1905 2595 1488 2184
10113 4 2 3 3 2419 1893 2304 2306
10114 4 2 3 3 2461 1149 1243 1464
10115 4 2 3 3 1171 506 570 559
10116 4 2 3 3 1703 1704 1779 1297
10117 4 2 3 3 597 131 666 130
10118 4 2 3 3 1206 1158 580 579
10119 4 2 3 3 597 674 1247 599
10120 4 2 3 3 2345 1917 2346 2190
10121 4 2 3 3 2345 1664 2346 1489
10122 4 2 3 3 1499 1497 1889 1386
10123 4 2 3 3 473 1378 1208 2075
10124 4 2 3 3 2186 1665 1843 2346
10125 4 2 3 3 1238 716 737 744
10126 4 2 3 3 2003 1946 2630 1442
10127 4 2 3 3 727 1276 1264 1273
10128 4 2 3 3 714 583 753 1267
10129 4 2 3 3 1268 583 714 1267
10130 4 2 3 3 1282 1152 1270 1165
10131 4 2 3 3 1391 1393 544 1726
10132 4 2 3 3 648 548 1714 546
10133 4 2 3 3 600 719 720 159
10134 4 2 3 3 266 324 1854 1548
10135 4 2 3 3 1709 1207 2095 2080
10136 4 2 3 3 134 135 626 1222
10137 4 2 3 3 324 266 1854 340
10138 4 2 3 3 464 1260 625 659
10139 4 2 3 3 2360 2267 2359 1865
10140 4 2 3 3 133 706 625 132
10141 4 2 3 3 1257 670 1240 691
10142 4 2 3 3 1260 1166 1592 1240
10143 4 2 3 3 2267 2149 2359 1865
10144 4 2 3 3 2149 2267 2360 1865
10145 4 2 3 3 141 670 698 1240
10146 4 2 3 3 2169 2170 1441 2270
10147 4 2 3 3 1509 1258 688 1253
10148 4 2 3 3 2149 2263 2359 1865
10149 4 2 3 3 2149 2265 2263 1865
10150 4 2 3 3 683 686 680 1467
10151 4 2 3 3 2576 2422 2302 1875
10152 4 2 3 3 674 597 666 130
10153 4 2 3 3 597 674 666 1247
10154 4 2 3 3 131 597 666 692
10155 4 2 3 3 1873 1496 1875 1296
10156 4 2 3 3 2587 2410 2482 1242
10157 4 2 3 3 1432 1147 2489 1431
10158 4 2 3 3 1873 2575 1877 1875
10159 4 2 3 3 41 1522 1875 1461
10160 4 2 3 3 1522 2575 41 1875
10161 4 2 3 3 708 1259 687 1256
10162 4 2 3 3 1256 614 613 1244
10163 4 2 3 3 705 703 1244 687
10164 4 2 3 3 2477 1336 2446 2303
10165 4 2 3 3 1872 1874 2447 2446
10166 4 2 3 3 2575 1462 1877 1875
10167 4 2 3 3 1459 1521 1461 1875
10168 4 2 3 3 1888 2454 1887 1899
10169 4 2 3 3 2168 2454 1887 1888
10170 4 2 3 3 752 1238 716 743
10171 4 2 3 3 719 1235 721 1265
10172 4 2 3 3 1901 1880 1887 1899
10173 4 2 3 3 1222 1238 1821 1284
10174 4 2 3 3 718 739 736 1761
10175 4 2 3 3 741 718 736 1761
10176 4 2 3 3 2165 2266 1809 1812
10177 4 2 3 3 1498 1881 1799 1809
10178 4 2 3 3 1283 1237 1288 1783
10179 4 2 3 3 1480 1783 2719 2718
10180 4 2 3 3 1388 1205 569 1777
10181 4 2 3 3 1621 1620 1153 1624
10182 4 2 3 3 2454 1901 1887 1899
10183 4 2 3 3 1399 1539 1590 1535
10184 4 2 3 3 2454 2168 1887 1901
10185 4 2 3 3 88 2037 6 2046
10186 4 2 3 3 1642 1653 29 1659
10187 4 2 3 3 28 2629 2018 1
10188 4 2 3 3 2169 2152 1438 1897
10189 4 2 3 3 784 1047 182 790
10190 4 2 3 3 2124 177 775 2123
10191 4 2 3 3 2365 1801 1897 2458
10192 4 2 3 3 377 398 2648 2120
10193 4 2 3 3 231 1059 2467 2687
10194 4 2 3 3 2505 2127 1018 2139
10195 4 2 3 3 1047 784 182 1018
10196 4 2 3 3 397 377 766 396
10197 4 2 3 3 770 792 776 170
10198 4 2 3 3 1801 2365 1897 2687
10199 4 2 3 3 1801 2152 2687 1897
10200 4 2 3 3 422 442 776 111
10201 4 2 3 3 1906 1907 1922 1908
10202 4 2 3 3 442 190 776 792
10203 4 2 3 3 1349 1907 1909 1140
10204 4 2 3 3 1226 1140 1909 1911
10205 4 2 3 3 1349 1140 1909 1226
10206 4 2 3 3 2222 2385 2313 1362
10207 4 2 3 3 927 366 813 992
10208 4 2 3 3 386 388 205 2495
10209 4 2 3 3 2563 1101 2379 217
10210 4 2 3 3 2564 2562 2379 217
10211 4 2 3 3 2385 2221 2555 2313
10212 4 2 3 3 81 847 929 968
10213 4 2 3 3 1049 2143 204 2142
10214 4 2 3 3 2574 40 39 83
10215 4 2 3 3 839 84 83 886
10216 4 2 3 3 2384 2385 2555 2568
10217 4 2 3 3 1670 1671 1930 2391
10218 4 2 3 3 45 44 2362 87
10219 4 2 3 3 2362 2274 1800 1799
10220 4 2 3 3 826 828 2362 2363
10221 4 2 3 3 1465 2421 2425 2404
10222 4 2 3 3 1940 1939 1930 1908
10223 4 2 3 3 1928 1940 1930 1908
10224 4 2 3 3 837 2499 836 835
10225 4 2 3 3 837 925 2572 835
10226 4 2 3 3 2499 837 2572 835
10227 4 2 3 3 937 846 845 2428
10228 4 2 3 3 1327 1671 2391 1930
10229 4 2 3 3 2312 1943 1908 1942
10230 4 2 3 3 1915 1658 1908 1350
10231 4 2 3 3 1923 1926 1922 1908
10232 4 2 3 3 856 923 2426 854
10233 4 2 3 3 923 856 2426 2414
10234 4 2 3 3 1906 2375 1912 1908
10235 4 2 3 3 1671 2214 2526 1666
10236 4 2 3 3 849 850 2320 956
10237 4 2 3 3 1907 1906 1909 1908
10238 4 2 3 3 848 850 2320 2527
10239 4 2 3 3 2373 859 2372 2414
10240 4 2 3 3 2231 2254 2435 1507
10241 4 2 3 3 1869 2573 1952 38
10242 4 2 3 3 2598 1327 1666 2507
10243 4 2 3 3 2416 1648 2415 2412
10244 4 2 3 3 2573 1874 1869 1952
10245 4 2 3 3 2498 1462 2577 2501
10246 4 2 3 3 1951 2569 1952 2281
10247 4 2 3 3 2497 946 2500 2503
10248 4 2 3 3 1597 1428 1952 38
10249 4 2 3 3 1403 2113 2108 2096
10250 4 2 3 3 1403 2110 2096 1966
10251 4 2 3 3 2110 2113 2096 2097
10252 4 2 3 3 881 88 901 955
10253 4 2 3 3 1717 2110 2096 1832
10254 4 2 3 3 7 69 107 2118
10255 4 2 3 3 760 978 17 16
10256 4 2 3 3 950 74 909 876
10257 4 2 3 3 2105 69 7 2118
10258 4 2 3 3 2208 2209 973 2335
10259 4 2 3 3 2104 7 2111 2118
10260 4 2 3 3 2367 2159 864 866
10261 4 2 3 3 1764 1976 1986 1985
10262 4 2 3 3 1977 1367 1986 1987
10263 4 2 3 3 1972 1977 1976 1975
10264 4 2 3 3 1972 1984 1977 1975
10265 4 2 3 3 2507 924 2435 2436
10266 4 2 3 3 79 1005 919 920
10267 4 2 3 3 855 2321 854 2426
10268 4 2 3 3 81 928 847 844
10269 4 2 3 3 395 366 83 887
10270 4 2 3 3 934 2441 842 841
10271 4 2 3 3 895 2301 959 998
10272 4 2 3 3 81 847 2428 844
10273 4 2 3 3 840 926 83 82
10274 4 2 3 3 925 933 841 2449
10275 4 2 3 3 1901 1880 2458 1887
10276 4 2 3 3 2497 2498 2425 2577
10277 4 2 3 3 2266 2165 1809 1888
10278 4 2 3 3 2463 2465 2458 2633
10279 4 2 3 3 1977 1978 1976 1986
10280 4 2 3 3 948 990 989 2161
10281 4 2 3 3 1989 1978 1977 1986
10282 4 2 3 3 1978 1764 1976 1986
10283 4 2 3 3 1764 1978 1989 1986
10284 4 2 3 3 983 221 800 2614
10285 4 2 3 3 2528 2325 2434 2324
10286 4 2 3 3 2254 2614 2231 800
10287 4 2 3 3 2287 1947 1997 2011
10288 4 2 3 3 2608 2232 2330 2324
10289 4 2 3 3 855 79 885 920
10290 4 2 3 3 2014 2287 1997 2011
10291 4 2 3 3 2333 2617 2619 2210
10292 4 2 3 3 78 857 855 885
10293 4 2 3 3 1037 2123 1020 1028
10294 4 2 3 3 2134 2125 194 1042
10295 4 2 3 3 373 981 415 436
10296 4 2 3 3 2020 2004 2018 2019
10297 4 2 3 3 2020 2002 14 2018
10298 4 2 3 3 2031 1838 2018 28
10299 4 2 3 3 821 2148 2150 820
10300 4 2 3 3 965 2472 799 2502
10301 4 2 3 3 2463 1880 2469 2633
10302 4 2 3 3 2706 1091 1100 229
10303 4 2 3 3 2002 2004 2018 2020
10304 4 2 3 3 2136 177 176 764
10305 4 2 3 3 1015 1048 775 2123
10306 4 2 3 3 2145 2144 2641 185
10307 4 2 3 3 2643 100 18 19
10308 4 2 3 3 806 365 207 208
10309 4 2 3 3 932 961 434 84
10310 4 2 3 3 1838 1841 2593 2019
10311 4 2 3 3 1841 2607 2593 2019
10312 4 2 3 3 2646 2147 778 2140
10313 4 2 3 3 2646 2505 2644 2504
10314 4 2 3 3 2196 2197 2193 2205
10315 4 2 3 3 917 967 918 435
10316 4 2 3 3 2683 2712 2030 2370
10317 4 2 3 3 2044 2294 2194 2698
10318 4 2 3 3 1005 80 79 415
10319 4 2 3 3 202 1025 2142 1044
10320 4 2 3 3 1024 1046 2512 2129
10321 4 2 3 3 1025 1046 2142 1044
10322 4 2 3 3 2645 2650 2644 2641
10323 4 2 3 3 2519 431 417 2513
10324 4 2 3 3 185 2132 2641 2141
10325 4 2 3 3 417 431 392 2513
10326 4 2 3 3 2133 2122 2131 2128
10327 4 2 3 3 1950 1491 1843 2194
10328 4 2 3 3 1076 2657 1098 1075
10329 4 2 3 3 2370 2711 2030 2697
10330 4 2 3 3 212 2711 2370 2697
10331 4 2 3 3 2660 2659 2043 2674
10332 4 2 3 3 2466 2179 2675 2196
10333 4 2 3 3 2681 1092 1078 1065
10334 4 2 3 3 1063 1092 1084 2676
10335 4 2 3 3 1069 1066 2656 1074
10336 4 2 3 3 2603 2310 2685 2205
10337 4 2 3 3 1071 1093 1085 2678
10338 4 2 3 3 2039 188 2272 2029
10339 4 2 3 3 187 188 2029 891
10340 4 2 3 3 2035 2350 2272 2029
10341 4 2 3 3 2033 2034 2040 2029
10342 4 2 3 3 2209 911 973 2336
10343 4 2 3 3 2025 2034 2033 2029
10344 4 2 3 3 2027 2005 2350 2257
10345 4 2 3 3 2032 2034 2040 2031
10346 4 2 3 3 892 2606 1001 897
10347 4 2 3 3 2028 2606 2040 2637
10348 4 2 3 3 2160 816 1001 988
10349 4 2 3 3 2692 2716 2657 2653
10350 4 2 3 3 2605 2586 227 228
10351 4 2 3 3 2301 2476 2485 2483
10352 4 2 3 3 2575 2574 1877 1460
10353 4 2 3 3 2702 226 2653 2588
10354 4 2 3 3 2300 1337 2481 2478
10355 4 2 3 3 2083 2082 2052 2053
10356 4 2 3 3 276 1577 319 2511
10357 4 2 3 3 686 669 1244 1263
10358 4 2 3 3 2509 2538 2327 2489
10359 4 2 3 3 2093 2101 13 2074
10360 4 2 3 3 684 686 1242 2547
10361 4 2 3 3 1149 2455 1464 2461
10362 4 2 3 3 2565 2521 2602 2522
10363 4 2 3 3 2329 2328 2238 2326
10364 4 2 3 3 1665 1351 1941 1920
10365 4 2 3 3 1509 1358 1508 2385
10366 4 2 3 3 1258 1509 1508 2385
10367 4 2 3 3 2565 2393 2390 2392
10368 4 2 3 3 2214 1671 2248 2382
10369 4 2 3 3 1925 1508 2383 1636
10370 4 2 3 3 454 1256 614 613
10371 4 2 3 3 70 341 13 4
10372 4 2 3 3 2378 2521 2565 2522
10373 4 2 3 3 2543 2541 1252 2547
10374 4 2 3 3 2662 2661 2674 2658
10375 4 2 3 3 2521 2417 2549 2522
10376 4 2 3 3 1447 1192 1452 1168
10377 4 2 3 3 1214 518 1376 1757
10378 4 2 3 3 486 1190 1197 1376
10379 4 2 3 3 1181 484 482 1187
10380 4 2 3 3 518 1214 1376 582
10381 4 2 3 3 1982 1303 1969 1190
10382 4 2 3 3 486 1196 568 1376
10383 4 2 3 3 1303 1982 1684 1190
10384 4 2 3 3 1984 1977 1975 1985
10385 4 2 3 3 1693 1629 1692 1330
10386 4 2 3 3 1692 1693 1989 1987
10387 4 2 3 3 1615 1690 1689 1372
10388 4 2 3 3 1683 1682 1450 1449
10389 4 2 3 3 1680 1322 1198 1679
10390 4 2 3 3 1686 1371 1614 1683
10391 4 2 3 3 1680 1614 1679 1198
10392 4 2 3 3 1196 1371 1614 1195
10393 4 2 3 3 1196 1371 1684 1614
10394 4 2 3 3 2078 1814 2075 1813
10395 4 2 3 3 1207 1709 2076 2069
10396 4 2 3 3 2079 1814 2075 2078
10397 4 2 3 3 475 1341 1580 1581
10398 4 2 3 3 1836 1368 1528 1856
10399 4 2 3 3 1904 1905 1656 1902
10400 4 2 3 3 1226 2343 1911 1346
10401 4 2 3 3 2343 1915 1658 2341
10402 4 2 3 3 2556 2568 2567 2555
10403 4 2 3 3 1346 2597 1910 1904
10404 4 2 3 3 1191 1585 1343 479
10405 4 2 3 3 1585 477 479 478
10406 4 2 3 3 1586 1652 1583 1342
10407 4 2 3 3 1216 639 1165 1222
10408 4 2 3 3 2103 1530 2086 2099
10409 4 2 3 3 2091 1713 1396 1735
10410 4 2 3 3 548 1233 1714 546
10411 4 2 3 3 1716 1531 1821 1284
10412 4 2 3 3 1929 1141 2556 2568
10413 4 2 3 3 2521 2400 2417 2522
10414 4 2 3 3 1254 2188 1144 2291
10415 4 2 3 3 2345 1664 1489 1245
10416 4 2 3 3 1655 2345 1489 1245
10417 4 2 3 3 557 1293 2445 1317
10418 4 2 3 3 1467 683 1242 1263
10419 4 2 3 3 1708 2071 2063 1391
10420 4 2 3 3 1829 1708 2063 1391
10421 4 2 3 3 1227 1393 2063 1234
10422 4 2 3 3 2297 2327 2489 1954
10423 4 2 3 3 2298 2277 2478 1878
10424 4 2 3 3 1216 1234 2063 2066
10425 4 2 3 3 1973 1150 1759 1760
10426 4 2 3 3 1976 1764 1975 1985
10427 4 2 3 3 1718 1380 1989 1766
10428 4 2 3 3 1382 1621 1693 1989
10429 4 2 3 3 1971 1758 1754 1975
10430 4 2 3 3 1238 1282 1279 743
10431 4 2 3 3 1761 1150 1974 1759
10432 4 2 3 3 1481 1480 1274 1626
10433 4 2 3 3 1687 1675 1690 1372
10434 4 2 3 3 736 1748 1767 735
10435 4 2 3 3 757 740 148 654
10436 4 2 3 3 1227 1216 2063 2066
10437 4 2 3 3 1216 1227 2063 1234
10438 4 2 3 3 1289 1280 1264 756
10439 4 2 3 3 1160 1172 1608 1300
10440 4 2 3 3 1773 1794 1792 1301
10441 4 2 3 3 1730 1731 1299 1958
10442 4 2 3 3 1775 1172 1300 1608
10443 4 2 3 3 1774 1775 1300 1608
10444 4 2 3 3 2430 2433 2434 2428
10445 4 2 3 3 2241 2612 1143 1513
10446 4 2 3 3 2322 1511 1200 1423
10447 4 2 3 3 492 1194 1352 1188
10448 4 2 3 3 554 493 1420 1200
10449 4 2 3 3 1424 2530 1421 1515
10450 4 2 3 3 493 1183 491 1352
10451 4 2 3 3 1595 1290 1427 1493
10452 4 2 3 3 1816 1814 2088 2074
10453 4 2 3 3 1323 1370 1679 1613
10454 4 2 3 3 2640 2130 2642 2513
10455 4 2 3 3 1305 1630 1321 1505
10456 4 2 3 3 1188 491 1198 1352
10457 4 2 3 3 2576 1521 1333 1499
10458 4 2 3 3 1457 252 1483 292
10459 4 2 3 3 1457 252 1497 1483
10460 4 2 3 3 2576 1522 1333 1461
10461 4 2 3 3 1521 2576 1333 1461
10462 4 2 3 3 1483 287 1482 292
10463 4 2 3 3 1911 1942 1908 1350
10464 4 2 3 3 1344 2416 1657 1648
10465 4 2 3 3 910 912 2415 2413
10466 4 2 3 3 2562 2564 2522 217
10467 4 2 3 3 487 488 1198 489
10468 4 2 3 3 1669 1348 1667 2218
10469 4 2 3 3 2507 2254 2381 2380
10470 4 2 3 3 1944 2374 2437 2414
10471 4 2 3 3 1675 1674 1987 1985
10472 4 2 3 3 1978 1377 1977 1976
10473 4 2 3 3 1203 529 1374 1743
10474 4 2 3 3 1380 1747 1744 1766
10475 4 2 3 3 1817 1826 1822 2086
10476 4 2 3 3 1763 1762 1990 1749
10477 4 2 3 3 1621 1481 1273 1626
10478 4 2 3 3 529 596 1374 1743
10479 4 2 3 3 1366 1764 1989 1766
10480 4 2 3 3 1613 1611 1689 1688
10481 4 2 3 3 487 486 485 1197
10482 4 2 3 3 1191 1203 568 481
10483 4 2 3 3 1684 1614 1198 1197
10484 4 2 3 3 1621 1382 1273 1623
10485 4 2 3 3 1178 1620 1623 1615
10486 4 2 3 3 1332 1705 1331 1780
10487 4 2 3 3 1851 1774 1703 1768
10488 4 2 3 3 1836 2083 1835 2084
10489 4 2 3 3 1594 1593 1590 1855
10490 4 2 3 3 1390 1404 1711 1853
10491 4 2 3 3 1565 1392 1550 1400
10492 4 2 3 3 312 59 1617 1613
10493 4 2 3 3 1716 1531 1627 2117
10494 4 2 3 3 1531 1718 1277 1627
10495 4 2 3 3 2113 1410 1627 1715
10496 4 2 3 3 1825 1716 1277 1627
10497 4 2 3 3 1848 2068 2085 2053
10498 4 2 3 3 1511 1425 1515 1420
10499 4 2 3 3 2236 2234 2315 2233
10500 4 2 3 3 525 1421 610 646
10501 4 2 3 3 1512 1314 1510 1515
10502 4 2 3 3 1956 1256 611 612
10503 4 2 3 3 2541 1259 1431 1147
10504 4 2 3 3 2297 2488 2447 2489
10505 4 2 3 3 1422 2444 613 647
10506 4 2 3 3 2070 1848 2068 2085
10507 4 2 3 3 1992 1862 2012 2011
10508 4 2 3 3 2004 1947 2010 2009
10509 4 2 3 3 1490 1947 1997 2287
10510 4 2 3 3 1442 1215 1996 1999
10511 4 2 3 3 2016 2005 2011 2352
10512 4 2 3 3 2012 1992 2011 1997
10513 4 2 3 3 1839 1840 1997 2594
10514 4 2 3 3 1348 1578 1667 1634
10515 4 2 3 3 256 345 1475 1476
10516 4 2 3 3 1586 1470 1584 1472
10517 4 2 3 3 1476 1475 2511 1474
10518 4 2 3 3 1326 1935 2511 1474
10519 4 2 3 3 1476 1918 2511 1634
10520 4 2 3 3 1926 2312 1908 1942
10521 4 2 3 3 1588 1586 1584 1472
10522 4 2 3 3 2572 2499 2577 84
10523 4 2 3 3 895 2301 2486 2425
10524 4 2 3 3 895 894 959 2404
10525 4 2 3 3 979 228 227 2424
10526 4 2 3 3 2301 895 959 2404
10527 4 2 3 3 2470 1487 2502 2501
10528 4 2 3 3 2586 2581 2424 2468
10529 4 2 3 3 1935 1348 1667 1634
10530 4 2 3 3 1475 1325 1474 1472
10531 4 2 3 3 1906 1937 31 2412
10532 4 2 3 3 1816 2101 2077 2074
10533 4 2 3 3 1893 1894 1462 2302
10534 4 2 3 3 1171 1521 1199 1296
10535 4 2 3 3 2422 1336 2583 1876
10536 4 2 3 3 1459 41 40 1875
10537 4 2 3 3 2470 2472 2468 2469
10538 4 2 3 3 2452 2582 2305 2304
10539 4 2 3 3 1873 1874 1460 2574
10540 4 2 3 3 2681 2691 2467 2707
10541 4 2 3 3 1945 1895 2500 2590
10542 4 2 3 3 1895 1896 2500 2590
10543 4 2 3 3 2431 844 843 82
10544 4 2 3 3 2319 2318 1669 2215
10545 4 2 3 3 1141 1929 1636 2568
10546 4 2 3 3 1940 1939 1941 2555
10547 4 2 3 3 2552 1258 1508 1636
10548 4 2 3 3 2535 224 2534 2533
10549 4 2 3 3 224 2532 2534 2533
10550 4 2 3 3 1358 1508 2250 2610
10551 4 2 3 3 2213 2233 1518 2238
10552 4 2 3 3 1512 1314 1516 1510
10553 4 2 3 3 36 1512 1516 1510
10554 4 2 3 3 1848 2054 2065 2062
10555 4 2 3 3 136 472 467 1208
10556 4 2 3 3 2070 1413 2065 1848
10557 4 2 3 3 2058 1227 2063 2056
10558 4 2 3 3 1528 264 1813 2088
10559 4 2 3 3 1999 1215 1219 1580
10560 4 2 3 3 1399 2064 1591 1536
10561 4 2 3 3 2054 1848 1820 2053
10562 4 2 3 3 1835 1836 2084 1537
10563 4 2 3 3 2207 2191 2193 2205
10564 4 2 3 3 2060 1837 2054 2064
10565 4 2 3 3 2000 1850 1590 1855
10566 4 2 3 3 2068 1814 1813 2062
10567 4 2 3 3 1594 1999 1590 1591
10568 4 2 3 3 539 1392 633 536
10569 4 2 3 3 1565 1564 1561 1400
10570 4 2 3 3 1392 1552 1550 1538
10571 4 2 3 3 2191 2188 2195 2193
10572 4 2 3 3 1551 1392 1562 536
10573 4 2 3 3 1400 1392 536 1562
10574 4 2 3 3 1554 1555 1551 1561
10575 4 2 3 3 1563 517 1398 1804
10576 4 2 3 3 1400 1563 1398 1561
10577 4 2 3 3 57 1685 1681 56
10578 4 2 3 3 1371 1982 1684 1682
10579 4 2 3 3 1512 1517 1515 1428
10580 4 2 3 3 302 1429 1601 1603
10581 4 2 3 3 1506 1622 1330 1689
10582 4 2 3 3 1685 56 1981 1681
10583 4 2 3 3 1982 1371 1981 1682
10584 4 2 3 3 2094 2070 2069 2085
10585 4 2 3 3 1338 475 1580 1581
10586 4 2 3 3 268 1584 1579 270
10587 4 2 3 3 1470 1587 1582 1584
10588 4 2 3 3 1830 2082 2085 2090
10589 4 2 3 3 1213 1856 1580 1341
10590 4 2 3 3 1588 1584 1582 1579
10591 4 2 3 3 306 311 1601 1504
10592 4 2 3 3 1495 1604 1493 1603
10593 4 2 3 3 554 495 493 1200
10594 4 2 3 3 300 298 1494 1596
10595 4 2 3 3 1604 1419 1493 1418
10596 4 2 3 3 1309 1495 1493 1603
10597 4 2 3 3 1604 1290 1493 1429
10598 4 2 3 3 1701 1631 61 1307
10599 4 2 3 3 1697 1291 1606 1630
10600 4 2 3 3 1697 1631 1606 1291
10601 4 2 3 3 1611 1632 1307 1619
10602 4 2 3 3 1182 1183 1505 1679
10603 4 2 3 3 1290 1595 1418 1493
10604 4 2 3 3 1789 1602 1612 1601
10605 4 2 3 3 312 313 1612 311
10606 4 2 3 3 2082 1830 2085 1848
10607 4 2 3 3 1701 1631 1699 61
10608 4 2 3 3 295 1606 60 61
10609 4 2 3 3 1531 1718 1627 2117
10610 4 2 3 3 1532 102 1625 1695
10611 4 2 3 3 2310 2311 1146 2308
10612 4 2 3 3 2602 2562 2557 1920
10613 4 2 3 3 2345 1916 1639 1245
10614 4 2 3 3 1664 2345 1639 1245
10615 4 2 3 3 2191 1664 2190 1639
10616 4 2 3 3 1664 2345 2190 1639
10617 4 2 3 3 475 477 1583 478
10618 4 2 3 3 1905 1902 1659 1656
10619 4 2 3 3 2159 2158 74 29
10620 4 2 3 3 474 619 1340 1215
10621 4 2 3 3 1643 1652 1902 1650
10622 4 2 3 3 2536 2508 2620 2533
10623 4 2 3 3 2532 2536 2620 2533
10624 4 2 3 3 2492 2508 2544 2699
10625 4 2 3 3 2508 2620 2533 2544
10626 4 2 3 3 1914 2342 2183 2184
10627 4 2 3 3 2508 2626 2620 2544
10628 4 2 3 3 2700 2701 2533 2544
10629 4 2 3 3 2286 1949 2337 2285
10630 4 2 3 3 1345 1905 2183 1661
10631 4 2 3 3 2339 2338 1842 2337
10632 4 2 3 3 2701 2700 2709 2544
10633 4 2 3 3 2185 2182 1842 2183
10634 4 2 3 3 2394 2372 2437 1637
10635 4 2 3 3 2203 2196 2685 2205
10636 4 2 3 3 1673 1672 2248 2220
10637 4 2 3 3 1927 1928 1930 1908
10638 4 2 3 3 77 858 2414 857
10639 4 2 3 3 859 923 2414 856
10640 4 2 3 3 34 2321 2526 2524
10641 4 2 3 3 2214 2211 2317 2318
10642 4 2 3 3 1313 2323 1188 1353
10643 4 2 3 3 275 1454 1373 1570
10644 4 2 3 3 483 485 1186 1187
10645 4 2 3 3 1684 1682 1450 1329
10646 4 2 3 3 2517 1668 1186 1328
10647 4 2 3 3 1607 1620 1179 1506
10648 4 2 3 3 1381 1276 1767 1154
10649 4 2 3 3 1150 1266 1285 1974
10650 4 2 3 3 1622 1620 1607 1506
10651 4 2 3 3 1989 1990 1986 1988
10652 4 2 3 3 2093 1830 2085 2090
10653 4 2 3 3 1785 1706 1332 1780
10654 4 2 3 3 1851 1609 339 288
10655 4 2 3 3 1609 1851 251 1768
10656 4 2 3 3 497 550 1321 500
10657 4 2 3 3 64 1773 1768 1769
10658 4 2 3 3 1749 1817 1822 2086
10659 4 2 3 3 67 1720 1734 66
10660 4 2 3 3 1713 1720 1734 1712
10661 4 2 3 3 1959 1792 1175 1791
10662 4 2 3 3 1161 1960 1958 1397
10663 4 2 3 3 1152 1716 1821 1825
10664 4 2 3 3 1270 2114 1265 1715
10665 4 2 3 3 1830 2093 2085 1848
10666 4 2 3 3 1391 1852 1726 1551
10667 4 2 3 3 1852 1555 1726 1551
10668 4 2 3 3 1712 67 1734 1733
10669 4 2 3 3 1233 572 546 1395
10670 4 2 3 3 168 169 1963 2111
10671 4 2 3 3 1738 1752 1737 2078
10672 4 2 3 3 1368 2060 1837 1836
10673 4 2 3 3 1338 1651 1581 1546
10674 4 2 3 3 1819 2060 1368 1836
10675 4 2 3 3 728 736 1767 735
10676 4 2 3 3 1713 1834 1396 1721
10677 4 2 3 3 736 1267 1767 1748
10678 4 2 3 3 1279 1825 1821 1284
10679 4 2 3 3 1238 737 1279 1284
10680 4 2 3 3 737 748 735 1277
10681 4 2 3 3 1277 1531 1747 1767
10682 4 2 3 3 1274 727 1624 1273
10683 4 2 3 3 1968 1967 1755 1754
10684 4 2 3 3 1747 1748 1767 1744
10685 4 2 3 3 1380 1381 1978 1759
10686 4 2 3 3 1381 1367 1978 1377
10687 4 2 3 3 1224 1973 1757 582
10688 4 2 3 3 1970 1971 1375 1758
10689 4 2 3 3 1769 1704 1779 1768
10690 4 2 3 3 1696 1706 1771 1770
10691 4 2 3 3 1706 1696 1705 1770
10692 4 2 3 3 64 1773 1769 1780
10693 4 2 3 3 1173 1959 1170 1175
10694 4 2 3 3 1794 1795 1780 1793
10695 4 2 3 3 1785 1706 1780 1771
10696 4 2 3 3 1962 168 1963 2111
10697 4 2 3 3 1794 1301 1781 1407
10698 4 2 3 3 1961 1161 1794 1407
10699 4 2 3 3 1785 1389 1407 1781
10700 4 2 3 3 1233 1714 1405 1736
10701 4 2 3 3 1782 1411 1405 1776
10702 4 2 3 3 1796 1960 1792 1794
10703 4 2 3 3 1794 1161 1792 1301
10704 4 2 3 3 1174 505 503 1318
10705 4 2 3 3 1704 1703 1779 1768
10706 4 2 3 3 1294 1608 1199 1297
10707 4 2 3 3 1161 1960 1792 1958
10708 4 2 3 3 1960 1161 1792 1794
10709 4 2 3 3 2111 169 1963 1964
10710 4 2 3 3 344 252 1484 1497
10711 4 2 3 3 2266 2167 1886 1229
10712 4 2 3 3 510 570 522 1210
10713 4 2 3 3 1534 1160 1209 1608
10714 4 2 3 3 1774 1703 1779 1297
10715 4 2 3 3 2069 2079 1814 1529
10716 4 2 3 3 2068 2069 1814 1529
10717 4 2 3 3 1716 1531 1277 1627
10718 4 2 3 3 1402 1961 1736 1798
10719 4 2 3 3 1782 1784 1408 1265
10720 4 2 3 3 1278 1271 1277 1627
10721 4 2 3 3 1271 2114 1825 1627
10722 4 2 3 3 2093 11 13 2106
10723 4 2 3 3 2102 2080 2107 2086
10724 4 2 3 3 1247 1248 1441 2168
10725 4 2 3 3 2036 2403 2358 2663
10726 4 2 3 3 2035 2045 2272 2401
10727 4 2 3 3 2353 2267 2359 2360
10728 4 2 3 3 2163 2042 2260 2359
10729 4 2 3 3 1443 2014 2011 2261
10730 4 2 3 3 2355 2268 2262 2044
10731 4 2 3 3 1652 594 478 1223
10732 4 2 3 3 1742 1741 1750 1858
10733 4 2 3 3 1741 1742 1587 1858
10734 4 2 3 3 2094 2080 2107 2102
10735 4 2 3 3 1750 1741 1737 1858
10736 4 2 3 3 1741 1589 1737 1858
10737 4 2 3 3 1432 2488 2447 1319
10738 4 2 3 3 2529 223 987 2491
10739 4 2 3 3 2535 2700 2533 2544
10740 4 2 3 3 2529 2531 2534 1954
10741 4 2 3 3 2280 2439 2634 2601
10742 4 2 3 3 1423 1418 1417 1428
10743 4 2 3 3 1294 1459 1598 1496
10744 4 2 3 3 1880 1498 2635 1899
10745 4 2 3 3 1149 1236 1440 1243
10746 4 2 3 3 1438 1901 2456 1897
10747 4 2 3 3 2169 2168 1438 2152
10748 4 2 3 3 2168 2165 1888 1887
10749 4 2 3 3 1640 1642 29 1659
10750 4 2 3 3 1839 1840 1660 1659
10751 4 2 3 3 1642 1643 1902 1650
10752 4 2 3 3 1643 1642 1902 1653
10753 4 2 3 3 816 2160 1001 2335
10754 4 2 3 3 2342 2344 2341 1913
10755 4 2 3 3 1917 2344 2342 1913
10756 4 2 3 3 2045 2035 2337 2285
10757 4 2 3 3 816 1001 973 2335
10758 4 2 3 3 1360 1670 2219 2218
10759 4 2 3 3 1924 1926 1635 2218
10760 4 2 3 3 486 483 1197 1190
10761 4 2 3 3 1927 1670 2218 1922
10762 4 2 3 3 1672 1673 2248 2216
10763 4 2 3 3 1935 1326 2511 2516
10764 4 2 3 3 2244 1354 1353 1188
10765 4 2 3 3 1196 486 1197 1376
10766 4 2 3 3 1329 1573 1450 1328
10767 4 2 3 3 1968 1192 1452 1967
10768 4 2 3 3 1303 1969 1190 1452
10769 4 2 3 3 1936 2517 1187 1474
10770 4 2 3 3 1357 2244 1356 1354
10771 4 2 3 3 1993 1991 2008 2009
10772 4 2 3 3 473 1213 1580 1341
10773 4 2 3 3 1995 1839 1442 1946
10774 4 2 3 3 2003 1840 1947 1946
10775 4 2 3 3 1839 1840 2003 1946
10776 4 2 3 3 2703 2700 2535 2544
10777 4 2 3 3 2233 1516 2237 2315
10778 4 2 3 3 2247 1433 2329 2613
10779 4 2 3 3 2247 2224 1433 2613
10780 4 2 3 3 2542 2331 2227 1433
10781 4 2 3 3 2333 2616 2619 2680
10782 4 2 3 3 2700 2701 2709 2228
10783 4 2 3 3 2331 2332 2710 2229
10784 4 2 3 3 1079 2701 2652 2492
10785 4 2 3 3 2535 2537 2533 2534
10786 4 2 3 3 224 223 2533 2701
10787 4 2 3 3 1957 2703 2535 2544
10788 4 2 3 3 1451 1575 1570 1373
10789 4 2 3 3 1755 1971 1754 1975
10790 4 2 3 3 1374 1758 1754 1756
10791 4 2 3 3 1742 1374 1754 1756
10792 4 2 3 3 1762 1763 1990 1980
10793 4 2 3 3 1675 57 1674 97
10794 4 2 3 3 1977 1984 1987 1985
10795 4 2 3 3 1369 2116 1766 1990
10796 4 2 3 3 1276 1381 1273 1154
10797 4 2 3 3 518 530 529 1757
10798 4 2 3 3 1369 2115 1364 1718
10799 4 2 3 3 2116 1763 1818 1766
10800 4 2 3 3 518 1214 582 1757
10801 4 2 3 3 1973 1214 1757 582
10802 4 2 3 3 1758 1970 1757 1375
10803 4 2 3 3 1191 1203 480 1756
10804 4 2 3 3 1860 1564 1859 1539
10805 4 2 3 3 2594 1995 1442 1996
10806 4 2 3 3 1552 1392 1562 1538
10807 4 2 3 3 1860 1850 2001 1590
10808 4 2 3 3 2058 2056 2055 2064
10809 4 2 3 3 635 470 139 1231
10810 4 2 3 3 1415 1862 2012 1992
10811 4 2 3 3 470 539 1231 635
10812 4 2 3 3 1215 2594 1442 1996
10813 4 2 3 3 1415 1995 2012 2001
10814 4 2 3 3 2221 2220 2219 2555
10815 4 2 3 3 1840 1839 1997 1946
10816 4 2 3 3 2005 2027 1948 2010
10817 4 2 3 3 2593 1838 2019 2031
10818 4 2 3 3 2038 2039 2024 2029
10819 4 2 3 3 28 2349 74 5
10820 4 2 3 3 1994 2004 2009 1946
10821 4 2 3 3 2005 2027 2010 2257
10822 4 2 3 3 166 2048 759 5
10823 4 2 3 3 2004 2010 2020 2009
10824 4 2 3 3 1991 2002 2020 2009
10825 4 2 3 3 2027 2023 2020 2009
10826 4 2 3 3 2034 2025 2033 2020
10827 4 2 3 3 2208 2606 2040 2041
10828 4 2 3 3 1948 2027 2035 2034
10829 4 2 3 3 2607 1948 2035 2034
10830 4 2 3 3 2024 2025 2023 2020
10831 4 2 3 3 1992 1862 2011 2008
10832 4 2 3 3 2264 2350 2271 2401
10833 4 2 3 3 2293 2695 2402 2401
10834 4 2 3 3 2339 2181 2338 2337
10835 4 2 3 3 795 2181 2285 988
10836 4 2 3 3 795 189 988 2285
10837 4 2 3 3 1837 2059 2056 1213
10838 4 2 3 3 2060 1837 2056 1213
10839 4 2 3 3 136 1227 1208 1216
10840 4 2 3 3 2055 2054 2065 2063
10841 4 2 3 3 50 278 49 1590
10842 4 2 3 3 472 603 467 1208
10843 4 2 3 3 2052 11 13 2085
10844 4 2 3 3 1826 1816 1814 2078
10845 4 2 3 3 1824 1832 2118 1964
10846 4 2 3 3 1412 264 1813 1528
10847 4 2 3 3 1737 1750 2067 2078
10848 4 2 3 3 2060 2061 1813 1368
10849 4 2 3 3 1738 1816 1826 2078
10850 4 2 3 3 1827 1738 1826 2078
10851 4 2 3 3 1378 1827 2079 2078
10852 4 2 3 3 2079 1826 1814 2078
10853 4 2 3 3 1827 1826 2079 2078
10854 4 2 3 3 1707 1725 1557 1711
10855 4 2 3 3 1828 1708 1540 1557
10856 4 2 3 3 1726 1708 1725 1557
10857 4 2 3 3 168 8 2109 93
10858 4 2 3 3 2112 2111 2109 1823
10859 4 2 3 3 11 4 13 2106
10860 4 2 3 3 1824 1822 2107 2086
10861 4 2 3 3 2119 2112 2096 1964
10862 4 2 3 3 1832 1824 2096 1964
10863 4 2 3 3 68 67 1713 1712
10864 4 2 3 3 2104 2111 2119 2118
10865 4 2 3 3 1824 1822 2119 2107
10866 4 2 3 3 107 1964 1717 169
10867 4 2 3 3 2070 2081 1831 1849
10868 4 2 3 3 19 1532 1963 1723
10869 4 2 3 3 1979 1962 1990 1823
10870 4 2 3 3 2146 2147 2646 2139
10871 4 2 3 3 184 2645 2641 2642
10872 4 2 3 3 1049 1038 2143 2142
10873 4 2 3 3 1016 1038 2141 1012
10874 4 2 3 3 177 2124 764 2123
10875 4 2 3 3 1024 2129 2512 2128
10876 4 2 3 3 407 2651 2130 2515
10877 4 2 3 3 2133 2515 2130 2131
10878 4 2 3 3 376 90 380 781
10879 4 2 3 3 2651 407 405 2515
10880 4 2 3 3 2136 2135 175 2515
10881 4 2 3 3 1032 1013 2131 1020
10882 4 2 3 3 430 411 175 2515
10883 4 2 3 3 917 916 986 368
10884 4 2 3 3 407 406 405 2515
10885 4 2 3 3 1046 1044 2512 2142
10886 4 2 3 3 2126 2124 764 2120
10887 4 2 3 3 1012 1016 1011 2132
10888 4 2 3 3 2119 1824 2118 1964
10889 4 2 3 3 2170 1248 2270 2671
10890 4 2 3 3 2464 1901 1897 2471
10891 4 2 3 3 2177 2364 2668 2173
10892 4 2 3 3 2199 2671 2667 2713
10893 4 2 3 3 2269 2155 2270 2294
10894 4 2 3 3 2670 1249 2668 2462
10895 4 2 3 3 2365 2458 1897 2687
10896 4 2 3 3 1054 233 2663 1084
10897 4 2 3 3 2635 1498 1799 1809
10898 4 2 3 3 2410 2587 2457 1467
10899 4 2 3 3 1158 1463 1241 1262
10900 4 2 3 3 2454 2168 2456 1440
10901 4 2 3 3 2168 1247 1243 1440
10902 4 2 3 3 2185 1489 2346 1144
10903 4 2 3 3 1492 2189 2712 1879
10904 4 2 3 3 2354 234 2402 2273
10905 4 2 3 3 1665 1662 2186 2340
10906 4 2 3 3 2119 2112 1964 2118
10907 4 2 3 3 1146 2603 2206 2205
10908 4 2 3 3 2311 2398 1146 2308
10909 4 2 3 3 2190 2345 2558 1639
10910 4 2 3 3 2713 2188 2347 1254
10911 4 2 3 3 2466 1249 2369 2604
10912 4 2 3 3 2399 679 2369 2314
10913 4 2 3 3 2603 2563 1921 2685
10914 4 2 3 3 1661 1841 2183 1842
10915 4 2 3 3 2376 2521 2371 2374
10916 4 2 3 3 1044 202 2512 2142
10917 4 2 3 3 1344 2417 2416 1648
10918 4 2 3 3 2367 1653 1657 1648
10919 4 2 3 3 2247 2246 2217 2216
10920 4 2 3 3 2384 2221 2250 2248
10921 4 2 3 3 1673 2388 2210 2217
10922 4 2 3 3 1671 1327 2220 2382
10923 4 2 3 3 2384 2250 2249 2248
10924 4 2 3 3 1673 2388 2217 2386
10925 4 2 3 3 2210 2225 2217 2251
10926 4 2 3 3 2330 2232 2614 2324
10927 4 2 3 3 849 2320 2525 956
10928 4 2 3 3 2640 2649 2129 2512
10929 4 2 3 3 2232 2212 1507 1518
10930 4 2 3 3 854 2426 2435 2436
10931 4 2 3 3 2211 2214 2242 1355
10932 4 2 3 3 2212 2211 2242 1355
10933 4 2 3 3 2137 2127 2505 2140
10934 4 2 3 3 2312 2383 2555 2567
10935 4 2 3 3 2326 2609 2621 2238
10936 4 2 3 3 685 1261 2240 1520
10937 4 2 3 3 694 1258 710 711
10938 4 2 3 3 2257 2005 2350 2264
10939 4 2 3 3 2005 2352 2350 2264
10940 4 2 3 3 2045 2285 2292 2401
10941 4 2 3 3 2027 1948 2035 2350
10942 4 2 3 3 2045 2035 2285 2401
10943 4 2 3 3 2035 2027 2350 2034
10944 4 2 3 3 2027 2005 1948 2350
10945 4 2 3 3 2179 2196 2674 2675
10946 4 2 3 3 2178 2714 2677 2685
10947 4 2 3 3 2716 2694 2228 1334
10948 4 2 3 3 2703 2716 2228 1334
10949 4 2 3 3 2660 2659 1334 2043
10950 4 2 3 3 2310 2203 2205 2204
10951 4 2 3 3 2350 2035 2272 2401
10952 4 2 3 3 189 794 2292 24
10953 4 2 3 3 2005 1948 2350 2401
10954 4 2 3 3 2548 2559 214 215
10955 4 2 3 3 2006 2182 2337 2007
10956 4 2 3 3 795 212 2285 2181
10957 4 2 3 3 2263 2257 2359 1864
10958 4 2 3 3 2355 2695 2351 2354
10959 4 2 3 3 2487 2277 2634 2579
10960 4 2 3 3 2307 2279 1868 2588
10961 4 2 3 3 959 2301 2474 998
10962 4 2 3 3 559 1336 632 665
10963 4 2 3 3 2476 2474 2580 2578
10964 4 2 3 3 2406 2510 2490 2545
10965 4 2 3 3 2704 2407 2490 2284
10966 4 2 3 3 1870 2703 2284 1868
10967 4 2 3 3 1335 2704 2284 2703
10968 4 2 3 3 257 1523 316 1525
10969 4 2 3 3 2319 2244 1354 2317
10970 4 2 3 3 2318 2319 2317 2215
10971 4 2 3 3 2488 2538 1431 2489
10972 4 2 3 3 2615 222 2536 2613
10973 4 2 3 3 2224 2615 2227 2613
10974 4 2 3 3 2224 2617 2227 2615
10975 4 2 3 3 2617 2224 2227 1433
10976 4 2 3 3 2278 1955 2534 1954
10977 4 2 3 3 2408 1147 2489 2478
10978 4 2 3 3 1491 2187 2185 1843
10979 4 2 3 3 1665 1879 2559 2557
10980 4 2 3 3 1664 2188 1144 1254
10981 4 2 3 3 2190 2189 1879 2346
10982 4 2 3 3 2416 2417 2415 1648
10983 4 2 3 3 2367 1648 1657 2412
10984 4 2 3 3 1938 2521 1649 2416
10985 4 2 3 3 2015 2289 2260 2262
10986 4 2 3 3 2312 1928 2555 2383
10987 4 2 3 3 2353 2360 2359 2042
10988 4 2 3 3 2014 2015 2260 2261
10989 4 2 3 3 2403 2402 2697 2696
10990 4 2 3 3 1948 2006 2286 2401
10991 4 2 3 3 2360 2164 2163 1568
10992 4 2 3 3 636 541 1166 1230
10993 4 2 3 3 1895 43 86 2591
10994 4 2 3 3 2159 871 2158 931
10995 4 2 3 3 989 873 2151 966
10996 4 2 3 3 2521 1939 1930 1931
10997 4 2 3 3 859 883 2372 923
10998 4 2 3 3 33 34 2526 2318
10999 4 2 3 3 2374 2373 2437 2414
11000 4 2 3 3 1671 33 2318 1669
11001 4 2 3 3 33 2427 2526 2426
11002 4 2 3 3 1357 1356 2218 1354
11003 4 2 3 3 1925 2552 1508 1636
11004 4 2 3 3 2550 2553 2566 1943
11005 4 2 3 3 2138 2505 2644 2140
11006 4 2 3 3 2137 2138 2644 2140
11007 4 2 3 3 2661 1071 2678 2672
11008 4 2 3 3 1071 2673 2678 2672
11009 4 2 3 3 2399 2618 1251 2369
11010 4 2 3 3 2199 2670 2369 2198
11011 4 2 3 3 2510 2332 2282 2625
11012 4 2 3 3 2693 2276 2405 2406
11013 4 2 3 3 2693 1334 2405 2275
11014 4 2 3 3 1334 2657 2228 2043
11015 4 2 3 3 1927 1928 1908 1926
11016 4 2 3 3 1654 2597 1656 1904
11017 4 2 3 3 796 991 2417 912
11018 4 2 3 3 796 2520 2417 991
11019 4 2 3 3 1644 1653 1648 1656
11020 4 2 3 3 1906 1647 1909 1908
11021 4 2 3 3 2367 910 2368 864
11022 4 2 3 3 2182 1444 2337 1842
11023 4 2 3 3 846 2428 844 845
11024 4 2 3 3 2138 2137 2505 2140
11025 4 2 3 3 2430 37 2428 2429
11026 4 2 3 3 81 37 2428 2430
11027 4 2 3 3 37 2431 2428 2429
11028 4 2 3 3 37 81 2428 2431
11029 4 2 3 3 2362 87 823 2150
11030 4 2 3 3 2572 2574 2571 83
11031 4 2 3 3 1424 2234 2237 1515
11032 4 2 3 3 2532 2529 1954 2491
11033 4 2 3 3 1664 702 690 689
11034 4 2 3 3 2670 2669 2369 2198
11035 4 2 3 3 1600 697 678 1248
11036 4 2 3 3 2466 2364 2604 2175
11037 4 2 3 3 2307 2420 2174 2457
11038 4 2 3 3 2450 1250 2604 2175
11039 4 2 3 3 673 683 1243 1236
11040 4 2 3 3 675 673 1243 1236
11041 4 2 3 3 1003 799 2468 2502
11042 4 2 3 3 2463 2465 2469 2472
11043 4 2 3 3 2452 2453 1899 2418
11044 4 2 3 3 1893 2419 2471 2468
11045 4 2 3 3 1466 1894 2581 2306
11046 4 2 3 3 2702 2700 225 2535
11047 4 2 3 3 2296 2280 2439 2579
11048 4 2 3 3 2441 2296 2439 2579
11049 4 2 3 3 935 958 2296 801
11050 4 2 3 3 2265 2149 2150 2151
11051 4 2 3 3 824 87 2150 823
11052 4 2 3 3 2147 779 2139 786
11053 4 2 3 3 2024 12 1 14
11054 4 2 3 3 207 385 2493 2504
11055 4 2 3 3 945 990 2162 954
11056 4 2 3 3 417 416 2643 371
11057 4 2 3 3 2635 2458 2632 2631
11058 4 2 3 3 2494 2496 2493 2644
11059 4 2 3 3 2505 2146 2504 2646
11060 4 2 3 3 1576 1190 1187 1453
11061 4 2 3 3 1359 1356 1668 2218
11062 4 2 3 3 1653 1654 1645 1647
11063 4 2 3 3 1325 1472 1471 1646
11064 4 2 3 3 1924 2218 1668 1667
11065 4 2 3 3 1168 1576 1187 1453
11066 4 2 3 3 2320 35 2523 2524
11067 4 2 3 3 983 2231 900 2324
11068 4 2 3 3 983 900 964 2324
11069 4 2 3 3 2525 1507 2524 2523
11070 4 2 3 3 2615 2224 1867 2613
11071 4 2 3 3 2247 2223 1867 2613
11072 4 2 3 3 2321 34 2526 78
11073 4 2 3 3 35 79 34 2524
11074 4 2 3 3 2540 2408 2489 2283
11075 4 2 3 3 2538 2530 2327 2489
11076 4 2 3 3 2277 2297 2489 1954
11077 4 2 3 3 2328 2509 2623 2621
11078 4 2 3 3 1665 1662 2549 1913
11079 4 2 3 3 1344 1939 2549 1913
11080 4 2 3 3 1662 1344 2549 1913
11081 4 2 3 3 2562 216 2522 2557
11082 4 2 3 3 12 2024 1 2
11083 4 2 3 3 1940 1939 1913 1941
11084 4 2 3 3 1917 1665 2549 1913
11085 4 2 3 3 1939 2521 2549 2602
11086 4 2 3 3 1939 2549 1941 2602
11087 4 2 3 3 1934 2308 2313 1362
11088 4 2 3 3 2655 2178 2674 2172
11089 4 2 3 3 1070 2673 2672 2677
11090 4 2 3 3 2180 2635 2589 2631
11091 4 2 3 3 1874 1871 2573 39
11092 4 2 3 3 1485 1483 1295 1482
11093 4 2 3 3 895 925 2449 933
11094 4 2 3 3 2474 2296 801 998
11095 4 2 3 3 2458 2365 2631 2162
11096 4 2 3 3 386 395 434 205
11097 4 2 3 3 452 604 128 1262
11098 4 2 3 3 1248 1260 676 1247
11099 4 2 3 3 1893 1894 2304 2306
11100 4 2 3 3 2477 1336 2479 1241
11101 4 2 3 3 2279 1436 2307 2306
11102 4 2 3 3 1067 2715 1072 2677
11103 4 2 3 3 2158 970 2606 2208
11104 4 2 3 3 1651 1903 1902 1659
11105 4 2 3 3 1914 2341 1656 1913
11106 4 2 3 3 796 912 2417 2336
11107 4 2 3 3 1444 1841 2593 1549
11108 4 2 3 3 2618 2627 2230 2545
11109 4 2 3 3 2618 2604 2369 679
11110 4 2 3 3 1492 2189 2193 2712
11111 4 2 3 3 2364 1249 2604 2450
11112 4 2 3 3 2466 1249 2604 2364
11113 4 2 3 3 2314 679 2369 2347
11114 4 2 3 3 2541 2543 2408 2283
11115 4 2 3 3 2419 2453 2418 1899
11116 4 2 3 3 2454 2453 1899 2460
11117 4 2 3 3 990 2363 989 2162
11118 4 2 3 3 1895 827 2591 86
11119 4 2 3 3 1896 828 880 2589
11120 4 2 3 3 880 828 954 2589
11121 4 2 3 3 2591 2362 2589 1800
11122 4 2 3 3 2180 945 2162 954
11123 4 2 3 3 2496 2650 2644 2645
11124 4 2 3 3 184 176 2643 2642
11125 4 2 3 3 2144 176 184 2642
11126 4 2 3 3 443 2506 2645 2494
11127 4 2 3 3 408 2515 2130 2643
11128 4 2 3 3 2640 2649 2641 2129
11129 4 2 3 3 2133 176 2144 2642
11130 4 2 3 3 2649 2650 2643 2642
11131 4 2 3 3 959 2301 2424 2485
11132 4 2 3 3 2659 2681 2691 2656
11133 4 2 3 3 697 1600 678 1257
11134 4 2 3 3 1260 697 676 692
11135 4 2 3 3 2225 2617 1363 2229
11136 4 2 3 3 801 2483 226 225
11137 4 2 3 3 2616 1093 1097 2678
11138 4 2 3 3 224 2532 2529 2534
11139 4 2 3 3 1799 1800 2589 2631
11140 4 2 3 3 2361 1800 1799 2631
11141 4 2 3 3 2699 2710 2544 2709
11142 4 2 3 3 2492 2701 2652 2709
11143 4 2 3 3 2694 1058 1099 2700
11144 4 2 3 3 945 2180 2162 2458
11145 4 2 3 3 1091 1089 1055 2690
11146 4 2 3 3 1089 1091 2691 2690
11147 4 2 3 3 2576 2422 1892 2302
11148 4 2 3 3 1870 2703 1868 2702
11149 4 2 3 3 2703 2716 1868 2702
11150 4 2 3 3 2694 1099 2653 2700
11151 4 2 3 3 2331 2542 2544 2282
11152 4 2 3 3 2296 2483 801 225
11153 4 2 3 3 2702 2703 2653 2700
11154 4 2 3 3 2354 2358 2696 2402
11155 4 2 3 3 212 1060 2370 2711
11156 4 2 3 3 2711 212 2348 2697
11157 4 2 3 3 1950 2348 2697 2030
11158 4 2 3 3 2365 945 2162 2458
11159 4 2 3 3 2466 2660 2173 2364
11160 4 2 3 3 2660 2466 2173 2179
11161 4 2 3 3 2681 1059 2467 1100
11162 4 2 3 3 2176 2169 1438 1897
11163 4 2 3 3 1850 1860 1859 1590
11164 4 2 3 3 2195 2188 2194 2193
11165 4 2 3 3 881 2046 955 978
11166 4 2 3 3 2342 1914 2183 2186
11167 4 2 3 3 1345 1644 1661 2183
11168 4 2 3 3 2148 45 2265 2150
11169 4 2 3 3 2340 972 2336 2335
11170 4 2 3 3 2047 993 1008 889
11171 4 2 3 3 1663 1644 1345 2183
11172 4 2 3 3 166 993 976 15
11173 4 2 3 3 186 2638 1008 808
11174 4 2 3 3 32 2375 2427 1944
11175 4 2 3 3 2411 31 1937 2412
11176 4 2 3 3 94 168 93 424
11177 4 2 3 3 175 95 419 375
11178 4 2 3 3 358 1980 54 95
11179 4 2 3 3 168 1962 1963 18
11180 4 2 3 3 772 439 93 424
11181 4 2 3 3 1762 1980 1979 95
11182 4 2 3 3 18 1979 96 95
11183 4 2 3 3 1781 1301 1769 1779
11184 4 2 3 3 1793 1786 64 65
11185 4 2 3 3 1532 103 104 369
11186 4 2 3 3 1706 1705 1780 1770
11187 4 2 3 3 103 1786 64 1770
11188 4 2 3 3 773 166 74 809
11189 4 2 3 3 972 816 973 2335
11190 4 2 3 3 871 869 866 75
11191 4 2 3 3 1903 2595 1659 1660
11192 4 2 3 3 1644 1345 1661 1656
11193 4 2 3 3 1935 1918 2511 1474
11194 4 2 3 3 949 209 427 208
11195 4 2 3 3 87 825 86 2362
11196 4 2 3 3 872 825 86 87
11197 4 2 3 3 1444 2338 2337 1842
11198 4 2 3 3 441 210 211 421
11199 4 2 3 3 2337 2185 1842 1843
11200 4 2 3 3 411 374 175 449
11201 4 2 3 3 1492 2196 2193 2205
11202 4 2 3 3 1569 1573 1449 314
11203 4 2 3 3 2179 2466 2669 2193
11204 4 2 3 3 2698 1950 2030 2193
11205 4 2 3 3 440 89 7 787
11206 4 2 3 3 2294 2295 2194 2193
11207 4 2 3 3 2196 2203 2675 2204
11208 4 2 3 3 2551 652 458 116
11209 4 2 3 3 2224 2247 2217 2216
11210 4 2 3 3 2247 2224 1867 2216
11211 4 2 3 3 1258 2240 667 457
11212 4 2 3 3 1867 1507 2216 2380
11213 4 2 3 3 219 2386 2381 2380
11214 4 2 3 3 2232 1507 2216 1867
11215 4 2 3 3 694 608 711 118
11216 4 2 3 3 672 2552 694 117
11217 4 2 3 3 2245 2212 2216 2232
11218 4 2 3 3 2615 2508 2227 2620
11219 4 2 3 3 2703 2704 2709 2544
11220 4 2 3 3 1926 1140 1635 2566
11221 4 2 3 3 1218 619 468 1215
11222 4 2 3 3 2508 2626 2227 2620
11223 4 2 3 3 1955 2537 1954 2620
11224 4 2 3 3 2537 2532 1954 2620
11225 4 2 3 3 718 1761 1285 1974
11226 4 2 3 3 2542 2329 2227 2620
11227 4 2 3 3 1519 2223 2238 2329
11228 4 2 3 3 2213 2212 2239 2238
11229 4 2 3 3 2212 2213 1518 2238
11230 4 2 3 3 2223 2608 1519 2238
11231 4 2 3 3 1670 2219 2218 2215
11232 4 2 3 3 21 1015 775 177
11233 4 2 3 3 2121 2147 2139 786
11234 4 2 3 3 784 182 1018 181
11235 4 2 3 3 23 2137 1012 185
11236 4 2 3 3 784 2127 1047 790
11237 4 2 3 3 18 367 2643 175
11238 4 2 3 3 1012 185 2141 2132
11239 4 2 3 3 1671 1670 1669 2215
11240 4 2 3 3 1021 1038 2141 2143
11241 4 2 3 3 1357 2244 2215 2249
11242 4 2 3 3 308 350 314 1569
11243 4 2 3 3 198 981 197 436
11244 4 2 3 3 916 917 77 368
11245 4 2 3 3 1523 257 328 319
11246 4 2 3 3 1451 334 1570 1449
11247 4 2 3 3 2136 175 2133 2515
11248 4 2 3 3 373 197 405 196
11249 4 2 3 3 1037 2134 1028 1042
11250 4 2 3 3 2494 2506 2644 2504
11251 4 2 3 3 385 2506 2504 384
11252 4 2 3 3 2494 2506 2645 2644
11253 4 2 3 3 2388 2396 219 218
11254 4 2 3 3 2386 2388 219 218
11255 4 2 3 3 2565 2564 2392 1933
11256 4 2 3 3 2473 2706 228 2605
11257 4 2 3 3 2473 2586 228 2471
11258 4 2 3 3 2471 2451 2469 2468
11259 4 2 3 3 2421 2498 2425 2502
11260 4 2 3 3 1885 1883 1803 1889
11261 4 2 3 3 41 2503 2577 2501
11262 4 2 3 3 2245 2246 2216 2248
11263 4 2 3 3 1672 2220 2382 2248
11264 4 2 3 3 1669 2319 2215 2218
11265 4 2 3 3 1670 1669 2215 2218
11266 4 2 3 3 1357 1354 2218 2215
11267 4 2 3 3 2289 2015 2260 2014
11268 4 2 3 3 1863 1862 1846 1864
11269 4 2 3 3 2359 2263 1864 1865
11270 4 2 3 3 346 1556 327 1564
11271 4 2 3 3 1566 45 1564 263
11272 4 2 3 3 346 1566 1564 263
11273 4 2 3 3 276 333 273 1454
11274 4 2 3 3 2005 2352 2264 1416
11275 4 2 3 3 269 1584 271 272
11276 4 2 3 3 1448 333 273 272
11277 4 2 3 3 1447 1967 1373 1452
11278 4 2 3 3 430 2135 403 2515
11279 4 2 3 3 430 444 402 2135
11280 4 2 3 3 2125 2134 194 401
11281 4 2 3 3 331 1588 1584 272
11282 4 2 3 3 429 444 2647 402
11283 4 2 3 3 195 967 986 435
11284 4 2 3 3 1532 369 104 412
11285 4 2 3 3 1775 1172 1791 1790
11286 4 2 3 3 2166 2268 2260 2163
11287 4 2 3 3 2268 2166 2260 2262
11288 4 2 3 3 443 420 393 2494
11289 4 2 3 3 794 2272 2271 896
11290 4 2 3 3 1697 1184 1477 1493
11291 4 2 3 3 1595 1419 1418 1493
11292 4 2 3 3 947 818 896 2255
11293 4 2 3 3 2643 101 100 19
11294 4 2 3 3 2436 2526 2435 1666
11295 4 2 3 3 199 372 940 415
11296 4 2 3 3 1501 307 305 306
11297 4 2 3 3 2526 2211 2435 1666
11298 4 2 3 3 2543 2510 1252 2490
11299 4 2 3 3 1013 1045 1032 2122
11300 4 2 3 3 928 81 847 929
11301 4 2 3 3 2131 2651 2130 2128
11302 4 2 3 3 2543 2625 2282 2283
11303 4 2 3 3 1588 258 318 331
11304 4 2 3 3 345 1588 318 331
11305 4 2 3 3 30 2368 76 75
11306 4 2 3 3 2135 404 401 403
11307 4 2 3 3 368 195 401 194
11308 4 2 3 3 264 1412 1737 347
11309 4 2 3 3 1589 1412 329 1737
11310 4 2 3 3 2543 2510 2282 2625
11311 4 2 3 3 375 448 767 424
11312 4 2 3 3 2639 2048 2047 5
11313 4 2 3 3 2141 2132 2641 2129
11314 4 2 3 3 2546 2410 1252 2490
11315 4 2 3 3 2639 2047 2637 5
11316 4 2 3 3 2138 2137 2644 2641
11317 4 2 3 3 1547 1838 1854 2630
11318 4 2 3 3 2410 1250 2409 2545
11319 4 2 3 3 2047 166 2637 5
11320 4 2 3 3 400 194 193 368
11321 4 2 3 3 2273 2351 2271 2401
11322 4 2 3 3 2273 2271 2292 2401
11323 4 2 3 3 2272 2045 2292 2401
11324 4 2 3 3 2134 2135 404 401
11325 4 2 3 3 403 2135 402 401
11326 4 2 3 3 1033 196 1028 2514
11327 4 2 3 3 1503 36 250 35
11328 4 2 3 3 204 438 952 203
11329 4 2 3 3 1501 1426 317 1510
11330 4 2 3 3 2402 2293 24 2697
11331 4 2 3 3 2323 1503 250 35
11332 4 2 3 3 298 1596 1427 1494
11333 4 2 3 3 2426 2526 2436 1666
11334 4 2 3 3 795 189 2285 24
11335 4 2 3 3 1730 1719 66 261
11336 4 2 3 3 557 615 632 1319
11337 4 2 3 3 1772 65 293 337
11338 4 2 3 3 385 387 2494 393
11339 4 2 3 3 1404 291 1542 283
11340 4 2 3 3 330 1707 349 1711
11341 4 2 3 3 2298 1874 2303 2446
11342 4 2 3 3 2488 2297 2447 2445
11343 4 2 3 3 418 1532 19 437
11344 4 2 3 3 289 290 1383 1598
11345 4 2 3 3 1772 1773 1768 64
11346 4 2 3 3 2645 443 183 426
11347 4 2 3 3 1336 2477 2446 1241
11348 4 2 3 3 1682 1683 1450 1329
11349 4 2 3 3 1326 1575 1570 2516
11350 4 2 3 3 2199 2671 679 2369
11351 4 2 3 3 2311 2207 2558 2314
11352 4 2 3 3 2558 2398 2314 1253
11353 4 2 3 3 981 198 415 436
11354 4 2 3 3 373 197 436 405
11355 4 2 3 3 2398 2399 2314 1253
11356 4 2 3 3 2643 101 19 418
11357 4 2 3 3 2398 2311 2558 2314
11358 4 2 3 3 2399 2311 2398 2314
11359 4 2 3 3 365 806 427 208
11360 4 2 3 3 2330 983 964 2324
11361 4 2 3 3 36 2528 2527 2523
11362 4 2 3 3 1951 2530 2237 1515
11363 4 2 3 3 2223 1518 2325 2238
11364 4 2 3 3 2650 2649 390 2142
11365 4 2 3 3 2650 389 390 2649
11366 4 2 3 3 367 411 175 449
11367 4 2 3 3 1577 1570 1569 1524
11368 4 2 3 3 313 312 1572 259
11369 4 2 3 3 2608 2223 2325 2238
11370 4 2 3 3 1515 2234 2237 2315
11371 4 2 3 3 1512 1517 2237 1515
11372 4 2 3 3 586 712 161 160
11373 4 2 3 3 1269 587 1235 460
11374 4 2 3 3 586 587 1269 460
11375 4 2 3 3 911 2209 2415 2336
11376 4 2 3 3 912 911 2415 2336
11377 4 2 3 3 1549 1444 1842 2335
11378 4 2 3 3 642 587 1232 534
11379 4 2 3 3 1232 587 1177 534
11380 4 2 3 3 1238 134 744 656
11381 4 2 3 3 750 142 656 744
11382 4 2 3 3 142 10 656 744
11383 4 2 3 3 1268 750 714 471
11384 4 2 3 3 583 1268 714 471
11385 4 2 3 3 1226 1167 589 590
11386 4 2 3 3 483 1191 481 482
11387 4 2 3 3 707 652 695 115
11388 4 2 3 3 1349 1226 1910 589
11389 4 2 3 3 1342 1585 588 478
11390 4 2 3 3 1140 2550 2566 1942
11391 4 2 3 3 1424 2234 1515 1421
11392 4 2 3 3 1502 2322 1200 1423
11393 4 2 3 3 1505 1193 1306 1679
11394 4 2 3 3 1502 1423 1602 1312
11395 4 2 3 3 2234 2235 1515 1421
11396 4 2 3 3 2191 2188 2347 2195
11397 4 2 3 3 1294 1292 1479 1318
11398 4 2 3 3 2207 1255 2347 2314
11399 4 2 3 3 1205 1388 569 504
11400 4 2 3 3 1205 508 505 569
11401 4 2 3 3 1360 1928 2383 2219
11402 4 2 3 3 2191 1255 2347 2207
11403 4 2 3 3 2198 2199 2347 1255
11404 4 2 3 3 628 607 634 1508
11405 4 2 3 3 2191 2198 2347 1255
11406 4 2 3 3 2198 2191 2347 2195
11407 4 2 3 3 2199 2198 2347 2195
11408 4 2 3 3 2682 2683 2664 2663
11409 4 2 3 3 2717 1272 1274 1626
11410 4 2 3 3 2676 2682 2664 2663
11411 4 2 3 3 2676 2688 2663 2664
11412 4 2 3 3 629 453 745 151
11413 4 2 3 3 629 649 152 1287
11414 4 2 3 3 649 717 152 1287
11415 4 2 3 3 2683 2192 2664 2698
11416 4 2 3 3 1446 2192 2155 2664
11417 4 2 3 3 2399 2618 2369 679
11418 4 2 3 3 2406 2230 2545 2204
11419 4 2 3 3 2628 2627 2253 2226
11420 4 2 3 3 2399 2387 2398 2226
11421 4 2 3 3 2332 2230 2229 2226
11422 4 2 3 3 640 618 1241 665
11423 4 2 3 3 1199 1174 1318 1297
11424 4 2 3 3 2618 2399 2226 2628
11425 4 2 3 3 580 1206 522 1210
11426 4 2 3 3 2618 2604 2545 2204
11427 4 2 3 3 1499 1521 1486 1210
11428 4 2 3 3 1236 452 645 599
11429 4 2 3 3 2388 220 1867 2380
11430 4 2 3 3 521 488 1202 566
11431 4 2 3 3 147 455 148 740
11432 4 2 3 3 1214 1973 581 582
11433 4 2 3 3 1195 1214 581 582
11434 4 2 3 3 1973 1760 1377 1677
11435 4 2 3 3 488 1196 1195 523
11436 4 2 3 3 2388 2386 220 2380
11437 4 2 3 3 2224 2217 2380 2216
11438 4 2 3 3 2551 591 1167 458
11439 4 2 3 3 694 2552 622 117
11440 4 2 3 3 2224 2388 1867 2380
11441 4 2 3 3 2386 2388 2217 2380
11442 4 2 3 3 2388 2224 2217 2380
11443 4 2 3 3 1932 2221 1931 2391
11444 4 2 3 3 2393 2565 2390 2391
11445 4 2 3 3 2598 2521 2390 2376
11446 4 2 3 3 2393 2565 2391 1932
11447 4 2 3 3 1195 1214 1377 1677
11448 4 2 3 3 2016 2695 2401 2352
11449 4 2 3 3 2447 2297 2281 2445
11450 4 2 3 3 2352 2264 2351 2401
11451 4 2 3 3 1256 1244 613 1956
11452 4 2 3 3 1468 2462 2461 1243
11453 4 2 3 3 705 454 1256 614
11454 4 2 3 3 2026 2695 2351 2401
11455 4 2 3 3 1260 706 692 625
11456 4 2 3 3 464 1260 692 625
11457 4 2 3 3 132 464 692 625
11458 4 2 3 3 706 132 692 625
11459 4 2 3 3 1393 1391 544 547
11460 4 2 3 3 1227 1393 547 2058
11461 4 2 3 3 2264 2352 2350 2401
11462 4 2 3 3 912 910 875 2413
11463 4 2 3 3 1234 548 545 546
11464 4 2 3 3 543 1393 1726 544
11465 4 2 3 3 1400 517 536 535
11466 4 2 3 3 2417 912 875 2413
11467 4 2 3 3 1648 2416 1657 2412
11468 4 2 3 3 31 1906 2412 1647
11469 4 2 3 3 1294 1292 1318 1199
11470 4 2 3 3 2444 1311 556 647
11471 4 2 3 3 2485 2484 2424 2581
11472 4 2 3 3 1432 615 614 613
11473 4 2 3 3 2421 2484 2424 2404
11474 4 2 3 3 1479 1184 1700 1318
11475 4 2 3 3 2484 2421 2424 2581
11476 4 2 3 3 1148 1206 2423 1210
11477 4 2 3 3 506 1174 505 503
11478 4 2 3 3 2484 2301 2424 2404
11479 4 2 3 3 2485 2301 2424 2484
11480 4 2 3 3 2525 898 853 2435
11481 4 2 3 3 713 620 150 745
11482 4 2 3 3 2525 2320 2435 853
11483 4 2 3 3 2320 2321 2435 853
11484 4 2 3 3 2525 2231 898 2435
11485 4 2 3 3 616 669 126 709
11486 4 2 3 3 2231 2254 898 2435
11487 4 2 3 3 899 868 898 2435
11488 4 2 3 3 705 1256 687 1244
11489 4 2 3 3 2254 899 898 2435
11490 4 2 3 3 1873 1293 2446 1871
11491 4 2 3 3 2604 680 679 2547
11492 4 2 3 3 686 684 680 2547
11493 4 2 3 3 2408 2284 2490 2481
11494 4 2 3 3 680 681 679 2547
11495 4 2 3 3 2604 2450 679 680
11496 4 2 3 3 1873 1293 1317 2446
11497 4 2 3 3 2671 2450 679 2604
11498 4 2 3 3 1257 1600 678 2667
11499 4 2 3 3 1639 1664 690 689
11500 4 2 3 3 1296 1873 1317 2446
11501 4 2 3 3 1292 1294 1496 1317
11502 4 2 3 3 1293 1873 1317 1496
11503 4 2 3 3 2446 1336 632 1317
11504 4 2 3 3 1245 707 690 668
11505 4 2 3 3 1201 1202 1616 1615
11506 4 2 3 3 1280 620 757 713
11507 4 2 3 3 2114 1271 1825 723
11508 4 2 3 3 1270 1825 724 723
11509 4 2 3 3 1162 1784 1782 1265
11510 4 2 3 3 1279 737 743 724
11511 4 2 3 3 724 1270 723 722
11512 4 2 3 3 1269 1235 721 720
11513 4 2 3 3 1270 1282 1269 722
11514 4 2 3 3 1874 1873 2303 2446
11515 4 2 3 3 1279 1152 1821 1825
11516 4 2 3 3 1748 1267 1767 1744
11517 4 2 3 3 1238 1282 1165 1821
11518 4 2 3 3 739 740 1974 1266
11519 4 2 3 3 1873 1874 1871 2446
11520 4 2 3 3 2410 2409 2175 2457
11521 4 2 3 3 2410 2587 2409 2457
11522 4 2 3 3 455 1973 1156 1266
11523 4 2 3 3 526 527 537 1616
11524 4 2 3 3 620 1280 1201 1289
11525 4 2 3 3 1894 1893 1462 2468
11526 4 2 3 3 2470 1487 2468 2502
11527 4 2 3 3 152 629 746 151
11528 4 2 3 3 1487 2470 2468 2469
11529 4 2 3 3 783 2121 777 786
11530 4 2 3 3 2648 377 2120 768
11531 4 2 3 3 377 422 398 2120
11532 4 2 3 3 2648 2126 2120 2647
11533 4 2 3 3 763 2648 765 766
11534 4 2 3 3 774 422 768 190
11535 4 2 3 3 1462 1487 2502 2468
11536 4 2 3 3 443 420 2494 2645
11537 4 2 3 3 715 1283 732 2718
11538 4 2 3 3 2127 185 2137 790
11539 4 2 3 3 2145 2645 2140 2644
11540 4 2 3 3 184 779 2140 778
11541 4 2 3 3 2505 2646 2644 2140
11542 4 2 3 3 2645 184 2140 778
11543 4 2 3 3 2137 2127 790 1047
11544 4 2 3 3 733 715 732 2718
11545 4 2 3 3 784 2127 790 779
11546 4 2 3 3 769 771 764 2120
11547 4 2 3 3 763 771 2648 764
11548 4 2 3 3 845 2431 844 842
11549 4 2 3 3 1069 2662 1077 1076
11550 4 2 3 3 1893 1487 1462 2468
11551 4 2 3 3 895 933 2449 998
11552 4 2 3 3 981 1005 415 812
11553 4 2 3 3 980 1005 812 415
11554 4 2 3 3 2306 1894 2581 2468
11555 4 2 3 3 1893 1894 2306 2468
11556 4 2 3 3 1877 2299 2303 2479
11557 4 2 3 3 1426 304 1417 1601
11558 4 2 3 3 199 410 372 415
11559 4 2 3 3 2356 2365 797 2161
11560 4 2 3 3 1876 1877 2302 1875
11561 4 2 3 3 1892 2418 2302 1387
11562 4 2 3 3 2637 2606 2349 808
11563 4 2 3 3 2267 817 2161 2353
11564 4 2 3 3 825 824 823 2362
11565 4 2 3 3 826 825 823 2362
11566 4 2 3 3 947 2149 819 2255
11567 4 2 3 3 2363 826 966 2362
11568 4 2 3 3 2587 2409 2307 2490
11569 4 2 3 3 882 826 966 2363
11570 4 2 3 3 2301 1465 2425 2404
11571 4 2 3 3 2432 937 845 2428
11572 4 2 3 3 937 2432 845 936
11573 4 2 3 3 2431 2428 2439 845
11574 4 2 3 3 2428 2432 2439 845
11575 4 2 3 3 2432 936 2439 845
11576 4 2 3 3 854 2321 852 853
11577 4 2 3 3 2284 2408 2490 2282
11578 4 2 3 3 2320 2321 853 852
11579 4 2 3 3 2159 2367 75 866
11580 4 2 3 3 873 2149 819 947
11581 4 2 3 3 2307 2407 2481 2490
11582 4 2 3 3 2409 2407 2307 2490
11583 4 2 3 3 730 1281 733 2718
11584 4 2 3 3 1945 42 2503 85
11585 4 2 3 3 769 762 1017 173
11586 4 2 3 3 871 2159 866 931
11587 4 2 3 3 2283 2543 2490 2282
11588 4 2 3 3 2408 2283 2490 2282
11589 4 2 3 3 2574 2575 40 2572
11590 4 2 3 3 2408 2543 2490 2283
11591 4 2 3 3 42 1945 2503 2501
11592 4 2 3 3 1945 42 2592 2501
11593 4 2 3 3 1500 42 2501 2592
11594 4 2 3 3 2583 1876 2479 2302
11595 4 2 3 3 2608 2613 2536 2491
11596 4 2 3 3 2304 1894 2302 2479
11597 4 2 3 3 829 946 1945 2500
11598 4 2 3 3 220 982 800 2614
11599 4 2 3 3 2325 2600 2434 2599
11600 4 2 3 3 1895 829 1945 2500
11601 4 2 3 3 222 1053 2492 1094
11602 4 2 3 3 1102 1060 2714 1095
11603 4 2 3 3 2649 2142 2512 425
11604 4 2 3 3 2142 202 2512 425
11605 4 2 3 3 2715 2714 1095 1072
11606 4 2 3 3 202 201 2512 425
11607 4 2 3 3 1895 829 830 1945
11608 4 2 3 3 1945 85 832 830
11609 4 2 3 3 414 392 2513 2512
11610 4 2 3 3 392 414 425 2512
11611 4 2 3 3 906 86 922 996
11612 4 2 3 3 36 80 2523 2527
11613 4 2 3 3 80 36 2523 35
11614 4 2 3 3 365 957 86 996
11615 4 2 3 3 2448 2441 2579 1844
11616 4 2 3 3 1518 2528 1516 2523
11617 4 2 3 3 2449 2571 2580 2578
11618 4 2 3 3 35 1518 1516 2523
11619 4 2 3 3 2301 895 2474 998
11620 4 2 3 3 1335 1957 2534 1955
11621 4 2 3 3 1335 1870 2534 1957
11622 4 2 3 3 2276 1250 2604 2545
11623 4 2 3 3 2497 893 2500 946
11624 4 2 3 3 1250 2276 2406 2545
11625 4 2 3 3 2510 2332 2546 2545
11626 4 2 3 3 950 74 876 997
11627 4 2 3 3 2264 2352 2351 1416
11628 4 2 3 3 873 2149 947 2151
11629 4 2 3 3 2268 2355 2042 2357
11630 4 2 3 3 2332 2510 2230 2545
11631 4 2 3 3 81 2431 38 82
11632 4 2 3 3 2604 2466 2204 2369
11633 4 2 3 3 2207 2314 2204 2369
11634 4 2 3 3 2442 2431 2570 38
11635 4 2 3 3 2715 1088 1073 1095
11636 4 2 3 3 2556 2568 2555 2313
11637 4 2 3 3 2549 1917 1941 2602
11638 4 2 3 3 1940 2554 1943 2555
11639 4 2 3 3 2385 2221 2313 1362
11640 4 2 3 3 1916 1639 1253 2556
11641 4 2 3 3 206 2495 205 1029
11642 4 2 3 3 1929 1253 2568 2556
11643 4 2 3 3 1929 1916 1253 2556
11644 4 2 3 3 2499 836 835 833
11645 4 2 3 3 2575 41 40 84
11646 4 2 3 3 85 1895 1945 42
11647 4 2 3 3 1048 1015 775 21
11648 4 2 3 3 414 201 425 2512
11649 4 2 3 3 2137 2138 1021 2141
11650 4 2 3 3 21 1013 1010 1011
11651 4 2 3 3 21 177 1010 1013
11652 4 2 3 3 1013 1011 2122 1010
11653 4 2 3 3 177 1013 2122 1010
11654 4 2 3 3 2553 2556 2567 2555
11655 4 2 3 3 1141 2568 2567 2556
11656 4 2 3 3 2553 1141 2567 2556
11657 4 2 3 3 207 2493 206 1041
11658 4 2 3 3 2383 2384 2555 2567
11659 4 2 3 3 2309 2556 2555 2313
11660 4 2 3 3 2135 2134 404 2514
11661 4 2 3 3 2554 2556 2555 1941
11662 4 2 3 3 2130 2133 2642 2643
11663 4 2 3 3 200 1024 2518 1043
11664 4 2 3 3 199 200 2518 1043
11665 4 2 3 3 980 812 940 415
11666 4 2 3 3 2682 1054 2654 2663
11667 4 2 3 3 2688 2681 2676 2686
11668 4 2 3 3 1054 2676 1084 2663
11669 4 2 3 3 2664 2366 2663 2357
11670 4 2 3 3 2384 1636 2555 2567
11671 4 2 3 3 2682 1054 2676 1062
11672 4 2 3 3 1941 2309 2555 2313
11673 4 2 3 3 2449 2441 2578 1844
11674 4 2 3 3 2178 2196 2674 2172
11675 4 2 3 3 2657 2692 2690 2656
11676 4 2 3 3 2474 2449 2578 1844
11677 4 2 3 3 1063 2682 2676 1062
11678 4 2 3 3 1069 2657 1076 1075
11679 4 2 3 3 1078 1065 1074 2656
11680 4 2 3 3 2475 2474 2578 1844
11681 4 2 3 3 2571 2441 2578 2449
11682 4 2 3 3 2635 2633 2589 2590
11683 4 2 3 3 1055 1090 2690 1075
11684 4 2 3 3 2440 2529 811 987
11685 4 2 3 3 2635 2180 2589 2633
11686 4 2 3 3 2531 2529 811 2440
11687 4 2 3 3 938 1002 811 2440
11688 4 2 3 3 2529 223 811 987
11689 4 2 3 3 1498 2591 2590 2589
11690 4 2 3 3 2474 895 2449 998
11691 4 2 3 3 2635 1498 2590 2589
11692 4 2 3 3 2605 1055 227 2588
11693 4 2 3 3 2632 2635 2589 1799
11694 4 2 3 3 1498 2591 2589 1799
11695 4 2 3 3 2635 1498 2589 1799
11696 4 2 3 3 964 900 963 2324
11697 4 2 3 3 2219 2384 2555 2383
11698 4 2 3 3 1249 2466 2369 2670
11699 4 2 3 3 2178 2683 2712 2196
11700 4 2 3 3 2192 2683 2193 2698
11701 4 2 3 3 2191 2190 2558 1639
11702 4 2 3 3 2562 2559 216 2557
11703 4 2 3 3 1275 730 2718 1274
11704 4 2 3 3 563 561 2719 644
11705 4 2 3 3 563 564 2719 1478
11706 4 2 3 3 561 1478 2719 1605
11707 4 2 3 3 1275 1288 2718 732
11708 4 2 3 3 1388 1205 1777 1331
11709 4 2 3 3 483 1181 482 1187
11710 4 2 3 3 1906 1907 1476 1634
11711 4 2 3 3 1935 1936 1474 2516
11712 4 2 3 3 1348 1935 1923 1634
11713 4 2 3 3 1578 33 319 1634
11714 4 2 3 3 733 1281 1164 2718
11715 4 2 3 3 550 527 1189 1605
11716 4 2 3 3 727 1272 1274 726
11717 4 2 3 3 152 717 746 1287
11718 4 2 3 3 644 617 1164 2718
11719 4 2 3 3 1288 1283 2718 732
11720 4 2 3 3 1289 746 1287 745
11721 4 2 3 3 1191 1203 1968 1376
11722 4 2 3 3 1223 594 588 1910
11723 4 2 3 3 1191 1968 1190 1376
11724 4 2 3 3 1575 1303 1684 1190
11725 4 2 3 3 1576 1575 1684 1190
11726 4 2 3 3 1201 658 1178 1616
11727 4 2 3 3 527 1179 1189 1605
11728 4 2 3 3 1324 1607 1605 1506
11729 4 2 3 3 726 2717 1274 1275
11730 4 2 3 3 1179 1616 1189 1615
11731 4 2 3 3 1624 1264 1153 1623
11732 4 2 3 3 1179 1620 1178 1615
11733 4 2 3 3 1629 1481 1308 1330
11734 4 2 3 3 1848 2068 2054 2062
11735 4 2 3 3 1829 1212 2055 1820
11736 4 2 3 3 2061 1213 2062 1208
11737 4 2 3 3 1836 1544 1537 2064
11738 4 2 3 3 2055 2060 2054 2064
11739 4 2 3 3 2092 1234 1396 1165
11740 4 2 3 3 1234 639 548 1165
11741 4 2 3 3 651 1282 463 1165
11742 4 2 3 3 1715 2092 1396 1165
11743 4 2 3 3 1958 1959 1397 1732
11744 4 2 3 3 1959 1161 1958 1397
11745 4 2 3 3 1173 1959 1732 1170
11746 4 2 3 3 572 543 546 1395
11747 4 2 3 3 543 572 514 1395
11748 4 2 3 3 1872 1319 2446 2447
11749 4 2 3 3 1467 2462 1464 2461
11750 4 2 3 3 1158 640 665 580
11751 4 2 3 3 2585 2584 1241 2305
11752 4 2 3 3 1873 1296 2303 2446
11753 4 2 3 3 2683 2682 2664 2172
11754 4 2 3 3 2705 2603 2685 2379
11755 4 2 3 3 2387 2398 2226 2308
11756 4 2 3 3 2294 2192 2193 2698
11757 4 2 3 3 983 2330 2614 2324
11758 4 2 3 3 1266 602 643 1285
11759 4 2 3 3 1623 1264 1677 1974
11760 4 2 3 3 1759 1380 1767 1744
11761 4 2 3 3 147 146 602 718
11762 4 2 3 3 1761 741 1285 1267
11763 4 2 3 3 1954 1519 2491 2600
11764 4 2 3 3 1224 1973 643 1285
11765 4 2 3 3 1797 66 1734 1722
11766 4 2 3 3 1270 1715 1825 1627
11767 4 2 3 3 1761 739 1767 1974
11768 4 2 3 3 727 730 1274 1624
11769 4 2 3 3 1157 1275 2718 1274
11770 4 2 3 3 1704 1781 1769 1779
11771 4 2 3 3 1791 1775 1790 1779
11772 4 2 3 3 1958 1959 1790 1792
11773 4 2 3 3 1703 1774 1779 1768
11774 4 2 3 3 1773 1769 1790 1768
11775 4 2 3 3 1796 1773 1792 1790
11776 4 2 3 3 1730 1796 1958 1790
11777 4 2 3 3 1309 1495 1494 1493
11778 4 2 3 3 499 1305 1310 1184
11779 4 2 3 3 1185 499 1310 1184
11780 4 2 3 3 498 495 1200 1310
11781 4 2 3 3 1193 1305 1200 495
11782 4 2 3 3 2233 1516 2315 2316
11783 4 2 3 3 1478 1388 1331 1320
11784 4 2 3 3 1479 1851 1700 251
11785 4 2 3 3 1954 2327 2326 2600
11786 4 2 3 3 1480 1706 1332 1771
11787 4 2 3 3 1304 1302 1771 1626
11788 4 2 3 3 1304 1629 1626 1308
11789 4 2 3 3 1706 1696 1701 1705
11790 4 2 3 3 1633 1632 1324 1701
11791 4 2 3 3 1696 1629 1701 1628
11792 4 2 3 3 1705 1706 1332 1701
11793 4 2 3 3 1633 1324 1702 1701
11794 4 2 3 3 1630 1323 1307 1505
11795 4 2 3 3 1694 1696 1701 1628
11796 4 2 3 3 1611 1630 1307 1606
11797 4 2 3 3 1203 1970 1756 1968
11798 4 2 3 3 1343 480 1374 1756
11799 4 2 3 3 1753 1587 1343 1192
11800 4 2 3 3 1753 1742 1343 1587
11801 4 2 3 3 1954 2529 2601 2600
11802 4 2 3 3 1366 1763 1766 1765
11803 4 2 3 3 2529 1954 2491 2600
11804 4 2 3 3 219 220 1097 2619
11805 4 2 3 3 309 1523 307 316
11806 4 2 3 3 1420 2235 1515 2315
11807 4 2 3 3 1578 2319 1354 1525
11808 4 2 3 3 2211 2214 2317 2242
11809 4 2 3 3 476 596 1374 1751
11810 4 2 3 3 1753 1742 1756 1343
11811 4 2 3 3 1976 1764 1765 1975
11812 4 2 3 3 1575 1326 1454 1452
11813 4 2 3 3 1447 1753 1967 1192
11814 4 2 3 3 1982 1983 1214 1361
11815 4 2 3 3 1376 1969 1361 1142
11816 4 2 3 3 1375 1377 1142 1757
11817 4 2 3 3 1377 1214 1142 1757
11818 4 2 3 3 1982 1983 1361 1981
11819 4 2 3 3 1203 1376 1757 1142
11820 4 2 3 3 2485 1466 2581 2424
11821 4 2 3 3 1487 1462 2501 2302
11822 4 2 3 3 1500 2576 1892 2302
11823 4 2 3 3 2421 2484 2636 1462
11824 4 2 3 3 1894 1462 2302 1877
11825 4 2 3 3 2586 2485 2424 1466
11826 4 2 3 3 1896 2465 880 2500
11827 4 2 3 3 1563 1400 1562 1561
11828 4 2 3 3 2359 2257 1416 1864
11829 4 2 3 3 1846 1400 1230 2259
11830 4 2 3 3 510 1204 512 1176
11831 4 2 3 3 1563 1567 1398 1561
11832 4 2 3 3 1566 1400 1398 1561
11833 4 2 3 3 291 1437 1810 1484
11834 4 2 3 3 1434 1435 1409 285
11835 4 2 3 3 1435 1437 1409 285
11836 4 2 3 3 1160 1534 1409 1434
11837 4 2 3 3 1437 1534 1409 1160
11838 4 2 3 3 1534 1435 1409 1434
11839 4 2 3 3 1534 1437 1409 1435
11840 4 2 3 3 1684 1982 1197 1190
11841 4 2 3 3 1511 2322 1200 1420
11842 4 2 3 3 2540 2541 2538 1431
11843 4 2 3 3 2541 1259 2538 1431
11844 4 2 3 3 2388 220 219 2619
11845 4 2 3 3 1086 220 2619 1097
11846 4 2 3 3 2001 1860 1591 1536
11847 4 2 3 3 1839 2003 1442 1946
11848 4 2 3 3 1839 1838 2630 2003
11849 4 2 3 3 2059 1225 1591 1536
11850 4 2 3 3 1993 1994 2000 2002
11851 4 2 3 3 1469 1325 1472 1471
11852 4 2 3 3 1454 1326 1168 1452
11853 4 2 3 3 1447 1192 1967 1452
11854 4 2 3 3 1470 1587 1471 1585
11855 4 2 3 3 1575 1303 1190 1452
11856 4 2 3 3 1192 1191 1452 1168
11857 4 2 3 3 2584 2455 1464 1463
11858 4 2 3 3 2477 1337 1432 1241
11859 4 2 3 3 2587 2410 2409 2490
11860 4 2 3 3 618 616 1241 1432
11861 4 2 3 3 2585 1432 1241 1263
11862 4 2 3 3 2584 1463 1241 2305
11863 4 2 3 3 1337 2585 1241 2480
11864 4 2 3 3 696 465 604 127
11865 4 2 3 3 1588 345 1472 272
11866 4 2 3 3 1469 1584 1472 272
11867 4 2 3 3 1918 1474 1646 1645
11868 4 2 3 3 345 1475 1472 272
11869 4 2 3 3 1349 1918 1181 1646
11870 4 2 3 3 1448 1469 1325 1472
11871 4 2 3 3 1906 1347 1909 1647
11872 4 2 3 3 1918 1181 1646 1474
11873 4 2 3 3 510 507 570 1209
11874 4 2 3 3 1384 1803 1558 1810
11875 4 2 3 3 1404 1543 1810 1384
11876 4 2 3 3 291 344 321 1484
11877 4 2 3 3 1805 1499 1803 1485
11878 4 2 3 3 1160 1534 1486 1485
11879 4 2 3 3 2321 79 2320 2524
11880 4 2 3 3 1507 2211 2524 2523
11881 4 2 3 3 2211 2254 1507 2435
11882 4 2 3 3 2526 2321 2426 2435
11883 4 2 3 3 2329 2542 2283 2620
11884 4 2 3 3 1512 37 1517 1428
11885 4 2 3 3 1511 1425 1418 1428
11886 4 2 3 3 1426 1423 1417 1428
11887 4 2 3 3 475 476 473 1341
11888 4 2 3 3 2537 1957 2544 2282
11889 4 2 3 3 2137 2138 2141 2641
11890 4 2 3 3 322 264 1528 341
11891 4 2 3 3 322 1412 1528 264
11892 4 2 3 3 1537 1399 1591 1590
11893 4 2 3 3 1859 1860 1539 1590
11894 4 2 3 3 1835 1540 2064 1535
11895 4 2 3 3 1225 539 635 1231
11896 4 2 3 3 2660 2179 2689 2172
11897 4 2 3 3 2055 1212 2064 1820
11898 4 2 3 3 265 1707 2089 1557
11899 4 2 3 3 1556 1552 1561 1538
11900 4 2 3 3 1564 1565 1561 1552
11901 4 2 3 3 346 1556 1560 279
11902 4 2 3 3 332 320 1560 263
11903 4 2 3 3 1563 1567 1561 1559
11904 4 2 3 3 332 344 1560 320
11905 4 2 3 3 346 1556 1564 1560
11906 4 2 3 3 1313 1502 1789 1571
11907 4 2 3 3 1200 1193 1352 1789
11908 4 2 3 3 1681 1686 1678 1680
11909 4 2 3 3 1610 1617 1306 1612
11910 4 2 3 3 1679 1789 1306 1612
11911 4 2 3 3 1857 1527 1579 1526
11912 4 2 3 3 1586 1588 1582 1650
11913 4 2 3 3 2699 2626 2544 2710
11914 4 2 3 3 1338 475 1581 595
11915 4 2 3 3 474 451 1219 1580
11916 4 2 3 3 1213 451 1219 138
11917 4 2 3 3 1837 1836 1526 1856
11918 4 2 3 3 1548 1545 1546 1547
11919 4 2 3 3 1837 2059 2064 2056
11920 4 2 3 3 1829 1212 2064 2055
11921 4 2 3 3 58 1675 1690 1685
11922 4 2 3 3 1955 2329 2283 2620
11923 4 2 3 3 2537 1955 2283 2620
11924 4 2 3 3 1801 2361 1887 2631
11925 4 2 3 3 527 526 1189 1616
11926 4 2 3 3 550 496 1189 527
11927 4 2 3 3 1201 1616 1178 1615
11928 4 2 3 3 1686 1202 1690 1614
11929 4 2 3 3 1833 2071 1710 1831
11930 4 2 3 3 1410 1411 1408 1265
11931 4 2 3 3 1411 1782 1408 1265
11932 4 2 3 3 2632 2458 1887 2631
11933 4 2 3 3 594 1346 589 1910
11934 4 2 3 3 2458 1801 1887 2631
11935 4 2 3 3 2551 1245 1167 591
11936 4 2 3 3 1916 2345 1639 2556
11937 4 2 3 3 1508 2384 2383 1636
11938 4 2 3 3 1653 2367 1657 30
11939 4 2 3 3 76 2411 863 2368
11940 4 2 3 3 1938 1937 2371 1944
11941 4 2 3 3 910 862 2368 864
11942 4 2 3 3 2373 2374 2371 1944
11943 4 2 3 3 2521 1938 2371 2374
11944 4 2 3 3 2367 867 2415 910
11945 4 2 3 3 2417 2521 2549 1649
11946 4 2 3 3 1344 2417 2549 1649
11947 4 2 3 3 2521 1344 2549 1649
11948 4 2 3 3 1654 2597 1658 1656
11949 4 2 3 3 1644 1653 29 30
11950 4 2 3 3 1644 2596 1659 1661
11951 4 2 3 3 258 1642 30 29
11952 4 2 3 3 2596 1661 2593 1659
11953 4 2 3 3 185 2144 2641 2132
11954 4 2 3 3 1641 1651 1650 1659
11955 4 2 3 3 1651 1641 1660 1659
11956 4 2 3 3 1928 1360 1927 2219
11957 4 2 3 3 1925 628 2383 1508
11958 4 2 3 3 1906 2375 1922 32
11959 4 2 3 3 1907 1918 1923 1924
11960 4 2 3 3 628 1357 2383 1508
11961 4 2 3 3 1141 1925 1167 2567
11962 4 2 3 3 1929 2385 1636 2568
11963 4 2 3 3 1682 1451 1450 1449
11964 4 2 3 3 275 1451 1373 248
11965 4 2 3 3 274 275 1373 248
11966 4 2 3 3 1573 1683 1449 1680
11967 4 2 3 3 275 334 1451 248
11968 4 2 3 3 1687 1686 1614 1202
11969 4 2 3 3 1572 312 1678 259
11970 4 2 3 3 1322 1680 1678 1679
11971 4 2 3 3 1682 1681 1451 1449
11972 4 2 3 3 1573 1683 1450 1449
11973 4 2 3 3 1611 59 60 1618
11974 4 2 3 3 1694 101 1625 1628
11975 4 2 3 3 1962 18 1965 1963
11976 4 2 3 3 1611 1606 60 1617
11977 4 2 3 3 58 59 1688 1674
11978 4 2 3 3 503 1292 1318 502
11979 4 2 3 3 1174 1775 1297 1608
11980 4 2 3 3 1774 1775 1297 1779
11981 4 2 3 3 1332 1478 1331 1320
11982 4 2 3 3 1704 1781 1331 1780
11983 4 2 3 3 1294 1851 1297 1479
11984 4 2 3 3 1775 1205 1297 1779
11985 4 2 3 3 1270 1715 1265 1714
11986 4 2 3 3 1783 1782 1778 1288
11987 4 2 3 3 587 572 1233 1177
11988 4 2 3 3 1232 1177 1776 533
11989 4 2 3 3 1269 587 1714 1232
11990 4 2 3 3 1270 2114 723 1265
11991 4 2 3 3 587 572 1177 534
11992 4 2 3 3 1712 1729 1711 1733
11993 4 2 3 3 1960 1797 1733 1734
11994 4 2 3 3 1708 1707 1710 1725
11995 4 2 3 3 1730 1796 1733 1958
11996 4 2 3 3 1734 1397 1395 1733
11997 4 2 3 3 2071 2091 1727 1710
11998 4 2 3 3 1729 1727 1711 1725
11999 4 2 3 3 1782 1961 1407 1405
12000 4 2 3 3 1720 1717 1832 1721
12001 4 2 3 3 1161 1177 1776 1405
12002 4 2 3 3 663 596 529 1743
12003 4 2 3 3 1764 1763 1766 1366
12004 4 2 3 3 1748 735 1277 1767
12005 4 2 3 3 1761 1759 1767 1744
12006 4 2 3 3 1375 1758 1765 1743
12007 4 2 3 3 1380 1759 1978 1766
12008 4 2 3 3 1747 1744 1765 1743
12009 4 2 3 3 1971 1972 1375 1976
12010 4 2 3 3 1751 1752 1750 1745
12011 4 2 3 3 1758 1365 1754 1756
12012 4 2 3 3 1377 1972 1977 1976
12013 4 2 3 3 1377 1978 1375 1976
12014 4 2 3 3 1785 1795 1780 1781
12015 4 2 3 3 1794 1773 1793 1780
12016 4 2 3 3 1770 103 63 64
12017 4 2 3 3 1771 1706 1780 1770
12018 4 2 3 3 1795 1794 1780 1781
12019 4 2 3 3 1794 1301 1769 1781
12020 4 2 3 3 1794 1773 1769 1301
12021 4 2 3 3 1793 1795 1780 1788
12022 4 2 3 3 1704 64 1769 1780
12023 4 2 3 3 1704 64 63 1703
12024 4 2 3 3 1775 1774 1790 1779
12025 4 2 3 3 1411 1782 1778 1776
12026 4 2 3 3 1177 519 1776 533
12027 4 2 3 3 1792 1791 1790 1779
12028 4 2 3 3 1775 1774 1300 1790
12029 4 2 3 3 1772 1300 1768 1790
12030 4 2 3 3 1397 1731 1732 1395
12031 4 2 3 3 1541 1554 1561 1560
12032 4 2 3 3 1883 1884 1803 1802
12033 4 2 3 3 1807 1884 1883 1802
12034 4 2 3 3 1884 1804 1803 1802
12035 4 2 3 3 1884 1807 1804 1802
12036 4 2 3 3 1737 1738 2078 1813
12037 4 2 3 3 1738 1816 2078 1813
12038 4 2 3 3 1816 1738 1737 1813
12039 4 2 3 3 1834 2110 2096 2097
12040 4 2 3 3 1796 1797 66 1733
12041 4 2 3 3 2071 2091 1710 1831
12042 4 2 3 3 2081 1849 2087 1831
12043 4 2 3 3 4 761 2106 3
12044 4 2 3 3 2070 1849 1831 1848
12045 4 2 3 3 2116 1818 1749 2086
12046 4 2 3 3 730 733 732 2718
12047 4 2 3 3 1540 1212 1835 2064
12048 4 2 3 3 2681 2659 2688 2172
12049 4 2 3 3 2681 2688 2676 2172
12050 4 2 3 3 1860 1539 1591 1536
12051 4 2 3 3 1166 2164 2261 1230
12052 4 2 3 3 2261 1166 1230 1220
12053 4 2 3 3 476 475 1751 1341
12054 4 2 3 3 1857 1341 1581 1580
12055 4 2 3 3 1751 1752 1341 1750
12056 4 2 3 3 1750 1737 2067 1857
12057 4 2 3 3 1737 1750 1858 1857
12058 4 2 3 3 473 2061 1213 1341
12059 4 2 3 3 2056 1213 1208 2062
12060 4 2 3 3 1641 1338 1340 1580
12061 4 2 3 3 2067 1750 1341 2078
12062 4 2 3 3 2543 2510 2490 2282
12063 4 2 3 3 2485 959 2483 226
12064 4 2 3 3 2581 1894 1462 2468
12065 4 2 3 3 1090 1055 2653 227
12066 4 2 3 3 1055 1090 2653 2690
12067 4 2 3 3 2703 2694 2653 2700
12068 4 2 3 3 1099 2702 225 226
12069 4 2 3 3 1082 1056 2548 215
12070 4 2 3 3 1082 2714 2548 1056
12071 4 2 3 3 1056 2560 2548 215
12072 4 2 3 3 2565 2564 2602 1920
12073 4 2 3 3 1275 730 732 2718
12074 4 2 3 3 2138 2143 2141 2641
12075 4 2 3 3 2137 2145 2641 185
12076 4 2 3 3 2422 2576 2423 1296
12077 4 2 3 3 1206 580 2423 1210
12078 4 2 3 3 1497 1803 1810 1802
12079 4 2 3 3 1881 1500 1889 1892
12080 4 2 3 3 1883 1806 1802 1386
12081 4 2 3 3 1160 1486 1209 1176
12082 4 2 3 3 1890 1204 1439 522
12083 4 2 3 3 2583 2422 2582 2423
12084 4 2 3 3 1159 2420 2174 2708
12085 4 2 3 3 2498 2421 2636 1462
12086 4 2 3 3 2660 2173 2708 2707
12087 4 2 3 3 2420 2605 2307 2708
12088 4 2 3 3 1349 1226 1909 1910
12089 4 2 3 3 1226 1346 1911 1910
12090 4 2 3 3 1643 1586 1645 1646
12091 4 2 3 3 1649 2417 2413 2416
12092 4 2 3 3 1936 1918 1923 1935
12093 4 2 3 3 1918 1936 1923 1924
12094 4 2 3 3 1523 2323 1525 1524
12095 4 2 3 3 1578 1577 1667 2511
12096 4 2 3 3 1476 256 1634 2511
12097 4 2 3 3 1927 1360 1926 2218
12098 4 2 3 3 2378 2389 1933 2390
12099 4 2 3 3 2564 2565 2392 2393
12100 4 2 3 3 218 2389 2381 2392
12101 4 2 3 3 2389 2378 1933 2392
12102 4 2 3 3 2190 2561 2603 2559
12103 4 2 3 3 85 1895 42 352
12104 4 2 3 3 85 1945 832 2503
12105 4 2 3 3 1496 1459 294 40
12106 4 2 3 3 255 1458 1496 39
12107 4 2 3 3 2142 202 390 203
12108 4 2 3 3 2540 2509 2538 2621
12109 4 2 3 3 2649 2513 2642 2643
12110 4 2 3 3 2649 2640 2642 2513
12111 4 2 3 3 1422 647 613 612
12112 4 2 3 3 335 55 1455 1967
12113 4 2 3 3 1762 1980 54 1975
12114 4 2 3 3 1456 1972 1969 1755
12115 4 2 3 3 1969 1455 1755 1967
12116 4 2 3 3 1456 55 1755 1455
12117 4 2 3 3 1972 1971 1970 1755
12118 4 2 3 3 55 54 1755 1967
12119 4 2 3 3 1764 1366 1989 1978
12120 4 2 3 3 1764 1980 1975 1985
12121 4 2 3 3 1381 1380 1978 1989
12122 4 2 3 3 1984 1687 1987 1985
12123 4 2 3 3 1628 1629 1691 1625
12124 4 2 3 3 1674 1693 1691 1692
12125 4 2 3 3 1381 1367 1989 1978
12126 4 2 3 3 1289 1264 1677 1623
12127 4 2 3 3 2103 1818 1530 1766
12128 4 2 3 3 1379 1818 1766 1530
12129 4 2 3 3 1621 1693 1989 1692
12130 4 2 3 3 97 1979 1988 1985
12131 4 2 3 3 2352 1863 2261 1864
12132 4 2 3 3 2352 2261 2260 1864
12133 4 2 3 3 1099 1090 2653 226
12134 4 2 3 3 2004 2003 2018 2019
12135 4 2 3 3 1995 1993 1999 2001
12136 4 2 3 3 2681 2659 2172 2656
12137 4 2 3 3 1926 1140 2566 1942
12138 4 2 3 3 1840 1490 1997 2594
12139 4 2 3 3 2023 2027 2022 2009
12140 4 2 3 3 1992 1993 2009 1946
12141 4 2 3 3 2024 2025 2022 2023
12142 4 2 3 3 2025 2024 2022 2156
12143 4 2 3 3 1861 2022 2021 2263
12144 4 2 3 3 46 1564 1859 2021
12145 4 2 3 3 2681 2656 2172 2676
12146 4 2 3 3 2639 2049 2048 2033
12147 4 2 3 3 212 1088 24 2370
12148 4 2 3 3 2290 1491 2185 2007
12149 4 2 3 3 2044 1445 2665 2294
12150 4 2 3 3 2713 2667 2195 2291
12151 4 2 3 3 2187 2188 2194 2291
12152 4 2 3 3 2293 212 24 2697
12153 4 2 3 3 2187 2348 1843 2194
12154 4 2 3 3 2702 1099 2653 226
12155 4 2 3 3 1819 2068 1813 2062
12156 4 2 3 3 2061 1813 2075 2062
12157 4 2 3 3 2055 1829 2054 2063
12158 4 2 3 3 1830 2082 1833 1848
12159 4 2 3 3 1708 2071 1833 2063
12160 4 2 3 3 1815 1207 1222 467
12161 4 2 3 3 1848 1413 2065 2063
12162 4 2 3 3 1848 2054 2063 2065
12163 4 2 3 3 2069 2079 2077 1814
12164 4 2 3 3 2093 11 2090 2085
12165 4 2 3 3 2069 2070 2068 2085
12166 4 2 3 3 2088 1814 2073 2074
12167 4 2 3 3 1816 1826 2077 2101
12168 4 2 3 3 2068 2069 2077 1814
12169 4 2 3 3 1826 1816 2077 1814
12170 4 2 3 3 234 233 2663 1054
12171 4 2 3 3 2074 2052 2053 2073
12172 4 2 3 3 1848 2082 1833 1820
12173 4 2 3 3 2082 1828 1833 1820
12174 4 2 3 3 1098 1090 1075 2653
12175 4 2 3 3 2093 2074 13 2085
12176 4 2 3 3 1740 1815 2099 1747
12177 4 2 3 3 2080 1530 2098 2099
12178 4 2 3 3 1207 1739 1815 2098
12179 4 2 3 3 2079 1826 2098 2077
12180 4 2 3 3 1739 1379 1747 2098
12181 4 2 3 3 1403 2113 2110 1627
12182 4 2 3 3 1402 1403 2110 1627
12183 4 2 3 3 1531 2103 1766 2117
12184 4 2 3 3 1720 68 1713 1832
12185 4 2 3 3 1717 2110 1721 1723
12186 4 2 3 3 2110 1402 1721 1966
12187 4 2 3 3 211 421 210 2121
12188 4 2 3 3 111 442 776 770
12189 4 2 3 3 92 91 421 789
12190 4 2 3 3 376 91 780 2121
12191 4 2 3 3 421 91 376 2121
12192 4 2 3 3 1021 2138 2143 2141
12193 4 2 3 3 2143 1038 2141 2142
12194 4 2 3 3 2122 2144 2128 2133
12195 4 2 3 3 366 438 425 203
12196 4 2 3 3 387 385 2494 2493
12197 4 2 3 3 2137 1012 2141 1021
12198 4 2 3 3 1099 1090 1098 2653
12199 4 2 3 3 1025 1038 2142 1046
12200 4 2 3 3 425 438 390 203
12201 4 2 3 3 202 2142 390 425
12202 4 2 3 3 1084 2366 2663 2686
12203 4 2 3 3 2464 2463 2458 1880
12204 4 2 3 3 2365 2356 1801 2361
12205 4 2 3 3 2268 2042 2260 2163
12206 4 2 3 3 231 1059 2687 1096
12207 4 2 3 3 2169 2155 2152 2687
12208 4 2 3 3 1100 1059 2467 230
12209 4 2 3 3 1891 1882 1899 1406
12210 4 2 3 3 2694 1099 1098 2653
12211 4 2 3 3 233 2358 2663 2357
12212 4 2 3 3 1400 1845 1811 2259
12213 4 2 3 3 1401 2165 2164 2163
12214 4 2 3 3 1401 2165 1568 1812
12215 4 2 3 3 1446 2192 2179 2689
12216 4 2 3 3 2177 2170 2176 2173
12217 4 2 3 3 230 231 2467 2687
12218 4 2 3 3 2687 1059 2467 2686
12219 4 2 3 3 2455 2420 2307 2457
12220 4 2 3 3 1914 2342 1913 2186
12221 4 2 3 3 1663 1914 1913 2186
12222 4 2 3 3 2342 1917 1913 2186
12223 4 2 3 3 1917 1665 1913 2186
12224 4 2 3 3 2186 2185 2346 1843
12225 4 2 3 3 1664 2188 2346 1144
12226 4 2 3 3 2314 2399 2204 2369
12227 4 2 3 3 2203 2229 2204 2226
12228 4 2 3 3 2603 2561 2206 2205
12229 4 2 3 3 1492 2178 2712 2196
12230 4 2 3 3 2658 2672 2674 2655
12231 4 2 3 3 2627 2332 2230 2545
12232 4 2 3 3 1599 2035 2034 2032
12233 4 2 3 3 1663 1662 2336 2340
12234 4 2 3 3 2209 2596 2336 2335
12235 4 2 3 3 2319 2244 2317 2215
12236 4 2 3 3 2384 1508 2383 2249
12237 4 2 3 3 1358 2385 2252 2250
12238 4 2 3 3 2245 2212 2610 1355
12239 4 2 3 3 2680 2229 2699 2710
12240 4 2 3 3 1249 2670 2369 2604
12241 4 2 3 3 2693 1334 2407 2405
12242 4 2 3 3 2409 2693 2405 2406
12243 4 2 3 3 2540 2541 2623 2621
12244 4 2 3 3 2508 2492 2544 2533
12245 4 2 3 3 2542 2625 2612 2623
12246 4 2 3 3 1316 1951 1953 2443
12247 4 2 3 3 2224 2617 2251 1433
12248 4 2 3 3 2222 2387 2226 2308
12249 4 2 3 3 2331 2617 2251 2229
12250 4 2 3 3 2222 2225 2217 2210
12251 4 2 3 3 2572 2575 2577 2636
12252 4 2 3 3 2486 2636 2577 2425
12253 4 2 3 3 2256 2156 2022 2263
12254 4 2 3 3 2037 2157 2263 2156
12255 4 2 3 3 2148 2037 2263 2156
12256 4 2 3 3 2037 2148 2263 2157
12257 4 2 3 3 2164 1401 2163 1568
12258 4 2 3 3 1807 1806 1811 1802
12259 4 2 3 3 2257 2256 2359 2264
12260 4 2 3 3 2165 2266 2259 1229
12261 4 2 3 3 2361 2365 2631 1801
12262 4 2 3 3 44 1566 1811 1802
12263 4 2 3 3 794 234 2292 24
12264 4 2 3 3 2292 2026 2401 2402
12265 4 2 3 3 189 2045 2292 2272
12266 4 2 3 3 2403 2698 2358 2696
12267 4 2 3 3 697 1257 678 691
12268 4 2 3 3 691 1257 678 2667
12269 4 2 3 3 2450 680 677 679
12270 4 2 3 3 2572 2486 2577 2425
12271 4 2 3 3 1468 1248 677 1243
12272 4 2 3 3 2671 1248 2270 2667
12273 4 2 3 3 2262 2015 2665 1592
12274 4 2 3 3 2355 2044 2698 2294
12275 4 2 3 3 2455 2584 2305 1463
12276 4 2 3 3 2455 1149 1464 1463
12277 4 2 3 3 2582 2452 2305 1463
12278 4 2 3 3 2452 2453 2305 1463
12279 4 2 3 3 2477 1336 2303 2479
12280 4 2 3 3 1466 2279 1878 2480
12281 4 2 3 3 1522 2576 1500 2302
12282 4 2 3 3 2212 2211 2317 2242
12283 4 2 3 3 2213 2243 2242 2316
12284 4 2 3 3 1420 1511 2315 1515
12285 4 2 3 3 1511 1314 2315 1515
12286 4 2 3 3 1523 2323 307 316
12287 4 2 3 3 35 2212 2211 2317
12288 4 2 3 3 2329 2542 2612 2623
12289 4 2 3 3 2298 1874 2281 1869
12290 4 2 3 3 2486 2572 2577 2636
12291 4 2 3 3 1358 2246 2612 1143
12292 4 2 3 3 1871 1293 2446 2445
12293 4 2 3 3 1905 2597 2184 1346
12294 4 2 3 3 2160 2181 2335 816
12295 4 2 3 3 2182 1841 1444 1842
12296 4 2 3 3 1950 2695 2044 2696
12297 4 2 3 3 1950 2695 2293 1949
12298 4 2 3 3 2606 2028 2029 891
12299 4 2 3 3 2157 2256 2271 2263
12300 4 2 3 3 2695 2354 2696 2402
12301 4 2 3 3 2271 2272 2292 2401
12302 4 2 3 3 234 2354 2353 2273
12303 4 2 3 3 2591 1800 2589 1799
12304 4 2 3 3 2365 2356 2361 2161
12305 4 2 3 3 2363 2274 2162 1800
12306 4 2 3 3 2356 2365 1801 232
12307 4 2 3 3 1406 1888 1886 1809
12308 4 2 3 3 2152 2166 1887 2163
12309 4 2 3 3 2214 2211 1666 2382
12310 4 2 3 3 1671 33 2427 2526
12311 4 2 3 3 2516 1935 1667 2511
12312 4 2 3 3 2216 2211 2248 2380
12313 4 2 3 3 1360 2219 2383 2218
12314 4 2 3 3 2319 1669 1667 2218
12315 4 2 3 3 1918 1935 2511 1634
12316 4 2 3 3 1354 2319 1667 2218
12317 4 2 3 3 1918 1476 2511 1474
12318 4 2 3 3 883 994 2376 2394
12319 4 2 3 3 2507 939 924 2394
12320 4 2 3 3 939 994 924 2394
12321 4 2 3 3 2598 2521 1637 2374
12322 4 2 3 3 2521 2598 1637 2376
12323 4 2 3 3 883 2373 2372 2394
12324 4 2 3 3 883 2376 2373 2394
12325 4 2 3 3 2200 2679 2699 2492
12326 4 2 3 3 2680 2617 2699 2229
12327 4 2 3 3 2626 2229 2710 2699
12328 4 2 3 3 2417 1344 2416 1649
12329 4 2 3 3 2520 1344 1648 2417
12330 4 2 3 3 862 2411 2371 2368
12331 4 2 3 3 892 1001 2208 973
12332 4 2 3 3 2417 2400 2413 875
12333 4 2 3 3 1644 2367 2159 1648
12334 4 2 3 3 2596 2159 2209 1648
12335 4 2 3 3 859 858 856 2414
12336 4 2 3 3 2377 2373 2371 1944
12337 4 2 3 3 914 2376 2371 2373
12338 4 2 3 3 2411 2377 2371 1944
12339 4 2 3 3 33 77 32 2427
12340 4 2 3 3 32 77 1944 2427
12341 4 2 3 3 862 861 875 2371
12342 4 2 3 3 2431 2429 2438 2428
12343 4 2 3 3 2430 2433 2527 2434
12344 4 2 3 3 2440 2432 2439 2601
12345 4 2 3 3 1432 1147 2478 2489
12346 4 2 3 3 2299 2477 2479 2480
12347 4 2 3 3 1874 1298 2303 1460
12348 4 2 3 3 2484 2301 2636 2580
12349 4 2 3 3 1873 2574 1460 1877
12350 4 2 3 3 1874 2475 1298 1460
12351 4 2 3 3 2455 2420 2457 2456
12352 4 2 3 3 2635 2458 1887 2632
12353 4 2 3 3 1891 1148 1890 1439
12354 4 2 3 3 1893 1880 1901 1899
12355 4 2 3 3 2361 1801 1887 2163
12356 4 2 3 3 2306 2279 1898 2471
12357 4 2 3 3 2659 2681 2153 2707
12358 4 2 3 3 2605 2420 2307 1898
12359 4 2 3 3 2586 2279 2306 2471
12360 4 2 3 3 1091 2605 1055 228
12361 4 2 3 3 2498 2497 2502 2501
12362 4 2 3 3 2482 2585 1242 2481
12363 4 2 3 3 2409 2406 2490 2545
12364 4 2 3 3 2625 2543 2547 2624
12365 4 2 3 3 2332 2627 2546 2545
12366 4 2 3 3 686 683 1242 1467
12367 4 2 3 3 2332 2627 2625 2546
12368 4 2 3 3 2146 209 1031 1051
12369 4 2 3 3 387 386 2493 2495
12370 4 2 3 3 386 387 2493 385
12371 4 2 3 3 2496 387 2494 2493
12372 4 2 3 3 387 2496 2495 2493
12373 4 2 3 3 2506 2646 2645 2644
12374 4 2 3 3 2137 185 2641 2141
12375 4 2 3 3 779 2147 2139 2140
12376 4 2 3 3 2138 1022 2504 2505
12377 4 2 3 3 2127 185 790 779
12378 4 2 3 3 751 749 733 2718
12379 4 2 3 3 2651 2515 2514 2131
12380 4 2 3 3 1033 2651 2514 2131
12381 4 2 3 3 2651 2518 2128 1019
12382 4 2 3 3 1033 1032 2131 1020
12383 4 2 3 3 1033 2651 2131 1032
12384 4 2 3 3 2144 2132 2128 2129
12385 4 2 3 3 1671 2214 1666 2382
12386 4 2 3 3 2427 1944 2437 2414
12387 4 2 3 3 78 2321 2426 2526
12388 4 2 3 3 2427 2375 2437 1944
12389 4 2 3 3 2214 1671 2526 2318
12390 4 2 3 3 2211 2214 2526 2318
12391 4 2 3 3 1671 1327 1666 2437
12392 4 2 3 3 79 35 2320 2524
12393 4 2 3 3 2211 34 2526 2524
12394 4 2 3 3 2701 2492 2544 2709
12395 4 2 3 3 2541 2543 2283 2624
12396 4 2 3 3 2608 2330 2599 2324
12397 4 2 3 3 1335 2278 2534 1870
12398 4 2 3 3 2296 2487 2483 225
12399 4 2 3 3 2537 2532 2620 2533
12400 4 2 3 3 2542 2626 2544 2620
12401 4 2 3 3 2331 2542 2282 2625
12402 4 2 3 3 2703 1957 2282 2544
12403 4 2 3 3 2537 1957 2534 2535
12404 4 2 3 3 1879 2561 2559 2548
12405 4 2 3 3 2548 2560 2559 215
12406 4 2 3 3 216 2559 215 2557
12407 4 2 3 3 2192 2155 2664 2698
12408 4 2 3 3 2711 1879 2348 214
12409 4 2 3 3 2190 1665 1879 2559
12410 4 2 3 3 2397 2310 2603 2308
12411 4 2 3 3 2562 2559 2557 1920
12412 4 2 3 3 2705 2310 2603 2397
12413 4 2 3 3 218 2564 2379 217
12414 4 2 3 3 2561 2189 1879 2559
12415 4 2 3 3 2189 2190 1879 2559
12416 4 2 3 3 2190 2189 2561 2559
12417 4 2 3 3 2354 2353 2042 2357
12418 4 2 3 3 2429 2442 1517 38
12419 4 2 3 3 37 81 2431 38
12420 4 2 3 3 1869 1874 2281 1952
12421 4 2 3 3 2268 2356 2357 2042
12422 4 2 3 3 2269 2155 2698 2664
12423 4 2 3 3 228 2586 2424 2468
12424 4 2 3 3 228 979 2468 2424
12425 4 2 3 3 799 2472 2468 2502
12426 4 2 3 3 2180 954 2162 2589
12427 4 2 3 3 1896 829 1895 2500
12428 4 2 3 3 946 893 2500 965
12429 4 2 3 3 2365 1801 2458 2631
12430 4 2 3 3 1498 1487 2633 2590
12431 4 2 3 3 828 1896 1895 2589
12432 4 2 3 3 1896 880 954 2589
12433 4 2 3 3 1934 2603 2379 1920
12434 4 2 3 3 2562 2563 1920 2379
12435 4 2 3 3 1934 2397 2393 2379
12436 4 2 3 3 2625 2542 2282 2283
12437 4 2 3 3 2628 2387 2226 2253
12438 4 2 3 3 2617 2224 2251 2210
12439 4 2 3 3 2252 2253 2612 2251
12440 4 2 3 3 2703 2700 2709 2228
12441 4 2 3 3 2710 2704 2282 2544
12442 4 2 3 3 2541 2539 2622 2621
12443 4 2 3 3 2624 2541 2622 2621
12444 4 2 3 3 2509 2540 2623 2621
12445 4 2 3 3 2624 1261 1143 1513
12446 4 2 3 3 2625 2542 2283 2623
12447 4 2 3 3 2438 2442 2601 1430
12448 4 2 3 3 2474 2296 2579 2483
12449 4 2 3 3 2442 2439 2579 2448
12450 4 2 3 3 2531 2487 2634 2579
12451 4 2 3 3 2280 2439 2579 2634
12452 4 2 3 3 2487 2475 2579 2483
12453 4 2 3 3 2280 2531 2634 2579
12454 4 2 3 3 411 367 175 2643
12455 4 2 3 3 2505 2138 2644 2504
12456 4 2 3 3 420 2496 2494 2645
12457 4 2 3 3 2355 2354 2042 2357
12458 4 2 3 3 2154 2366 2664 2357
12459 4 2 3 3 2662 1069 2658 2656
12460 4 2 3 3 1069 2658 2656 1066
12461 4 2 3 3 2702 2716 1868 2653
12462 4 2 3 3 2712 2683 2193 2196
12463 4 2 3 3 2670 2199 2667 2195
12464 4 2 3 3 2199 2713 2667 2195
12465 4 2 3 3 2295 1600 2270 2666
12466 4 2 3 3 2269 1145 2270 1441
12467 4 2 3 3 2199 2670 2198 2195
12468 4 2 3 3 2195 2295 2194 2291
12469 4 2 3 3 2684 1080 2678 2395
12470 4 2 3 3 2684 2673 2678 1080
12471 4 2 3 3 1071 2673 1080 2678
12472 4 2 3 3 1093 1071 1080 2678
12473 4 2 3 3 2680 2661 2679 2678
12474 4 2 3 3 2616 2680 2679 2678
12475 4 2 3 3 2706 2473 2707 2605
12476 4 2 3 3 2407 2693 2174 2307
12477 4 2 3 3 2693 2276 2174 2275
12478 4 2 3 3 2176 1159 2173 2708
12479 4 2 3 3 2683 2179 2196 2172
12480 4 2 3 3 1446 2683 2172 2179
12481 4 2 3 3 1058 224 225 2700
12482 4 2 3 3 1957 1870 2534 2535
12483 4 2 3 3 2701 224 1087 2700
12484 4 2 3 3 224 1058 1087 2700
12485 4 2 3 3 224 2487 225 2534
12486 4 2 3 3 2700 224 225 2535
12487 4 2 3 3 2561 2712 2711 1879
12488 4 2 3 3 2714 2561 2711 2548
12489 4 2 3 3 2561 2714 2711 2712
12490 4 2 3 3 972 213 2340 214
12491 4 2 3 3 2681 1092 2676 2686
12492 4 2 3 3 773 166 809 15
12493 4 2 3 3 788 179 975 810
12494 4 2 3 3 232 1096 2686 1084
12495 4 2 3 3 2366 232 2686 1084
12496 4 2 3 3 2676 1092 1084 2686
12497 4 2 3 3 758 2048 5 6
12498 4 2 3 3 2048 759 5 6
12499 4 2 3 3 1092 1096 1084 2686
12500 4 2 3 3 2420 1898 2707 1897
12501 4 2 3 3 2698 2683 2030 2697
12502 4 2 3 3 2683 2370 2030 2697
12503 4 2 3 3 904 810 88 441
12504 4 2 3 3 2403 2654 2698 2697
12505 4 2 3 3 2654 2683 2698 2697
12506 4 2 3 3 2370 2683 2654 2697
12507 4 2 3 3 1644 2367 1653 30
12508 4 2 3 3 2367 1644 2159 30
12509 4 2 3 3 1650 1642 1659 1902
12510 4 2 3 3 75 2159 74 29
12511 4 2 3 3 1642 258 1640 29
12512 4 2 3 3 1914 1663 1913 1656
12513 4 2 3 3 1905 1903 1659 1902
12514 4 2 3 3 1874 1873 1871 39
12515 4 2 3 3 1457 1500 42 41
12516 4 2 3 3 294 289 1482 336
12517 4 2 3 3 226 227 2653 2588
12518 4 2 3 3 1457 1499 1333 1461
12519 4 2 3 3 2692 2605 2588 2690
12520 4 2 3 3 227 1055 2653 2588
12521 4 2 3 3 1816 1817 51 52
12522 4 2 3 3 1698 1184 1700 1477
12523 4 2 3 3 1283 1783 1288 2718
12524 4 2 3 3 1698 247 62 1631
12525 4 2 3 3 1479 1851 1297 1700
12526 4 2 3 3 1184 1697 1699 1320
12527 4 2 3 3 102 1694 1705 62
12528 4 2 3 3 166 773 74 5
12529 4 2 3 3 773 442 74 5
12530 4 2 3 3 1783 1283 2719 2718
12531 4 2 3 3 74 884 876 997
12532 4 2 3 3 957 879 85 878
12533 4 2 3 3 1389 1783 2719 1332
12534 4 2 3 3 1478 1389 2719 1332
12535 4 2 3 3 1521 1485 1295 1482
12536 4 2 3 3 287 321 292 1483
12537 4 2 3 3 879 957 85 999
12538 4 2 3 3 957 365 85 999
12539 4 2 3 3 85 86 365 957
12540 4 2 3 3 564 1783 2719 1389
12541 4 2 3 3 168 772 93 424
12542 4 2 3 3 2605 2473 2707 1898
12543 4 2 3 3 1478 564 2719 1389
12544 4 2 3 3 95 767 18 94
12545 4 2 3 3 1434 1409 337 284
12546 4 2 3 3 1723 19 106 169
12547 4 2 3 3 18 1693 1988 1965
12548 4 2 3 3 1480 1157 1275 2718
12549 4 2 3 3 1717 169 106 107
12550 4 2 3 3 1287 717 754 1164
12551 4 2 3 3 717 649 1164 1287
12552 4 2 3 3 1167 591 589 590
12553 4 2 3 3 597 532 599 1247
12554 4 2 3 3 597 674 599 130
12555 4 2 3 3 539 1217 636 470
12556 4 2 3 3 1973 1214 1156 1677
12557 4 2 3 3 140 1217 139 470
12558 4 2 3 3 1214 1973 1377 1677
12559 4 2 3 3 1615 1178 1677 1623
12560 4 2 3 3 46 12 343 2
12561 4 2 3 3 1201 1178 1677 1615
12562 4 2 3 3 2031 5 2040 28
12563 4 2 3 3 1372 1615 1677 1623
12564 4 2 3 3 1411 1162 1782 1265
12565 4 2 3 3 738 586 1269 712
12566 4 2 3 3 2102 2094 2106 2107
12567 4 2 3 3 463 586 738 161
12568 4 2 3 3 11 4 2106 3
12569 4 2 3 3 586 1269 712 460
12570 4 2 3 3 1202 1615 1677 1372
12571 4 2 3 3 45 2362 2274 2150
12572 4 2 3 3 762 1027 172 768
12573 4 2 3 3 2265 45 2274 2150
12574 4 2 3 3 1330 1692 1372 1688
12575 4 2 3 3 1619 1622 1689 1688
12576 4 2 3 3 1622 1619 1618 1688
12577 4 2 3 3 1026 2121 2139 777
12578 4 2 3 3 1692 1622 1691 1688
12579 4 2 3 3 1622 1618 1691 1688
12580 4 2 3 3 781 2147 780 778
12581 4 2 3 3 2654 1088 24 1061
12582 4 2 3 3 366 926 82 83
12583 4 2 3 3 928 927 843 82
12584 4 2 3 3 400 399 2647 401
12585 4 2 3 3 196 373 404 405
12586 4 2 3 3 385 207 2493 206
12587 4 2 3 3 386 385 2493 206
12588 4 2 3 3 385 365 207 206
12589 4 2 3 3 386 365 385 206
12590 4 2 3 3 1631 62 1699 61
12591 4 2 3 3 2603 2563 2379 1920
12592 4 2 3 3 2397 2201 2396 2379
12593 4 2 3 3 62 1705 1700 1699
12594 4 2 3 3 2265 2274 2151 2150
12595 4 2 3 3 2378 2376 798 2394
12596 4 2 3 3 2389 2378 218 798
12597 4 2 3 3 1704 1705 1699 1700
12598 4 2 3 3 2404 1003 2424 2468
12599 4 2 3 3 1331 1704 1699 1700
12600 4 2 3 3 1893 1487 2468 2469
12601 4 2 3 3 103 102 437 1532
12602 4 2 3 3 1628 1632 61 60
12603 4 2 3 3 1388 1320 1318 1700
12604 4 2 3 3 1701 1631 1307 1699
12605 4 2 3 3 100 1628 61 60
12606 4 2 3 3 1632 1618 60 1691
12607 4 2 3 3 1628 1632 60 1691
12608 4 2 3 3 406 430 403 2515
12609 4 2 3 3 100 1628 60 1691
12610 4 2 3 3 1589 1469 271 1584
12611 4 2 3 3 322 1412 264 347
12612 4 2 3 3 1469 1448 271 272
12613 4 2 3 3 1320 1331 1699 1700
12614 4 2 3 3 1705 1320 1331 1699
12615 4 2 3 3 2362 2363 2150 966
12616 4 2 3 3 19 105 1723 106
12617 4 2 3 3 1404 1409 283 261
12618 4 2 3 3 782 426 412 370
12619 4 2 3 3 2605 2420 1898 2707
12620 4 2 3 3 1704 1705 1331 1699
12621 4 2 3 3 302 1610 311 260
12622 4 2 3 3 295 296 1603 1495
12623 4 2 3 3 312 311 1612 260
12624 4 2 3 3 299 302 296 1603
12625 4 2 3 3 302 299 1429 1603
12626 4 2 3 3 296 247 1495 295
12627 4 2 3 3 1200 1502 1602 1789
12628 4 2 3 3 1679 1323 1613 1306
12629 4 2 3 3 2323 1501 1571 307
12630 4 2 3 3 2323 1313 1573 1571
12631 4 2 3 3 1713 68 1710 1832
12632 4 2 3 3 37 36 317 1510
12633 4 2 3 3 366 926 992 82
12634 4 2 3 3 927 366 992 82
12635 4 2 3 3 2090 69 1710 2089
12636 4 2 3 3 927 977 413 82
12637 4 2 3 3 927 928 977 82
12638 4 2 3 3 977 81 413 82
12639 4 2 3 3 928 81 977 82
12640 4 2 3 3 194 195 986 368
12641 4 2 3 3 2109 168 1749 1823
12642 4 2 3 3 2109 1749 168 93
12643 4 2 3 3 2662 2658 2674 2043
12644 4 2 3 3 1772 1730 337 1409
12645 4 2 3 3 286 1434 293 284
12646 4 2 3 3 443 426 412 183
12647 4 2 3 3 1817 1749 2109 93
12648 4 2 3 3 251 339 1768 293
12649 4 2 3 3 1772 64 1768 293
12650 4 2 3 3 1772 65 64 293
12651 4 2 3 3 1451 1570 1450 1449
12652 4 2 3 3 1749 1817 52 93
12653 4 2 3 3 19 782 183 412
12654 4 2 3 3 69 1707 1710 2089
12655 4 2 3 3 1735 1713 1712 1710
12656 4 2 3 3 2091 1713 1735 1710
12657 4 2 3 3 65 1786 64 104
12658 4 2 3 3 1786 103 64 104
12659 4 2 3 3 1735 1713 1396 1721
12660 4 2 3 3 1736 1735 1396 1721
12661 4 2 3 3 2113 1410 1715 1721
12662 4 2 3 3 2110 2113 2097 1721
12663 4 2 3 3 815 209 445 427
12664 4 2 3 3 1299 1173 1732 1558
12665 4 2 3 3 616 669 709 1263
12666 4 2 3 3 1731 1299 1732 1558
12667 4 2 3 3 1958 1731 1790 1732
12668 4 2 3 3 2136 2123 2134 2514
12669 4 2 3 3 669 701 709 1263
12670 4 2 3 3 1464 1149 1243 1262
12671 4 2 3 3 1959 1958 1790 1732
12672 4 2 3 3 1791 1959 1790 1732
12673 4 2 3 3 1789 1312 1602 1601
12674 4 2 3 3 1510 36 317 250
12675 4 2 3 3 1173 1791 1790 1732
12676 4 2 3 3 2319 1578 1669 1525
12677 4 2 3 3 1299 1173 1790 1732
12678 4 2 3 3 68 1717 106 107
12679 4 2 3 3 1542 1390 283 282
12680 4 2 3 3 781 2147 778 381
12681 4 2 3 3 265 1707 349 330
12682 4 2 3 3 1390 1404 1542 283
12683 4 2 3 3 376 2147 781 381
12684 4 2 3 3 1708 1828 1833 1710
12685 4 2 3 3 67 1719 261 66
12686 4 2 3 3 781 778 447 381
12687 4 2 3 3 1731 1299 1790 1732
12688 4 2 3 3 630 1740 1739 1743
12689 4 2 3 3 620 1280 757 654
12690 4 2 3 3 581 1156 566 567
12691 4 2 3 3 429 763 175 767
12692 4 2 3 3 375 429 175 767
12693 4 2 3 3 175 176 2643 183
12694 4 2 3 3 429 375 448 767
12695 4 2 3 3 175 95 767 18
12696 4 2 3 3 175 2133 2515 2643
12697 4 2 3 3 712 1269 721 720
12698 4 2 3 3 1235 719 721 720
12699 4 2 3 3 1305 1321 1320 500
12700 4 2 3 3 1283 564 1783 2719
12701 4 2 3 3 499 1305 500 497
12702 4 2 3 3 1184 1320 501 500
12703 4 2 3 3 497 1305 500 1321
12704 4 2 3 3 630 663 1743 596
12705 4 2 3 3 499 1184 501 500
12706 4 2 3 3 596 1378 1374 1743
12707 4 2 3 3 450 1225 138 1211
12708 4 2 3 3 1740 1747 1743 1744
12709 4 2 3 3 1740 1739 1743 1747
12710 4 2 3 3 1751 1752 1374 1378
12711 4 2 3 3 1827 1752 1743 1374
12712 4 2 3 3 1203 1191 568 1376
12713 4 2 3 3 1739 1752 1743 1827
12714 4 2 3 3 483 1191 1190 481
12715 4 2 3 3 1378 1752 1374 1743
12716 4 2 3 3 1739 1752 1378 1743
12717 4 2 3 3 740 455 148 654
12718 4 2 3 3 2323 2322 1353 1313
12719 4 2 3 3 1503 36 35 1516
12720 4 2 3 3 495 493 1200 1352
12721 4 2 3 3 2233 2528 1516 1518
12722 4 2 3 3 1186 1188 1197 1328
12723 4 2 3 3 1188 491 1352 490
12724 4 2 3 3 1194 2243 1353 524
12725 4 2 3 3 1741 1742 1745 1754
12726 4 2 3 3 1893 2418 2304 2302
12727 4 2 3 3 2297 2488 2281 2445
12728 4 2 3 3 1729 1727 1395 1735
12729 4 2 3 3 1555 1852 1726 1394
12730 4 2 3 3 543 542 1394 514
12731 4 2 3 3 1180 671 611 1256
12732 4 2 3 3 1194 554 1420 525
12733 4 2 3 3 2483 2485 226 2588
12734 4 2 3 3 1421 2235 1420 525
12735 4 2 3 3 2235 1194 1420 525
12736 4 2 3 3 1400 1230 2259 1229
12737 4 2 3 3 2015 2288 2665 1592
12738 4 2 3 3 2165 1401 2164 2259
12739 4 2 3 3 2164 2258 2261 1230
12740 4 2 3 3 2262 1166 2261 1592
12741 4 2 3 3 136 135 469 1216
12742 4 2 3 3 1753 1742 1741 1754
12743 4 2 3 3 573 651 469 1222
12744 4 2 3 3 1393 1227 547 1234
12745 4 2 3 3 651 639 469 1222
12746 4 2 3 3 639 1216 469 1222
12747 4 2 3 3 1762 54 1754 1975
12748 4 2 3 3 1216 639 547 1234
12749 4 2 3 3 1227 1216 547 1234
12750 4 2 3 3 1336 1241 2446 632
12751 4 2 3 3 191 398 2120 192
12752 4 2 3 3 1336 618 1241 632
12753 4 2 3 3 1185 499 1292 502
12754 4 2 3 3 1481 1480 2719 1157
12755 4 2 3 3 1319 1872 2445 2447
12756 4 2 3 3 400 398 446 192
12757 4 2 3 3 398 400 2120 192
12758 4 2 3 3 2125 400 193 192
12759 4 2 3 3 400 2125 2120 192
12760 4 2 3 3 53 1741 1745 1754
12761 4 2 3 3 1204 510 512 522
12762 4 2 3 3 674 452 1236 599
12763 4 2 3 3 1025 1049 203 2142
12764 4 2 3 3 202 1025 203 2142
12765 4 2 3 3 1753 1741 53 1754
12766 4 2 3 3 2495 2496 390 2143
12767 4 2 3 3 1082 1102 214 2714
12768 4 2 3 3 2714 2548 2711 214
12769 4 2 3 3 1102 2714 2711 214
12770 4 2 3 3 1759 1224 1744 1285
12771 4 2 3 3 1744 1747 1765 1766
12772 4 2 3 3 1191 481 479 480
12773 4 2 3 3 1978 1744 1765 1766
12774 4 2 3 3 581 1973 1156 643
12775 4 2 3 3 958 2296 801 225
12776 4 2 3 3 1973 455 1156 643
12777 4 2 3 3 1190 486 568 1376
12778 4 2 3 3 483 486 568 1190
12779 4 2 3 3 483 1190 568 481
12780 4 2 3 3 1375 1759 1743 1765
12781 4 2 3 3 1978 1759 1375 1765
12782 4 2 3 3 1759 1744 1743 1765
12783 4 2 3 3 1759 1978 1744 1765
12784 4 2 3 3 1293 1311 1310 556
12785 4 2 3 3 503 1292 502 558
12786 4 2 3 3 1296 1336 2446 1317
12787 4 2 3 3 56 1455 1451 248
12788 4 2 3 3 2444 2488 1956 2445
12789 4 2 3 3 619 575 621 1488
12790 4 2 3 3 1205 528 1777 1776
12791 4 2 3 3 2594 1218 1997 1996
12792 4 2 3 3 1415 1860 2001 1231
12793 4 2 3 3 1400 539 1550 1231
12794 4 2 3 3 1215 138 1219 577
12795 4 2 3 3 1995 2594 1997 1996
12796 4 2 3 3 1956 612 611 610
12797 4 2 3 3 1779 1301 1175 1776
12798 4 2 3 3 1311 1422 1420 646
12799 4 2 3 3 554 1311 1420 646
12800 4 2 3 3 1422 1421 1420 646
12801 4 2 3 3 2702 2483 226 2588
12802 4 2 3 3 2702 2300 2483 2588
12803 4 2 3 3 1420 554 646 525
12804 4 2 3 3 1421 1420 646 525
12805 4 2 3 3 1681 1451 315 248
12806 4 2 3 3 56 1681 315 248
12807 4 2 3 3 749 1283 657 715
12808 4 2 3 3 617 1283 657 749
12809 4 2 3 3 155 749 657 715
12810 4 2 3 3 155 617 657 749
12811 4 2 3 3 1681 56 1451 248
12812 4 2 3 3 715 1283 657 755
12813 4 2 3 3 747 1288 755 742
12814 4 2 3 3 695 1916 1245 690
12815 4 2 3 3 1245 1664 690 1639
12816 4 2 3 3 58 1681 1678 259
12817 4 2 3 3 312 58 1678 259
12818 4 2 3 3 1781 1301 1779 1776
12819 4 2 3 3 1722 1724 1788 1787
12820 4 2 3 3 2462 1468 677 1243
12821 4 2 3 3 2618 681 2604 679
12822 4 2 3 3 2618 2399 681 679
12823 4 2 3 3 1255 2314 2369 2347
12824 4 2 3 3 682 2399 1253 2314
12825 4 2 3 3 1724 1966 1788 1787
12826 4 2 3 3 1966 1724 1722 1787
12827 4 2 3 3 1771 1304 1787 1788
12828 4 2 3 3 1695 1304 1787 1771
12829 4 2 3 3 672 1916 690 693
12830 4 2 3 3 695 1916 690 672
12831 4 2 3 3 1337 2585 1432 1241
12832 4 2 3 3 1960 1794 1793 1798
12833 4 2 3 3 696 604 128 127
12834 4 2 3 3 1960 1961 1794 1798
12835 4 2 3 3 279 280 1542 281
12836 4 2 3 3 1542 279 281 1560
12837 4 2 3 3 586 738 161 712
12838 4 2 3 3 1271 725 724 723
12839 4 2 3 3 1825 1271 724 723
12840 4 2 3 3 279 332 281 1560
12841 4 2 3 3 463 738 162 161
12842 4 2 3 3 1272 2717 726 723
12843 4 2 3 3 2717 1272 2114 723
12844 4 2 3 3 289 1598 1383 1482
12845 4 2 3 3 338 1457 1461 292
12846 4 2 3 3 1272 1271 2114 723
12847 4 2 3 3 1720 1722 1721 1798
12848 4 2 3 3 85 932 434 84
12849 4 2 3 3 713 1280 756 757
12850 4 2 3 3 1289 1264 1624 731
12851 4 2 3 3 1280 1289 713 756
12852 4 2 3 3 730 1286 731 754
12853 4 2 3 3 1382 1718 1273 1154
12854 4 2 3 3 2275 2662 2674 2043
12855 4 2 3 3 1286 1289 1624 731
12856 4 2 3 3 751 617 1164 459
12857 4 2 3 3 1330 1692 1623 1372
12858 4 2 3 3 1734 1720 1721 1798
12859 4 2 3 3 1720 1734 1722 1798
12860 4 2 3 3 1280 1266 1156 1974
12861 4 2 3 3 1280 1156 1677 1974
12862 4 2 3 3 1891 1890 1889 1886
12863 4 2 3 3 1806 1883 1886 1889
12864 4 2 3 3 1447 274 271 273
12865 4 2 3 3 782 169 787 423
12866 4 2 3 3 781 89 380 787
12867 4 2 3 3 310 1479 325 297
12868 4 2 3 3 1479 290 325 297
12869 4 2 3 3 168 19 18 1963
12870 4 2 3 3 103 1786 1532 104
12871 4 2 3 3 176 175 2643 2133
12872 4 2 3 3 176 184 2643 183
12873 4 2 3 3 2646 2645 778 426
12874 4 2 3 3 780 91 789 2121
12875 4 2 3 3 783 780 789 2121
12876 4 2 3 3 211 783 789 2121
12877 4 2 3 3 421 211 789 2121
12878 4 2 3 3 900 2231 898 2525
12879 4 2 3 3 251 1851 339 325
12880 4 2 3 3 1479 1851 251 325
12881 4 2 3 3 2210 2680 2619 1363
12882 4 2 3 3 1327 2507 2382 1666
12883 4 2 3 3 2507 924 899 2254
12884 4 2 3 3 2397 2388 2396 2619
12885 4 2 3 3 2615 2333 2699 2492
12886 4 2 3 3 1519 2329 1954 2620
12887 4 2 3 3 1851 288 339 325
12888 4 2 3 3 1598 1496 294 336
12889 4 2 3 3 1598 255 1496 336
12890 4 2 3 3 290 300 1598 336
12891 4 2 3 3 289 290 1598 336
12892 4 2 3 3 870 87 822 824
12893 4 2 3 3 870 88 822 87
12894 4 2 3 3 1888 2266 1886 1809
12895 4 2 3 3 834 833 831 2503
12896 4 2 3 3 1439 2167 1229 1886
12897 4 2 3 3 1807 1806 1883 1886
12898 4 2 3 3 1891 1900 1886 1406
12899 4 2 3 3 2431 81 2428 844
12900 4 2 3 3 2572 836 84 83
12901 4 2 3 3 1597 254 38 326
12902 4 2 3 3 840 2571 2570 82
12903 4 2 3 3 2441 2571 842 841
12904 4 2 3 3 79 1005 920 921
12905 4 2 3 3 1828 1540 1212 1820
12906 4 2 3 3 898 868 853 2435
12907 4 2 3 3 428 400 193 368
12908 4 2 3 3 2159 867 864 866
12909 4 2 3 3 2072 2071 1833 1831
12910 4 2 3 3 1834 2087 1832 1831
12911 4 2 3 3 1834 2092 2087 1831
12912 4 2 3 3 75 2367 864 866
12913 4 2 3 3 1713 1834 1832 1831
12914 4 2 3 3 1713 2091 1834 1831
12915 4 2 3 3 428 814 192 446
12916 4 2 3 3 814 191 192 446
12917 4 2 3 3 905 87 985 379
12918 4 2 3 3 903 905 985 379
12919 4 2 3 3 75 378 74 876
12920 4 2 3 3 905 903 87 379
12921 4 2 3 3 30 2368 75 2367
12922 4 2 3 3 5 166 2349 74
12923 4 2 3 3 2034 2607 2020 2019
12924 4 2 3 3 871 884 2349 888
12925 4 2 3 3 388 2496 390 2495
12926 4 2 3 3 889 2638 808 1008
12927 4 2 3 3 2134 2125 2647 401
12928 4 2 3 3 2598 2507 1666 2436
12929 4 2 3 3 2231 2254 800 898
12930 4 2 3 3 956 900 898 2525
12931 4 2 3 3 800 2254 899 898
12932 4 2 3 3 2320 849 2525 2527
12933 4 2 3 3 234 1054 2663 1061
12934 4 2 3 3 2400 2376 2371 914
12935 4 2 3 3 2400 914 875 913
12936 4 2 3 3 861 2377 2373 2371
12937 4 2 3 3 914 2400 875 2371
12938 4 2 3 3 862 910 2368 2413
12939 4 2 3 3 803 373 919 885
12940 4 2 3 3 80 1005 79 921
12941 4 2 3 3 851 80 79 921
12942 4 2 3 3 77 918 435 917
12943 4 2 3 3 2134 195 194 401
12944 4 2 3 3 84 961 1006 886
12945 4 2 3 3 2572 2575 40 84
12946 4 2 3 3 42 1457 41 338
12947 4 2 3 3 1459 41 294 40
12948 4 2 3 3 832 2503 932 85
12949 4 2 3 3 2421 2498 2502 2501
12950 4 2 3 3 395 961 84 434
12951 4 2 3 3 2138 1035 1021 1029
12952 4 2 3 3 195 2134 404 401
12953 4 2 3 3 1841 1661 1549 1842
12954 4 2 3 3 2361 1800 2631 2162
12955 4 2 3 3 2180 2465 2589 2633
12956 4 2 3 3 1549 1644 2336 1842
12957 4 2 3 3 1644 1663 2336 1842
12958 4 2 3 3 782 447 423 380
12959 4 2 3 3 206 386 434 942
12960 4 2 3 3 2047 2638 1008 186
12961 4 2 3 3 1054 2654 2663 1061
12962 4 2 3 3 187 2638 808 891
12963 4 2 3 3 983 222 2330 964
12964 4 2 3 3 1519 2536 1954 2491
12965 4 2 3 3 2616 2679 1085 2678
12966 4 2 3 3 1644 1661 2183 1842
12967 4 2 3 3 223 2532 2491 2529
12968 4 2 3 3 2657 1089 2690 1075
12969 4 2 3 3 933 2441 2449 998
12970 4 2 3 3 2441 2296 2449 998
12971 4 2 3 3 961 804 942 434
12972 4 2 3 3 804 961 395 434
12973 4 2 3 3 205 804 434 942
12974 4 2 3 3 2144 184 185 2145
12975 4 2 3 3 2144 185 184 1009
12976 4 2 3 3 185 2144 2132 1009
12977 4 2 3 3 177 185 2132 1009
12978 4 2 3 3 177 2144 2122 2133
12979 4 2 3 3 177 2144 2133 1009
12980 4 2 3 3 177 2144 1009 2132
12981 4 2 3 3 177 2144 2132 2122
12982 4 2 3 3 2123 2134 2514 1028
12983 4 2 3 3 2123 1013 2131 2122
12984 4 2 3 3 2122 1013 2131 1032
12985 4 2 3 3 395 804 434 205
12986 4 2 3 3 384 209 445 382
12987 4 2 3 3 2515 2135 404 2514
12988 4 2 3 3 1013 2123 2131 1020
12989 4 2 3 3 2505 1022 2504 1051
12990 4 2 3 3 2146 210 1031 209
12991 4 2 3 3 1026 210 1031 2146
12992 4 2 3 3 1026 180 777 181
12993 4 2 3 3 2146 2147 2139 2121
12994 4 2 3 3 2505 2146 1018 1031
12995 4 2 3 3 1661 1644 1549 1842
12996 4 2 3 3 1555 1852 1853 1554
12997 4 2 3 3 2136 2515 2131 2514
12998 4 2 3 3 384 208 427 445
12999 4 2 3 3 1033 2131 2514 1028
13000 4 2 3 3 2123 2136 2131 2514
13001 4 2 3 3 208 209 427 445
13002 4 2 3 3 1033 1020 2131 1028
13003 4 2 3 3 209 208 384 445
13004 4 2 3 3 2532 223 2491 2536
13005 4 2 3 3 2433 849 963 937
13006 4 2 3 3 2601 2529 2599 2600
13007 4 2 3 3 2616 1093 1086 1097
13008 4 2 3 3 219 1057 2395 1097
13009 4 2 3 3 1066 2658 2656 2655
13010 4 2 3 3 2687 2153 2686 2467
13011 4 2 3 3 2202 2673 2705 2674
13012 4 2 3 3 2178 2672 2674 2677
13013 4 2 3 3 1283 1288 456 755
13014 4 2 3 3 1283 1237 456 1288
13015 4 2 3 3 565 1237 571 456
13016 4 2 3 3 565 1283 1237 456
13017 4 2 3 3 1163 1288 755 456
13018 4 2 3 3 2616 2333 1086 1053
13019 4 2 3 3 2333 221 220 1086
13020 4 2 3 3 2616 2333 220 1086
13021 4 2 3 3 1163 1237 1288 456
13022 4 2 3 3 1719 1728 1711 1853
13023 4 2 3 3 1404 1719 1711 1853
13024 4 2 3 3 1093 2616 1086 1085
13025 4 2 3 3 2616 2679 1053 1085
13026 4 2 3 3 2679 2661 1085 2678
13027 4 2 3 3 1725 1728 1853 1711
13028 4 2 3 3 1852 1725 1853 1711
13029 4 2 3 3 2263 1865 1568 1864
13030 4 2 3 3 520 1349 482 588
13031 4 2 3 3 1614 551 1198 489
13032 4 2 3 3 2669 2295 2270 2294
13033 4 2 3 3 662 706 670 1240
13034 4 2 3 3 1230 1166 2259 1229
13035 4 2 3 3 1247 1248 1166 1441
13036 4 2 3 3 1973 582 643 581
13037 4 2 3 3 1201 1289 1677 1178
13038 4 2 3 3 1367 1372 1677 1623
13039 4 2 3 3 1280 734 756 1974
13040 4 2 3 3 739 718 1266 1974
13041 4 2 3 3 1202 1201 1156 1677
13042 4 2 3 3 1141 1916 1638 1167
13043 4 2 3 3 1916 1141 2551 1167
13044 4 2 3 3 1141 2553 1167 1638
13045 4 2 3 3 2568 2385 2555 2313
13046 4 2 3 3 1931 1932 1941 2555
13047 4 2 3 3 1633 1622 1607 1506
13048 4 2 3 3 730 727 1274 726
13049 4 2 3 3 1179 537 1616 1178
13050 4 2 3 3 537 658 1616 1178
13051 4 2 3 3 1607 1179 1605 1506
13052 4 2 3 3 1179 1189 1506 1615
13053 4 2 3 3 1616 1179 1178 1615
13054 4 2 3 3 1679 1193 1306 1789
13055 4 2 3 3 526 496 1189 1505
13056 4 2 3 3 550 496 1321 1505
13057 4 2 3 3 498 554 1200 495
13058 4 2 3 3 1684 1683 1329 1198
13059 4 2 3 3 492 493 491 1352
13060 4 2 3 3 1183 1193 1505 1679
13061 4 2 3 3 2322 1502 1352 1313
13062 4 2 3 3 1313 2322 1353 1352
13063 4 2 3 3 487 1188 490 1198
13064 4 2 3 3 2057 638 450 1211
13065 4 2 3 3 2058 638 2057 1211
13066 4 2 3 3 450 1225 1211 1550
13067 4 2 3 3 2189 2191 2187 2346
13068 4 2 3 3 2440 2529 987 2599
13069 4 2 3 3 1914 2342 2184 2341
13070 4 2 3 3 2044 2289 2007 2665
13071 4 2 3 3 2189 1879 1843 2348
13072 4 2 3 3 2187 2189 1843 2348
13073 4 2 3 3 2016 2289 2014 2007
13074 4 2 3 3 2593 2208 2335 1549
13075 4 2 3 3 1914 2341 2184 1656
13076 4 2 3 3 528 519 533 1776
13077 4 2 3 3 528 1205 1777 569
13078 4 2 3 3 1331 1205 1777 1779
13079 4 2 3 3 673 675 1243 683
13080 4 2 3 3 2454 2453 2460 1440
13081 4 2 3 3 1149 1228 1440 1236
13082 4 2 3 3 2460 2453 1463 1440
13083 4 2 3 3 989 2363 2161 2162
13084 4 2 3 3 1885 1884 1886 1439
13085 4 2 3 3 1149 1228 2460 1440
13086 4 2 3 3 1257 1600 2666 1145
13087 4 2 3 3 2015 2289 2262 2665
13088 4 2 3 3 1445 2269 1145 2665
13089 4 2 3 3 1401 1812 1568 2259
13090 4 2 3 3 1950 1491 2007 1843
13091 4 2 3 3 2666 1257 2665 2291
13092 4 2 3 3 1664 1639 2347 689
13093 4 2 3 3 1481 1621 1273 1624
13094 4 2 3 3 1784 1782 1275 1288
13095 4 2 3 3 1784 729 1288 1275
13096 4 2 3 3 1718 1380 1747 1767
13097 4 2 3 3 728 725 1278 1273
13098 4 2 3 3 1382 1621 1273 1626
13099 4 2 3 3 1761 1759 1744 1285
13100 4 2 3 3 739 728 1767 1276
13101 4 2 3 3 1267 1761 1744 1285
13102 4 2 3 3 1281 1286 754 1164
13103 4 2 3 3 538 540 1164 1179
13104 4 2 3 3 649 538 1164 1287
13105 4 2 3 3 1607 1179 1164 1605
13106 4 2 3 3 644 1605 2719 1164
13107 4 2 3 3 1286 1287 754 1164
13108 4 2 3 3 1607 2719 1164 2718
13109 4 2 3 3 2477 2298 2303 2446
13110 4 2 3 3 1337 1147 2478 1432
13111 4 2 3 3 1337 2408 2481 2478
13112 4 2 3 3 2408 2278 2284 2478
13113 4 2 3 3 1874 2298 2447 2446
13114 4 2 3 3 2592 1487 2470 2501
13115 4 2 3 3 1466 1894 1878 2484
13116 4 2 3 3 2277 2475 1878 2298
13117 4 2 3 3 1479 1477 1494 297
13118 4 2 3 3 1458 1596 1595 1427
13119 4 2 3 3 1310 1419 1493 1604
13120 4 2 3 3 1425 1597 1427 1428
13121 4 2 3 3 1951 1425 1515 1428
13122 4 2 3 3 1305 1310 1604 1200
13123 4 2 3 3 247 1698 1495 1631
13124 4 2 3 3 247 297 296 1495
13125 4 2 3 3 298 296 1495 1309
13126 4 2 3 3 1294 1479 1297 1318
13127 4 2 3 3 1205 1174 1297 1318
13128 4 2 3 3 1331 1205 1297 1318
13129 4 2 3 3 562 1388 501 504
13130 4 2 3 3 561 1321 1320 1605
13131 4 2 3 3 1478 561 1320 1605
13132 4 2 3 3 1795 1794 1781 1407
13133 4 2 3 3 1232 1177 1405 1776
13134 4 2 3 3 1730 1958 1299 1790
13135 4 2 3 3 1774 1851 1703 1297
13136 4 2 3 3 1774 1851 1297 1608
13137 4 2 3 3 1705 1704 63 1700
13138 4 2 3 3 1388 505 1318 504
13139 4 2 3 3 1237 1783 1776 1778
13140 4 2 3 3 1652 1583 1342 478
13141 4 2 3 3 1652 1223 478 1342
13142 4 2 3 3 1586 1643 1342 1646
13143 4 2 3 3 1476 345 1645 318
13144 4 2 3 3 1643 1652 1342 1223
13145 4 2 3 3 1643 1586 1342 1652
13146 4 2 3 3 1458 1597 326 1427
13147 4 2 3 3 1314 1503 1516 1510
13148 4 2 3 3 2318 33 1525 1669
13149 4 2 3 3 1186 1576 1328 1197
13150 4 2 3 3 98 1674 1693 1691
13151 4 2 3 3 1686 58 1690 1685
13152 4 2 3 3 1687 1202 1372 1690
13153 4 2 3 3 1786 1770 1787 1788
13154 4 2 3 3 1674 99 1691 98
13155 4 2 3 3 19 1532 1625 1965
13156 4 2 3 3 1692 1629 1691 1330
13157 4 2 3 3 1687 1676 1372 1202
13158 4 2 3 3 1676 1687 1372 1983
13159 4 2 3 3 1989 1693 1988 1986
13160 4 2 3 3 1365 1968 1755 1754
13161 4 2 3 3 1203 1968 1376 1142
13162 4 2 3 3 1970 1203 1757 1142
13163 4 2 3 3 529 530 1224 1757
13164 4 2 3 3 518 529 1203 1757
13165 4 2 3 3 1499 1803 1497 1386
13166 4 2 3 3 1892 1148 1889 1891
13167 4 2 3 3 1805 1499 1889 1803
13168 4 2 3 3 1888 2635 1809 1899
13169 4 2 3 3 1899 1882 1809 1406
13170 4 2 3 3 1881 1500 1497 1889
13171 4 2 3 3 2091 1727 1735 1234
13172 4 2 3 3 587 1233 1714 1177
13173 4 2 3 3 1729 1728 1711 1733
13174 4 2 3 3 2105 1824 1831 1832
13175 4 2 3 3 1961 1161 1407 1405
13176 4 2 3 3 1735 1713 1734 1712
13177 4 2 3 3 1784 2717 1408 1265
13178 4 2 3 3 1276 728 1767 1273
13179 4 2 3 3 1784 2717 1275 1408
13180 4 2 3 3 521 551 1614 489
13181 4 2 3 3 1607 1157 2719 2718
13182 4 2 3 3 1411 1961 1408 1782
13183 4 2 3 3 1426 317 1417 304
13184 4 2 3 3 1426 1423 1601 1417
13185 4 2 3 3 296 1309 1603 1495
13186 4 2 3 3 1193 1305 1630 1604
13187 4 2 3 3 311 1610 1612 260
13188 4 2 3 3 1697 1305 1604 1630
13189 4 2 3 3 311 306 1601 303
13190 4 2 3 3 2442 2429 1430 2438
13191 4 2 3 3 1869 2442 1430 2634
13192 4 2 3 3 1316 2530 2327 1953
13193 4 2 3 3 900 2525 963 2324
13194 4 2 3 3 2329 2328 2326 1955
13195 4 2 3 3 1808 1247 1441 2168
13196 4 2 3 3 2268 2351 2260 2042
13197 4 2 3 3 1808 2165 2259 1229
13198 4 2 3 3 2356 2166 2152 2163
13199 4 2 3 3 464 541 1166 659
13200 4 2 3 3 2170 2169 1441 2168
13201 4 2 3 3 1248 2170 1441 2168
13202 4 2 3 3 1448 1447 273 1373
13203 4 2 3 3 335 1447 1373 274
13204 4 2 3 3 1191 1968 1452 1453
13205 4 2 3 3 1191 1192 1452 1968
13206 4 2 3 3 1968 1969 1452 1453
13207 4 2 3 3 1969 1968 1452 1967
13208 4 2 3 3 1455 1969 1452 1967
13209 4 2 3 3 1455 1303 1452 1969
13210 4 2 3 3 2300 2279 2481 2480
13211 4 2 3 3 1894 1893 2304 2302
13212 4 2 3 3 683 686 1263 701
13213 4 2 3 3 2305 2582 2479 2304
13214 4 2 3 3 2307 2279 2306 2480
13215 4 2 3 3 2453 2419 2304 2305
13216 4 2 3 3 1936 2517 1474 2516
13217 4 2 3 3 1447 1168 1452 1473
13218 4 2 3 3 1470 1586 1585 1471
13219 4 2 3 3 256 333 319 2511
13220 4 2 3 3 1448 333 1475 2511
13221 4 2 3 3 1192 1447 1473 1168
13222 4 2 3 3 1521 1608 1485 1486
13223 4 2 3 3 1561 1566 1560 1559
13224 4 2 3 3 1521 1608 1209 1199
13225 4 2 3 3 1804 1385 1558 1559
13226 4 2 3 3 1185 1458 1496 1596
13227 4 2 3 3 837 836 2572 83
13228 4 2 3 3 1873 1496 39 40
13229 4 2 3 3 1293 1185 1458 1496
13230 4 2 3 3 1293 1873 1496 1871
13231 4 2 3 3 1458 1293 1496 1871
13232 4 2 3 3 1185 1292 1598 1496
13233 4 2 3 3 1496 1294 1296 1317
13234 4 2 3 3 1988 1693 1985 1986
13235 4 2 3 3 1202 1615 1690 1614
13236 4 2 3 3 35 2323 2316 2317
13237 4 2 3 3 1518 2233 2316 1516
13238 4 2 3 3 2213 2233 2315 2316
13239 4 2 3 3 2212 2213 2242 2316
13240 4 2 3 3 1836 1528 1526 1856
13241 4 2 3 3 266 1545 262 1548
13242 4 2 3 3 422 191 446 398
13243 4 2 3 3 1650 1582 1581 1546
13244 4 2 3 3 488 1614 1198 489
13245 4 2 3 3 1587 1470 1582 1583
13246 4 2 3 3 488 521 1614 489
13247 4 2 3 3 267 266 262 1548
13248 4 2 3 3 1589 1584 1579 1582
13249 4 2 3 3 1553 1538 1535 1557
13250 4 2 3 3 280 323 1557 349
13251 4 2 3 3 1562 1551 1561 1538
13252 4 2 3 3 1552 1562 1561 1538
13253 4 2 3 3 1551 1554 1561 1538
13254 4 2 3 3 1554 1541 1561 1538
13255 4 2 3 3 2334 1444 2593 1549
13256 4 2 3 3 2334 2160 2335 2041
13257 4 2 3 3 1444 2035 2286 2337
13258 4 2 3 3 213 972 2338 816
13259 4 2 3 3 2402 2293 2697 2696
13260 4 2 3 3 1663 1644 2183 1842
13261 4 2 3 3 1563 1567 1559 1804
13262 4 2 3 3 1485 1499 1484 1483
13263 4 2 3 3 1521 1608 1295 1485
13264 4 2 3 3 252 321 1483 292
13265 4 2 3 3 510 512 511 1176
13266 4 2 3 3 1573 313 1571 1572
13267 4 2 3 3 308 313 1571 1573
13268 4 2 3 3 1313 1353 1188 1352
13269 4 2 3 3 492 1188 1352 490
13270 4 2 3 3 1194 493 492 1352
13271 4 2 3 3 1571 1502 1789 1504
13272 4 2 3 3 1610 1617 1612 260
13273 4 2 3 3 302 299 303 1429
13274 4 2 3 3 1528 1412 1579 1857
13275 4 2 3 3 1858 1587 1582 1583
13276 4 2 3 3 1589 1587 1582 1858
13277 4 2 3 3 262 267 1548 1579
13278 4 2 3 3 1412 268 1579 270
13279 4 2 3 3 1640 1642 1650 1548
13280 4 2 3 3 1838 1839 1547 1659
13281 4 2 3 3 1539 49 1590 1535
13282 4 2 3 3 1860 2001 1591 1590
13283 4 2 3 3 1442 1839 1547 2630
13284 4 2 3 3 1862 1861 1864 2008
13285 4 2 3 3 2593 2208 2040 2041
13286 4 2 3 3 1863 1862 1864 2008
13287 4 2 3 3 521 488 1614 1202
13288 4 2 3 3 1195 488 1202 1614
13289 4 2 3 3 58 1686 1678 1681
13290 4 2 3 3 1611 59 1618 1688
13291 4 2 3 3 496 1305 1321 1505
13292 4 2 3 3 1632 1701 61 1307
13293 4 2 3 3 496 550 1189 1505
13294 4 2 3 3 1987 1692 1372 1623
13295 4 2 3 3 1480 1696 1771 1626
13296 4 2 3 3 1629 1382 1364 1626
13297 4 2 3 3 1304 1629 1364 1626
13298 4 2 3 3 2087 1824 2096 1832
13299 4 2 3 3 2376 2374 2373 1637
13300 4 2 3 3 2373 2372 2394 1637
13301 4 2 3 3 924 868 2435 2436
13302 4 2 3 3 2598 2374 1637 2437
13303 4 2 3 3 78 77 2414 857
13304 4 2 3 3 923 2426 2436 2414
13305 4 2 3 3 2520 1662 1648 1344
13306 4 2 3 3 2596 2209 2208 2335
13307 4 2 3 3 2417 912 2415 2336
13308 4 2 3 3 1663 1644 2336 1648
13309 4 2 3 3 1662 2520 1648 2336
13310 4 2 3 3 2158 2159 2596 29
13311 4 2 3 3 1659 1838 29 1854
13312 4 2 3 3 324 258 29 1640
13313 4 2 3 3 1357 2383 2218 1635
13314 4 2 3 3 1360 1927 1670 2218
13315 4 2 3 3 1926 1927 2218 1922
13316 4 2 3 3 1669 1923 2218 1922
13317 4 2 3 3 1322 1183 1198 1679
13318 4 2 3 3 1323 1505 1306 1679
13319 4 2 3 3 552 551 1182 1614
13320 4 2 3 3 59 1618 1688 1691
13321 4 2 3 3 2516 1577 1524 1570
13322 4 2 3 3 1370 1686 1614 1680
13323 4 2 3 3 1313 2323 1573 1188
13324 4 2 3 3 19 100 18 1625
13325 4 2 3 3 101 102 1625 1532
13326 4 2 3 3 1628 100 1625 1691
13327 4 2 3 3 1695 101 1625 1694
13328 4 2 3 3 1629 1633 1628 1691
13329 4 2 3 3 1622 1633 1629 1691
13330 4 2 3 3 1390 1852 1853 1711
13331 4 2 3 3 1540 323 1557 1535
13332 4 2 3 3 1712 1727 1710 1711
13333 4 2 3 3 1402 1724 1788 1798
13334 4 2 3 3 68 1707 330 1711
13335 4 2 3 3 1964 1717 1963 2096
13336 4 2 3 3 1625 1532 1787 1965
13337 4 2 3 3 1818 2103 2117 1766
13338 4 2 3 3 1786 1793 1798 1722
13339 4 2 3 3 1735 1713 1721 1734
13340 4 2 3 3 1730 1772 337 65
13341 4 2 3 3 1736 1734 1721 1798
13342 4 2 3 3 284 1409 337 261
13343 4 2 3 3 1304 1364 2108 1626
13344 4 2 3 3 1696 1629 1628 1625
13345 4 2 3 3 1794 1795 1793 1798
13346 4 2 3 3 1796 1797 1733 1960
13347 4 2 3 3 1730 1719 1733 66
13348 4 2 3 3 1720 1717 1722 106
13349 4 2 3 3 1736 1233 1396 1735
13350 4 2 3 3 1763 1818 1379 1746
13351 4 2 3 3 2116 1818 1746 1749
13352 4 2 3 3 1763 2116 1746 1749
13353 4 2 3 3 2116 1763 1746 1818
13354 4 2 3 3 1970 1375 1142 1757
13355 4 2 3 3 1377 1972 1375 1142
13356 4 2 3 3 1759 1760 1375 1757
13357 4 2 3 3 1973 1760 1759 1757
13358 4 2 3 3 1760 1377 1375 1757
13359 4 2 3 3 1760 1973 1377 1757
13360 4 2 3 3 1774 1609 1300 1768
13361 4 2 3 3 1160 1172 1790 1791
13362 4 2 3 3 499 1184 1318 501
13363 4 2 3 3 1775 1774 1297 1608
13364 4 2 3 3 1773 1301 1792 1779
13365 4 2 3 3 1407 1161 1776 1405
13366 4 2 3 3 1411 1232 1405 1776
13367 4 2 3 3 1301 1161 1175 1776
13368 4 2 3 3 1775 1791 1175 1779
13369 4 2 3 3 1731 1958 1790 1299
13370 4 2 3 3 514 1395 1732 1394
13371 4 2 3 3 1395 1731 1732 1394
13372 4 2 3 3 1160 1434 1409 1790
13373 4 2 3 3 1434 1160 1300 1790
13374 4 2 3 3 2465 2180 2458 2633
13375 4 2 3 3 1807 1806 1809 1811
13376 4 2 3 3 2465 2180 945 2458
13377 4 2 3 3 2152 2168 1438 1897
13378 4 2 3 3 827 2362 2591 86
13379 4 2 3 3 828 827 2362 2591
13380 4 2 3 3 2362 828 2591 2589
13381 4 2 3 3 2464 2463 230 2458
13382 4 2 3 3 2263 2265 1568 1865
13383 4 2 3 3 2365 2162 797 2161
13384 4 2 3 3 2116 1990 2100 1823
13385 4 2 3 3 2116 1749 1990 1823
13386 4 2 3 3 1818 1817 1749 2086
13387 4 2 3 3 2105 2094 1849 2107
13388 4 2 3 3 1826 2102 1822 2077
13389 4 2 3 3 2070 1848 1831 1833
13390 4 2 3 3 2092 1709 1821 2095
13391 4 2 3 3 1414 2081 2092 2095
13392 4 2 3 3 1234 2091 1396 1735
13393 4 2 3 3 1713 1720 1721 1734
13394 4 2 3 3 1238 1282 651 1165
13395 4 2 3 3 2091 2092 1396 1834
13396 4 2 3 3 2005 2257 1864 1416
13397 4 2 3 3 2265 1861 2263 1845
13398 4 2 3 3 1860 1850 1859 2008
13399 4 2 3 3 2022 2156 2021 2263
13400 4 2 3 3 2363 828 2589 954
13401 4 2 3 3 954 2363 2162 2589
13402 4 2 3 3 44 45 2274 1811
13403 4 2 3 3 1400 1398 2259 1811
13404 4 2 3 3 1398 1400 2259 1229
13405 4 2 3 3 1806 44 1811 1802
13406 4 2 3 3 1528 1368 1813 1856
13407 4 2 3 3 1368 2061 1813 1856
13408 4 2 3 3 1837 1544 1526 1836
13409 4 2 3 3 1545 1526 1580 1339
13410 4 2 3 3 1589 1412 1579 270
13411 4 2 3 3 2388 2224 2210 2217
13412 4 2 3 3 2220 1671 2248 2219
13413 4 2 3 3 2610 2244 2249 2248
13414 4 2 3 3 2214 2211 2526 1666
13415 4 2 3 3 2254 1507 1867 2380
13416 4 2 3 3 2232 2231 1507 1867
13417 4 2 3 3 2232 2614 2231 1867
13418 4 2 3 3 2231 2254 1507 1867
13419 4 2 3 3 2614 2254 2231 1867
13420 4 2 3 3 1894 2299 1878 2484
13421 4 2 3 3 669 686 701 1263
13422 4 2 3 3 1337 2300 2481 2480
13423 4 2 3 3 673 683 1236 1262
13424 4 2 3 3 1882 1892 1889 1891
13425 4 2 3 3 1882 1881 1889 1892
13426 4 2 3 3 1457 1499 1497 1889
13427 4 2 3 3 1500 1457 1497 1889
13428 4 2 3 3 1457 1500 1499 1889
13429 4 2 3 3 516 532 1439 578
13430 4 2 3 3 1206 2452 2459 1148
13431 4 2 3 3 2167 1228 2460 2459
13432 4 2 3 3 1885 1883 1889 1886
13433 4 2 3 3 2460 2452 1900 2459
13434 4 2 3 3 1204 1885 1439 578
13435 4 2 3 3 1588 1642 1645 318
13436 4 2 3 3 1667 1935 1634 2511
13437 4 2 3 3 1454 1448 1473 2511
13438 4 2 3 3 256 32 1634 319
13439 4 2 3 3 1923 1907 1922 1634
13440 4 2 3 3 33 1578 1669 1634
13441 4 2 3 3 32 256 1634 1476
13442 4 2 3 3 2211 2254 1666 2380
13443 4 2 3 3 2376 2378 2390 2394
13444 4 2 3 3 2378 2564 2392 218
13445 4 2 3 3 2565 2521 1933 2390
13446 4 2 3 3 2598 2521 2391 2390
13447 4 2 3 3 2378 2389 2390 2394
13448 4 2 3 3 2598 1327 2507 2382
13449 4 2 3 3 1671 2427 2437 1666
13450 4 2 3 3 77 32 1944 351
13451 4 2 3 3 77 1944 2411 351
13452 4 2 3 3 2411 1937 351 1944
13453 4 2 3 3 2695 1950 2293 2696
13454 4 2 3 3 1316 2488 2297 2327
13455 4 2 3 3 2488 1316 2530 2327
13456 4 2 3 3 2488 1432 2447 2489
13457 4 2 3 3 2277 2531 2634 1954
13458 4 2 3 3 2540 2408 1431 2489
13459 4 2 3 3 2116 1369 1766 2117
13460 4 2 3 3 2112 2111 1963 1964
13461 4 2 3 3 1786 1722 1798 1788
13462 4 2 3 3 1402 1403 1627 1966
13463 4 2 3 3 1960 1961 1798 1734
13464 4 2 3 3 2695 2293 2402 2696
13465 4 2 3 3 18 1693 98 97
13466 4 2 3 3 1983 1367 1977 1987
13467 4 2 3 3 1674 1675 1987 1692
13468 4 2 3 3 1365 1971 1758 1754
13469 4 2 3 3 1366 1764 1976 1978
13470 4 2 3 3 1962 1979 1990 1988
13471 4 2 3 3 1989 1369 1988 1364
13472 4 2 3 3 1990 1369 1988 1989
13473 4 2 3 3 1695 1532 1787 1625
13474 4 2 3 3 2115 1962 1990 1988
13475 4 2 3 3 2115 1369 1364 1988
13476 4 2 3 3 1369 2115 1990 1988
13477 4 2 3 3 1660 1641 1547 1659
13478 4 2 3 3 1545 266 2630 1854
13479 4 2 3 3 2629 340 28 1854
13480 4 2 3 3 1993 1994 1999 2000
13481 4 2 3 3 1854 2629 2630 2018
13482 4 2 3 3 2003 1854 2630 2018
13483 4 2 3 3 990 971 797 2161
13484 4 2 3 3 1946 1992 2011 2009
13485 4 2 3 3 1994 1993 2009 2002
13486 4 2 3 3 1850 1415 2008 1860
13487 4 2 3 3 2023 1991 2020 2009
13488 4 2 3 3 2017 12 1859 2008
13489 4 2 3 3 2011 2010 2009 2008
13490 4 2 3 3 1862 1863 2011 2008
13491 4 2 3 3 1992 1993 2008 2009
13492 4 2 3 3 1992 2011 2009 2008
13493 4 2 3 3 2148 2156 2263 2021
13494 4 2 3 3 1861 2148 2263 2021
13495 4 2 3 3 1599 2334 2032 2041
13496 4 2 3 3 2593 2158 2040 2208
13497 4 2 3 3 1841 1838 2003 2019
13498 4 2 3 3 2158 2606 890 2040
13499 4 2 3 3 2694 2716 2228 2703
13500 4 2 3 3 2657 2662 2043 2656
13501 4 2 3 3 2659 2657 2043 2656
13502 4 2 3 3 1334 2704 2405 2228
13503 4 2 3 3 2331 2710 2282 2544
13504 4 2 3 3 2508 223 2533 2536
13505 4 2 3 3 1999 2001 1590 1591
13506 4 2 3 3 1837 2060 2054 1836
13507 4 2 3 3 1539 253 49 1535
13508 4 2 3 3 2066 2076 2062 1208
13509 4 2 3 3 1216 136 467 1208
13510 4 2 3 3 2078 2067 2075 1341
13511 4 2 3 3 2069 1529 2062 2076
13512 4 2 3 3 136 2057 137 1208
13513 4 2 3 3 1207 1216 467 1208
13514 4 2 3 3 1378 2079 2075 2078
13515 4 2 3 3 2067 2078 2075 1813
13516 4 2 3 3 1950 2044 2698 2696
13517 4 2 3 3 2105 1849 1824 2107
13518 4 2 3 3 2102 2077 2086 1822
13519 4 2 3 3 4 2101 13 2106
13520 4 2 3 3 2102 2080 2086 2077
13521 4 2 3 3 1749 1817 2109 1822
13522 4 2 3 3 1379 1818 2098 1746
13523 4 2 3 3 1823 1749 2109 1822
13524 4 2 3 3 2101 2102 2109 1822
13525 4 2 3 3 1826 1817 1746 2098
13526 4 2 3 3 1817 1818 1746 2098
13527 4 2 3 3 2101 1816 51 2088
13528 4 2 3 3 2101 2093 13 2106
13529 4 2 3 3 772 8 93 439
13530 4 2 3 3 52 1749 93 94
13531 4 2 3 3 1173 549 514 511
13532 4 2 3 3 509 1173 511 549
13533 4 2 3 3 762 771 769 2120
13534 4 2 3 3 2648 771 768 2120
13535 4 2 3 3 771 762 768 2120
13536 4 2 3 3 509 510 511 1173
13537 4 2 3 3 378 75 908 876
13538 4 2 3 3 1204 1890 1210 522
13539 4 2 3 3 1206 1890 1439 522
13540 4 2 3 3 2135 2136 2134 2514
13541 4 2 3 3 2133 2136 2515 2131
13542 4 2 3 3 2123 2136 2133 2131
13543 4 2 3 3 2650 2143 2644 2641
13544 4 2 3 3 1012 2137 2141 185
13545 4 2 3 3 2145 2645 2641 184
13546 4 2 3 3 2650 2645 2642 2641
13547 4 2 3 3 1890 1206 1210 522
13548 4 2 3 3 1232 642 534 533
13549 4 2 3 3 438 366 952 203
13550 4 2 3 3 388 395 204 438
13551 4 2 3 3 519 1177 534 533
13552 4 2 3 3 202 366 203 813
13553 4 2 3 3 230 2473 2467 229
13554 4 2 3 3 2169 2269 2152 2155
13555 4 2 3 3 2688 2366 2687 2686
13556 4 2 3 3 232 2365 2687 231
13557 4 2 3 3 2154 2366 2687 2688
13558 4 2 3 3 2173 2176 2708 2707
13559 4 2 3 3 2152 2169 2687 1897
13560 4 2 3 3 2363 989 2161 2151
13561 4 2 3 3 948 947 2161 2151
13562 4 2 3 3 2361 2165 1568 2163
13563 4 2 3 3 2268 2355 2351 2042
13564 4 2 3 3 2149 2148 2150 821
13565 4 2 3 3 2587 2584 2307 2457
13566 4 2 3 3 2462 2177 2461 2457
13567 4 2 3 3 2276 2660 2174 2275
13568 4 2 3 3 2660 2276 2174 2175
13569 4 2 3 3 2660 2693 2174 2275
13570 4 2 3 3 2345 1489 2346 2342
13571 4 2 3 3 1239 704 1246 1998
13572 4 2 3 3 1665 2190 1879 2346
13573 4 2 3 3 2440 2432 2601 2599
13574 4 2 3 3 2290 2187 2291 1144
13575 4 2 3 3 2179 2660 2674 2172
13576 4 2 3 3 2676 1446 2664 2172
13577 4 2 3 3 2310 2203 2685 2205
13578 4 2 3 3 2203 2196 2205 2204
13579 4 2 3 3 1161 1170 1776 1177
13580 4 2 3 3 1056 1081 1072 2677
13581 4 2 3 3 2561 2190 2206 2205
13582 4 2 3 3 2189 1492 2205 2561
13583 4 2 3 3 2399 682 679 2314
13584 4 2 3 3 2713 2199 2347 2195
13585 4 2 3 3 2309 2345 1351 1941
13586 4 2 3 3 2345 2309 2558 1639
13587 4 2 3 3 2553 1167 2566 2567
13588 4 2 3 3 1578 2319 1669 1667
13589 4 2 3 3 1226 1140 1635 1924
13590 4 2 3 3 2553 2550 2566 1167
13591 4 2 3 3 1335 2408 2284 2282
13592 4 2 3 3 2230 1251 2204 2226
13593 4 2 3 3 1433 2247 2612 2251
13594 4 2 3 3 2657 2694 2228 2652
13595 4 2 3 3 2661 2672 2674 2658
13596 4 2 3 3 607 1357 1508 2611
13597 4 2 3 3 2601 2438 2434 2599
13598 4 2 3 3 1575 1684 1451 1450
13599 4 2 3 3 2331 2332 2251 2625
13600 4 2 3 3 2542 2625 2251 2612
13601 4 2 3 3 2542 2331 2251 2625
13602 4 2 3 3 2311 2399 2398 2226
13603 4 2 3 3 2628 2399 2226 2387
13604 4 2 3 3 1145 2269 2262 1441
13605 4 2 3 3 1445 2269 2262 1145
13606 4 2 3 3 2354 233 2353 2357
13607 4 2 3 3 2356 233 232 2357
13608 4 2 3 3 2355 2268 2351 2262
13609 4 2 3 3 2166 2269 1441 2262
13610 4 2 3 3 2268 2269 2166 2262
13611 4 2 3 3 2263 2256 2271 2359
13612 4 2 3 3 188 818 2255 896
13613 4 2 3 3 2273 234 2402 2292
13614 4 2 3 3 2256 2264 1866 2271
13615 4 2 3 3 1599 2034 2029 2032
13616 4 2 3 3 2267 817 2271 947
13617 4 2 3 3 2025 2039 1866 2272
13618 4 2 3 3 1522 1500 2501 2302
13619 4 2 3 3 2408 2284 2481 2478
13620 4 2 3 3 2584 2307 2306 2480
13621 4 2 3 3 2279 2300 2481 1868
13622 4 2 3 3 2666 1145 2270 2665
13623 4 2 3 3 1145 1248 2270 1441
13624 4 2 3 3 1221 2290 2291 1144
13625 4 2 3 3 2294 2665 2194 2291
13626 4 2 3 3 2582 2422 2302 1387
13627 4 2 3 3 2419 2306 2304 2305
13628 4 2 3 3 1496 1873 1317 1296
13629 4 2 3 3 2306 1894 2304 2479
13630 4 2 3 3 1487 1893 1462 2302
13631 4 2 3 3 2299 1894 1878 2480
13632 4 2 3 3 1462 1522 2302 1875
13633 4 2 3 3 2212 2213 2316 1518
13634 4 2 3 3 35 1503 1516 2316
13635 4 2 3 3 2323 1503 35 2316
13636 4 2 3 3 1518 35 1516 2316
13637 4 2 3 3 2212 35 1518 2316
13638 4 2 3 3 2246 2247 2238 2245
13639 4 2 3 3 964 2330 2599 2491
13640 4 2 3 3 2438 2432 2434 2599
13641 4 2 3 3 2277 2297 1954 2634
13642 4 2 3 3 2608 1519 2600 2491
13643 4 2 3 3 2277 2278 1870 2534
13644 4 2 3 3 2232 2223 1518 2325
13645 4 2 3 3 1514 2528 2325 2434
13646 4 2 3 3 1424 2326 2237 2238
13647 4 2 3 3 816 2181 2335 2338
13648 4 2 3 3 2596 1644 2336 1549
13649 4 2 3 3 972 796 2340 2336
13650 4 2 3 3 2520 2417 1648 2336
13651 4 2 3 3 2338 1444 2337 2335
13652 4 2 3 3 2417 1648 2336 2415
13653 4 2 3 3 889 884 888 2349
13654 4 2 3 3 2637 889 888 2349
13655 4 2 3 3 74 884 997 2349
13656 4 2 3 3 2637 166 976 2349
13657 4 2 3 3 889 2637 976 2349
13658 4 2 3 3 884 889 976 2349
13659 4 2 3 3 2165 2166 2164 2163
13660 4 2 3 3 1847 2258 1845 1864
13661 4 2 3 3 2257 2005 2264 1416
13662 4 2 3 3 913 2400 2417 875
13663 4 2 3 3 2384 1636 2568 2555
13664 4 2 3 3 2196 2203 2685 2675
13665 4 2 3 3 939 982 2381 2254
13666 4 2 3 3 939 219 218 2381
13667 4 2 3 3 2389 2378 2392 218
13668 4 2 3 3 2397 2388 2393 2396
13669 4 2 3 3 1673 2388 2393 2397
13670 4 2 3 3 2558 2398 2313 2206
13671 4 2 3 3 2568 1253 2313 2556
13672 4 2 3 3 1927 1670 1922 1930
13673 4 2 3 3 2201 2397 2603 2379
13674 4 2 3 3 228 2586 227 2424
13675 4 2 3 3 2472 2470 2468 2502
13676 4 2 3 3 2485 2586 2424 227
13677 4 2 3 3 1003 2404 2502 2468
13678 4 2 3 3 2472 2451 2468 2469
13679 4 2 3 3 2421 1462 2502 2468
13680 4 2 3 3 911 912 2415 910
13681 4 2 3 3 2209 911 2415 910
13682 4 2 3 3 2182 2185 1842 2337
13683 4 2 3 3 2159 2209 2415 867
13684 4 2 3 3 2367 2159 2415 867
13685 4 2 3 3 1644 2596 2336 1648
13686 4 2 3 3 2520 1662 2340 2336
13687 4 2 3 3 2596 2209 2336 1648
13688 4 2 3 3 2377 2373 1944 2414
13689 4 2 3 3 2427 77 1944 2414
13690 4 2 3 3 2373 2372 2437 2414
13691 4 2 3 3 2372 2437 2414 2436
13692 4 2 3 3 2321 854 2435 853
13693 4 2 3 3 2427 2426 2414 2436
13694 4 2 3 3 2507 2382 1666 2380
13695 4 2 3 3 859 2377 858 2414
13696 4 2 3 3 33 78 2414 2426
13697 4 2 3 3 2373 2374 2437 1637
13698 4 2 3 3 2437 2427 2436 1666
13699 4 2 3 3 78 856 2414 2426
13700 4 2 3 3 2437 2427 2414 2436
13701 4 2 3 3 77 2377 1944 2414
13702 4 2 3 3 33 78 77 2414
13703 4 2 3 3 2573 1874 2578 1869
13704 4 2 3 3 2439 2442 2579 2634
13705 4 2 3 3 2474 2475 2579 1844
13706 4 2 3 3 2531 2280 2296 2579
13707 4 2 3 3 2448 1844 2579 2578
13708 4 2 3 3 1869 2475 2578 2579
13709 4 2 3 3 1891 2452 2459 1900
13710 4 2 3 3 1148 2452 2459 1891
13711 4 2 3 3 1177 1232 534 533
13712 4 2 3 3 1407 1782 1405 1776
13713 4 2 3 3 43 1881 1498 2590
13714 4 2 3 3 1487 2592 2470 2590
13715 4 2 3 3 893 2497 2500 965
13716 4 2 3 3 2470 1892 2633 2469
13717 4 2 3 3 1893 1880 1899 2469
13718 4 2 3 3 2472 2465 2469 2633
13719 4 2 3 3 554 1311 646 555
13720 4 2 3 3 1945 42 2590 2592
13721 4 2 3 3 1870 2300 2481 2478
13722 4 2 3 3 2278 1870 2284 2478
13723 4 2 3 3 2407 1868 2481 2284
13724 4 2 3 3 2407 2307 2481 1868
13725 4 2 3 3 1868 1870 2481 2284
13726 4 2 3 3 2300 1870 2481 1868
13727 4 2 3 3 2661 2662 2652 1077
13728 4 2 3 3 554 498 1311 555
13729 4 2 3 3 647 1311 556 555
13730 4 2 3 3 2701 1079 1087 1094
13731 4 2 3 3 2636 2498 1462 2577
13732 4 2 3 3 2575 2636 1462 2577
13733 4 2 3 3 2419 2306 2471 2468
13734 4 2 3 3 1893 2419 2304 2418
13735 4 2 3 3 2452 2453 2418 2304
13736 4 2 3 3 2499 2572 2577 2425
13737 4 2 3 3 41 1522 2501 1462
13738 4 2 3 3 2503 2497 2425 2577
13739 4 2 3 3 1462 2421 2502 2501
13740 4 2 3 3 196 197 405 2514
13741 4 2 3 3 405 2515 404 2514
13742 4 2 3 3 196 405 404 2514
13743 4 2 3 3 195 196 404 2514
13744 4 2 3 3 2134 195 404 2514
13745 4 2 3 3 1876 1336 2303 1875
13746 4 2 3 3 1311 498 556 555
13747 4 2 3 3 2608 2325 2599 2600
13748 4 2 3 3 849 2433 2525 2527
13749 4 2 3 3 849 956 2525 963
13750 4 2 3 3 1311 2444 555 647
13751 4 2 3 3 2528 2430 2527 2434
13752 4 2 3 3 2433 849 2525 963
13753 4 2 3 3 35 2212 1518 2523
13754 4 2 3 3 2232 2231 2525 1507
13755 4 2 3 3 2329 1433 2227 2613
13756 4 2 3 3 2617 2331 1433 2227
13757 4 2 3 3 2617 2615 2626 2227
13758 4 2 3 3 1519 2613 2620 2536
13759 4 2 3 3 2443 1951 1953 2281
13760 4 2 3 3 1244 684 1242 1252
13761 4 2 3 3 1261 2628 2547 2624
13762 4 2 3 3 2585 1337 1242 2481
13763 4 2 3 3 2190 2559 2603 2206
13764 4 2 3 3 2308 1146 2603 2206
13765 4 2 3 3 2311 1146 2558 2207
13766 4 2 3 3 2311 2398 2558 1146
13767 4 2 3 3 2188 1664 2347 1254
13768 4 2 3 3 1928 1940 1943 2555
13769 4 2 3 3 2191 2207 2347 2558
13770 4 2 3 3 2188 2713 2347 2195
13771 4 2 3 3 1315 1425 1595 2569
13772 4 2 3 3 1517 2442 1952 38
13773 4 2 3 3 1293 1458 2569 1871
13774 4 2 3 3 1597 1315 1595 2569
13775 4 2 3 3 1458 1597 1595 2569
13776 4 2 3 3 1293 1458 1595 2569
13777 4 2 3 3 2572 2571 2580 2449
13778 4 2 3 3 2572 2574 2580 2571
13779 4 2 3 3 2474 2301 2580 2449
13780 4 2 3 3 2476 2301 2580 2474
13781 4 2 3 3 2484 1298 1460 1877
13782 4 2 3 3 2573 1869 2578 2570
13783 4 2 3 3 2258 1846 1230 2259
13784 4 2 3 3 990 989 2161 2162
13785 4 2 3 3 1800 2363 2631 2162
13786 4 2 3 3 1950 2698 2697 2696
13787 4 2 3 3 2563 2559 1920 2603
13788 4 2 3 3 1146 2311 2205 2207
13789 4 2 3 3 2562 2559 1920 2563
13790 4 2 3 3 2559 1665 2557 1920
13791 4 2 3 3 1665 1662 2557 2549
13792 4 2 3 3 2432 2438 2601 2599
13793 4 2 3 3 2212 2245 2239 2238
13794 4 2 3 3 2247 2223 2238 2245
13795 4 2 3 3 2132 2144 2641 2129
13796 4 2 3 3 2223 2245 1518 2238
13797 4 2 3 3 2142 2141 2641 2129
13798 4 2 3 3 2649 2142 2641 2129
13799 4 2 3 3 2327 2530 2621 2326
13800 4 2 3 3 2623 2624 1143 1513
13801 4 2 3 3 2328 2326 2621 2238
13802 4 2 3 3 2451 2472 2468 799
13803 4 2 3 3 1893 1880 2469 2471
13804 4 2 3 3 1892 2452 1899 2418
13805 4 2 3 3 2497 893 2425 2502
13806 4 2 3 3 1892 1882 1899 1891
13807 4 2 3 3 2143 2138 2493 2644
13808 4 2 3 3 2496 2650 2143 2644
13809 4 2 3 3 2495 2143 2493 2644
13810 4 2 3 3 2496 2495 2493 2644
13811 4 2 3 3 2495 2496 2143 2644
13812 4 2 3 3 2269 2268 2152 2154
13813 4 2 3 3 1897 2473 2707 2467
13814 4 2 3 3 2275 2203 2675 2710
13815 4 2 3 3 2207 2311 2205 2204
13816 4 2 3 3 1600 2295 2667 2666
13817 4 2 3 3 1079 1077 2652 1076
13818 4 2 3 3 2289 1445 2262 2665
13819 4 2 3 3 2155 2169 2270 2668
13820 4 2 3 3 2178 2672 2677 2655
13821 4 2 3 3 2715 2178 2677 2655
13822 4 2 3 3 1067 2672 2655 2677
13823 4 2 3 3 2715 1067 2655 2677
13824 4 2 3 3 2715 2682 2172 2655
13825 4 2 3 3 2178 2683 2196 2172
13826 4 2 3 3 2683 2682 2172 2715
13827 4 2 3 3 2444 1422 555 647
13828 4 2 3 3 2672 2673 2674 2677
13829 4 2 3 3 2036 2683 2654 2663
13830 4 2 3 3 1334 2694 2228 2657
13831 4 2 3 3 2332 2331 2282 2625
13832 4 2 3 3 2331 2626 2229 2710
13833 4 2 3 3 1957 2535 2533 2544
13834 4 2 3 3 2659 2658 2043 2674
13835 4 2 3 3 2563 2560 1921 2685
13836 4 2 3 3 2700 2694 2652 2228
13837 4 2 3 3 2680 2679 2710 2699
13838 4 2 3 3 2660 2659 2674 2172
13839 4 2 3 3 878 879 85 832
13840 4 2 3 3 1422 2444 555 1311
13841 4 2 3 3 1336 1296 2303 1875
13842 4 2 3 3 2422 1336 1876 1875
13843 4 2 3 3 86 872 922 953
13844 4 2 3 3 1336 2422 1296 1875
13845 4 2 3 3 2167 1900 1886 2459
13846 4 2 3 3 2684 2673 2685 2705
13847 4 2 3 3 1891 1882 1886 1889
13848 4 2 3 3 946 829 1945 831
13849 4 2 3 3 1806 1881 1886 1809
13850 4 2 3 3 1223 1342 588 478
13851 4 2 3 3 946 834 831 2503
13852 4 2 3 3 1945 946 831 2503
13853 4 2 3 3 2105 2094 2107 2106
13854 4 2 3 3 2074 2088 13 2073
13855 4 2 3 3 2093 2094 2106 2101
13856 4 2 3 3 1212 1540 1835 1820
13857 4 2 3 3 1816 2101 2074 2088
13858 4 2 3 3 2068 1819 2053 2054
13859 4 2 3 3 13 51 2088 2101
13860 4 2 3 3 773 442 809 74
13861 4 2 3 3 1881 1806 1886 1889
13862 4 2 3 3 1881 1882 1886 1809
13863 4 2 3 3 1882 1881 1886 1889
13864 4 2 3 3 2673 2684 2685 2677
13865 4 2 3 3 2681 2659 2691 2707
13866 4 2 3 3 2471 2419 1897 1898
13867 4 2 3 3 1901 2419 1897 2471
13868 4 2 3 3 1522 2576 2302 1875
13869 4 2 3 3 1877 1462 2302 1875
13870 4 2 3 3 2484 1894 1877 1462
13871 4 2 3 3 2484 2636 1462 1877
13872 4 2 3 3 999 943 434 942
13873 4 2 3 3 2636 2498 2577 2425
13874 4 2 3 3 2177 2170 2456 2176
13875 4 2 3 3 2420 2176 2457 2456
13876 4 2 3 3 2169 2170 2456 2168
13877 4 2 3 3 18 168 94 767
13878 4 2 3 3 13 51 2101 4
13879 4 2 3 3 2101 8 4 51
13880 4 2 3 3 1324 1478 1702 1701
13881 4 2 3 3 1632 1324 1701 1307
13882 4 2 3 3 1633 1632 1701 1628
13883 4 2 3 3 1698 1184 1699 1700
13884 4 2 3 3 1606 1617 260 60
13885 4 2 3 3 1629 1696 1701 1702
13886 4 2 3 3 2162 990 797 2161
13887 4 2 3 3 971 2356 797 2161
13888 4 2 3 3 1552 1550 1538 1535
13889 4 2 3 3 2177 2461 2457 2456
13890 4 2 3 3 1928 2312 1908 1926
13891 4 2 3 3 1913 1915 1657 1908
13892 4 2 3 3 2571 2574 39 83
13893 4 2 3 3 1940 1915 1913 1908
13894 4 2 3 3 395 84 1006 83
13895 4 2 3 3 204 438 203 390
13896 4 2 3 3 1939 1913 1657 1908
13897 4 2 3 3 1737 1412 329 347
13898 4 2 3 3 1749 1762 1979 95
13899 4 2 3 3 772 168 93 8
13900 4 2 3 3 168 767 424 94
13901 4 2 3 3 1962 2115 1965 1988
13902 4 2 3 3 1939 1940 1913 1908
13903 4 2 3 3 2378 217 974 2522
13904 4 2 3 3 2557 2520 2522 1919
13905 4 2 3 3 595 619 621 1340
13906 4 2 3 3 2400 913 2522 974
13907 4 2 3 3 672 2551 458 116
13908 4 2 3 3 216 2520 2522 2557
13909 4 2 3 3 217 2562 216 2522
13910 4 2 3 3 2598 1327 1930 2437
13911 4 2 3 3 2057 450 138 1211
13912 4 2 3 3 1213 1856 1219 1580
13913 4 2 3 3 1670 1669 1922 1930
13914 4 2 3 3 139 1215 138 1231
13915 4 2 3 3 1225 1231 138 1219
13916 4 2 3 3 1670 1671 1669 1930
13917 4 2 3 3 1837 1213 1856 1219
13918 4 2 3 3 1171 1336 632 559
13919 4 2 3 3 557 558 1317 632
13920 4 2 3 3 620 713 150 149
13921 4 2 3 3 1293 1185 1317 502
13922 4 2 3 3 2427 1671 2437 1930
13923 4 2 3 3 2375 2427 2437 1930
13924 4 2 3 3 460 1235 720 600
13925 4 2 3 3 460 1269 712 720
13926 4 2 3 3 460 160 159 720
13927 4 2 3 3 1669 2427 1922 1930
13928 4 2 3 3 442 969 792 951
13929 4 2 3 3 1671 2427 1669 1930
13930 4 2 3 3 1185 1292 1317 502
13931 4 2 3 3 502 557 1317 556
13932 4 2 3 3 412 782 105 19
13933 4 2 3 3 1532 103 369 437
13934 4 2 3 3 417 2519 2513 2643
13935 4 2 3 3 2650 2645 2643 2642
13936 4 2 3 3 367 411 408 2643
13937 4 2 3 3 417 432 371 2643
13938 4 2 3 3 2645 394 2643 183
13939 4 2 3 3 2144 2133 2642 2130
13940 4 2 3 3 2221 1932 1931 2555
13941 4 2 3 3 530 1973 582 643
13942 4 2 3 3 2565 1932 1941 1931
13943 4 2 3 3 2602 2565 1941 1931
13944 4 2 3 3 2565 1934 1920 1941
13945 4 2 3 3 1934 2565 1932 1941
13946 4 2 3 3 1871 1458 2569 1952
13947 4 2 3 3 395 388 204 205
13948 4 2 3 3 365 999 434 85
13949 4 2 3 3 1458 1597 2569 1952
13950 4 2 3 3 1517 1315 1428 1952
13951 4 2 3 3 2495 2143 390 204
13952 4 2 3 3 455 1156 567 654
13953 4 2 3 3 2417 2520 2549 2522
13954 4 2 3 3 2400 2378 2376 974
13955 4 2 3 3 2378 2565 2564 2522
13956 4 2 3 3 2564 2565 2602 2522
13957 4 2 3 3 2716 2692 2588 2653
13958 4 2 3 3 2692 2690 2588 2653
13959 4 2 3 3 979 1003 2424 2404
13960 4 2 3 3 2301 959 2424 2404
13961 4 2 3 3 2404 2421 2502 2468
13962 4 2 3 3 2279 2300 1868 2588
13963 4 2 3 3 1280 757 654 1266
13964 4 2 3 3 1503 36 1510 250
13965 4 2 3 3 1501 2323 250 307
13966 4 2 3 3 1503 2323 250 1501
13967 4 2 3 3 305 1426 303 304
13968 4 2 3 3 307 1501 305 250
13969 4 2 3 3 1426 1501 317 305
13970 4 2 3 3 1501 1502 1571 1504
13971 4 2 3 3 1315 1597 1428 1952
13972 4 2 3 3 1404 1719 1409 261
13973 4 2 3 3 1266 1280 1156 654
13974 4 2 3 3 1719 1730 1409 261
13975 4 2 3 3 345 333 1475 272
13976 4 2 3 3 2125 400 2647 401
13977 4 2 3 3 2135 2134 2647 401
13978 4 2 3 3 455 1266 1156 654
13979 4 2 3 3 1725 1852 1557 1711
13980 4 2 3 3 1540 1828 1557 2089
13981 4 2 3 3 376 781 380 381
13982 4 2 3 3 169 782 106 423
13983 4 2 3 3 1871 1458 1952 39
13984 4 2 3 3 1533 1435 1482 1295
13985 4 2 3 3 1533 1435 287 1482
13986 4 2 3 3 961 999 434 942
13987 4 2 3 3 1499 1521 1333 1461
13988 4 2 3 3 1459 1496 1875 40
13989 4 2 3 3 1851 288 325 1383
13990 4 2 3 3 289 1598 1482 336
13991 4 2 3 3 1458 1597 1952 39
13992 4 2 3 3 1532 1723 1787 1963
13993 4 2 3 3 1598 1459 294 1496
13994 4 2 3 3 1426 317 304 305
13995 4 2 3 3 1610 302 1601 1603
13996 4 2 3 3 1426 1423 1312 1601
13997 4 2 3 3 1717 2110 1963 2096
13998 4 2 3 3 307 1501 1504 306
13999 4 2 3 3 1425 1315 1597 1428
14000 4 2 3 3 1523 257 1577 1525
14001 4 2 3 3 2318 2319 1525 2317
14002 4 2 3 3 257 1578 1525 33
14003 4 2 3 3 2110 1717 1963 1723
14004 4 2 3 3 2110 1966 1963 2096
14005 4 2 3 3 1966 2110 1963 1723
14006 4 2 3 3 85 879 434 932
14007 4 2 3 3 1336 1171 665 559
14008 4 2 3 3 1608 1533 1482 1295
14009 4 2 3 3 386 205 434 942
14010 4 2 3 3 1171 1336 665 2583
14011 4 2 3 3 206 386 942 205
14012 4 2 3 3 1390 330 282 349
14013 4 2 3 3 383 2506 381 426
14014 4 2 3 3 1206 1158 665 580
14015 4 2 3 3 280 1390 1542 282
14016 4 2 3 3 2147 2646 778 381
14017 4 2 3 3 2506 383 381 382
14018 4 2 3 3 2147 2146 2646 381
14019 4 2 3 3 1786 359 1793 1722
14020 4 2 3 3 1834 1713 1832 1721
14021 4 2 3 3 2422 2452 2423 1148
14022 4 2 3 3 1730 66 337 261
14023 4 2 3 3 1206 2583 665 1158
14024 4 2 3 3 1966 2108 1787 1963
14025 4 2 3 3 1723 1966 1787 1963
14026 4 2 3 3 2506 2146 382 381
14027 4 2 3 3 2146 2506 2646 381
14028 4 2 3 3 1248 697 678 676
14029 4 2 3 3 1016 2132 2141 2129
14030 4 2 3 3 1032 2651 2128 1019
14031 4 2 3 3 1024 201 2512 1044
14032 4 2 3 3 1034 1045 2129 2128
14033 4 2 3 3 2122 1032 2131 2128
14034 4 2 3 3 400 2125 194 401
14035 4 2 3 3 739 740 756 1974
14036 4 2 3 3 430 2135 402 403
14037 4 2 3 3 1761 1759 1974 1767
14038 4 2 3 3 669 703 687 1244
14039 4 2 3 3 1951 1315 1428 1517
14040 4 2 3 3 686 669 687 1244
14041 4 2 3 3 200 410 414 372
14042 4 2 3 3 1760 1381 1974 1759
14043 4 2 3 3 1759 1380 1974 1767
14044 4 2 3 3 202 201 425 413
14045 4 2 3 3 1380 1381 1974 1767
14046 4 2 3 3 1381 1380 1974 1759
14047 4 2 3 3 1990 1979 1985 1988
14048 4 2 3 3 2651 197 405 436
14049 4 2 3 3 2651 198 197 436
14050 4 2 3 3 1764 1990 1985 1986
14051 4 2 3 3 1764 1980 1985 1990
14052 4 2 3 3 465 127 709 126
14053 4 2 3 3 465 696 709 127
14054 4 2 3 3 778 2646 447 381
14055 4 2 3 3 2646 426 447 381
14056 4 2 3 3 426 2646 447 778
14057 4 2 3 3 56 55 96 1985
14058 4 2 3 3 1390 261 283 282
14059 4 2 3 3 2552 1925 458 1167
14060 4 2 3 3 1925 2552 458 592
14061 4 2 3 3 56 1984 55 1985
14062 4 2 3 3 55 358 96 1985
14063 4 2 3 3 746 1289 731 745
14064 4 2 3 3 1289 713 731 745
14065 4 2 3 3 358 55 1980 1985
14066 4 2 3 3 139 1215 1231 1996
14067 4 2 3 3 601 157 456 742
14068 4 2 3 3 1163 755 742 456
14069 4 2 3 3 601 1163 742 456
14070 4 2 3 3 158 157 601 742
14071 4 2 3 3 475 1583 1581 478
14072 4 2 3 3 594 1223 588 478
14073 4 2 3 3 1585 477 1343 479
14074 4 2 3 3 1163 158 601 742
14075 4 2 3 3 144 583 461 753
14076 4 2 3 3 1191 482 479 481
14077 4 2 3 3 144 145 753 461
14078 4 2 3 3 145 741 753 461
14079 4 2 3 3 2013 139 1231 1996
14080 4 2 3 3 487 560 490 1188
14081 4 2 3 3 1683 1684 1329 1682
14082 4 2 3 3 1356 560 1188 524
14083 4 2 3 3 1018 1026 2139 181
14084 4 2 3 3 1422 647 612 555
14085 4 2 3 3 1215 1999 1231 1996
14086 4 2 3 3 1297 1479 1700 1318
14087 4 2 3 3 1171 558 1317 1199
14088 4 2 3 3 1171 1199 1317 1296
14089 4 2 3 3 1542 1554 1560 1559
14090 4 2 3 3 1959 1170 1397 1732
14091 4 2 3 3 1555 1554 1542 1559
14092 4 2 3 3 1804 517 513 1385
14093 4 2 3 3 1563 517 1804 1385
14094 4 2 3 3 1174 1172 1608 1209
14095 4 2 3 3 1999 2001 1231 1996
14096 4 2 3 3 119 608 711 457
14097 4 2 3 3 1995 2001 1999 1996
14098 4 2 3 3 1258 667 711 457
14099 4 2 3 3 466 121 700 699
14100 4 2 3 3 2695 2006 1949 2007
14101 4 2 3 3 2289 2695 2044 2007
14102 4 2 3 3 587 648 1714 546
14103 4 2 3 3 572 587 1233 546
14104 4 2 3 3 2695 1950 2044 2007
14105 4 2 3 3 2294 2665 2007 2194
14106 4 2 3 3 2044 2294 2007 2194
14107 4 2 3 3 2294 2044 2007 2665
14108 4 2 3 3 2002 2629 14 2018
14109 4 2 3 3 2031 2033 2018 2019
14110 4 2 3 3 2629 1 73 14
14111 4 2 3 3 2033 2020 2018 2019
14112 4 2 3 3 1872 1871 2446 2445
14113 4 2 3 3 1387 2418 2302 2304
14114 4 2 3 3 1432 615 613 1319
14115 4 2 3 3 2639 2028 2638 2029
14116 4 2 3 3 518 1203 481 568
14117 4 2 3 3 1203 518 1376 568
14118 4 2 3 3 945 2365 2162 797
14119 4 2 3 3 990 945 2162 797
14120 4 2 3 3 2274 2363 2161 2151
14121 4 2 3 3 2274 2361 2360 2161
14122 4 2 3 3 1228 2167 1439 2459
14123 4 2 3 3 1149 1228 1262 1158
14124 4 2 3 3 673 696 683 1262
14125 4 2 3 3 1805 1803 1558 1384
14126 4 2 3 3 1228 579 578 645
14127 4 2 3 3 1885 1204 1439 1890
14128 4 2 3 3 641 520 590 1226
14129 4 2 3 3 2148 2037 819 2255
14130 4 2 3 3 1163 1235 1778 533
14131 4 2 3 3 1283 747 1288 755
14132 4 2 3 3 2149 2148 821 819
14133 4 2 3 3 2148 2149 2255 819
14134 4 2 3 3 821 2149 819 2151
14135 4 2 3 3 1283 715 747 755
14136 4 2 3 3 156 715 657 755
14137 4 2 3 3 873 821 819 2151
14138 4 2 3 3 2149 873 819 2151
14139 4 2 3 3 851 79 852 920
14140 4 2 3 3 28 2349 2040 2158
14141 4 2 3 3 28 2349 2158 74
14142 4 2 3 3 2349 890 2040 931
14143 4 2 3 3 1422 1421 646 612
14144 4 2 3 3 671 454 611 1256
14145 4 2 3 3 2158 2349 2040 931
14146 4 2 3 3 857 78 918 885
14147 4 2 3 3 77 918 78 435
14148 4 2 3 3 651 1282 623 463
14149 4 2 3 3 233 234 2663 2358
14150 4 2 3 3 2654 234 2663 1061
14151 4 2 3 3 738 463 162 623
14152 4 2 3 3 752 738 162 623
14153 4 2 3 3 1282 463 738 623
14154 4 2 3 3 752 1282 738 623
14155 4 2 3 3 803 967 435 918
14156 4 2 3 3 78 803 435 918
14157 4 2 3 3 890 2158 2040 931
14158 4 2 3 3 817 794 2271 896
14159 4 2 3 3 5 2637 2040 2349
14160 4 2 3 3 807 1004 2051 2046
14161 4 2 3 3 2255 2038 2051 187
14162 4 2 3 3 807 2255 2051 187
14163 4 2 3 3 1884 1885 516 1439
14164 4 2 3 3 2069 2070 2062 2068
14165 4 2 3 3 1805 1204 512 516
14166 4 2 3 3 1805 516 512 513
14167 4 2 3 3 1228 1236 645 599
14168 4 2 3 3 1406 1882 1809 1886
14169 4 2 3 3 1227 2066 2062 1208
14170 4 2 3 3 2057 1227 2056 1208
14171 4 2 3 3 1529 2068 2062 1814
14172 4 2 3 3 1213 2057 2056 1208
14173 4 2 3 3 2066 1227 2062 2065
14174 4 2 3 3 2066 2070 2062 2076
14175 4 2 3 3 2070 2066 2062 2065
14176 4 2 3 3 1814 2068 2073 2074
14177 4 2 3 3 608 119 711 118
14178 4 2 3 3 1258 2240 710 667
14179 4 2 3 3 682 1639 690 689
14180 4 2 3 3 2068 1814 2073 1813
14181 4 2 3 3 1026 1031 1018 2139
14182 4 2 3 3 2669 2466 2369 2197
14183 4 2 3 3 2671 2199 679 689
14184 4 2 3 3 2199 2671 2713 689
14185 4 2 3 3 1836 1544 2084 1537
14186 4 2 3 3 442 773 809 951
14187 4 2 3 3 773 442 770 951
14188 4 2 3 3 770 171 951 170
14189 4 2 3 3 671 122 700 1180
14190 4 2 3 3 792 770 951 170
14191 4 2 3 3 773 171 809 951
14192 4 2 3 3 773 770 171 951
14193 4 2 3 3 1031 2146 1018 2139
14194 4 2 3 3 685 2628 688 681
14195 4 2 3 3 693 682 688 1253
14196 4 2 3 3 694 2552 1258 711
14197 4 2 3 3 2552 608 1258 711
14198 4 2 3 3 608 2552 694 711
14199 4 2 3 3 814 428 907 984
14200 4 2 3 3 428 378 75 984
14201 4 2 3 3 1825 1279 743 724
14202 4 2 3 3 1270 724 743 722
14203 4 2 3 3 716 737 743 1279
14204 4 2 3 3 428 907 984 962
14205 4 2 3 3 1282 752 738 743
14206 4 2 3 3 1607 1481 1274 1624
14207 4 2 3 3 75 378 908 984
14208 4 2 3 3 747 729 732 1288
14209 4 2 3 3 1288 1783 1275 2718
14210 4 2 3 3 1272 1271 1273 1626
14211 4 2 3 3 2334 2160 2337 2335
14212 4 2 3 3 2208 1001 2335 973
14213 4 2 3 3 1082 2714 2677 1072
14214 4 2 3 3 2714 2715 2677 1072
14215 4 2 3 3 2714 1082 1095 1072
14216 4 2 3 3 1237 1163 601 456
14217 4 2 3 3 1026 777 2139 181
14218 4 2 3 3 970 2209 973 2208
14219 4 2 3 3 892 970 973 2208
14220 4 2 3 3 2130 2640 2128 2513
14221 4 2 3 3 2127 779 2139 2140
14222 4 2 3 3 777 784 2139 181
14223 4 2 3 3 2646 2147 2140 2139
14224 4 2 3 3 1035 2138 1039 2505
14225 4 2 3 3 1828 2083 1540 1820
14226 4 2 3 3 2684 2705 2685 2379
14227 4 2 3 3 902 88 810 955
14228 4 2 3 3 1081 1070 1072 2677
14229 4 2 3 3 88 441 810 788
14230 4 2 3 3 2498 2421 1462 2501
14231 4 2 3 3 2715 1067 1072 1073
14232 4 2 3 3 1073 2715 1095 1072
14233 4 2 3 3 2513 2640 2128 2512
14234 4 2 3 3 2144 2640 2128 2130
14235 4 2 3 3 178 785 975 793
14236 4 2 3 3 1207 1815 1821 2095
14237 4 2 3 3 762 1027 1017 173
14238 4 2 3 3 948 873 947 2151
14239 4 2 3 3 2267 2353 2161 2360
14240 4 2 3 3 817 2356 2161 2353
14241 4 2 3 3 948 873 2151 989
14242 4 2 3 3 85 879 932 832
14243 4 2 3 3 769 2124 775 1017
14244 4 2 3 3 2124 1048 775 1017
14245 4 2 3 3 762 769 1017 2120
14246 4 2 3 3 1027 762 1017 2120
14247 4 2 3 3 2123 1037 2134 1028
14248 4 2 3 3 195 2134 1028 2514
14249 4 2 3 3 2134 195 1028 1042
14250 4 2 3 3 2526 2211 2524 2435
14251 4 2 3 3 2525 956 853 898
14252 4 2 3 3 924 2507 2435 2254
14253 4 2 3 3 2368 75 2367 864
14254 4 2 3 3 75 866 864 865
14255 4 2 3 3 196 195 1028 2514
14256 4 2 3 3 1014 2138 1039 1035
14257 4 2 3 3 378 969 909 814
14258 4 2 3 3 74 378 909 876
14259 4 2 3 3 1815 1207 2099 2095
14260 4 2 3 3 378 442 74 909
14261 4 2 3 3 1165 1715 2095 1821
14262 4 2 3 3 2124 1048 1017 1040
14263 4 2 3 3 2137 2138 2505 1039
14264 4 2 3 3 992 366 813 952
14265 4 2 3 3 836 932 84 886
14266 4 2 3 3 395 961 1006 84
14267 4 2 3 3 839 836 84 886
14268 4 2 3 3 2138 2137 1014 1039
14269 4 2 3 3 804 395 952 204
14270 4 2 3 3 2092 1165 2095 1821
14271 4 2 3 3 2092 1715 2095 1165
14272 4 2 3 3 850 2320 853 852
14273 4 2 3 3 2104 2119 2106 2118
14274 4 2 3 3 197 2651 1033 1050
14275 4 2 3 3 198 2651 197 1050
14276 4 2 3 3 2654 1054 1062 1061
14277 4 2 3 3 378 814 908 984
14278 4 2 3 3 1088 2654 1062 1061
14279 4 2 3 3 2403 2654 24 1061
14280 4 2 3 3 851 79 920 921
14281 4 2 3 3 234 2403 24 1061
14282 4 2 3 3 2403 234 2654 1061
14283 4 2 3 3 2102 2119 2107 2106
14284 4 2 3 3 850 851 2320 852
14285 4 2 3 3 855 2321 852 854
14286 4 2 3 3 2102 2109 2119 2106
14287 4 2 3 3 2115 2108 2117 2096
14288 4 2 3 3 1080 2684 1083 2395
14289 4 2 3 3 1626 2113 2117 2108
14290 4 2 3 3 2087 2097 2096 2117
14291 4 2 3 3 2086 2087 2096 2117
14292 4 2 3 3 2087 2086 2097 2117
14293 4 2 3 3 207 1022 2504 1041
14294 4 2 3 3 830 86 827 1895
14295 4 2 3 3 1945 829 830 831
14296 4 2 3 3 830 827 86 953
14297 4 2 3 3 2560 2684 2685 2379
14298 4 2 3 3 2640 2129 2128 2512
14299 4 2 3 3 2325 2232 2324 2523
14300 4 2 3 3 2325 2608 2599 2324
14301 4 2 3 3 2525 2527 2324 2523
14302 4 2 3 3 900 956 963 2525
14303 4 2 3 3 2519 2513 2128 2512
14304 4 2 3 3 938 2433 963 937
14305 4 2 3 3 2519 2130 2128 2513
14306 4 2 3 3 2640 2144 2128 2129
14307 4 2 3 3 1972 1377 1361 1142
14308 4 2 3 3 441 785 793 975
14309 4 2 3 3 904 441 793 975
14310 4 2 3 3 441 788 975 810
14311 4 2 3 3 441 785 975 788
14312 4 2 3 3 1971 1970 1375 1142
14313 4 2 3 3 1972 1971 1375 1142
14314 4 2 3 3 1971 1972 1970 1142
14315 4 2 3 3 195 404 435 368
14316 4 2 3 3 1214 1983 1377 1361
14317 4 2 3 3 1982 1214 1376 1361
14318 4 2 3 3 1969 1970 1361 1142
14319 4 2 3 3 1982 1969 1361 1376
14320 4 2 3 3 2638 2606 2637 808
14321 4 2 3 3 1264 1624 1273 1623
14322 4 2 3 3 1202 1615 1372 1690
14323 4 2 3 3 166 976 809 15
14324 4 2 3 3 1286 1289 1153 1624
14325 4 2 3 3 2606 890 2349 808
14326 4 2 3 3 1178 1289 1153 1286
14327 4 2 3 3 1620 1286 1153 1624
14328 4 2 3 3 1620 1178 1153 1286
14329 4 2 3 3 751 717 649 1164
14330 4 2 3 3 198 2651 1050 1019
14331 4 2 3 3 2518 199 1043 1019
14332 4 2 3 3 805 916 368 986
14333 4 2 3 3 877 428 984 962
14334 4 2 3 3 509 519 1175 1170
14335 4 2 3 3 2124 1037 2123 1040
14336 4 2 3 3 769 174 173 1017
14337 4 2 3 3 869 75 908 877
14338 4 2 3 3 1173 509 1175 1170
14339 4 2 3 3 509 1173 1175 1172
14340 4 2 3 3 2138 1021 2143 1029
14341 4 2 3 3 1188 1573 1328 1524
14342 4 2 3 3 1573 1198 1328 1329
14343 4 2 3 3 1188 1198 1197 1328
14344 4 2 3 3 1198 1329 1197 1328
14345 4 2 3 3 1668 1356 1186 1328
14346 4 2 3 3 1021 1036 2143 1029
14347 4 2 3 3 1573 1574 1450 1328
14348 4 2 3 3 75 877 984 908
14349 4 2 3 3 1356 1354 1188 1328
14350 4 2 3 3 1576 2517 1328 2516
14351 4 2 3 3 2124 2120 1052 1030
14352 4 2 3 3 2124 2125 1052 2120
14353 4 2 3 3 2178 2715 2172 2655
14354 4 2 3 3 1446 2366 2664 2154
14355 4 2 3 3 1446 2683 2664 2172
14356 4 2 3 3 487 1188 1197 1186
14357 4 2 3 3 1188 487 1197 1198
14358 4 2 3 3 2688 2366 2663 2664
14359 4 2 3 3 1069 2657 1074 2656
14360 4 2 3 3 1089 2657 1074 1075
14361 4 2 3 3 2657 1089 1074 2656
14362 4 2 3 3 2061 473 1208 2075
14363 4 2 3 3 473 2061 1208 1213
14364 4 2 3 3 1227 2056 2062 2065
14365 4 2 3 3 2054 2055 2065 2062
14366 4 2 3 3 2060 1819 1813 2062
14367 4 2 3 3 2153 2681 2688 2686
14368 4 2 3 3 2356 2361 2161 2360
14369 4 2 3 3 2683 2036 2664 2663
14370 4 2 3 3 2365 231 797 945
14371 4 2 3 3 2060 2055 2054 2062
14372 4 2 3 3 1491 2187 1144 2185
14373 4 2 3 3 2290 1491 1144 2185
14374 4 2 3 3 1491 2290 1144 2187
14375 4 2 3 3 691 2713 1998 2667
14376 4 2 3 3 2290 2187 2194 2291
14377 4 2 3 3 1221 1144 2291 1998
14378 4 2 3 3 1408 1410 1155 1626
14379 4 2 3 3 2114 1410 1155 1408
14380 4 2 3 3 1272 2717 1155 1626
14381 4 2 3 3 2717 1272 1155 2114
14382 4 2 3 3 2717 1408 1155 1626
14383 4 2 3 3 2717 2114 1155 1408
14384 4 2 3 3 1248 1145 1166 1441
14385 4 2 3 3 1248 1260 1166 1145
14386 4 2 3 3 1217 140 1220 470
14387 4 2 3 3 1443 1592 2261 1220
14388 4 2 3 3 1441 2164 2262 1166
14389 4 2 3 3 1145 1441 2262 1166
14390 4 2 3 3 2060 1819 2062 2054
14391 4 2 3 3 1960 1961 1734 1405
14392 4 2 3 3 1237 1783 1778 1288
14393 4 2 3 3 1162 1411 1782 1778
14394 4 2 3 3 1162 1235 1232 1778
14395 4 2 3 3 1795 1302 1408 1407
14396 4 2 3 3 1795 1961 1794 1407
14397 4 2 3 3 1683 1573 1198 1680
14398 4 2 3 3 1684 1683 1198 1614
14399 4 2 3 3 1676 1371 1614 1687
14400 4 2 3 3 1313 1573 1198 1188
14401 4 2 3 3 1188 491 490 1198
14402 4 2 3 3 2322 1502 1200 1352
14403 4 2 3 3 495 1183 493 1352
14404 4 2 3 3 506 1171 570 1199
14405 4 2 3 3 507 506 570 1199
14406 4 2 3 3 506 1292 1199 503
14407 4 2 3 3 1174 506 1199 503
14408 4 2 3 3 499 1185 1292 1318
14409 4 2 3 3 510 1172 507 1209
14410 4 2 3 3 570 510 1209 1210
14411 4 2 3 3 1174 1608 1199 1209
14412 4 2 3 3 1837 2059 1213 1219
14413 4 2 3 3 1148 1891 2459 1439
14414 4 2 3 3 1077 1079 2652 2679
14415 4 2 3 3 1592 1166 2261 1220
14416 4 2 3 3 1257 1145 2665 1592
14417 4 2 3 3 2197 2466 2196 2193
14418 4 2 3 3 1257 1260 1145 1592
14419 4 2 3 3 1862 1415 2012 1231
14420 4 2 3 3 2587 2584 1242 2482
14421 4 2 3 3 2587 1467 1242 2584
14422 4 2 3 3 2584 2585 1242 2482
14423 4 2 3 3 696 683 1262 701
14424 4 2 3 3 2059 1594 1591 1219
14425 4 2 3 3 1509 1258 1253 2385
14426 4 2 3 3 1258 1929 1253 2385
14427 4 2 3 3 1225 2059 1591 1219
14428 4 2 3 3 1607 1281 1274 1157
14429 4 2 3 3 1178 1289 1286 1287
14430 4 2 3 3 727 1264 1624 1273
14431 4 2 3 3 1999 2001 1219 1231
14432 4 2 3 3 746 1286 754 731
14433 4 2 3 3 1620 1621 1607 1624
14434 4 2 3 3 1289 1264 1153 1624
14435 4 2 3 3 1675 1687 1987 1372
14436 4 2 3 3 734 739 1974 1276
14437 4 2 3 3 747 1283 1288 732
14438 4 2 3 3 1283 715 732 747
14439 4 2 3 3 729 2717 732 1275
14440 4 2 3 3 2717 726 732 1275
14441 4 2 3 3 2001 1225 1219 1231
14442 4 2 3 3 756 734 1264 731
14443 4 2 3 3 730 1281 1286 754
14444 4 2 3 3 2001 1999 1219 1591
14445 4 2 3 3 505 504 503 1318
14446 4 2 3 3 1388 1320 501 1318
14447 4 2 3 3 1174 503 1199 1318
14448 4 2 3 3 1185 499 1184 1318
14449 4 2 3 3 503 1292 1199 1318
14450 4 2 3 3 1696 1480 1332 1308
14451 4 2 3 3 1607 1324 1702 1308
14452 4 2 3 3 1324 1633 1308 1607
14453 4 2 3 3 1633 1481 1308 1607
14454 4 2 3 3 1629 1622 1691 1330
14455 4 2 3 3 1622 1620 1506 1330
14456 4 2 3 3 2480 2477 2479 1241
14457 4 2 3 3 1311 1293 2569 2445
14458 4 2 3 3 2299 1298 1877 2303
14459 4 2 3 3 2574 2575 2580 1460
14460 4 2 3 3 1633 1629 1308 1330
14461 4 2 3 3 1633 1622 1629 1330
14462 4 2 3 3 1382 1693 1330 1364
14463 4 2 3 3 1382 1621 1330 1693
14464 4 2 3 3 1481 1633 1308 1330
14465 4 2 3 3 1338 595 1581 1651
14466 4 2 3 3 474 475 473 1580
14467 4 2 3 3 1547 1641 1580 1546
14468 4 2 3 3 1640 1650 1546 1548
14469 4 2 3 3 1193 495 1200 1352
14470 4 2 3 3 1193 1183 495 1352
14471 4 2 3 3 1420 2322 1200 1352
14472 4 2 3 3 1194 2322 1420 1352
14473 4 2 3 3 1572 313 1571 1612
14474 4 2 3 3 1624 1621 1273 1623
14475 4 2 3 3 2705 2201 2395 1363
14476 4 2 3 3 2395 2705 1363 2678
14477 4 2 3 3 2680 2395 1363 2678
14478 4 2 3 3 2202 2680 1363 2678
14479 4 2 3 3 2705 2202 1363 2678
14480 4 2 3 3 1343 1742 1756 1374
14481 4 2 3 3 1343 1191 480 1756
14482 4 2 3 3 637 1224 1285 1744
14483 4 2 3 3 1267 637 1285 1744
14484 4 2 3 3 1758 1762 1746 1745
14485 4 2 3 3 1759 1224 1757 1743
14486 4 2 3 3 529 1224 1744 1743
14487 4 2 3 3 1558 514 1732 1394
14488 4 2 3 3 1160 1534 1485 1384
14489 4 2 3 3 1554 1555 1561 1559
14490 4 2 3 3 1554 1561 1560 1559
14491 4 2 3 3 1805 1486 1485 1384
14492 4 2 3 3 1566 1567 1810 1559
14493 4 2 3 3 507 1174 1199 1209
14494 4 2 3 3 1204 1805 1176 1486
14495 4 2 3 3 1717 1723 1721 1722
14496 4 2 3 3 1233 1234 1396 1735
14497 4 2 3 3 1714 1233 1396 1736
14498 4 2 3 3 1715 1714 1396 1736
14499 4 2 3 3 1207 1709 1821 1216
14500 4 2 3 3 639 1216 1165 1234
14501 4 2 3 3 1783 564 1777 1389
14502 4 2 3 3 1781 1331 1777 1779
14503 4 2 3 3 1411 1162 1232 1778
14504 4 2 3 3 1163 1237 1778 1288
14505 4 2 3 3 1163 1162 1784 1778
14506 4 2 3 3 1225 2001 1219 1591
14507 4 2 3 3 1884 1807 1229 1398
14508 4 2 3 3 1429 299 304 1417
14509 4 2 3 3 1807 1884 1229 2266
14510 4 2 3 3 1517 1951 1515 1428
14511 4 2 3 3 1610 311 1601 303
14512 4 2 3 3 1290 1429 1417 1427
14513 4 2 3 3 1290 1418 1417 1429
14514 4 2 3 3 1423 1502 1602 1200
14515 4 2 3 3 301 254 1417 1427
14516 4 2 3 3 1429 304 303 1601
14517 4 2 3 3 1602 1610 1612 1601
14518 4 2 3 3 1502 1312 1602 1789
14519 4 2 3 3 305 306 1601 1504
14520 4 2 3 3 2461 2455 2457 2456
14521 4 2 3 3 1228 1808 1440 1247
14522 4 2 3 3 2167 1228 1440 2460
14523 4 2 3 3 1808 1228 1440 2167
14524 4 2 3 3 1236 1247 1440 1243
14525 4 2 3 3 1236 1228 1440 1247
14526 4 2 3 3 56 1455 1681 1451
14527 4 2 3 3 1682 1683 1681 1449
14528 4 2 3 3 277 334 1569 1570
14529 4 2 3 3 1981 1682 1681 1451
14530 4 2 3 3 1455 1981 1681 1451
14531 4 2 3 3 1303 1981 1451 1682
14532 4 2 3 3 1981 1303 1451 1455
14533 4 2 3 3 2418 2452 2304 1387
14534 4 2 3 3 2575 2636 1877 1462
14535 4 2 3 3 532 1808 1229 2167
14536 4 2 3 3 2475 1298 1460 1878
14537 4 2 3 3 1586 1585 1471 1646
14538 4 2 3 3 1474 1181 1646 1471
14539 4 2 3 3 1474 1325 1473 1471
14540 4 2 3 3 531 1884 516 1229
14541 4 2 3 3 335 1455 1373 1967
14542 4 2 3 3 1472 1586 1471 1646
14543 4 2 3 3 1437 1435 1483 321
14544 4 2 3 3 1598 294 1482 336
14545 4 2 3 3 1437 1534 1484 1483
14546 4 2 3 3 1437 321 1483 1484
14547 4 2 3 3 532 531 516 1229
14548 4 2 3 3 1567 1566 1810 1802
14549 4 2 3 3 1176 1805 1558 1384
14550 4 2 3 3 1631 1606 1603 295
14551 4 2 3 3 1595 1596 1493 1427
14552 4 2 3 3 312 59 260 1617
14553 4 2 3 3 1631 295 1603 1495
14554 4 2 3 3 1370 1615 1690 1689
14555 4 2 3 3 1987 1367 1623 1372
14556 4 2 3 3 1692 1690 1372 1688
14557 4 2 3 3 1686 1370 1690 1613
14558 4 2 3 3 1572 1573 1449 1680
14559 4 2 3 3 1610 1602 1612 1306
14560 4 2 3 3 1200 1193 1789 1602
14561 4 2 3 3 1616 526 1189 1505
14562 4 2 3 3 1182 526 1616 1505
14563 4 2 3 3 1183 1193 494 1505
14564 4 2 3 3 1182 1183 494 1505
14565 4 2 3 3 1429 301 1417 1427
14566 4 2 3 3 1422 1311 1420 1515
14567 4 2 3 3 1422 1951 1311 1515
14568 4 2 3 3 1425 1311 1515 1420
14569 4 2 3 3 1425 1951 1515 1311
14570 4 2 3 3 1544 1545 1526 262
14571 4 2 3 3 1640 1548 1546 1547
14572 4 2 3 3 1581 1582 1579 1546
14573 4 2 3 3 1582 1548 1579 1546
14574 4 2 3 3 1857 1527 1581 1579
14575 4 2 3 3 1527 1581 1579 1546
14576 4 2 3 3 1640 1641 1546 1650
14577 4 2 3 3 1541 1556 1538 1535
14578 4 2 3 3 1540 1553 1536 1535
14579 4 2 3 3 1552 1556 1539 1535
14580 4 2 3 3 1399 1537 1536 1535
14581 4 2 3 3 1550 1552 1536 1535
14582 4 2 3 3 1556 1552 1538 1535
14583 4 2 3 3 1539 1399 1536 1535
14584 4 2 3 3 1528 1857 1579 1526
14585 4 2 3 3 1548 1545 1579 1546
14586 4 2 3 3 28 2629 1854 2018
14587 4 2 3 3 29 1838 28 1854
14588 4 2 3 3 1803 1805 1485 1384
14589 4 2 3 3 1437 1534 1160 1384
14590 4 2 3 3 513 542 1558 1385
14591 4 2 3 3 1485 1534 1484 1384
14592 4 2 3 3 334 275 1451 1570
14593 4 2 3 3 532 516 1439 1229
14594 4 2 3 3 334 277 275 1570
14595 4 2 3 3 275 276 1454 1570
14596 4 2 3 3 277 276 275 1570
14597 4 2 3 3 276 277 328 1570
14598 4 2 3 3 1577 276 328 1570
14599 4 2 3 3 473 451 1580 1213
14600 4 2 3 3 1858 1751 1581 1341
14601 4 2 3 3 1751 1858 1581 1583
14602 4 2 3 3 1412 1589 1579 1858
14603 4 2 3 3 475 1751 1341 1581
14604 4 2 3 3 1751 475 1583 1581
14605 4 2 3 3 2015 2014 1592 2261
14606 4 2 3 3 2255 2039 2272 2271
14607 4 2 3 3 1144 1254 2291 1998
14608 4 2 3 3 1445 2269 2665 2294
14609 4 2 3 3 706 697 670 1240
14610 4 2 3 3 2262 2015 1592 2261
14611 4 2 3 3 2352 1863 2011 2261
14612 4 2 3 3 1291 1630 1603 1606
14613 4 2 3 3 1617 1610 1604 1603
14614 4 2 3 3 1630 1617 1604 1603
14615 4 2 3 3 2530 2622 2621 2720
14616 4 2 3 3 1421 2622 2530 2720
14617 4 2 3 3 442 111 5 770
14618 4 2 3 3 92 441 6 785
14619 4 2 3 3 164 165 14 2722
14620 4 2 3 3 164 49 48 253
14621 4 2 3 3 50 343 1590 12
14622 4 2 3 3 70 322 71 2724
14623 4 2 3 3 341 322 70 2724
14624 4 2 3 3 262 72 71 165
14625 4 2 3 3 916 77 76 368
14626 4 2 3 3 140 468 1218 574
14627 4 2 3 3 1220 1240 141 1239
14628 4 2 3 3 609 1180 466 610
14629 4 2 3 3 574 575 468 1218
14630 4 2 3 3 606 609 631 2726
14631 4 2 3 3 624 575 574 2727
14632 4 2 3 3 655 575 624 2727
14633 4 2 3 3 655 621 575 2729
14634 4 2 3 3 593 621 655 2729
14635 4 2 3 3 575 621 1488 2729
14636 4 2 3 3 1655 1346 593 2184
14637 4 2 3 3 593 655 1655 2729
14638 4 2 3 3 1346 1488 593 2184
14639 4 2 3 3 1488 621 593 2729
14640 4 2 3 3 2240 609 605 606
14641 4 2 3 3 606 2611 607 1508
14642 4 2 3 3 610 1421 609 2622
14643 4 2 3 3 1509 1358 1143 1508
14644 4 2 3 3 2246 1143 1358 2730
14645 4 2 3 3 2241 1143 2246 2730
14646 4 2 3 3 2241 1513 1143 2731
14647 4 2 3 3 1143 1513 2240 2731
14648 4 2 3 3 2185 1144 1221 2732
14649 4 2 3 3 1144 1489 1664 2733
14650 4 2 3 3 1246 1998 1144 2734
14651 4 2 3 3 1144 1998 1221 2734
14652 4 2 3 3 1443 1220 1217 2736
14653 4 2 3 3 1592 1220 1443 2736
14654 4 2 3 3 1488 2594 1218 2737
14655 4 2 3 3 2594 1997 1218 1490
14656 4 2 3 3 1998 1240 1221 1239
14657 4 2 3 3 2288 2185 1221 2738
14658 4 2 3 3 1998 1246 1239 2734
14659 4 2 3 3 1421 2530 1424 2720
14660 4 2 3 3 2236 2235 2234 2739
14661 4 2 3 3 1424 2530 2609 2720
14662 4 2 3 3 1592 1443 2014 2736
14663 4 2 3 3 2184 2183 1488 2740
14664 4 2 3 3 2595 2594 1488 2741
14665 4 2 3 3 1840 2594 2595 2741
14666 4 2 3 3 2595 1488 2183 2741
14667 4 2 3 3 1840 1947 1490 2742
14668 4 2 3 3 1841 1947 1840 2742
14669 4 2 3 3 1490 1947 2287 2742
14670 4 2 3 3 2621 2622 1513 2720
14671 4 2 3 3 2609 2621 1513 2720
14672 4 2 3 3 2014 2015 1592 2743
14673 4 2 3 3 2287 2015 2014 2743
14674 4 2 3 3 1592 2015 2288 2743
14675 4 2 3 3 1841 1840 1661 2742
14676 4 2 3 3 1661 1840 2595 2742
14677 4 2 3 3 1661 2595 2183 2742
14678 4 2 3 3 2183 1841 1661 2742
14679 4 2 3 3 1841 2183 2182 2742
14680 4 2 3 3 2182 1948 1841 2744
14681 4 2 3 3 2006 1948 2182 2744
14682 4 2 3 3 1948 2006 2287 2744
14683 4 2 3 3 2182 2007 2006 2745
14684 4 2 3 3 2185 2007 2182 2745
14685 4 2 3 3 2007 2185 2288 2745
14686 4 2 3 3 2287 2288 2015 2743
14687 4 2 3 3 2236 2233 2213 2238
14688 4 2 3 3 2238 2609 2241 2747
14689 4 2 3 3 2238 2241 2239 2747
14690 4 2 3 3 2241 2246 2239 2730
14691 4 2 3 3 2621 2609 2530 2720
14692 4 2 3 3 609 1180 610 2622
14693 4 2 3 3 574 575 1218 2727
14694 4 2 3 3 593 1655 2184 2729
14695 4 2 3 3 593 2184 1488 2729
14696 4 2 3 3 606 2611 1508 2730
14697 4 2 3 3 2239 2611 606 2730
14698 4 2 3 3 1218 2594 1490 2737
14699 4 2 3 3 1221 1998 1239 2734
14700 4 2 3 3 49 50 1590 164
14701 4 2 3 3 1590 1593 1544 165
14702 4 2 3 3 606 609 2726 2739
14703 4 2 3 3 655 575 2727 2729
14704 4 2 3 3 1239 1246 2728 2734
14705 4 2 3 3 1144 1221 2732 2734
14706 4 2 3 3 2734 1144 1246 2732
14707 4 2 3 3 1246 1144 2733 2732
14708 4 2 3 3 1592 1220 2736 2743
14709 4 2 3 3 1488 2594 2737 2741
14710 4 2 3 3 1218 1488 2737 2728
14711 4 2 3 3 2288 2185 2738 2745
14712 4 2 3 3 2014 1592 2736 2743
14713 4 2 3 3 2183 1488 2740 2741
14714 4 2 3 3 2184 2740 1488 2729
14715 4 2 3 3 2595 1840 2741 2742
14716 4 2 3 3 2183 2595 2741 2742
14717 4 2 3 3 2287 2743 2014 2736
14718 4 2 3 3 2182 1841 2742 2744
14719 4 2 3 3 2007 2006 2745 2746
14720 4 2 3 3 2288 2746 2007 2745
14721 4 2 3 3 2241 2239 2747 2749
14722 4 2 3 3 2730 2239 2241 2749
14723 4 2 3 3 574 1218 2728 2727
14724 4 2 3 3 2239 2730 606 2749
14725 4 2 3 3 1218 1490 2735 2737
14726 4 2 3 3 1593 165 1590 2722
14727 4 2 3 3 1590 164 50 12
14728 4 2 3 3 1421 2234 2720 1424
14729 4 2 3 3 2239 2749 606 2747
14730 4 2 3 3 609 2725 2726 2739
14731 4 2 3 3 2734 1221 2732 2737
14732 4 2 3 3 2737 1218 2728 2734
14733 4 2 3 3 2738 2288 2745 2746
14734 4 2 3 3 2731 2241 2747 2749
14735 4 2 3 3 2745 2746 2006 2287
14736 4 2 3 3 2731 2739 606 2747
14737 4 2 3 3 2735 2737 1490 2743
14738 4 2 3 3 606 2747 2749 2731
14739 4 2 3 3 2733 2732 2741 2740
14740 4 2 3 3 2732 2734 2737 2728
14741 4 2 3 3 165 13 70 2757
14742 4 2 3 3 2724 70 341 2757
14743 4 2 3 3 2629 14 73 2758
14744 4 2 3 3 1590 2755 1593 2758
14745 4 2 3 3 2760 2736 2012 2761
14746 4 2 3 3 2743 2287 2760 2736
14747 4 2 3 3 2756 2748 2751 2762
14748 4 2 3 3 1353 2323 1524 2317
14749 4 2 3 3 1524 2323 1353 1188
14750 4 2 3 3 1524 1354 1353 2317
14751 4 2 3 3 1353 1354 1524 1188
14752 4 2 3 3 166 2349 809 976
14753 4 2 3 3 166 809 2349 74
14754 4 2 3 3 997 809 2349 976
14755 4 2 3 3 997 2349 809 74
14756 4 2 3 3 883 2394 924 994
14757 4 2 3 3 924 2394 883 2372
14758 4 2 3 3 2629 1854 266 340
14759 4 2 3 3 266 1854 2629 2630
14760 4 2 3 3 266 73 2629 340
14761 4 2 3 3 1284 748 750 737
14762 4 2 3 3 1284 750 748 1268
14763 4 2 3 3 2380 2248 1672 2382
14764 4 2 3 3 2380 1672 2248 2216
14765 4 2 3 3 2680 1363 2674 2202
14766 4 2 3 3 2705 2674 1363 2202
14767 4 2 3 3 838 2404 893 894
14768 4 2 3 3 893 2404 838 2425
14769 4 2 3 3 1778 601 1237 1163
14770 4 2 3 3 1778 1237 601 653
14771 4 2 3 3 1841 1947 2004 1840
14772 4 2 3 3 2004 1947 1841 2607
14773 4 2 3 3 2004 2003 1841 1840
14774 4 2 3 3 2269 2355 2358 2698
14775 4 2 3 3 2358 2355 2269 2357
14776 4 2 3 3 2466 2173 2668 2364
14777 4 2 3 3 2668 2173 2466 2689
14778 4 2 3 3 2073 1813 1836 1819
14779 4 2 3 3 2073 1836 1813 2088
14780 4 2 3 3 1710 1828 2089 1707
14781 4 2 3 3 1442 1999 1340 1215
14782 4 2 3 3 1442 1340 1999 1547
14783 4 2 3 3 2123 1048 1040 1015
14784 4 2 3 3 2123 1040 1048 2124
14785 4 2 3 3 1549 1661 2596 1644
14786 4 2 3 3 1549 2596 1661 2593
14787 4 2 3 3 1736 1402 1411 1405
14788 4 2 3 3 1961 1411 1402 1405
14789 4 2 3 3 1430 2600 1953 2601
14790 4 2 3 3 2269 2355 2044 2268
14791 4 2 3 3 2044 2355 2269 2294
14792 4 2 3 3 2044 1445 2269 2268
14793 4 2 3 3 2269 1445 2044 2294
14794 4 2 3 3 2008 2010 2022 2257
14795 4 2 3 3 2008 2022 2010 2009
14796 4 2 3 3 2027 2022 2010 2257
14797 4 2 3 3 2027 2010 2022 2009
14798 4 2 3 3 1443 1220 1230 1217
14799 4 2 3 3 1230 1220 1443 2261
14800 4 2 3 3 1956 2539 1259 2538
14801 4 2 3 3 2541 1259 2539 2538
14802 4 2 3 3 187 2038 2029 2039
14803 4 2 3 3 2639 2028 5 2637
14804 4 2 3 3 2639 5 2028 2033
14805 4 2 3 3 2040 5 2028 2637
14806 4 2 3 3 2040 2028 5 2033
14807 4 2 3 3 376 381 2121 2147
14808 4 2 3 3 376 2121 381 382
14809 4 2 3 3 2146 2121 381 2147
14810 4 2 3 3 2146 381 2121 382
14811 4 2 3 3 1767 739 736 728
14812 4 2 3 3 1767 736 739 1761
14813 4 2 3 3 2069 2085 2077 2094
14814 4 2 3 3 1 2033 14 2018
14815 4 2 3 3 1 14 2033 2024
14816 4 2 3 3 2020 14 2033 2018
14817 4 2 3 3 2020 2033 14 2024
14818 4 2 3 3 2028 2033 2049 2639
14819 4 2 3 3 2049 2029 2028 2639
14820 4 2 3 3 693 1639 690 682
14821 4 2 3 3 693 690 1639 1916
14822 4 2 3 3 1243 2456 1247 2168
14823 4 2 3 3 2085 2094 1848 2093
14824 4 2 3 3 2085 1848 2094 2070
14825 4 2 3 3 1849 2094 1848 2070
14826 4 2 3 3 1590 2000 1859 1850
14827 4 2 3 3 1590 1859 2000 2017
14828 4 2 3 3 2008 1859 2000 1850
14829 4 2 3 3 2008 2000 1859 2017
14830 4 2 3 3 2652 2228 2710 2709
14831 4 2 3 3 2704 2228 2710 2405
14832 4 2 3 3 2704 2710 2228 2709
14833 4 2 3 3 2698 2036 2269 2664
14834 4 2 3 3 2698 2269 2036 2358
14835 4 2 3 3 2269 2036 2357 2664
14836 4 2 3 3 2269 2357 2036 2358
14837 4 2 3 3 2357 2036 2663 2664
14838 4 2 3 3 2357 2663 2036 2358
14839 4 2 3 3 1169 1194 1353 2236
14840 4 2 3 3 1169 1353 1194 2243
14841 4 2 3 3 2316 1169 1353 2236
14842 4 2 3 3 2316 1353 1169 2243
14843 4 2 3 3 2213 1169 2316 2236
14844 4 2 3 3 2213 2316 1169 2243
14845 4 2 3 3 1487 1500 2590 1892
14846 4 2 3 3 1487 2590 1500 2592
14847 4 2 3 3 1716 1834 1721 1715
14848 4 2 3 3 1721 1834 1716 2097
14849 4 2 3 3 1721 2113 1716 1715
14850 4 2 3 3 1716 2113 1721 2097
14851 4 2 3 3 1403 1626 2113 1627
14852 4 2 3 3 2113 1626 1403 2108
14853 4 2 3 3 1169 1194 2726 631
14854 4 2 3 3 1169 2726 1194 2236
14855 4 2 3 3 1508 457 608 607
14856 4 2 3 3 1508 608 457 1258
14857 4 2 3 3 1855 2017 1590 2000
14858 4 2 3 3 2086 1824 2096 2087
14859 4 2 3 3 2086 2096 1824 2119
14860 4 2 3 3 1264 727 731 734
14861 4 2 3 3 1264 731 727 1624
14862 4 2 3 3 990 2363 954 882
14863 4 2 3 3 954 2363 990 2162
14864 4 2 3 3 2687 2152 232 2154
14865 4 2 3 3 2687 232 2152 1801
14866 4 2 3 3 2356 2152 232 1801
14867 4 2 3 3 669 614 125 703
14868 4 2 3 3 669 125 614 616
14869 4 2 3 3 1505 1605 1307 1321
14870 4 2 3 3 2263 1845 1568 2265
14871 4 2 3 3 2492 1079 1053 2679
14872 4 2 3 3 2492 1053 1079 1094
14873 4 2 3 3 2080 2070 1849 2081
14874 4 2 3 3 2080 2094 1849 2077
14875 4 2 3 3 778 183 426 2645
14876 4 2 3 3 778 426 183 782
14877 4 2 3 3 634 1635 515 628
14878 4 2 3 3 634 515 1635 1356
14879 4 2 3 3 2406 2282 2490 2510
14880 4 2 3 3 1732 572 549 1170
14881 4 2 3 3 1732 549 572 514
14882 4 2 3 3 1645 345 1588 318
14883 4 2 3 3 1645 1588 345 1472
14884 4 2 3 3 592 515 1635 628
14885 4 2 3 3 592 1635 515 641
14886 4 2 3 3 2007 2339 1949 1950
14887 4 2 3 3 2007 1949 2339 2337
14888 4 2 3 3 1843 2348 1842 2339
14889 4 2 3 3 1843 1842 2348 1879
14890 4 2 3 3 2338 1842 2348 2339
14891 4 2 3 3 2338 2348 1842 1879
14892 4 2 3 3 2257 1863 2005 1864
14893 4 2 3 3 2352 2005 1863 1864
14894 4 2 3 3 2352 1863 2005 2011
14895 4 2 3 3 2300 2483 2277 1870
14896 4 2 3 3 2277 2483 2300 1878
14897 4 2 3 3 2277 2478 2300 1870
14898 4 2 3 3 2300 2478 2277 1878
14899 4 2 3 3 1507 2212 2216 2211
14900 4 2 3 3 1507 2216 2212 2232
14901 4 2 3 3 1930 1670 2219 1927
14902 4 2 3 3 2219 1670 1930 2391
14903 4 2 3 3 2219 1928 1930 1927
14904 4 2 3 3 1930 1928 2219 2391
14905 4 2 3 3 2152 2357 232 2154
14906 4 2 3 3 2152 232 2357 2356
14907 4 2 3 3 2676 1064 1065 2655
14908 4 2 3 3 2676 1065 1064 1063
14909 4 2 3 3 1893 2469 1892 1487
14910 4 2 3 3 1893 2302 1892 2418
14911 4 2 3 3 1892 2302 1893 1487
14912 4 2 3 3 599 1228 1247 532
14913 4 2 3 3 599 1247 1228 1236
14914 4 2 3 3 2268 2152 2356 2166
14915 4 2 3 3 2356 2152 2268 2357
14916 4 2 3 3 632 1432 1319 615
14917 4 2 3 3 1849 2080 2107 2094
14918 4 2 3 3 229 2468 799 2451
14919 4 2 3 3 799 2468 229 228
14920 4 2 3 3 2468 2586 2306 2471
14921 4 2 3 3 2468 2306 2586 2581
14922 4 2 3 3 1607 1308 2719 1481
14923 4 2 3 3 1607 2719 1308 1702
14924 4 2 3 3 1480 2719 1308 1481
14925 4 2 3 3 1480 1308 2719 1702
14926 4 2 3 3 1930 1922 1908 2375
14927 4 2 3 3 1930 1908 1922 1927
14928 4 2 3 3 1685 58 1681 1686
14929 4 2 3 3 1685 1681 58 57
14930 4 2 3 3 1881 1498 1892 1882
14931 4 2 3 3 1892 1498 1881 2590
14932 4 2 3 3 2461 1468 1248 2170
14933 4 2 3 3 1248 1468 2461 1243
14934 4 2 3 3 2615 220 2210 2333
14935 4 2 3 3 2326 2600 1514 1519
14936 4 2 3 3 1514 2325 2326 1519
14937 4 2 3 3 807 2046 881 1004
14938 4 2 3 3 881 2046 807 2037
14939 4 2 3 3 1498 1809 1899 1882
14940 4 2 3 3 1899 1809 1498 2635
14941 4 2 3 3 1809 1799 2165 1812
14942 4 2 3 3 2186 1842 1665 2340
14943 4 2 3 3 2186 1665 1842 1843
14944 4 2 3 3 1879 1665 1842 2340
14945 4 2 3 3 1879 1842 1665 1843
14946 4 2 3 3 394 2643 437 418
14947 4 2 3 3 394 437 2643 183
14948 4 2 3 3 19 437 2643 418
14949 4 2 3 3 19 2643 437 183
14950 4 2 3 3 1244 705 614 703
14951 4 2 3 3 1244 614 705 1256
14952 4 2 3 3 2675 2705 1363 2203
14953 4 2 3 3 1363 2705 2675 2674
14954 4 2 3 3 1363 2680 2675 2203
14955 4 2 3 3 2675 2680 1363 2674
14956 4 2 3 3 2485 2588 2279 2586
14957 4 2 3 3 399 2648 429 397
14958 4 2 3 3 429 2648 399 2647
14959 4 2 3 3 729 1288 1163 1784
14960 4 2 3 3 1833 1820 2063 2054
14961 4 2 3 3 1833 2063 1820 1828
14962 4 2 3 3 1829 2063 1820 2054
14963 4 2 3 3 1829 1820 2063 1828
14964 4 2 3 3 1340 621 1488 619
14965 4 2 3 3 1340 1488 621 1903
14966 4 2 3 3 213 795 2181 212
14967 4 2 3 3 2181 795 213 816
14968 4 2 3 3 2156 2 6 2024
14969 4 2 3 3 2156 6 2 46
14970 4 2 3 3 2021 12 2156 2024
14971 4 2 3 3 2021 2156 12 46
14972 4 2 3 3 12 2 2156 2024
14973 4 2 3 3 12 2156 2 46
14974 4 2 3 3 1067 2677 1070 2672
14975 4 2 3 3 1070 2677 1067 1072
14976 4 2 3 3 1041 2504 2138 1022
14977 4 2 3 3 1041 2138 2504 2493
14978 4 2 3 3 1809 1887 2635 1888
14979 4 2 3 3 1809 2635 1887 2632
14980 4 2 3 3 2379 1083 1101 2684
14981 4 2 3 3 2379 1101 1083 217
14982 4 2 3 3 742 1288 729 747
14983 4 2 3 3 742 729 1288 1163
14984 4 2 3 3 1758 1743 1746 1379
14985 4 2 3 3 1758 1746 1743 1374
14986 4 2 3 3 1827 1746 1743 1379
14987 4 2 3 3 1827 1743 1746 1374
14988 4 2 3 3 2687 2173 2169 2689
14989 4 2 3 3 2427 2526 1666 1671
14990 4 2 3 3 1666 2526 2427 2426
14991 4 2 3 3 2146 208 384 209
14992 4 2 3 3 384 208 2146 2504
14993 4 2 3 3 2662 2710 2228 2405
14994 4 2 3 3 2228 2710 2662 2652
14995 4 2 3 3 536 1555 544 542
14996 4 2 3 3 536 544 1555 1551
14997 4 2 3 3 1726 1555 544 1551
14998 4 2 3 3 2547 2410 2450 680
14999 4 2 3 3 2450 2410 2547 2545
15000 4 2 3 3 2450 2604 2547 680
15001 4 2 3 3 2547 2604 2450 2545
15002 4 2 3 3 1721 1715 1402 1410
15003 4 2 3 3 1721 1402 1715 1396
15004 4 2 3 3 1736 1715 1402 1396
15005 4 2 3 3 369 2645 394 420
15006 4 2 3 3 369 394 2645 183
15007 4 2 3 3 632 2446 557 1319
15008 4 2 3 3 632 557 2446 1317
15009 4 2 3 3 2445 557 2446 1319
15010 4 2 3 3 2445 2446 557 1317
15011 4 2 3 3 1487 2302 1500 1892
15012 4 2 3 3 1500 2302 1487 2501
15013 4 2 3 3 1394 544 1555 542
15014 4 2 3 3 1394 1555 544 1726
15015 4 2 3 3 2096 1823 2119 2100
15016 4 2 3 3 2096 2119 1823 2112
15017 4 2 3 3 1836 1820 2064 1835
15018 4 2 3 3 2064 1820 1836 2054
15019 4 2 3 3 1710 1832 2090 1830
15020 4 2 3 3 1710 2090 1828 1830
15021 4 2 3 3 1710 1828 2090 2089
15022 4 2 3 3 2082 1828 2090 1830
15023 4 2 3 3 2082 2090 1828 2089
15024 4 2 3 3 1987 1983 1372 1687
15025 4 2 3 3 1987 1372 1983 1367
15026 4 2 3 3 2125 1042 1037 1023
15027 4 2 3 3 1037 1042 2125 2134
15028 4 2 3 3 2518 198 1019 2651
15029 4 2 3 3 2518 1019 198 199
15030 4 2 3 3 1953 2281 1954 2327
15031 4 2 3 3 2297 2281 1954 2634
15032 4 2 3 3 2297 1954 2281 2327
15033 4 2 3 3 2008 2021 1860 1861
15034 4 2 3 3 2008 1860 2021 1859
15035 4 2 3 3 1564 2021 1860 1859
15036 4 2 3 3 1093 2395 1080 1057
15037 4 2 3 3 1080 2395 1093 2678
15038 4 2 3 3 2405 1334 2043 2275
15039 4 2 3 3 2043 1334 2405 2228
15040 4 2 3 3 2043 2662 2405 2275
15041 4 2 3 3 2405 2662 2043 2228
15042 4 2 3 3 2282 2542 2620 2283
15043 4 2 3 3 2620 2542 2282 2544
15044 4 2 3 3 2620 2537 2282 2283
15045 4 2 3 3 2282 2537 2620 2544
15046 4 2 3 3 2462 2670 2450 2671
15047 4 2 3 3 2462 2450 2670 1249
15048 4 2 3 3 2604 2450 2670 2671
15049 4 2 3 3 2604 2670 2450 1249
15050 4 2 3 3 1580 1594 1856 1219
15051 4 2 3 3 1580 1856 1594 1339
15052 4 2 3 3 1837 1856 1594 1219
15053 4 2 3 3 1837 1594 1856 1339
15054 4 2 3 3 2687 2464 2467 230
15055 4 2 3 3 2687 2467 2464 1897
15056 4 2 3 3 454 671 123 705
15057 4 2 3 3 123 671 454 611
15058 4 2 3 3 633 1211 547 2058
15059 4 2 3 3 633 547 1211 450
15060 4 2 3 3 638 547 1211 2058
15061 4 2 3 3 638 1211 547 450
15062 4 2 3 3 2570 39 2571 2573
15063 4 2 3 3 2571 39 2570 82
15064 4 2 3 3 594 1903 1488 1904
15065 4 2 3 3 1488 1903 594 621
15066 4 2 3 3 1488 1346 594 1904
15067 4 2 3 3 2656 1089 1078 2691
15068 4 2 3 3 2656 1078 1089 1074
15069 4 2 3 3 692 597 1247 464
15070 4 2 3 3 692 1247 597 666
15071 4 2 3 3 1243 677 1464 683
15072 4 2 3 3 1243 1464 677 2462
15073 4 2 3 3 1467 1464 677 683
15074 4 2 3 3 1467 677 1464 2462
15075 4 2 3 3 595 1652 1581 1651
15076 4 2 3 3 595 1581 1652 478
15077 4 2 3 3 1855 1994 2002 2000
15078 4 2 3 3 2002 1994 1855 2630
15079 4 2 3 3 2002 2017 1855 2000
15080 4 2 3 3 1855 2017 2002 2630
15081 4 2 3 3 1513 1180 2624 1261
15082 4 2 3 3 1715 1834 1414 1716
15083 4 2 3 3 1414 1834 1715 1396
15084 4 2 3 3 1715 2092 1414 1396
15085 4 2 3 3 1513 2622 2624 1180
15086 4 2 3 3 1513 2624 2622 2621
15087 4 2 3 3 342 1557 1540 323
15088 4 2 3 3 1540 1557 342 2089
15089 4 2 3 3 1510 250 1501 1503
15090 4 2 3 3 1501 250 1510 317
15091 4 2 3 3 1262 701 709 696
15092 4 2 3 3 1262 709 701 1263
15093 4 2 3 3 1568 1799 2165 2361
15094 4 2 3 3 1568 2165 1799 1812
15095 4 2 3 3 2643 2649 394 2650
15096 4 2 3 3 2643 394 2649 391
15097 4 2 3 3 389 394 2649 2650
15098 4 2 3 3 389 2649 394 391
15099 4 2 3 3 1568 1799 1811 1812
15100 4 2 3 3 1568 1811 1799 2274
15101 4 2 3 3 638 1216 547 1227
15102 4 2 3 3 638 547 1216 469
15103 4 2 3 3 724 1278 735 725
15104 4 2 3 3 724 735 1278 1277
15105 4 2 3 3 2445 557 613 647
15106 4 2 3 3 2445 613 557 1319
15107 4 2 3 3 1989 1623 1367 1381
15108 4 2 3 3 1367 1623 1989 1987
15109 4 2 3 3 1887 2631 2165 2632
15110 4 2 3 3 1887 2165 2631 2361
15111 4 2 3 3 1799 2165 2631 2632
15112 4 2 3 3 1799 2631 2165 2361
15113 4 2 3 3 618 1432 632 615
15114 4 2 3 3 632 1432 618 1241
15115 4 2 3 3 2547 2545 2627 2628
15116 4 2 3 3 2627 2545 2547 2546
15117 4 2 3 3 2627 2625 2547 2628
15118 4 2 3 3 2547 2625 2627 2546
15119 4 2 3 3 516 1204 578 1885
15120 4 2 3 3 516 578 1204 512
15121 4 2 3 3 1999 1442 1946 1995
15122 4 2 3 3 1946 1442 1999 1855
15123 4 2 3 3 1999 1994 1946 1855
15124 4 2 3 3 334 1569 314 277
15125 4 2 3 3 314 1569 334 1449
15126 4 2 3 3 88 955 1007 810
15127 4 2 3 3 88 788 1007 167
15128 4 2 3 3 1007 788 88 810
15129 4 2 3 3 331 1584 267 269
15130 4 2 3 3 331 267 1584 1588
15131 4 2 3 3 2615 2614 220 221
15132 4 2 3 3 220 2614 2615 1867
15133 4 2 3 3 1710 69 1832 68
15134 4 2 3 3 1710 1832 69 2090
15135 4 2 3 3 2021 1845 1860 1861
15136 4 2 3 3 2021 1860 1845 1564
15137 4 2 3 3 1946 1993 1999 1995
15138 4 2 3 3 1946 1999 1993 1994
15139 4 2 3 3 2090 342 2089 11
15140 4 2 3 3 2090 2089 342 69
15141 4 2 3 3 2106 3 2105 11
15142 4 2 3 3 1808 541 464 650
15143 4 2 3 3 1808 464 541 1166
15144 4 2 3 3 2270 2670 2170 2671
15145 4 2 3 3 2270 2170 2670 2668
15146 4 2 3 3 2462 2170 2670 2671
15147 4 2 3 3 2462 2670 2170 2668
15148 4 2 3 3 2194 1950 2712 2348
15149 4 2 3 3 2194 2712 1950 2193
15150 4 2 3 3 2030 2712 1950 2348
15151 4 2 3 3 2030 1950 2712 2193
15152 4 2 3 3 1335 2283 1957 1955
15153 4 2 3 3 1335 1957 2283 2282
15154 4 2 3 3 2537 1957 2283 1955
15155 4 2 3 3 2537 2283 1957 2282
15156 4 2 3 3 2708 2660 2692 2693
15157 4 2 3 3 2692 2605 2708 2693
15158 4 2 3 3 2296 1002 2439 2280
15159 4 2 3 3 2296 2439 1002 935
15160 4 2 3 3 1874 39 2574 1873
15161 4 2 3 3 2574 39 1874 2573
15162 4 2 3 3 1252 684 2541 1259
15163 4 2 3 3 1252 2541 684 2547
15164 4 2 3 3 2541 684 2624 1259
15165 4 2 3 3 2541 2624 684 2547
15166 4 2 3 3 2624 684 1261 1259
15167 4 2 3 3 2624 1261 684 2547
15168 4 2 3 3 2689 2687 2154 2155
15169 4 2 3 3 2154 2687 2689 2688
15170 4 2 3 3 2154 1446 2689 2155
15171 4 2 3 3 2689 1446 2154 2688
15172 4 2 3 3 1665 2340 2557 1662
15173 4 2 3 3 2557 2340 1665 1879
15174 4 2 3 3 2174 2409 2406 2693
15175 4 2 3 3 2406 2409 2174 2175
15176 4 2 3 3 2406 2276 2174 2693
15177 4 2 3 3 2174 2276 2406 2175
15178 4 2 3 3 1897 2173 2169 2687
15179 4 2 3 3 1897 2169 2173 2176
15180 4 2 3 3 2458 1897 2168 2152
15181 4 2 3 3 2458 2168 1897 2464
15182 4 2 3 3 2661 2674 2275 2662
15183 4 2 3 3 2275 2674 2661 2675
15184 4 2 3 3 2275 2710 2661 2662
15185 4 2 3 3 2661 2710 2275 2675
15186 4 2 3 3 890 2158 970 2606
15187 4 2 3 3 890 970 2158 931
15188 4 2 3 3 1385 542 1394 1555
15189 4 2 3 3 1385 1394 542 1558
15190 4 2 3 3 1853 1385 1394 1555
15191 4 2 3 3 1853 1394 1385 1558
15192 4 2 3 3 1543 1385 1853 1555
15193 4 2 3 3 1543 1853 1385 1558
15194 4 2 3 3 1357 524 1356 2244
15195 4 2 3 3 1356 524 1357 634
15196 4 2 3 3 2614 982 1867 220
15197 4 2 3 3 2614 1867 982 2254
15198 4 2 3 3 2380 1867 982 220
15199 4 2 3 3 2380 982 1867 2254
15200 4 2 3 3 1240 698 691 670
15201 4 2 3 3 1240 691 698 1239
15202 4 2 3 3 377 768 774 422
15203 4 2 3 3 774 768 377 765
15204 4 2 3 3 774 110 377 422
15205 4 2 3 3 377 110 774 765
15206 4 2 3 3 2496 394 2645 420
15207 4 2 3 3 2496 2645 394 2650
15208 4 2 3 3 1158 665 1241 2583
15209 4 2 3 3 1158 1241 665 640
15210 4 2 3 3 537 1287 538 629
15211 4 2 3 3 538 1287 537 1179
15212 4 2 3 3 633 1392 1391 1551
15213 4 2 3 3 633 1391 1392 1550
15214 4 2 3 3 1391 1392 1553 1551
15215 4 2 3 3 1391 1553 1392 1550
15216 4 2 3 3 1553 1392 1538 1551
15217 4 2 3 3 1553 1538 1392 1550
15218 4 2 3 3 1000 2472 880 2465
15219 4 2 3 3 880 2472 1000 965
15220 4 2 3 3 1569 309 328 1523
15221 4 2 3 3 1569 328 309 350
15222 4 2 3 3 1043 2128 1024 2518
15223 4 2 3 3 1043 1024 2128 1034
15224 4 2 3 3 2465 880 954 1896
15225 4 2 3 3 954 880 2465 1000
15226 4 2 3 3 2307 2174 2708 2693
15227 4 2 3 3 2307 2708 2174 2420
15228 4 2 3 3 624 668 113 462
15229 4 2 3 3 624 113 668 704
15230 4 2 3 3 2237 2528 2434 1512
15231 4 2 3 3 2237 2434 2528 1514
15232 4 2 3 3 1407 1783 1408 1782
15233 4 2 3 3 1849 2087 2086 2081
15234 4 2 3 3 2086 2080 1849 2081
15235 4 2 3 3 1849 2080 2086 2107
15236 4 2 3 3 278 1859 1590 343
15237 4 2 3 3 1590 1859 278 1539
15238 4 2 3 3 1693 1629 1625 1691
15239 4 2 3 3 1693 1625 1629 1364
15240 4 2 3 3 1890 1486 1805 1204
15241 4 2 3 3 1890 1805 1486 1499
15242 4 2 3 3 1824 2086 1849 2087
15243 4 2 3 3 1849 2086 1824 2107
15244 4 2 3 3 2001 1993 1850 1992
15245 4 2 3 3 2008 1850 1993 1992
15246 4 2 3 3 2008 1993 1850 2000
15247 4 2 3 3 608 1925 622 2552
15248 4 2 3 3 622 1925 608 628
15249 4 2 3 3 2012 1862 1846 1863
15250 4 2 3 3 2258 2012 1846 1863
15251 4 2 3 3 1846 2012 2258 2013
15252 4 2 3 3 1590 1999 1850 2001
15253 4 2 3 3 1590 1850 1999 1855
15254 4 2 3 3 2000 1999 1850 1855
15255 4 2 3 3 1747 2099 1530 1531
15256 4 2 3 3 1530 2099 1747 2098
15257 4 2 3 3 2105 3 7 69
15258 4 2 3 3 1604 1419 1200 1310
15259 4 2 3 3 1604 1200 1419 1602
15260 4 2 3 3 2332 2282 2230 2510
15261 4 2 3 3 2332 2230 2282 2710
15262 4 2 3 3 2406 2230 2282 2510
15263 4 2 3 3 1673 1932 2386 2221
15264 4 2 3 3 2386 1932 1673 2393
15265 4 2 3 3 1932 2382 2386 2221
15266 4 2 3 3 1932 2391 2382 2221
15267 4 2 3 3 1514 2528 2233 1518
15268 4 2 3 3 2233 2528 1514 2237
15269 4 2 3 3 2605 2307 2693 2588
15270 4 2 3 3 2605 2693 2307 2708
15271 4 2 3 3 2615 2224 220 1867
15272 4 2 3 3 2615 220 2224 2210
15273 4 2 3 3 2388 220 2224 1867
15274 4 2 3 3 2388 2224 220 2210
15275 4 2 3 3 2154 2269 2664 2155
15276 4 2 3 3 2154 2664 2269 2357
15277 4 2 3 3 2282 2405 2490 2704
15278 4 2 3 3 2282 2490 2405 2406
15279 4 2 3 3 2409 2490 2405 2704
15280 4 2 3 3 2409 2405 2490 2406
15281 4 2 3 3 1189 1689 1323 1506
15282 4 2 3 3 1323 1619 1189 1506
15283 4 2 3 3 1657 30 1647 1653
15284 4 2 3 3 1657 1647 30 2412
15285 4 2 3 3 1963 1823 2111 2112
15286 4 2 3 3 1963 2111 1823 1962
15287 4 2 3 3 450 1550 539 1225
15288 4 2 3 3 539 1550 450 633
15289 4 2 3 3 1357 524 2611 607
15290 4 2 3 3 2611 524 1357 2244
15291 4 2 3 3 1319 2488 1956 1432
15292 4 2 3 3 1956 2488 1319 2445
15293 4 2 3 3 1956 613 1319 1432
15294 4 2 3 3 1319 613 1956 2445
15295 4 2 3 3 665 1241 1336 618
15296 4 2 3 3 665 1336 1241 2583
15297 4 2 3 3 2648 766 448 397
15298 4 2 3 3 2648 448 766 763
15299 4 2 3 3 835 2572 2425 925
15300 4 2 3 3 835 2425 2572 2499
15301 4 2 3 3 2281 1430 1954 2634
15302 4 2 3 3 2281 1954 1430 1953
15303 4 2 3 3 1718 1626 2108 1382
15304 4 2 3 3 2108 1626 1718 2117
15305 4 2 3 3 1718 2115 2108 2117
15306 4 2 3 3 2657 1098 2653 2694
15307 4 2 3 3 2653 1098 2657 1075
15308 4 2 3 3 2074 1814 2077 1816
15309 4 2 3 3 2074 2077 1814 2068
15310 4 2 3 3 1718 1364 2108 2115
15311 4 2 3 3 1718 2108 1364 1382
15312 4 2 3 3 2077 2068 2085 2069
15313 4 2 3 3 2077 2085 2068 2074
15314 4 2 3 3 1310 1419 554 1311
15315 4 2 3 3 1310 554 1419 1200
15316 4 2 3 3 1420 554 1419 1311
15317 4 2 3 3 1420 1419 554 1200
15318 4 2 3 3 1956 2444 2539 2488
15319 4 2 3 3 1956 2539 2444 1422
15320 4 2 3 3 2530 2539 2444 2488
15321 4 2 3 3 2530 2444 2539 1422
15322 4 2 3 3 2643 2519 408 433
15323 4 2 3 3 2643 408 2519 2130
15324 4 2 3 3 1407 1408 1961 1782
15325 4 2 3 3 1407 1961 1408 1795
15326 4 2 3 3 1563 536 1400 517
15327 4 2 3 3 1400 536 1563 1562
15328 4 2 3 3 2080 2069 1849 2070
15329 4 2 3 3 2080 1849 2069 2077
15330 4 2 3 3 2094 1849 2069 2070
15331 4 2 3 3 2094 2069 1849 2077
15332 4 2 3 3 2044 2262 2695 2289
15333 4 2 3 3 2044 2695 2262 2355
15334 4 2 3 3 947 2161 817 948
15335 4 2 3 3 947 817 2161 2267
15336 4 2 3 3 1208 137 1213 2057
15337 4 2 3 3 1208 1213 137 472
15338 4 2 3 3 817 2353 794 233
15339 4 2 3 3 234 794 2353 233
15340 4 2 3 3 234 2353 794 2273
15341 4 2 3 3 2439 1002 2440 2280
15342 4 2 3 3 2439 2440 1002 936
15343 4 2 3 3 1953 2434 1514 1430
15344 4 2 3 3 1514 2434 1953 2237
15345 4 2 3 3 1514 2600 1953 1430
15346 4 2 3 3 2547 2604 2628 681
15347 4 2 3 3 2547 2628 2604 2545
15348 4 2 3 3 2618 2628 2604 681
15349 4 2 3 3 2618 2604 2628 2545
15350 4 2 3 3 2211 35 2523 2212
15351 4 2 3 3 2211 2523 35 2524
15352 4 2 3 3 457 699 2240 667
15353 4 2 3 3 457 2240 699 605
15354 4 2 3 3 2624 1259 2622 2541
15355 4 2 3 3 2624 2622 1259 1256
15356 4 2 3 3 2539 2622 1259 2541
15357 4 2 3 3 610 2622 612 1421
15358 4 2 3 3 610 612 2622 1956
15359 4 2 3 3 1167 2550 1635 1226
15360 4 2 3 3 1167 1635 2550 2566
15361 4 2 3 3 1140 1635 2550 1226
15362 4 2 3 3 1140 2550 1635 2566
15363 4 2 3 3 2659 2173 2689 2660
15364 4 2 3 3 2689 2172 2659 2660
15365 4 2 3 3 2659 2172 2689 2688
15366 4 2 3 3 1762 95 54 1980
15367 4 2 3 3 54 95 1762 53
15368 4 2 3 3 1751 596 1343 477
15369 4 2 3 3 1751 1343 596 1374
15370 4 2 3 3 480 1343 596 477
15371 4 2 3 3 480 596 1343 1374
15372 4 2 3 3 1211 138 2059 1225
15373 4 2 3 3 1211 2059 138 2057
15374 4 2 3 3 1219 2059 138 1225
15375 4 2 3 3 1219 138 2059 2057
15376 4 2 3 3 2238 1519 2325 2608
15377 4 2 3 3 2238 2325 1519 2326
15378 4 2 3 3 715 2718 749 1283
15379 4 2 3 3 749 2718 715 733
15380 4 2 3 3 1319 632 1241 1432
15381 4 2 3 3 1241 632 1319 2446
15382 4 2 3 3 1241 2477 1319 1432
15383 4 2 3 3 1319 2477 1241 2446
15384 4 2 3 3 2196 2204 2466 2197
15385 4 2 3 3 2466 2204 2196 2675
15386 4 2 3 3 2435 899 924 2254
15387 4 2 3 3 2435 924 899 868
15388 4 2 3 3 620 745 1289 453
15389 4 2 3 3 1289 745 620 713
15390 4 2 3 3 2512 392 2649 425
15391 4 2 3 3 2512 2649 392 2513
15392 4 2 3 3 1000 2463 2472 2465
15393 4 2 3 3 1000 2472 2463 944
15394 4 2 3 3 1002 2531 2440 2280
15395 4 2 3 3 1002 2440 2531 811
15396 4 2 3 3 1432 616 614 615
15397 4 2 3 3 1432 614 616 1244
15398 4 2 3 3 2281 1953 2442 1517
15399 4 2 3 3 2281 2442 1953 1430
15400 4 2 3 3 2429 2442 1953 1517
15401 4 2 3 3 2429 1953 2442 1430
15402 4 2 3 3 1626 1308 1480 1696
15403 4 2 3 3 1626 1480 1308 1481
15404 4 2 3 3 2622 610 611 1180
15405 4 2 3 3 611 610 2622 1956
15406 4 2 3 3 611 1256 2622 1180
15407 4 2 3 3 2622 1256 611 1956
15408 4 2 3 3 2227 2542 2626 2331
15409 4 2 3 3 2227 2626 2542 2620
15410 4 2 3 3 1263 683 1262 1464
15411 4 2 3 3 1263 1262 683 701
15412 4 2 3 3 2523 36 1516 35
15413 4 2 3 3 2523 1516 36 2528
15414 4 2 3 3 1953 1954 2600 2327
15415 4 2 3 3 1953 2600 1954 2601
15416 4 2 3 3 1689 1182 1323 1370
15417 4 2 3 3 1679 1323 1182 1370
15418 4 2 3 3 1679 1182 1323 1505
15419 4 2 3 3 1402 1408 1961 1798
15420 4 2 3 3 1771 1480 1302 1332
15421 4 2 3 3 1785 1302 1480 1332
15422 4 2 3 3 53 1754 1762 54
15423 4 2 3 3 1762 1754 53 1745
15424 4 2 3 3 1868 2307 2716 2407
15425 4 2 3 3 1868 2716 2307 2588
15426 4 2 3 3 2693 2716 2307 2407
15427 4 2 3 3 2693 2307 2716 2588
15428 4 2 3 3 478 1342 477 1583
15429 4 2 3 3 478 477 1342 1585
15430 4 2 3 3 477 1342 1343 1583
15431 4 2 3 3 477 1343 1342 1585
15432 4 2 3 3 1343 1342 1587 1583
15433 4 2 3 3 1343 1587 1342 1585
15434 4 2 3 3 1587 1342 1470 1583
15435 4 2 3 3 1587 1470 1342 1585
15436 4 2 3 3 2390 2386 2391 2382
15437 4 2 3 3 2390 2391 2386 2393
15438 4 2 3 3 1932 2391 2386 2382
15439 4 2 3 3 1932 2386 2391 2393
15440 4 2 3 3 2130 2643 2513 2519
15441 4 2 3 3 2513 2643 2130 2642
15442 4 2 3 3 2010 2006 2005 2016
15443 4 2 3 3 2010 2005 2006 1948
15444 4 2 3 3 2401 2005 2006 2016
15445 4 2 3 3 2401 2006 2005 1948
15446 4 2 3 3 2689 2687 2153 2688
15447 4 2 3 3 2153 2687 2689 2173
15448 4 2 3 3 2153 2659 2689 2688
15449 4 2 3 3 2689 2659 2153 2173
15450 4 2 3 3 2539 1421 2530 1422
15451 4 2 3 3 2530 1421 2539 2622
15452 4 2 3 3 1956 612 1421 1422
15453 4 2 3 3 1421 612 1956 2622
15454 4 2 3 3 2539 1956 1421 1422
15455 4 2 3 3 1421 1956 2539 2622
15456 4 2 3 3 2265 1845 2148 1861
15457 4 2 3 3 2265 2148 1845 45
15458 4 2 3 3 46 1845 2148 45
15459 4 2 3 3 2317 34 2211 35
15460 4 2 3 3 2317 2211 34 2318
15461 4 2 3 3 2300 1868 2702 1870
15462 4 2 3 3 2702 1868 2300 2588
15463 4 2 3 3 751 2718 617 749
15464 4 2 3 3 617 2718 751 1164
15465 4 2 3 3 1466 2306 2586 2279
15466 4 2 3 3 2586 2306 1466 2581
15467 4 2 3 3 391 2513 2643 432
15468 4 2 3 3 391 2643 2513 2649
15469 4 2 3 3 2661 2710 2680 2679
15470 4 2 3 3 2680 2710 2661 2675
15471 4 2 3 3 1059 2686 1092 2681
15472 4 2 3 3 1092 2686 1059 1096
15473 4 2 3 3 2700 1087 2652 1058
15474 4 2 3 3 2700 2652 1087 2701
15475 4 2 3 3 214 796 2520 2340
15476 4 2 3 3 2520 796 214 215
15477 4 2 3 3 2520 2557 214 2340
15478 4 2 3 3 214 2557 2520 215
15479 4 2 3 3 2710 2203 2680 2229
15480 4 2 3 3 2710 2680 2203 2675
15481 4 2 3 3 1283 564 563 565
15482 4 2 3 3 563 564 1283 2719
15483 4 2 3 3 2494 420 387 2496
15484 4 2 3 3 2494 387 420 393
15485 4 2 3 3 1532 1786 105 104
15486 4 2 3 3 1532 105 1786 1722
15487 4 2 3 3 359 105 1786 104
15488 4 2 3 3 359 1786 105 1722
15489 4 2 3 3 95 175 96 18
15490 4 2 3 3 95 96 175 419
15491 4 2 3 3 374 96 175 18
15492 4 2 3 3 374 175 96 419
15493 4 2 3 3 1234 547 545 639
15494 4 2 3 3 1234 545 547 1393
15495 4 2 3 3 1231 2012 1996 2001
15496 4 2 3 3 1231 1996 2012 2013
15497 4 2 3 3 2204 2275 2466 2276
15498 4 2 3 3 2204 2466 2275 2675
15499 4 2 3 3 1560 281 291 332
15500 4 2 3 3 1560 291 281 1542
15501 4 2 3 3 1272 723 725 1271
15502 4 2 3 3 725 723 1272 726
15503 4 2 3 3 2208 2606 2335 1001
15504 4 2 3 3 2208 2335 2606 2041
15505 4 2 3 3 2160 2335 2606 1001
15506 4 2 3 3 2160 2606 2335 2041
15507 4 2 3 3 956 2320 853 850
15508 4 2 3 3 956 853 2320 2525
15509 4 2 3 3 2465 954 945 2180
15510 4 2 3 3 945 954 2465 1000
15511 4 2 3 3 782 380 787 781
15512 4 2 3 3 787 380 782 423
15513 4 2 3 3 2441 998 935 2296
15514 4 2 3 3 935 998 2441 933
15515 4 2 3 3 1864 1568 1845 1847
15516 4 2 3 3 1864 1845 1568 2263
15517 4 2 3 3 537 1178 1287 658
15518 4 2 3 3 1287 1178 537 1179
15519 4 2 3 3 1878 2279 2483 2300
15520 4 2 3 3 1878 2483 2279 2485
15521 4 2 3 3 2588 2483 2279 2300
15522 4 2 3 3 2588 2279 2483 2485
15523 4 2 3 3 1720 105 66 67
15524 4 2 3 3 66 105 1720 1722
15525 4 2 3 3 1826 1822 2101 1817
15526 4 2 3 3 1826 2101 1822 2102
15527 4 2 3 3 2021 1845 2148 46
15528 4 2 3 3 2021 2148 1845 1861
15529 4 2 3 3 1262 128 696 604
15530 4 2 3 3 1262 696 128 673
15531 4 2 3 3 2016 2011 2287 2014
15532 4 2 3 3 2287 2011 2016 2010
15533 4 2 3 3 2010 1863 2005 2257
15534 4 2 3 3 2010 2005 1863 2011
15535 4 2 3 3 1841 2019 2004 2607
15536 4 2 3 3 2004 2019 1841 2003
15537 4 2 3 3 1208 1529 2062 2075
15538 4 2 3 3 1208 2062 1529 2076
15539 4 2 3 3 1739 2079 1208 2075
15540 4 2 3 3 1739 1208 2079 2076
15541 4 2 3 3 2079 1529 1208 2075
15542 4 2 3 3 2079 1208 1529 2076
15543 4 2 3 3 2257 2008 1861 2022
15544 4 2 3 3 1861 2008 2257 1864
15545 4 2 3 3 1861 2263 2257 2022
15546 4 2 3 3 2257 2263 1861 1864
15547 4 2 3 3 2710 2203 2405 2275
15548 4 2 3 3 2710 2405 2203 2229
15549 4 2 3 3 2204 2405 2203 2275
15550 4 2 3 3 2204 2203 2405 2229
15551 4 2 3 3 2710 2679 2709 2699
15552 4 2 3 3 2710 2709 2679 2652
15553 4 2 3 3 2492 2709 2679 2699
15554 4 2 3 3 2492 2679 2709 2652
15555 4 2 3 3 2262 2695 2351 2355
15556 4 2 3 3 2220 1672 2386 1673
15557 4 2 3 3 2386 1672 2220 2382
15558 4 2 3 3 2386 2221 2220 1673
15559 4 2 3 3 2220 2221 2386 2382
15560 4 2 3 3 1244 1147 1337 1432
15561 4 2 3 3 1337 1147 1244 1242
15562 4 2 3 3 1337 2585 1244 1432
15563 4 2 3 3 1244 2585 1337 1242
15564 4 2 3 3 1899 1893 1892 2418
15565 4 2 3 3 1899 1892 1893 2469
15566 4 2 3 3 1998 702 689 691
15567 4 2 3 3 689 702 1998 1254
15568 4 2 3 3 689 2713 1998 691
15569 4 2 3 3 1998 2713 689 1254
15570 4 2 3 3 2405 2710 2230 2229
15571 4 2 3 3 2405 2204 2230 2406
15572 4 2 3 3 2230 2204 2405 2229
15573 4 2 3 3 411 2643 2515 408
15574 4 2 3 3 2515 2643 411 175
15575 4 2 3 3 1985 358 1979 1980
15576 4 2 3 3 1985 1979 358 96
15577 4 2 3 3 95 1979 358 1980
15578 4 2 3 3 95 358 1979 96
15579 4 2 3 3 712 460 160 586
15580 4 2 3 3 712 160 460 720
15581 4 2 3 3 1236 579 645 452
15582 4 2 3 3 1236 645 579 1228
15583 4 2 3 3 590 1925 458 592
15584 4 2 3 3 590 458 1925 1167
15585 4 2 3 3 592 1635 590 1925
15586 4 2 3 3 592 590 1635 641
15587 4 2 3 3 1715 2095 1414 2092
15588 4 2 3 3 1715 1414 2095 1716
15589 4 2 3 3 1017 775 174 1048
15590 4 2 3 3 1017 174 775 769
15591 4 2 3 3 1684 1576 1329 1575
15592 4 2 3 3 1684 1329 1576 1197
15593 4 2 3 3 1328 1329 1576 1575
15594 4 2 3 3 1328 1576 1329 1197
15595 4 2 3 3 1230 539 535 1400
15596 4 2 3 3 1230 535 539 636
15597 4 2 3 3 1353 2244 524 2243
15598 4 2 3 3 1353 524 2244 1188
15599 4 2 3 3 1231 2012 1846 2013
15600 4 2 3 3 1231 1846 2012 1862
15601 4 2 3 3 1231 1536 1860 2001
15602 4 2 3 3 1550 1400 1536 1565
15603 4 2 3 3 1550 1536 1400 1231
15604 4 2 3 3 1860 1536 1400 1565
15605 4 2 3 3 1860 1400 1536 1231
15606 4 2 3 3 1231 1846 1230 2013
15607 4 2 3 3 1231 1230 1846 1400
15608 4 2 3 3 1231 1846 1415 1400
15609 4 2 3 3 1231 1415 1846 1862
15610 4 2 3 3 1860 1415 1846 1400
15611 4 2 3 3 1860 1846 1415 1862
15612 4 2 3 3 1633 1330 1607 1622
15613 4 2 3 3 1620 1607 1330 1622
15614 4 2 3 3 1620 1330 1607 1621
15615 4 2 3 3 1330 1382 1626 1621
15616 4 2 3 3 1626 1382 1330 1629
15617 4 2 3 3 1626 1481 1330 1621
15618 4 2 3 3 1330 1481 1626 1629
15619 4 2 3 3 1481 1330 1607 1633
15620 4 2 3 3 1607 1330 1481 1621
15621 4 2 3 3 1854 1659 1547 1640
15622 4 2 3 3 1854 1547 1659 1838
15623 4 2 3 3 267 1584 268 269
15624 4 2 3 3 268 1584 267 1579
15625 4 2 3 3 164 1590 165 2722
15626 4 2 3 3 1836 1544 2724 2084
15627 4 2 3 3 1540 1535 2723 323
15628 4 2 3 3 342 1540 2723 323
15629 4 2 3 3 12 1590 1859 343
15630 4 2 3 3 12 1859 1590 2017
15631 4 2 3 3 2726 606 1169 631
15632 4 2 3 3 2611 1169 606 631
15633 4 2 3 3 2611 606 1169 2239
15634 4 2 3 3 702 668 1664 1245
15635 4 2 3 3 2730 2239 2610 2246
15636 4 2 3 3 2610 2239 2730 2611
15637 4 2 3 3 2610 1358 2730 2246
15638 4 2 3 3 2730 1508 2610 2611
15639 4 2 3 3 2730 2610 1508 1358
15640 4 2 3 3 1424 2233 2609 2238
15641 4 2 3 3 1424 2609 2233 2234
15642 4 2 3 3 1220 574 141 140
15643 4 2 3 3 141 574 1220 1239
15644 4 2 3 3 1220 1239 1221 1240
15645 4 2 3 3 1221 1239 1220 2734
15646 4 2 3 3 2730 457 1508 606
15647 4 2 3 3 1509 1143 1258 1508
15648 4 2 3 3 1509 1258 1143 2240
15649 4 2 3 3 2729 2184 1489 1655
15650 4 2 3 3 1998 1144 702 1246
15651 4 2 3 3 668 2733 462 1246
15652 4 2 3 3 2736 2012 1443 2014
15653 4 2 3 3 2013 2735 139 1218
15654 4 2 3 3 2013 139 2735 1217
15655 4 2 3 3 140 1220 2735 1217
15656 4 2 3 3 139 2735 140 1218
15657 4 2 3 3 139 140 2735 1217
15658 4 2 3 3 2743 1221 1592 1220
15659 4 2 3 3 2743 1592 1221 2288
15660 4 2 3 3 2742 1947 2744 1841
15661 4 2 3 3 2742 2744 1947 2287
15662 4 2 3 3 1948 2744 1947 1841
15663 4 2 3 3 1948 1947 2744 2287
15664 4 2 3 3 1245 462 2733 655
15665 4 2 3 3 1245 1489 2733 1664
15666 4 2 3 3 2241 1143 2749 2731
15667 4 2 3 3 2241 2749 1143 2730
15668 4 2 3 3 14 2017 2758 2629
15669 4 2 3 3 2755 2017 2758 1590
15670 4 2 3 3 73 165 2758 14
15671 4 2 3 3 1590 2722 2758 1593
15672 4 2 3 3 2758 165 2722 14
15673 4 2 3 3 2758 2722 165 1593
15674 4 2 3 3 2723 2759 48 1537
15675 4 2 3 3 253 1535 164 49
15676 4 2 3 3 1590 1535 164 1537
15677 4 2 3 3 1590 164 1535 49
15678 4 2 3 3 1593 165 262 1544
15679 4 2 3 3 2234 2609 2720 1424
15680 4 2 3 3 2234 2720 2609 2739
15681 4 2 3 3 1540 2082 1828 2089
15682 4 2 3 3 1540 1828 2082 2083
15683 4 2 3 3 2089 2748 1540 2084
15684 4 2 3 3 2725 609 631 525
15685 4 2 3 3 631 609 2725 2726
15686 4 2 3 3 631 1194 2725 525
15687 4 2 3 3 2725 1194 631 2726
15688 4 2 3 3 2236 2739 1194 2235
15689 4 2 3 3 1239 2727 1246 624
15690 4 2 3 3 1239 1246 2727 2728
15691 4 2 3 3 574 2727 1239 624
15692 4 2 3 3 574 1239 2727 2728
15693 4 2 3 3 2622 609 2720 1421
15694 4 2 3 3 2720 2234 2235 2739
15695 4 2 3 3 2720 2235 2234 1421
15696 4 2 3 3 2741 2183 2733 2740
15697 4 2 3 3 2747 2241 1513 2609
15698 4 2 3 3 2747 1513 2241 2731
15699 4 2 3 3 2720 2747 1513 2609
15700 4 2 3 3 2739 2747 2720 2609
15701 4 2 3 3 2748 2084 2754 1537
15702 4 2 3 3 1544 2754 2084 1537
15703 4 2 3 3 1544 2084 2754 2724
15704 4 2 3 3 1544 2754 1590 165
15705 4 2 3 3 1544 1590 2754 1537
15706 4 2 3 3 2742 2182 2741 2183
15707 4 2 3 3 2185 2741 2182 2183
15708 4 2 3 3 2609 2739 2236 2234
15709 4 2 3 3 2236 2739 2609 2747
15710 4 2 3 3 2236 2233 2609 2234
15711 4 2 3 3 1239 2734 574 1220
15712 4 2 3 3 1239 574 2734 2728
15713 4 2 3 3 1218 2734 574 2728
15714 4 2 3 3 2731 606 609 2240
15715 4 2 3 3 2731 609 606 2739
15716 4 2 3 3 1180 2731 609 2240
15717 4 2 3 3 1180 609 2731 2739
15718 4 2 3 3 1513 2731 1180 2240
15719 4 2 3 3 2737 2734 2735 1218
15720 4 2 3 3 1490 2288 2746 2287
15721 4 2 3 3 1490 2746 2288 2738
15722 4 2 3 3 165 1537 2754 1590
15723 4 2 3 3 2743 1490 2287 2288
15724 4 2 3 3 2742 2745 2744 2287
15725 4 2 3 3 2742 2744 2745 2182
15726 4 2 3 3 2006 2744 2745 2287
15727 4 2 3 3 2006 2745 2744 2182
15728 4 2 3 3 14 2722 12 164
15729 4 2 3 3 1590 12 2722 164
15730 4 2 3 3 2757 2721 2754 165
15731 4 2 3 3 2754 2721 1537 165
15732 4 2 3 3 2741 2733 2185 2732
15733 4 2 3 3 1144 2185 2733 2732
15734 4 2 3 3 1144 2733 2185 1489
15735 4 2 3 3 2726 2739 1194 2236
15736 4 2 3 3 1194 2739 2726 2725
15737 4 2 3 3 2727 2729 2740 655
15738 4 2 3 3 2739 606 1169 2726
15739 4 2 3 3 1169 2236 2739 2726
15740 4 2 3 3 2733 2732 2734 1246
15741 4 2 3 3 2733 2734 2728 1246
15742 4 2 3 3 2733 2728 2727 1246
15743 4 2 3 3 2727 2728 2733 2740
15744 4 2 3 3 655 2727 2733 2740
15745 4 2 3 3 2737 1490 2288 2738
15746 4 2 3 3 2288 1490 2737 2743
15747 4 2 3 3 2288 1221 2737 2738
15748 4 2 3 3 2737 1221 2288 2743
15749 4 2 3 3 2738 2737 2594 2741
15750 4 2 3 3 2738 2594 2737 1490
15751 4 2 3 3 1840 2738 2594 2741
15752 4 2 3 3 1840 2594 2738 1490
15753 4 2 3 3 2742 2738 1840 2741
15754 4 2 3 3 2742 1840 2738 1490
15755 4 2 3 3 2745 2742 2185 2738
15756 4 2 3 3 2745 2185 2742 2182
15757 4 2 3 3 2741 2185 2742 2738
15758 4 2 3 3 2741 2742 2185 2182
15759 4 2 3 3 2737 2743 2734 1221
15760 4 2 3 3 2737 2734 2743 2735
15761 4 2 3 3 1220 2734 2743 1221
15762 4 2 3 3 1220 2743 2734 2735
15763 4 2 3 3 2728 2732 2733 2740
15764 4 2 3 3 2728 2733 2732 2734
15765 4 2 3 3 1537 2721 2750 164
15766 4 2 3 3 2073 1836 2752 2083
15767 4 2 3 3 1836 2084 2752 2083
15768 4 2 3 3 2748 2752 2084 2083
15769 4 2 3 3 2073 13 2753 2088
15770 4 2 3 3 341 2753 13 2088
15771 4 2 3 3 262 322 2724 71
15772 4 2 3 3 165 2754 262 1544
15773 4 2 3 3 2754 2724 262 1544
15774 4 2 3 3 1590 2755 1855 1593
15775 4 2 3 3 1590 1855 2755 2017
15776 4 2 3 3 2630 2755 1855 2017
15777 4 2 3 3 11 2751 2089 2082
15778 4 2 3 3 11 2089 2751 342
15779 4 2 3 3 2751 2756 2089 2082
15780 4 2 3 3 2751 2089 2756 342
15781 4 2 3 3 2737 2741 1221 2732
15782 4 2 3 3 2737 1221 2741 2738
15783 4 2 3 3 2185 1221 2741 2732
15784 4 2 3 3 2185 2741 1221 2738
15785 4 2 3 3 2737 2732 1488 2741
15786 4 2 3 3 2737 1488 2732 2728
15787 4 2 3 3 2740 1488 2732 2741
15788 4 2 3 3 2740 2732 1488 2728
15789 4 2 3 3 1836 2084 2753 2752
15790 4 2 3 3 2073 1836 2753 2752
15791 4 2 3 3 2757 341 13 70
15792 4 2 3 3 2757 13 341 2753
15793 4 2 3 3 2753 2752 13 2073
15794 4 2 3 3 2753 13 2752 2757
15795 4 2 3 3 2757 2754 2084 2724
15796 4 2 3 3 2757 2084 2754 2748
15797 4 2 3 3 2752 2757 2084 2753
15798 4 2 3 3 2084 2757 2752 2748
15799 4 2 3 3 2629 2758 266 2630
15800 4 2 3 3 2629 266 2758 73
15801 4 2 3 3 2755 1545 1547 1593
15802 4 2 3 3 1547 1545 2755 2630
15803 4 2 3 3 2755 1547 1855 1593
15804 4 2 3 3 1855 1547 2755 2630
15805 4 2 3 3 2758 266 1545 1593
15806 4 2 3 3 1545 266 2758 2630
15807 4 2 3 3 2755 2758 1545 1593
15808 4 2 3 3 1545 2758 2755 2630
15809 4 2 3 3 1537 2723 2762 2748
15810 4 2 3 3 1537 2762 2723 2759
15811 4 2 3 3 1997 2013 2760 2012
15812 4 2 3 3 2760 2287 1490 1997
15813 4 2 3 3 2760 2743 1490 2287
15814 4 2 3 3 2760 1490 2743 2735
15815 4 2 3 3 2735 2760 2736 2743
15816 4 2 3 3 2736 1220 2735 2743
15817 4 2 3 3 2735 1220 2736 1217
15818 4 2 3 3 2287 2760 2014 1997
15819 4 2 3 3 2287 2014 2760 2736
15820 4 2 3 3 2012 2014 2760 1997
15821 4 2 3 3 2012 2760 2014 2736
15822 4 2 3 3 1230 2013 1443 1217
15823 4 2 3 3 2760 2013 2761 2012
15824 4 2 3 3 2761 2736 1443 1217
15825 4 2 3 3 2761 1443 2736 2012
15826 4 2 3 3 2013 2761 1443 1217
15827 4 2 3 3 2013 1443 2761 2012
15828 4 2 3 3 2762 1537 2721 2750
15829 4 2 3 3 2762 2759 2751 2756
15830 4 2 3 3 342 2751 2759 2756
15831 4 2 3 3 2659 2171 2656 2691
15832 4 2 3 3 2659 2656 2171 2692
15833 4 2 3 3 2690 2656 2171 2691
15834 4 2 3 3 2690 2171 2656 2692
15835 4 2 3 3 2258 2261 1443 1863
15836 4 2 3 3 1443 2261 2258 1230
15837 4 2 3 3 1443 2012 2258 1863
15838 4 2 3 3 2112 2096 1963 1823
15839 4 2 3 3 1963 2096 2112 1964
15840 4 2 3 3 2289 2260 2351 2352
15841 4 2 3 3 2351 2260 2289 2262
15842 4 2 3 3 2351 2695 2289 2352
15843 4 2 3 3 2289 2695 2351 2262
15844 4 2 3 3 702 1998 704 691
15845 4 2 3 3 702 704 1998 1246
15846 4 2 3 3 1302 1626 1480 1771
15847 4 2 3 3 1480 1626 1302 1408
15848 4 2 3 3 1771 1302 1780 1785
15849 4 2 3 3 1771 1780 1302 1788
15850 4 2 3 3 1795 1780 1302 1785
15851 4 2 3 3 1795 1302 1780 1788
15852 4 2 3 3 1788 1626 1410 1408
15853 4 2 3 3 2108 1966 1626 1403
15854 4 2 3 3 2108 1626 1966 1304
15855 4 2 3 3 761 2104 2118 7
15856 4 2 3 3 761 2118 2104 2106
15857 4 2 3 3 2105 761 2118 7
15858 4 2 3 3 2105 2118 761 2106
15859 4 2 3 3 3 761 2105 7
15860 4 2 3 3 3 2105 761 2106
15861 4 2 3 3 2353 1416 2264 2351
15862 4 2 3 3 2264 1416 2353 2359
15863 4 2 3 3 2264 2271 2353 2351
15864 4 2 3 3 2353 2271 2264 2359
15865 4 2 3 3 1809 2632 2165 1799
15866 4 2 3 3 1809 2165 2632 1887
15867 4 2 3 3 1593 1339 1547 1594
15868 4 2 3 3 1593 1547 1339 1545
15869 4 2 3 3 1580 1547 1339 1594
15870 4 2 3 3 1580 1339 1547 1545
15871 4 2 3 3 2022 2009 1991 2023
15872 4 2 3 3 1991 2009 2022 2008
15873 4 2 3 3 1991 12 2022 2023
15874 4 2 3 3 2022 12 1991 2008
15875 4 2 3 3 1258 688 685 1509
15876 4 2 3 3 685 688 1258 710
15877 4 2 3 3 685 2240 1258 1509
15878 4 2 3 3 1258 2240 685 710
15879 4 2 3 3 2051 2639 2029 2049
15880 4 2 3 3 2029 2639 2051 187
15881 4 2 3 3 2029 2038 2051 2049
15882 4 2 3 3 2051 2038 2029 187
15883 4 2 3 3 1203 1374 1757 1743
15884 4 2 3 3 1203 1757 1374 1756
15885 4 2 3 3 1758 1757 1374 1743
15886 4 2 3 3 1758 1374 1757 1756
15887 4 2 3 3 2624 1180 1259 1261
15888 4 2 3 3 2624 1259 1180 1256
15889 4 2 3 3 708 1259 1180 1261
15890 4 2 3 3 708 1180 1259 1256
15891 4 2 3 3 1836 2054 2053 1819
15892 4 2 3 3 2053 2054 1836 1820
15893 4 2 3 3 2053 2083 1836 1819
15894 4 2 3 3 1836 2083 2053 1820
15895 4 2 3 3 2171 2605 2708 2692
15896 4 2 3 3 2708 2605 2171 2707
15897 4 2 3 3 2708 2660 2659 2692
15898 4 2 3 3 2659 2660 2708 2707
15899 4 2 3 3 2171 2708 2659 2692
15900 4 2 3 3 2659 2708 2171 2707
15901 4 2 3 3 1743 1378 630 596
15902 4 2 3 3 1743 630 1378 1739
15903 4 2 3 3 1402 1724 1627 1410
15904 4 2 3 3 1627 1724 1402 1966
15905 4 2 3 3 1724 1626 1627 1410
15906 4 2 3 3 1627 1626 1724 1966
15907 4 2 3 3 1724 1788 1626 1410
15908 4 2 3 3 1626 1788 1724 1966
15909 4 2 3 3 2657 2659 1334 2692
15910 4 2 3 3 2657 1334 2659 2043
15911 4 2 3 3 2037 2255 2046 807
15912 4 2 3 3 2037 2046 2255 2038
15913 4 2 3 3 2051 2046 2255 807
15914 4 2 3 3 2051 2255 2046 2038
15915 4 2 3 3 2757 164 165 13
15916 4 2 3 3 2757 165 164 2721
15917 4 2 3 3 11 164 2757 13
15918 4 2 3 3 11 2757 164 2721
15919 4 2 3 3 2751 11 2757 13
15920 4 2 3 3 2747 2236 2239 2238
15921 4 2 3 3 2213 2236 2239 1169
15922 4 2 3 3 2213 2239 2236 2238
15923 4 2 3 3 2288 2746 2015 2007
15924 4 2 3 3 2288 2015 2746 2287
15925 4 2 3 3 2746 2006 2016 2007
15926 4 2 3 3 2746 2016 2006 2287
15927 4 2 3 3 2014 2746 2016 2007
15928 4 2 3 3 2014 2016 2746 2287
15929 4 2 3 3 2015 2746 2014 2007
15930 4 2 3 3 2015 2014 2746 2287
15931 4 2 3 3 1508 1143 2730 1358
15932 4 2 3 3 2749 2240 2731 1143
15933 4 2 3 3 2749 2731 2240 606
15934 4 2 3 3 2730 2749 457 606
15935 4 2 3 3 457 2749 2240 606
15936 4 2 3 3 1535 253 2723 323
15937 4 2 3 3 48 2723 253 323
15938 4 2 3 3 262 165 266 72
15939 4 2 3 3 262 266 165 1593
15940 4 2 3 3 73 266 165 72
15941 4 2 3 3 2725 1194 2235 525
15942 4 2 3 3 2235 1194 2725 2739
15943 4 2 3 3 13 2052 2751 11
15944 4 2 3 3 2082 2751 2052 11
15945 4 2 3 3 2752 2073 2052 13
15946 4 2 3 3 2752 2052 2073 2083
15947 4 2 3 3 2751 2752 2052 13
15948 4 2 3 3 165 262 2724 71
15949 4 2 3 3 2724 262 165 2754
15950 4 2 3 3 2724 70 165 71
15951 4 2 3 3 2748 2756 2752 2083
15952 4 2 3 3 2752 2756 2748 2751
15953 4 2 3 3 2756 2052 2752 2083
15954 4 2 3 3 2752 2052 2756 2751
15955 4 2 3 3 2756 2082 2052 2083
15956 4 2 3 3 2052 2082 2756 2751
15957 4 2 3 3 2752 2757 2751 2748
15958 4 2 3 3 2751 2757 2752 13
15959 4 2 3 3 2757 165 2724 70
15960 4 2 3 3 2757 2724 165 2754
15961 4 2 3 3 48 2759 323 47
15962 4 2 3 3 48 323 2759 2723
15963 4 2 3 3 342 323 2759 47
15964 4 2 3 3 342 2759 323 2723
15965 4 2 3 3 2761 2013 2735 1217
15966 4 2 3 3 2735 2013 2761 2760
15967 4 2 3 3 2735 2736 2761 1217
15968 4 2 3 3 2761 2736 2735 2760
15969 4 2 3 3 1999 1580 1340 1215
15970 4 2 3 3 1340 1547 1580 1999
15971 4 2 3 3 1580 1547 1340 1641
15972 4 2 3 3 1715 1402 1714 1736
15973 4 2 3 3 1715 1714 1402 1410
15974 4 2 3 3 1411 1714 1402 1736
15975 4 2 3 3 1411 1402 1714 1410
15976 4 2 3 3 1411 1402 1408 1961
15977 4 2 3 3 1411 1408 1402 1410
15978 4 2 3 3 1259 1956 2622 2539
15979 4 2 3 3 2622 1956 1259 1256
15980 4 2 3 3 2094 2101 2074 2077
15981 4 2 3 3 2074 2101 2094 2093
15982 4 2 3 3 2074 2085 2094 2077
15983 4 2 3 3 2094 2085 2074 2093
15984 4 2 3 3 2049 2029 2033 2028
15985 4 2 3 3 2105 2094 1830 1849
15986 4 2 3 3 2105 1830 2094 2093
15987 4 2 3 3 1848 1830 2094 1849
15988 4 2 3 3 1848 2094 1830 2093
15989 4 2 3 3 2456 2461 1248 2170
15990 4 2 3 3 2456 2168 1248 1247
15991 4 2 3 3 1248 2168 2456 2170
15992 4 2 3 3 1243 1248 2456 2461
15993 4 2 3 3 1243 2456 1248 1247
15994 4 2 3 3 1514 2326 2327 2600
15995 4 2 3 3 2327 2326 1514 2237
15996 4 2 3 3 2327 1953 1514 2600
15997 4 2 3 3 1514 1953 2327 2237
15998 4 2 3 3 2238 2233 1514 2237
15999 4 2 3 3 2238 2326 1514 2325
16000 4 2 3 3 1514 2326 2238 2237
16001 4 2 3 3 2243 2611 1194 1169
16002 4 2 3 3 2243 1194 2611 524
16003 4 2 3 3 631 1194 2611 1169
16004 4 2 3 3 631 2611 1194 524
16005 4 2 3 3 1402 1410 2110 1721
16006 4 2 3 3 1402 2110 1410 1627
16007 4 2 3 3 2113 2110 1410 1721
16008 4 2 3 3 2113 1410 2110 1627
16009 4 2 3 3 588 1342 1646 1585
16010 4 2 3 3 1223 1646 588 1342
16011 4 2 3 3 1223 588 1646 1910
16012 4 2 3 3 594 1488 593 1346
16013 4 2 3 3 593 1488 594 621
16014 4 2 3 3 1007 88 2046 955
16015 4 2 3 3 2046 88 1007 167
16016 4 2 3 3 2046 978 1007 955
16017 4 2 3 3 1007 978 2046 167
16018 4 2 3 3 342 11 69 3
16019 4 2 3 3 342 69 11 2090
16020 4 2 3 3 2105 69 11 3
16021 4 2 3 3 2105 11 69 2090
16022 4 2 3 3 1993 1850 1999 2001
16023 4 2 3 3 1993 1999 1850 2000
16024 4 2 3 3 2013 2258 1443 2012
16025 4 2 3 3 2013 1443 2258 1230
16026 4 2 3 3 2029 2049 2024 2038
16027 4 2 3 3 2029 2024 2049 2033
16028 4 2 3 3 2048 2024 2049 2038
16029 4 2 3 3 2048 2049 2024 2033
16030 4 2 3 3 1518 1514 2238 2233
16031 4 2 3 3 1518 2238 1514 2325
16032 4 2 3 3 1323 1189 1616 1689
16033 4 2 3 3 1616 1189 1323 1505
16034 4 2 3 3 1616 1182 1323 1689
16035 4 2 3 3 1323 1182 1616 1505
16036 4 2 3 3 1323 1307 1605 1619
16037 4 2 3 3 1605 1307 1323 1505
16038 4 2 3 3 1605 1189 1323 1619
16039 4 2 3 3 1323 1189 1605 1505
16040 4 2 3 3 2353 794 2271 817
16041 4 2 3 3 2353 2271 794 2273
16042 4 2 3 3 2359 1865 1568 2360
16043 4 2 3 3 1568 1865 2359 1864
16044 4 2 3 3 1568 1847 2359 2360
16045 4 2 3 3 2359 1847 1568 1864
16046 4 2 3 3 1672 2380 1673 2216
16047 4 2 3 3 1672 1673 2380 2386
16048 4 2 3 3 2217 1673 2380 2216
16049 4 2 3 3 2217 2380 1673 2386
16050 4 2 3 3 1407 1302 1783 1785
16051 4 2 3 3 1407 1783 1302 1408
16052 4 2 3 3 1480 1783 1302 1785
16053 4 2 3 3 1480 1302 1783 1408
16054 4 2 3 3 2230 2405 2282 2710
16055 4 2 3 3 2282 2405 2230 2406
16056 4 2 3 3 2724 1836 1526 1544
16057 4 2 3 3 1526 262 2724 1544
16058 4 2 3 3 2724 262 1526 322
16059 4 2 3 3 1526 2724 1528 1836
16060 4 2 3 3 1526 1528 2724 322
16061 4 2 3 3 341 1528 2724 1836
16062 4 2 3 3 341 2724 1528 322
16063 4 2 3 3 2609 2238 2236 2747
16064 4 2 3 3 2236 2238 2609 2233
16065 4 2 3 3 1258 2240 1508 1143
16066 4 2 3 3 1508 2240 1258 457
16067 4 2 3 3 2240 2730 1508 1143
16068 4 2 3 3 1508 2730 2240 457
16069 4 2 3 3 2240 2749 2730 1143
16070 4 2 3 3 2730 2749 2240 457
16071 4 2 3 3 1245 1655 2733 1489
16072 4 2 3 3 1245 2733 1655 655
16073 4 2 3 3 1144 702 1254 1998
16074 4 2 3 3 1144 1254 702 1664
16075 4 2 3 3 462 624 2727 655
16076 4 2 3 3 2727 624 462 1246
16077 4 2 3 3 2727 2733 462 655
16078 4 2 3 3 462 2733 2727 1246
16079 4 2 3 3 668 2733 1245 462
16080 4 2 3 3 1245 2733 668 1664
16081 4 2 3 3 1246 1144 1664 2733
16082 4 2 3 3 1664 1144 1246 702
16083 4 2 3 3 1664 668 1246 2733
16084 4 2 3 3 1246 668 1664 702
16085 4 2 3 3 2735 140 574 1220
16086 4 2 3 3 574 140 2735 1218
16087 4 2 3 3 574 2734 2735 1220
16088 4 2 3 3 2735 2734 574 1218
16089 4 2 3 3 2017 2758 2630 2755
16090 4 2 3 3 2017 2630 2758 2629
16091 4 2 3 3 165 2758 266 73
16092 4 2 3 3 165 266 2758 1593
16093 4 2 3 3 164 1537 2762 2750
16094 4 2 3 3 164 47 1537 48
16095 4 2 3 3 164 1537 47 2762
16096 4 2 3 3 2759 1537 47 48
16097 4 2 3 3 2759 47 1537 2762
16098 4 2 3 3 2723 1535 48 253
16099 4 2 3 3 2723 48 1535 1537
16100 4 2 3 3 164 48 1535 253
16101 4 2 3 3 164 1535 48 1537
16102 4 2 3 3 2084 1540 2723 2748
16103 4 2 3 3 2723 1540 2084 1535
16104 4 2 3 3 2723 1537 2084 2748
16105 4 2 3 3 2084 1537 2723 1535
16106 4 2 3 3 609 2720 1180 2622
16107 4 2 3 3 609 1180 2720 2739
16108 4 2 3 3 1513 1180 2720 2622
16109 4 2 3 3 2720 2739 1421 609
16110 4 2 3 3 1421 2739 2720 2235
16111 4 2 3 3 2725 525 1421 609
16112 4 2 3 3 1421 525 2725 2235
16113 4 2 3 3 2739 2725 1421 609
16114 4 2 3 3 1421 2725 2739 2235
16115 4 2 3 3 2183 2733 2185 2741
16116 4 2 3 3 2183 2185 2733 1489
16117 4 2 3 3 2183 2740 1489 2733
16118 4 2 3 3 2183 1489 2740 2184
16119 4 2 3 3 2729 2740 1489 2184
16120 4 2 3 3 2740 655 1489 2733
16121 4 2 3 3 2740 1489 655 2729
16122 4 2 3 3 1655 1489 655 2733
16123 4 2 3 3 1655 655 1489 2729
16124 4 2 3 3 2746 2738 2287 2745
16125 4 2 3 3 2746 2287 2738 1490
16126 4 2 3 3 2742 2287 2738 2745
16127 4 2 3 3 2742 2738 2287 1490
16128 4 2 3 3 1537 164 165 2721
16129 4 2 3 3 165 164 1537 1590
16130 4 2 3 3 2239 2236 2739 1169
16131 4 2 3 3 2739 2236 2239 2747
16132 4 2 3 3 2739 606 2239 1169
16133 4 2 3 3 2239 606 2739 2747
16134 4 2 3 3 12 14 2758 2722
16135 4 2 3 3 2758 14 12 2017
16136 4 2 3 3 2758 1590 12 2722
16137 4 2 3 3 12 1590 2758 2017
16138 4 2 3 3 1488 1218 2727 2728
16139 4 2 3 3 1488 2740 2727 2729
16140 4 2 3 3 2727 2740 1488 2728
16141 4 2 3 3 575 1488 2727 2729
16142 4 2 3 3 2727 1488 575 1218
16143 4 2 3 3 2747 2720 1180 2739
16144 4 2 3 3 1180 2720 2747 1513
16145 4 2 3 3 1180 2731 2747 2739
16146 4 2 3 3 2747 2731 1180 1513
16147 4 2 3 3 342 11 2759 2751
16148 4 2 3 3 342 2759 11 47
16149 4 2 3 3 2762 2759 11 2751
16150 4 2 3 3 2762 11 2759 47
16151 4 2 3 3 11 2762 164 47
16152 4 2 3 3 2762 2721 164 2750
16153 4 2 3 3 2762 164 2721 11
16154 4 2 3 3 2748 2762 2757 2751
16155 4 2 3 3 11 2757 2762 2751
16156 4 2 3 3 11 2762 2757 2721
16157 4 2 3 3 2088 2753 1836 341
16158 4 2 3 3 2088 1836 2753 2073
16159 4 2 3 3 2084 2756 2748 2083
16160 4 2 3 3 2084 2748 2756 2089
16161 4 2 3 3 1540 2082 2084 2083
16162 4 2 3 3 1540 2084 2082 2089
16163 4 2 3 3 2082 2756 2084 2083
16164 4 2 3 3 2082 2084 2756 2089
16165 4 2 3 3 2089 2756 2762 2748
16166 4 2 3 3 2723 2089 2762 2748
16167 4 2 3 3 1540 2089 2723 2748
16168 4 2 3 3 1540 2723 2089 342
16169 4 2 3 3 2753 1836 2724 2084
16170 4 2 3 3 2724 1836 2753 341
16171 4 2 3 3 2724 2757 2753 2084
16172 4 2 3 3 2753 2757 2724 341
16173 4 2 3 3 2723 2759 2089 342
16174 4 2 3 3 2723 2089 2759 2762
16175 4 2 3 3 2756 2089 2759 342
16176 4 2 3 3 2756 2759 2089 2762
16177 4 2 3 3 2735 2013 1997 1218
16178 4 2 3 3 1997 2013 2735 2760
16179 4 2 3 3 1997 1490 2735 1218
16180 4 2 3 3 2735 1490 1997 2760
16181 4 2 3 3 2762 1537 2754 2721
16182 4 2 3 3 2754 1537 2762 2748
16183 4 2 3 3 2754 2757 2762 2721
16184 4 2 3 3 2762 2757 2754 2748
16185 4 2 3 4 89 8 364 7
16186 4 2 3 4 1103 791 235 178
16187 4 2 3 4 775 1109 1010 790
16188 4 2 3 4 1111 777 783 180
16189 4 2 3 4 70 357 89 364
16190 4 2 3 4 72 362 49 73
16191 4 2 3 4 783 765 789 780
16192 4 2 3 4 4 761 3 364
16193 4 2 3 4 789 783 25 768
16194 4 2 3 4 783 789 25 22
16195 4 2 3 4 91 110 111 362
16196 4 2 3 4 23 185 1010 790
16197 4 2 3 4 789 774 25 776
16198 4 2 3 4 185 177 1010 790
16199 4 2 3 4 777 762 768 771
16200 4 2 3 4 1106 15 760 166
16201 4 2 3 4 70 3 4 11
16202 4 2 3 4 1111 20 25 768
16203 4 2 3 4 177 775 1010 790
16204 4 2 3 4 789 780 765 91
16205 4 2 3 4 174 775 790 1109
16206 4 2 3 4 778 763 781 782
16207 4 2 3 4 769 784 790 779
16208 4 2 3 4 766 781 787 89
16209 4 2 3 4 777 783 786 771
16210 4 2 3 4 364 3 7 761
16211 4 2 3 4 5 166 773 759
16212 4 2 3 4 778 780 781 765
16213 4 2 3 4 775 174 790 1112
16214 4 2 3 4 772 168 787 782
16215 4 2 3 4 364 7 3 357
16216 4 2 3 4 783 1111 25 768
16217 4 2 3 4 8 168 169 787
16218 4 2 3 4 1111 783 25 22
16219 4 2 3 4 778 763 771 765
16220 4 2 3 4 362 355 49 73
16221 4 2 3 4 769 764 771 779
16222 4 2 3 4 173 762 172 1110
16223 4 2 3 4 176 763 764 779
16224 4 2 3 4 759 788 167 760
16225 4 2 3 4 173 769 762 1112
16226 4 2 3 4 777 1112 762 784
16227 4 2 3 4 236 788 1104 179
16228 4 2 3 4 355 92 73 111
16229 4 2 3 4 177 185 1009 779
16230 4 2 3 4 783 765 771 768
16231 4 2 3 4 786 765 771 783
16232 4 2 3 4 181 182 1112 784
16233 4 2 3 4 174 775 1109 21
16234 4 2 3 4 1103 791 178 22
16235 4 2 3 4 90 781 765 109
16236 4 2 3 4 25 235 1103 791
16237 4 2 3 4 25 235 791 776
16238 4 2 3 4 783 1111 180 22
16239 4 2 3 4 786 765 778 771
16240 4 2 3 4 48 90 71 353
16241 4 2 3 4 774 789 765 91
16242 4 2 3 4 360 353 71 109
16243 4 2 3 4 173 769 1112 174
16244 4 2 3 4 176 779 177 1009
16245 4 2 3 4 111 774 91 789
16246 4 2 3 4 763 778 781 765
16247 4 2 3 4 772 168 8 787
16248 4 2 3 4 786 765 783 780
16249 4 2 3 4 7 761 8 364
16250 4 2 3 4 766 763 767 782
16251 4 2 3 4 766 772 782 767
16252 4 2 3 4 171 236 773 1106
16253 4 2 3 4 173 181 762 1110
16254 4 2 3 4 763 766 781 782
16255 4 2 3 4 1111 777 180 1110
16256 4 2 3 4 168 772 767 782
16257 4 2 3 4 777 1111 762 1110
16258 4 2 3 4 360 108 89 109
16259 4 2 3 4 1104 788 760 167
16260 4 2 3 4 92 91 111 355
16261 4 2 3 4 769 762 784 771
16262 4 2 3 4 777 181 180 1110
16263 4 2 3 4 355 362 49 91
16264 4 2 3 4 788 759 773 760
16265 4 2 3 4 777 1111 768 762
16266 4 2 3 4 182 174 790 1109
16267 4 2 3 4 90 110 765 91
16268 4 2 3 4 766 763 781 765
16269 4 2 3 4 761 4 8 364
16270 4 2 3 4 17 1104 760 16
16271 4 2 3 4 181 777 784 1112
16272 4 2 3 4 353 360 89 109
16273 4 2 3 4 89 8 787 108
16274 4 2 3 4 89 8 108 364
16275 4 2 3 4 110 774 765 91
16276 4 2 3 4 111 91 92 789
16277 4 2 3 4 764 769 790 779
16278 4 2 3 4 182 1112 784 790
16279 4 2 3 4 174 182 790 1112
16280 4 2 3 4 90 361 71 109
16281 4 2 3 4 781 766 765 109
16282 4 2 3 4 177 185 779 790
16283 4 2 3 4 1109 23 21 1010
16284 4 2 3 4 766 781 782 787
16285 4 2 3 4 20 1108 25 776
16286 4 2 3 4 20 1111 172 768
16287 4 2 3 4 786 778 779 771
16288 4 2 3 4 70 4 3 364
16289 4 2 3 4 4 70 11 13
16290 4 2 3 4 8 108 772 787
16291 4 2 3 4 777 786 784 771
16292 4 2 3 4 89 8 7 787
16293 4 2 3 4 784 769 771 779
16294 4 2 3 4 90 91 765 780
16295 4 2 3 4 759 788 6 167
16296 4 2 3 4 181 173 762 1112
16297 4 2 3 4 781 766 109 89
16298 4 2 3 4 1112 769 784 790
16299 4 2 3 4 176 177 779 764
16300 4 2 3 4 353 90 71 109
16301 4 2 3 4 70 48 71 353
16302 4 2 3 4 1109 23 1010 790
16303 4 2 3 4 90 353 89 109
16304 4 2 3 4 166 759 760 773
16305 4 2 3 4 47 70 89 353
16306 4 2 3 4 70 360 89 353
16307 4 2 3 4 108 360 89 70
16308 4 2 3 4 786 784 771 779
16309 4 2 3 4 111 91 362 355
16310 4 2 3 4 787 108 772 766
16311 4 2 3 4 766 108 109 89
16312 4 2 3 4 791 789 25 776
16313 4 2 3 4 20 774 25 768
16314 4 2 3 4 1111 777 768 783
16315 4 2 3 4 1106 166 760 773
16316 4 2 3 4 772 766 782 787
16317 4 2 3 4 774 789 25 768
16318 4 2 3 4 769 764 790 775
16319 4 2 3 4 778 763 779 771
16320 4 2 3 4 774 20 25 776
16321 4 2 3 4 181 777 762 1110
16322 4 2 3 4 47 3 70 11
16323 4 2 3 4 90 781 109 89
16324 4 2 3 4 775 769 1112 790
16325 4 2 3 4 25 235 776 1108
16326 4 2 3 4 789 791 25 22
16327 4 2 3 4 783 765 768 789
16328 4 2 3 4 762 1111 172 1110
16329 4 2 3 4 15 171 773 1106
16330 4 2 3 4 777 181 762 1112
16331 4 2 3 4 170 1108 776 235
16332 4 2 3 4 70 108 364 89
16333 4 2 3 4 762 777 784 771
16334 4 2 3 4 111 110 91 774
16335 4 2 3 4 775 1109 21 1010
16336 4 2 3 4 170 1108 20 776
16337 4 2 3 4 362 355 73 111
16338 4 2 3 4 16 1104 760 167
16339 4 2 3 4 17 15 760 1106
16340 4 2 3 4 763 764 779 771
16341 4 2 3 4 774 789 768 765
16342 4 2 3 4 775 21 177 1010
16343 4 2 3 4 788 1104 16 167
16344 4 2 3 4 1112 769 762 784
16345 4 2 3 4 775 769 174 1112
16346 4 2 3 4 70 3 47 357
16347 4 2 3 4 786 765 780 778
16348 4 2 3 4 182 23 1109 790
16349 4 2 3 4 90 110 109 765
16350 4 2 3 4 90 361 109 110
16351 4 2 3 4 111 774 789 776
16352 4 2 3 4 7 8 169 787
16353 4 2 3 4 70 48 353 47
16354 4 2 3 4 788 179 16 1104
16355 4 2 3 4 364 3 70 357
16356 4 2 3 4 791 1103 25 22
16357 4 2 3 4 168 169 787 782
16358 4 2 3 4 764 177 779 790
16359 4 2 3 4 360 70 71 353
16360 4 2 3 4 787 108 766 89
16361 4 2 3 4 15 1106 773 166
16362 4 2 3 4 7 89 357 364
16363 4 2 3 4 90 780 765 781
16364 4 2 3 4 70 357 47 89
16365 4 2 3 4 1111 762 172 768
16366 4 2 3 4 764 775 177 790
16367 4 2 3 4 783 777 768 771
16368 4 2 3 4 5 1 758 363
16369 4 2 3 4 356 6 2 758
16370 4 2 3 4 759 5 6 2764
16371 4 2 3 4 92 6 356 2764
16372 4 2 3 4 11 47 164 70
16373 4 2 3 4 13 165 70 164
16374 4 2 3 4 767 175 18 2767
16375 4 2 3 4 18 175 183 2767
16376 4 2 3 4 18 183 19 2767
16377 4 2 3 4 169 168 19 782
16378 4 2 3 4 19 183 782 2767
16379 4 2 3 4 47 48 164 70
16380 4 2 3 4 71 90 48 361
16381 4 2 3 4 49 354 91 2768
16382 4 2 3 4 110 90 361 2768
16383 4 2 3 4 110 91 90 2768
16384 4 2 3 4 91 354 90 2768
16385 4 2 3 4 178 785 791 2769
16386 4 2 3 4 170 235 776 1107
16387 4 2 3 4 171 170 770 1107
16388 4 2 3 4 776 770 170 1107
16389 4 2 3 4 779 1009 176 184
16390 4 2 3 4 183 176 184 2770
16391 4 2 3 4 178 791 235 2769
16392 4 2 3 4 178 179 785 1105
16393 4 2 3 4 184 778 183 2770
16394 4 2 3 4 1009 185 184 779
16395 4 2 3 4 164 11 70 13
16396 4 2 3 4 178 1105 785 235
16397 4 2 3 4 785 178 235 2769
16398 4 2 3 4 1 12 2 2773
16399 4 2 3 4 14 12 1 2773
16400 4 2 3 4 165 164 14 73
16401 4 2 3 4 235 2772 2769 2765
16402 4 2 3 4 760 1104 17 2775
16403 4 2 3 4 788 1104 760 2775
16404 4 2 3 4 236 1104 788 2775
16405 4 2 3 4 17 1104 236 2775
16406 4 2 3 4 17 236 1106 2775
16407 4 2 3 4 1106 760 17 2775
16408 4 2 3 4 2769 785 2766 2777
16409 4 2 3 4 73 1 2773 14
16410 4 2 3 4 50 12 2773 2
16411 4 2 3 4 111 770 2774 5
16412 4 2 3 4 111 2774 770 2765
16413 4 2 3 4 2774 770 773 5
16414 4 2 3 4 785 2771 788 6
16415 4 2 3 4 49 354 361 48
16416 4 2 3 4 49 361 354 2768
16417 4 2 3 4 90 361 354 48
16418 4 2 3 4 90 354 361 2768
16419 4 2 3 4 70 164 71 48
16420 4 2 3 4 70 71 164 165
16421 4 2 3 4 71 72 164 165
16422 4 2 3 4 73 164 72 165
16423 4 2 3 4 73 72 164 49
16424 4 2 3 4 2769 776 789 791
16425 4 2 3 4 2769 235 776 791
16426 4 2 3 4 176 184 763 779
16427 4 2 3 4 176 763 184 2770
16428 4 2 3 4 778 763 184 779
16429 4 2 3 4 778 184 763 2770
16430 4 2 3 4 363 2764 758 5
16431 4 2 3 4 6 758 2764 5
16432 4 2 3 4 6 2764 758 356
16433 4 2 3 4 19 2767 168 18
16434 4 2 3 4 19 168 2767 782
16435 4 2 3 4 767 168 2767 18
16436 4 2 3 4 767 2767 168 782
16437 4 2 3 4 2768 361 72 49
16438 4 2 3 4 2768 72 361 110
16439 4 2 3 4 362 2768 72 49
16440 4 2 3 4 362 72 2768 110
16441 4 2 3 4 91 2768 362 49
16442 4 2 3 4 91 362 2768 110
16443 4 2 3 4 164 14 50 12
16444 4 2 3 4 2773 50 14 12
16445 4 2 3 4 356 92 2763 50
16446 4 2 3 4 356 2763 92 2764
16447 4 2 3 4 73 92 2763 2764
16448 4 2 3 4 2774 2764 111 5
16449 4 2 3 4 363 111 2764 5
16450 4 2 3 4 773 2771 759 788
16451 4 2 3 4 6 759 2771 788
16452 4 2 3 4 6 2771 759 2764
16453 4 2 3 4 73 2764 111 92
16454 4 2 3 4 73 111 2764 363
16455 4 2 3 4 235 2772 1107 236
16456 4 2 3 4 2774 2766 2765 111
16457 4 2 3 4 2765 235 776 2769
16458 4 2 3 4 789 2765 776 2769
16459 4 2 3 4 789 776 2765 111
16460 4 2 3 4 2765 776 770 111
16461 4 2 3 4 2765 2772 776 235
16462 4 2 3 4 2765 776 2772 770
16463 4 2 3 4 1107 776 2772 235
16464 4 2 3 4 1107 2772 776 770
16465 4 2 3 4 49 2773 14 73
16466 4 2 3 4 49 14 2773 50
16467 4 2 3 4 164 49 14 73
16468 4 2 3 4 164 14 49 50
16469 4 2 3 4 92 2763 355 73
16470 4 2 3 4 92 355 2763 50
16471 4 2 3 4 2763 2773 49 73
16472 4 2 3 4 2763 49 2773 50
16473 4 2 3 4 355 2763 49 73
16474 4 2 3 4 355 49 2763 50
16475 4 2 3 4 758 2763 2 356
16476 4 2 3 4 50 2 2763 356
16477 4 2 3 4 50 2763 2 2773
16478 4 2 3 4 2763 758 2764 356
16479 4 2 3 4 770 2774 2772 2765
16480 4 2 3 4 770 2772 2774 773
16481 4 2 3 4 760 2775 773 788
16482 4 2 3 4 760 773 2775 1106
16483 4 2 3 4 236 773 2775 788
16484 4 2 3 4 236 2775 773 1106
16485 4 2 3 4 2776 788 179 785
16486 4 2 3 4 2776 179 788 236
16487 4 2 3 4 1105 2776 179 785
16488 4 2 3 4 1105 179 2776 236
16489 4 2 3 4 788 2776 773 2771
16490 4 2 3 4 788 773 2776 236
16491 4 2 3 4 2772 2776 773 236
16492 4 2 3 4 235 2776 2769 2772
16493 4 2 3 4 235 2769 2776 785
16494 4 2 3 4 1105 235 2776 785
16495 4 2 3 4 773 2776 2774 2771
16496 4 2 3 4 773 2774 2776 2772
16497 4 2 3 4 2777 2776 2769 785
16498 4 2 3 4 2776 2777 2774 2771
16499 4 2 3 4 2765 2777 2766 2774
16500 4 2 3 4 2766 2777 2765 2769
16501 4 2 3 4 2776 785 2771 788
16502 4 2 3 4 2776 2771 785 2777
16503 4 2 3 4 782 183 767 2767
16504 4 2 3 4 175 767 183 2767
16505 4 2 3 4 2770 778 782 763
16506 4 2 3 4 782 778 2770 183
16507 4 2 3 4 176 2770 175 763
16508 4 2 3 4 175 2770 176 183
16509 4 2 3 4 2770 767 175 763
16510 4 2 3 4 175 767 2770 183
16511 4 2 3 4 2770 782 767 763
16512 4 2 3 4 767 782 2770 183
16513 4 2 3 4 2764 2766 111 92
16514 4 2 3 4 111 2766 2764 2774
16515 4 2 3 4 92 6 2771 785
16516 4 2 3 4 2771 6 92 2764
16517 4 2 3 4 48 361 72 71
16518 4 2 3 4 72 361 48 49
16519 4 2 3 4 72 164 48 71
16520 4 2 3 4 48 164 72 49
16521 4 2 3 4 363 1 2773 73
16522 4 2 3 4 2763 363 2773 73
16523 4 2 3 4 2764 363 2763 73
16524 4 2 3 4 2764 2763 363 758
16525 4 2 3 4 2769 789 92 791
16526 4 2 3 4 92 785 2769 791
16527 4 2 3 4 2769 785 92 2766
16528 4 2 3 4 770 1107 773 171
16529 4 2 3 4 770 773 1107 2772
16530 4 2 3 4 236 773 1107 171
16531 4 2 3 4 236 1107 773 2772
16532 4 2 3 4 2769 92 111 2766
16533 4 2 3 4 111 92 2769 789
16534 4 2 3 4 111 2765 2769 2766
16535 4 2 3 4 2769 2765 111 789
16536 4 2 3 4 759 5 2771 773
16537 4 2 3 4 759 2771 5 2764
16538 4 2 3 4 2774 2771 5 773
16539 4 2 3 4 2774 5 2771 2764
16540 4 2 3 4 2763 2 363 758
16541 4 2 3 4 2763 363 2 2773
16542 4 2 3 4 1 363 2 758
16543 4 2 3 4 1 2 363 2773
16544 4 2 3 4 235 2776 236 1105
16545 4 2 3 4 235 236 2776 2772
16546 4 2 3 4 2777 2774 2764 2766
16547 4 2 3 4 2777 2764 2774 2771
16548 4 2 3 4 92 2777 2764 2766
16549 4 2 3 4 92 2764 2777 2771
16550 4 2 3 4 785 2777 92 2766
16551 4 2 3 4 785 92 2777 2771
16552 4 2 3 4 2777 2774 2772 2776
16553 4 2 3 4 2772 2774 2777 2765
16554 4 2 3 4 2772 2769 2777 2776
16555 4 2 3 4 2777 2769 2772 2765
16556 4 2 2 5 205 1036 804 1029
16557 4 2 2 5 979 959 227 1090
16558 4 2 2 5 2837 2809 2842 2831
16559 4 2 2 5 1129 1017 2881 1131
16560 4 2 2 5 242 16 1116 978
16561 4 2 2 5 26 2783 1114 237
16562 4 2 2 5 2783 2887 2782 237
16563 4 2 2 5 2847 1072 2900 2806
16564 4 2 2 5 949 1031 815 209
16565 4 2 2 5 872 922 2830 906
16566 4 2 2 5 2802 2803 2820 2889
16567 4 2 2 5 2783 26 2887 237
16568 4 2 2 5 1115 242 2853 2787
16569 4 2 2 5 2840 2835 2809 2820
16570 4 2 2 5 2788 2779 2787 2853
16571 4 2 2 5 17 1008 15 1116
16572 4 2 2 5 190 172 20 1133
16573 4 2 2 5 963 2846 937 849
16574 4 2 2 5 2802 2814 2804 2801
16575 4 2 2 5 819 2818 2826 821
16576 4 2 2 5 2860 2859 240 27
16577 4 2 2 5 2844 2902 797 971
16578 4 2 2 5 1097 982 220 219
16579 4 2 2 5 2807 239 1008 1116
16580 4 2 2 5 239 993 1008 1116
16581 4 2 2 5 1012 1014 243 2872
16582 4 2 2 5 2880 2789 2878 957
16583 4 2 2 5 1080 2896 2900 1081
16584 4 2 2 5 2887 26 246 1135
16585 4 2 2 5 2837 893 2842 2809
16586 4 2 2 5 2790 2810 2842 826
16587 4 2 2 5 836 932 2824 2832
16588 4 2 2 5 954 828 2842 2848
16589 4 2 2 5 1014 1012 1021 2872
16590 4 2 2 5 2808 1078 1074 2904
16591 4 2 2 5 2805 2847 2843 2804
16592 4 2 2 5 2858 2799 2829 2782
16593 4 2 2 5 2868 2879 2873 1037
16594 4 2 2 5 2859 1114 240 27
16595 4 2 2 5 2880 996 957 806
16596 4 2 2 5 1055 1091 228 799
16597 4 2 2 5 838 894 893 2837
16598 4 2 2 5 992 2884 2845 813
16599 4 2 2 5 2825 2849 2829 2782
16600 4 2 2 5 2821 2808 2809 2820
16601 4 2 2 5 955 2786 902 901
16602 4 2 2 5 2799 2852 2829 2782
16603 4 2 2 5 2789 878 832 879
16604 4 2 2 5 187 1004 2854 186
16605 4 2 2 5 2833 902 901 870
16606 4 2 2 5 2819 2892 2903 1062
16607 4 2 2 5 2832 2837 2842 2831
16608 4 2 2 5 2838 2778 2835 2837
16609 4 2 2 5 1072 2803 2889 1070
16610 4 2 2 5 855 2800 852 2796
16611 4 2 2 5 913 875 912 2804
16612 4 2 2 5 949 806 1051 208
16613 4 2 2 5 885 2868 2796 920
16614 4 2 2 5 2789 2860 2831 2790
16615 4 2 2 5 2781 919 2796 2868
16616 4 2 2 5 2915 2885 2780 2911
16617 4 2 2 5 2800 2910 2796 2911
16618 4 2 2 5 212 795 24 1088
16619 4 2 2 5 858 860 859 2801
16620 4 2 2 5 2844 2827 2810 2848
16621 4 2 2 5 1031 210 815 209
16622 4 2 2 5 2868 2879 918 2911
16623 4 2 2 5 919 2781 2796 1005
16624 4 2 2 5 2865 1125 27 240
16625 4 2 2 5 871 888 2798 884
16626 4 2 2 5 2852 871 2798 884
16627 4 2 2 5 239 976 2829 2798
16628 4 2 2 5 814 907 1030 2883
16629 4 2 2 5 2855 2799 2798 2829
16630 4 2 2 5 794 817 233 1054
16631 4 2 2 5 2800 2796 848 851
16632 4 2 2 5 891 808 2856 890
16633 4 2 2 5 2819 2792 2903 2892
16634 4 2 2 5 2805 2802 2804 2801
16635 4 2 2 5 2865 2860 240 27
16636 4 2 2 5 2896 1080 1071 1070
16637 4 2 2 5 2788 2857 2785 2779
16638 4 2 2 5 2811 2803 2896 2802
16639 4 2 2 5 2840 2792 2809 2831
16640 4 2 2 5 985 905 2841 906
16641 4 2 2 5 2833 905 2841 870
16642 4 2 2 5 1014 2874 2872 1035
16643 4 2 2 5 2796 2800 848 2839
16644 4 2 2 5 2847 1102 972 1082
16645 4 2 2 5 993 239 1008 2807
16646 4 2 2 5 971 2902 1084 2898
16647 4 2 2 5 2791 2785 2840 2831
16648 4 2 2 5 817 794 2892 1054
16649 4 2 2 5 2836 845 934 936
16650 4 2 2 5 944 1100 230 2899
16651 4 2 2 5 2904 979 2821 1003
16652 4 2 2 5 2793 2786 2787 2784
16653 4 2 2 5 878 2789 832 830
16654 4 2 2 5 2855 1115 2807 2784
16655 4 2 2 5 2825 2849 2795 2829
16656 4 2 2 5 2786 2833 2787 2794
16657 4 2 2 5 809 1136 2795 950
16658 4 2 2 5 1129 1017 1131 173
16659 4 2 2 5 930 2797 865 863
16660 4 2 2 5 2843 2852 2782 2804
16661 4 2 2 5 2825 2888 2849 2782
16662 4 2 2 5 2888 2825 2852 2782
16663 4 2 2 5 1075 2907 2906 1098
16664 4 2 2 5 2903 1088 2806 1073
16665 4 2 2 5 817 971 1084 2892
16666 4 2 2 5 1078 2899 2897 1059
16667 4 2 2 5 849 2846 937 2839
16668 4 2 2 5 237 2858 2861 1113
16669 4 2 2 5 1040 1017 2883 1048
16670 4 2 2 5 2855 2858 2829 238
16671 4 2 2 5 2858 2855 2829 2799
16672 4 2 2 5 811 223 224 1087
16673 4 2 2 5 1115 2855 2829 238
16674 4 2 2 5 966 823 826 2790
16675 4 2 2 5 1117 1123 178 793
16676 4 2 2 5 867 2852 2843 2804
16677 4 2 2 5 948 817 947 2892
16678 4 2 2 5 867 911 910 2804
16679 4 2 2 5 239 1115 2829 238
16680 4 2 2 5 2847 2805 2813 2903
16681 4 2 2 5 239 2855 2829 1115
16682 4 2 2 5 1067 2803 2889 1066
16683 4 2 2 5 2843 2799 2856 2782
16684 4 2 2 5 1007 242 2786 16
16685 4 2 2 5 923 856 2817 854
16686 4 2 2 5 1097 1057 939 219
16687 4 2 2 5 997 876 950 2795
16688 4 2 2 5 2847 1082 972 796
16689 4 2 2 5 2813 188 896 818
16690 4 2 2 5 808 2807 2856 2798
16691 4 2 2 5 1036 2822 1038 1049
16692 4 2 2 5 1014 1012 243 23
16693 4 2 2 5 2860 2791 2859 27
16694 4 2 2 5 1050 919 1032 2868
16695 4 2 2 5 894 2821 1003 893
16696 4 2 2 5 2787 242 2853 2784
16697 4 2 2 5 798 218 939 1057
16698 4 2 2 5 2884 929 928 2828
16699 4 2 2 5 2778 2835 2809 2840
16700 4 2 2 5 1115 242 1116 2784
16701 4 2 2 5 1072 2811 2896 2900
16702 4 2 2 5 2786 2833 2794 902
16703 4 2 2 5 245 2909 1013 21
16704 4 2 2 5 1020 2873 1015 1037
16705 4 2 2 5 952 1006 2845 887
16706 4 2 2 5 1011 1137 21 2909
16707 4 2 2 5 198 1050 197 981
16708 4 2 2 5 867 864 2852 2804
16709 4 2 2 5 912 913 2900 991
16710 4 2 2 5 2780 2879 1037 2873
16711 4 2 2 5 1055 979 228 227
16712 4 2 2 5 843 2838 2828 2839
16713 4 2 2 5 1004 978 881 2793
16714 4 2 2 5 2885 2915 2780 2873
16715 4 2 2 5 2819 1064 2889 2890
16716 4 2 2 5 965 2904 893 1003
16717 4 2 2 5 1042 1023 2879 1037
16718 4 2 2 5 966 2810 2790 826
16719 4 2 2 5 2915 2781 2868 2873
16720 4 2 2 5 2871 2781 2915 2873
16721 4 2 2 5 1023 2780 1037 1040
16722 4 2 2 5 1100 944 230 229
16723 4 2 2 5 2780 2873 1037 1040
16724 4 2 2 5 2876 2862 2914 2823
16725 4 2 2 5 922 2880 957 2789
16726 4 2 2 5 1006 886 2845 887
16727 4 2 2 5 929 2877 2828 2884
16728 4 2 2 5 1060 2847 2806 1095
16729 4 2 2 5 2780 916 962 805
16730 4 2 2 5 1072 2847 2900 1082
16731 4 2 2 5 891 897 892 2843
16732 4 2 2 5 922 2789 2830 2866
16733 4 2 2 5 905 2833 2841 2830
16734 4 2 2 5 1017 1030 1040 2883
16735 4 2 2 5 2824 926 2828 2845
16736 4 2 2 5 2893 982 899 2901
16737 4 2 2 5 2836 845 937 2839
16738 4 2 2 5 2871 245 2915 2914
16739 4 2 2 5 889 976 2798 884
16740 4 2 2 5 2884 1044 1024 1046
16741 4 2 2 5 2780 2885 2873 2875
16742 4 2 2 5 1038 2884 2823 1046
16743 4 2 2 5 2825 869 866 871
16744 4 2 2 5 2895 1079 2894 2905
16745 4 2 2 5 2841 1120 241 1122
16746 4 2 2 5 2852 888 2798 871
16747 4 2 2 5 2844 2902 945 797
16748 4 2 2 5 801 226 1090 1099
16749 4 2 2 5 1063 2898 1084 1092
16750 4 2 2 5 959 226 227 1090
16751 4 2 2 5 2819 2792 2890 2820
16752 4 2 2 5 996 2866 2830 2874
16753 4 2 2 5 1045 1011 1013 2909
16754 4 2 2 5 2814 883 994 914
16755 4 2 2 5 2896 2891 1071 2815
16756 4 2 2 5 2891 1069 2820 1068
16757 4 2 2 5 2800 850 849 2834
16758 4 2 2 5 1079 1053 2894 2905
16759 4 2 2 5 2781 2796 2828 2886
16760 4 2 2 5 243 2863 2872 2867
16761 4 2 2 5 1129 1017 173 174
16762 4 2 2 5 1075 1089 2904 1074
16763 4 2 2 5 2854 2813 2779 2826
16764 4 2 2 5 910 875 2804 912
16765 4 2 2 5 2899 1078 2904 1091
16766 4 2 2 5 2907 1079 2905 1087
16767 4 2 2 5 932 2824 879 961
16768 4 2 2 5 226 801 1090 959
16769 4 2 2 5 1075 2816 2821 2906
16770 4 2 2 5 806 207 1022 208
16771 4 2 2 5 1075 2907 2816 2906
16772 4 2 2 5 2851 951 1127 969
16773 4 2 2 5 845 842 2839 934
16774 4 2 2 5 867 911 2843 970
16775 4 2 2 5 2907 1075 2816 1076
16776 4 2 2 5 2906 1099 1090 1098
16777 4 2 2 5 811 1058 224 958
16778 4 2 2 5 2898 2902 1084 1092
16779 4 2 2 5 2783 2802 2817 2834
16780 4 2 2 5 2837 2778 2809 2831
16781 4 2 2 5 2792 2785 2790 2831
16782 4 2 2 5 234 1061 794 1054
16783 4 2 2 5 956 2901 2817 898
16784 4 2 2 5 2868 919 2796 920
16785 4 2 2 5 878 922 957 2789
16786 4 2 2 5 1126 242 1122 2794
16787 4 2 2 5 2844 971 797 990
16788 4 2 2 5 2810 2809 2831 2842
16789 4 2 2 5 186 2854 2856 2784
16790 4 2 2 5 2802 2805 2782 2801
16791 4 2 2 5 2854 2779 2853 2784
16792 4 2 2 5 2854 1004 2784 186
16793 4 2 2 5 2852 888 890 2798
16794 4 2 2 5 204 952 804 1049
16795 4 2 2 5 2902 2844 2897 2827
16796 4 2 2 5 207 2880 943 806
16797 4 2 2 5 2890 2827 2898 1065
16798 4 2 2 5 1063 2898 2892 1084
16799 4 2 2 5 853 956 2817 898
16800 4 2 2 5 1034 2884 1024 1046
16801 4 2 2 5 2902 1096 1084 1092
16802 4 2 2 5 210 1031 815 1026
16803 4 2 2 5 1137 1139 2876 243
16804 4 2 2 5 2909 1011 1013 21
16805 4 2 2 5 911 2847 2843 973
16806 4 2 2 5 1071 1085 2815 2895
16807 4 2 2 5 1033 803 197 981
16808 4 2 2 5 2877 200 1024 802
16809 4 2 2 5 2780 1023 2879 805
16810 4 2 2 5 1131 1129 1130 2850
16811 4 2 2 5 2811 2896 1057 2893
16812 4 2 2 5 187 188 2813 818
16813 4 2 2 5 843 2838 2839 840
16814 4 2 2 5 911 2847 2804 2843
16815 4 2 2 5 960 210 1026 211
16816 4 2 2 5 221 1053 222 983
16817 4 2 2 5 2813 187 818 807
16818 4 2 2 5 1053 1086 1085 2901
16819 4 2 2 5 2811 2893 1057 939
16820 4 2 2 5 811 938 987 2905
16821 4 2 2 5 2866 2789 2830 2860
16822 4 2 2 5 2895 2893 2815 2894
16823 4 2 2 5 222 987 964 2905
16824 4 2 2 5 2818 2813 818 807
16825 4 2 2 5 2858 2857 2782 2861
16826 4 2 2 5 2833 2830 2790 2788
16827 4 2 2 5 1061 794 2892 2903
16828 4 2 2 5 2822 1025 1049 2845
16829 4 2 2 5 2902 971 1084 1096
16830 4 2 2 5 241 2788 1113 240
16831 4 2 2 5 245 2871 2909 2914
16832 4 2 2 5 902 2841 2794 904
16833 4 2 2 5 1007 1126 810 2794
16834 4 2 2 5 1139 245 2909 2914
16835 4 2 2 5 814 1030 1027 2851
16836 4 2 2 5 801 935 2908 998
16837 4 2 2 5 864 910 862 2804
16838 4 2 2 5 916 2780 2879 805
16839 4 2 2 5 1014 243 2872 2867
16840 4 2 2 5 239 993 15 976
16841 4 2 2 5 2893 1085 2815 1071
16842 4 2 2 5 2792 2805 2903 2813
16843 4 2 2 5 2876 1139 2914 2862
16844 4 2 2 5 2877 929 940 802
16845 4 2 2 5 2902 2844 2827 2898
16846 4 2 2 5 1121 2841 2882 1026
16847 4 2 2 5 234 794 233 1054
16848 4 2 2 5 1044 1025 1046 2884
16849 4 2 2 5 2880 207 1041 1022
16850 4 2 2 5 1089 1091 1055 2904
16851 4 2 2 5 941 201 802 2884
16852 4 2 2 5 801 226 1099 225
16853 4 2 2 5 987 811 2905 1087
16854 4 2 2 5 2860 1120 240 2788
16855 4 2 2 5 2780 962 2883 805
16856 4 2 2 5 229 944 799 2899
16857 4 2 2 5 2802 2891 2840 2820
16858 4 2 2 5 977 941 802 2884
16859 4 2 2 5 853 868 2817 854
16860 4 2 2 5 855 852 920 2796
16861 4 2 2 5 241 2857 1113 2788
16862 4 2 2 5 2869 2822 1036 2845
16863 4 2 2 5 2901 900 898 956
16864 4 2 2 5 820 819 2826 821
16865 4 2 2 5 992 952 2845 887
16866 4 2 2 5 908 2825 2849 2795
16867 4 2 2 5 995 2847 796 912
16868 4 2 2 5 2841 985 2882 815
16869 4 2 2 5 2826 1004 807 881
16870 4 2 2 5 2847 1102 1060 816
16871 4 2 2 5 1057 218 939 219
16872 4 2 2 5 820 2826 807 881
16873 4 2 2 5 912 2900 796 991
16874 4 2 2 5 1028 1020 2868 1033
16875 4 2 2 5 2788 2857 2861 2785
16876 4 2 2 5 960 2841 2882 815
16877 4 2 2 5 996 922 2830 2866
16878 4 2 2 5 1117 2794 1122 904
16879 4 2 2 5 214 1082 796 972
16880 4 2 2 5 966 2810 989 873
16881 4 2 2 5 2833 905 824 2830
16882 4 2 2 5 960 985 2841 815
16883 4 2 2 5 863 864 862 2801
16884 4 2 2 5 2915 2910 2887 2911
16885 4 2 2 5 2816 1069 1074 2820
16886 4 2 2 5 2915 2868 2911 2873
16887 4 2 2 5 2851 1131 969 1133
16888 4 2 2 5 889 888 2798 808
16889 4 2 2 5 2825 908 877 869
16890 4 2 2 5 2893 899 2817 2901
16891 4 2 2 5 1027 1017 2850 2883
16892 4 2 2 5 877 2888 962 2883
16893 4 2 2 5 1020 1033 1032 2868
16894 4 2 2 5 2913 244 2862 2912
16895 4 2 2 5 243 2867 23 1124
16896 4 2 2 5 2846 2895 2894 2905
16897 4 2 2 5 2885 2881 2883 2850
16898 4 2 2 5 964 222 2905 983
16899 4 2 2 5 1047 182 23 1124
16900 4 2 2 5 983 964 2894 2905
16901 4 2 2 5 1034 1016 2884 1046
16902 4 2 2 5 838 894 2837 895
16903 4 2 2 5 839 886 2824 836
16904 4 2 2 5 1067 1072 2889 1070
16905 4 2 2 5 806 1022 1051 208
16906 4 2 2 5 839 2832 840 837
16907 4 2 2 5 1053 983 2894 2905
16908 4 2 2 5 1100 1078 2899 1091
16909 4 2 2 5 933 841 2837 925
16910 4 2 2 5 839 836 2832 837
16911 4 2 2 5 207 2880 806 1022
16912 4 2 2 5 879 999 961 2878
16913 4 2 2 5 927 941 2884 813
16914 4 2 2 5 2789 2913 27 2865
16915 4 2 2 5 222 1053 2905 983
16916 4 2 2 5 812 2877 1019 1005
16917 4 2 2 5 218 798 217 1083
16918 4 2 2 5 1086 221 800 2901
16919 4 2 2 5 844 847 846 2839
16920 4 2 2 5 844 842 843 2839
16921 4 2 2 5 847 2796 2839 2828
16922 4 2 2 5 1094 1053 2905 222
16923 4 2 2 5 2901 956 2817 2834
16924 4 2 2 5 847 846 2839 848
16925 4 2 2 5 2866 2913 2863 2812
16926 4 2 2 5 825 827 2790 953
16927 4 2 2 5 850 2800 851 852
16928 4 2 2 5 204 1036 804 205
16929 4 2 2 5 827 830 2831 2790
16930 4 2 2 5 2814 861 859 883
16931 4 2 2 5 1031 949 2882 1051
16932 4 2 2 5 960 1121 793 1026
16933 4 2 2 5 2880 806 957 943
16934 4 2 2 5 809 171 15 1136
16935 4 2 2 5 1136 2851 2795 950
16936 4 2 2 5 1027 1131 172 1133
16937 4 2 2 5 2832 835 2837 925
16938 4 2 2 5 239 1115 1116 2784
16939 4 2 2 5 1115 239 2807 2784
16940 4 2 2 5 1137 245 21 2909
16941 4 2 2 5 1020 2781 1013 2873
16942 4 2 2 5 1033 1050 1032 2868
16943 4 2 2 5 186 978 2784 1116
16944 4 2 2 5 1008 186 2784 1116
16945 4 2 2 5 2807 1008 2784 1116
16946 4 2 2 5 2860 2789 2831 2791
16947 4 2 2 5 792 170 1133 20
16948 4 2 2 5 985 949 2882 815
16949 4 2 2 5 2822 2869 2824 2845
16950 4 2 2 5 861 2814 2801 862
16951 4 2 2 5 2849 2858 2829 2782
16952 4 2 2 5 860 858 915 2801
16953 4 2 2 5 2890 1066 2820 1074
16954 4 2 2 5 1118 1120 1125 2864
16955 4 2 2 5 841 2836 2839 934
16956 4 2 2 5 1086 2893 1085 2901
16957 4 2 2 5 2807 2855 2798 2829
16958 4 2 2 5 798 974 217 1083
16959 4 2 2 5 2880 1041 2878 1035
16960 4 2 2 5 2866 1120 2864 2865
16961 4 2 2 5 2896 1080 1070 1081
16962 4 2 2 5 2807 186 2784 1008
16963 4 2 2 5 2890 2840 2809 2820
16964 4 2 2 5 2802 2805 2804 2806
16965 4 2 2 5 1066 2890 1065 1074
16966 4 2 2 5 1064 2819 1065 2890
16967 4 2 2 5 1069 2816 1076 1077
16968 4 2 2 5 2792 2810 2809 2831
16969 4 2 2 5 2895 1085 2894 1079
16970 4 2 2 5 1072 2803 1070 2896
16971 4 2 2 5 1056 1101 2900 1081
16972 4 2 2 5 836 833 932 2832
16973 4 2 2 5 1086 1097 2901 982
16974 4 2 2 5 239 993 2798 2807
16975 4 2 2 5 1042 195 986 194
16976 4 2 2 5 2780 2873 1040 2883
16977 4 2 2 5 988 2847 816 1001
16978 4 2 2 5 2888 2783 2887 2782
16979 4 2 2 5 1132 239 2795 238
16980 4 2 2 5 855 885 2911 2796
16981 4 2 2 5 1014 243 2867 23
16982 4 2 2 5 2915 245 246 2914
16983 4 2 2 5 1121 181 1018 1119
16984 4 2 2 5 2915 2885 2875 2873
16985 4 2 2 5 2848 2808 2809 2842
16986 4 2 2 5 2867 1047 23 1124
16987 4 2 2 5 976 2829 884 997
16988 4 2 2 5 828 954 2810 2848
16989 4 2 2 5 1055 979 227 1090
16990 4 2 2 5 951 2851 950 909
16991 4 2 2 5 1097 2893 1057 1093
16992 4 2 2 5 2814 875 2804 862
16993 4 2 2 5 875 2814 861 862
16994 4 2 2 5 827 2790 2831 2842
16995 4 2 2 5 979 1055 228 799
16996 4 2 2 5 2874 2880 1035 1022
16997 4 2 2 5 960 985 903 2841
16998 4 2 2 5 1004 187 2854 807
16999 4 2 2 5 2778 2791 2840 2831
17000 4 2 2 5 992 952 813 2845
17001 4 2 2 5 2893 2815 2894 2834
17002 4 2 2 5 960 2841 903 904
17003 4 2 2 5 2791 2785 2861 2840
17004 4 2 2 5 858 2797 915 2801
17005 4 2 2 5 2821 2904 1003 893
17006 4 2 2 5 2803 1067 1070 1068
17007 4 2 2 5 974 1083 1101 217
17008 4 2 2 5 1101 1083 2900 1081
17009 4 2 2 5 2811 2803 1072 2896
17010 4 2 2 5 2841 902 903 904
17011 4 2 2 5 2849 238 2795 2829
17012 4 2 2 5 977 929 928 2884
17013 4 2 2 5 2885 2780 2883 2875
17014 4 2 2 5 2885 2915 246 2887
17015 4 2 2 5 245 1137 2876 2909
17016 4 2 2 5 2849 1132 238 1130
17017 4 2 2 5 2900 1056 796 991
17018 4 2 2 5 891 2813 2843 2856
17019 4 2 2 5 2833 2786 2793 901
17020 4 2 2 5 904 1117 975 793
17021 4 2 2 5 2849 1132 2795 238
17022 4 2 2 5 978 1004 186 2784
17023 4 2 2 5 2830 872 825 953
17024 4 2 2 5 2907 2836 2908 1002
17025 4 2 2 5 908 876 2795 909
17026 4 2 2 5 2899 945 2848 2897
17027 4 2 2 5 1100 944 229 2899
17028 4 2 2 5 2816 1077 2895 1076
17029 4 2 2 5 2851 908 2795 909
17030 4 2 2 5 2816 2835 2837 2908
17031 4 2 2 5 2827 2890 2897 1065
17032 4 2 2 5 2794 1126 1117 1122
17033 4 2 2 5 1072 2803 2806 2889
17034 4 2 2 5 2833 2841 2787 2794
17035 4 2 2 5 2811 2803 2806 1072
17036 4 2 2 5 867 864 866 2852
17037 4 2 2 5 2818 2826 821 2790
17038 4 2 2 5 1088 2847 2806 1060
17039 4 2 2 5 855 2800 854 852
17040 4 2 2 5 2811 2803 2802 2806
17041 4 2 2 5 2789 2866 2865 2860
17042 4 2 2 5 886 839 2845 887
17043 4 2 2 5 1025 203 813 202
17044 4 2 2 5 1120 2865 1125 2864
17045 4 2 2 5 2800 2838 2834 2839
17046 4 2 2 5 2814 2802 2804 2806
17047 4 2 2 5 2863 2876 2862 243
17048 4 2 2 5 2912 26 27 1138
17049 4 2 2 5 933 2837 895 925
17050 4 2 2 5 935 2836 936 1002
17051 4 2 2 5 831 834 946 2842
17052 4 2 2 5 2888 930 962 916
17053 4 2 2 5 2899 1078 2897 2904
17054 4 2 2 5 2833 822 821 2790
17055 4 2 2 5 1072 2889 2806 1073
17056 4 2 2 5 797 231 1096 945
17057 4 2 2 5 2902 797 1096 945
17058 4 2 2 5 894 2821 895 2908
17059 4 2 2 5 2888 930 916 2797
17060 4 2 2 5 2858 2849 237 2782
17061 4 2 2 5 911 2847 973 995
17062 4 2 2 5 2852 864 865 2801
17063 4 2 2 5 822 2833 2793 901
17064 4 2 2 5 2814 2811 2802 2806
17065 4 2 2 5 908 2825 876 869
17066 4 2 2 5 2783 2782 2861 237
17067 4 2 2 5 2871 2915 2875 2873
17068 4 2 2 5 990 2844 945 797
17069 4 2 2 5 2844 990 945 954
17070 4 2 2 5 2783 2800 2817 2801
17071 4 2 2 5 792 170 951 1127
17072 4 2 2 5 2855 2799 2856 2798
17073 4 2 2 5 868 853 2817 898
17074 4 2 2 5 849 850 956 2834
17075 4 2 2 5 2879 1028 967 195
17076 4 2 2 5 2786 242 978 16
17077 4 2 2 5 171 809 951 1136
17078 4 2 2 5 1028 196 967 195
17079 4 2 2 5 2847 897 2903 2813
17080 4 2 2 5 2879 2868 918 967
17081 4 2 2 5 1042 1028 2879 195
17082 4 2 2 5 2868 803 918 967
17083 4 2 2 5 238 239 2795 2829
17084 4 2 2 5 1028 196 803 967
17085 4 2 2 5 2868 1028 967 2879
17086 4 2 2 5 803 1028 967 2868
17087 4 2 2 5 2807 2855 2856 2798
17088 4 2 2 5 239 2807 2798 2829
17089 4 2 2 5 890 2843 2798 2856
17090 4 2 2 5 886 932 961 2824
17091 4 2 2 5 828 2810 2842 2848
17092 4 2 2 5 1088 795 24 189
17093 4 2 2 5 214 215 796 1082
17094 4 2 2 5 908 2825 2795 876
17095 4 2 2 5 976 2829 2798 884
17096 4 2 2 5 2902 2897 1059 1092
17097 4 2 2 5 2805 2843 2856 2782
17098 4 2 2 5 2841 905 903 870
17099 4 2 2 5 1078 1089 2904 1091
17100 4 2 2 5 946 880 829 2842
17101 4 2 2 5 1080 2896 1071 1093
17102 4 2 2 5 1007 955 978 2786
17103 4 2 2 5 2837 838 895 925
17104 4 2 2 5 962 907 2883 805
17105 4 2 2 5 2788 2833 2787 2779
17106 4 2 2 5 1139 244 2862 243
17107 4 2 2 5 2832 841 837 925
17108 4 2 2 5 907 1030 2883 1052
17109 4 2 2 5 990 2844 948 989
17110 4 2 2 5 888 2852 931 871
17111 4 2 2 5 794 1061 2892 1054
17112 4 2 2 5 896 817 794 2892
17113 4 2 2 5 841 2832 837 840
17114 4 2 2 5 2880 922 957 996
17115 4 2 2 5 2830 2841 906 2882
17116 4 2 2 5 2880 806 1051 949
17117 4 2 2 5 905 2830 2841 906
17118 4 2 2 5 996 2880 949 806
17119 4 2 2 5 2833 2841 2794 902
17120 4 2 2 5 1123 22 178 793
17121 4 2 2 5 2898 2827 2897 1065
17122 4 2 2 5 1007 242 16 1126
17123 4 2 2 5 899 868 2817 898
17124 4 2 2 5 2788 2860 2790 2785
17125 4 2 2 5 1006 2845 961 804
17126 4 2 2 5 827 830 2790 953
17127 4 2 2 5 1049 1025 813 2845
17128 4 2 2 5 2830 2874 2882 906
17129 4 2 2 5 944 2899 230 945
17130 4 2 2 5 2830 996 2874 906
17131 4 2 2 5 1078 1100 2899 1059
17132 4 2 2 5 982 1086 220 800
17133 4 2 2 5 985 2841 2882 906
17134 4 2 2 5 949 985 2882 906
17135 4 2 2 5 847 968 848 2796
17136 4 2 2 5 919 2868 885 920
17137 4 2 2 5 1097 1086 220 982
17138 4 2 2 5 2890 2792 2840 2820
17139 4 2 2 5 2891 2835 2840 2820
17140 4 2 2 5 2789 878 953 830
17141 4 2 2 5 834 946 2842 893
17142 4 2 2 5 2811 1083 2896 2900
17143 4 2 2 5 2782 2805 2804 2801
17144 4 2 2 5 214 1102 1082 972
17145 4 2 2 5 940 199 1043 200
17146 4 2 2 5 200 201 1024 802
17147 4 2 2 5 201 2884 1024 802
17148 4 2 2 5 948 2818 947 873
17149 4 2 2 5 831 834 2842 2831
17150 4 2 2 5 2791 2860 2861 2785
17151 4 2 2 5 828 2810 882 826
17152 4 2 2 5 1030 907 192 1052
17153 4 2 2 5 908 2825 877 2849
17154 4 2 2 5 2873 1040 1015 1037
17155 4 2 2 5 2879 874 917 918
17156 4 2 2 5 827 830 829 2842
17157 4 2 2 5 1094 223 222 987
17158 4 2 2 5 2877 2781 1005 980
17159 4 2 2 5 2800 850 851 848
17160 4 2 2 5 2846 964 2905 2894
17161 4 2 2 5 2907 1058 811 958
17162 4 2 2 5 2882 2812 2867 2872
17163 4 2 2 5 982 1097 2893 939
17164 4 2 2 5 2801 856 2817 859
17165 4 2 2 5 1099 801 2906 1090
17166 4 2 2 5 1077 2891 2895 1071
17167 4 2 2 5 856 923 2817 859
17168 4 2 2 5 1016 1012 2823 1038
17169 4 2 2 5 846 849 2839 848
17170 4 2 2 5 937 845 846 2839
17171 4 2 2 5 1083 2896 1080 1057
17172 4 2 2 5 814 2851 969 909
17173 4 2 2 5 1083 2811 2896 1057
17174 4 2 2 5 2854 2813 2853 2779
17175 4 2 2 5 2819 2792 2892 2898
17176 4 2 2 5 971 232 1096 797
17177 4 2 2 5 2877 2781 2828 2823
17178 4 2 2 5 905 872 824 2830
17179 4 2 2 5 2810 966 882 826
17180 4 2 2 5 985 905 903 2841
17181 4 2 2 5 2781 2877 2828 2796
17182 4 2 2 5 2896 2893 1071 1093
17183 4 2 2 5 1053 221 1086 2901
17184 4 2 2 5 2814 2802 2817 2801
17185 4 2 2 5 874 2797 857 918
17186 4 2 2 5 921 968 980 2796
17187 4 2 2 5 812 1050 1005 1019
17188 4 2 2 5 973 2847 2843 892
17189 4 2 2 5 2903 2819 2889 2806
17190 4 2 2 5 1069 2891 1077 1068
17191 4 2 2 5 239 2829 997 2795
17192 4 2 2 5 808 888 2798 890
17193 4 2 2 5 2843 2852 890 2798
17194 4 2 2 5 2914 2781 2828 2886
17195 4 2 2 5 823 966 821 2790
17196 4 2 2 5 2781 2914 2828 2823
17197 4 2 2 5 1121 1123 1026 180
17198 4 2 2 5 16 17 1116 978
17199 4 2 2 5 2788 2785 2790 2779
17200 4 2 2 5 1137 1011 2876 2909
17201 4 2 2 5 2873 1020 1015 1013
17202 4 2 2 5 2914 2862 2828 2823
17203 4 2 2 5 2877 929 2828 2796
17204 4 2 2 5 1017 173 1027 1131
17205 4 2 2 5 2825 876 997 2795
17206 4 2 2 5 869 2825 865 877
17207 4 2 2 5 2862 2863 2828 2823
17208 4 2 2 5 223 1094 1087 987
17209 4 2 2 5 2833 2841 2788 2787
17210 4 2 2 5 1075 1069 2816 1076
17211 4 2 2 5 951 1136 2851 1127
17212 4 2 2 5 1047 1039 1018 2882
17213 4 2 2 5 2846 2907 2895 2905
17214 4 2 2 5 2915 2910 246 2887
17215 4 2 2 5 1053 2901 2894 983
17216 4 2 2 5 199 812 1019 198
17217 4 2 2 5 2901 2893 2894 2834
17218 4 2 2 5 812 1050 198 981
17219 4 2 2 5 885 855 920 2796
17220 4 2 2 5 812 1050 1019 198
17221 4 2 2 5 2913 2863 2828 2862
17222 4 2 2 5 200 2877 1024 1043
17223 4 2 2 5 2808 2899 2897 2904
17224 4 2 2 5 995 2847 972 796
17225 4 2 2 5 2902 2844 2898 971
17226 4 2 2 5 2907 1058 2906 1098
17227 4 2 2 5 1085 2893 2895 2894
17228 4 2 2 5 231 1096 945 1059
17229 4 2 2 5 1058 2907 1076 1098
17230 4 2 2 5 1056 1072 2900 1082
17231 4 2 2 5 2814 861 883 914
17232 4 2 2 5 913 912 2900 2804
17233 4 2 2 5 1027 190 191 969
17234 4 2 2 5 2836 841 2839 2832
17235 4 2 2 5 809 239 997 2795
17236 4 2 2 5 239 1132 2795 1136
17237 4 2 2 5 845 2836 937 936
17238 4 2 2 5 2851 909 2795 950
17239 4 2 2 5 2904 1075 1074 2821
17240 4 2 2 5 2846 2835 2834 2895
17241 4 2 2 5 2866 2860 1120 2865
17242 4 2 2 5 2789 879 961 2878
17243 4 2 2 5 2824 2789 961 2878
17244 4 2 2 5 1014 1047 2867 2882
17245 4 2 2 5 2852 2825 2829 2782
17246 4 2 2 5 951 171 1136 1127
17247 4 2 2 5 2789 2824 961 879
17248 4 2 2 5 2869 1036 1029 804
17249 4 2 2 5 2851 1131 1133 1127
17250 4 2 2 5 2838 2836 2839 2832
17251 4 2 2 5 847 928 2828 2839
17252 4 2 2 5 847 844 928 2839
17253 4 2 2 5 2781 1020 1013 1032
17254 4 2 2 5 1011 1012 23 2876
17255 4 2 2 5 1121 2841 1120 2882
17256 4 2 2 5 1006 952 2845 804
17257 4 2 2 5 794 1061 189 2903
17258 4 2 2 5 2833 2830 2788 2841
17259 4 2 2 5 2807 239 1116 2784
17260 4 2 2 5 2866 2830 2882 2841
17261 4 2 2 5 928 843 2828 2839
17262 4 2 2 5 803 919 2868 885
17263 4 2 2 5 844 843 928 2839
17264 4 2 2 5 1131 1017 2881 2850
17265 4 2 2 5 1030 1052 1040 2883
17266 4 2 2 5 2781 1020 2868 2873
17267 4 2 2 5 2871 2781 1013 2909
17268 4 2 2 5 1072 2811 2900 2806
17269 4 2 2 5 988 795 816 1060
17270 4 2 2 5 187 891 808 2856
17271 4 2 2 5 2810 948 989 873
17272 4 2 2 5 2786 242 2787 2784
17273 4 2 2 5 955 1007 810 2794
17274 4 2 2 5 2786 242 2784 978
17275 4 2 2 5 1004 978 2793 2784
17276 4 2 2 5 2844 2810 989 882
17277 4 2 2 5 922 996 2830 906
17278 4 2 2 5 820 2793 2826 881
17279 4 2 2 5 244 2912 1138 2862
17280 4 2 2 5 2830 2866 2882 2874
17281 4 2 2 5 2824 2832 2828 840
17282 4 2 2 5 26 2783 2859 1114
17283 4 2 2 5 2857 241 1113 238
17284 4 2 2 5 872 905 906 2830
17285 4 2 2 5 1056 1082 2900 796
17286 4 2 2 5 2868 2780 2879 2911
17287 4 2 2 5 2838 2832 2839 840
17288 4 2 2 5 2858 2857 1113 238
17289 4 2 2 5 2849 238 237 1130
17290 4 2 2 5 863 860 915 2801
17291 4 2 2 5 2901 899 2817 898
17292 4 2 2 5 2859 2860 240 2861
17293 4 2 2 5 2880 996 949 2874
17294 4 2 2 5 2876 2863 2872 243
17295 4 2 2 5 2826 2793 2779 2784
17296 4 2 2 5 243 2863 2867 2864
17297 4 2 2 5 2832 2838 2828 840
17298 4 2 2 5 1017 2881 2883 1048
17299 4 2 2 5 1011 2876 23 243
17300 4 2 2 5 2833 822 2793 2826
17301 4 2 2 5 1137 1011 23 243
17302 4 2 2 5 1014 2882 2867 2872
17303 4 2 2 5 2812 2867 2872 2864
17304 4 2 2 5 1050 1033 197 981
17305 4 2 2 5 2849 1130 237 1135
17306 4 2 2 5 2781 1045 1013 2909
17307 4 2 2 5 1047 1014 2867 23
17308 4 2 2 5 2888 2780 962 2883
17309 4 2 2 5 1139 245 2876 2909
17310 4 2 2 5 2907 2895 1079 1076
17311 4 2 2 5 2868 885 2911 918
17312 4 2 2 5 2818 2810 821 873
17313 4 2 2 5 2793 1004 2826 881
17314 4 2 2 5 901 955 2793 881
17315 4 2 2 5 849 937 846 2839
17316 4 2 2 5 2891 2816 2895 2815
17317 4 2 2 5 2907 2816 2895 1076
17318 4 2 2 5 2893 2901 2817 2834
17319 4 2 2 5 242 978 1116 2784
17320 4 2 2 5 924 2893 939 899
17321 4 2 2 5 2783 2802 2782 2801
17322 4 2 2 5 239 993 1116 15
17323 4 2 2 5 868 924 2817 923
17324 4 2 2 5 2847 1072 2806 1095
17325 4 2 2 5 916 2797 2879 2780
17326 4 2 2 5 858 856 857 2801
17327 4 2 2 5 1121 2882 1120 1119
17328 4 2 2 5 995 2847 912 2804
17329 4 2 2 5 2847 988 897 1001
17330 4 2 2 5 2805 2843 2782 2804
17331 4 2 2 5 1085 1053 2894 1079
17332 4 2 2 5 2797 858 857 2801
17333 4 2 2 5 927 977 928 2884
17334 4 2 2 5 834 2832 835 2837
17335 4 2 2 5 836 886 2824 932
17336 4 2 2 5 923 868 854 2817
17337 4 2 2 5 795 212 1060 1088
17338 4 2 2 5 188 896 189 2903
17339 4 2 2 5 188 988 2903 189
17340 4 2 2 5 2907 2846 1002 2905
17341 4 2 2 5 956 2846 2834 2894
17342 4 2 2 5 2816 2821 2906 2908
17343 4 2 2 5 1058 811 224 1087
17344 4 2 2 5 911 910 2804 912
17345 4 2 2 5 1099 1058 2906 958
17346 4 2 2 5 924 883 2817 923
17347 4 2 2 5 2907 2836 2846 2816
17348 4 2 2 5 2846 849 956 2834
17349 4 2 2 5 233 817 1084 1054
17350 4 2 2 5 1008 993 15 1116
17351 4 2 2 5 817 896 947 2892
17352 4 2 2 5 984 877 2883 2850
17353 4 2 2 5 170 792 1133 1127
17354 4 2 2 5 1131 173 1027 172
17355 4 2 2 5 1136 1132 2851 1127
17356 4 2 2 5 1030 814 1027 191
17357 4 2 2 5 875 2814 913 914
17358 4 2 2 5 2868 2780 2911 2873
17359 4 2 2 5 2852 864 2801 2804
17360 4 2 2 5 2885 2915 2887 2911
17361 4 2 2 5 2792 2810 2790 2818
17362 4 2 2 5 2901 1053 2894 1085
17363 4 2 2 5 2851 908 2850 2795
17364 4 2 2 5 820 901 2793 881
17365 4 2 2 5 2797 858 915 874
17366 4 2 2 5 2825 869 865 866
17367 4 2 2 5 240 237 2861 1113
17368 4 2 2 5 1115 2857 238 241
17369 4 2 2 5 1066 2803 2889 2820
17370 4 2 2 5 2843 2799 2798 2856
17371 4 2 2 5 2782 2858 2861 237
17372 4 2 2 5 2833 2793 2787 2779
17373 4 2 2 5 1027 792 969 1133
17374 4 2 2 5 2825 2888 877 2849
17375 4 2 2 5 2840 2890 2809 2848
17376 4 2 2 5 827 828 2842 829
17377 4 2 2 5 880 954 2848 1000
17378 4 2 2 5 2810 2844 948 2818
17379 4 2 2 5 2810 966 989 882
17380 4 2 2 5 2840 2802 2820 2889
17381 4 2 2 5 2863 2866 2812 2864
17382 4 2 2 5 2880 2874 2878 2812
17383 4 2 2 5 2846 2836 937 2839
17384 4 2 2 5 878 2789 957 879
17385 4 2 2 5 2832 834 2842 2837
17386 4 2 2 5 839 836 2824 2832
17387 4 2 2 5 854 856 2817 2801
17388 4 2 2 5 834 2832 2842 2831
17389 4 2 2 5 946 880 2842 965
17390 4 2 2 5 942 205 804 1029
17391 4 2 2 5 2791 2860 2785 2831
17392 4 2 2 5 864 863 865 2801
17393 4 2 2 5 924 2893 899 2817
17394 4 2 2 5 2814 875 861 914
17395 4 2 2 5 2792 2890 2840 2848
17396 4 2 2 5 907 193 192 1052
17397 4 2 2 5 930 2888 962 877
17398 4 2 2 5 860 861 2801 862
17399 4 2 2 5 1056 215 991 216
17400 4 2 2 5 2788 2857 1113 2861
17401 4 2 2 5 2858 2849 2829 238
17402 4 2 2 5 2860 2788 2861 2785
17403 4 2 2 5 1075 1055 1090 2821
17404 4 2 2 5 2904 979 1003 799
17405 4 2 2 5 817 971 2892 948
17406 4 2 2 5 2844 954 2810 882
17407 4 2 2 5 880 828 2842 954
17408 4 2 2 5 2860 2789 27 2865
17409 4 2 2 5 2913 2789 27 2791
17410 4 2 2 5 2793 1004 2784 2826
17411 4 2 2 5 891 188 2813 187
17412 4 2 2 5 1004 2854 2784 2826
17413 4 2 2 5 2857 2785 2782 2861
17414 4 2 2 5 2847 1001 973 816
17415 4 2 2 5 822 2833 821 2826
17416 4 2 2 5 2786 2833 902 901
17417 4 2 2 5 26 1114 2859 27
17418 4 2 2 5 957 2789 2878 879
17419 4 2 2 5 2814 2801 2817 859
17420 4 2 2 5 1118 2882 1120 2864
17421 4 2 2 5 897 2847 892 2843
17422 4 2 2 5 2860 2791 2861 2859
17423 4 2 2 5 929 2877 940 980
17424 4 2 2 5 800 221 983 2901
17425 4 2 2 5 1097 1086 2901 2893
17426 4 2 2 5 943 999 2878 942
17427 4 2 2 5 2800 2783 2817 2834
17428 4 2 2 5 2836 933 935 934
17429 4 2 2 5 1094 987 222 2905
17430 4 2 2 5 900 800 983 2901
17431 4 2 2 5 2786 955 2793 901
17432 4 2 2 5 959 801 2906 2908
17433 4 2 2 5 823 825 826 2790
17434 4 2 2 5 2789 2830 2860 2790
17435 4 2 2 5 2778 2840 2809 2831
17436 4 2 2 5 908 2849 2850 2795
17437 4 2 2 5 1036 204 804 1049
17438 4 2 2 5 1129 1131 2881 2850
17439 4 2 2 5 2796 968 848 851
17440 4 2 2 5 2910 26 246 2887
17441 4 2 2 5 812 2877 980 940
17442 4 2 2 5 2846 938 936 1002
17443 4 2 2 5 933 935 998 2908
17444 4 2 2 5 229 2899 799 1091
17445 4 2 2 5 1100 229 1091 2899
17446 4 2 2 5 962 907 984 2883
17447 4 2 2 5 979 894 2821 1003
17448 4 2 2 5 2888 2885 2780 2883
17449 4 2 2 5 1030 1017 1027 2883
17450 4 2 2 5 2888 2885 2883 2850
17451 4 2 2 5 2830 825 2790 953
17452 4 2 2 5 2810 828 2842 826
17453 4 2 2 5 825 827 826 2790
17454 4 2 2 5 2907 811 1002 958
17455 4 2 2 5 2844 990 882 989
17456 4 2 2 5 990 2844 882 954
17457 4 2 2 5 2810 2792 2892 2818
17458 4 2 2 5 2882 2874 2812 2872
17459 4 2 2 5 2844 2810 2892 2818
17460 4 2 2 5 2847 988 2903 897
17461 4 2 2 5 232 971 1096 1084
17462 4 2 2 5 2881 2885 2883 2875
17463 4 2 2 5 1137 245 2876 1139
17464 4 2 2 5 2804 2847 2900 2806
17465 4 2 2 5 2863 2812 2872 2864
17466 4 2 2 5 1031 949 1051 209
17467 4 2 2 5 188 2813 896 2903
17468 4 2 2 5 897 188 2903 2813
17469 4 2 2 5 988 188 2903 897
17470 4 2 2 5 2792 2818 2903 2892
17471 4 2 2 5 1123 211 1026 180
17472 4 2 2 5 2841 2866 1120 2882
17473 4 2 2 5 806 2880 1051 1022
17474 4 2 2 5 2792 2813 2903 2818
17475 4 2 2 5 1129 1134 2881 174
17476 4 2 2 5 1118 2882 2864 2867
17477 4 2 2 5 949 1031 2882 815
17478 4 2 2 5 2882 1121 1018 1119
17479 4 2 2 5 190 792 1133 20
17480 4 2 2 5 982 800 899 2901
17481 4 2 2 5 794 896 2892 2903
17482 4 2 2 5 811 223 1087 987
17483 4 2 2 5 1066 2803 2820 1068
17484 4 2 2 5 864 867 910 2804
17485 4 2 2 5 896 794 189 2903
17486 4 2 2 5 863 2797 865 2801
17487 4 2 2 5 2893 1085 1071 1093
17488 4 2 2 5 2818 896 2903 2892
17489 4 2 2 5 2813 896 2903 2818
17490 4 2 2 5 924 899 868 2817
17491 4 2 2 5 923 883 2817 859
17492 4 2 2 5 2895 1077 1079 1076
17493 4 2 2 5 2876 2863 2862 2823
17494 4 2 2 5 1130 2885 1135 2850
17495 4 2 2 5 856 858 859 2801
17496 4 2 2 5 2808 1074 2820 2821
17497 4 2 2 5 2904 2899 1003 965
17498 4 2 2 5 2803 2891 2802 2820
17499 4 2 2 5 933 2837 2908 895
17500 4 2 2 5 2915 2910 2886 246
17501 4 2 2 5 2913 2824 2832 2828
17502 4 2 2 5 1069 2891 2820 2816
17503 4 2 2 5 971 817 1084 233
17504 4 2 2 5 861 2814 859 2801
17505 4 2 2 5 2913 2912 27 1138
17506 4 2 2 5 1102 816 213 1060
17507 4 2 2 5 2849 1130 1135 2850
17508 4 2 2 5 1058 1099 225 958
17509 4 2 2 5 808 889 1008 2807
17510 4 2 2 5 801 1099 2906 958
17511 4 2 2 5 1099 801 225 958
17512 4 2 2 5 1121 1123 1117 793
17513 4 2 2 5 1039 1031 1018 2882
17514 4 2 2 5 2882 1119 1124 2867
17515 4 2 2 5 2882 1118 1120 1119
17516 4 2 2 5 801 2906 2908 958
17517 4 2 2 5 2871 2873 2875 1015
17518 4 2 2 5 2844 2810 948 989
17519 4 2 2 5 2814 2804 2801 862
17520 4 2 2 5 2821 959 2906 2908
17521 4 2 2 5 2866 2874 2812 2882
17522 4 2 2 5 979 2904 2821 1055
17523 4 2 2 5 2913 244 2865 2864
17524 4 2 2 5 935 801 2908 958
17525 4 2 2 5 902 955 810 2794
17526 4 2 2 5 2793 2779 2853 2787
17527 4 2 2 5 2793 2787 2853 2784
17528 4 2 2 5 2786 955 902 2794
17529 4 2 2 5 2906 2907 2908 958
17530 4 2 2 5 1007 955 2786 2794
17531 4 2 2 5 1007 242 2794 2786
17532 4 2 2 5 242 1007 2794 1126
17533 4 2 2 5 1083 974 1101 2900
17534 4 2 2 5 2858 2857 2861 1113
17535 4 2 2 5 1050 1019 1032 1005
17536 4 2 2 5 919 1050 1032 1005
17537 4 2 2 5 1082 2847 2900 796
17538 4 2 2 5 888 2852 890 931
17539 4 2 2 5 891 897 2843 2813
17540 4 2 2 5 2837 2821 2908 895
17541 4 2 2 5 2824 839 2832 840
17542 4 2 2 5 2895 2907 1079 2905
17543 4 2 2 5 2871 2781 2909 2914
17544 4 2 2 5 831 946 829 2842
17545 4 2 2 5 1027 1131 969 2851
17546 4 2 2 5 1133 2851 1127 969
17547 4 2 2 5 792 1133 1127 969
17548 4 2 2 5 1066 1064 1065 2890
17549 4 2 2 5 1078 2808 2897 2904
17550 4 2 2 5 2902 2844 945 2897
17551 4 2 2 5 2822 1036 2845 1049
17552 4 2 2 5 1085 2893 2815 2895
17553 4 2 2 5 2851 1132 2795 2850
17554 4 2 2 5 2913 244 27 2865
17555 4 2 2 5 2909 2781 1016 2823
17556 4 2 2 5 965 946 893 2842
17557 4 2 2 5 839 926 2845 887
17558 4 2 2 5 2838 2836 2832 2837
17559 4 2 2 5 1132 2849 2795 2850
17560 4 2 2 5 2879 918 917 967
17561 4 2 2 5 1128 1129 2881 1130
17562 4 2 2 5 960 210 815 1026
17563 4 2 2 5 2825 876 884 997
17564 4 2 2 5 2888 2849 2887 2850
17565 4 2 2 5 2871 245 1013 21
17566 4 2 2 5 2896 1083 1080 2900
17567 4 2 2 5 2885 2888 2887 2850
17568 4 2 2 5 2781 2871 2915 2914
17569 4 2 2 5 942 206 205 1029
17570 4 2 2 5 982 1097 939 219
17571 4 2 2 5 2893 982 939 899
17572 4 2 2 5 1039 1014 2882 1047
17573 4 2 2 5 1039 2874 2882 1014
17574 4 2 2 5 2789 2913 2866 2812
17575 4 2 2 5 206 942 2878 1029
17576 4 2 2 5 2887 2849 1135 2850
17577 4 2 2 5 982 1097 2901 2893
17578 4 2 2 5 2907 2816 2846 2895
17579 4 2 2 5 1079 1094 2905 1087
17580 4 2 2 5 982 1086 800 2901
17581 4 2 2 5 2836 935 2908 1002
17582 4 2 2 5 2885 2887 1135 2850
17583 4 2 2 5 1077 1085 2895 1079
17584 4 2 2 5 2810 2792 2809 2848
17585 4 2 2 5 2778 2838 2835 2840
17586 4 2 2 5 1075 2816 1074 2821
17587 4 2 2 5 2810 2792 2790 2831
17588 4 2 2 5 1023 2780 2879 1037
17589 4 2 2 5 2868 2780 2873 2879
17590 4 2 2 5 2877 2781 980 2796
17591 4 2 2 5 1028 196 1033 803
17592 4 2 2 5 21 2871 2875 1015
17593 4 2 2 5 1056 1101 991 2900
17594 4 2 2 5 949 2874 2882 1051
17595 4 2 2 5 1039 1031 2882 1051
17596 4 2 2 5 2880 2874 1051 1022
17597 4 2 2 5 1011 1137 2876 243
17598 4 2 2 5 190 792 1027 1133
17599 4 2 2 5 181 182 1018 1119
17600 4 2 2 5 2829 2825 884 997
17601 4 2 2 5 2876 1012 23 243
17602 4 2 2 5 2880 949 1051 2874
17603 4 2 2 5 2913 2866 2863 2864
17604 4 2 2 5 902 2794 810 904
17605 4 2 2 5 2876 2863 2823 2872
17606 4 2 2 5 1039 2874 1022 1051
17607 4 2 2 5 2813 2805 2843 2856
17608 4 2 2 5 2812 2882 2867 2864
17609 4 2 2 5 808 2807 1008 186
17610 4 2 2 5 2874 1039 2882 1051
17611 4 2 2 5 889 993 1008 2807
17612 4 2 2 5 1101 1056 991 216
17613 4 2 2 5 2892 1061 1062 1054
17614 4 2 2 5 1061 2892 1062 2903
17615 4 2 2 5 1114 240 237 2861
17616 4 2 2 5 1064 1067 1073 2889
17617 4 2 2 5 2830 872 824 825
17618 4 2 2 5 2859 1114 237 2861
17619 4 2 2 5 1117 179 975 178
17620 4 2 2 5 1126 179 16 810
17621 4 2 2 5 1086 221 220 800
17622 4 2 2 5 2836 2835 2834 2846
17623 4 2 2 5 963 900 2846 956
17624 4 2 2 5 1007 1126 16 810
17625 4 2 2 5 1114 2859 240 2861
17626 4 2 2 5 2802 2783 2861 2859
17627 4 2 2 5 831 830 2842 829
17628 4 2 2 5 2841 960 2882 1026
17629 4 2 2 5 232 231 1096 797
17630 4 2 2 5 2808 1078 1065 1074
17631 4 2 2 5 2783 2802 2861 2782
17632 4 2 2 5 2887 2885 1135 246
17633 4 2 2 5 1129 2881 1130 2850
17634 4 2 2 5 1120 2860 240 2865
17635 4 2 2 5 232 971 1084 233
17636 4 2 2 5 800 900 898 2901
17637 4 2 2 5 883 2814 2817 859
17638 4 2 2 5 948 2810 2818 873
17639 4 2 2 5 842 845 2839 844
17640 4 2 2 5 1012 2876 2823 2872
17641 4 2 2 5 2818 819 873 821
17642 4 2 2 5 933 2836 935 2908
17643 4 2 2 5 2792 2818 2790 2826
17644 4 2 2 5 905 2833 824 870
17645 4 2 2 5 822 2833 901 870
17646 4 2 2 5 902 2841 903 870
17647 4 2 2 5 2830 823 2790 825
17648 4 2 2 5 1102 2847 1095 1082
17649 4 2 2 5 979 894 959 2821
17650 4 2 2 5 2847 1072 1095 1082
17651 4 2 2 5 2869 2870 1021 2872
17652 4 2 2 5 2863 2822 2823 2872
17653 4 2 2 5 2822 1012 2823 2872
17654 4 2 2 5 2822 1012 2872 1021
17655 4 2 2 5 2893 1097 1057 939
17656 4 2 2 5 2869 2822 2872 1021
17657 4 2 2 5 1134 2881 1048 2875
17658 4 2 2 5 2852 2825 871 884
17659 4 2 2 5 1001 2847 973 892
17660 4 2 2 5 1102 214 213 972
17661 4 2 2 5 2847 897 892 1001
17662 4 2 2 5 889 808 2798 2807
17663 4 2 2 5 1052 1023 1040 2883
17664 4 2 2 5 2852 864 866 865
17665 4 2 2 5 2881 1134 1048 174
17666 4 2 2 5 1017 2881 1048 174
17667 4 2 2 5 1132 1131 2851 1127
17668 4 2 2 5 1023 2780 1040 2883
17669 4 2 2 5 1121 960 2841 1026
17670 4 2 2 5 2882 1121 1026 1018
17671 4 2 2 5 2852 2825 866 871
17672 4 2 2 5 911 973 2843 970
17673 4 2 2 5 2797 863 915 2801
17674 4 2 2 5 864 2804 862 2801
17675 4 2 2 5 1031 2882 1026 1018
17676 4 2 2 5 907 1052 2883 805
17677 4 2 2 5 1139 244 1138 2862
17678 4 2 2 5 926 927 843 2828
17679 4 2 2 5 2805 2847 2804 2806
17680 4 2 2 5 2847 912 2900 796
17681 4 2 2 5 246 2862 1138 2914
17682 4 2 2 5 2910 2915 2886 2796
17683 4 2 2 5 2782 2852 2801 2804
17684 4 2 2 5 875 910 2804 862
17685 4 2 2 5 2915 246 2886 2914
17686 4 2 2 5 2825 2829 2795 997
17687 4 2 2 5 847 968 2796 929
17688 4 2 2 5 927 2884 928 2828
17689 4 2 2 5 1136 951 2851 950
17690 4 2 2 5 814 908 2851 909
17691 4 2 2 5 926 992 2845 887
17692 4 2 2 5 2789 2880 2878 2812
17693 4 2 2 5 814 1027 191 969
17694 4 2 2 5 239 976 997 2829
17695 4 2 2 5 2778 2838 2832 2837
17696 4 2 2 5 2851 951 969 909
17697 4 2 2 5 839 2824 2845 926
17698 4 2 2 5 2794 242 1122 2787
17699 4 2 2 5 2841 241 2787 1122
17700 4 2 2 5 209 949 1051 208
17701 4 2 2 5 1035 1041 2878 1029
17702 4 2 2 5 2870 1035 1021 2872
17703 4 2 2 5 830 2789 2831 953
17704 4 2 2 5 2794 2841 2787 1122
17705 4 2 2 5 2799 2852 2843 2798
17706 4 2 2 5 2856 2855 2784 2853
17707 4 2 2 5 1058 1099 2906 1098
17708 4 2 2 5 2808 2899 2904 965
17709 4 2 2 5 830 827 2831 2842
17710 4 2 2 5 2899 2808 2897 2848
17711 4 2 2 5 993 889 976 2798
17712 4 2 2 5 239 993 976 2798
17713 4 2 2 5 2825 2829 884 2798
17714 4 2 2 5 921 968 2796 851
17715 4 2 2 5 2852 2825 884 2798
17716 4 2 2 5 867 2852 866 931
17717 4 2 2 5 909 876 2795 950
17718 4 2 2 5 2825 2852 2829 2798
17719 4 2 2 5 834 831 2832 2831
17720 4 2 2 5 1053 221 2901 983
17721 4 2 2 5 830 953 2831 2790
17722 4 2 2 5 938 963 2846 937
17723 4 2 2 5 2785 2792 2840 2831
17724 4 2 2 5 2778 2838 2791 2831
17725 4 2 2 5 2835 2837 2809 2820
17726 4 2 2 5 2810 2848 2809 2842
17727 4 2 2 5 933 2836 2837 841
17728 4 2 2 5 835 2832 837 925
17729 4 2 2 5 1058 225 224 958
17730 4 2 2 5 2796 919 1005 920
17731 4 2 2 5 244 2863 2862 243
17732 4 2 2 5 245 2885 246 1128
17733 4 2 2 5 2873 2871 1013 1015
17734 4 2 2 5 977 941 2884 927
17735 4 2 2 5 2835 2816 2837 2820
17736 4 2 2 5 207 2880 1041 943
17737 4 2 2 5 2800 852 2796 851
17738 4 2 2 5 207 943 1041 206
17739 4 2 2 5 2837 2821 2809 2820
17740 4 2 2 5 803 1028 2868 1033
17741 4 2 2 5 2816 2821 2837 2820
17742 4 2 2 5 916 2888 2797 2780
17743 4 2 2 5 830 2789 832 2831
17744 4 2 2 5 2877 1034 1019 1032
17745 4 2 2 5 1045 1034 2781 1032
17746 4 2 2 5 1012 2822 2823 1038
17747 4 2 2 5 2852 2843 890 931
17748 4 2 2 5 867 2843 931 970
17749 4 2 2 5 867 2852 931 2843
17750 4 2 2 5 831 830 832 2831
17751 4 2 2 5 2824 2832 832 2831
17752 4 2 2 5 2792 2840 2820 2889
17753 4 2 2 5 2789 2824 832 2831
17754 4 2 2 5 2869 942 1029 2878
17755 4 2 2 5 2900 2896 1070 1081
17756 4 2 2 5 2890 1066 2889 2820
17757 4 2 2 5 2890 2808 1074 2820
17758 4 2 2 5 1078 1089 1074 2904
17759 4 2 2 5 1075 1069 1074 2816
17760 4 2 2 5 2803 2891 2896 2815
17761 4 2 2 5 2891 1071 2815 2895
17762 4 2 2 5 1086 2893 1093 1085
17763 4 2 2 5 854 2800 2801 2817
17764 4 2 2 5 795 988 1088 1060
17765 4 2 2 5 2847 1102 1095 1060
17766 4 2 2 5 2847 988 816 1060
17767 4 2 2 5 999 957 2878 879
17768 4 2 2 5 988 2847 1088 1060
17769 4 2 2 5 2803 2891 2820 1068
17770 4 2 2 5 959 2821 2906 1090
17771 4 2 2 5 1075 2821 1090 2906
17772 4 2 2 5 801 959 2906 1090
17773 4 2 2 5 1120 2841 241 2788
17774 4 2 2 5 792 190 1027 969
17775 4 2 2 5 1131 1132 2851 2850
17776 4 2 2 5 1012 2876 2872 243
17777 4 2 2 5 2866 2882 2864 1120
17778 4 2 2 5 2873 2780 2875 2883
17779 4 2 2 5 2881 2875 2883 1048
17780 4 2 2 5 2913 2863 2862 244
17781 4 2 2 5 22 1123 180 211
17782 4 2 2 5 1118 243 1124 2867
17783 4 2 2 5 2859 2783 2861 237
17784 4 2 2 5 2808 2904 1074 2821
17785 4 2 2 5 838 834 835 2837
17786 4 2 2 5 966 2810 821 2790
17787 4 2 2 5 2847 2805 2903 2806
17788 4 2 2 5 188 897 891 2813
17789 4 2 2 5 1063 2819 2892 2898
17790 4 2 2 5 2844 971 990 948
17791 4 2 2 5 2810 2818 821 2790
17792 4 2 2 5 1061 1088 189 2903
17793 4 2 2 5 1088 1060 2806 1095
17794 4 2 2 5 2876 1012 2823 1016
17795 4 2 2 5 201 941 1044 2884
17796 4 2 2 5 941 1044 813 202
17797 4 2 2 5 2913 2912 2828 27
17798 4 2 2 5 2876 1139 2862 243
17799 4 2 2 5 2913 244 2912 1138
17800 4 2 2 5 2781 2868 2796 2911
17801 4 2 2 5 1074 2816 2820 2821
17802 4 2 2 5 1069 1066 2820 1068
17803 4 2 2 5 1067 1072 1073 2889
17804 4 2 2 5 1066 1069 2820 1074
17805 4 2 2 5 2833 2788 2790 2779
17806 4 2 2 5 954 945 2848 1000
17807 4 2 2 5 924 883 994 2817
17808 4 2 2 5 1085 1077 2895 1071
17809 4 2 2 5 2844 954 2848 2810
17810 4 2 2 5 2827 2844 2897 2848
17811 4 2 2 5 1058 2907 811 1087
17812 4 2 2 5 883 2814 994 2817
17813 4 2 2 5 242 1115 2853 2784
17814 4 2 2 5 820 822 2793 901
17815 4 2 2 5 1139 2862 1138 246
17816 4 2 2 5 2852 2799 2843 2782
17817 4 2 2 5 242 241 1122 2787
17818 4 2 2 5 2849 1132 1130 2850
17819 4 2 2 5 2781 1034 2877 1032
17820 4 2 2 5 1045 2781 1013 1032
17821 4 2 2 5 2899 2808 2848 2842
17822 4 2 2 5 2808 965 2809 2842
17823 4 2 2 5 803 2868 918 885
17824 4 2 2 5 938 963 964 2846
17825 4 2 2 5 2808 2899 965 2842
17826 4 2 2 5 916 2797 915 874
17827 4 2 2 5 2819 2792 2820 2889
17828 4 2 2 5 822 823 821 2790
17829 4 2 2 5 841 2836 2837 2832
17830 4 2 2 5 2838 2778 2791 2840
17831 4 2 2 5 894 2821 893 2837
17832 4 2 2 5 2819 1064 1065 1063
17833 4 2 2 5 2901 2893 1085 2894
17834 4 2 2 5 1094 987 2905 1087
17835 4 2 2 5 963 900 964 2846
17836 4 2 2 5 963 2846 849 956
17837 4 2 2 5 2893 2896 1071 2815
17838 4 2 2 5 1126 179 810 975
17839 4 2 2 5 179 1126 1117 975
17840 4 2 2 5 904 2794 810 975
17841 4 2 2 5 2794 1126 810 975
17842 4 2 2 5 2901 956 2834 2894
17843 4 2 2 5 1077 2891 1071 1068
17844 4 2 2 5 2796 852 920 851
17845 4 2 2 5 2794 1117 975 904
17846 4 2 2 5 2863 2913 2828 2824
17847 4 2 2 5 2794 1126 975 1117
17848 4 2 2 5 916 2879 986 805
17849 4 2 2 5 839 2824 926 840
17850 4 2 2 5 2877 812 980 1005
17851 4 2 2 5 1038 1025 2884 1046
17852 4 2 2 5 195 2879 986 967
17853 4 2 2 5 1065 1078 2897 1092
17854 4 2 2 5 1121 1123 793 1026
17855 4 2 2 5 2879 1042 195 986
17856 4 2 2 5 1042 1023 194 986
17857 4 2 2 5 182 1047 1018 1119
17858 4 2 2 5 1023 805 194 986
17859 4 2 2 5 2879 1023 986 805
17860 4 2 2 5 1047 182 1124 1119
17861 4 2 2 5 2884 1016 2823 1046
17862 4 2 2 5 916 930 915 2797
17863 4 2 2 5 885 2868 2911 2796
17864 4 2 2 5 2885 2888 2780 2911
17865 4 2 2 5 2874 2870 2878 2812
17866 4 2 2 5 992 927 2884 813
17867 4 2 2 5 2838 843 2828 840
17868 4 2 2 5 1042 1023 986 2879
17869 4 2 2 5 912 2847 2900 2804
17870 4 2 2 5 2792 2819 2903 2806
17871 4 2 2 5 913 2814 2900 914
17872 4 2 2 5 2899 965 799 1003
17873 4 2 2 5 998 933 2908 895
17874 4 2 2 5 2821 2816 2837 2908
17875 4 2 2 5 965 893 2809 2842
17876 4 2 2 5 2836 2846 2834 2839
17877 4 2 2 5 2855 2858 238 1115
17878 4 2 2 5 2794 2841 1122 904
17879 4 2 2 5 241 2788 2787 2853
17880 4 2 2 5 954 828 2810 882
17881 4 2 2 5 827 2790 2842 826
17882 4 2 2 5 241 2857 2788 2853
17883 4 2 2 5 2902 1096 1059 945
17884 4 2 2 5 944 2899 945 1000
17885 4 2 2 5 830 831 2842 2831
17886 4 2 2 5 241 1115 2853 2787
17887 4 2 2 5 970 2843 890 892
17888 4 2 2 5 911 867 2843 2804
17889 4 2 2 5 2857 1115 2853 241
17890 4 2 2 5 2854 2856 2784 2853
17891 4 2 2 5 808 890 2798 2856
17892 4 2 2 5 1115 2858 238 2857
17893 4 2 2 5 2858 1115 2853 2857
17894 4 2 2 5 2818 819 947 873
17895 4 2 2 5 1004 2854 2826 807
17896 4 2 2 5 2818 896 947 818
17897 4 2 2 5 2858 2855 2853 1115
17898 4 2 2 5 828 827 2842 826
17899 4 2 2 5 891 2843 890 2856
17900 4 2 2 5 2913 2863 244 2864
17901 4 2 2 5 1118 243 2867 2864
17902 4 2 2 5 1118 244 243 2864
17903 4 2 2 5 2885 1128 2875 2881
17904 4 2 2 5 2871 245 2875 2915
17905 4 2 2 5 245 2885 2875 2915
17906 4 2 2 5 834 893 2842 2837
17907 4 2 2 5 1134 245 1128 2875
17908 4 2 2 5 1012 2822 1038 1021
17909 4 2 2 5 841 2832 2837 925
17910 4 2 2 5 2867 2863 2872 2864
17911 4 2 2 5 2785 2860 2790 2831
17912 4 2 2 5 894 2821 2837 895
17913 4 2 2 5 834 838 893 2837
17914 4 2 2 5 921 2796 920 851
17915 4 2 2 5 1050 812 1005 981
17916 4 2 2 5 2835 2838 2834 2840
17917 4 2 2 5 245 2885 1128 2875
17918 4 2 2 5 2802 2783 2817 2801
17919 4 2 2 5 2912 2913 2828 2862
17920 4 2 2 5 2838 2913 2832 2828
17921 4 2 2 5 2797 2879 918 874
17922 4 2 2 5 1023 193 194 805
17923 4 2 2 5 2780 2915 2911 2873
17924 4 2 2 5 911 2847 995 2804
17925 4 2 2 5 2781 2915 2886 2914
17926 4 2 2 5 2877 1034 1024 1043
17927 4 2 2 5 2877 929 2796 980
17928 4 2 2 5 2781 919 1032 1005
17929 4 2 2 5 919 1050 1005 981
17930 4 2 2 5 929 968 2796 980
17931 4 2 2 5 1034 2877 1019 1043
17932 4 2 2 5 2874 2870 2812 2872
17933 4 2 2 5 2915 2781 2886 2796
17934 4 2 2 5 819 820 2826 807
17935 4 2 2 5 2810 966 821 873
17936 4 2 2 5 187 2813 2854 807
17937 4 2 2 5 819 2818 947 818
17938 4 2 2 5 2854 2813 2826 807
17939 4 2 2 5 2813 2818 2826 807
17940 4 2 2 5 2818 819 2826 807
17941 4 2 2 5 1096 2902 1059 1092
17942 4 2 2 5 1088 1061 1062 2903
17943 4 2 2 5 2888 916 962 2780
17944 4 2 2 5 971 2898 1084 2892
17945 4 2 2 5 2814 2811 994 2817
17946 4 2 2 5 2825 2852 866 865
17947 4 2 2 5 1063 2892 1054 1084
17948 4 2 2 5 2902 945 1059 2897
17949 4 2 2 5 858 2797 857 874
17950 4 2 2 5 1063 2819 2898 1065
17951 4 2 2 5 2797 2888 2911 2780
17952 4 2 2 5 2819 2890 2898 1065
17953 4 2 2 5 2899 1100 230 1059
17954 4 2 2 5 2884 2877 2828 2823
17955 4 2 2 5 2902 2827 2897 2898
17956 4 2 2 5 1065 2898 1092 2897
17957 4 2 2 5 2877 940 200 802
17958 4 2 2 5 199 812 940 1043
17959 4 2 2 5 812 199 1019 1043
17960 4 2 2 5 2884 2877 1024 802
17961 4 2 2 5 849 2800 2834 2839
17962 4 2 2 5 2808 1078 2897 1065
17963 4 2 2 5 2907 1075 1076 1098
17964 4 2 2 5 1034 2877 1024 2884
17965 4 2 2 5 1044 201 2884 1024
17966 4 2 2 5 1063 2898 1092 1065
17967 4 2 2 5 2835 2836 2837 2908
17968 4 2 2 5 809 951 1136 950
17969 4 2 2 5 239 809 997 976
17970 4 2 2 5 2816 2907 2908 2906
17971 4 2 2 5 814 1027 969 2851
17972 4 2 2 5 1121 2841 1122 1120
17973 4 2 2 5 239 809 1136 2795
17974 4 2 2 5 907 814 984 2883
17975 4 2 2 5 997 809 2795 950
17976 4 2 2 5 1094 1053 1079 2905
17977 4 2 2 5 2836 2816 2908 2835
17978 4 2 2 5 1131 1027 2850 2851
17979 4 2 2 5 951 792 1127 969
17980 4 2 2 5 2907 1079 1087 1076
17981 4 2 2 5 2852 866 931 871
17982 4 2 2 5 814 1030 192 191
17983 4 2 2 5 1058 2907 1087 1076
17984 4 2 2 5 2836 2907 2908 2816
17985 4 2 2 5 181 1121 1018 1026
17986 4 2 2 5 1075 2906 1090 1098
17987 4 2 2 5 1121 181 180 1026
17988 4 2 2 5 2875 2873 2883 1015
17989 4 2 2 5 860 863 862 2801
17990 4 2 2 5 2843 970 890 931
17991 4 2 2 5 2873 1040 2883 1015
17992 4 2 2 5 2792 2819 2806 2889
17993 4 2 2 5 2871 21 1013 1015
17994 4 2 2 5 911 995 912 2804
17995 4 2 2 5 2869 2870 2878 1029
17996 4 2 2 5 1123 211 793 1026
17997 4 2 2 5 2874 2880 2878 1035
17998 4 2 2 5 836 2832 837 835
17999 4 2 2 5 2866 2882 2812 2864
18000 4 2 2 5 2866 2913 2865 2864
18001 4 2 2 5 1131 1017 2850 1027
18002 4 2 2 5 2885 1128 1135 246
18003 4 2 2 5 919 2781 1032 2868
18004 4 2 2 5 921 2796 1005 920
18005 4 2 2 5 2781 1020 1032 2868
18006 4 2 2 5 1136 1132 2795 2851
18007 4 2 2 5 1129 1134 1128 2881
18008 4 2 2 5 860 861 859 2801
18009 4 2 2 5 1052 1023 2883 805
18010 4 2 2 5 1020 2868 2873 1037
18011 4 2 2 5 1020 1028 2868 1037
18012 4 2 2 5 21 1134 174 1048
18013 4 2 2 5 2885 1128 2881 1130
18014 4 2 2 5 2874 1039 1035 1014
18015 4 2 2 5 1022 2880 1035 1041
18016 4 2 2 5 1039 2874 1035 1022
18017 4 2 2 5 2822 2863 2812 2872
18018 4 2 2 5 814 907 192 1030
18019 4 2 2 5 877 962 984 2883
18020 4 2 2 5 2871 245 21 2875
18021 4 2 2 5 2813 2858 2853 2857
18022 4 2 2 5 1128 1134 2875 2881
18023 4 2 2 5 245 1134 21 2875
18024 4 2 2 5 2897 1078 1059 1092
18025 4 2 2 5 817 2892 1084 1054
18026 4 2 2 5 2854 2826 2779 2784
18027 4 2 2 5 2902 971 1096 797
18028 4 2 2 5 2819 2827 2898 2890
18029 4 2 2 5 2833 2786 2787 2793
18030 4 2 2 5 880 828 829 2842
18031 4 2 2 5 2788 2857 2779 2853
18032 4 2 2 5 1083 1080 2900 1081
18033 4 2 2 5 1072 2896 1070 2900
18034 4 2 2 5 2803 2891 1071 2896
18035 4 2 2 5 1086 1097 1093 2893
18036 4 2 2 5 945 2844 2848 2897
18037 4 2 2 5 945 2899 1059 2897
18038 4 2 2 5 2902 2898 2897 1092
18039 4 2 2 5 2819 2890 2889 2820
18040 4 2 2 5 242 2786 2787 2794
18041 4 2 2 5 2890 2808 2897 1065
18042 4 2 2 5 190 1027 172 1133
18043 4 2 2 5 242 1115 241 2787
18044 4 2 2 5 2807 2855 2784 2856
18045 4 2 2 5 2841 241 2788 2787
18046 4 2 2 5 2875 21 1015 1048
18047 4 2 2 5 170 171 951 1127
18048 4 2 2 5 2882 1047 1124 1119
18049 4 2 2 5 1134 21 2875 1048
18050 4 2 2 5 1045 1034 1016 2781
18051 4 2 2 5 245 1139 246 2914
18052 4 2 2 5 2885 245 246 2915
18053 4 2 2 5 2862 1139 2914 246
18054 4 2 2 5 2835 2778 2809 2837
18055 4 2 2 5 880 954 2842 2848
18056 4 2 2 5 2826 2833 821 2790
18057 4 2 2 5 2860 2866 1120 2788
18058 4 2 2 5 2866 2841 1120 2788
18059 4 2 2 5 2866 2830 2788 2860
18060 4 2 2 5 2830 2866 2788 2841
18061 4 2 2 5 2825 871 884 876
18062 4 2 2 5 239 2855 2807 2829
18063 4 2 2 5 889 888 884 2798
18064 4 2 2 5 244 2913 27 1138
18065 4 2 2 5 1035 1014 1021 2872
18066 4 2 2 5 2858 238 1113 237
18067 4 2 2 5 2899 944 965 1000
18068 4 2 2 5 2830 2860 2790 2788
18069 4 2 2 5 945 2899 230 1059
18070 4 2 2 5 959 894 895 2908
18071 4 2 2 5 2792 2840 2809 2848
18072 4 2 2 5 2790 2810 2831 2842
18073 4 2 2 5 2808 2890 2809 2820
18074 4 2 2 5 2847 988 1088 2903
18075 4 2 2 5 2805 2792 2903 2806
18076 4 2 2 5 954 2844 2848 945
18077 4 2 2 5 945 2899 2848 1000
18078 4 2 2 5 2899 944 799 965
18079 4 2 2 5 836 833 2832 835
18080 4 2 2 5 2838 2778 2832 2831
18081 4 2 2 5 831 834 2832 833
18082 4 2 2 5 998 801 959 2908
18083 4 2 2 5 2836 2838 2835 2837
18084 4 2 2 5 835 838 2837 925
18085 4 2 2 5 2907 2836 1002 2846
18086 4 2 2 5 998 959 895 2908
18087 4 2 2 5 2890 2808 2809 2848
18088 4 2 2 5 993 889 2798 2807
18089 4 2 2 5 2852 2799 2829 2798
18090 4 2 2 5 2843 973 892 970
18091 4 2 2 5 2843 891 890 892
18092 4 2 2 5 2781 2915 2868 2911
18093 4 2 2 5 891 187 2813 2856
18094 4 2 2 5 239 2855 1115 2807
18095 4 2 2 5 1115 2855 2853 2784
18096 4 2 2 5 2779 2793 2853 2784
18097 4 2 2 5 2910 2915 2796 2911
18098 4 2 2 5 2807 186 2856 2784
18099 4 2 2 5 1007 2786 978 16
18100 4 2 2 5 2789 2913 2865 2866
18101 4 2 2 5 2854 2813 2856 2853
18102 4 2 2 5 1120 241 240 2788
18103 4 2 2 5 1114 2783 2859 237
18104 4 2 2 5 2865 244 27 1125
18105 4 2 2 5 2914 246 2886 1138
18106 4 2 2 5 1045 2781 1016 2909
18107 4 2 2 5 855 2797 857 2801
18108 4 2 2 5 246 26 2886 1138
18109 4 2 2 5 2915 2781 2796 2911
18110 4 2 2 5 2885 2881 2850 1130
18111 4 2 2 5 856 855 857 2801
18112 4 2 2 5 2879 2797 918 2911
18113 4 2 2 5 2910 26 2887 2783
18114 4 2 2 5 2890 2808 1065 1074
18115 4 2 2 5 2819 1064 1063 1062
18116 4 2 2 5 2780 2797 2879 2911
18117 4 2 2 5 2827 2844 2810 2898
18118 4 2 2 5 2910 26 2886 246
18119 4 2 2 5 2877 940 1043 200
18120 4 2 2 5 1042 1028 1037 2879
18121 4 2 2 5 245 2871 1013 2909
18122 4 2 2 5 2781 2871 1013 2873
18123 4 2 2 5 2868 1028 2879 1037
18124 4 2 2 5 1017 1129 2881 174
18125 4 2 2 5 855 2800 2801 854
18126 4 2 2 5 960 1121 2841 904
18127 4 2 2 5 856 855 2801 854
18128 4 2 2 5 1117 178 975 793
18129 4 2 2 5 2833 822 824 870
18130 4 2 2 5 1041 206 2878 1029
18131 4 2 2 5 2880 943 2878 1041
18132 4 2 2 5 1035 2874 2872 2870
18133 4 2 2 5 1014 2874 2882 2872
18134 4 2 2 5 2863 2822 2812 2824
18135 4 2 2 5 1044 1025 813 202
18136 4 2 2 5 941 201 1044 202
18137 4 2 2 5 2913 2863 2812 2824
18138 4 2 2 5 952 203 813 1049
18139 4 2 2 5 2847 973 995 972
18140 4 2 2 5 2789 2913 2812 2824
18141 4 2 2 5 1058 2907 2906 958
18142 4 2 2 5 2876 2909 1016 2823
18143 4 2 2 5 2909 2876 2914 2823
18144 4 2 2 5 2781 2909 2914 2823
18145 4 2 2 5 1016 1038 2823 1046
18146 4 2 2 5 2884 927 2823 2828
18147 4 2 2 5 1132 1131 1130 2850
18148 4 2 2 5 2813 187 2854 2856
18149 4 2 2 5 2887 2849 237 1135
18150 4 2 2 5 1128 2885 1135 1130
18151 4 2 2 5 2789 2860 27 2791
18152 4 2 2 5 234 1061 24 794
18153 4 2 2 5 843 927 928 2828
18154 4 2 2 5 1061 1088 24 189
18155 4 2 2 5 842 841 2839 934
18156 4 2 2 5 2800 2783 2834 2791
18157 4 2 2 5 24 1061 189 794
18158 4 2 2 5 1063 2892 1062 1054
18159 4 2 2 5 193 907 805 1052
18160 4 2 2 5 1023 193 805 1052
18161 4 2 2 5 2881 1017 2883 2850
18162 4 2 2 5 847 2796 848 2839
18163 4 2 2 5 2838 2791 2834 2840
18164 4 2 2 5 2838 2800 2834 2791
18165 4 2 2 5 922 872 2830 953
18166 4 2 2 5 2822 2884 2845 2823
18167 4 2 2 5 2845 2824 961 2878
18168 4 2 2 5 942 999 2878 961
18169 4 2 2 5 2786 978 2784 2793
18170 4 2 2 5 899 800 898 2901
18171 4 2 2 5 187 2854 2856 186
18172 4 2 2 5 2807 808 2856 186
18173 4 2 2 5 2797 930 915 863
18174 4 2 2 5 808 187 2856 186
18175 4 2 2 5 1011 1137 23 21
18176 4 2 2 5 231 945 230 1059
18177 4 2 2 5 916 2879 917 986
18178 4 2 2 5 2882 1118 1119 2867
18179 4 2 2 5 1023 2780 2883 805
18180 4 2 2 5 1131 1027 969 1133
18181 4 2 2 5 1047 2882 1124 2867
18182 4 2 2 5 943 206 942 2878
18183 4 2 2 5 869 2825 876 871
18184 4 2 2 5 206 943 1041 2878
18185 4 2 2 5 823 2830 824 825
18186 4 2 2 5 2833 2841 902 870
18187 4 2 2 5 2899 1091 2904 799
18188 4 2 2 5 2899 2904 1003 799
18189 4 2 2 5 2832 2778 2837 2831
18190 4 2 2 5 811 2907 2905 1087
18191 4 2 2 5 2903 1088 1073 1062
18192 4 2 2 5 2803 1067 2889 1070
18193 4 2 2 5 22 1123 211 793
18194 4 2 2 5 2819 1063 2892 1062
18195 4 2 2 5 2803 2802 2806 2889
18196 4 2 2 5 1064 1066 2889 2890
18197 4 2 2 5 2879 967 917 986
18198 4 2 2 5 1064 1067 2889 1066
18199 4 2 2 5 845 844 846 2839
18200 4 2 2 5 913 974 914 2900
18201 4 2 2 5 203 1025 813 1049
18202 4 2 2 5 933 2836 841 934
18203 4 2 2 5 900 964 2894 983
18204 4 2 2 5 2836 845 2839 934
18205 4 2 2 5 842 843 2839 840
18206 4 2 2 5 819 2818 818 807
18207 4 2 2 5 2813 896 2818 818
18208 4 2 2 5 896 2818 947 2892
18209 4 2 2 5 1073 1088 2806 1095
18210 4 2 2 5 2889 2903 2806 1073
18211 4 2 2 5 2821 894 959 2908
18212 4 2 2 5 833 834 2832 835
18213 4 2 2 5 886 1006 2845 961
18214 4 2 2 5 2836 933 2837 2908
18215 4 2 2 5 973 2847 816 972
18216 4 2 2 5 2847 1102 816 972
18217 4 2 2 5 2888 2885 2887 2911
18218 4 2 2 5 196 803 197 1033
18219 4 2 2 5 952 1049 813 2845
18220 4 2 2 5 918 2797 857 2911
18221 4 2 2 5 885 918 857 2911
18222 4 2 2 5 839 886 2845 2824
18223 4 2 2 5 885 855 2911 857
18224 4 2 2 5 855 2797 2911 857
18225 4 2 2 5 229 1091 799 228
18226 4 2 2 5 2904 1091 1055 799
18227 4 2 2 5 979 2904 1055 799
18228 4 2 2 5 1012 1011 1016 2876
18229 4 2 2 5 2822 1025 1038 1049
18230 4 2 2 5 855 2800 2796 2911
18231 4 2 2 5 211 960 793 1026
18232 4 2 2 5 2910 2800 2783 2911
18233 4 2 2 5 2901 900 2894 983
18234 4 2 2 5 1071 2803 1070 1068
18235 4 2 2 5 1119 1118 1124 2867
18236 4 2 2 5 2896 2803 1070 1071
18237 4 2 2 5 816 795 213 1060
18238 4 2 2 5 795 212 213 1060
18239 4 2 2 5 2846 849 2834 2839
18240 4 2 2 5 2874 1035 2878 2870
18241 4 2 2 5 1072 2900 1070 1081
18242 4 2 2 5 1047 2882 1018 1119
18243 4 2 2 5 1072 1056 2900 1081
18244 4 2 2 5 952 204 203 1049
18245 4 2 2 5 1036 2869 2845 804
18246 4 2 2 5 2846 900 964 2894
18247 4 2 2 5 2846 2836 936 937
18248 4 2 2 5 935 2836 934 936
18249 4 2 2 5 816 1102 213 972
18250 4 2 2 5 2869 1036 1021 1029
18251 4 2 2 5 1072 1073 2806 1095
18252 4 2 2 5 2891 2816 2835 2820
18253 4 2 2 5 1035 2870 1021 1029
18254 4 2 2 5 1067 2803 1066 1068
18255 4 2 2 5 2891 2803 1071 1068
18256 4 2 2 5 2870 1035 2878 1029
18257 4 2 2 5 2870 2869 1021 1029
18258 4 2 2 5 886 2824 961 2845
18259 4 2 2 5 938 2846 936 937
18260 4 2 2 5 942 2869 1029 804
18261 4 2 2 5 974 217 1101 216
18262 4 2 2 5 2847 1088 2806 2903
18263 4 2 2 5 798 218 1057 1083
18264 4 2 2 5 811 2907 1002 2905
18265 4 2 2 5 2836 2846 936 1002
18266 4 2 2 5 2887 26 1135 237
18267 4 2 2 5 1120 2865 240 1125
18268 4 2 2 5 1139 2876 2914 2909
18269 4 2 2 5 26 2912 2886 1138
18270 4 2 2 5 244 2863 243 2864
18271 4 2 2 5 244 1118 1125 2864
18272 4 2 2 5 2865 244 1125 2864
18273 4 2 2 5 2849 2858 237 238
18274 4 2 2 5 809 239 15 976
18275 4 2 2 5 809 15 239 1136
18276 4 2 2 5 2887 2782 2849 2888
18277 4 2 2 5 2849 2782 2887 237
18278 4 2 2 5 2912 2828 2914 2862
18279 4 2 2 5 2914 2828 2912 2886
18280 4 2 2 5 2914 1138 2912 2862
18281 4 2 2 5 2912 1138 2914 2886
18282 4 2 2 5 2809 893 2821 2837
18283 4 2 2 5 1044 813 2884 941
18284 4 2 2 5 1044 2884 813 1025
18285 4 2 2 5 1034 2884 2823 2877
18286 4 2 2 5 2823 2884 1034 1016
18287 4 2 2 5 2823 2781 1034 2877
18288 4 2 2 5 1034 2781 2823 1016
18289 4 2 2 5 2846 2835 2816 2836
18290 4 2 2 5 2846 2816 2835 2895
18291 4 2 2 5 1077 2816 2891 1069
18292 4 2 2 5 1077 2891 2816 2895
18293 4 2 2 5 2792 2826 2813 2818
18294 4 2 2 5 2813 2826 2792 2779
18295 4 2 2 5 1056 796 215 1082
18296 4 2 2 5 215 796 1056 991
18297 4 2 2 5 2792 2779 2790 2785
18298 4 2 2 5 2790 2779 2792 2826
18299 4 2 2 5 1002 2908 958 935
18300 4 2 2 5 1002 958 2908 2907
18301 4 2 2 5 2779 2857 2813 2853
18302 4 2 2 5 1049 804 2845 952
18303 4 2 2 5 1049 2845 804 1036
18304 4 2 2 5 2886 2828 26 2838
18305 4 2 2 5 2886 26 2828 2912
18306 4 2 2 5 27 26 2828 2838
18307 4 2 2 5 27 2828 26 2912
18308 4 2 2 5 2814 2900 994 2811
18309 4 2 2 5 994 2900 2814 914
18310 4 2 2 5 27 2838 2913 2791
18311 4 2 2 5 27 2913 2838 2828
18312 4 2 2 5 240 2788 2861 2860
18313 4 2 2 5 240 2861 2788 1113
18314 4 2 2 5 2782 2802 2840 2805
18315 4 2 2 5 2840 2802 2782 2861
18316 4 2 2 5 929 2884 802 2877
18317 4 2 2 5 929 802 2884 977
18318 4 2 2 5 2832 932 832 833
18319 4 2 2 5 2832 832 932 2824
18320 4 2 2 5 849 2800 848 850
18321 4 2 2 5 849 848 2800 2839
18322 4 2 2 5 957 2878 943 999
18323 4 2 2 5 957 943 2878 2880
18324 4 2 2 5 26 2910 2800 2783
18325 4 2 2 5 1005 2796 980 2781
18326 4 2 2 5 1005 980 2796 921
18327 4 2 2 5 2802 2896 2815 2803
18328 4 2 2 5 2815 2896 2802 2834
18329 4 2 2 5 2815 2891 2802 2803
18330 4 2 2 5 2783 2797 2800 2801
18331 4 2 2 5 2783 2800 2797 2911
18332 4 2 2 5 855 2800 2797 2801
18333 4 2 2 5 855 2797 2800 2911
18334 4 2 2 5 2790 822 2830 2833
18335 4 2 2 5 2790 2830 822 823
18336 4 2 2 5 824 2830 822 2833
18337 4 2 2 5 824 822 2830 823
18338 4 2 2 5 2894 956 900 2901
18339 4 2 2 5 2894 900 956 2846
18340 4 2 2 5 2836 2838 2834 2835
18341 4 2 2 5 2836 2834 2838 2839
18342 4 2 2 5 2817 2811 2802 2814
18343 4 2 2 5 2900 1083 994 2811
18344 4 2 2 5 1083 994 1057 798
18345 4 2 2 5 1083 1057 994 2811
18346 4 2 2 5 1057 994 939 798
18347 4 2 2 5 1057 939 994 2811
18348 4 2 2 5 955 2793 978 2786
18349 4 2 2 5 978 2793 955 881
18350 4 2 2 5 906 2874 949 996
18351 4 2 2 5 906 949 2874 2882
18352 4 2 2 5 904 1122 1121 2841
18353 4 2 2 5 904 1121 1122 1117
18354 4 2 2 5 865 2852 2797 2825
18355 4 2 2 5 865 2797 2852 2801
18356 4 2 2 5 2888 2797 2852 2825
18357 4 2 2 5 854 2800 853 852
18358 4 2 2 5 854 853 2800 2817
18359 4 2 2 5 850 853 2800 852
18360 4 2 2 5 953 2789 922 878
18361 4 2 2 5 953 922 2789 2830
18362 4 2 2 5 904 1121 793 960
18363 4 2 2 5 904 793 1121 1117
18364 4 2 2 5 2911 2887 2783 2910
18365 4 2 2 5 2853 2856 2858 2813
18366 4 2 2 5 2853 2858 2856 2855
18367 4 2 2 5 840 2839 841 2832
18368 4 2 2 5 840 841 2839 842
18369 4 2 2 5 2857 2785 2805 2782
18370 4 2 2 5 2785 2861 2805 2782
18371 4 2 2 5 2861 2840 2805 2782
18372 4 2 2 5 2877 1032 1005 2781
18373 4 2 2 5 1005 1032 2877 1019
18374 4 2 2 5 2817 994 2893 2811
18375 4 2 2 5 2817 2893 994 924
18376 4 2 2 5 939 2893 994 2811
18377 4 2 2 5 939 994 2893 924
18378 4 2 2 5 2826 2833 2779 2793
18379 4 2 2 5 2826 2779 2833 2790
18380 4 2 2 5 812 1043 2877 940
18381 4 2 2 5 2877 1043 812 1019
18382 4 2 2 5 965 2808 893 2904
18383 4 2 2 5 965 893 2808 2809
18384 4 2 2 5 2821 893 2808 2904
18385 4 2 2 5 2821 2808 893 2809
18386 4 2 2 5 2827 2848 2792 2810
18387 4 2 2 5 2827 2898 2792 2819
18388 4 2 2 5 2792 2898 2827 2810
18389 4 2 2 5 2802 2859 2791 2783
18390 4 2 2 5 2791 2834 2802 2783
18391 4 2 2 5 2802 2834 2791 2840
18392 4 2 2 5 216 913 1101 974
18393 4 2 2 5 216 1101 913 991
18394 4 2 2 5 2900 1101 913 974
18395 4 2 2 5 2900 913 1101 991
18396 4 2 2 5 17 186 1116 978
18397 4 2 2 5 1116 186 17 1008
18398 4 2 2 5 27 2791 26 2838
18399 4 2 2 5 27 26 2791 2859
18400 4 2 2 5 2800 26 2791 2838
18401 4 2 2 5 2845 2878 942 2869
18402 4 2 2 5 942 2878 2845 961
18403 4 2 2 5 942 804 2845 2869
18404 4 2 2 5 2845 804 942 961
18405 4 2 2 5 2834 2895 2894 2846
18406 4 2 2 5 2834 2894 2895 2815
18407 4 2 2 5 2812 2880 2866 2789
18408 4 2 2 5 2812 2866 2880 2874
18409 4 2 2 5 996 2880 2866 2874
18410 4 2 2 5 938 2905 964 987
18411 4 2 2 5 964 2905 938 2846
18412 4 2 2 5 2892 2844 971 2898
18413 4 2 2 5 2892 971 2844 948
18414 4 2 2 5 2810 2892 2898 2844
18415 4 2 2 5 2810 2898 2892 2792
18416 4 2 2 5 2818 948 2892 2844
18417 4 2 2 5 2818 2892 948 947
18418 4 2 2 5 2856 2782 2813 2805
18419 4 2 2 5 2856 2813 2782 2858
18420 4 2 2 5 2857 2813 2782 2805
18421 4 2 2 5 2857 2782 2813 2858
18422 4 2 2 5 1090 979 2821 1055
18423 4 2 2 5 1090 2821 979 959
18424 4 2 2 5 2806 2792 2840 2805
18425 4 2 2 5 2840 2792 2806 2889
18426 4 2 2 5 2840 2802 2806 2805
18427 4 2 2 5 2806 2802 2840 2889
18428 4 2 2 5 2888 2850 877 2849
18429 4 2 2 5 877 2850 2888 2883
18430 4 2 2 5 832 2824 879 932
18431 4 2 2 5 832 879 2824 2789
18432 4 2 2 5 2890 2848 2897 2808
18433 4 2 2 5 2890 2897 2848 2827
18434 4 2 2 5 2845 1025 2884 2822
18435 4 2 2 5 2845 2884 1025 813
18436 4 2 2 5 874 2879 916 2797
18437 4 2 2 5 874 916 2879 917
18438 4 2 2 5 988 1088 189 795
18439 4 2 2 5 189 1088 988 2903
18440 4 2 2 5 2904 1075 1055 1089
18441 4 2 2 5 2904 1055 1075 2821
18442 4 2 2 5 822 2826 820 2793
18443 4 2 2 5 820 2826 822 821
18444 4 2 2 5 2847 2813 2843 897
18445 4 2 2 5 2843 2813 2847 2805
18446 4 2 2 5 2789 2790 953 2830
18447 4 2 2 5 953 2790 2789 2831
18448 4 2 2 5 880 2848 2899 1000
18449 4 2 2 5 2899 2848 880 2842
18450 4 2 2 5 2899 965 880 1000
18451 4 2 2 5 880 965 2899 2842
18452 4 2 2 5 926 2828 840 2824
18453 4 2 2 5 840 2828 926 843
18454 4 2 2 5 2796 2886 2838 2828
18455 4 2 2 5 2796 2839 2838 2800
18456 4 2 2 5 2838 2839 2796 2828
18457 4 2 2 5 2900 2814 2806 2811
18458 4 2 2 5 2900 2806 2814 2804
18459 4 2 2 5 877 2850 908 2849
18460 4 2 2 5 908 2850 877 984
18461 4 2 2 5 1021 2822 1036 2869
18462 4 2 2 5 1021 1036 2822 1038
18463 4 2 2 5 2825 2797 930 2888
18464 4 2 2 5 930 2797 2825 865
18465 4 2 2 5 930 877 2825 2888
18466 4 2 2 5 2825 877 930 865
18467 4 2 2 5 2783 2797 2782 2888
18468 4 2 2 5 2783 2782 2797 2801
18469 4 2 2 5 2852 2782 2797 2888
18470 4 2 2 5 2852 2797 2782 2801
18471 4 2 2 5 2819 1062 1073 1064
18472 4 2 2 5 1073 1062 2819 2903
18473 4 2 2 5 1073 2889 2819 1064
18474 4 2 2 5 2819 2889 1073 2903
18475 4 2 2 5 1015 2883 1048 1040
18476 4 2 2 5 1015 1048 2883 2875
18477 4 2 2 5 2895 2835 2815 2816
18478 4 2 2 5 2895 2815 2835 2834
18479 4 2 2 5 2891 2815 2835 2816
18480 4 2 2 5 2783 2888 2911 2797
18481 4 2 2 5 2783 2911 2888 2887
18482 4 2 2 5 2909 1016 1011 2876
18483 4 2 2 5 2909 1011 1016 1045
18484 4 2 2 5 2884 1038 2822 1025
18485 4 2 2 5 2884 2822 1038 2823
18486 4 2 2 5 2828 2823 926 927
18487 4 2 2 5 2828 926 2823 2845
18488 4 2 2 5 2828 929 847 2796
18489 4 2 2 5 2828 847 929 928
18490 4 2 2 5 2845 926 927 992
18491 4 2 2 5 927 926 2845 2823
18492 4 2 2 5 927 2884 2845 992
18493 4 2 2 5 2845 2884 927 2823
18494 4 2 2 5 2893 2834 2896 2815
18495 4 2 2 5 2905 1002 938 2846
18496 4 2 2 5 2905 938 1002 811
18497 4 2 2 5 1026 815 2882 1031
18498 4 2 2 5 1026 2882 815 960
18499 4 2 2 5 2814 913 2804 875
18500 4 2 2 5 2804 913 2814 2900
18501 4 2 2 5 1050 919 1033 981
18502 4 2 2 5 1050 1033 919 2868
18503 4 2 2 5 803 1033 919 981
18504 4 2 2 5 803 919 1033 2868
18505 4 2 2 5 1093 2896 1057 1080
18506 4 2 2 5 1093 1057 2896 2893
18507 4 2 2 5 2791 2861 2802 2840
18508 4 2 2 5 2802 2861 2791 2859
18509 4 2 2 5 2840 2785 2805 2792
18510 4 2 2 5 2840 2805 2785 2861
18511 4 2 2 5 2812 2878 2824 2870
18512 4 2 2 5 2812 2824 2878 2789
18513 4 2 2 5 2811 2893 2834 2896
18514 4 2 2 5 2834 2893 2811 2817
18515 4 2 2 5 2834 2802 2811 2896
18516 4 2 2 5 2811 2802 2834 2817
18517 4 2 2 5 2858 2856 2799 2782
18518 4 2 2 5 2799 2856 2858 2855
18519 4 2 2 5 2815 2835 2840 2891
18520 4 2 2 5 2840 2835 2815 2834
18521 4 2 2 5 2840 2802 2815 2891
18522 4 2 2 5 2815 2802 2840 2834
18523 4 2 2 5 974 1083 914 2900
18524 4 2 2 5 974 914 1083 798
18525 4 2 2 5 994 914 1083 2900
18526 4 2 2 5 994 1083 914 798
18527 4 2 2 5 956 853 2834 850
18528 4 2 2 5 956 2834 853 2817
18529 4 2 2 5 2800 2834 853 850
18530 4 2 2 5 2800 853 2834 2817
18531 4 2 2 5 2785 2805 2779 2857
18532 4 2 2 5 2785 2779 2805 2792
18533 4 2 2 5 2813 2779 2805 2857
18534 4 2 2 5 2813 2805 2779 2792
18535 4 2 2 5 922 2880 2866 996
18536 4 2 2 5 2866 2880 922 2789
18537 4 2 2 5 2792 2827 2890 2848
18538 4 2 2 5 2890 2827 2792 2819
18539 4 2 2 5 26 2791 2783 2800
18540 4 2 2 5 26 2783 2791 2859
18541 4 2 2 5 1027 2850 1030 2883
18542 4 2 2 5 1030 2850 1027 2851
18543 4 2 2 5 2850 814 1030 2883
18544 4 2 2 5 1030 814 2850 2851
18545 4 2 2 5 2850 984 814 2883
18546 4 2 2 5 908 2850 814 2851
18547 4 2 2 5 814 2850 908 984
18548 4 2 2 5 2824 2869 2878 2845
18549 4 2 2 5 2878 2869 2824 2870
18550 4 2 2 5 2824 2870 2822 2812
18551 4 2 2 5 2824 2822 2870 2869
18552 4 2 2 5 2872 2822 2870 2812
18553 4 2 2 5 2872 2870 2822 2869
18554 4 2 2 5 2845 2823 2824 2822
18555 4 2 2 5 2845 2824 2823 2828
18556 4 2 2 5 2863 2824 2823 2822
18557 4 2 2 5 2863 2823 2824 2828
18558 4 2 2 5 2791 2789 2838 2913
18559 4 2 2 5 2791 2838 2789 2831
18560 4 2 2 5 2838 2789 2832 2913
18561 4 2 2 5 2838 2832 2789 2831
18562 4 2 2 5 2832 2789 2824 2913
18563 4 2 2 5 2832 2824 2789 2831
18564 4 2 2 5 831 2832 832 833
18565 4 2 2 5 832 2832 831 2831
18566 4 2 2 5 2796 2910 26 2886
18567 4 2 2 5 26 2910 2796 2800
18568 4 2 2 5 26 2838 2796 2886
18569 4 2 2 5 2796 2838 26 2800
18570 4 2 2 6 1117 1123 2917 178
18571 4 2 2 6 1116 1106 1136 15
18572 4 2 2 6 1110 1121 1131 181
18573 4 2 2 6 27 1138 1114 1125
18574 4 2 2 6 1138 26 1135 246
18575 4 2 2 6 1132 1115 239 238
18576 4 2 2 6 243 1137 1139 1124
18577 4 2 2 6 1137 245 1134 21
18578 4 2 2 6 1112 1134 1129 174
18579 4 2 2 6 1113 237 1135 1125
18580 4 2 2 6 1112 182 1124 174
18581 4 2 2 6 171 1106 2916 236
18582 4 2 2 6 1137 1134 1124 1109
18583 4 2 2 6 1134 174 1124 1109
18584 4 2 2 6 181 1121 1112 1119
18585 4 2 2 6 1128 1139 1135 246
18586 4 2 2 6 1139 1137 1134 1124
18587 4 2 2 6 1135 237 1114 1125
18588 4 2 2 6 1117 1126 179 2916
18589 4 2 2 6 1116 17 1106 15
18590 4 2 2 6 1139 1128 245 246
18591 4 2 2 6 1112 1134 1124 1119
18592 4 2 2 6 174 182 1124 1109
18593 4 2 2 6 180 1110 1121 1123
18594 4 2 2 6 182 23 1124 1109
18595 4 2 2 6 26 1138 1114 27
18596 4 2 2 6 1134 1112 1124 174
18597 4 2 2 6 1132 1115 241 1122
18598 4 2 2 6 237 238 1113 1130
18599 4 2 2 6 1113 1135 1130 1120
18600 4 2 2 6 178 1123 1103 22
18601 4 2 2 6 1127 1117 1131 2917
18602 4 2 2 6 1111 1133 1123 2917
18603 4 2 2 6 180 1110 181 1121
18604 4 2 2 6 1112 173 1129 1131
18605 4 2 2 6 1128 1129 1120 1119
18606 4 2 2 6 1126 1104 16 179
18607 4 2 2 6 1121 1117 1123 2917
18608 4 2 2 6 1139 1128 1124 1134
18609 4 2 2 6 1116 1115 239 1136
18610 4 2 2 6 1115 1132 241 238
18611 4 2 2 6 1115 1122 242 241
18612 4 2 2 6 1137 23 1124 243
18613 4 2 2 6 1117 1121 1131 2917
18614 4 2 2 6 235 1105 2917 178
18615 4 2 2 6 1115 1126 1116 242
18616 4 2 2 6 1118 1128 1120 1119
18617 4 2 2 6 1127 171 1107 170
18618 4 2 2 6 1117 1105 2917 2916
18619 4 2 2 6 1104 1126 2916 179
18620 4 2 2 6 1105 1117 179 2916
18621 4 2 2 6 1134 1128 1124 1119
18622 4 2 2 6 1132 1122 1117 2916
18623 4 2 2 6 238 1113 1130 1120
18624 4 2 2 6 1127 1133 170 2917
18625 4 2 2 6 1139 1138 1125 1135
18626 4 2 2 6 1110 181 1131 173
18627 4 2 2 6 1110 172 173 1131
18628 4 2 2 6 1138 1135 1114 1125
18629 4 2 2 6 238 1132 241 1120
18630 4 2 2 6 1121 1122 1117 1131
18631 4 2 2 6 244 1138 27 1125
18632 4 2 2 6 1134 174 1109 21
18633 4 2 2 6 243 244 1118 1139
18634 4 2 2 6 1133 1127 1131 2917
18635 4 2 2 6 1128 1134 1129 1119
18636 4 2 2 6 240 27 1114 1125
18637 4 2 2 6 1127 1132 1117 2916
18638 4 2 2 6 1133 1111 20 1108
18639 4 2 2 6 172 1110 1133 1131
18640 4 2 2 6 1105 1117 2917 178
18641 4 2 2 6 182 1112 1124 1119
18642 4 2 2 6 1112 1129 1119 1131
18643 4 2 2 6 1123 178 1103 2917
18644 4 2 2 6 2916 1104 179 236
18645 4 2 2 6 1128 1139 1124 1118
18646 4 2 2 6 182 181 1112 1119
18647 4 2 2 6 1126 16 1116 242
18648 4 2 2 6 244 1139 1125 1118
18649 4 2 2 6 1121 1122 1131 1120
18650 4 2 2 6 1110 180 1111 1123
18651 4 2 2 6 1127 171 1136 2916
18652 4 2 2 6 1105 2916 179 236
18653 4 2 2 6 1133 1111 1108 2917
18654 4 2 2 6 1128 1135 1125 1120
18655 4 2 2 6 1122 1132 1117 1131
18656 4 2 2 6 23 1137 1124 1109
18657 4 2 2 6 1137 23 21 1109
18658 4 2 2 6 1139 1128 1125 1118
18659 4 2 2 6 171 1106 1136 2916
18660 4 2 2 6 1121 1112 1119 1131
18661 4 2 2 6 244 1138 1125 1139
18662 4 2 2 6 1122 1126 1117 2916
18663 4 2 2 6 1111 25 20 1108
18664 4 2 2 6 180 1111 1123 22
18665 4 2 2 6 1128 1139 1125 1135
18666 4 2 2 6 1106 1116 1136 2916
18667 4 2 2 6 1128 1139 245 1134
18668 4 2 2 6 1139 1137 245 1134
18669 4 2 2 6 1113 238 241 1120
18670 4 2 2 6 1113 240 1120 241
18671 4 2 2 6 1115 1132 239 1136
18672 4 2 2 6 240 237 1113 1125
18673 4 2 2 6 172 1111 20 1133
18674 4 2 2 6 1116 1126 1136 2916
18675 4 2 2 6 1107 1127 170 2917
18676 4 2 2 6 1132 1127 1117 1131
18677 4 2 2 6 1108 235 170 2917
18678 4 2 2 6 235 1107 170 2917
18679 4 2 2 6 1132 1130 1131 1120
18680 4 2 2 6 1118 1128 1125 1120
18681 4 2 2 6 240 1113 1120 1125
18682 4 2 2 6 1107 1127 2917 2916
18683 4 2 2 6 1127 1117 2917 2916
18684 4 2 2 6 1110 172 1133 1111
18685 4 2 2 6 181 1121 1131 1112
18686 4 2 2 6 1129 1119 1131 1120
18687 4 2 2 6 178 235 1103 2917
18688 4 2 2 6 1110 1111 1133 1123
18689 4 2 2 6 1126 1115 1116 1136
18690 4 2 2 6 1127 171 2916 1107
18691 4 2 2 6 1127 1132 2916 1136
18692 4 2 2 6 1110 1133 1131 1123
18693 4 2 2 6 1121 1110 1131 1123
18694 4 2 2 6 1123 1133 1131 2917
18695 4 2 2 6 1107 171 2916 236
18696 4 2 2 6 1133 20 170 1108
18697 4 2 2 6 1106 171 1136 15
18698 4 2 2 6 239 1116 1136 15
18699 4 2 2 6 1133 1108 170 2917
18700 4 2 2 6 173 181 1131 1112
18701 4 2 2 6 1134 1112 1129 1119
18702 4 2 2 6 1128 1118 1124 1119
18703 4 2 2 6 1122 1132 1131 1120
18704 4 2 2 6 1139 1138 1135 246
18705 4 2 2 6 1105 1117 178 179
18706 4 2 2 6 1130 1129 1131 1120
18707 4 2 2 6 1132 238 1130 1120
18708 4 2 2 6 1135 1128 1130 1120
18709 4 2 2 6 173 1112 1129 174
18710 4 2 2 6 237 1113 1135 1130
18711 4 2 2 6 1121 1123 1131 2917
18712 4 2 2 6 1115 1126 242 1122
18713 4 2 2 6 1135 1113 1125 1120
18714 4 2 2 6 1129 1128 1120 1130
18715 4 2 2 6 26 1138 1135 1114
18716 4 2 2 6 237 240 1114 1125
18717 4 2 2 6 237 26 1135 1114
18718 4 2 2 6 1132 1122 241 1120
18719 4 2 2 6 1119 1121 1131 1120
18720 4 2 2 6 1139 243 1124 1118
18721 4 2 2 6 1137 1134 1109 21
18722 4 2 2 6 236 17 2916 1104
18723 4 2 2 6 236 2916 17 1106
18724 4 2 2 6 1116 17 2916 1106
18725 4 2 2 6 1132 2916 1126 1122
18726 4 2 2 6 1126 2916 1132 1136
18727 4 2 2 6 1126 1115 1132 1122
18728 4 2 2 6 1132 1115 1126 1136
18729 4 2 2 6 235 236 2917 1105
18730 4 2 2 6 235 2917 236 1107
18731 4 2 2 6 2916 2917 236 1105
18732 4 2 2 6 2916 236 2917 1107
18733 4 2 2 6 235 25 2917 1108
18734 4 2 2 6 235 2917 25 1103
18735 4 2 2 6 1111 2917 25 1108
18736 4 2 2 6 16 17 1126 1116
18737 4 2 2 6 16 1126 17 1104
18738 4 2 2 6 2916 1126 17 1116
18739 4 2 2 6 2916 17 1126 1104
18740 4 2 2 6 2917 25 1123 1111
18741 4 2 2 6 2917 1123 25 1103
18742 4 2 2 6 22 1123 25 1111
18743 4 2 2 6 22 25 1123 1103
$EndElements
