$MeshFormat
2.2 0 8
$EndMeshFormat
$PhysicalNames
5
2 1001 "MagneticInfinity"
2 1002 "MagnetSurface"
3 1 "AirInside"
3 2 "Magnet"
3 3 "Air"
$EndPhysicalNames
$Nodes
2947
1 0.025 -6.123233995736766e-18 0.04
2 0.025 -6.123233995736766e-18 0
3 0.02 -4.898587196589413e-18 0.04
4 0.02 -4.898587196589413e-18 0
5 0.015 -3.673940397442059e-18 0.06
6 0.015 -3.673940397442059e-18 0.03
7 0.08 -1.959434878635765e-17 0.11
8 0.08 -1.959434878635765e-17 -0.08
9 0.02377641290737884 0.00772542485937368 0.04
10 0.02022542485937369 0.01469463130731182 0.04
11 0.01469463130731184 0.02022542485937368 0.04
12 0.007725424859373698 0.02377641290737884 0.04
13 1.818415386831154e-17 0.025 0.04
14 -0.007725424859373668 0.02377641290737885 0.04
15 -0.01469463130731182 0.0202254248593737 0.04
16 -0.02022542485937368 0.01469463130731185 0.04
17 -0.02377641290737884 0.00772542485937371 0.04
18 -0.025 4.747053798287464e-17 0.04
19 -0.02377641290737886 -0.00772542485937362 0.04
20 -0.02022542485937373 -0.01469463130731176 0.04
21 -0.01469463130731189 -0.02022542485937365 0.04
22 -0.007725424859373796 -0.02377641290737881 0.04
23 -1.378191884518214e-16 -0.025 0.04
24 0.007725424859373534 -0.02377641290737889 0.04
25 0.01469463130731172 -0.02022542485937377 0.04
26 0.02022542485937364 -0.01469463130731189 0.04
27 0.02377641290737883 -0.007725424859373733 0.04
28 0.025 -6.123233995736766e-18 0.007999999999999997
29 0.025 -6.123233995736766e-18 0.016
30 0.025 -6.123233995736766e-18 0.024
31 0.025 -6.123233995736766e-18 0.032
32 0.02377641290737884 0.00772542485937368 0
33 0.02022542485937369 0.01469463130731182 0
34 0.01469463130731184 0.02022542485937368 0
35 0.007725424859373698 0.02377641290737884 0
36 1.818415386831154e-17 0.025 0
37 -0.007725424859373668 0.02377641290737885 0
38 -0.01469463130731182 0.0202254248593737 0
39 -0.02022542485937368 0.01469463130731185 0
40 -0.02377641290737884 0.00772542485937371 0
41 -0.025 4.747053798287464e-17 0
42 -0.02377641290737886 -0.00772542485937362 0
43 -0.02022542485937373 -0.01469463130731176 0
44 -0.01469463130731189 -0.02022542485937365 0
45 -0.007725424859373796 -0.02377641290737881 0
46 -1.378191884518214e-16 -0.025 0
47 0.007725424859373534 -0.02377641290737889 0
48 0.01469463130731172 -0.02022542485937377 0
49 0.02022542485937364 -0.01469463130731189 0
50 0.02377641290737883 -0.007725424859373733 0
51 0.01847759065022574 0.007653668647301777 0.04
52 0.01414213562373098 0.01414213562373092 0.04
53 0.007653668647301846 0.01847759065022572 0.04
54 6.783802827665674e-17 0.02 0.04
55 -0.007653668647301703 0.01847759065022577 0.04
56 -0.01414213562373087 0.01414213562373103 0.04
57 -0.01847759065022569 0.007653668647301912 0.04
58 -0.02 1.445578407503147e-16 0.04
59 -0.0184775906502258 -0.007653668647301645 0.04
60 -0.01414213562373104 -0.01414213562373086 0.04
61 -0.007653668647301889 -0.0184775906502257 0.04
62 -9.249178236745458e-17 -0.02 0.04
63 0.007653668647301718 -0.01847759065022577 0.04
64 0.01414213562373092 -0.01414213562373098 0.04
65 0.01847759065022573 -0.007653668647301808 0.04
66 0.02 -4.898587196589413e-18 0.007999999999999997
67 0.02 -4.898587196589413e-18 0.016
68 0.02 -4.898587196589413e-18 0.024
69 0.02 -4.898587196589413e-18 0.032
70 0.01847759065022574 0.007653668647301777 0
71 0.01414213562373098 0.01414213562373092 0
72 0.007653668647301846 0.01847759065022572 0
73 6.783802827665674e-17 0.02 0
74 -0.007653668647301703 0.01847759065022577 0
75 -0.01414213562373087 0.01414213562373103 0
76 -0.01847759065022569 0.007653668647301912 0
77 -0.02 1.445578407503147e-16 0
78 -0.0184775906502258 -0.007653668647301645 0
79 -0.01414213562373104 -0.01414213562373086 0
80 -0.007653668647301889 -0.0184775906502257 0
81 -9.249178236745458e-17 -0.02 0
82 0.007653668647301718 -0.01847759065022577 0
83 0.01414213562373092 -0.01414213562373098 0
84 0.01847759065022573 -0.007653668647301808 0
85 0.01448888739433603 0.003882285676537805 0.06
86 0.01299038105676658 0.007499999999999989 0.06
87 0.01060660171779823 0.0106066017177982 0.06
88 0.007500000000000021 0.01299038105676657 0.06
89 0.003882285676537837 0.01448888739433602 0.06
90 3.089450676423974e-17 0.015 0.06
91 -0.00388228567653778 0.01448888739433603 0.06
92 -0.007499999999999968 0.0129903810567666 0.06
93 -0.01060660171779818 0.01060660171779825 0.06
94 -0.01299038105676655 0.007500000000000056 0.06
95 -0.014488887394336 0.003882285676537893 0.06
96 -0.015 1.017570424149851e-16 0.06
97 -0.01448888739433605 -0.003882285676537696 0.06
98 -0.01299038105676665 -0.007499999999999881 0.06
99 -0.01060660171779832 -0.01060660171779811 0.06
100 -0.007500000000000145 -0.01299038105676649 0.06
101 -0.003882285676537964 -0.01448888739433598 0.06
102 -1.359822182531003e-16 -0.015 0.06
103 0.003882285676537714 -0.01448888739433605 0.06
104 0.00749999999999992 -0.01299038105676662 0.06
105 0.01060660171779816 -0.01060660171779826 0.06
106 0.01299038105676656 -0.007500000000000041 0.06
107 0.01448888739433602 -0.003882285676537823 0.06
108 0.015 -3.673940397442059e-18 0.03375000000000001
109 0.015 -3.673940397442059e-18 0.03750000000000002
110 0.015 -3.673940397442059e-18 0.04125000000000004
111 0.015 -3.673940397442059e-18 0.04500000000000005
112 0.015 -3.673940397442059e-18 0.04875000000000004
113 0.015 -3.673940397442059e-18 0.05250000000000003
114 0.015 -3.673940397442059e-18 0.05625000000000001
115 0.01448888739433603 0.003882285676537805 0.03
116 0.01299038105676658 0.007499999999999989 0.03
117 0.01060660171779823 0.0106066017177982 0.03
118 0.007500000000000021 0.01299038105676657 0.03
119 0.003882285676537837 0.01448888739433602 0.03
120 3.089450676423974e-17 0.015 0.03
121 -0.00388228567653778 0.01448888739433603 0.03
122 -0.007499999999999968 0.0129903810567666 0.03
123 -0.01060660171779818 0.01060660171779825 0.03
124 -0.01299038105676655 0.007500000000000056 0.03
125 -0.014488887394336 0.003882285676537893 0.03
126 -0.015 1.017570424149851e-16 0.03
127 -0.01448888739433605 -0.003882285676537696 0.03
128 -0.01299038105676665 -0.007499999999999881 0.03
129 -0.01060660171779832 -0.01060660171779811 0.03
130 -0.007500000000000145 -0.01299038105676649 0.03
131 -0.003882285676537964 -0.01448888739433598 0.03
132 -1.359822182531003e-16 -0.015 0.03
133 0.003882285676537714 -0.01448888739433605 0.03
134 0.00749999999999992 -0.01299038105676662 0.03
135 0.01060660171779816 -0.01060660171779826 0.03
136 0.01299038105676656 -0.007500000000000041 0.03
137 0.01448888739433602 -0.003882285676537823 0.03
138 0.07703338298782395 0.02158374169256197 0.11
139 0.06835355236371907 0.04156671600283473 0.11
140 0.05460425145749227 0.05846687714224998 0.11
141 0.03680520301849206 0.07103081747219007 0.11
142 0.01627648104421054 0.07832672701458586 0.11
143 -0.005459393069173884 0.07981350153524312 0.11
144 -0.02679036897367913 0.07538087376950556 0.11
145 -0.0461344257691896 0.06535759144083519 0.11
146 -0.0620569032563538 0.05048703554608396 0.11
147 -0.07337690412043639 0.03187208718769899 0.11
148 -0.07925487568290651 0.01089333192769931 0.11
149 -0.0792548756829064 -0.01089333192770017 0.11
150 -0.07337690412043604 -0.03187208718769978 0.11
151 -0.06205690325635325 -0.05048703554608464 0.11
152 -0.04613442576918891 -0.06535759144083569 0.11
153 -0.02679036897367831 -0.07538087376950585 0.11
154 -0.00545939306917307 -0.07981350153524318 0.11
155 0.01627648104421115 -0.07832672701458573 0.11
156 0.03680520301849257 -0.07103081747218981 0.11
157 0.05460425145749249 -0.05846687714224977 0.11
158 0.06835355236371919 -0.04156671600283451 0.11
159 0.07703338298782396 -0.02158374169256188 0.11
160 0.08 -1.959434878635765e-17 -0.05888888888888887
161 0.08 -1.959434878635765e-17 -0.03777777777777773
162 0.08 -1.959434878635765e-17 -0.01666666666666657
163 0.08 -1.959434878635765e-17 0.004444444444444556
164 0.08 -1.959434878635765e-17 0.02555555555555565
165 0.08 -1.959434878635765e-17 0.04666666666666673
166 0.08 -1.959434878635765e-17 0.06777777777777781
167 0.08 -1.959434878635765e-17 0.08888888888888892
168 0.07703338298782395 0.02158374169256197 -0.08
169 0.06835355236371907 0.04156671600283473 -0.08
170 0.05460425145749227 0.05846687714224998 -0.08
171 0.03680520301849206 0.07103081747219007 -0.08
172 0.01627648104421054 0.07832672701458586 -0.08
173 -0.005459393069173884 0.07981350153524312 -0.08
174 -0.02679036897367913 0.07538087376950556 -0.08
175 -0.0461344257691896 0.06535759144083519 -0.08
176 -0.0620569032563538 0.05048703554608396 -0.08
177 -0.07337690412043639 0.03187208718769899 -0.08
178 -0.07925487568290651 0.01089333192769931 -0.08
179 -0.0792548756829064 -0.01089333192770017 -0.08
180 -0.07337690412043604 -0.03187208718769978 -0.08
181 -0.06205690325635325 -0.05048703554608464 -0.08
182 -0.04613442576918891 -0.06535759144083569 -0.08
183 -0.02679036897367831 -0.07538087376950585 -0.08
184 -0.00545939306917307 -0.07981350153524318 -0.08
185 0.01627648104421115 -0.07832672701458573 -0.08
186 0.03680520301849257 -0.07103081747218981 -0.08
187 0.05460425145749249 -0.05846687714224977 -0.08
188 0.06835355236371919 -0.04156671600283451 -0.08
189 0.07703338298782396 -0.02158374169256188 -0.08
190 -0.01147322233830406 -0.02221182498526046 0.006270009869095739
191 -0.02468896372833752 0.003931293682852274 0.008533636787318291
192 0.003910861626005614 -0.02469220851487847 0.03323318535978856
193 -0.02227516310470923 -0.01134976249348861 0.03323318535978855
194 -0.01779130725016092 0.01756329656785341 0.0339278416530516
195 0.01134976249348868 0.02227516310470919 0.03323318535978854
196 -0.003287533534339984 0.02478289981540881 0.03161854007753484
197 0.02403999999999984 -0.006861370125565871 0.02
198 0.01134976249348853 -0.02227516310470927 0.006766814640211462
199 0.01767766952966369 0.01767766952966368 0.006766814640211461
200 0.00391086162600579 0.02469220851487844 0.00676681464021146
201 -0.01218090651369776 0.02183175477382786 0.007226040509841981
202 -0.01134976249348875 -0.02227516310470916 0.03323318535978857
203 -0.02465700793834724 0.00412697946787736 0.03412136840836812
204 -0.02227516310470923 -0.0113497624934886 0.00676681464021145
205 0.02404 0.006861370125565303 0.02
206 0.01767766952966361 -0.01767766952966377 0.03323318535978573
207 0.02209588102645434 0.0116949579590854 0.03246133524862502
208 0.02209541240520002 -0.0116958433062406 0.0075259762640231
209 0.02403999999999899 0.006861370125568846 0.012
210 0.02124458691236362 0.01317829757301862 0.01766604109768195
211 0.0212574715500411 0.01315750368797947 0.02392296332660273
212 0.01691210363281658 0.01841142989321775 0.01995511022779858
213 0.01689983059556199 0.01842269594389775 0.0278252182291642
214 0.01133926639832127 0.02228050801817369 0.02455252122503691
215 0.01134767278636831 0.02227622774020584 0.01571808626300224
216 0.004913985716442055 0.02451229781922951 0.01994016992323164
217 0.004897902038959948 0.02451551662961138 0.02777213207162399
218 -0.002744978106145121 0.02484884494693433 0.02443821600472258
219 -0.009281401812396346 0.02321326302777888 0.02651080847728515
220 -0.008201000532244648 0.02361659565369495 0.01923481129381158
221 -0.01466257795929776 0.02024867421802019 0.02216715607614169
222 -0.0137547482647292 0.02087598860351119 0.01483639930708732
223 -0.01922520350939216 0.01598097462680094 0.01708816747898589
224 -0.01847425778920092 0.01684344973982911 0.01088062177417447
225 -0.02250266046229998 0.01089175248150826 0.01249708575405507
226 -0.02296771077545508 0.009873411858878599 0.02023871827940343
227 -0.02468336278252274 0.003966308327194345 0.01540687051905546
228 -0.02483618178888845 0.002857284401190374 0.02314828717817575
229 -0.02478209952945183 -0.003293560825663259 0.01831653852347152
230 -0.02463548685474134 -0.004253561734578053 0.02655247683141846
231 -0.02281092990796748 -0.0102304191866118 0.02175946709864292
232 0.02403999999999715 -0.006861370125575309 0.028
233 0.02125175510629727 -0.01316673478513058 0.02399999999999162
234 0.02125015724614173 -0.01316931346024728 0.01605332968722385
235 0.01688473659498112 -0.01843653085908803 0.02002925238967587
236 0.01687782945306912 -0.01844285425179933 0.01213984392432043
237 0.01127743407399233 -0.02231186860634396 0.01609255786647712
238 0.004691563707027623 -0.02455583902013737 0.0124037096826845
239 0.004389591326032781 -0.02461161286853053 0.01928681948239797
240 -0.002279039206824749 -0.02489590288167424 0.01570185367775469
241 -0.002658578537646283 -0.02485823726974957 0.02269553947951925
242 -0.008963165658117844 -0.02333798751788888 0.01831376908817002
243 0.0112830822799814 -0.02230901284824521 0.02395094910916646
244 -0.01768638143927932 -0.01766895332452706 0.006716850916925209
245 -0.02022542485937478 -0.01469463130731032 0.01353362928042392
246 -0.01767766952966368 -0.01767766952966369 0.03323318535978859
247 -0.01469463130731189 -0.02022542485937365 0.02646637071957715
248 0.01133190018048649 -0.02228425539028599 0.0313152102397047
249 -0.02223470205458587 0.01142882428527952 0.03336072943251991
250 -0.01998686223023566 0.01501750106341196 0.02524684794941286
251 -0.003909915970860463 0.02469235827337701 0.006530726879931803
252 5.660176148963346e-05 0.02499993592472981 0.01280234945665445
253 -0.003680539420366067 -0.0247275884302358 0.007402662756891228
254 0.0113535746845741 0.0222732202853965 0.008625707760247486
255 -0.02469220851487845 -0.003910861626005747 0.006766814640211428
256 -0.004107603535013506 -0.02466024316991105 0.03398732346373087
257 -0.01433776183595591 -0.02047995570150009 0.01469960496543815
258 -0.02004557414255144 -0.01493904137806283 0.0268692512077439
259 -0.0177982240995137 -0.01755628716168341 0.02034695358367299
260 -0.02467553239022767 -0.004014735515426316 0.03197218639034122
261 0.0241048478099237 0.006629955660516636 0.02758748145133995
262 0.02410484780992074 -0.006629955660527422 0.0124125185486462
263 0.02217096399159452 0.01155198492396086 0.005222513693756536
264 0.02206621248999488 -0.01175084109101957 0.03212180286857758
265 -0.02357782678914088 -0.008311803889726382 0.01375136642105725
266 -0.01129638075391031 0.02230228198778512 0.03344110274430611
267 -0.008429134185015754 -0.02353613598046627 0.02572808659575292
268 0.004806330704939978 -0.02453363375357901 0.0257877624877003
269 -0.02356763384433231 0.008340661543275949 0.02627102794021143
270 -0.02227516310470919 0.01134976249348869 0.005633610883572198
271 -0.007700289362735208 0.02378456524156258 0.01347436248950654
272 0.00391086162600579 0.02469220851487844 0.03448410585766173
273 0.01767766952966369 0.01767766952966368 0.0345069025182074
274 0.01767766952966362 -0.01767766952966376 0.005476601430823637
275 0.01655936585007328 0.01872931933209071 0.01382610584501986
276 0.01648961660248907 -0.01879075688478027 0.02586090051108537
277 -0.007966405736486364 -0.02369675884254379 0.01253158202782021
278 0.003910861626005636 -0.02469220851487847 0.005043318801338782
279 0.006272903463231891 0.0242002207043856 0.01267487151486538
280 -0.01465445355876138 0.02025455481846259 0.02841532925363214
281 -0.02494207319820363 -0.001700877589790636 0.01264074382882589
282 0.02429508045497076 0.005894833813306194 0.005886469785547547
283 0.02425532907020811 -0.006056319979650812 0.03354226337573281
284 0.02435136374331314 0.005657833847052623 0.03424448989174379
285 0.02435136374331314 -0.005657833847052636 0.005755510108256243
286 -0.0009419371115645649 -0.02498224878744621 0.02814297796216751
287 -0.02297743197376992 -0.009850767477246423 0.0275802134187352
288 -0.02497755911411611 0.001059028186988136 0.02835131854054406
289 -0.01779768992174728 0.01755682868428508 0.0048599030053373
290 -0.01335204299060759 -0.0211358214407902 0.02106358424074094
291 -0.002836445495194021 0.02483857034840761 0.01834303964455606
292 0.02036911341048099 0.01449479971820803 0.01120246300307058
293 -0.002803054923734271 -0.017697792270444 0.04
294 0.002803054923734184 0.01769779227044399 0.04
295 -0.01817770504901593 0.002961832465794663 0.04
296 0.01792750125940969 -0.002664446001801007 0.04
297 -0.01180889975131055 0.01175433181753592 0.04
298 0.01267022036416995 -0.01267022036417005 0.04
299 -0.01267022036417007 -0.01267022036417 0.04
300 0.01317778257993506 0.0126049202118343 0.04
301 0.009017475561656881 -0.01769779227044401 0.04
302 0.004662877681850816 -0.01238522687850702 0.04
303 0.01098736290854455 -0.004878237742107632 0.04
304 0.002675802629899932 -0.004002045606632559 0.04
305 0.006473475374340801 0.00168882140128161 0.04
306 -0.000158239713445903 0.003401427140169585 0.04
307 -0.004830059310393455 -0.002189783146885962 0.04
308 -0.00736429611345696 0.004836606397028312 0.04
309 -0.002914332909896289 0.01196552071718052 0.04
310 -0.004533885539702945 -0.01050391874854688 0.04
311 0.005989209997280779 0.009921556498000266 0.04
312 -0.007880620543314265 0.01753302583444567 0.04
313 -0.01183327279571726 7.719905464050668e-05 0.04
314 -0.01767247788483262 -0.003559157587857281 0.04
315 -0.01064808848275089 -0.006656886864463385 0.04
316 -0.01755459253373436 0.008809221264149533 0.04
317 0.01960621444908965 0.003321279145424269 0.04
318 0.01711738445977533 -0.008526592054952865 0.04
319 0.008878020733527113 0.01684522134940622 0.04
320 -0.008485443398858592 -0.01697475382998267 0.04
321 0.003720544635829364 -0.01931144486535478 0.04
322 0.01795809621447226 0.00868226116027228 0.04
323 0.01343016222492012 0.00431704235398272 0.04
324 -0.01736384590094216 -0.009595852245345727 0.04
325 -0.01334775324864701 0.005687838199829787 0.04
326 -0.002710656128011146 0.01956135288868305 0.04
327 -0.002803054923734271 -0.017697792270444 0
328 0.002803054923734184 0.01769779227044399 0
329 -0.01817770504901593 0.002961832465794663 0
330 0.01792750125940969 -0.002664446001801007 0
331 -0.01180889975131055 0.01175433181753592 0
332 0.01267022036416995 -0.01267022036417005 0
333 -0.01267022036417007 -0.01267022036417 0
334 0.01317778257993506 0.0126049202118343 0
335 0.009017475561656881 -0.01769779227044401 0
336 0.004662877681850816 -0.01238522687850702 0
337 0.01098736290854455 -0.004878237742107632 0
338 0.002675802629899932 -0.004002045606632559 0
339 0.006473475374340801 0.00168882140128161 0
340 -0.000158239713445903 0.003401427140169585 0
341 -0.004830059310393455 -0.002189783146885962 0
342 -0.00736429611345696 0.004836606397028312 0
343 -0.002914332909896289 0.01196552071718052 0
344 -0.004533885539702945 -0.01050391874854688 0
345 0.005989209997280779 0.009921556498000266 0
346 -0.007880620543314265 0.01753302583444567 0
347 -0.01183327279571726 7.719905464050668e-05 0
348 -0.01767247788483262 -0.003559157587857281 0
349 -0.01064808848275089 -0.006656886864463385 0
350 -0.01755459253373436 0.008809221264149533 0
351 0.01960621444908965 0.003321279145424269 0
352 0.01711738445977533 -0.008526592054952865 0
353 0.008878020733527113 0.01684522134940622 0
354 -0.008485443398858592 -0.01697475382998267 0
355 0.003720544635829364 -0.01931144486535478 0
356 0.01795809621447226 0.00868226116027228 0
357 0.01343016222492012 0.00431704235398272 0
358 -0.01736384590094216 -0.009595852245345727 0
359 -0.01334775324864701 0.005687838199829787 0
360 -0.002710656128011146 0.01956135288868305 0
361 -0.003901806440322486 0.01961570560806462 0.03325280811644173
362 -0.01953622882699087 0.004282027933053542 0.03354673224574805
363 -0.01696428433911345 -0.0105930664522465 0.03196159050296932
364 -0.003901806440322661 -0.01961570560806459 0.0332528081164417
365 0.01879999999999901 0.006823488843695514 0.02
366 0.01879999999989253 -0.006823488843988887 0.02
367 0.003901806440322627 0.0196157056080646 0.006747191883558276
368 -0.01057733575192493 0.01697409698308133 0.008087041166653841
369 -0.01962367931644407 -0.003861503604214988 0.006892252418462071
370 0.003901806440322479 -0.01961570560806463 0.006747191883558303
371 -0.01056342302098869 -0.01698275872994863 0.008516655467986804
372 0.01111140466039208 0.01662939224605088 0.03325280811642647
373 0.01111140466039199 -0.01662939224605094 0.03325280811642644
374 0.01640823146501422 0.01143546851644117 0.007520769819482952
375 0.01640826265778773 -0.01143542375922504 0.007519867290791141
376 0.01879999999999821 -0.006823488843697728 0.028
377 0.01537607463515946 -0.01278969619709577 0.02400000000026237
378 0.0153715860334538 -0.0127950905747528 0.01607324996186228
379 0.0101776941615767 -0.01721669368820296 0.02004257820680525
380 0.01016567545770147 -0.01722379291818983 0.01217345308256335
381 0.003862969055700822 -0.01962339089134948 0.01575274205134907
382 0.003855589662829393 -0.01962484212297982 0.02409958232616751
383 -0.002947175133202022 -0.01978166218330087 0.02004874955919625
384 -0.002960906654159565 -0.01977961151755397 0.01223074660702793
385 -0.009379265157269077 -0.01766435351519094 0.01615158843312794
386 -0.009345191473106139 -0.01768240357900996 0.0222540309795073
387 -0.01472478946650106 -0.01353442186305789 0.02006739058844113
388 0.01880434890002449 0.006811494876027407 0.02797823515385356
389 0.0153801320035632 0.01278481675867789 0.02399995381084529
390 0.01537210797544361 0.01279446350541135 0.01607455539560583
391 0.01018075688458111 0.01721488278371521 0.02004790099982537
392 0.01016440050773973 0.017224545344312 0.01217884519751125
393 0.003820520917921201 0.01963169936392992 0.01612953801197604
394 0.003855958175732877 0.01962476971959159 0.02450930570946298
395 -0.002943685628512176 0.01978218175329736 0.02006269649583654
396 -0.002938810692736089 0.0197829065536958 0.01305696520982198
397 -0.009350245689623442 0.01767973148958089 0.01568731618004436
398 -0.01526136163935768 0.01292636224591984 0.01306967275025643
399 -0.01436514482740953 0.013915552956586 0.02049190310043027
400 -0.01841937458333567 0.007792729942630356 0.0177958197494187
401 -0.01882147486305933 0.006764028679657251 0.009511598339081943
402 -0.01997283354124898 0.00104207501340351 0.01349144233724156
403 -0.01993623537411448 0.001595781660474354 0.02202204820642676
404 -0.01928419949394988 -0.005302796420525994 0.02008402871361697
405 -0.0196015385821041 -0.003972365191455121 0.02776797051412467
406 -0.01660248420370401 -0.01115157021525484 0.006724657857005257
407 -0.01128056459927692 -0.01651511012138703 0.03397036170714695
408 -0.01664787468683846 0.01108369380718013 0.03263694495500753
409 -0.01107492535615462 0.01665370914708202 0.03332991732829574
410 -0.007575535394500045 0.01850976130280121 0.02699146724799302
411 0.003891198945802332 -0.0196178125886702 0.03127518670570938
412 0.003883573662736213 0.01961932352570041 0.03135761577500956
413 -0.01783955211313974 0.00904159169629837 0.02543136374782735
414 0.01888027751583727 -0.006598114952391296 0.0124085423129658
415 0.01888027751582788 0.006598114952418166 0.01240854231294153
416 -0.01847759065022577 -0.007653668647301711 0.01305765801233503
417 0.01638591206377811 0.01146742716733491 0.0321364990764369
418 0.01637899913823155 -0.01147729877757873 0.03213633316202472
419 -0.01445308824219668 -0.01382419040172973 0.0129594915698645
420 -0.01441822558571124 -0.01386054728210766 0.02712419636690968
421 -0.01634823425287948 0.01152107793624269 0.006020272332567886
422 -0.01388554923286186 0.01439414889813807 0.02642188924941873
423 -0.003901806440322661 -0.01961570560806459 0.005508852203115796
424 0.01111140466039208 0.01662939224605088 0.005494256690064473
425 0.01111140466039199 -0.01662939224605094 0.00549115945436735
426 -0.01961570560806464 -0.003901806440322419 0.03452761414147009
427 -0.002473122541299768 -0.01984650258599018 0.02618745345910767
428 0.009729646051910665 -0.0174738086204622 0.02585456693038366
429 0.009735985124013217 0.01747027743526111 0.02586922762689494
430 -0.003747327802550599 0.01964580195207697 0.006082298940335453
431 -0.001514368457726587 0.01994258479170247 0.02735736481995968
432 -0.01767361190207938 -0.009361807642473657 0.02545183890838799
433 -0.01987921825426708 0.002194693964819402 0.005775001358620254
434 0.0191373029233192 0.005810648571469311 0.03409385904090473
435 0.01909234911600786 -0.005956694153007514 0.03372887407430966
436 0.01919385388474395 -0.005621029536579536 0.005750586864411071
437 0.01919385388474396 0.005621029536579517 0.005750586864411021
438 -0.009919898329561283 0.01736650848994026 0.02139518088915071
439 -0.007926264252655212 -0.01836230745296135 0.02868274660731165
440 -0.01994183820990479 0.001524168235458692 0.02826581182327005
441 -0.006947476458134095 0.01098841531653784 0.04
442 0.00714328794560691 -0.0106906859037743 0.04
443 0.009376184295018422 0.007504045398337447 0.04
444 -0.0113123896996982 -0.007608643657053498 0.04
445 0.003136348225412065 0.01303303885019661 0.04
446 -0.01308017603117137 0.002387132439537478 0.04
447 0.01261052384440103 -0.002508389151787439 0.04
448 -0.002759656974682283 -0.01375223148542694 0.04
449 -0.01261052384440099 0.008426082645800803 0.04
450 -0.005535979009218222 0.003668562687939341 0.04
451 -0.008534032266283556 -0.002694901296564219 0.04
452 -0.001323460445018262 -0.003394625697190205 0.04
453 0.003423480819162032 0.002253814083411063 0.04
454 0.006191573872643265 -0.004222980852735359 0.04
455 -2.440826181370114e-05 0.00756963775421435 0.04
456 -0.01487512710237463 -0.00295884674700653 0.04
457 -0.008272203085008895 -0.01242316523512127 0.04
458 0.01417525306257226 0.002908522870546633 0.04
459 0.01261052384440101 -0.008426082645800737 0.04
460 -0.002297841028367473 0.01401373651423492 0.04
461 0.008577084197865827 0.01328920263062267 0.04
462 0.00295884674700658 -0.0148751271023746 0.04
463 0.00174836805604976 -0.008789639774950469 0.04
464 0.009155403178759401 0.001187002469554469 0.04
465 -0.005075562402440239 -0.008110534524384431 0.04
466 -0.006947476458134095 0.01098841531653784 0
467 0.00714328794560691 -0.0106906859037743 0
468 0.009376184295018422 0.007504045398337447 0
469 -0.0113123896996982 -0.007608643657053498 0
470 0.003136348225412065 0.01303303885019661 0
471 -0.01308017603117137 0.002387132439537478 0
472 0.01261052384440103 -0.002508389151787439 0
473 -0.002759656974682283 -0.01375223148542694 0
474 -0.01261052384440099 0.008426082645800803 0
475 -0.005535979009218222 0.003668562687939341 0
476 -0.008534032266283556 -0.002694901296564219 0
477 -0.001323460445018262 -0.003394625697190205 0
478 0.003423480819162032 0.002253814083411063 0
479 0.006191573872643265 -0.004222980852735359 0
480 -2.440826181370114e-05 0.00756963775421435 0
481 -0.01487512710237463 -0.00295884674700653 0
482 -0.008272203085008895 -0.01242316523512127 0
483 0.01417525306257226 0.002908522870546633 0
484 0.01261052384440101 -0.008426082645800737 0
485 -0.002297841028367473 0.01401373651423492 0
486 0.008577084197865827 0.01328920263062267 0
487 0.00295884674700658 -0.0148751271023746 0
488 0.00174836805604976 -0.008789639774950469 0
489 0.009155403178759401 0.001187002469554469 0
490 -0.005075562402440239 -0.008110534524384431 0
491 -0.01488796928023609 0.001829855379735374 0.05646922642355517
492 -0.01201609655815567 -0.008978497842349772 0.03349955664070704
493 -0.009131421435130778 0.01190030010436855 0.05661125896708911
494 0.002027277469504256 0.01486237350027378 0.05687410388069809
495 0.005672544547235245 -0.01388604473417941 0.05669772653152732
496 -0.005592614051780764 -0.01391842908046107 0.05658736659682362
497 -0.01385819298766927 0.005740251485476416 0.03338874103291087
498 -0.005633274214029255 0.01390202221367644 0.03328274535140225
499 0.005726707010021734 0.01386379554167501 0.03334781204884042
500 -0.002456228393196744 -0.01479753162120136 0.03357490615445254
501 0.009131421435130745 -0.01190030010436858 0.0333887410329109
502 0.01464843750000001 0.003228510307958391 0.04687500000000006
503 0.01464826360222995 -0.00322929921803247 0.04687399223806871
504 0.01190030010436854 0.009131421435130798 0.0333887410329109
505 -0.01375720504041237 -0.005978236318183844 0.05613685011032582
506 -0.01488176043947274 -0.00187968247907568 0.03312921000783865
507 0.009131421435130828 0.01190030010436851 0.05661125896708909
508 0.01190030010436849 -0.009131421435130856 0.05661125896708899
509 0.01464843749999828 -0.003228510307966208 0.03937500000000003
510 0.0146484375 0.003228510307958426 0.03937500000000003
511 0.01381907734873772 0.005833789611359326 0.05628655753496803
512 0.0146484375 -0.003228510307958428 0.05437500000000002
513 0.01382434484672179 -0.005821296209515252 0.03372988852407707
514 0.01464860958698449 0.003227729413706494 0.05062362313361438
515 0.01359779038852944 0.006332463702984505 0.04875000648375926
516 0.01360083997752704 0.006325911152213736 0.04496149968115202
517 0.01188480543413275 0.009151579087392983 0.04686342593542828
518 0.01188941063819781 0.009145595370248382 0.04302424675852017
519 0.009579878605742645 0.01154235356845537 0.04491575263358399
520 0.00958061982039902 0.01154173833774521 0.04106978123626137
521 0.006770918439295635 0.0133848669581885 0.0430107286071325
522 0.006764681821432268 0.01338802001248817 0.04686778524045836
523 0.003614765475334557 0.01455793496888653 0.04493757158627348
524 0.003620437263307506 0.01455652547905765 0.04105217195647486
525 0.0002688168518471021 0.01499759105657182 0.04297508703158582
526 0.000266631247835174 0.01499763007203731 0.04687460288199845
527 -0.003097541121669259 0.01467669032853007 0.04492328017652297
528 -0.003099432918616371 0.01467629093412219 0.04882741694885227
529 -0.006309337484522306 0.01360853631021359 0.04687183368963827
530 -0.006307130276026289 0.01360955942274519 0.04296453736358916
531 -0.009200150271431392 0.01184724588176851 0.04491643399744486
532 -0.009197760539130802 0.01184910127667108 0.04100521992388837
533 -0.01162320650592908 0.009481617505495985 0.0429579103505239
534 -0.01162485727424563 0.009479593522584102 0.04686954747417681
535 -0.01345542018230293 0.006629605396829824 0.04491142452969994
536 -0.01345649833922071 0.006627416724980429 0.04882549623490079
537 -0.0146007135266454 0.003437901178456702 0.04686583594648146
538 -0.01460005967674278 0.003440676886246308 0.04295167453224287
539 -0.01499982336841329 7.279365633511255e-05 0.04490630118136267
540 -0.01499983657928939 7.001853048920502e-05 0.04882092974752474
541 -0.01463268727138498 -0.003299160986955334 0.0468612272691436
542 -0.01463325808749032 -0.003296628238806902 0.04294534505926377
543 -0.01351852651092055 -0.006499956997822241 0.04490123374393919
544 -0.01351623068662445 -0.006504729665862479 0.0488135861494346
545 -0.01171224091021116 -0.009371414667016719 0.04685634096994576
546 -0.01171410749758307 -0.009369081360254491 0.04294089384850875
547 -0.009309164969356914 -0.01176177909898405 0.04489604619101885
548 -0.009311524504825731 -0.01175991119847552 0.04098047323368915
549 -0.006430701924126305 -0.01355160775565166 0.04293567006948697
550 -0.006428021316962793 -0.01355287947074982 0.04685138864826503
551 -0.003220908449747115 -0.0146501108787049 0.04489091669070223
552 -0.003218011679668552 -0.01465074744951659 0.04880666661494606
553 0.00015366471748716 -0.01499921288450162 0.0468457695614188
554 0.000150682275568949 -0.01499924314263321 0.0429304898180698
555 0.003519496506260343 -0.0145812600395995 0.0448405353100127
556 0.00351323638799204 -0.01458276963001503 0.04095520565370653
557 0.006686477886601445 -0.01342724891673607 0.04293238193913751
558 0.006692289022234105 -0.01342435352793142 0.04679370758013936
559 0.009508152551200261 -0.01160151003374578 0.04488097235231991
560 -0.01171047399107178 -0.009373622507037037 0.05077183545269585
561 0.009510949347648949 -0.01159921732301176 0.04874107124183735
562 0.000278294062021854 0.01499741819164363 0.03908068683214232
563 0.0001489602670697023 -0.01499926034305807 0.05020345662548499
564 0.009507935695709948 -0.01160168775679834 0.04103904855525341
565 0.01184011670411465 -0.009209323342838239 0.04294938328046096
566 -0.006433419917339941 -0.01355031764082207 0.03902001444174844
567 0.01188171068864653 0.009155596709734591 0.05067133185413504
568 -0.0116211397531996 0.009484150506851094 0.03904568034080102
569 0.01183776937198483 -0.009212340435291016 0.03907115985225856
570 -0.01162574504263188 0.009478504745144152 0.05078348276318737
571 -0.006311337518531035 0.01360760885413681 0.05077966818736944
572 -0.00309931991296147 0.01467631479892417 0.05273482657554333
573 -0.01345750856650376 0.006625365135785183 0.05273889636958597
574 -0.006425343247719636 -0.01355414933328476 0.05076700822695946
575 0.006698679775074437 -0.01342116571952707 0.05069152705356517
576 0.0001416634387770186 -0.01499933103408661 0.03958140861429776
577 0.00351434647571419 -0.01458250214636141 0.03706665103959014
578 0.01190913799669937 0.00911989211425065 0.03915970642582487
579 0.009597719625991579 0.01152752262981323 0.03719893000182788
580 -0.006302484514624406 0.01361171146266771 0.03905289031997836
581 -0.01171603588943996 -0.009366669794401566 0.03902527542101555
582 0.009523655532557117 -0.01158878705029971 0.05262275550316128
583 0.01185834689047096 -0.009185837415568476 0.05066777941536395
584 0.003634266431012378 0.01455307897004674 0.03713423785393487
585 0.0002540912597393137 0.01499784776665386 0.0361339329480939
586 0.01184317890699072 -0.009205385020574101 0.04677656961732566
587 0.01357906833168368 -0.006372511533411727 0.04485248420982691
588 -0.01351610661886107 -0.006504987460985598 0.05273197896656417
589 -0.01171540398988885 -0.009367460133552547 0.05393821484548479
590 -0.01466974304070563 -0.003130277802315431 0.05347518465898297
591 -0.01163438427650551 0.009467898526420816 0.05389429126318483
592 -0.003222941456141631 -0.01464966376304534 0.04097676609676784
593 -0.009307545924799999 -0.01176306035255022 0.04881006937271735
594 -0.009303945106278844 -0.01176590861172013 0.05272565322108688
595 -0.01351945506697736 -0.006498025445624256 0.04098732833917641
596 -0.01463367980154461 -0.003294755752080169 0.03903094432451707
597 -0.01499984670941773 6.781367096694858e-05 0.04117540997091833
598 -0.01459932234502726 0.003443804156160433 0.03903685895627753
599 -0.01345433005063538 0.006631817464961597 0.04099861734951202
600 -0.01460107705742689 0.003436356902750657 0.05077844615893001
601 0.006681349838621511 -0.01342980135124687 0.0390266228226883
602 -0.003091916741526739 0.01467787623818469 0.04102153164969304
603 -0.009200763037950732 0.01184677000365414 0.04881473815004866
604 0.0002594112573591313 0.01499775669223752 0.05008913210588872
605 -0.003083485707578552 0.01467964971963428 0.03711301129908564
606 0.003632128809096566 0.01455361262072516 0.04800376246192491
607 0.006777626160614132 0.01338147165400573 0.05076014025859113
608 0.006783083298266149 0.01337870625168154 0.03911518712860929
609 0.01189482797256956 0.009138548435226285 0.05661636191514288
610 -0.009131421435130939 -0.01190030010436843 0.05662697334955757
611 -0.003232569618278799 -0.01464754223967218 0.03707281531814424
612 -0.006421666806786211 -0.01355589153920243 0.03597519837573067
613 -0.009292714603740104 -0.01177478047750511 0.03792316511490043
614 0.01464808478922224 -0.003230110216038443 0.04312109023731987
615 0.01464860958698448 0.003227729413706549 0.04312362313361438
616 0.0146484375000003 0.003228510307957033 0.03562500000000002
617 0.01464818015745906 -0.003229677704450202 0.05062552886993525
618 0.01357931442867074 -0.006371987103509753 0.04870333085755845
619 0.003552837653608221 -0.01457317208459104 0.04814500657993236
620 0.01191082321745853 -0.009117691060923857 0.03337891611906207
621 0.009131421435130826 0.01190030010436851 0.03335399773602733
622 -0.009192470836745348 0.01185320547006531 0.05271818802973631
623 0.009141553432801241 -0.01189251869181797 0.05661851438589101
624 0.005682196212008488 0.01388209804778213 0.05677820096324875
625 0.003890874097622228 0.01448658340522196 0.05323024190756048
626 0.009580273385212284 0.01154202589949412 0.04875608937230262
627 0.002018585240996858 -0.01486355656042085 0.05687543167882839
628 0.003882285676537933 -0.01448888739433599 0.05322252234630006
629 -0.001957889065027985 -0.01487167342329181 0.05661126115411406
630 0.001991021609639884 -0.01486727389099787 0.0333826127457969
631 0.005620956544179217 -0.01390700713771474 0.03322383443266699
632 -0.01385819298766935 -0.00574025148547624 0.03338874103291087
633 -0.001957892883300744 0.01487167292060716 0.05661125896708911
634 -0.005586986261206068 0.01392068908197775 0.05654457743333279
635 -0.009162128429309734 0.01187667473011004 0.03435324207325832
636 -0.01199893778754486 0.009001416109181273 0.03353183933155932
637 -0.01488060217665963 0.001888830024113503 0.03307871855478781
638 -0.015 -8.476042572204118e-17 0.03677748206582188
639 -0.01381293099232632 0.005848327743999208 0.05643273706560439
640 0.01358916899487734 -0.006350943711659261 0.05154306228230861
641 -0.01344174339745953 0.006657291824522432 0.03712781067088605
642 0.01356493362358364 -0.006402544477609666 0.04108072311144237
643 0.01364745053576782 -0.006224716368941702 0.03804703410331236
644 0.009522736352265231 -0.01158954237082924 0.03717828162702963
645 -0.01350443577103717 -0.006529181763891375 0.03713978486104684
646 -0.003215116457699862 -0.01465138308022241 0.05272233699015381
647 0.01360629276029292 0.006314174318246249 0.05179837415762717
648 0.01359699844328712 0.006334163980609258 0.04120027975468288
649 -0.009222263235832268 0.01183004060893354 0.03770860815383882
650 0.01364103671440492 0.006238759280198027 0.03829276251522015
651 0.009580493594665588 0.01154184311462305 0.05258273948053388
652 -0.009244128742387187 -0.01181296253249671 0.033298409192629
653 0.01377448116536158 -0.005938322037840236 0.05673354308492468
654 0.01377448116535878 0.005938322037846746 0.03326645691507179
655 0.01466550297977686 0.003150082911632038 0.05423414152896631
656 0.01468556782453036 -0.003055175554877109 0.03562500000000002
657 -0.01499779180285622 0.0002573733439556394 0.052412236432897
658 -0.01460089747854804 -0.003437119843841543 0.05012732743436406
659 -0.002446737674426931 0.01479910384964373 0.03310721293569879
660 -0.01487443934442133 -0.001936763844440187 0.05684406709030432
661 4.767958400521204e-10 -0.01499999999999999 0.05401721543094291
662 2.42331686164888e-17 0.015 0.05402302295617391
663 -0.0145226419370509 0.003754047305004338 0.05357737664046755
664 0.002658842364137599 0.0147624712457863 0.03298410313305916
665 0.007196359583403348 0.01316101852997551 0.0538885720434336
666 -0.01448888739433596 0.003882285676538047 0.03588631483825067
667 0.007092444962402362 -0.01321730776123842 0.05382318627791403
668 -2.82531657503621e-16 -0.015 0.03586023372813198
669 -0.01451042673439022 -0.003800988816859849 0.03592172067532964
670 0.007210275118839347 0.0131534000437395 0.0360409247782652
671 -0.00681713379661171 -0.0133613879069165 0.05357426422358408
672 0.007172599000746091 -0.01317398282883715 0.03601224607178868
673 0.01473194756224264 0.002823069432963541 0.0572090293949877
674 0.01218165233623996 0.008752562273927532 0.05364363602545154
675 0.01215642058893337 -0.008787572956451443 0.05363272687038161
676 -0.006717049774408373 0.01341198129763535 0.0535766023737128
677 -0.01190091365704596 0.009130621782087836 0.05769378496784554
678 -0.01186601789741843 -0.009175926070874025 0.05707470623520174
679 0.0147455308841775 -0.002751239528606608 0.05728499572069284
680 0.01474553088417766 0.002751239528605756 0.03271500427930758
681 0.0147480696151634 -0.002737597966519937 0.03269999345423036
682 -0.006882378952550377 0.0133278978069871 0.03611899802308764
683 0.01229577034274946 0.008591509278256226 0.03627407018061102
684 -0.005841963041781377 -0.01381562404737696 0.03260874643165242
685 0.01228650702183452 -0.008604751315547183 0.03623778626730151
686 -0.01130090975849147 0.009863540876907863 0.03637160115549332
687 -0.01137749434209949 -0.009775102173148576 0.03635220885503681
688 -0.01138228567653784 -0.001498506337569362 0.06
689 0.01121054934423173 0.001354898989207917 0.06
690 -0.001498506337569422 0.01138228567653782 0.06
691 0.001498506337569352 -0.01138228567653781 0.06
692 -0.006988887394336131 -0.009108095380228708 0.06
693 -0.009244107951875382 0.006994680037134108 0.06
694 0.007108252862915104 0.009129179822516615 0.06
695 0.009469311892276924 -0.007111967024575516 0.06
696 0.004714697098026901 -0.01138228567653782 0.06
697 0.002927447004555681 -0.008130399860642658 0.06
698 -0.0006384146728106645 -0.008158685253220012 0.06
699 0.0009478445122351727 -0.004743288123228071 0.06
700 -0.002803021163485966 -0.004893342664876882 0.06
701 -0.001193958250014096 -0.001460226959145893 0.06
702 0.002692820760403444 -0.001220323225838427 0.06
703 0.0005189441467114324 0.002040788881622901 0.06
704 -0.00338794142065076 0.001784439959929385 0.06
705 0.00432376041846752 0.002293750333501362 0.06
706 0.002197620848639908 0.005282347607395853 0.06
707 0.006931388458498462 -0.000903966958366967 0.06
708 0.004612398921055355 -0.004627835786072794 0.06
709 -0.00496469487281764 -0.001770791397078813 0.06
710 -0.007618318513407904 0.001082468642122508 0.06
711 -0.005660279853853447 0.00511227237230818 0.06
712 -0.001676060990243012 0.005151980429993785 0.06
713 -0.006703593590251845 -0.005615474261687793 0.06
714 -0.003379455202250899 0.008513144090075059 0.06
715 0.005867889700011572 0.005605128909621299 0.06
716 0.008136052941213962 0.002920113550032424 0.06
717 0.01094774809235545 -0.002284429707621381 0.06
718 0.009404553982013591 0.0066730033177645 0.06
719 -0.001997863249677034 -0.01140067916954314 0.06
720 0.0002979545151686574 0.008295658547820085 0.06
721 0.001960753856815423 0.01144010320466301 0.06
722 -0.006824808204491177 0.009286548746368384 0.06
723 0.006556977019906351 -0.008497321534577645 0.06
724 -0.00820076742736984 -0.002600964745349005 0.06
725 -0.01131600029136248 0.002165439740892715 0.06
726 -0.01055902576676418 -0.004841026010564567 0.06
727 -0.00399417989813453 -0.008228799537436427 0.06
728 0.00382511690648042 0.0084071527457108 0.06
729 -0.004600266346169658 0.01138081048176287 0.06
730 0.00799699157393154 -0.004358352772853461 0.06
731 -0.004934871921078909 -0.01129303219061153 0.06
732 0.004917075626378031 0.01130375882594351 0.06
733 -0.008800973885470352 0.004090084510186317 0.06
734 -0.01137147050811658 0.004985652253390713 0.06
735 -0.009578779480761917 -0.007737350772760066 0.06
736 0.01147729833293543 0.004373457335235848 0.06
737 0.01124226848458404 -0.005148666813730104 0.06
738 -0.01060660171779821 0.004393398282201847 0.03
739 0.01060660171779819 -0.004393398282201802 0.03
740 -0.004393398282201902 -0.01060660171779817 0.03
741 0.004431897727899956 0.01038607001708762 0.03
742 -0.00435197521055816 0.01072051746706626 0.03
743 -0.01067962457943973 -0.004508292303082716 0.03
744 0.004393398282201717 -0.01060660171779823 0.03
745 0.01089380006029809 0.004644681142782194 0.03
746 0.01221469709802697 -0.001608095380228772 0.03
747 0.008504856324519855 -0.001529956456143393 0.03
748 0.006746421354364695 -0.004632225951412721 0.03
749 0.004581730268302119 -0.00155078663518066 0.03
750 0.002836248475462658 -0.004874158867362663 0.03
751 0.0006676145169042013 -0.001764111655143131 0.03
752 0.002403241294605972 0.001721889573428342 0.03
753 -0.001507902941890557 0.001469813255008823 0.03
754 -0.003239341047152313 -0.002041823356852383 0.03
755 0.0001754341504825378 0.004891361529021223 0.03
756 -0.003475836795304816 0.004544369286506427 0.03
757 0.004248552579376772 0.005550775009374481 0.03
758 0.006314022815809454 0.001680536744985519 0.03
759 -0.0009487971017356207 -0.005184947580437811 0.03
760 -0.004746604599582097 -0.006056423045671264 0.03
761 -0.007257497672410955 -0.00234580995981225 0.03
762 -0.005299776427296407 0.001124478819154362 0.03
763 0.001511346569793398 -0.008613219476648497 0.03
764 -0.009062326649207818 0.001329877988936799 0.03
765 -0.001920239177212855 0.007884306001625742 0.03
766 0.001539133954343718 0.008506085308642632 0.03
767 0.007452248206137707 0.008338813108401762 0.03
768 -0.001076713401715112 0.01148108431856813 0.03
769 0.008874346156381958 -0.007430539912279158 0.03
770 -0.007035273785949395 0.0044058654532184 0.03
771 -0.008927043068746216 0.007418114252901999 0.03
772 -0.01145479123008315 -0.001267182907861585 0.03
773 0.01063738482302199 0.001429847903980915 0.03
774 -0.001847882169864952 -0.008402555295304715 0.03
775 -0.007533325971658754 -0.00871722385110562 0.03
776 -0.001087061377851938 -0.0115648975585145 0.03
777 0.005129259493002348 -0.007573461027787816 0.03
778 -0.005368249398041445 0.007516224786312807 0.03
779 -0.01215620416594769 0.001706457720923937 0.03
780 0.00777294000691124 0.004746421470448113 0.03
781 0.007312616802285602 -0.009920240543382568 0.03
782 -0.007330804488330617 0.009910191817744423 0.03
783 -0.007942604032181765 -0.005576824707767549 0.03
784 -0.01000343675992981 -0.007355156211719083 0.03
785 0.00191135258682045 -0.01216414175396895 0.03
786 0.001951124011786065 0.01212636059075279 0.03
787 0.01008001049860417 0.007161756696949931 0.03
788 0.07791087962955084 -0.01816300733220245 0.01500000000000011
789 0.07790869519630832 0.01817237499086803 0.01500878710505089
790 0.005459393069174245 -0.07981350153524309 0.09114691454394806
791 -0.06878587797300199 0.04084731314888752 0.09022814590335261
792 -0.07703338298782382 -0.0215837416925624 0.0911469145439479
793 -0.01627648104421094 0.07832672701458578 -0.06114691454394788
794 -0.03680520301849165 -0.0710308174721903 -0.06114691454394786
795 -0.07662989431825178 0.02297518872117407 -0.05865289558942977
796 0.008597287124617544 0.07953670004530541 0.09011206630968228
797 0.02711175933441687 -0.0752658787618444 -0.06248929525507346
798 0.04639268414564408 0.06517452614144965 -0.06241846744462309
799 0.06205690325635355 0.05048703554608427 0.09114691454394776
800 0.06269372436919265 -0.04969403308969498 -0.05530508761009027
801 0.0626980172466203 -0.04968861673806692 0.08570151642371816
802 -0.03680520301849165 -0.0710308174721903 0.09114691454394762
803 -0.07722565573231176 -0.02088535603513773 -0.06017940862692245
804 -0.03598912549476892 0.0714477630589074 0.09098734715276356
805 -0.05460425145749255 0.05846687714224972 -0.06114691454394759
806 0.0779108796296292 0.01816300733186632 -0.02722222222222215
807 0.07791087962962964 0.01816300733186445 0.05722222222222227
808 0.07791087962962953 -0.0181630073318649 -0.02722222222222215
809 0.07789531190872634 -0.01822965667922018 0.05865141808463341
810 0.07324399780883534 0.03217633889955979 -0.06238441531954876
811 0.07790913624732637 0.01817048401104209 -0.006108213976603424
812 0.07171941358449173 0.03544468528703033 0.004538855851746876
813 0.07168947565843835 0.03550519792675681 0.02571504599030512
814 0.06161869449376373 0.05102094166990856 0.01510574523725784
815 0.06174253006784244 0.05087101316881326 -0.005253823013984485
816 0.04817894028040053 0.06386540310260008 0.004406497158031597
817 0.04818147041347864 0.06386349433592781 0.02588816258709445
818 0.03207579092313195 0.07328808659431305 0.01515278207193047
819 0.03207690444413469 0.07328759923262497 -0.006421150250445262
820 0.01416763341664634 0.0787354949395222 0.00437156473334277
821 0.01418145485161322 0.07873300666360745 0.02599935250729522
822 -0.004551160347463448 0.07987043845811588 0.01521736537730711
823 -0.00452804561666902 0.07987175222125383 0.03689164345624342
824 -0.02305613450064497 0.07660557852981838 0.02607910576860464
825 -0.02303462240759819 0.07661204977377499 0.004418694760536745
826 -0.04031868199517057 0.06909706131357765 0.0152263777920346
827 -0.04030364856735972 0.06910583124569708 0.03695665355906734
828 -0.05534606850382205 0.05776515126934436 0.02610758736815784
829 -0.05535784576044551 0.05775386491623505 0.004364500828285961
830 -0.06732332432555593 0.04321539079721493 0.01524028764871643
831 -0.06733098293192566 0.04320345747067861 -0.006512832792740786
832 -0.07556827677700194 0.02625710465672921 0.004377697104073347
833 -0.07556182594568366 0.02627566287944432 0.02613608959669873
834 -0.07961279737028419 0.007861456282271782 0.01524905392527835
835 -0.07960462275372336 0.007943804896734824 -0.005875555901051113
836 -0.07923854748728112 -0.01101147547360908 0.004398543974398372
837 -0.07924033438258012 -0.01099860931831345 0.02617229113112603
838 -0.07445055169339909 -0.02927653245431415 0.01539418614596423
839 -0.07445263408184198 -0.02927123636396903 -0.00644077628376874
840 -0.06554057592085799 -0.04587409844304572 0.004424930479284148
841 -0.06551020950823877 -0.04591745256638986 0.02629325286381969
842 -0.05297660560986188 -0.05994563585497405 0.0153313376266271
843 -0.052943481249359 -0.05997489302365425 -0.006433353007794892
844 -0.03746324367682349 -0.07068596305640142 0.004458073924300907
845 -0.03742718299180597 -0.07070506327907408 0.02619349850429686
846 -0.019881144271962 -0.07749025811311659 0.0153066456193995
847 -0.0198942943548361 -0.0774868830972258 -0.006404380558735642
848 -0.001258489353020992 -0.07999010066594699 0.004469138448069426
849 -0.001260224651269682 -0.07999007334556164 0.02614267774157196
850 0.0174130409449021 -0.07808191855385703 0.01534809716844193
851 0.01740925784241905 -0.07808276212696481 0.03694990309539754
852 0.03506400813706149 -0.07190629550577672 0.02616063640925451
853 0.03507696920306964 -0.07189997379364546 0.004589366428662048
854 0.03505622269681195 -0.07191009143528833 0.0477562560004957
855 0.0507820355260637 -0.06181573317392267 0.0369534332173055
856 0.01416596851174299 0.07873579450367099 -0.01726110727058851
857 -0.001238389231691898 -0.07999041437641656 -0.0172264029887766
858 0.01424438982481425 0.07872164479048141 0.04770525616650333
859 -0.001257899201596185 -0.07999010994865943 0.04781530418581854
860 -0.05533244683930689 0.05777819940752116 0.0478559321987055
861 -0.05535868460014329 0.05775306086556675 -0.01739908097273528
862 -0.06733551997838842 0.04319638583539199 -0.02827953639577853
863 -0.02004241629169527 -0.07744870269533498 -0.0261525140860864
864 -0.004686139297969568 0.0798626326793703 0.05706085782739097
865 0.03224680568445582 0.073213001052743 -0.02531049320572188
866 0.01417947916192423 0.07873336250089003 -0.03892183183690136
867 -0.004808901982128247 0.07985533458527541 -0.0262398320598069
868 0.05091102944368607 -0.06170953800656857 0.05670447885873765
869 0.03504887276101713 -0.07191367406955392 0.06935540842209979
870 -0.001216514174164484 -0.0799907500481403 -0.03893696497315909
871 0.01730695545409188 -0.0781055010412844 -0.02632654391475523
872 0.06367170231522404 -0.04843463971458335 0.04772208061145496
873 0.06371927881882139 -0.04837203227908974 0.02627920774553975
874 -0.04043440363019211 0.06902940679935406 0.056612660500017
875 -0.05501349662150538 0.05808196957297176 0.06774834588068281
876 -0.06717663129922526 0.04344306857587237 0.05555511345004994
877 0.07305777477914648 -0.0325969560591094 0.03699171784987361
878 0.01430973832117477 0.07870979220643072 0.06941526578620245
879 0.0322535910491181 0.07321001205051293 0.0585086058136111
880 0.03203207017417756 0.07330720619663912 0.07727050008805732
881 0.04847317047671693 0.0636423738081409 0.0693051848857802
882 0.06356030014565085 -0.04858073944882661 0.06700182258236688
883 -0.05535914464626943 0.05775261988891429 -0.0391649550120988
884 -0.04046162205073138 0.06901345623154784 -0.02624280211580181
885 -0.06750833867270047 0.04292579888193083 -0.04684969395041731
886 -0.07565351018089957 0.02601050551812722 -0.03703069250027539
887 -0.07967904637465789 0.007158880417014762 -0.04269618156473488
888 0.04833066319799418 0.06375066270119904 0.04770980655975159
889 0.06198934729587102 0.05056995967797373 0.05606962473597478
890 0.05078421364765512 -0.06181394376829002 0.0153854997053422
891 0.05078435903637318 -0.0618138243216252 -0.006192056469976531
892 0.06371647140301671 -0.04837573019550767 0.004579533549604622
893 0.0636594121897214 -0.04845079194047452 -0.0169723974075668
894 0.05079423837402674 -0.06180570643559177 -0.0277132445166204
895 0.073085023282147 -0.03253581675397179 -0.006172951965682488
896 0.06357437443600741 -0.04856231991030007 -0.03630189267928794
897 0.01736545626829929 -0.07809251518931751 -0.005579885561037182
898 -0.04037915936539986 0.06906173679356493 -0.005615510364209
899 -0.06726026233184546 0.04331347493622892 0.03552771662412858
900 -0.07558681852076671 0.02620368038861486 -0.01627016409888499
901 -0.02302852189523268 0.0766138837243015 0.04763343363187712
902 -0.004660012262110801 0.07986416146005026 -0.005551653190256065
903 -0.03744909981114834 -0.07069345742948671 -0.01722526691885587
904 -0.05289899653850283 -0.0600141330456374 -0.02823243334122385
905 -0.0655256498349715 -0.04589541604239687 -0.01735773646196971
906 -0.06547995632645828 -0.04596058441191885 -0.03916159470804112
907 -0.05310342519600228 -0.05983332041975099 -0.04744609929533837
908 -0.07445354751810833 -0.02926891289352552 -0.02826112520382743
909 -0.07920971556376599 -0.01121699426349537 -0.01612093754729199
910 0.03212126910504844 0.07326816546823771 0.03678941728430227
911 -0.07556193224319353 0.02627535719405218 0.04767000645185245
912 -0.07555655642484099 0.02629081172614909 0.06964286198319282
913 -0.07961043621151032 0.007885331078214044 0.05873484049552884
914 -0.0796094315194214 0.007895467886994089 0.07659475937225953
915 -0.07924186364511152 -0.01098758599736791 0.06960248723691508
916 -0.07960967102345173 0.007893052612126056 0.03699468975503029
917 -0.01987138457513015 -0.07749276143658375 0.03701502740902089
918 -0.03737062667758696 -0.07073497198504022 0.04797616569072986
919 -0.05293101864706738 -0.05998589221628537 0.03718743787421204
920 -0.05284059430055574 -0.06006556079788214 0.05896288206787388
921 -0.06546656133666709 -0.04597966231664177 0.04817670078084559
922 -0.06539599314925984 -0.04607997482662029 0.06998769831485767
923 -0.06707343330501106 -0.04360223095987444 0.08834865890706554
924 -0.07442420281230411 -0.0293434496225823 0.03724341622234309
925 0.03568733989722175 -0.07159897884090363 -0.0154423548484465
926 -0.05295168566775692 -0.05996764948656121 0.07789999773823765
927 0.07801055090086476 -0.01773002955845225 -0.04468196959388985
928 0.07791201934007649 0.01815811780861518 0.07832469433385307
929 0.07798035155228511 -0.01786238426924089 0.07602026055939272
930 0.0779108796296244 0.01816300733188693 0.03611111111111119
931 0.01726374343064098 -0.07811506360978655 0.0572888251501097
932 -0.001198995770532564 -0.07999101455252487 0.069500035813387
933 -0.07923968829925478 -0.01100326307224118 0.04791923622679557
934 0.06208331410242653 0.05045455489903212 -0.06142745447072633
935 0.05486921752270061 0.05821828723388008 -0.04686989174590197
936 0.06837503939461571 0.04153136149688269 -0.04720090442723181
937 -0.0547504599993117 0.05832998482653471 0.08501658292426091
938 -0.02303676520275794 0.07661140547590158 -0.0169946015918484
939 -0.03736202326911332 -0.07073951665963117 -0.03910302587352579
940 0.06171953639855727 0.05089890791310914 0.03555742543853276
941 0.04611377645251168 -0.06537216243392734 -0.06116124557324062
942 0.0368049683038572 -0.07103093909101911 -0.04236725613962937
943 -0.07433393223425104 -0.02957138005899919 0.05736640444862533
944 0.04802051644093495 0.06398460752982624 -0.0134676572856352
945 0.04562944129600782 -0.065711141270063 0.09060838413142204
946 0.02614002667552097 0.07560885533720936 -0.06183710659602906
947 0.027205166784444 -0.07523216665915308 0.09054064225145768
948 0.005484606555344145 -0.07981177288428742 -0.06116124557324064
949 -0.01532056657203805 -0.07851929851897398 -0.06045507427091186
950 0.005913675122520012 0.07978112838601174 -0.06029664873521853
951 0.0718280914164578 0.03522393055110379 -0.01409450524416188
952 -0.03735136515372851 -0.07074514485922576 0.06955702216727029
953 -0.01535882882876562 -0.07851182316701528 0.09084026364188731
954 -0.03596613502752244 0.07145933900605311 -0.0606688496190846
955 -0.01627648104421092 0.07832672701458579 0.09114691454394787
956 -0.06803315643455821 -0.04208906776766304 -0.06012847332953541
957 -0.02003088562058654 -0.07745168572248753 0.05662004652519458
958 0.07178947940936473 0.03530255863435963 0.04621122364693929
959 -0.02298910590897938 0.07662572028702719 0.06953857334942391
960 -0.02299387048561675 0.07662429066615027 -0.03890796514167298
961 0.07222994931626602 0.03439235993312533 0.06447316037018709
962 0.07290933735960611 -0.03292762557159483 -0.06180250184983171
963 0.0729093373595856 0.03292762557164024 0.09180250184985601
964 0.07290748708770413 -0.03293172219238247 0.09180505812527558
965 0.07784515598248208 0.01844265951708255 -0.04284411473833636
966 0.04707159132815978 0.06468589714794649 0.09180168177957994
967 -0.07959836084787708 0.008006306909627418 -0.0233463219831005
968 0.06205420983626821 0.05049034602373402 -0.02600100018848835
969 -0.0790838632642714 -0.01207238879418747 -0.037323500511544
970 -0.0765511903279031 0.02323607667789803 0.09034009194431937
971 -0.07999985913587032 -0.0001501274155679867 -0.06143731165621829
972 0.07165709440965271 -0.03557050492706169 0.01542616163601884
973 0.07859078952817088 -0.01494950839789552 0.03611111111111119
974 0.07167946046355775 -0.03552541270208219 0.05854421136496203
975 0.03680520301845435 0.07103081747220961 -0.04601712214629104
976 0.07859550529710213 -0.01492469587942048 -0.006111111111110998
977 0.07166946374164893 -0.03554557591296658 -0.02768198069416829
978 0.01627933640904214 -0.07832613360865731 -0.04639434386885934
979 -0.005439753876914417 0.07981484246528708 -0.04644562398710237
980 0.01627648104421004 -0.07832672701458597 0.07667616068432563
981 -0.07374960858445417 -0.0309999231231273 -0.0441904215405207
982 -0.005459393069173884 0.07981350153524312 0.07671059437025039
983 0.05253005585316364 -0.06033732867855113 -0.04535014001188963
984 -0.07362448251033281 -0.03129593544033632 0.07444722955703494
985 -0.07990847093456097 -0.003825738216400219 0.09187249196650822
986 0.05235420458638218 -0.06048997654262431 0.07348244407548608
987 0.02678454896692202 0.07538294194735674 0.09651300357624611
988 0.07242518759380483 -0.03397929078133003 -0.04483824270372114
989 -0.022091545991526 -0.07688929441544051 -0.0434447844030929
990 -0.04236086691160672 0.06786425387858577 -0.04361076561447857
991 0.07835738298879039 0.01612825257577595 -0.06246778311290363
992 -0.04232515421845297 0.06788653268789159 0.07358498191789066
993 -0.05460425145749194 -0.05846687714225029 -0.06693229541123796
994 -0.06835355236371926 0.0415667160028344 -0.06697855566933064
995 -0.02224236332788411 -0.07684580192561202 0.07388374595559845
996 0.07257864904849308 -0.03365025560520566 0.07510816344753531
997 0.06347207884086474 0.04869594652144109 0.07381738567999706
998 0.0784924946242464 -0.01545730531699012 -0.06466156342729971
999 0.07849249462424737 0.01545730531698515 0.09466156342729719
1000 0.07849334055712996 -0.01545300903327299 0.09466605550131342
1001 -0.06590462387900523 0.04534953749892996 0.07272184493050614
1002 -0.05433704417949075 -0.05871529298092679 0.09486660167947315
1003 0.04525888295649959 0.06596691226311772 -0.03242478617615814
1004 0.07303150106317323 0.03265577823999493 -0.03018438720827667
1005 0.03482403574063261 -0.0493344191958561 0.11
1006 -0.0427259718778292 0.04441227153294303 0.11
1007 0.04684293303582149 0.03810955270347355 0.11
1008 -0.04163628540702772 -0.04363129877810025 0.11
1009 0.06047879481686398 -0.007646988907322726 0.11
1010 -0.06092814258330671 -0.002323683825498308 0.11
1011 0.005297645713839122 0.05873201162505921 0.11
1012 0.004120959482930262 -0.06024629511926315 0.11
1013 0.02142580118212511 -0.06055482358600273 0.11
1014 0.01571450868968831 -0.0434320012019634 0.11
1015 0.03025905245595381 -0.02821254955319315 0.11
1016 0.01030507549923009 -0.02208931832944769 0.11
1017 0.02607809672856857 -0.006911620703148992 0.11
1018 0.006255704654662993 0.0005093440464439547 0.11
1019 -0.01023949772846942 -0.01368424166040003 0.11
1020 -0.0141221746939609 0.008136607416680899 0.11
1021 0.002312779984547746 0.02183985200923607 0.11
1022 -0.006809214785694868 -0.03969481158957883 0.11
1023 -0.02959411614783823 -0.005884527605661141 0.11
1024 -0.03513954978429155 0.01979115199778618 0.11
1025 -0.0267763657890057 -0.02741403178583843 0.11
1026 -0.04692822908001038 -0.01950895448129598 0.11
1027 -0.0149163021481716 0.02697455381137471 0.11
1028 0.02248155049262504 0.0138608997386876 0.11
1029 0.02194568407709572 0.03827168965560391 0.11
1030 0.0437692092105679 0.007362398137050431 0.11
1031 0.04868147435020519 -0.03609643809338303 0.11
1032 -0.004573634481878187 0.04104820451859304 0.11
1033 -0.01540339609030798 0.05865895201665407 0.11
1034 0.02375734770242924 0.05689792284092005 0.11
1035 -0.01513810321923902 -0.05983757236871397 0.11
1036 0.04374295369490419 -0.01510400284889575 0.11
1037 0.06418568563520988 0.009677914556890994 0.11
1038 -0.05572905455260434 0.03388958881563717 0.11
1039 -0.0540456122486568 0.01616323320852178 0.11
1040 -0.02420349899100571 -0.04535355996285056 0.11
1041 0.03766783866392959 0.02369872471496633 0.11
1042 -0.0565500974937923 -0.0343888760886811 0.11
1043 0.0563087669828453 0.023666507967963 0.11
1044 -0.0637698365136686 -0.0186077750674648 0.11
1045 0.06054696916694826 -0.02439897741690499 0.11
1046 0.03757341549572824 0.05255558243674304 0.11
1047 -0.04532712996882074 0.001647443858770505 0.11
1048 -0.03093536374290784 -0.05830701614124878 0.11
1049 -0.02419385387030662 0.04142846611939005 0.11
1050 -0.03143665060857642 0.05722992579390093 0.11
1051 0.03482403574063261 -0.0493344191958561 -0.08
1052 -0.0427259718778292 0.04441227153294303 -0.08
1053 0.04684293303582149 0.03810955270347355 -0.08
1054 -0.04163628540702772 -0.04363129877810025 -0.08
1055 0.06047879481686398 -0.007646988907322726 -0.08
1056 -0.06092814258330671 -0.002323683825498308 -0.08
1057 0.005297645713839122 0.05873201162505921 -0.08
1058 0.004120959482930262 -0.06024629511926315 -0.08
1059 0.02142580118212511 -0.06055482358600273 -0.08
1060 0.01571450868968831 -0.0434320012019634 -0.08
1061 0.03025905245595381 -0.02821254955319315 -0.08
1062 0.01030507549923009 -0.02208931832944769 -0.08
1063 0.02607809672856857 -0.006911620703148992 -0.08
1064 0.006255704654662993 0.0005093440464439547 -0.08
1065 -0.01023949772846942 -0.01368424166040003 -0.08
1066 -0.0141221746939609 0.008136607416680899 -0.08
1067 0.002312779984547746 0.02183985200923607 -0.08
1068 -0.006809214785694868 -0.03969481158957883 -0.08
1069 -0.02959411614783823 -0.005884527605661141 -0.08
1070 -0.03513954978429155 0.01979115199778618 -0.08
1071 -0.0267763657890057 -0.02741403178583843 -0.08
1072 -0.04692822908001038 -0.01950895448129598 -0.08
1073 -0.0149163021481716 0.02697455381137471 -0.08
1074 0.02248155049262504 0.0138608997386876 -0.08
1075 0.02194568407709572 0.03827168965560391 -0.08
1076 0.0437692092105679 0.007362398137050431 -0.08
1077 0.04868147435020519 -0.03609643809338303 -0.08
1078 -0.004573634481878187 0.04104820451859304 -0.08
1079 -0.01540339609030798 0.05865895201665407 -0.08
1080 0.02375734770242924 0.05689792284092005 -0.08
1081 -0.01513810321923902 -0.05983757236871397 -0.08
1082 0.04374295369490419 -0.01510400284889575 -0.08
1083 0.06418568563520988 0.009677914556890994 -0.08
1084 -0.05572905455260434 0.03388958881563717 -0.08
1085 -0.0540456122486568 0.01616323320852178 -0.08
1086 -0.02420349899100571 -0.04535355996285056 -0.08
1087 0.03766783866392959 0.02369872471496633 -0.08
1088 -0.0565500974937923 -0.0343888760886811 -0.08
1089 0.0563087669828453 0.023666507967963 -0.08
1090 -0.0637698365136686 -0.0186077750674648 -0.08
1091 0.06054696916694826 -0.02439897741690499 -0.08
1092 0.03757341549572824 0.05255558243674304 -0.08
1093 -0.04532712996882074 0.001647443858770505 -0.08
1094 -0.03093536374290784 -0.05830701614124878 -0.08
1095 -0.02419385387030662 0.04142846611939005 -0.08
1096 -0.03143665060857642 0.05722992579390093 -0.08
1097 0.0004359371960163116 -0.01248218864202499 0.02869218774139881
1098 0.0004359371960163116 0.0130871869623661 0.02869218774139881
1099 0.0004359371960163116 0.004564061760902405 0.02869218774139881
1100 0.0004359371960163116 0.0130871869623661 0.02016906253993511
1101 0.0004359371960163116 0.0130871869623661 0.01164593733847141
1102 0.0004359371960163116 -0.01248218864202499 0.01164593733847141
1103 0.008959062397480011 -0.01248218864202499 0.02016906253993511
1104 -0.008087188005447388 -0.01248218864202499 0.02016906253993511
1105 0.008959062397480011 0.004564061760902405 0.02869218774139881
1106 -0.008087188005447388 0.004564061760902405 0.01164593733847141
1107 0.0004359371960163116 0.004564061760902405 0.01164593733847141
1108 0.008959062397480011 0.004564061760902405 0.01164593733847141
1109 0.0004359371960163116 -0.01248218864202499 0.02016906253993511
1110 0.008959062397480011 -0.003959063440561295 0.02016906253993511
1111 0.0004359371960163116 0.004564061760902405 0.02016906253993511
1112 0.008959062397480011 0.004564061760902405 0.02016906253993511
1113 -0.008087188005447388 -0.003959063440561295 0.02016906253993511
1114 -0.008087188005447388 0.004564061760902405 0.02016906253993511
1115 -0.008087188005447388 -0.003959063440561295 0.01164593733847141
1116 0.008959062397480011 -0.003959063440561295 0.01164593733847141
1117 0.0004359371960163116 -0.003959063440561295 0.01164593733847141
1118 -0.008087188005447388 -0.003959063440561295 0.02869218774139881
1119 0.0004359371960163116 -0.003959063440561295 0.02869218774139881
1120 -0.008087188005447388 0.004564061760902405 0.02869218774139881
1121 0.008959062397480011 -0.003959063440561295 0.02869218774139881
1122 -0.01021796930581331 0.00243328046053648 0.03508453443646431
1123 -0.01447953190654516 0.00669484306126833 0.03508453443646431
1124 0.01535140629857779 0.00669484306126833 0.03508453443646431
1125 -0.01021796930581331 0.00243328046053648 0.005253593437373638
1126 -0.01447953190654516 0.00669484306126833 0.005253593437373638
1127 0.01535140629857779 0.00669484306126833 0.005253593437373638
1128 0.0003487502690404654 -0.009985749609768391 0.01331675052642822
1129 0.0003487502690404654 0.01046975050121546 0.01331675052642822
1130 -0.006469749845564365 -0.00316724949516356 0.006498251110315323
1131 0.0003487502690404654 -0.009985749609768391 0.02695375122129917
1132 0.0003487502690404654 -0.00316724949516356 0.02695375122129917
1133 0.0003487502690404654 -0.009985749609768391 0.02013525180518627
1134 0.0003487502690404654 0.01046975050121546 0.02695375122129917
1135 0.007167249917984009 -0.00316724949516356 0.02695375122129917
1136 -0.006469749845564365 0.003651250386610627 0.02695375122129917
1137 0.0003487502690404654 0.003651250386610627 0.02695375122129917
1138 0.0003487502690404654 0.003651250386610627 0.02013525180518627
1139 0.0003487502690404654 0.01046975050121546 0.03377224877476692
1140 0.001050861856697264 0.01231988065927979 0.02119904505559553
1141 0.0003487502690404654 -0.009985749609768391 0.006498251110315323
1142 -0.006469749845564365 0.003651250386610627 0.02013525180518627
1143 0.007167249917984009 -0.00316724949516356 0.02013525180518627
1144 -0.006469749845564365 -0.00316724949516356 0.02013525180518627
1145 -0.006469749845564365 -0.00316724949516356 0.02695375122129917
1146 0.0003487502690404654 0.01046975050121546 0.006498251110315323
1147 -0.006469749845564365 -0.00316724949516356 0.01331675052642822
1148 0.007167249917984009 -0.00316724949516356 0.03377224877476692
1149 0.007167249917984009 0.003651250386610627 0.03377224877476692
1150 0.0003487502690404654 -0.009985749609768391 0.03377224877476692
1151 0.0003487502690404654 0.003651250386610627 0.03377224877476692
1152 0.0003487502690404654 -0.00316724949516356 0.03377224877476692
1153 -0.006469749845564365 -0.00316724949516356 0.03377224877476692
1154 -0.006469749845564365 0.003651250386610627 0.03377224877476692
1155 0.007167249917984009 0.003651250386610627 0.006498251110315323
1156 0.007167249917984009 -0.00316724949516356 0.006498251110315323
1157 0.0003487502690404654 0.003651250386610627 0.006498251110315323
1158 0.0003487502690404654 -0.00316724949516356 0.006498251110315323
1159 0.007167249917984009 -0.00316724949516356 0.01331675052642822
1160 -0.006469749845564365 0.003651250386610627 0.006498251110315323
1161 0.0003487502690404654 -0.00316724949516356 0.01331675052642822
1162 -0.005287609792106926 -0.001785389331557748 0.0554046768770208
1163 -0.004852312617003918 0.002738437382504344 0.05532918497920036
1164 -0.00229537533596158 0.005295374896377325 0.04765837639570236
1165 -0.00229537533596158 -0.004932375159114599 0.04765837639570236
1166 -0.00229537533596158 -0.004932375159114599 0.03743062168359756
1167 -0.004852312617003918 -0.002375437645241618 0.05021531507372856
1168 -0.009966188110411167 -0.002375437645241618 0.05021531507372856
1169 0.005375436507165432 -0.007489312440156937 0.05532918497920036
1170 0.0002615621779114008 -0.007489312440156937 0.05532918497920036
1171 0.005375436507165432 -0.002375437645241618 0.05532918497920036
1172 0.005375436507165432 -0.002375437645241618 0.05021531507372856
1173 0.005375436507165432 -0.007489312440156937 0.05021531507372856
1174 0.005375436507165432 -0.007489312440156937 0.04510143771767616
1175 0.01048931200057268 -0.002375437645241618 0.04510143771767616
1176 0.005375436507165432 0.007852312177419662 0.05021531507372856
1177 0.0002615621779114008 0.007852312177419662 0.05532918497920036
1178 0.005375436507165432 0.002738437382504344 0.05532918497920036
1179 0.005375436507165432 0.002738437382504344 0.05021531507372856
1180 0.0002615621779114008 -0.007489312440156937 0.03487368300557137
1181 0.005375436507165432 -0.007489312440156937 0.03487368300557137
1182 0.0002615621779114008 0.007852312177419662 0.03487368300557137
1183 0.005375436507165432 -0.002375437645241618 0.03487368300557137
1184 7.044064840149549e-06 -0.001824492150414299 0.03494850996748546
1185 0.005731184202337175 -0.008156796544257995 0.04011493549709594
1186 0.0002615621779114008 -0.007489312440156937 0.03998756036162376
1187 0.01048931200057268 -0.002375437645241618 0.03998756036162376
1188 0.005375436507165432 0.002738437382504344 0.03487368300557137
1189 0.005375436507165432 0.007852312177419662 0.03998756036162376
1190 0.01048931200057268 0.002738437382504344 0.03998756036162376
1191 -0.004852312617003918 -0.007489312440156937 0.03487368300557137
1192 -0.004852312617003918 -0.007489312440156937 0.03998756036162376
1193 -0.004852312617003918 -0.002375437645241618 0.03998756036162376
1194 0.0007412901392040228 -0.002230024643362549 0.0404899360419254
1195 0.0002615621779114008 -0.007489312440156937 0.05021531507372856
1196 0.0002615621779114008 0.002738437382504344 0.05532918497920036
1197 0.0002615621779114008 0.007852312177419662 0.05021531507372856
1198 -0.005601154626884893 0.007803680112691434 0.05030061902281049
1199 -0.004852312617003918 0.002738437382504344 0.05021531507372856
1200 -0.004852312617003918 0.007852312177419662 0.04510143771767616
1201 -0.004852312617003918 -0.007489312440156937 0.05532918497920036
1202 -0.004852312617003918 -0.007489312440156937 0.05021531507372856
1203 -0.004852312617003918 -0.007489312440156937 0.04510143771767616
1204 0.0002615621779114008 0.002738437382504344 0.05021531507372856
1205 0.0002615621779114008 0.007852312177419662 0.04510143771767616
1206 -0.004852312617003918 0.002738437382504344 0.03487368300557137
1207 -0.004852312617003918 0.007852312177419662 0.03998756036162376
1208 0.005375436507165432 0.007852312177419662 0.04510143771767616
1209 -0.004852312617003918 0.002738437382504344 0.03998756036162376
1210 0.0002615621779114008 0.002738437382504344 0.03998756036162376
1211 -0.004852312617003918 0.002738437382504344 0.04510143771767616
1212 -0.009966188110411167 -0.002375437645241618 0.04510143771767616
1213 -0.009966188110411167 0.002738437382504344 0.04510143771767616
1214 0.005375436507165432 -0.002375437645241618 0.04510143771767616
1215 0.01048931200057268 0.002738437382504344 0.04510143771767616
1216 0.009210843592882156 -0.006210843566805124 0.04637990519404411
1217 0.0002615621779114008 -0.007489312440156937 0.04510143771767616
1218 0.0002615621779114008 -0.002375437645241618 0.04510143771767616
1219 0.005375436507165432 0.002738437382504344 0.04510143771767616
1220 0.005375436507165432 -0.002375437645241618 0.03998756036162376
1221 0.0002615621779114008 -0.002375437645241618 0.05021531507372856
1222 -0.004852312617003918 -0.002375437645241618 0.04510143771767616
1223 0.01176778040826321 -0.003653906285762787 0.04126602783799171
1224 0.005375436507165432 0.002738437382504344 0.03998756036162376
1225 0.001540030934847891 -0.01132471859455109 0.04893684759736061
1226 0.0005913708389031024 0.009010287148457143 0.0401732436010613
1227 0.006653905380517244 0.009130780585110188 0.04893684759736061
1228 0.0002615621779114008 0.002738437382504344 0.04510143771767616
1229 -0.009991701585995782 -0.0007989390773826241 0.03904436468815008
1230 -0.01124465651810169 -0.001096968888305128 0.03359521552920341
1231 -0.00101690657902509 -0.01132471859455109 0.04893684759736061
1232 -0.01124465651810169 0.001459968625567853 0.04382297024130821
1233 -0.01124465651810169 0.001459968625567853 0.04893684759736061
1234 0.0002615621779114008 0.002738437382504344 0.03487368300557137
1235 0.01176778040826321 0.001459968625567853 0.04637990519404411
1236 0.01176778040826321 -0.001096968888305128 0.03870909288525581
1237 0.01176778040826321 -0.001096968888305128 0.05405071750283241
1238 0.0002615621779114008 -0.002375437645241618 0.05532918497920036
1239 0.01048021273571226 8.4190607737976e-05 0.0424191999929201
1240 -0.01124465651810169 -0.001096968888305128 0.05660765245556831
1241 -0.00101690657902509 -0.01132471859455109 0.05405071750283241
1242 -0.00101690657902509 -0.01132471859455109 0.03615215048193932
1243 0.01176778040826321 -0.001096968888305128 0.03359521552920341
1244 -0.003573843743652105 -0.003653906285762787 0.05660765245556831
1245 -0.003573843743652105 0.004016906023025513 0.05660765245556831
1246 0.00409696763381362 -0.001096968888305128 0.05660765245556831
1247 -0.00101690657902509 -0.006210843566805124 0.05660765245556831
1248 0.001540030934847891 -0.008767780847847462 0.05660765245556831
1249 0.006653905380517244 0.00657384330406785 0.05660765245556831
1250 0.001540030934847891 0.009130780585110188 0.05660765245556831
1251 -0.00101690657902509 0.00657384330406785 0.05660765245556831
1252 -0.00101690657902509 0.009130780585110188 0.05660765245556831
1253 0.00409696763381362 0.004016906023025513 0.05660765245556831
1254 -0.00101690657902509 -0.008767780847847462 0.05660765245556831
1255 -0.008687719702720642 -0.006210843566805124 0.05660765245556831
1256 0.001693071181708066 0.006180875602419876 0.05593277932942414
1257 0.00409696763381362 0.009130780585110188 0.05660765245556831
1258 0.00409696763381362 0.00657384330406785 0.05660765245556831
1259 -0.008687719702720642 0.00657384330406785 0.05660765245556831
1260 -0.00613078149035573 0.00657384330406785 0.05660765245556831
1261 -0.008687719702720642 0.00657384330406785 0.05405071750283241
1262 0.00409696763381362 0.001459968625567853 0.03359521552920341
1263 0.001540030934847891 -0.003653906285762787 0.03359521552920341
1264 -0.003573843743652105 0.001459968625567853 0.03359521552920341
1265 -0.003573843743652105 0.009130780585110188 0.03359521552920341
1266 -0.00613078149035573 0.00657384330406785 0.03359521552920341
1267 -0.008687719702720642 0.004016906023025513 0.03359521552920341
1268 -0.00613078149035573 0.001459968625567853 0.03359521552920341
1269 -0.00101690657902509 0.00657384330406785 0.03359521552920341
1270 0.00409696763381362 -0.008767780847847462 0.03359521552920341
1271 0.008478613987126387 -0.005026404319307395 0.0342802993634095
1272 0.001540030934847891 -0.01132471859455109 0.03359521552920341
1273 0.001540030934847891 0.01168771833181381 0.03359521552920341
1274 0.001540030934847891 0.009130780585110188 0.03359521552920341
1275 -0.008687719702720642 0.00657384330406785 0.03359521552920341
1276 0.006653905380517244 -0.008767780847847462 0.03359521552920341
1277 -0.01124465651810169 0.001459968625567853 0.03359521552920341
1278 -0.003573843743652105 0.00657384330406785 0.03359521552920341
1279 -0.008687719702720642 -0.006210843566805124 0.03359521552920341
1280 -0.008687719702720642 -0.006210843566805124 0.03615215048193932
1281 -0.00989215571196117 -0.006418970897996917 0.04040966800682762
1282 -0.009318154911081391 -0.0035524101302131 0.03708222977897611
1283 -0.01352658026602921 -0.00337054926575741 0.03621632522571637
1284 -0.003643977523331035 -0.006038949785209911 0.03285365107194376
1285 -0.003394452421963108 -0.00295179679407146 0.03279370098154916
1286 -0.002581126922314906 -0.0008581002070635022 0.036566298488741
1287 -0.005515049161026978 -0.003071951177403053 0.03250956620075329
1288 -0.007750163179990052 -0.003828603890255538 0.03298424137927272
1289 -0.003994858682494181 -0.00294049335720906 0.03481493300958501
1290 -0.00703029042064473 -0.002829798430854537 0.03393767707056858
1291 -0.03073124215006828 0.01728380843997002 -0.0491333119571209
1292 0.001656632870435715 0.04967168346047401 0.0804181843996048
1293 -0.03073124215006828 0.01728380843997002 0.0804181843996048
1294 0.001656632870435715 0.01728380843997002 0.0804181843996048
1295 0.001656632870435715 0.04967168346047401 0.0480303131043911
1296 0.03404450789093971 0.01728380843997002 0.0804181843996048
1297 0.03404450789093971 -0.01510406658053398 0.0804181843996048
1298 0.03404450789093971 0.01728380843997002 0.0480303131043911
1299 -0.03073124215006828 -0.01510406658053398 -0.0167454369366169
1300 -0.03073124215006828 -0.01510406658053398 0.0804181843996048
1301 0.001656632870435715 -0.04749194160103798 -0.0167454369366169
1302 0.001656632870435715 -0.01510406658053398 -0.0167454369366169
1303 0.001656632870435715 -0.04749194160103798 0.0156424380838871
1304 0.001656632870435715 -0.04749194160103798 -0.0491333119571209
1305 0.03404450789093971 -0.01510406658053398 -0.0167454369366169
1306 0.03404450789093971 -0.01510406658053398 -0.0491333119571209
1307 -0.03073124215006828 -0.01510406658053398 -0.0491333119571209
1308 -0.006440335884690285 -0.05558890849351883 -0.05723027884960175
1309 0.001656632870435715 -0.01510406658053398 -0.0491333119571209
1310 0.001656632870435715 0.04967168346047401 -0.0491333119571209
1311 0.03404450789093971 0.01728380843997002 -0.0491333119571209
1312 0.001656632870435715 0.01728380843997002 -0.0491333119571209
1313 0.001656632870435715 0.04967168346047401 -0.0167454369366169
1314 0.001656632870435715 0.04967168346047401 0.0156424380838871
1315 0.03404450789093971 0.01728380843997002 -0.0167454369366169
1316 0.001656632870435715 -0.04749194160103798 0.0804181843996048
1317 0.001656632870435715 -0.01510406658053398 0.0804181843996048
1318 0.001656632870435715 -0.04749194160103798 0.0480303131043911
1319 -0.006440335884690285 -0.05558890849351883 0.08851515501737595
1320 0.03404450789093971 -0.01510406658053398 0.0480303131043911
1321 -0.05147077143559516 0.02668847867906639 -0.03753338572450765
1322 -0.03073124215006828 0.01728380843997002 -0.0167454369366169
1323 0.03404450789093971 0.01728380843997002 0.0156424380838871
1324 0.04214147478342056 -0.02320103533565998 -0.04103634506464005
1325 0.03404450789093971 -0.01510406658053398 0.0156424380838871
1326 0.04214147478342056 -0.02320103533565998 0.07232121378183365
1327 -0.05502214282751083 -0.007007097825407982 0.08851515501737595
1328 -0.03882820904254913 -0.02320103533565998 0.03993334621191025
1329 -0.03882820904254913 -0.03939497470855713 0.0237394068390131
1330 0.009753601625561714 -0.05558890849351883 -0.008648468181490898
1331 -0.02263427339494228 -0.05558890849351883 0.007545469328761101
1332 -0.006440335884690285 -0.05558890849351883 0.007545469328761101
1333 0.009753601625561714 -0.05558890849351883 0.007545469328761101
1334 0.009753601625561714 0.05776865035295486 0.03993334621191025
1335 -0.006440335884690285 -0.05558890849351883 -0.008648468181490898
1336 0.009753601625561714 -0.05558890849351883 0.0237394068390131
1337 0.009753601625561714 -0.05558890849351883 -0.0248424056917429
1338 -0.02263427339494228 0.05776865035295486 -0.008648468181490898
1339 -0.006440335884690285 0.05776865035295486 -0.008648468181490898
1340 0.001656632870435715 0.01728380843997002 -0.0167454369366169
1341 -0.04411283902752103 0.04458101858705602 -0.01234208810929258
1342 -0.03882820904254913 0.02538077719509602 -0.008648468181490898
1343 0.04214147478342056 0.02538077719509602 0.03993334621191025
1344 -0.03882820904254913 -0.03939497470855713 0.007545469328761101
1345 -0.05502214282751083 0.009186839684844017 0.007545469328761101
1346 -0.05502214282751083 0.02538077719509602 0.007545469328761101
1347 -0.05756336024552532 0.01617867884273565 0.07327167592953264
1348 -0.03882820904254913 0.009186839684844017 0.07232121378183365
1349 -0.05502214282751083 0.02538077719509602 -0.008648468181490898
1350 -0.05502214282751083 0.02538077719509602 0.05612727999687195
1351 -0.03882820904254913 0.04157471656799316 0.03993334621191025
1352 -0.02263427339494228 0.05776865035295486 0.007545469328761101
1353 -0.03882820904254913 0.04157471656799316 0.007545469328761101
1354 -0.02263427339494228 0.05776865035295486 0.0237394068390131
1355 -0.03882820904254913 0.04157471656799316 0.0237394068390131
1356 -0.02263427339494228 -0.05558890849351883 0.0237394068390131
1357 -0.02263427339494228 -0.03939497470855713 0.0237394068390131
1358 -0.05502214282751083 0.009186839684844017 0.03993334621191025
1359 -0.005652230221527386 0.06257349440896944 0.02313545657571904
1360 -0.006440335884690285 0.05776865035295486 0.03993334621191025
1361 0.009753601625561714 0.05776865035295486 -0.0248424056917429
1362 0.009753601625561714 -0.05558890849351883 0.03993334621191025
1363 -0.02263427339494228 -0.05558890849351883 -0.008648468181490898
1364 -0.05502214282751083 0.02538077719509602 0.03993334621191025
1365 0.009753601625561714 0.05776865035295486 0.0237394068390131
1366 0.009753601625561714 0.05776865035295486 0.007545469328761101
1367 -0.006440335884690285 0.05776865035295486 0.007545469328761101
1368 -0.05502214282751083 0.009186839684844017 0.0237394068390131
1369 0.04214147478342056 0.009186839684844017 -0.0248424056917429
1370 0.05833541601896286 0.009186839684844017 -0.008648468181490898
1371 -0.006440335884690285 -0.05558890849351883 0.0237394068390131
1372 0.05833541601896286 -0.007007097825407982 0.007545469328761101
1373 0.04214147478342056 -0.007007097825407982 0.007545469328761101
1374 0.05833541601896286 0.009186839684844017 0.007545469328761101
1375 -0.008763998197738538 -0.0628181194592503 0.05751339580362597
1376 -0.006440335884690285 -0.05558890849351883 0.03993334621191025
1377 0.05833541601896286 0.009186839684844017 0.03993334621191025
1378 0.05833541601896286 0.009186839684844017 0.05612727999687195
1379 -0.0249022487246668 -0.05786614822389256 0.04026257986538773
1380 0.05833541601896286 -0.007007097825407982 -0.0248424056917429
1381 0.05833541601896286 -0.007007097825407982 0.05612727999687195
1382 0.05833541601896286 0.009186839684844017 0.0237394068390131
1383 0.05833541601896286 -0.007007097825407982 0.07232121378183365
1384 0.05833541601896286 0.009186839684844017 0.07232121378183365
1385 0.04214147478342056 0.009186839684844017 0.07232121378183365
1386 0.05833541601896286 -0.007007097825407982 -0.04103634506464005
1387 0.009753601625561714 0.05776865035295486 -0.04103634506464005
1388 0.009753601625561714 0.05776865035295486 0.07232121378183365
1389 -0.06142336164436932 0.008949427031778303 -0.05969981355056048
1390 0.05833541601896286 -0.007007097825407982 0.0237394068390131
1391 0.05833541601896286 -0.007007097825407982 -0.008648468181490898
1392 -0.05502214282751083 0.009186839684844017 -0.008648468181490898
1393 -0.006440335884690285 0.05776865035295486 -0.04103634506464005
1394 0.009753601625561714 -0.05558890849351883 0.07232121378183365
1395 0.02594753913581371 -0.03939497470855713 0.05612727999687195
1396 0.04214147478342056 -0.02320103533565998 0.05612727999687195
1397 0.05833541601896286 -0.007007097825407982 0.03993334621191025
1398 0.02594753913581371 -0.03939497470855713 -0.0248424056917429
1399 0.04214147478342056 -0.02320103533565998 -0.0248424056917429
1400 0.009753601625561714 -0.05558890849351883 -0.04103634506464005
1401 0.009753601625561714 -0.05558890849351883 -0.05723027884960175
1402 -0.006440335884690285 0.05776865035295486 -0.05723027884960175
1403 0.009753601625561714 -0.05558890849351883 0.08851515501737595
1404 -0.006440335884690285 0.05776865035295486 0.08851515501737595
1405 -0.03882820904254913 -0.03939497470855713 0.07232121378183365
1406 -0.02263427339494228 -0.05558890849351883 -0.04103634506464005
1407 -0.03882820904254913 0.04157471656799316 0.07232121378183365
1408 -0.02263427339494228 -0.05558890849351883 0.07232121378183365
1409 0.05833541601896286 -0.007007097825407982 -0.05723027884960175
1410 0.05833541601896286 0.009186839684844017 0.08851515501737595
1411 0.05833541601896286 -0.007007097825407982 0.08851515501737595
1412 0.03410751805542302 0.04815829485303919 0.07217263084396436
1413 -0.02263427339494228 0.02538077719509602 0.08851515501737595
1414 0.009753601625561714 -0.03939497470855713 0.08851515501737595
1415 0.02594753913581371 0.04157471656799316 0.08851515501737595
1416 0.009753601625561714 0.04157471656799316 0.08851515501737595
1417 0.04214147478342056 0.02538077719509602 0.08851515501737595
1418 0.009753601625561714 0.05776865035295486 0.08851515501737595
1419 0.02594753913581371 -0.03939497470855713 0.08851515501737595
1420 0.02594753913581371 -0.02320103533565998 0.08851515501737595
1421 0.009753601625561714 -0.007007097825407982 0.08851515501737595
1422 -0.006440335884690285 -0.007007097825407982 0.08851515501737595
1423 -0.006440335884690285 0.009186839684844017 0.08851515501737595
1424 -0.02263427339494228 -0.007007097825407982 0.08851515501737595
1425 -0.02263427339494228 -0.02320103533565998 0.08851515501737595
1426 -0.006440335884690285 0.02538077719509602 0.08851515501737595
1427 0.02594753913581371 0.009186839684844017 0.08851515501737595
1428 0.009753601625561714 0.009186839684844017 0.08851515501737595
1429 0.04214147478342056 -0.007007097825407982 0.08851515501737595
1430 0.02594753913581371 0.02538077719509602 0.08851515501737595
1431 -0.02263427339494228 0.04157471656799316 0.08851515501737595
1432 -0.006440335884690285 0.04157471656799316 0.08851515501737595
1433 -0.03882820904254913 -0.007007097825407982 0.08851515501737595
1434 0.04214147478342056 -0.02320103533565998 0.08851515501737595
1435 -0.03882820904254913 -0.03939497470855713 0.08851515501737595
1436 0.04214147478342056 0.009186839684844017 0.08851515501737595
1437 -0.05502214282751083 0.009186839684844017 0.08851515501737595
1438 -0.03882820904254913 0.009186839684844017 0.08851515501737595
1439 -0.02263427339494228 -0.03939497470855713 0.08851515501737595
1440 -0.03882820904254913 0.02538077719509602 0.08851515501737595
1441 -0.02263427339494228 -0.02320103533565998 -0.05723027884960175
1442 0.009753601625561714 -0.03939497470855713 -0.05723027884960175
1443 -0.0478823521461809 -0.01982987531904597 -0.06386447316713029
1444 0.02594753913581371 0.04157471656799316 -0.05723027884960175
1445 0.04214147478342056 0.02538077719509602 -0.05723027884960175
1446 0.009753601625561714 0.05776865035295486 -0.05723027884960175
1447 0.02594753913581371 -0.03939497470855713 -0.05723027884960175
1448 0.02594753913581371 -0.02320103533565998 -0.05723027884960175
1449 0.009753601625561714 -0.007007097825407982 -0.05723027884960175
1450 -0.006440335884690285 -0.007007097825407982 -0.05723027884960175
1451 -0.006440335884690285 0.009186839684844017 -0.05723027884960175
1452 -0.02263427339494228 -0.007007097825407982 -0.05723027884960175
1453 -0.006440335884690285 0.02538077719509602 -0.05723027884960175
1454 0.02594753913581371 0.009186839684844017 -0.05723027884960175
1455 0.009753601625561714 0.009186839684844017 -0.05723027884960175
1456 0.04214147478342056 -0.007007097825407982 -0.05723027884960175
1457 0.04214147478342056 -0.02320103533565998 -0.05723027884960175
1458 -0.03882820904254913 -0.03939497470855713 -0.05723027884960175
1459 0.04214147478342056 0.009186839684844017 -0.05723027884960175
1460 -0.03594012078026027 0.006641671655886285 -0.06396431938646895
1461 -0.02263427339494228 -0.03939497470855713 -0.05723027884960175
1462 -0.03882820904254913 0.02538077719509602 -0.05723027884960175
1463 -0.02668275684118271 0.005138355307281017 0.05207879468798637
1464 -0.03882820904254913 0.009186839684844017 0.05612727999687195
1465 -0.03430227904154516 0.003271255398472728 0.05241629088554804
1466 -0.03889806389714561 -0.006214405582341188 0.05631372634570005
1467 -0.03460285137024155 -0.003054421009892091 0.0521358188474731
1468 -0.03882820904254913 -0.007007097825407982 0.03993334621191025
1469 -0.02263427339494228 -0.02320103533565998 0.03993334621191025
1470 -0.06124528200198564 -0.01160274728407299 0.03904813763105806
1471 -0.05934615330642686 -0.00966860859955612 0.05724750774678727
1472 -0.05502214282751083 -0.007007097825407982 0.0237394068390131
1473 -0.03882820904254913 0.009186839684844017 0.03993334621191025
1474 -0.04033265511535895 0.02468488007344226 0.0420121835938481
1475 -0.04107042179258145 0.01328696702194187 0.02058825013755026
1476 -0.03882820904254913 -0.03939497470855713 0.03993334621191025
1477 -0.03882820904254913 -0.02320103533565998 0.0237394068390131
1478 -0.03882820904254913 -0.007007097825407982 0.0237394068390131
1479 -0.03882820904254913 -0.007007097825407982 0.007545469328761101
1480 -0.03477972373366356 0.005138355307281017 0.04398183152079582
1481 -0.02263427339494228 0.02538077719509602 0.03993334621191025
1482 -0.02263427339494228 0.04157471656799316 0.03993334621191025
1483 -0.02222942505031824 0.02497592885047198 0.05653212852776052
1484 -0.02222942505031824 0.02497592885047198 0.02414425518363714
1485 -0.02392348970052603 0.01236179708833341 0.005888008618690794
1486 -0.03882820904254913 0.02538077719509602 0.05612727999687195
1487 -0.03882820904254913 0.02538077719509602 0.0237394068390131
1488 -0.03882820904254913 0.009186839684844017 0.007545469328761101
1489 -0.02668275684118271 0.01323532406240702 0.05207879468798637
1490 -0.02668275684118271 0.02133229374885559 0.05207879468798637
1491 -0.006440335884690285 0.02538077719509602 0.05612727999687195
1492 -0.006440335884690285 0.04157471656799316 0.05612727999687195
1493 -0.006440335884690285 0.02538077719509602 0.07232121378183365
1494 -0.03882820904254913 0.04157471656799316 0.05612727999687195
1495 -0.03882820904254913 0.02538077719509602 0.07232121378183365
1496 -0.02263427339494228 0.04157471656799316 0.05612727999687195
1497 -0.02263427339494228 0.04157471656799316 0.07232121378183365
1498 -0.02263427339494228 0.02538077719509602 0.07232121378183365
1499 -0.02263427339494228 0.009186839684844017 0.07232121378183365
1500 -0.006440335884690285 0.02538077719509602 0.03993334621191025
1501 -0.006440335884690285 0.04157471656799316 0.03993334621191025
1502 -0.02195501986727507 0.04270775375102633 0.02386644702819701
1503 -0.02263427339494228 0.02538077719509602 0.007545469328761101
1504 -0.02668275684118271 -0.002958613447844982 0.05207879468798637
1505 -0.02668275684118271 -0.002958613447844982 0.04398183152079582
1506 -0.02525144654040396 -0.0404477475709849 0.03949961683966449
1507 -0.02222942505031824 -0.02279618699103594 0.02414425518363714
1508 -0.02263427339494228 -0.007007097825407982 0.007545469328761101
1509 -0.02668275684118271 0.005138355307281017 0.06017576530575752
1510 -0.02661244673918283 0.005206283697503768 0.06719468314064032
1511 -0.006440335884690285 0.009186839684844017 0.07232121378183365
1512 0.009753601625561714 0.009186839684844017 0.07232121378183365
1513 -0.006440335884690285 -0.007007097825407982 0.07232121378183365
1514 -0.03882820904254913 -0.007007097825407982 0.07232121378183365
1515 -0.02263427339494228 -0.007007097825407982 0.07232121378183365
1516 -0.02263427339494228 -0.02320103533565998 0.07232121378183365
1517 -0.02263427339494228 0.009186839684844017 0.08851515501737595
1518 -0.05502214282751083 -0.007007097825407982 0.07232121378183365
1519 -0.03882820904254913 -0.02320103533565998 0.07232121378183365
1520 0.009753601625561714 -0.007007097825407982 0.07232121378183365
1521 -0.006440335884690285 -0.02320103533565998 0.07232121378183365
1522 -0.02263427339494228 -0.03939497470855713 0.07232121378183365
1523 -0.02668275684118271 0.005138355307281017 0.04398183152079582
1524 -0.02076279914724469 0.01569887693887361 0.049541270369583
1525 -0.01048882026225328 0.02133229374885559 0.05207879468798637
1526 0.009753601625561714 0.02538077719509602 0.05612727999687195
1527 0.02594753913581371 0.02538077719509602 0.05612727999687195
1528 0.009753601625561714 0.04157471656799316 0.05612727999687195
1529 0.009348753187805413 0.02497592885047197 0.0719163656234741
1530 -0.006440335884690285 0.04157471656799316 0.07232121378183365
1531 0.009753601625561714 0.02538077719509602 0.03993334621191025
1532 0.02554269079118967 0.02497592885047198 0.04033819474279882
1533 0.009352002629126468 0.04118319688764026 0.04045217341749756
1534 -0.006440335884690285 0.04157471656799316 0.0237394068390131
1535 -0.006440335884690285 0.02538077719509602 0.0237394068390131
1536 0.02594753913581371 0.009186839684844017 0.03993334621191025
1537 -0.01750695909319229 0.02150691019615771 0.05202077807129608
1538 -0.02114366274364395 0.01626712112883669 0.06305985280819631
1539 -0.01858578994870186 0.01323532406240702 0.04398183152079582
1540 -0.01048882026225328 0.005138355307281017 0.06827273219823837
1541 0.02594753913581371 0.009186839684844017 0.07232121378183365
1542 0.02594753913581371 -0.007007097825407982 0.07232121378183365
1543 0.009753601625561714 -0.02320103533565998 0.07232121378183365
1544 -0.006440335884690285 -0.03939497470855713 0.07232121378183365
1545 -0.006440335884690285 -0.02320103533565998 0.08851515501737595
1546 -0.01858578994870186 0.005138355307281017 0.06827273219823837
1547 0.02594753913581371 -0.007007097825407982 0.03993334621191025
1548 -0.006610405414855317 -0.03961949830331003 0.03992457699604151
1549 0.02594753913581371 0.009186839684844017 0.0237394068390131
1550 -0.006440335884690285 0.009186839684844017 0.007545469328761101
1551 -0.007619295439874323 0.01202882752757588 -0.0106808339819051
1552 -0.02156201951820826 0.01168963298077163 -0.01250515995590928
1553 -0.02263427339494228 -0.02320103533565998 0.007545469328761101
1554 -0.02263427339494228 -0.007007097825407982 -0.008648468181490898
1555 0.04218350502643635 -0.003728721813396752 0.0749086856124951
1556 0.02554269079118967 -0.02279618699103594 0.07191636562347412
1557 0.02594753913581371 -0.007007097825407982 0.08851515501737595
1558 0.02594753913581371 -0.007007097825407982 0.05612727999687195
1559 0.009753601625561714 -0.03939497470855713 0.07232121378183365
1560 0.009753601625561714 -0.02320103533565998 0.08851515501737595
1561 0.005705117247998714 0.005138355307281017 0.06827273219823837
1562 0.03275501017021632 0.02865219139968512 0.07735723668202536
1563 0.02594753913581371 0.009186839684844017 0.05612727999687195
1564 0.009753601625561714 0.04157471656799316 0.07232121378183365
1565 0.01041698931519957 0.02887333734895948 0.09717703973507048
1566 -0.002391851507127285 0.005138355307281017 0.06827273219823837
1567 -0.01048882026225328 0.02133229374885559 0.06017576530575752
1568 -0.01048882026225328 0.02133229374885559 0.06827273219823837
1569 -0.006440335884690285 0.05776865035295486 0.07232121378183365
1570 -0.01048882026225328 0.01323532406240702 0.06827273219823837
1571 -0.02263427339494228 -0.02320103533565998 0.05612727999687195
1572 -0.03882820904254913 -0.02320103533565998 0.05612727999687195
1573 -0.03882820904254913 -0.03939497470855713 0.05612727999687195
1574 -0.02674766999091787 -0.04151355121260095 0.05589069079047074
1575 -0.006670227910756105 -0.03956361582489745 0.05659249161945651
1576 -0.02263427339494228 -0.05558890849351883 0.05612727999687195
1577 -0.006440335884690285 -0.05558890849351883 0.07232121378183365
1578 -0.006440335884690285 -0.03939497470855713 0.08851515501737595
1579 -0.01048882026225328 -0.002958613447844982 0.06827273219823837
1580 -0.01048882026225328 0.005138355307281017 0.07636969536542892
1581 -0.01048882026225328 0.005138355307281017 0.08446667343378067
1582 -0.002391851507127285 -0.002958613447844982 0.06827273219823837
1583 -0.02668275684118271 -0.002958613447844982 0.06017576530575752
1584 -0.01858578994870186 -0.002958613447844982 0.06827273219823837
1585 -0.01048882026225328 -0.01105558220297098 0.06827273219823837
1586 -0.01138378180386463 -0.0004228756898741195 0.07696878290252543
1587 -0.03477972373366356 -0.002958613447844982 0.06017576530575752
1588 -0.03477972373366356 -0.002958613447844982 0.06827273219823837
1589 -0.03882820904254913 -0.02320103533565998 0.08851515501737595
1590 -0.02668275684118271 -0.002958613447844982 0.06827273219823837
1591 -0.01858578994870186 -0.01915255188941956 0.06827273219823837
1592 -0.01858578994870186 -0.01105558220297098 0.06827273219823837
1593 -0.01924308539596292 -0.002673592170267195 0.07507255691946695
1594 -0.01858578994870186 -0.002958613447844982 0.08446667343378067
1595 -0.02061003260314465 -0.0009343712590634823 0.05410303547978401
1596 -0.02465851418673992 -0.0009343712590634823 0.05410303547978401
1597 -0.04287669435143471 -0.002958613447844982 0.05207879468798637
1598 -0.05097365751862526 -0.002958613447844982 0.05207879468798637
1599 -0.05502214282751083 0.009186839684844017 0.05612727999687195
1600 -0.05502214282751083 -0.007007097825407982 0.007545469328761101
1601 -0.03477972373366356 -0.01105558220297098 0.05207879468798637
1602 -0.03477972373366356 -0.01915255188941956 0.05207879468798637
1603 -0.03882820904254913 -0.02320103533565998 0.007545469328761101
1604 -0.03614691576445003 -0.001408722285160601 0.04374103486668138
1605 -0.02668275684118271 -0.01105558220297098 0.05207879468798637
1606 -0.02752010742301792 -0.01924914313554753 0.05064821365033307
1607 -0.02668275684118271 -0.01915255188941956 0.04398183152079582
1608 -0.02472026666405047 -0.01181912360097011 0.04458739435234213
1609 -0.02668275684118271 -0.002958613447844982 0.03588486090302467
1610 -0.04287669435143471 0.005138355307281017 0.05207879468798637
1611 -0.03477972373366356 0.01323532406240702 0.05207879468798637
1612 -0.03477972373366356 0.005138355307281017 0.06017576530575752
1613 -0.02668275684118271 0.01323532406240702 0.06017576530575752
1614 -0.02668275684118271 0.01323532406240702 0.04398183152079582
1615 -0.02668275684118271 0.005138355307281017 0.03588486090302467
1616 -0.04458352266555839 -0.001551226420536843 0.06278092612812639
1617 -0.03477972373366356 -0.01105558220297098 0.06017576530575752
1618 -0.02668275684118271 -0.01915255188941956 0.06017576530575752
1619 -0.02668275684118271 -0.01105558220297098 0.06827273219823837
1620 -0.02668275684118271 -0.002958613447844982 0.07636969536542892
1621 -0.01858578994870186 0.02133229374885559 0.06017576530575752
1622 -0.01947461379947999 0.01425869405375447 0.06858317830298119
1623 -0.01858578994870186 0.005138355307281017 0.07636969536542892
1624 0.02594753913581371 -0.02320103533565998 0.03993334621191025
1625 0.04214147478342056 -0.02320103533565998 0.03993334621191025
1626 0.02594753913581371 -0.03939497470855713 0.03993334621191025
1627 0.02594753913581371 -0.02320103533565998 0.05612727999687195
1628 0.02594753913581371 -0.02320103533565998 0.0237394068390131
1629 0.009753601625561714 -0.03939497470855713 0.03993334621191025
1630 0.009753601625561714 -0.03939497470855713 0.05612727999687195
1631 0.009753601625561714 -0.03939497470855713 0.0237394068390131
1632 0.04214147478342056 -0.007007097825407982 0.03993334621191025
1633 0.02594753913581371 -0.007007097825407982 0.0237394068390131
1634 -0.006440335884690285 -0.03939497470855713 0.0237394068390131
1635 -0.01121479389302124 -0.03412850887618973 0.05121850029244655
1636 0.01531706715021134 -0.06029175103412941 0.05625163784102855
1637 -0.006440335884690285 -0.03939497470855713 0.007545469328761101
1638 -0.006440335884690285 -0.007007097825407982 0.007545469328761101
1639 -0.006440335884690285 -0.02320103533565998 0.007545469328761101
1640 -0.01858578994870186 -0.02724951878190041 0.05207879468798637
1641 -0.01858578994870186 -0.01915255188941956 0.04398183152079582
1642 -0.01858578994870186 -0.02724951878190041 0.06017576530575752
1643 -0.01858578994870186 -0.01105558220297098 0.07636969536542892
1644 0.04173662625253201 0.008781991247087718 0.0403381947427988
1645 -0.01858578994870186 0.02133229374885559 0.04398183152079582
1646 -0.01858578994870186 0.01323532406240702 0.03588486090302467
1647 0.02189905568957329 -0.01105558220297098 0.05207879468798637
1648 0.0198748130351305 -0.009031340479850769 0.05410303547978401
1649 0.02189905568957329 -0.002958613447844982 0.05207879468798637
1650 0.02999602258205414 -0.002958613447844982 0.05207879468798637
1651 0.04214147447297966 -0.007681845014707927 0.05477778592871282
1652 0.03809298947453499 -0.002958613447844982 0.05207879468798637
1653 0.04214147478342056 0.009186839684844017 0.05612727999687195
1654 0.03809298947453499 0.005138355307281017 0.05207879468798637
1655 0.04214147478342056 0.02538077719509602 0.05612727999687195
1656 0.04214147478342056 0.02538077719509602 0.0237394068390131
1657 0.04315435707582169 0.01347005574156268 0.01894101820816649
1658 0.04214147478342056 -0.007007097825407982 0.0237394068390131
1659 0.04214147478342056 0.009186839684844017 0.007545469328761101
1660 0.03809298947453499 -0.002958613447844982 0.04398183152079582
1661 0.04214147478342056 -0.02320103533565998 0.0237394068390131
1662 0.02999602258205414 0.005138355307281017 0.05207879468798637
1663 0.03138912676894608 0.006866056531734548 0.0448626114383887
1664 0.02999602258205414 -0.01105558220297098 0.05207879468798637
1665 0.02999602258205414 -0.01915255188941956 0.05207879468798637
1666 0.02594753913581371 -0.03939497470855713 0.07232121378183365
1667 0.02999602258205414 -0.01105558220297098 0.06017576530575752
1668 0.02999602258205414 -0.002958613447844982 0.06017576530575752
1669 0.02999602258205414 -0.002958613447844982 0.04398183152079582
1670 0.02189905568957329 0.005138355307281017 0.05207879468798637
1671 0.02189905568957329 0.01323532406240702 0.05207879468798637
1672 0.02189905568957329 0.02133229374885559 0.05207879468798637
1673 0.04214147478342056 0.02538077719509602 0.07232121378183365
1674 0.02594753913581371 0.04157471656799316 0.05612727999687195
1675 0.02594753913581371 0.04157471656799316 0.03993334621191025
1676 0.02594753913581371 0.04157471656799316 0.0237394068390131
1677 0.02594753913581371 0.02538077719509602 0.0237394068390131
1678 0.02594753913581371 0.02538077719509602 0.007545469328761101
1679 0.02372332141217547 0.006176486410650533 0.06040509043549695
1680 0.02303711083406205 0.005722943864386403 0.06982921915465566
1681 0.02189905568957329 0.005138355307281017 0.04398183152079582
1682 0.02189905568957329 -0.002958613447844982 0.06017576530575752
1683 0.02419247805998773 -0.01303675580632123 0.06226461062161658
1684 0.02420206153202201 -0.003872981856254273 0.06824967140109471
1685 0.02189905568957329 -0.002958613447844982 0.04398183152079582
1686 0.02189905568957329 -0.01105558220297098 0.04398183152079582
1687 0.02189905568957329 -0.002958613447844982 0.03588486090302467
1688 0.02189905568957329 -0.002958613447844982 0.02778789028525352
1689 0.02594753913581371 -0.007007097825407982 0.007545469328761101
1690 0.02897149883809794 0.01457446317699163 0.00439268921208147
1691 0.02440111816267281 -0.0243068218360219 0.005788304635229845
1692 0.02508127448394904 -0.008664827344667737 -0.008849160417671467
1693 0.009753601625561714 -0.007007097825407982 0.007545469328761101
1694 0.02594753913581371 0.009186839684844017 -0.008648468181490898
1695 0.02999602258205414 -0.01915255188941956 0.06017576530575752
1696 0.02999602258205414 -0.01915255188941956 0.06827273219823837
1697 0.02999602258205414 -0.01105558220297098 0.06827273219823837
1698 0.03809298947453499 -0.01105558220297098 0.06827273219823837
1699 0.01380208600312471 -0.01105558220297098 0.06827273219823837
1700 0.01380208600312471 -0.01915255188941956 0.06827273219823837
1701 0.02350026600621887 -0.01788268307031867 0.06120800291471544
1702 0.02189905568957329 -0.02724951878190041 0.06017576530575752
1703 0.02189905568957329 -0.03534648939967155 0.06017576530575752
1704 0.02189905568957329 -0.01915255188941956 0.06827273219823837
1705 0.02189905568957329 -0.01915255188941956 0.05207879468798637
1706 0.02189905568957329 -0.01105558220297098 0.06827273219823837
1707 0.02189905568957329 -0.01105558220297098 0.07636969536542892
1708 0.02189905568957329 -0.01105558220297098 0.08446667343378067
1709 0.01505487149484132 -0.003499023259037047 0.06948027259230345
1710 0.005705117247998714 -0.002958613447844982 0.06827273219823837
1711 0.01380208600312471 0.005138355307281017 0.06827273219823837
1712 0.01380208600312471 -0.002958613447844982 0.07636969536542892
1713 0.008735970061092798 -0.01385051497849141 0.07068868740741259
1714 0.01711448279776807 -0.02169599801103918 0.06342243891221772
1715 0.01380208600312471 -0.01105558220297098 0.07636969536542892
1716 0.005705117247998714 -0.01915255188941956 0.06827273219823837
1717 -0.002391851507127285 -0.01105558220297098 0.06827273219823837
1718 0.005705117247998714 -0.01105558220297098 0.07636969536542892
1719 0.01380208600312471 -0.01915255188941956 0.05207879468798637
1720 0.0117778442800045 -0.01712830923497677 0.05410303547978401
1721 0.005705117247998714 -0.02724951878190041 0.05207879468798637
1722 0.005705117247998714 -0.03534648939967155 0.05207879468798637
1723 0.005705117247998714 -0.03534648939967155 0.04398183152079582
1724 0.005705117247998714 -0.02724951878190041 0.04398183152079582
1725 0.01380208600312471 -0.01915255188941956 0.04398183152079582
1726 0.01279476335592938 -0.02616091590687482 0.006396318137804902
1727 0.01206677346004249 -0.03700047868617975 0.006259657144587579
1728 0.01380208600312471 -0.02724951878190041 0.06017576530575752
1729 0.01380208600312471 -0.03534648939967155 0.06017576530575752
1730 0.01380208600312471 -0.03534648939967155 0.06827273219823837
1731 0.01380208600312471 -0.02724951878190041 0.06827273219823837
1732 0.01380208600312471 -0.01915255188941956 0.07636969536542892
1733 0.01380208600312471 -0.01915255188941956 0.08446667343378067
1734 0.02999602258205414 -0.01105558220297098 0.04398183152079582
1735 0.02324608898439393 -0.01868189939452276 0.04497476874320879
1736 0.02189905568957329 -0.01105558220297098 0.03588486090302467
1737 0.01380208600312471 -0.02724951878190041 0.04398183152079582
1738 0.01380208600312471 -0.01915255188941956 0.03588486090302467
1739 0.01380208600312471 0.02133229374885559 0.04398183152079582
1740 0.009753601625561714 0.02538077719509602 0.0237394068390131
1741 0.009753601625561714 0.04157471656799316 0.0237394068390131
1742 0.009753601625561714 0.009186839684844017 0.007545469328761101
1743 0.0198748130351305 0.0112110823392868 0.05410303547978401
1744 0.02999602258205414 0.01323532406240702 0.05207879468798637
1745 0.02999602258205414 0.02133229374885559 0.05207879468798637
1746 0.03809298947453499 0.02133229374885559 0.05207879468798637
1747 0.04214147478342056 0.02538077719509602 0.007545469328761101
1748 0.02999602258205414 0.01323532406240702 0.06017576530575752
1749 0.02999602258205414 0.01323532406240702 0.04398183152079582
1750 0.01380208600312471 0.02133229374885559 0.05207879468798637
1751 0.02189905568957329 0.02942926064133644 0.05207879468798637
1752 0.02189905568957329 0.03752623125910759 0.05207879468798637
1753 0.01375512946225969 0.06110325046419793 0.05705675038014956
1754 0.02594753913581371 0.04157471656799316 0.007545469328761101
1755 0.02189905568957329 0.02133229374885559 0.06017576530575752
1756 0.02189905568957329 0.02133229374885559 0.06827273219823837
1757 0.02189905568957329 0.02133229374885559 0.04398183152079582
1758 0.0223213808567969 0.01456213747726928 0.06115571497695117
1759 0.02189905568957329 0.01323532406240702 0.06827273219823837
1760 0.02189905568957329 0.01323532406240702 0.04398183152079582
1761 0.02189905568957329 0.01323532406240702 0.03588486090302467
1762 0.02999602258205414 0.005138355307281017 0.06017576530575752
1763 0.02189905568957329 0.005138355307281017 0.03588486090302467
1764 0.02999602258205414 0.02133229374885559 0.06017576530575752
1765 0.02999602258205414 0.01323532406240702 0.06827273219823837
1766 0.03809298947453499 0.01323532406240702 0.06827273219823837
1767 0.01520213124973369 0.0225097155964972 0.06062771706386154
1768 0.01570486178978427 0.01353816973451582 0.06930434049191375
1769 0.02189905568957329 0.02942926064133644 0.06017576530575752
1770 0.02189905568957329 0.01323532406240702 0.07636969536542892
1771 0.02189905568957329 0.01323532406240702 0.08446667343378067
1772 0.0147479560719648 0.004560978062440045 0.07524292886411814
1773 0.00579826259096451 0.02346386832191083 0.05948516797046674
1774 0.005705117247998714 0.01323532406240702 0.06827273219823837
1775 0.01380208600312471 0.02942926064133644 0.06017576530575752
1776 0.01380208600312471 0.02133229374885559 0.06827273219823837
1777 0.01380208600312471 0.01323532406240702 0.07636969536542892
1778 0.005705117247998714 0.005138355307281017 0.07636969536542892
1779 -0.002391851507127285 0.02133229374885559 0.06017576530575752
1780 0.006514835381124451 0.03020052942439728 0.06100640312464524
1781 0.005705117247998714 0.02133229374885559 0.06827273219823837
1782 0.005705117247998714 0.02133229374885559 0.05207879468798637
1783 -0.002391851507127285 0.01323532406240702 0.06827273219823837
1784 0.005705117247998714 0.01323532406240702 0.07636969536542892
1785 0.0117778442800045 0.0193080510944128 0.05410303547978401
1786 -0.002391851507127285 0.02133229374885559 0.05207879468798637
1787 0.005637707444006722 0.02990806695023668 0.05142575242654605
1788 0.005705117247998714 0.02133229374885559 0.04398183152079582
1789 0.01380208600312471 0.02942926064133644 0.05207879468798637
1790 0.01380208600312471 0.03752623125910759 0.05207879468798637
1791 0.01380208600312471 0.03752623125910759 0.04398183152079582
1792 0.01122331032240386 0.03824363408435478 0.005571639427424804
1793 0.01380208600312471 0.02942926064133644 0.04398183152079582
1794 0.01380208600312471 0.02133229374885559 0.03588486090302467
1795 0.01380208600312471 0.02133229374885559 0.02778789028525352
1796 0.02594753913581371 0.02538077719509602 -0.008648468181490898
1797 0.009753601625561714 0.02538077719509602 0.007545469328761101
1798 -0.002391851507127285 0.02942926064133644 0.05207879468798637
1799 -0.002391851507127285 0.03752623125910759 0.05207879468798637
1800 -0.002391851507127285 0.02133229374885559 0.04398183152079582
1801 0.005705117247998714 0.03752623125910759 0.05207879468798637
1802 0.005705117247998714 0.02942926064133644 0.04398183152079582
1803 0.005705117247998714 0.02133229374885559 0.03588486090302467
1804 0.01380208600312471 0.03752623125910759 0.06017576530575752
1805 0.01380208600312471 0.03752623125910759 0.06827273219823837
1806 0.01380208600312471 0.02942926064133644 0.06827273219823837
1807 0.0135114814124732 0.01954263518850332 0.0756573627849489
1808 0.01380208600312471 0.02133229374885559 0.08446667343378067
1809 0.0198748130351305 -0.009031340479850769 0.03386062011122704
1810 0.02999602258205414 -0.01105558220297098 0.03588486090302467
1811 0.03809298947453499 -0.01105558220297098 0.03588486090302467
1812 0.03809298947453499 -0.01915255188941956 0.03588486090302467
1813 0.04214147478342056 -0.02320103533565998 0.007545469328761101
1814 0.02594753913581371 -0.03939497470855713 0.0237394068390131
1815 0.04214147478342056 -0.02320103533565998 -0.008648468181490898
1816 0.03809298947453499 -0.01105558220297098 0.02778789028525352
1817 0.04094094178872099 -0.006109773235370554 -0.007771902717632292
1818 0.02999602258205414 -0.002958613447844982 0.03588486090302467
1819 0.02950401938844911 -0.01880112002791174 0.03494302567032491
1820 0.02999602258205414 -0.01915255188941956 0.02778789028525352
1821 0.02594753913581371 -0.03939497470855713 0.007545469328761101
1822 0.02628555741607372 -0.02268845074323672 -0.006269857989921424
1823 0.02999602258205414 -0.01105558220297098 0.02778789028525352
1824 0.02189905568957329 -0.01915255188941956 0.03588486090302467
1825 0.02189905568957329 -0.02724951878190041 0.03588486090302467
1826 0.02189905568957329 -0.03534648939967155 0.03588486090302467
1827 0.02594753913581371 -0.03939497470855713 -0.008648468181490898
1828 0.02189905568957329 -0.01915255188941956 0.02778789028525352
1829 0.02189905568957329 -0.01105558220297098 0.01969092339277267
1830 0.02189905568957329 -0.01105558220297098 0.0115939537063241
1831 0.02594753913581371 -0.007007097825407982 -0.0248424056917429
1832 0.009753601625561714 -0.007007097825407982 -0.008648468181490898
1833 0.02594753913581371 -0.02320103533565998 -0.0248424056917429
1834 0.03809298947453499 -0.002958613447844982 0.03588486090302467
1835 0.03021590978421381 0.005299274266315861 0.03508897177473964
1836 0.02999602258205414 -0.002958613447844982 0.02778789028525352
1837 0.02189905568957329 0.005138355307281017 0.02778789028525352
1838 0.02189905568957329 -0.002958613447844982 0.01969092339277267
1839 0.02999602258205414 -0.01105558220297098 0.01969092339277267
1840 0.01414493264662697 -0.01997785168932846 0.0266222286461185
1841 0.02189905568957329 -0.02724951878190041 0.02778789028525352
1842 0.02189905568957329 -0.01915255188941956 0.01969092339277267
1843 0.01380208600312471 -0.002958613447844982 0.01969092339277267
1844 0.005705117247998714 -0.002958613447844982 0.01969092339277267
1845 0.01380208600312471 0.005138355307281017 0.01969092339277267
1846 0.01380208600312471 0.005138355307281017 0.0115939537063241
1847 0.0399525852223267 0.009179075520963018 -0.008569596437309751
1848 0.02594753913581371 0.009186839684844017 -0.0248424056917429
1849 0.01119700120494552 0.01107010163147248 -0.01135184618419382
1850 0.01249151906099772 -0.001907564639375605 0.01132145992866432
1851 0.01582632772624493 -0.01307982392609119 0.03386062011122704
1852 0.01314718455041045 -0.02745128300585281 0.03529280285112154
1853 0.005705117247998714 -0.02724951878190041 0.03588486090302467
1854 0.01380208600312471 -0.03534648939967155 0.03588486090302467
1855 0.01380208600312471 -0.03534648939967155 0.02778789028525352
1856 0.006137315796126756 -0.03865347998538809 -0.007315024618308097
1857 0.01380208600312471 -0.02724951878190041 0.02778789028525352
1858 0.01380208600312471 -0.01915255188941956 0.01969092339277267
1859 0.01380208600312471 -0.01915255188941956 0.0115939537063241
1860 0.01188837955829588 -0.0259380840232389 -0.009908397962307249
1861 0.005705117247998714 -0.01105558220297098 0.01969092339277267
1862 0.0140990840228222 -0.009649261932903155 0.01118394811360914
1863 -0.002391851507127285 -0.02724951878190041 0.03588486090302467
1864 -0.00265383802378669 -0.01163243306089567 0.01948435145615482
1865 -0.00251875593409403 -0.01055495128772626 0.01357876369629428
1866 -0.006440335884690285 -0.007007097825407982 -0.008648468181490898
1867 -0.02263427339494228 -0.02320103533565998 -0.008648468181490898
1868 -0.006440335884690285 -0.03939497470855713 -0.008648468181490898
1869 -0.006440335884690285 -0.02320103533565998 -0.008648468181490898
1870 0.005705117247998714 -0.02724951878190041 0.02778789028525352
1871 0.005705117247998714 -0.01915255188941956 0.01969092339277267
1872 0.005705117247998714 -0.01105558220297098 0.0115939537063241
1873 -0.002391851507127285 0.02133229374885559 0.03588486090302467
1874 -0.002391851507127285 0.02133229374885559 0.02778789028525352
1875 -0.006440335884690285 0.04157471656799316 0.007545469328761101
1876 -0.006440335884690285 0.02538077719509602 0.007545469328761101
1877 0.005705117247998714 0.02942926064133644 0.03588486090302467
1878 0.005705117247998714 0.02133229374885559 0.02778789028525352
1879 0.005705117247998714 0.01323532406240702 0.01969092339277267
1880 0.02189905568957329 0.02133229374885559 0.03588486090302467
1881 0.01380208600312471 0.02942926064133644 0.03588486090302467
1882 -0.01048882026225328 0.02133229374885559 0.03588486090302467
1883 -0.002391851507127285 0.02942926064133644 0.03588486090302467
1884 0.005705117247998714 0.03752623125910759 0.03588486090302467
1885 0.005705117247998714 0.03752623125910759 0.02778789028525352
1886 0.009753601625561714 0.04157471656799316 -0.008648468181490898
1887 -0.02263427339494228 0.04157471656799316 0.007545469328761101
1888 -0.006440335884690285 0.04157471656799316 -0.008648468181490898
1889 0.005705117247998714 0.02942926064133644 0.02778789028525352
1890 0.006698090268718752 0.02044873844685921 0.01961159392445051
1891 0.005705117247998714 0.02133229374885559 0.0115939537063241
1892 0.009753601625561714 0.02538077719509602 -0.008648468181490898
1893 -0.03882820904254913 0.02538077719509602 0.007545469328761101
1894 -0.0249270485605632 0.02596135405477298 -0.00799734100723502
1895 -0.006440335884690285 0.02538077719509602 -0.008648468181490898
1896 0.02189905568957329 0.01323532406240702 0.02778789028525352
1897 0.01380208600312471 0.01323532406240702 0.01969092339277267
1898 -0.002391851507127285 0.01323532406240702 0.01969092339277267
1899 -0.001972347973628955 0.01332167610284358 0.0124037879559801
1900 0.005705117247998714 0.005138355307281017 0.01969092339277267
1901 0.005705117247998714 0.01323532406240702 0.0115939537063241
1902 -0.02668275684118271 0.01323532406240702 0.03588486090302467
1903 -0.01858578994870186 0.02133229374885559 0.03588486090302467
1904 -0.01858578994870186 0.02133229374885559 0.02778789028525352
1905 -0.05502214282751083 0.02538077719509602 0.0237394068390131
1906 -0.01858578994870186 0.01323532406240702 0.02778789028525352
1907 -0.01048882026225328 0.02942926064133644 0.03588486090302467
1908 -0.01048882026225328 0.02133229374885559 0.04398183152079582
1909 -0.01048882026225328 0.02133229374885559 0.02778789028525352
1910 -0.01048882026225328 0.01323532406240702 0.01969092339277267
1911 -0.002391851507127285 0.03752623125910759 0.03588486090302467
1912 -0.002391851507127285 0.02942926064133644 0.04398183152079582
1913 -0.002391851507127285 0.02942926064133644 0.02778789028525352
1914 -0.002391851507127285 0.02133229374885559 0.01969092339277267
1915 -0.002391851507127285 0.005138355307281017 0.01969092339277267
1916 0.0198748130351305 0.0112110823392868 0.03386062011122704
1917 0.02999602258205414 0.01323532406240702 0.03588486090302467
1918 0.03789164896945918 0.01516647277013095 0.03785064960780578
1919 0.03803873915399288 0.01482529300195572 0.02928455817034015
1920 0.04214147478342056 0.02538077719509602 -0.008648468181490898
1921 0.02999602258205414 0.02133229374885559 0.03588486090302467
1922 0.02999602258205414 0.01323532406240702 0.02778789028525352
1923 0.02182138016903448 0.03139294861437376 0.03734484053237807
1924 0.02189905568957329 0.02133229374885559 0.02778789028525352
1925 0.02189905568957329 0.01323532406240702 0.01969092339277267
1926 0.03809298947453499 0.005138355307281017 0.03588486090302467
1927 0.02999602258205414 0.005138355307281017 0.02778789028525352
1928 0.02189905568957329 0.005138355307281017 0.01969092339277267
1929 0.02999602258205414 0.02133229374885559 0.02778789028525352
1930 0.02999602258205414 0.01323532406240702 0.01969092339277267
1931 0.02008966397106868 0.0264237842352959 0.02925034450707739
1932 0.02186075107661335 0.03677732885701783 0.03109094580187331
1933 0.02594753913581371 0.04157471656799316 -0.008648468181490898
1934 0.02189905568957329 0.02133229374885559 0.01969092339277267
1935 0.02189905568957329 0.02133229374885559 0.0115939537063241
1936 0.02594753913581371 0.02538077719509602 -0.0248424056917429
1937 0.02189905568957329 0.01323532406240702 0.0115939537063241
1938 0.01582632772624493 0.01525956578552723 0.03386062011122704
1939 0.01417858801395649 0.0375174305757412 0.0367231840619502
1940 0.01380208600312471 0.02942926064133644 0.02778789028525352
1941 0.01380208600312471 0.02133229374885559 0.01969092339277267
1942 0.01380208600312471 0.01323532406240702 0.0115939537063241
1943 0.005705117247998714 0.005138355307281017 0.0115939537063241
1944 0.005921058363865511 -0.03491295854952625 0.03508538396714988
1945 -0.003228502445158829 -0.004641512739459059 0.01841564307510984
1946 -0.01928308449837721 -0.01928190556679714 0.02663624304865991
1947 -0.01181611435467422 -0.02065948136357034 0.02581875610504554
1948 -0.01048882026225328 -0.01105558220297098 0.01969092339277267
1949 -0.002391851507127285 -0.02724951878190041 0.02778789028525352
1950 -0.002391851507127285 -0.03534648939967155 0.02778789028525352
1951 -0.002391851507127285 -0.01915255188941956 0.01969092339277267
1952 -0.01858578994870186 -0.01915255188941956 0.03588486090302467
1953 -0.01048882026225328 -0.02724951878190041 0.03588486090302467
1954 -0.002391851507127285 -0.03534648939967155 0.03588486090302467
1955 -0.002391851507127285 -0.02724951878190041 0.04398183152079582
1956 -0.01048882026225328 -0.02724951878190041 0.02778789028525352
1957 -0.01048882026225328 -0.01915255188941956 0.01969092339277267
1958 -0.002391851507127285 -0.02724951878190041 0.01969092339277267
1959 -0.002391851507127285 -0.01915255188941956 0.0115939537063241
1960 -0.02665965906689175 -0.01052852359979548 0.03546279377626771
1961 -0.03421216125976051 -0.01131603710689479 0.03549104608200081
1962 -0.03477972373366356 -0.01105558220297098 0.02778789028525352
1963 -0.03882820904254913 -0.007007097825407982 -0.008648468181490898
1964 -0.03882820904254913 -0.02320103533565998 -0.008648468181490898
1965 -0.02668275684118271 -0.01915255188941956 0.03588486090302467
1966 -0.02668275684118271 -0.01105558220297098 0.02778789028525352
1967 -0.01858578994870186 -0.02724951878190041 0.03588486090302467
1968 -0.01858578994870186 -0.03534648939967155 0.03588486090302467
1969 -0.02263427339494228 -0.03939497470855713 0.007545469328761101
1970 -0.02263427339494228 -0.03939497470855713 -0.008648468181490898
1971 -0.01858578994870186 -0.01105558220297098 0.01969092339277267
1972 -0.01792428009284287 -0.01159682141057066 0.01317688663043503
1973 -0.02263427339494228 -0.007007097825407982 -0.0248424056917429
1974 -0.02263427339494228 -0.02320103533565998 -0.0248424056917429
1975 -0.01048882026225328 -0.03534648939967155 0.03588486090302467
1976 -0.008674070545702062 -0.02763384767095313 0.04392325739286036
1977 -0.01048882026225328 -0.002958613447844982 0.01969092339277267
1978 -0.01138782089411252 -0.0112725285248374 0.01083967559478735
1979 -0.002391851507127285 -0.02724951878190041 0.05207879468798637
1980 -0.002391851507127285 -0.03534648939967155 0.05207879468798637
1981 -0.002391851507127285 -0.01915255188941956 0.06827273219823837
1982 -0.0003676093183457851 0.0193080510944128 0.05410303547978401
1983 -0.009631152636019168 0.02950949052100359 0.05223407882780879
1984 -0.002391851507127285 0.02942926064133644 0.06017576530575752
1985 -0.002391851507127285 0.02133229374885559 0.06827273219823837
1986 -0.01048882026225328 0.02942926064133644 0.06017576530575752
1987 -0.002391851507127285 0.03752623125910759 0.06017576530575752
1988 -0.002391851507127285 0.03752623125910759 0.06827273219823837
1989 -0.002391851507127285 0.02942926064133644 0.06827273219823837
1990 -0.002792190607484014 0.02000003110271852 0.07462220192743063
1991 -0.002391851507127285 0.02133229374885559 0.08446667343378067
1992 -0.002391851507127285 0.01323532406240702 0.07636969536542892
1993 -0.01636551139613827 0.02915473959351138 0.05309499494769126
1994 -0.01858578994870186 0.03752623125910759 0.05207879468798637
1995 -0.01048882026225328 0.03752623125910759 0.05207879468798637
1996 -0.0107334090619445 0.02750945925392741 0.04385894111347124
1997 -0.01048882026225328 0.01323532406240702 0.07636969536542892
1998 -0.004416093695908785 0.0193080510944128 0.05410303547978401
1999 -0.002391851507127285 0.005138355307281017 0.07636969536542892
2000 -0.002391851507127285 0.03752623125910759 0.04398183152079582
2001 -0.02668275684118271 -0.002958613447844982 0.02778789028525352
2002 -0.01858578994870186 -0.002958613447844982 0.01969092339277267
2003 -0.01048882026225328 0.005138355307281017 0.01969092339277267
2004 -0.01048882026225328 -0.002958613447844982 0.0115939537063241
2005 -0.03477972373366356 -0.002958613447844982 0.03588486090302467
2006 -0.03477972373366356 -0.002958613447844982 0.02778789028525352
2007 -0.03477972373366356 0.005138355307281017 0.02778789028525352
2008 -0.03434568501738602 0.006547067742231428 -0.009119066520733108
2009 -0.02668275684118271 0.005138355307281017 0.02778789028525352
2010 -0.02668275684118271 -0.002958613447844982 0.01969092339277267
2011 -0.01858578994870186 0.005138355307281017 0.01969092339277267
2012 -0.01911024039371182 0.004370445690236121 0.01325374317127007
2013 -0.02263427339494228 0.009186839684844017 -0.0248424056917429
2014 -0.01802630504055705 -0.003779942466237679 0.01214802112060472
2015 -0.02668275684118271 -0.01915255188941956 0.02778789028525352
2016 -0.02668275684118271 -0.01105558220297098 0.01969092339277267
2017 -0.01858578994870186 -0.02724951878190041 0.02778789028525352
2018 -0.01858578994870186 -0.01915255188941956 0.01969092339277267
2019 -0.03352113358535509 -0.01042438200793719 0.04481611034673071
2020 -0.01858578994870186 -0.02724951878190041 0.04398183152079582
2021 -0.002391851507127285 -0.01105558220297098 0.07636969536542892
2022 -0.01048882026225328 -0.02724951878190041 0.06017576530575752
2023 -0.01048882026225328 -0.01915255188941956 0.06827273219823837
2024 -0.002391851507127285 -0.02724951878190041 0.06017576530575752
2025 0.006155567084102764 -0.02851930559312792 0.06093763520883246
2026 -0.002391851507127285 -0.03534648939967155 0.06017576530575752
2027 -0.002391851507127285 -0.03534648939967155 0.06827273219823837
2028 -0.002391851507127285 -0.02724951878190041 0.06827273219823837
2029 -0.002391851507127285 -0.01915255188941956 0.07636969536542892
2030 -0.002391851507127285 -0.01915255188941956 0.08446667343378067
2031 -0.01048882026225328 -0.01105558220297098 0.07636969536542892
2032 -0.004416093695908785 -0.02117679454386234 0.05410303547978401
2033 -0.002391851507127285 -0.0434434600174427 0.05207879468798637
2034 -0.002391851507127285 -0.05154042318463326 0.05207879468798637
2035 -0.002391851507127285 -0.03534648939967155 0.04398183152079582
2036 0.003680875059217215 0.0193080510944128 0.05005455389618874
2037 0.003680875059217215 0.0193080510944128 0.04600607231259346
2038 0.005705117247998714 0.03752623125910759 0.04398183152079582
2039 -0.003090520150311713 0.004300561748278678 0.01156391140811709
2040 -0.02668275684118271 0.01323532406240702 0.02778789028525352
2041 -0.01858578994870186 0.01323532406240702 0.01969092339277267
2042 -0.01048882026225328 0.02942926064133644 0.02778789028525352
2043 -0.01048882026225328 0.02133229374885559 0.01969092339277267
2044 -0.01061470637402418 0.01202989510058514 0.01170919362611817
2045 -0.01048882026225328 0.005138355307281017 0.0115939537063241
2046 -0.02061003260314465 0.007162597496062517 0.03386062011122704
2047 -0.03477972373366356 0.005138355307281017 0.03588486090302467
2048 -0.04287669435143471 0.005138355307281017 0.03588486090302467
2049 -0.05097365751862526 0.005138355307281017 0.03588486090302467
2050 -0.03477972373366356 0.01323532406240702 0.03588486090302467
2051 -0.03476523560418401 0.02197434233917868 0.03574470645213896
2052 -0.02602032768847131 0.01924481155421656 0.03626683376535601
2053 -0.02668275684118271 0.005138355307281017 0.01969092339277267
2054 -0.01740946094697461 0.02983031794773268 0.03499978845062756
2055 -0.01048882026225328 0.03752623125910759 0.03588486090302467
2056 -0.01048882026225328 0.03752623125910759 0.04398183152079582
2057 -0.02061003260314465 -0.009031340479850769 0.05410303547978401
2058 -0.04287669435143471 -0.01105558220297098 0.05207879468798637
2059 -0.02668275684118271 -0.02724951878190041 0.05207879468798637
2060 -0.01656154729425907 -0.01307982392609119 0.05410303547978401
2061 -0.01858578994870186 -0.03534648939967155 0.05207879468798637
2062 -0.004416093695908785 0.0193080510944128 0.03386062011122704
2063 -0.0003676093183457851 0.0193080510944128 0.03386062011122704
2064 -0.002391851507127285 0.03752623125910759 0.02778789028525352
2065 -0.002391851507127285 0.02942926064133644 0.01969092339277267
2066 -0.002391851507127285 0.02133229374885559 0.0115939537063241
2067 -0.004416093695908785 0.02335653640329838 0.03386062011122704
2068 -0.002391851507127285 0.04562320187687874 0.03588486090302467
2069 -0.004416093695908785 0.0193080510944128 0.03790910169482231
2070 -0.004416093695908785 0.01525956578552723 0.02576364763081074
2071 -0.002434917590546318 0.01565308725215516 0.004972748523930478
2072 -0.002391851507127285 0.01323532406240702 -0.004599983803927898
2073 0.01023958914754652 0.006590400983038919 -0.02261754305103011
2074 0.009753601625561714 0.009186839684844017 -0.04103634506464005
2075 -0.006440335884690285 0.009186839684844017 -0.0248424056917429
2076 -0.006440335884690285 0.009186839684844017 -0.04103634506464005
2077 -0.02263427339494228 0.04157471656799316 -0.008648468181490898
2078 -0.005397553756964974 0.04014162646533116 -0.0268717323073069
2079 -0.000235741478437517 0.02291343392361378 -0.02636778944824649
2080 0.003680875059217215 -0.02117679454386234 0.03386062011122704
2081 0.003680875059217215 -0.02522527612745762 0.03386062011122704
2082 0.005705117247998714 -0.03534648939967155 0.02778789028525352
2083 0.005705117247998714 -0.0434434600174427 0.02778789028525352
2084 0.005705117247998714 -0.03534648939967155 0.01969092339277267
2085 0.009753601625561714 -0.03939497470855713 -0.0248424056917429
2086 0.005705117247998714 -0.02724951878190041 0.01969092339277267
2087 0.01380208600312471 -0.02724951878190041 0.01969092339277267
2088 0.005705117247998714 -0.02724951878190041 0.0115939537063241
2089 0.003680875059217215 -0.01307982392609119 0.02576364763081074
2090 0.003680875059217215 -0.01307982392609119 0.02171516604721546
2091 0.005705117247998714 -0.01915255188941956 0.0115939537063241
2092 0.005705117247998714 -0.01915255188941956 0.003496984951198101
2093 0.009753601625561714 -0.02320103533565998 -0.0248424056917429
2094 -0.006440335884690285 -0.02320103533565998 -0.0248424056917429
2095 0.009350115929547063 -0.006415811170174912 -0.0215247927321222
2096 0.009753601625561714 -0.02320103533565998 -0.04103634506464005
2097 -0.02061003260314465 0.003114113118499517 0.03790910169482231
2098 -0.02061003260314465 -0.0009343712590634823 0.03790910169482231
2099 -0.02465851418673992 -0.0009343712590634823 0.03790910169482231
2100 -0.02061003260314465 0.003114113118499517 0.04195759072899818
2101 -0.02465851418673992 0.003114113118499517 0.04195759072899818
2102 -0.01656154729425907 0.0112110823392868 0.04195759072899818
2103 0.0198748130351305 0.007162597496062517 0.05410303547978401
2104 0.03970759525266701 0.003684392592792879 0.0590296018908407
2105 0.03665970761375444 0.002036009566838069 0.06717676827886479
2106 0.02999602258205414 0.005138355307281017 0.06827273219823837
2107 0.02942218954862235 -0.002019002523861245 0.06792667104740345
2108 0.02999602258205414 0.005138355307281017 0.07636969536542892
2109 0.02189905568957329 0.005138355307281017 0.07636969536542892
2110 0.02189905568957329 -0.002958613447844982 0.07636969536542892
2111 0.02189905568957329 0.005138355307281017 0.08446667343378067
2112 0.01380208600312471 0.005138355307281017 0.08446667343378067
2113 0.005705117247998714 0.005138355307281017 0.08446667343378067
2114 0.01380208600312471 0.01323532406240702 0.08446667343378067
2115 0.01380208600312471 -0.002958613447844982 0.08446667343378067
2116 0.01649452587832889 0.002579855364429426 0.09708285477207899
2117 -0.02061003260314465 -0.004982855636626482 0.03790910169482231
2118 -0.02465851418673992 -0.004982855636626482 0.03790910169482231
2119 -0.02061003260314465 -0.0009343712590634823 0.04195759072899818
2120 -0.02465851418673992 -0.0009343712590634823 0.04195759072899818
2121 -0.02061003260314465 -0.0009343712590634823 0.03386062011122704
2122 -0.02465851418673992 -0.0009343712590634823 0.03386062011122704
2123 0.007729359436780214 0.0193080510944128 0.03386062011122704
2124 0.007729359436780214 0.0193080510944128 0.02981213293969631
2125 0.003680875059217215 0.0193080510944128 0.03386062011122704
2126 0.003680875059217215 0.02335653640329838 0.03386062011122704
2127 0.003680875059217215 0.02740501798689365 0.03386062011122704
2128 0.01273669533117435 0.03678045759298079 0.02821404802393029
2129 0.005705117247998714 0.04562320187687874 0.02778789028525352
2130 0.009753601625561714 0.05776865035295486 -0.008648468181490898
2131 0.005705117247998714 0.03752623125910759 0.01969092339277267
2132 0.009753601625561714 0.04157471656799316 -0.0248424056917429
2133 0.005705117247998714 0.02942926064133644 0.01969092339277267
2134 0.01380208600312471 0.02942926064133644 0.01969092339277267
2135 0.005705117247998714 0.02942926064133644 0.0115939537063241
2136 0.003680875059217215 0.02335653640329838 0.02981213293969631
2137 0.003680875059217215 0.0193080510944128 0.03790910169482231
2138 0.003680875059217215 0.0193080510944128 0.02981213293969631
2139 0.003680875059217215 0.0193080510944128 0.02576364763081074
2140 0.01380208600312471 0.02133229374885559 0.0115939537063241
2141 0.005705117247998714 0.02133229374885559 0.003496984951198101
2142 0.009753601625561714 0.02538077719509602 -0.0248424056917429
2143 0.01085459194915336 0.02899778434220567 -0.04274782291442676
2144 0.003680875059217215 0.01525956578552723 0.02576364763081074
2145 0.003680875059217215 0.01525956578552723 0.02171516604721546
2146 -0.02061003260314465 0.003114113118499517 0.05410303547978401
2147 -0.02465851418673992 0.003114113118499517 0.05410303547978401
2148 -0.02465851418673992 0.003114113118499517 0.05815152451395988
2149 -0.02061003260314465 0.007162597496062517 0.05410303547978401
2150 -0.02061003260314465 0.003114113118499517 0.05815152451395988
2151 -0.02061003260314465 0.003114113118499517 0.05005455389618874
2152 -0.01656154729425907 0.0112110823392868 0.05815152451395988
2153 -0.01656154729425907 0.003114113118499517 0.06624849140644073
2154 0.005705117247998714 -0.03534648939967155 0.06017576530575752
2155 0.005705117247998714 -0.02724951878190041 0.06827273219823837
2156 0.005928492167038576 -0.0184491015705899 0.07664007647050831
2157 0.0198748130351305 -0.004982855636626482 0.05410303547978401
2158 0.0198748130351305 -0.004982855636626482 0.05815152451395988
2159 0.0198748130351305 -0.009031340479850769 0.04600607231259346
2160 0.02392329834401608 -0.009031340479850769 0.04600607231259346
2161 0.03809298947453499 -0.01105558220297098 0.04398183152079582
2162 0.04618996009230614 -0.01105558220297098 0.04398183152079582
2163 0.05428693071007729 -0.01105558220297098 0.04398183152079582
2164 0.04618996009230614 -0.002958613447844982 0.04398183152079582
2165 0.04618996009230614 -0.01915255188941956 0.04398183152079582
2166 0.04618996009230614 -0.01105558220297098 0.03588486090302467
2167 0.03714509993890946 0.003249711521350233 0.04350236897654221
2168 0.03809298947453499 -0.01915255188941956 0.04398183152079582
2169 0.02999602258205414 -0.01915255188941956 0.04398183152079582
2170 0.03809298947453499 -0.02724951878190041 0.04398183152079582
2171 0.03809298947453499 -0.01915255188941956 0.05207879468798637
2172 0.03809298947453499 -0.01105558220297098 0.05207879468798637
2173 0.02999602258205414 -0.02724951878190041 0.04398183152079582
2174 0.02189905568957329 -0.02724951878190041 0.04398183152079582
2175 0.02999602258205414 -0.03534648939967155 0.04398183152079582
2176 0.02999602258205414 -0.02724951878190041 0.05207879468798637
2177 0.02999602258205414 -0.02724951878190041 0.03588486090302467
2178 0.01380208600312471 -0.03534648939967155 0.04398183152079582
2179 0.02189905568957329 -0.03534648939967155 0.04398183152079582
2180 0.01380208600312471 -0.0434434600174427 0.04398183152079582
2181 0.01380208600312471 -0.03534648939967155 0.05207879468798637
2182 0.01380208600312471 -0.02724951878190041 0.05207879468798637
2183 0.02189905568957329 -0.02724951878190041 0.05207879468798637
2184 0.01582632772624493 -0.01307982392609119 0.04600607231259346
2185 0.01582632772624493 -0.01307982392609119 0.04195759072899818
2186 0.0198748130351305 0.003114113118499517 0.03386062011122704
2187 0.0198748130351305 0.003114113118499517 0.02981213293969631
2188 0.03809298947453499 0.005138355307281017 0.02778789028525352
2189 0.02999602258205414 0.005138355307281017 0.01969092339277267
2190 0.02189905568957329 0.005138355307281017 0.0115939537063241
2191 0.03809298947453499 -0.002958613447844982 0.02778789028525352
2192 0.02999602258205414 -0.002958613447844982 0.01969092339277267
2193 0.02189905568957329 -0.002958613447844982 0.0115939537063241
2194 -0.002391851507127285 -0.002958613447844982 0.07636969536542892
2195 0.0198748130351305 -0.004982855636626482 0.04600607231259346
2196 0.0198748130351305 -0.004982855636626482 0.05005455389618874
2197 0.02392329834401608 -0.004982855636626482 0.05005455389618874
2198 0.04626824261989779 -0.00388232060453866 0.05102422433978115
2199 0.03777309588395969 -0.004241338143766643 0.05986739293594167
2200 0.03696841203440909 -0.005320229576210778 0.06726061012078495
2201 0.0198748130351305 -0.0009343712590634823 0.05005455389618874
2202 -0.02061003260314465 -0.0009343712590634823 0.05005455389618874
2203 -0.02465851418673992 -0.0009343712590634823 0.05005455389618874
2204 -0.02465851418673992 -0.0009343712590634823 0.04600607231259346
2205 -0.02061003260314465 -0.0009343712590634823 0.04600607231259346
2206 0.0198748130351305 0.007162597496062517 0.05815152451395988
2207 0.005705117247998714 -0.002958613447844982 0.07636969536542892
2208 0.007729359436780214 0.007162597496062517 0.06624849140644073
2209 0.005705117247998714 0.02942926064133644 0.06827273219823837
2210 0.005705117247998714 0.02133229374885559 0.07636969536542892
2211 0.005214871267185137 0.01356742743894278 0.0838499069528781
2212 0.01536073581194776 0.01091941225792038 0.06422788567892071
2213 0.01150169863964447 0.007247509563439017 0.0653075266317415
2214 -0.02061003260314465 -0.004982855636626482 0.05410303547978401
2215 -0.02465851418673992 -0.004982855636626482 0.05410303547978401
2216 -0.02061003260314465 -0.004982855636626482 0.05815152451395988
2217 -0.009697737621065549 -0.003330888991056513 0.08475750752307941
2218 0.0198748130351305 -0.004982855636626482 0.04195759072899818
2219 0.0198748130351305 -0.004982855636626482 0.03790910169482231
2220 0.0198748130351305 -0.0009343712590634823 0.04195759072899818
2221 0.0198748130351305 -0.0009343712590634823 0.03790910169482231
2222 0.02392329834401608 -0.004982855636626482 0.03790910169482231
2223 0.04618996009230614 -0.002958613447844982 0.03588486090302467
2224 0.04618996009230614 0.005138355307281017 0.03588486090302467
2225 0.0198748130351305 -0.009031340479850769 0.03790910169482231
2226 0.0198748130351305 -0.004982855636626482 0.03386062011122704
2227 -0.008464578539133072 0.0193080510944128 0.05815152451395988
2228 -0.008464578539133072 0.0112110823392868 0.06624849140644073
2229 0.02392329834401608 -0.009031340479850769 0.03790910169482231
2230 0.04618996009230614 -0.01915255188941956 0.03588486090302467
2231 0.03809298947453499 -0.02724951878190041 0.03588486090302467
2232 0.03809298947453499 -0.01915255188941956 0.02778789028525352
2233 0.04618996009230614 -0.01105558220297098 0.02778789028525352
2234 0.03809298947453499 -0.01105558220297098 0.01969092339277267
2235 0.04214147478342056 -0.007007097825407982 -0.0248424056917429
2236 0.02999602258205414 -0.02724951878190041 0.02778789028525352
2237 0.02999602258205414 -0.01915255188941956 0.01969092339277267
2238 0.0198748130351305 -0.01307982392609119 0.03790910169482231
2239 0.02999602258205414 -0.03534648939967155 0.03588486090302467
2240 0.02189905568957329 -0.0434434600174427 0.03588486090302467
2241 0.02189905568957329 -0.03534648939967155 0.02778789028525352
2242 0.01582632772624493 -0.01307982392609119 0.03790910169482231
2243 0.01582632772624493 -0.01712830923497677 0.03790910169482231
2244 0.0117778442800045 -0.01712830923497677 0.03790910169482231
2245 -0.0003676093183457851 -0.02117679454386234 0.05005455389618874
2246 -0.004416093695908785 -0.02117679454386234 0.05005455389618874
2247 -0.01096262009965285 -0.0357191175389089 0.04335447600666104
2248 0.003680875059217215 -0.02117679454386234 0.05005455389618874
2249 0.005705117247998714 -0.0434434600174427 0.05207879468798637
2250 -0.0003676093183457851 -0.02117679454386234 0.05410303547978401
2251 -0.0003676093183457851 -0.02117679454386234 0.04600607231259346
2252 -0.002391851507127285 -0.0434434600174427 0.04398183152079582
2253 0.0198748130351305 -0.004982855636626482 0.02981213293969631
2254 0.01582632772624493 -0.004982855636626482 0.02576364763081074
2255 0.01582632772624493 -0.004982855636626482 0.02171516604721546
2256 0.007729359436780214 -0.004982855636626482 0.02576364763081074
2257 0.007729359436780214 -0.004982855636626482 0.02171516604721546
2258 0.005705117247998714 -0.002958613447844982 0.0115939537063241
2259 -0.002391851507127285 -0.002958613447844982 0.0115939537063241
2260 0.005705117247998714 -0.002958613447844982 0.003496984951198101
2261 -0.006440335884690285 -0.007007097825407982 -0.0248424056917429
2262 0.009753601625561714 -0.007007097825407982 -0.04103634506464005
2263 0.0117778442800045 -0.0009343712590634823 0.02576364763081074
2264 0.0117778442800045 -0.004982855636626482 0.02576364763081074
2265 0.01234986195588056 -0.008479579540277829 0.02579780811096878
2266 0.0117778442800045 -0.004982855636626482 0.02171516604721546
2267 0.005705117247998714 0.03752623125910759 0.06017576530575752
2268 0.005705117247998714 0.04562320187687874 0.06017576530575752
2269 0.005705117247998714 0.03752623125910759 0.06827273219823837
2270 0.007729359436780214 0.0112110823392868 0.06624849140644073
2271 0.0198748130351305 -0.01307982392609119 0.03386062011122704
2272 0.01582632772624493 -0.01712830923497677 0.03386062011122704
2273 0.0117778442800045 -0.01712830923497677 0.03386062011122704
2274 0.0117778442800045 -0.02117679454386234 0.03386062011122704
2275 0.01380208600312471 -0.0434434600174427 0.03588486090302467
2276 0.005705117247998714 -0.0434434600174427 0.03588486090302467
2277 0.0117778442800045 -0.01712830923497677 0.02981213293969631
2278 0.007729359436780214 -0.02117679454386234 0.04600607231259346
2279 0.005705117247998714 -0.0434434600174427 0.04398183152079582
2280 0.007729359436780214 -0.01712830923497677 0.04195759072899818
2281 0.003680875059217215 -0.02117679454386234 0.04600607231259346
2282 0.007729359436780214 -0.02117679454386234 0.04195759072899818
2283 0.003680875059217215 -0.02117679454386234 0.04195759072899818
2284 -0.0003676093183457851 -0.02117679454386234 0.04195759072899818
2285 0.003680875059217215 -0.02117679454386234 0.03790910169482231
2286 0.0198748130351305 -0.009031340479850769 0.05815152451395988
2287 0.02392329834401608 -0.009031340479850769 0.05815152451395988
2288 0.03809298947453499 -0.01105558220297098 0.06017576530575752
2289 0.04618996009230614 -0.01105558220297098 0.06017576530575752
2290 0.04618996009230614 -0.01915255188941956 0.06017576530575752
2291 0.04610352188118865 -0.008617467099913395 0.0712396374273071
2292 0.03809298947453499 -0.01915255188941956 0.06017576530575752
2293 0.03809298947453499 -0.02724951878190041 0.06017576530575752
2294 0.03809298947453499 -0.01915255188941956 0.06827273219823837
2295 0.03809298947453499 -0.01105558220297098 0.07636969536542892
2296 0.02999602258205414 -0.02724951878190041 0.06017576530575752
2297 0.02999602258205414 -0.03534648939967155 0.06017576530575752
2298 0.02999602258205414 -0.02724951878190041 0.06827273219823837
2299 0.02999602258205414 -0.01915255188941956 0.07636969536542892
2300 0.02999602258205414 -0.01105558220297098 0.07636969536542892
2301 0.02999602258205414 -0.002958613447844982 0.07636969536542892
2302 0.02999602258205414 -0.01105558220297098 0.08446667343378067
2303 0.0198748130351305 -0.01307982392609119 0.05815152451395988
2304 0.02189905568957329 -0.0434434600174427 0.06017576530575752
2305 0.02189905568957329 -0.03534648939967155 0.06827273219823837
2306 0.02189905568957329 -0.03534648939967155 0.05207879468798637
2307 0.02189905568957329 -0.02724951878190041 0.06827273219823837
2308 0.02189905568957329 -0.02724951878190041 0.07636969536542892
2309 0.02189905568957329 -0.01915255188941956 0.07636969536542892
2310 0.02189905568957329 -0.01915255188941956 0.08446667343378067
2311 0.0198748130351305 -0.009031340479850769 0.06220000609755516
2312 0.01380208600312471 -0.01105558220297098 0.08446667343378067
2313 0.02189905568957329 -0.002958613447844982 0.08446667343378067
2314 0.02189905568957329 -0.01105558220297098 0.09256363660097122
2315 0.01582632772624493 -0.01307982392609119 0.05815152451395988
2316 0.01582632772624493 -0.01712830923497677 0.05815152451395988
2317 0.01582632772624493 -0.01307982392609119 0.06220000609755516
2318 0.005705117247998714 -0.01105558220297098 0.08446667343378067
2319 0.005705117247998714 -0.002958613447844982 0.08446667343378067
2320 0.005705117247998714 -0.01915255188941956 0.08446667343378067
2321 0.005705117247998714 -0.01105558220297098 0.09256363660097122
2322 0.0117778442800045 -0.01712830923497677 0.05815152451395988
2323 0.0117778442800045 -0.02117679454386234 0.05815152451395988
2324 0.01380208600312471 -0.0434434600174427 0.06017576530575752
2325 0.005705117247998714 -0.0434434600174427 0.06017576530575752
2326 0.01380208600312471 -0.0434434600174427 0.06827273219823837
2327 0.01380208600312471 -0.0434434600174427 0.05207879468798637
2328 0.005705117247998714 -0.03534648939967155 0.06827273219823837
2329 0.01380208600312471 -0.03534648939967155 0.07636969536542892
2330 0.01380208600312471 -0.02724951878190041 0.07636969536542892
2331 0.005705117247998714 -0.02724951878190041 0.07636969536542892
2332 0.01380208600312471 -0.02724951878190041 0.08446667343378067
2333 0.0117778442800045 -0.01712830923497677 0.06220000609755516
2334 0.01380208600312471 -0.01915255188941956 0.09256363660097122
2335 0.0117778442800045 -0.009031340479850769 0.06624849140644073
2336 0.003680875059217215 -0.02117679454386234 0.05815152451395988
2337 0.007729359436780214 -0.02117679454386234 0.05410303547978401
2338 0.0198748130351305 0.007162597496062517 0.02981213293969631
2339 0.02392329834401608 0.007162597496062517 0.02981213293969631
2340 0.04618996009230614 0.005138355307281017 0.02778789028525352
2341 0.05428693071007729 0.005138355307281017 0.02778789028525352
2342 0.03641989265210922 0.003795745769171965 0.02074435462615451
2343 0.03821601964860354 0.002449731694160045 0.01101300313799981
2344 0.02878566554430368 0.005238209278474436 0.01242556356956242
2345 0.0198748130351305 0.0112110823392868 0.02981213293969631
2346 0.0198748130351305 0.007162597496062517 0.03386062011122704
2347 0.0198748130351305 0.007162597496062517 0.02576364763081074
2348 0.02189905568957329 0.005138355307281017 0.003496984951198101
2349 0.02189905568957329 0.005138355307281017 -0.004599983803927898
2350 0.02594753913581371 0.009186839684844017 -0.04103634506464005
2351 0.02594753913581371 -0.007007097825407982 -0.04103634506464005
2352 0.01582632772624493 0.01525956578552723 0.02981213293969631
2353 0.01582632772624493 0.0112110823392868 0.02576364763081074
2354 0.01380208600312471 0.01323532406240702 0.003496984951198101
2355 0.01582632772624493 0.007162597496062517 0.02576364763081074
2356 0.0117778442800045 0.007162597496062517 0.02576364763081074
2357 0.01380208600312471 0.005138355307281017 0.003496984951198101
2358 0.01582632772624493 0.003114113118499517 0.02576364763081074
2359 0.007729359436780214 0.0112110823392868 0.02576364763081074
2360 0.005705117247998714 0.01323532406240702 0.003496984951198101
2361 0.0117778442800045 0.0193080510944128 0.02981213293969631
2362 0.0117778442800045 0.01525956578552723 0.02576364763081074
2363 0.0117778442800045 0.0112110823392868 0.02576364763081074
2364 0.007729359436780214 0.0193080510944128 0.05410303547978401
2365 0.003680875059217215 0.0193080510944128 0.05410303547978401
2366 0.003680875059217215 0.02335653640329838 0.05410303547978401
2367 0.001882433490177578 0.02870693867883308 0.05548791045454401
2368 0.005705117247998714 0.04562320187687874 0.05207879468798637
2369 0.003680875059217215 0.0193080510944128 0.05815152451395988
2370 0.007729359436780214 0.0193080510944128 0.05815152451395988
2371 0.0117778442800045 0.0193080510944128 0.05815152451395988
2372 0.009593577511523637 0.01562586900912287 0.06457395970070968
2373 0.007729359436780214 0.0193080510944128 0.06624849140644073
2374 0.02999602258205414 0.02133229374885559 0.06827273219823837
2375 0.02189905568957329 0.02942926064133644 0.06827273219823837
2376 0.02404829024724406 0.02480336167353208 0.07806925448258203
2377 -0.0003676093183457851 0.0193080510944128 0.05815152451395988
2378 -0.0003676093183457851 0.01525956578552723 0.06624849140644073
2379 -0.0003676093183457851 0.0112110823392868 0.06624849140644073
2380 0.003680875059217215 0.0112110823392868 0.06624849140644073
2381 -0.01656154729425907 0.0112110823392868 0.05410303547978401
2382 -0.01656154729425907 0.0112110823392868 0.05005455389618874
2383 -0.01656154729425907 0.0112110823392868 0.04600607231259346
2384 -0.03477972373366356 0.01323532406240702 0.04398183152079582
2385 -0.02668275684118271 0.02133229374885559 0.04398183152079582
2386 -0.01858578994870186 0.02942926064133644 0.04398183152079582
2387 -0.0125130619853735 0.01525956578552723 0.05005455389618874
2388 0.0117778442800045 0.0193080510944128 0.05005455389618874
2389 0.02999602258205414 0.02133229374885559 0.04398183152079582
2390 0.03809298947453499 0.02133229374885559 0.04398183152079582
2391 0.02999602258205414 0.02942926064133644 0.04398183152079582
2392 0.02189905568957329 0.02942926064133644 0.04398183152079582
2393 0.02189905568957329 0.03752623125910759 0.04398183152079582
2394 0.01380208600312471 0.04562320187687874 0.04398183152079582
2395 0.007729359436780214 0.0193080510944128 0.05005455389618874
2396 0.007729359436780214 0.02335653640329838 0.05005455389618874
2397 0.007729359436780214 0.0193080510944128 0.04600607231259346
2398 0.03809298947453499 0.01323532406240702 0.04398183152079582
2399 0.04618996009230614 0.01323532406240702 0.04398183152079582
2400 0.003680875059217215 -0.02117679454386234 0.05410303547978401
2401 -0.004416093695908785 -0.02117679454386234 0.04195759072899818
2402 -0.004416093695908785 -0.02117679454386234 0.04600607231259346
2403 -0.004416093695908785 -0.02117679454386234 0.03790910169482231
2404 -0.002391851507127285 -0.0434434600174427 0.03588486090302467
2405 -0.01525002821379137 -0.01217037326888719 0.04947925067752995
2406 -0.0003676093183457851 -0.009031340479850769 0.02576364763081074
2407 -0.002391851507127285 -0.01105558220297098 0.003496984951198101
2408 -0.002391851507127285 -0.01105558220297098 -0.004599983803927898
2409 -0.006440335884690285 -0.03939497470855713 -0.0248424056917429
2410 -0.01048882026225328 -0.03534648939967155 0.02778789028525352
2411 -0.01048882026225328 -0.02724951878190041 0.01969092339277267
2412 -0.01048882026225328 -0.01915255188941956 0.0115939537063241
2413 -0.0003676093183457851 -0.02117679454386234 0.02981213293969631
2414 -0.002391851507127285 -0.0434434600174427 0.02778789028525352
2415 -0.002391851507127285 -0.05154042318463326 0.02778789028525352
2416 -0.002391851507127285 -0.03534648939967155 0.01969092339277267
2417 -0.002391851507127285 -0.03534648939967155 0.0115939537063241
2418 -0.002391851507127285 -0.02724952017888423 0.01240365104749799
2419 -0.0003676093183457851 -0.01712830923497677 0.02576364763081074
2420 -0.002391851507127285 -0.01915255188941956 0.003496984951198101
2421 -0.0003676093183457851 -0.01307982392609119 0.02576364763081074
2422 -0.004416093695908785 -0.01307982392609119 0.02576364763081074
2423 0.007729359436780214 -0.02117679454386234 0.02981213293969631
2424 0.008967167985274227 -0.01845565320775786 0.02478771444652459
2425 0.003680875059217215 -0.02117679454386234 0.02981213293969631
2426 0.003680875059217215 -0.02522527612745762 0.02981213293969631
2427 0.003680875059217215 -0.02117679454386234 0.02576364763081074
2428 0.003680875059217215 -0.01712830923497677 0.02576364763081074
2429 0.003680875059217215 -0.01712830923497677 0.02171516604721546
2430 -0.0003676093183457851 -0.02117679454386234 0.03386062011122704
2431 -0.004416093695908785 0.0112110823392868 0.06624849140644073
2432 -0.02061003260314465 0.0112110823392868 0.05815152451395988
2433 -0.03477972373366356 0.01323532406240702 0.06017576530575752
2434 -0.03477972373366356 0.02133229374885559 0.06017576530575752
2435 -0.03477972373366356 0.01323532406240702 0.06827273219823837
2436 -0.02668275684118271 0.02133229374885559 0.06017576530575752
2437 -0.02668275684118271 0.02942926064133644 0.06017576530575752
2438 -0.02668275684118271 0.02133229374885559 0.06827273219823837
2439 -0.02668275684118271 0.01323532406240702 0.06827273219823837
2440 -0.02668275684118271 0.01323532406240702 0.07636969536542892
2441 -0.0125130619853735 0.0193080510944128 0.05815152451395988
2442 -0.01858578994870186 0.02942926064133644 0.06017576530575752
2443 -0.01858578994870186 0.03752623125910759 0.06017576530575752
2444 -0.01858578994870186 0.02942926064133644 0.06827273219823837
2445 -0.01858578994870186 0.02133229374885559 0.06827273219823837
2446 -0.01858578994870186 0.02133229374885559 0.07636969536542892
2447 -0.0125130619853735 0.0112110823392868 0.06624849140644073
2448 -0.01798153795422457 0.01175411058092992 0.07460029833865806
2449 -0.01858578994870186 0.01323532406240702 0.08446667343378067
2450 -0.008464578539133072 0.02335653640329838 0.05815152451395988
2451 -0.01048882026225328 0.03752623125910759 0.06017576530575752
2452 -0.01048882026225328 0.04562320187687874 0.06017576530575752
2453 -0.01048882026225328 0.03752623125910759 0.06827273219823837
2454 -0.01048882026225328 0.02942926064133644 0.06827273219823837
2455 -0.01048882026225328 0.02942926064133644 0.07636969536542892
2456 -0.008464578539133072 0.0193080510944128 0.06220000609755516
2457 -0.009240744966757352 0.01989172841878372 0.07603439708369618
2458 -0.01048882026225328 0.02133229374885559 0.08446667343378067
2459 -0.008464578539133072 0.01525956578552723 0.06624849140644073
2460 -0.008464578539133072 0.0112110823392868 0.07029697299003601
2461 -0.01048882026225328 0.01323532406240702 0.08446667343378067
2462 -0.002391851507127285 0.01323532406240702 0.08446667343378067
2463 -0.01048882026225328 0.01323532406240702 0.09256363660097122
2464 -0.004416093695908785 0.0193080510944128 0.05815152451395988
2465 -0.005377121022783935 0.01679736858358028 0.06811522418030906
2466 -0.002391851507127285 0.02942926064133644 0.07636969536542892
2467 0.005705117247998714 0.02942926064133644 0.07636969536542892
2468 -0.01656154729425907 0.0112110823392868 0.03386062011122704
2469 -0.01656154729425907 0.0112110823392868 0.02981213293969631
2470 -0.03478290068864796 0.01238857062998135 0.02780271896543884
2471 -0.02668275684118271 0.02133229374885559 0.02778789028525352
2472 -0.02668275684118271 0.01323532406240702 0.01969092339277267
2473 -0.01858578994870186 0.02942926064133644 0.02778789028525352
2474 -0.01858578994870186 0.03752623125910759 0.02778789028525352
2475 -0.01753720607113595 0.01973934274906097 0.02064154060986132
2476 -0.01858578994870186 0.02133229374885559 0.0115939537063241
2477 -0.01858578994870186 0.01323532406240702 0.0115939537063241
2478 0.007729359436780214 -0.01307982392609119 0.02576364763081074
2479 0.007566296538631874 -0.008991101767284572 0.02661085376393398
2480 0.007729359436780214 -0.01307982392609119 0.02171516604721546
2481 -0.02061003260314465 -0.004982855636626482 0.04195759072899818
2482 -0.02465851418673992 -0.004982855636626482 0.04195759072899818
2483 -0.04287669435143471 -0.002958613447844982 0.04398183152079582
2484 -0.04471099127560345 -0.009739947727665026 0.04445697373252729
2485 -0.03477972373366356 -0.01915255188941956 0.04398183152079582
2486 -0.02668275684118271 -0.02724951878190041 0.04398183152079582
2487 -0.02061003260314465 -0.004982855636626482 0.04600607231259346
2488 -0.008464578539133072 0.0193080510944128 0.02981213293969631
2489 -0.008464578539133072 0.0112110823392868 0.02576364763081074
2490 -0.008464578539133072 0.0112110823392868 0.02171516604721546
2491 -0.008483631362768878 0.01968739719326987 0.04752642589082661
2492 -0.01340124079994857 0.01653005914559189 0.04667389833651819
2493 -0.02061003260314465 0.007162597496062517 0.05815152451395988
2494 -0.02465851418673992 0.007162597496062517 0.05815152451395988
2495 -0.03477972373366356 0.005138355307281017 0.06827273219823837
2496 -0.02668275684118271 0.005138355307281017 0.07636969536542892
2497 -0.01656154729425907 0.007162597496062517 0.06624849140644073
2498 -0.01193691146361199 0.007708394042918676 0.06467679597689598
2499 -0.0125130619853735 0.003114113118499517 0.06624849140644073
2500 -0.01855604750028539 0.007358142623065235 0.02898756822217621
2501 -0.02465851418673992 0.007162597496062517 0.02981213293969631
2502 -0.01634975360226114 0.006973482036624775 0.02695314826808496
2503 -0.01656154729425907 0.007162597496062517 0.02171516604721546
2504 -0.0125130619853735 0.003114113118499517 0.02576364763081074
2505 -0.0125130619853735 0.007162597496062517 0.02576364763081074
2506 -0.008464578539133072 0.007162597496062517 0.02576364763081074
2507 -0.0125130619853735 0.0112110823392868 0.02576364763081074
2508 -0.0125130619853735 0.007162597496062517 0.02171516604721546
2509 -0.03036405695578137 -0.0009515025483124706 0.0343021113574687
2510 -0.04287669435143471 -0.002958613447844982 0.03588486090302467
2511 -0.04899655509182706 -0.002709350443287885 0.03494574455483341
2512 -0.05502214282751083 -0.007007097825407982 -0.008648468181490898
2513 -0.04287669435143471 -0.01105558220297098 0.03588486090302467
2514 -0.04287669435143471 -0.002958613447844982 0.02778789028525352
2515 -0.02465851418673992 -0.004982855636626482 0.03386062011122704
2516 -0.02465851418673992 -0.0009343712590634823 0.02981213293969631
2517 -0.02061003260314465 0.003114113118499517 0.03386062011122704
2518 -0.02061003260314465 -0.004982855636626482 0.03386062011122704
2519 -0.01950742478884674 -0.0009373831429195687 0.03033270531237447
2520 -0.01793028398682722 -0.0009107930437107128 0.02723333882103308
2521 -0.01656154729425907 -0.0009343712590634823 0.02171516604721546
2522 0.007729359436780214 -0.02117679454386234 0.05815152451395988
2523 -0.0003676093183457851 -0.02117679454386234 0.05815152451395988
2524 -0.0003676093183457851 -0.02522527612745762 0.05815152451395988
2525 -0.0003676093183457851 -0.01712830923497677 0.06624849140644073
2526 0.003680875059217215 -0.02522527612745762 0.05815152451395988
2527 0.003680875059217215 -0.02117679454386234 0.06220000609755516
2528 0.003680875059217215 -0.01712830923497677 0.06624849140644073
2529 -0.0005322241064034584 -0.01242070448476848 0.06453269215950498
2530 -0.002391851507127285 -0.01105558220297098 0.08446667343378067
2531 -0.0125130619853735 -0.01712830923497677 0.05815152451395988
2532 -0.03477972373366356 -0.01915255188941956 0.06017576530575752
2533 -0.03477972373366356 -0.01915255188941956 0.06827273219823837
2534 -0.02668275684118271 -0.02724951878190041 0.06017576530575752
2535 -0.02668275684118271 -0.01915255188941956 0.06827273219823837
2536 -0.01858578994870186 -0.03534648939967155 0.06017576530575752
2537 -0.01858578994870186 -0.03534648939967155 0.06827273219823837
2538 -0.01858578994870186 -0.02724951878190041 0.06827273219823837
2539 -0.01858578994870186 -0.01915255188941956 0.07636969536542892
2540 -0.01858578994870186 -0.01915255188941956 0.08446667343378067
2541 -0.01048882026225328 -0.03534648939967155 0.06017576530575752
2542 -0.01005987391037369 -0.02762063163376998 0.06700517015252908
2543 -0.01048882026225328 -0.01915255188941956 0.07636969536542892
2544 -0.004416093695908785 -0.02117679454386234 0.05815152451395988
2545 -0.004416093695908785 -0.02522527612745762 0.05815152451395988
2546 -0.01322154735842363 -0.04570386067078081 0.05971468554850655
2547 -0.01048882026225328 -0.03534648939967155 0.06827273219823837
2548 -0.01048882026225328 -0.02724951878190041 0.07636969536542892
2549 -0.002391851507127285 -0.0434434600174427 0.06017576530575752
2550 -0.002391851507127285 -0.02724951878190041 0.07636969536542892
2551 -0.004416093695908785 -0.01712830923497677 0.06624849140644073
2552 -0.01048882026225328 -0.01915255188941956 0.08446667343378067
2553 -0.01906043040532979 0.002846866510104471 0.03022420723996927
2554 -0.02255428881129275 0.002823549903185772 0.02783461627625467
2555 -0.04287669435143471 0.005138355307281017 0.02778789028525352
2556 -0.03477972497057635 0.005138355021093349 0.02154647787473443
2557 -0.03477972373366356 0.005138355307281017 0.0115939537063241
2558 -0.03882820904254913 0.009186839684844017 -0.0248424056917429
2559 -0.0445475260757266 -0.002693869327225528 -0.02736862103770326
2560 -0.02459840960751917 0.004977322295003222 0.01237531980748919
2561 -0.01656154729425907 0.003114113118499517 0.02576364763081074
2562 -0.01575016866290616 0.003464905618745451 0.0213392933228221
2563 -0.01858578994870186 0.005138355307281017 0.003496984951198101
2564 -0.01858578994870186 0.005138355307281017 -0.004599983803927898
2565 -0.02263427339494228 0.009186839684844017 -0.04103634506464005
2566 -0.02263427339494228 -0.007007097825407982 -0.04103634506464005
2567 -0.0125130619853735 -0.0009343712590634823 0.02576364763081074
2568 -0.0125130619853735 -0.0009343712590634823 0.02171516604721546
2569 -0.01048882026225328 -0.002958613447844982 0.003496984951198101
2570 -0.02061003260314465 -0.004982855636626482 0.02981213293969631
2571 -0.02465851418673992 -0.004982855636626482 0.02981213293969631
2572 -0.03477972373366356 -0.002958613447844982 0.01969092339277267
2573 -0.02668275684118271 -0.002958613447844982 0.0115939537063241
2574 -0.04287669435143471 -0.01105558220297098 0.02778789028525352
2575 -0.03477972373366356 -0.01915255188941956 0.02778789028525352
2576 -0.03477972373366356 -0.01105558220297098 0.01969092339277267
2577 -0.02668275684118271 -0.02724951878190041 0.02778789028525352
2578 -0.02668275684118271 -0.01915255188941956 0.01969092339277267
2579 -0.02668275684118271 -0.01105558220297098 0.0115939537063241
2580 -0.01609127279056507 -0.005032137546375429 0.02618139530388121
2581 -0.01656154729425907 -0.004982855636626482 0.02171516604721546
2582 -0.01858578994870186 -0.002958613447844982 0.003496984951198101
2583 -0.01858578994870186 -0.02724951878190041 0.01969092339277267
2584 -0.01858578994870186 -0.01915255188941956 0.0115939537063241
2585 -0.01858578994870186 -0.01105558220297098 0.003496984951198101
2586 -0.008464578539133072 -0.009031340479850769 0.02576364763081074
2587 -0.008464578539133072 -0.009031340479850769 0.02171516604721546
2588 -0.01656154729425907 -0.01307982392609119 0.02981213293969631
2589 -0.01656154729425907 -0.01712830923497677 0.02981213293969631
2590 -0.0125130619853735 -0.01712830923497677 0.02981213293969631
2591 -0.0125130619853735 -0.01307982392609119 0.02576364763081074
2592 -0.0125130619853735 -0.009031340479850769 0.02576364763081074
2593 -0.01656154729425907 -0.009031340479850769 0.02576364763081074
2594 -0.0125130619853735 -0.004982855636626482 0.02576364763081074
2595 -0.0125130619853735 -0.009031340479850769 0.02171516604721546
2596 0.007729359436780214 0.02335653640329838 0.02981213293969631
2597 0.007729359436780214 0.01525956578552723 0.02576364763081074
2598 -0.0003676093183457851 0.01525956578552723 0.02576364763081074
2599 -0.0003676093183457851 0.0112110823392868 0.02576364763081074
2600 0.003680875059217215 0.007162597496062517 0.02576364763081074
2601 0.005705117247998714 0.005138355307281017 0.003496984951198101
2602 0.003680875059217215 0.0112110823392868 0.02576364763081074
2603 -0.004416093695908785 0.0193080510944128 0.02981213293969631
2604 -0.004416093695908785 0.0112110823392868 0.02576364763081074
2605 -0.01672931285077039 0.01650734749525288 0.03011274536925568
2606 -0.03929983724625324 0.01844712011565787 0.03144967362312606
2607 -0.02668275684118271 0.02942926064133644 0.02778789028525352
2608 -0.02668275684118271 0.02133229374885559 0.01969092339277267
2609 -0.01858578994870186 0.02942926064133644 0.01969092339277267
2610 -0.0125130619853735 0.0193080510944128 0.02981213293969631
2611 -0.008464578539133072 0.02335653640329838 0.02981213293969631
2612 -0.01048882026225328 0.03752623125910759 0.02778789028525352
2613 -0.01048882026225328 0.04562320187687874 0.02778789028525352
2614 -0.01048882026225328 0.05372016504406929 0.02778789028525352
2615 -0.01048882026225328 0.03752623125910759 0.01969092339277267
2616 -0.01048882026225328 0.03752623125910759 0.0115939537063241
2617 -0.02276215578132799 0.04977647547139104 -0.02936486207946771
2618 -0.01048882026225328 0.02942926064133644 0.01969092339277267
2619 -0.01048882026225328 0.02942926064133644 0.0115939537063241
2620 -0.009720107998492693 0.01909674262962641 0.02490006567029882
2621 -0.01048882026225328 0.02133229374885559 0.0115939537063241
2622 -0.01048882026225328 0.02133229374885559 0.003496984951198101
2623 -0.008464578539133072 0.01525956578552723 0.02576364763081074
2624 -0.008464578539133072 0.01525956578552723 0.02171516604721546
2625 -0.02061003260314465 -0.0009343712590634823 0.05815152451395988
2626 -0.02061003260314465 0.003114113118499517 0.06220000609755516
2627 -0.01656154729425907 -0.01307982392609119 0.03790910169482231
2628 -0.0125130619853735 -0.01712830923497677 0.03790910169482231
2629 -0.008464578539133072 -0.02117679454386234 0.03790910169482231
2630 -0.02668275684118271 -0.02724951878190041 0.03588486090302467
2631 -0.01296772648428879 -0.0458323935910348 0.03894392805735711
2632 -0.01656154729425907 -0.01307982392609119 0.04195759072899818
2633 -0.01656154729425907 -0.01712830923497677 0.04195759072899818
2634 -0.01858578994870186 -0.03534648939967155 0.04398183152079582
2635 -0.0125130619853735 -0.01712830923497677 0.04195759072899818
2636 -0.02061003260314465 -0.009031340479850769 0.05005455389618874
2637 -0.02180038001401114 -0.01556010696462225 0.05184094430221976
2638 -0.01656154729425907 -0.01307982392609119 0.04600607231259346
2639 -0.0125130619853735 -0.01712830923497677 0.04600607231259346
2640 -0.02061003260314465 0.003114113118499517 0.04600607231259346
2641 -0.02465851418673992 0.003114113118499517 0.04600607231259346
2642 -0.04287669435143471 0.005138355307281017 0.04398183152079582
2643 -0.02061003260314465 0.007162597496062517 0.04600607231259346
2644 -0.0125130619853735 0.01525956578552723 0.04195759072899818
2645 -0.0125130619853735 0.01525956578552723 0.03790910169482231
2646 -0.008464578539133072 0.0193080510944128 0.04195759072899818
2647 -0.0003676093183457851 0.0193080510944128 0.03790910169482231
2648 -0.004416093695908785 0.02335653640329838 0.03790910169482231
2649 -0.0003676093183457851 -0.02117679454386234 0.03790910169482231
2650 0.003680875059217215 0.02335653640329838 0.04600607231259346
2651 0.005705117247998714 0.04562320187687874 0.04398183152079582
2652 0.005705117247998714 0.04562320187687874 0.03588486090302467
2653 0.003680875059217215 0.0193080510944128 0.04195759072899818
2654 -0.0003676093183457851 0.0193080510944128 0.04600607231259346
2655 -0.0003676093183457851 0.0193080510944128 0.05005455389618874
2656 -0.004416093695908785 0.0193080510944128 0.05005455389618874
2657 -0.004416093695908785 0.0193080510944128 0.04600607231259346
2658 -0.0003676093183457851 0.0193080510944128 0.04195759072899818
2659 0.0198748130351305 0.003114113118499517 0.05410303547978401
2660 0.02392329834401608 0.003114113118499517 0.05410303547978401
2661 0.04618996009230614 0.005138355307281017 0.05207879468798637
2662 0.05428693071007729 0.005138355307281017 0.05207879468798637
2663 0.04618996009230614 0.005138355307281017 0.04398183152079582
2664 0.03809298947453499 0.01323532406240702 0.05207879468798637
2665 0.0198748130351305 -0.0009343712590634823 0.05410303547978401
2666 0.0198748130351305 0.003114113118499517 0.05005455389618874
2667 -0.0003676093183457851 0.02335653640329838 0.03790910169482231
2668 -0.0003676093183457851 0.02335653640329838 0.03386062011122704
2669 0.01582632772624493 -0.01307982392609119 0.05005455389618874
2670 0.0117778442800045 -0.01712830923497677 0.05005455389618874
2671 0.007729359436780214 -0.02117679454386234 0.05005455389618874
2672 0.01582632772624493 0.01525956578552723 0.04195759072899818
2673 0.007729359436780214 0.0193080510944128 0.04195759072899818
2674 0.0198748130351305 0.0112110823392868 0.03790910169482231
2675 0.01582632772624493 0.01525956578552723 0.03790910169482231
2676 0.0117778442800045 0.0193080510944128 0.03790910169482231
2677 -0.01395844889417616 -0.01453640201546553 0.06709728063732633
2678 -0.008464578539133072 -0.009031340479850769 0.06624849140644073
2679 -0.008464578539133072 -0.01712830923497677 0.06220000609755516
2680 -0.008464578539133072 -0.01307982392609119 0.06624849140644073
2681 -0.008464578539133072 -0.01307982392609119 0.07029697299003601
2682 -0.008450784692388569 -0.01166313398754822 0.08292214333709136
2683 -0.01858578994870186 -0.01105558220297098 0.08446667343378067
2684 -0.01048882026225328 -0.01105558220297098 0.09256363660097122
2685 0.003680875059217215 0.02335653640329838 0.04195759072899818
2686 0.01582632772624493 0.01525956578552723 0.04600607231259346
2687 0.007729359436780214 0.02335653640329838 0.04600607231259346
2688 0.007729359436780214 0.02335653640329838 0.04195759072899818
2689 0.007729359436780214 0.0193080510944128 0.03790910169482231
2690 0.0198748130351305 -0.0009343712590634823 0.04600607231259346
2691 0.0198748130351305 0.003114113118499517 0.04600607231259346
2692 0.02392329834401608 -0.0009343712590634823 0.05005455389618874
2693 0.0198748130351305 0.003114113118499517 0.04195759072899818
2694 0.0198748130351305 0.003114113118499517 0.03790910169482231
2695 0.007729359436780214 0.02335653640329838 0.03790910169482231
2696 0.02392329834401608 -0.0009343712590634823 0.03790910169482231
2697 0.0198748130351305 -0.0009343712590634823 0.03386062011122704
2698 0.02392329834401608 -0.0009343712590634823 0.05410303547978401
2699 0.0198748130351305 -0.0009343712590634823 0.05815152451395988
2700 0.02392329834401608 -0.0009343712590634823 0.05815152451395988
2701 0.02797177992761135 -0.0009343712590634823 0.05815152451395988
2702 0.0198748130351305 0.003114113118499517 0.05815152451395988
2703 0.01877838083710354 -0.00089524489518434 0.0621479445971212
2704 0.0198748130351305 -0.0009343712590634823 0.06624849140644073
2705 0.01582632772624493 -0.0009343712590634823 0.06624849140644073
2706 0.0198748130351305 0.007162597496062517 0.05005455389618874
2707 0.02392329834401608 0.007162597496062517 0.05005455389618874
2708 0.0198748130351305 0.0112110823392868 0.05005455389618874
2709 0.007729359436780214 0.007162597496062517 0.02576364763081074
2710 0.0198748130351305 0.007162597496062517 0.04600607231259346
2711 0.02392329834401608 0.003114113118499517 0.05005455389618874
2712 0.0117778442800045 -0.02117679454386234 0.03790910169482231
2713 0.007729359436780214 -0.02117679454386234 0.03790910169482231
2714 0.02392329834401608 -0.0009343712590634823 0.03386062011122704
2715 0.0198748130351305 -0.0009343712590634823 0.02981213293969631
2716 -0.008464578539133072 0.0193080510944128 0.03790910169482231
2717 0.0198748130351305 0.007162597496062517 0.04195759072899818
2718 0.0198748130351305 0.007162597496062517 0.03790910169482231
2719 0.02392329834401608 -0.004982855636626482 0.05815152451395988
2720 0.0198748130351305 -0.004982855636626482 0.06220000609755516
2721 0.0117778442800045 -0.004982855636626482 0.06624849140644073
2722 0.02392329834401608 0.003114113118499517 0.03790910169482231
2723 0.02797177992761135 0.003114113118499517 0.03790910169482231
2724 -0.008464578539133072 -0.01712830923497677 0.02981213293969631
2725 -0.008464578539133072 -0.01307982392609119 0.02576364763081074
2726 -0.008464578539133072 -0.01307982392609119 0.02171516604721546
2727 -0.01048882026225328 -0.03534648939967155 0.01969092339277267
2728 -0.01048882026225328 -0.02724951878190041 0.0115939537063241
2729 -0.01048882026225328 -0.01915255188941956 0.003496984951198101
2730 -0.0125130619853735 -0.01712830923497677 0.03386062011122704
2731 -0.008464578539133072 -0.02117679454386234 0.03386062011122704
2732 0.02392329834401608 -0.004982855636626482 0.03386062011122704
2733 0.02392329834401608 0.007162597496062517 0.03790910169482231
2734 -0.0003676093183457851 0.0193080510944128 0.02981213293969631
2735 0.0198748130351305 0.003114113118499517 0.06220000609755516
2736 0.0198748130351305 0.003114113118499517 0.06624849140644073
2737 0.01582632772624493 0.003114113118499517 0.06624849140644073
2738 -0.01656154729425907 0.01525956578552723 0.05815152451395988
2739 -0.01656154729425907 0.0112110823392868 0.06220000609755516
2740 -0.0125130619853735 0.0193080510944128 0.06220000609755516
2741 -0.0125130619853735 0.01525956578552723 0.06624849140644073
2742 -0.02465851418673992 -0.009031340479850769 0.05815152451395988
2743 -0.0125130619853735 -0.009031340479850769 0.06624849140644073
2744 -0.0125130619853735 -0.009031340479850769 0.07029697299003601
2745 -0.004416093695908785 -0.02117679454386234 0.03386062011122704
2746 -0.004416093695908785 -0.02117679454386234 0.02981213293969631
2747 -0.004416093695908785 -0.01712830923497677 0.02576364763081074
2748 -0.004416093695908785 -0.009031340479850769 0.02576364763081074
2749 0.01582632772624493 -0.01307982392609119 0.05410303547978401
2750 0.02392329834401608 0.003114113118499517 0.02981213293969631
2751 0.0198748130351305 0.003114113118499517 0.02576364763081074
2752 0.0117778442800045 0.003114113118499517 0.02576364763081074
2753 0.01582632772624493 -0.0009343712590634823 0.02576364763081074
2754 0.007729359436780214 0.003114113118499517 0.02576364763081074
2755 0.0198748130351305 -0.0009343712590634823 0.02576364763081074
2756 0.01582632772624493 -0.0009343712590634823 0.02171516604721546
2757 -0.008464578539133072 -0.02522527612745762 0.05410303547978401
2758 -0.01656154729425907 0.0112110823392868 0.03790910169482231
2759 -0.02061003260314465 0.0112110823392868 0.03790910169482231
2760 -0.02465851418673992 0.0112110823392868 0.03790910169482231
2761 -0.01638384158852469 0.01446613084633719 0.03804323955496303
2762 -0.01656154729425907 0.0193080510944128 0.03790910169482231
2763 -0.008464578539133072 0.0193080510944128 0.03386062011122704
2764 -0.02465851418673992 0.007162597496062517 0.05410303547978401
2765 -0.02465851418673992 0.0112110823392868 0.05410303547978401
2766 -0.01999729473057625 0.01157502134822319 0.05334572046027986
2767 -0.02061003260314465 0.007162597496062517 0.05005455389618874
2768 -0.0003676093183457851 -0.02522527612745762 0.03386062011122704
2769 0.02392329834401608 0.007162597496062517 0.03386062011122704
2770 0.0198748130351305 -0.009031340479850769 0.05005455389618874
2771 0.02392329834401608 -0.009031340479850769 0.05005455389618874
2772 0.02797177992761135 -0.009031340479850769 0.05005455389618874
2773 0.0198748130351305 -0.01307982392609119 0.05005455389618874
2774 0.0198748130351305 -0.01712830923497677 0.05005455389618874
2775 -0.02190342244912004 -0.01397240297718589 0.03663213378549887
2776 -0.01656154729425907 -0.01712830923497677 0.03790910169482231
2777 -0.01656154729425907 -0.01307982392609119 0.03386062011122704
2778 -0.0125130619853735 -0.02117679454386234 0.03790910169482231
2779 0.02392329834401608 0.007162597496062517 0.05410303547978401
2780 0.01582632772624493 0.01525956578552723 0.05410303547978401
2781 0.007729359436780214 0.003114113118499517 0.06624849140644073
2782 -0.0003676093183457851 0.007162597496062517 0.06624849140644073
2783 -0.004416093695908785 0.003114113118499517 0.06624849140644073
2784 -0.004416093695908785 0.007162597496062517 0.06624849140644073
2785 -0.004416093695908785 0.007162597496062517 0.07029697299003601
2786 -0.002391851507127285 0.005138355307281017 0.08446667343378067
2787 -0.002391851507127285 -0.002958613447844982 0.08446667343378067
2788 -0.002391851507127285 0.005138355307281017 0.09256363660097122
2789 -0.0003676093183457851 -0.004982855636626482 0.06624849140644073
2790 0.003680875059217215 -0.004982855636626482 0.06624849140644073
2791 -0.0003676093183457851 0.003114113118499517 0.06624849140644073
2792 -0.004416093695908785 -0.0009343712590634823 0.06624849140644073
2793 -0.008464578539133072 -0.0009343712590634823 0.06624849140644073
2794 -0.008464578539133072 0.003114113118499517 0.06624849140644073
2795 -0.004416093695908785 0.003114113118499517 0.07029697299003601
2796 0.0117778442800045 0.003114113118499517 0.06624849140644073
2797 -0.008464578539133072 -0.009031340479850769 0.07029697299003601
2798 0.003680875059217215 0.003114113118499517 0.06624849140644073
2799 0.003680875059217215 0.007162597496062517 0.06624849140644073
2800 0.003680875059217215 0.003114113118499517 0.07029697299003601
2801 0.003680875059217215 0.003114113118499517 0.07434545457363129
2802 0.005705117247998714 0.005138355307281017 0.09256363660097122
2803 -0.0003676093183457851 -0.009031340479850769 0.06624849140644073
2804 0.003680875059217215 0.0193080510944128 0.06220000609755516
2805 0.004028134575303194 0.01539036487881041 0.06641789975180104
2806 0.003050939834124619 0.01066597318390889 0.06909996284689694
2807 0.003680875059217215 0.0112110823392868 0.07434545457363129
2808 0.005705117247998714 0.02133229374885559 0.08446667343378067
2809 0.006237261716672837 0.01448022163400867 0.09683519005752424
2810 -0.0003676093183457851 0.007162597496062517 0.07029697299003601
2811 -0.0003676093183457851 0.0193080510944128 0.06220000609755516
2812 -0.004416093695908785 -0.009031340479850769 0.06624849140644073
2813 -0.004416093695908785 -0.004982855636626482 0.06624849140644073
2814 -0.004416093695908785 -0.01307982392609119 0.06624849140644073
2815 -0.004416093695908785 -0.009031340479850769 0.07029697299003601
2816 -0.004416093695908785 -0.009031340479850769 0.07434545457363129
2817 0.007729359436780214 0.003114113118499517 0.07029697299003601
2818 0.003680875059217215 -0.009031340479850769 0.06624849140644073
2819 0.007729359436780214 -0.009031340479850769 0.06624849140644073
2820 0.003926227385966637 -0.0129012825793494 0.06608336833618486
2821 0.003441919127372351 -0.008179373538319528 0.06919629694956367
2822 0.001681785886572236 -0.008187479404532478 0.07456747887036194
2823 -0.008464578539133072 -0.004982855636626482 0.06624849140644073
2824 -0.0125130619853735 -0.004982855636626482 0.06624849140644073
2825 -0.008464578539133072 -0.004982855636626482 0.07029697299003601
2826 -0.008464578539133072 -0.004982855636626482 0.07434545457363129
2827 0.003680875059217215 0.007162597496062517 0.07029697299003601
2828 -0.008464578539133072 0.007162597496062517 0.06624849140644073
2829 -0.008464578539133072 0.003114113118499517 0.07029697299003601
2830 -0.01858578994870186 0.005138355307281017 0.08446667343378067
2831 -0.01048882026225328 0.005138355307281017 0.09256363660097122
2832 -0.004029758858360723 -0.01416796024718848 0.06935979700829671
2833 -0.004416093695908785 -0.01307982392609119 0.07434545457363129
2834 -0.02061003260314465 -0.004982855636626482 0.06220000609755516
2835 -0.01656154729425907 -0.004982855636626482 0.06624849140644073
2836 0.007729359436780214 -0.004982855636626482 0.06624849140644073
2837 -0.008464578539133072 0.007162597496062517 0.07029697299003601
2838 -0.004416093695908785 -0.0009343712590634823 0.02576364763081074
2839 -0.004135422118828878 -0.002084957232312975 0.02168284261170709
2840 -0.008464578539133072 -0.0009343712590634823 0.02576364763081074
2841 -0.008464578539133072 0.003114113118499517 0.02576364763081074
2842 -0.008464578539133072 -0.004982855636626482 0.02576364763081074
2843 -0.007894277887102424 -0.001251498901056382 0.02159717745326262
2844 0.003680875059217215 0.003114113118499517 0.02576364763081074
2845 0.007729359436780214 -0.0009343712590634823 0.02576364763081074
2846 0.003680875059217215 -0.0009343712590634823 0.02576364763081074
2847 0.003680875059217215 -0.009031340479850769 0.02576364763081074
2848 0.003680875059217215 -0.004982855636626482 0.02576364763081074
2849 0.003680875059217215 -0.004982855636626482 0.02171516604721546
2850 -0.0003676093183457851 -0.004982855636626482 0.02171516604721546
2851 -0.0003676093183457851 -0.004982855636626482 0.02576364763081074
2852 -0.0003676093183457851 -0.0009343712590634823 0.02576364763081074
2853 -0.0003676093183457851 -0.0009343712590634823 0.02171516604721546
2854 -0.0003676093183457851 0.003114113118499517 0.02171516604721546
2855 -0.0004412192990325599 -0.0001347272230141673 0.01603904007847437
2856 -0.002391851507127285 -0.002958613447844982 0.003496984951198101
2857 -0.002391851507127285 0.005138355307281017 0.003496984951198101
2858 -0.002391851507127285 -0.002958613447844982 -0.004599983803927898
2859 -0.004416093695908785 -0.004982855636626482 0.02576364763081074
2860 -0.004416093695908785 -0.004982855636626482 0.02171516604721546
2861 -0.004416093695908785 0.003114113118499517 0.02576364763081074
2862 -0.004416093695908785 0.003114113118499517 0.02171516604721546
2863 -0.0003676093183457851 0.003114113118499517 0.02576364763081074
2864 -0.0003676093183457851 0.007162597496062517 0.02576364763081074
2865 0.002220806740701443 0.008957837920117291 0.01948550959045419
2866 -0.004416093695908785 0.007162597496062517 0.02576364763081074
2867 -0.004416093695908785 0.007162597496062517 0.02171516604721546
2868 -0.008464578539133072 0.007162597496062517 0.02171516604721546
2869 -0.008464578539133072 0.003114113118499517 0.02171516604721546
2870 0.007729359436780214 0.007162597496062517 0.02171516604721546
2871 0.0117778442800045 -0.0009343712590634823 0.02171516604721546
2872 0.007729359436780214 -0.009031340479850769 0.02171516604721546
2873 -0.02061003260314465 0.0112110823392868 0.02981213293969631
2874 -0.01569261704565575 0.01295347357194634 0.02419829703360011
2875 -0.0125130619853735 0.003114113118499517 0.02171516604721546
2876 -0.01179713919339437 -0.005166023546697853 0.02217396677641901
2877 -0.008464578539133072 -0.004982855636626482 0.02171516604721546
2878 -0.008590233335561994 -0.005660500063616378 0.01698220500551258
2879 -0.008464578539133072 -0.004982855636626482 0.01361819542944431
2880 -0.01048882026225328 -0.01105558220297098 0.003496984951198101
2881 -0.01048882026225328 -0.01105558220297098 -0.004599983803927898
2882 -0.03882820904254913 -0.02320103533565998 -0.0248424056917429
2883 -0.03882820904254913 -0.03939497470855713 -0.0248424056917429
2884 -0.006440335884690285 -0.05558890849351883 -0.0248424056917429
2885 -0.02263427339494228 -0.05558890849351883 -0.0248424056917429
2886 -0.006440335884690285 -0.05558890849351883 -0.04103634506464005
2887 -0.006440335884690285 -0.02320103533565998 -0.05723027884960175
2888 0.009753601625561714 -0.02320103533565998 -0.05723027884960175
2889 -0.006440335884690285 -0.03939497470855713 -0.05723027884960175
2890 -0.006440335884690285 -0.02320103533565998 -0.04103634506464005
2891 -0.006440335884690285 0.04157471656799316 -0.05723027884960175
2892 0.009753601625561714 0.04157471656799316 -0.05723027884960175
2893 -0.006440335884690285 0.04157471656799316 -0.04103634506464005
2894 -0.04601000050535958 -0.01510406658053398 -0.04447110829173952
2895 -0.01455054959805418 -0.0111913148390837 0.05917411368536196
2896 -0.01957950349415809 -0.01170446295599352 0.06036023615844147
2897 -0.01702834916585969 -0.009134344853174204 0.05650551324234562
2898 -0.01304847003448593 -0.01400782939611217 0.05602189575629241
2899 0.01473232174253015 -0.01129923657810534 0.02856049879240707
2900 0.01288490337747555 -0.01288490419190919 0.02874065121865696
2901 0.00940819153594067 -0.01304377758647505 0.02697497907564558
2902 0.02239414044247343 -0.008195851893107604 0.02737608728511362
2903 0.0174948704421899 -0.009260314049702399 0.02834752018278985
2904 -0.008246827285506931 -0.01937194378808389 0.05589926641515668
2905 -0.0125156883676506 -0.01254118535459625 0.0545907134311945
2906 -0.01104541636662104 -0.01964843589585067 0.05200411889149679
2907 -0.05282743631518327 -0.005572937427655749 -0.05441932219518032
2908 -0.02778681468447294 0.0522629908559609 -0.06297488209016212
2909 -0.03648035835216073 0.05901058825863746 -0.04853525228300092
2910 -0.04257510739680324 0.05898251151723181 -0.04832659489387249
2911 -0.02529517502530079 0.05634999798336755 0.04113096547379715
2912 -0.02852938405808587 0.0677720152358918 0.03858352623394658
2913 -0.03364047825345173 0.05678117494350338 0.04306637590987716
2914 -0.04786551251075066 0.04936114440761075 -0.03096475926853823
2915 -0.03742411356949941 0.04548030628203122 -0.02560271445476562
2916 -0.01834217366846804 0.06560347930806727 0.05508433542002095
2917 -0.02712459970036 0.05788783680511597 0.04787781912615831
2918 -0.0685308728536785 0.007194719042056946 -0.04139708036310143
2919 -0.05455293926391321 0.006347299526933978 -0.04192810326546421
2920 -0.06778903401105535 -0.02407460828908007 -0.03986631403584549
2921 -0.0472617651566797 -0.02490480441105731 -0.04492238624884429
2922 -0.06850193826866854 -0.01012075646422638 -0.02482693410505965
2923 -0.02574159366972699 0.04995961049474956 -0.0497037008736664
2924 -0.04651644657901026 0.0008831250862808689 -0.0739708507633616
2925 -0.03681638423676931 0.005256260573789731 -0.05128787402856805
2926 -0.01453730557113886 0.03778711772102647 -0.04012280857737682
2927 -0.007263707989613503 0.04910496227344565 0.0417009353439007
2928 -0.01208405891930328 0.02530116198665561 -0.03956091279708379
2929 -0.03971234797008939 0.03798498547230406 -0.04237924265859967
2930 -0.01355014992949349 0.02696850672666621 -0.01546914289216914
2931 -0.01172957716666006 0.01981337360606681 -0.02980889339197408
2932 -0.01446163218513364 0.05294807627492417 0.03908558012801061
2933 -0.01013274990262035 0.05124609205183985 0.04478773764232884
2934 -0.01882659807026353 0.04751409536911173 0.04049336591115732
2935 -0.01299498758912187 0.04812936862722302 0.0330872892702225
2936 -0.0218037368596007 -0.01265088058344038 0.06260159742760078
2937 -0.01704031309696675 -0.01540243398280369 0.05878899895640095
2938 0.01586507002107569 -0.01345841387299498 0.02395299073229512
2939 0.02164666174196749 -0.01250662262855764 0.02794276226846371
2940 0.01123373244519419 -0.01306930534453208 0.0247711992581089
2941 -0.0118806601046588 -0.01622915662392573 0.05421761013638346
2942 -0.01691368475263779 -0.01983297800947843 0.05166216467239509
2943 -0.01826798266425045 -0.01726404493778522 0.05136130060095779
2944 -0.02667944657825689 0.02629049616462715 -0.0318894278990575
2945 -0.01547404467508843 0.02724508488572992 -0.02200847853593701
2946 -0.01348115036564011 0.02275298337387625 -0.02203754883610913
2947 -0.01546776840088529 0.03555073319219167 -0.03172300438292892
$EndNodes
$Elements
16795
1 2 2 1002 10 657 660 491
2 2 2 1002 10 590 660 657
3 2 2 1002 10 582 675 508
4 2 2 1002 10 609 651 507
5 2 2 1002 10 508 623 582
6 2 2 1002 10 609 674 651
7 2 2 1002 10 620 644 501
8 2 2 1002 10 120 659 585
9 2 2 1002 10 585 664 120
10 2 2 1002 10 620 685 644
11 2 2 1002 10 504 621 579
12 2 2 1002 10 579 683 504
13 2 2 1002 10 611 612 500
14 2 2 1002 10 619 628 563
15 2 2 1002 10 612 684 500
16 2 2 1002 10 572 634 633
17 2 2 1002 10 492 645 632
18 2 2 1002 10 496 646 629
19 2 2 1002 10 573 639 591
20 2 2 1002 10 604 625 606
21 2 2 1002 10 497 641 636
22 2 2 1002 10 588 589 505
23 2 2 1002 10 492 687 645
24 2 2 1002 10 572 676 634
25 2 2 1002 10 639 677 591
26 2 2 1002 10 605 659 498
27 2 2 1002 10 575 628 619
28 2 2 1002 10 641 686 636
29 2 2 1002 10 606 625 607
30 2 2 1002 10 496 671 646
31 2 2 1002 10 653 675 640
32 2 2 1002 10 630 631 577
33 2 2 1002 10 498 682 605
34 2 2 1002 10 598 638 597
35 2 2 1002 10 647 674 511
36 2 2 1002 10 589 678 505
37 2 2 1002 10 597 638 596
38 2 2 1002 10 511 674 609
39 2 2 1002 10 499 664 584
40 2 2 1002 10 491 663 657
41 2 2 1002 10 628 661 563
42 2 2 1002 10 512 653 640
43 2 2 1002 10 654 683 650
44 2 2 1002 10 508 675 653
45 2 2 1002 10 587 618 586
46 2 2 1002 10 616 654 650
47 2 2 1002 10 594 610 589
48 2 2 1002 10 604 662 625
49 2 2 1002 10 503 618 587
50 2 2 1002 10 586 618 583
51 2 2 1002 10 540 658 657
52 2 2 1002 10 511 609 86
53 2 2 1002 10 561 586 583
54 2 2 1002 10 505 590 588
55 2 2 1002 10 614 642 509
56 2 2 1002 10 631 672 577
57 2 2 1002 10 493 622 591
58 2 2 1002 10 569 643 642
59 2 2 1002 10 553 619 563
60 2 2 1002 10 565 587 586
61 2 2 1002 10 85 511 86
62 2 2 1002 10 587 642 614
63 2 2 1002 10 137 513 136
64 2 2 1002 10 87 609 507
65 2 2 1002 10 135 620 501
66 2 2 1002 10 564 565 559
67 2 2 1002 10 557 559 558
68 2 2 1002 10 561 583 582
69 2 2 1002 10 565 586 559
70 2 2 1002 10 559 586 561
71 2 2 1002 10 513 620 136
72 2 2 1002 10 556 557 555
73 2 2 1002 10 105 508 106
74 2 2 1002 10 495 623 104
75 2 2 1002 10 117 504 116
76 2 2 1002 10 86 609 87
77 2 2 1002 10 624 625 494
78 2 2 1002 10 557 558 555
79 2 2 1002 10 105 623 508
80 2 2 1002 10 557 601 564
81 2 2 1002 10 87 507 88
82 2 2 1002 10 554 555 553
83 2 2 1002 10 556 601 557
84 2 2 1002 10 89 624 494
85 2 2 1002 10 591 622 570
86 2 2 1002 10 557 564 559
87 2 2 1002 10 559 561 558
88 2 2 1002 10 507 624 88
89 2 2 1002 10 587 614 503
90 2 2 1002 10 584 670 499
91 2 2 1002 10 607 626 522
92 2 2 1002 10 554 556 555
93 2 2 1002 10 117 621 504
94 2 2 1002 10 564 569 565
95 2 2 1002 10 627 628 495
96 2 2 1002 10 136 620 135
97 2 2 1002 10 104 623 105
98 2 2 1002 10 88 624 89
99 2 2 1002 10 566 592 549
100 2 2 1002 10 133 631 630
101 2 2 1002 10 574 593 550
102 2 2 1002 10 560 594 589
103 2 2 1002 10 133 630 132
104 2 2 1002 10 132 630 500
105 2 2 1002 10 494 633 90
106 2 2 1002 10 90 633 91
107 2 2 1002 10 92 634 493
108 2 2 1002 10 633 634 91
109 2 2 1002 10 123 636 635
110 2 2 1002 10 134 631 133
111 2 2 1002 10 501 631 134
112 2 2 1002 10 542 597 596
113 2 2 1002 10 123 635 122
114 2 2 1002 10 122 635 498
115 2 2 1002 10 531 603 529
116 2 2 1002 10 94 639 95
117 2 2 1002 10 95 639 491
118 2 2 1002 10 124 636 123
119 2 2 1002 10 497 636 124
120 2 2 1002 10 506 638 637
121 2 2 1002 10 91 634 92
122 2 2 1002 10 102 627 103
123 2 2 1002 10 103 627 495
124 2 2 1002 10 496 629 101
125 2 2 1002 10 102 629 627
126 2 2 1002 10 101 629 102
127 2 2 1002 10 126 637 125
128 2 2 1002 10 506 637 126
129 2 2 1002 10 125 637 497
130 2 2 1002 10 97 505 98
131 2 2 1002 10 127 506 126
132 2 2 1002 10 100 496 101
133 2 2 1002 10 92 493 93
134 2 2 1002 10 129 492 128
135 2 2 1002 10 119 499 118
136 2 2 1002 10 127 632 506
137 2 2 1002 10 89 494 90
138 2 2 1002 10 122 498 121
139 2 2 1002 10 492 632 128
140 2 2 1002 10 135 501 134
141 2 2 1002 10 132 500 131
142 2 2 1002 10 103 495 104
143 2 2 1002 10 125 497 124
144 2 2 1002 10 128 632 127
145 2 2 1002 10 95 491 96
146 2 2 1002 10 563 646 552
147 2 2 1002 10 551 554 553
148 2 2 1002 10 552 574 550
149 2 2 1002 10 551 553 552
150 2 2 1002 10 553 563 552
151 2 2 1002 10 552 646 574
152 2 2 1002 10 551 552 550
153 2 2 1002 10 549 550 547
154 2 2 1002 10 549 551 550
155 2 2 1002 10 548 613 566
156 2 2 1002 10 548 566 549
157 2 2 1002 10 548 549 547
158 2 2 1002 10 546 581 548
159 2 2 1002 10 574 594 593
160 2 2 1002 10 581 613 548
161 2 2 1002 10 593 594 560
162 2 2 1002 10 546 548 547
163 2 2 1002 10 560 589 588
164 2 2 1002 10 560 588 544
165 2 2 1002 10 546 547 545
166 2 2 1002 10 543 546 545
167 2 2 1002 10 545 560 544
168 2 2 1002 10 542 596 595
169 2 2 1002 10 539 542 541
170 2 2 1002 10 538 598 597
171 2 2 1002 10 543 545 544
172 2 2 1002 10 543 544 541
173 2 2 1002 10 538 597 539
174 2 2 1002 10 542 543 541
175 2 2 1002 10 539 541 540
176 2 2 1002 10 539 597 542
177 2 2 1002 10 539 540 537
178 2 2 1002 10 538 539 537
179 2 2 1002 10 535 538 537
180 2 2 1002 10 576 577 556
181 2 2 1002 10 549 592 551
182 2 2 1002 10 536 570 534
183 2 2 1002 10 573 591 570
184 2 2 1002 10 566 613 612
185 2 2 1002 10 534 603 531
186 2 2 1002 10 535 537 536
187 2 2 1002 10 533 534 531
188 2 2 1002 10 545 593 560
189 2 2 1002 10 536 573 570
190 2 2 1002 10 550 593 547
191 2 2 1002 10 568 599 533
192 2 2 1002 10 546 595 581
193 2 2 1002 10 530 602 580
194 2 2 1002 10 538 599 598
195 2 2 1002 10 542 595 543
196 2 2 1002 10 533 599 535
197 2 2 1002 10 532 533 531
198 2 2 1002 10 535 536 534
199 2 2 1002 10 532 568 533
200 2 2 1002 10 551 592 554
201 2 2 1002 10 570 603 534
202 2 2 1002 10 533 535 534
203 2 2 1002 10 535 599 538
204 2 2 1002 10 526 606 523
205 2 2 1002 10 530 580 532
206 2 2 1002 10 540 600 537
207 2 2 1002 10 536 600 573
208 2 2 1002 10 547 593 545
209 2 2 1002 10 543 595 546
210 2 2 1002 10 530 532 531
211 2 2 1002 10 554 592 576
212 2 2 1002 10 606 607 522
213 2 2 1002 10 528 604 526
214 2 2 1002 10 537 600 536
215 2 2 1002 10 529 603 571
216 2 2 1002 10 571 572 528
217 2 2 1002 10 577 601 556
218 2 2 1002 10 527 530 529
219 2 2 1002 10 530 531 529
220 2 2 1002 10 527 529 528
221 2 2 1002 10 529 571 528
222 2 2 1002 10 572 604 528
223 2 2 1002 10 525 602 527
224 2 2 1002 10 555 619 553
225 2 2 1002 10 527 602 530
226 2 2 1002 10 592 611 576
227 2 2 1002 10 511 655 647
228 2 2 1002 10 527 528 526
229 2 2 1002 10 604 606 526
230 2 2 1002 10 643 685 513
231 2 2 1002 10 523 606 522
232 2 2 1002 10 617 640 618
233 2 2 1002 10 602 605 580
234 2 2 1002 10 584 585 562
235 2 2 1002 10 562 602 525
236 2 2 1002 10 554 576 556
237 2 2 1002 10 524 584 562
238 2 2 1002 10 561 582 575
239 2 2 1002 10 525 527 526
240 2 2 1002 10 525 526 523
241 2 2 1002 10 585 605 562
242 2 2 1002 10 518 578 520
243 2 2 1002 10 524 562 525
244 2 2 1002 10 100 610 496
245 2 2 1002 10 562 605 602
246 2 2 1002 10 569 642 565
247 2 2 1002 10 499 621 118
248 2 2 1002 10 524 608 584
249 2 2 1002 10 566 612 611
250 2 2 1002 10 524 525 523
251 2 2 1002 10 521 522 519
252 2 2 1002 10 521 524 523
253 2 2 1002 10 566 611 592
254 2 2 1002 10 521 523 522
255 2 2 1002 10 561 575 558
256 2 2 1002 10 512 640 617
257 2 2 1002 10 111 502 112
258 2 2 1002 10 570 622 603
259 2 2 1002 10 99 610 100
260 2 2 1002 10 578 579 520
261 2 2 1002 10 618 640 583
262 2 2 1002 10 112 503 111
263 2 2 1002 10 521 608 524
264 2 2 1002 10 520 521 519
265 2 2 1002 10 520 608 521
266 2 2 1002 10 111 614 110
267 2 2 1002 10 110 615 111
268 2 2 1002 10 113 617 112
269 2 2 1002 10 579 608 520
270 2 2 1002 10 110 509 109
271 2 2 1002 10 558 619 555
272 2 2 1002 10 109 510 110
273 2 2 1002 10 114 512 113
274 2 2 1002 10 599 641 598
275 2 2 1002 10 112 514 113
276 2 2 1002 10 517 567 515
277 2 2 1002 10 518 520 519
278 2 2 1002 10 118 621 117
279 2 2 1002 10 567 647 515
280 2 2 1002 10 603 622 571
281 2 2 1002 10 515 647 514
282 2 2 1002 10 502 516 515
283 2 2 1002 10 516 518 517
284 2 2 1002 10 575 619 558
285 2 2 1002 10 111 615 502
286 2 2 1002 10 518 519 517
287 2 2 1002 10 522 626 519
288 2 2 1002 10 516 517 515
289 2 2 1002 10 503 614 111
290 2 2 1002 10 596 645 595
291 2 2 1002 10 565 642 587
292 2 2 1002 10 112 617 503
293 2 2 1002 10 502 514 112
294 2 2 1002 10 518 648 578
295 2 2 1002 10 110 614 509
296 2 2 1002 10 517 626 567
297 2 2 1002 10 617 618 503
298 2 2 1002 10 502 515 514
299 2 2 1002 10 601 644 564
300 2 2 1002 10 510 615 110
301 2 2 1002 10 607 651 626
302 2 2 1002 10 519 626 517
303 2 2 1002 10 512 617 113
304 2 2 1002 10 108 616 109
305 2 2 1002 10 568 641 599
306 2 2 1002 10 502 615 516
307 2 2 1002 10 513 685 620
308 2 2 1002 10 642 643 509
309 2 2 1002 10 510 648 615
310 2 2 1002 10 580 649 532
311 2 2 1002 10 626 651 567
312 2 2 1002 10 615 648 516
313 2 2 1002 10 584 664 585
314 2 2 1002 10 106 653 107
315 2 2 1002 10 109 616 510
316 2 2 1002 10 564 644 569
317 2 2 1002 10 595 645 581
318 2 2 1002 10 130 652 129
319 2 2 1002 10 116 654 115
320 2 2 1002 10 516 648 518
321 2 2 1002 10 657 658 590
322 2 2 1002 10 643 656 509
323 2 2 1002 10 113 655 114
324 2 2 1002 10 532 649 568
325 2 2 1002 10 513 656 643
326 2 2 1002 10 598 666 638
327 2 2 1002 10 509 656 109
328 2 2 1002 10 648 650 578
329 2 2 1002 10 585 659 605
330 2 2 1002 10 590 658 588
331 2 2 1002 10 647 655 514
332 2 2 1002 10 129 652 492
333 2 2 1002 10 613 652 612
334 2 2 1002 10 588 658 544
335 2 2 1002 10 541 658 540
336 2 2 1002 10 508 653 106
337 2 2 1002 10 504 683 654
338 2 2 1002 10 510 650 648
339 2 2 1002 10 616 650 510
340 2 2 1002 10 610 678 589
341 2 2 1002 10 504 654 116
342 2 2 1002 10 109 656 108
343 2 2 1002 10 121 659 120
344 2 2 1002 10 505 660 590
345 2 2 1002 10 514 655 113
346 2 2 1002 10 130 684 652
347 2 2 1002 10 97 660 505
348 2 2 1002 10 491 660 96
349 2 2 1002 10 644 685 569
350 2 2 1002 10 605 682 580
351 2 2 1002 10 5 673 85
352 2 2 1002 10 114 673 5
353 2 2 1002 10 625 662 494
354 2 2 1002 10 627 661 628
355 2 2 1002 10 578 683 579
356 2 2 1002 10 120 664 119
357 2 2 1002 10 591 677 493
358 2 2 1002 10 577 672 601
359 2 2 1002 10 638 666 637
360 2 2 1002 10 652 684 612
361 2 2 1002 10 638 669 596
362 2 2 1002 10 646 671 574
363 2 2 1002 10 493 677 93
364 2 2 1002 10 505 678 98
365 2 2 1002 10 94 677 639
366 2 2 1002 10 500 684 131
367 2 2 1002 10 608 670 584
368 2 2 1002 10 583 675 582
369 2 2 1002 10 571 676 572
370 2 2 1002 10 99 678 610
371 2 2 1002 10 107 679 5
372 2 2 1002 10 115 680 6
373 2 2 1002 10 540 657 600
374 2 2 1002 10 5 679 114
375 2 2 1002 10 651 674 567
376 2 2 1002 10 6 681 137
377 2 2 1002 10 506 669 638
378 2 2 1002 10 6 680 108
379 2 2 1002 10 645 687 581
380 2 2 1002 10 568 686 641
381 2 2 1002 10 634 676 493
382 2 2 1002 10 623 667 582
383 2 2 1002 10 108 681 6
384 2 2 1002 10 544 658 541
385 2 2 1002 10 636 686 635
386 2 2 1002 10 493 676 622
387 2 2 1002 10 651 665 507
388 2 2 1002 10 577 668 630
389 2 2 1002 10 610 671 496
390 2 2 1002 10 646 661 629
391 2 2 1002 10 594 671 610
392 2 2 1002 10 652 687 492
393 2 2 1002 10 613 687 652
394 2 2 1002 10 635 686 649
395 2 2 1002 10 495 667 623
396 2 2 1002 10 576 668 577
397 2 2 1002 10 625 665 607
398 2 2 1002 10 635 682 498
399 2 2 1002 10 657 663 600
400 2 2 1002 10 633 662 572
401 2 2 1002 10 498 659 121
402 2 2 1002 10 624 665 625
403 2 2 1002 10 96 660 97
404 2 2 1002 10 507 665 624
405 2 2 1002 10 649 682 635
406 2 2 1002 10 575 667 628
407 2 2 1002 10 563 661 646
408 2 2 1002 10 628 667 495
409 2 2 1002 10 573 663 639
410 2 2 1002 10 499 670 621
411 2 2 1002 10 621 670 579
412 2 2 1002 10 611 668 576
413 2 2 1002 10 572 662 604
414 2 2 1002 10 501 672 631
415 2 2 1002 10 500 668 611
416 2 2 1002 10 653 679 107
417 2 2 1002 10 639 663 491
418 2 2 1002 10 654 680 115
419 2 2 1002 10 629 661 627
420 2 2 1002 10 494 662 633
421 2 2 1002 10 600 663 573
422 2 2 1002 10 119 664 499
423 2 2 1002 10 644 672 501
424 2 2 1002 10 632 669 506
425 2 2 1002 10 641 666 598
426 2 2 1002 10 637 666 497
427 2 2 1002 10 137 681 513
428 2 2 1002 10 582 667 575
429 2 2 1002 10 630 668 500
430 2 2 1002 10 596 669 645
431 2 2 1002 10 85 673 511
432 2 2 1002 10 497 666 641
433 2 2 1002 10 645 669 632
434 2 2 1002 10 579 670 608
435 2 2 1002 10 512 679 653
436 2 2 1002 10 607 665 651
437 2 2 1002 10 569 685 643
438 2 2 1002 10 574 671 594
439 2 2 1002 10 616 680 654
440 2 2 1002 10 93 677 94
441 2 2 1002 10 98 678 99
442 2 2 1002 10 601 672 644
443 2 2 1002 10 622 676 571
444 2 2 1002 10 580 682 649
445 2 2 1002 10 567 674 647
446 2 2 1002 10 655 673 114
447 2 2 1002 10 640 675 583
448 2 2 1002 10 131 684 130
449 2 2 1002 10 114 679 512
450 2 2 1002 10 581 687 613
451 2 2 1002 10 108 680 616
452 2 2 1002 10 650 683 578
453 2 2 1002 10 513 681 656
454 2 2 1002 10 649 686 568
455 2 2 1002 10 511 673 655
456 2 2 1002 10 656 681 108
457 2 2 1002 11 707 717 689
458 2 2 1002 11 689 716 707
459 2 2 1002 11 689 717 5
460 2 2 1002 11 5 717 107
461 2 2 1002 11 105 723 104
462 2 2 1002 11 710 725 688
463 2 2 1002 11 688 724 710
464 2 2 1002 11 694 718 87
465 2 2 1002 11 711 722 693
466 2 2 1002 11 714 722 711
467 2 2 1002 11 695 723 105
468 2 2 1002 11 87 718 86
469 2 2 1002 11 96 725 95
470 2 2 1002 11 688 725 96
471 2 2 1002 11 723 730 708
472 2 2 1002 11 97 726 688
473 2 2 1002 11 695 730 723
474 2 2 1002 11 104 723 696
475 2 2 1002 11 98 726 97
476 2 2 1002 11 690 721 90
477 2 2 1002 11 90 721 89
478 2 2 1002 11 702 708 707
479 2 2 1002 11 699 708 702
480 2 2 1002 11 701 709 700
481 2 2 1002 11 704 712 711
482 2 2 1002 11 703 712 704
483 2 2 1002 11 103 691 102
484 2 2 1002 11 106 695 105
485 2 2 1002 11 91 690 90
486 2 2 1002 11 85 689 5
487 2 2 1002 11 88 694 87
488 2 2 1002 11 97 688 96
489 2 2 1002 11 94 693 93
490 2 2 1002 11 100 692 99
491 2 2 1002 11 704 711 710
492 2 2 1002 11 704 710 709
493 2 2 1002 11 706 712 703
494 2 2 1002 11 704 709 701
495 2 2 1002 11 705 706 703
496 2 2 1002 11 702 707 705
497 2 2 1002 11 702 705 703
498 2 2 1002 11 703 704 701
499 2 2 1002 11 702 703 701
500 2 2 1002 11 699 702 701
501 2 2 1002 11 699 701 700
502 2 2 1002 11 699 700 698
503 2 2 1002 11 697 708 699
504 2 2 1002 11 709 713 700
505 2 2 1002 11 697 699 698
506 2 2 1002 11 697 723 708
507 2 2 1002 11 697 698 691
508 2 2 1002 11 691 719 102
509 2 2 1002 11 102 719 101
510 2 2 1002 11 712 714 711
511 2 2 1002 11 707 716 705
512 2 2 1002 11 715 718 694
513 2 2 1002 11 710 724 709
514 2 2 1002 11 720 728 721
515 2 2 1002 11 712 720 714
516 2 2 1002 11 714 720 690
517 2 2 1002 11 705 715 706
518 2 2 1002 11 692 727 713
519 2 2 1002 11 713 727 700
520 2 2 1002 11 707 730 717
521 2 2 1002 11 93 722 92
522 2 2 1002 11 693 722 93
523 2 2 1002 11 716 718 715
524 2 2 1002 11 717 737 107
525 2 2 1002 11 698 719 691
526 2 2 1002 11 706 720 712
527 2 2 1002 11 698 727 719
528 2 2 1002 11 713 735 692
529 2 2 1002 11 716 736 718
530 2 2 1002 11 705 716 715
531 2 2 1002 11 696 697 691
532 2 2 1002 11 689 736 716
533 2 2 1002 11 720 721 690
534 2 2 1002 11 727 731 719
535 2 2 1002 11 688 726 724
536 2 2 1002 11 706 728 720
537 2 2 1002 11 708 730 707
538 2 2 1002 11 693 733 711
539 2 2 1002 11 103 696 691
540 2 2 1002 11 104 696 103
541 2 2 1002 11 700 727 698
542 2 2 1002 11 709 724 713
543 2 2 1002 11 92 729 91
544 2 2 1002 11 101 731 100
545 2 2 1002 11 726 735 713
546 2 2 1002 11 89 732 88
547 2 2 1002 11 99 735 98
548 2 2 1002 11 107 737 106
549 2 2 1002 11 86 736 85
550 2 2 1002 11 95 734 94
551 2 2 1002 11 711 733 710
552 2 2 1002 11 91 729 690
553 2 2 1002 11 696 723 697
554 2 2 1002 11 100 731 692
555 2 2 1002 11 724 726 713
556 2 2 1002 11 88 732 694
557 2 2 1002 11 725 734 95
558 2 2 1002 11 94 734 693
559 2 2 1002 11 690 729 714
560 2 2 1002 11 692 735 99
561 2 2 1002 11 85 736 689
562 2 2 1002 11 106 737 695
563 2 2 1002 11 718 736 86
564 2 2 1002 11 728 732 721
565 2 2 1002 11 721 732 89
566 2 2 1002 11 710 733 725
567 2 2 1002 11 694 728 715
568 2 2 1002 11 715 728 706
569 2 2 1002 11 719 731 101
570 2 2 1002 11 98 735 726
571 2 2 1002 11 722 729 92
572 2 2 1002 11 692 731 727
573 2 2 1002 11 714 729 722
574 2 2 1002 11 730 737 717
575 2 2 1002 11 695 737 730
576 2 2 1002 11 694 732 728
577 2 2 1002 11 693 734 733
578 2 2 1002 11 733 734 725
579 2 2 1002 12 757 741 767
580 2 2 1002 12 741 757 766
581 2 2 1002 12 118 117 767
582 2 2 1002 12 741 118 767
583 2 2 1002 12 115 6 773
584 2 2 1002 12 760 740 775
585 2 2 1002 12 740 760 774
586 2 2 1002 12 742 121 768
587 2 2 1002 12 761 743 772
588 2 2 1002 12 764 761 772
589 2 2 1002 12 745 115 773
590 2 2 1002 12 121 120 768
591 2 2 1002 12 130 129 775
592 2 2 1002 12 740 130 775
593 2 2 1002 12 773 758 780
594 2 2 1002 12 131 740 776
595 2 2 1002 12 745 773 780
596 2 2 1002 12 6 746 773
597 2 2 1002 12 132 131 776
598 2 2 1002 12 124 123 771
599 2 2 1002 12 738 124 771
600 2 2 1002 12 752 757 758
601 2 2 1002 12 749 752 758
602 2 2 1002 12 751 750 759
603 2 2 1002 12 754 761 762
604 2 2 1002 12 753 754 762
605 2 2 1002 12 137 136 739
606 2 2 1002 12 131 130 740
607 2 2 1002 12 122 121 742
608 2 2 1002 12 119 118 741
609 2 2 1002 12 125 124 738
610 2 2 1002 12 134 133 744
611 2 2 1002 12 116 115 745
612 2 2 1002 12 128 127 743
613 2 2 1002 12 754 760 761
614 2 2 1002 12 756 753 762
615 2 2 1002 12 754 759 760
616 2 2 1002 12 755 753 756
617 2 2 1002 12 754 751 759
618 2 2 1002 12 752 755 757
619 2 2 1002 12 752 753 755
620 2 2 1002 12 753 751 754
621 2 2 1002 12 752 751 753
622 2 2 1002 12 749 751 752
623 2 2 1002 12 749 750 751
624 2 2 1002 12 747 749 758
625 2 2 1002 12 749 748 750
626 2 2 1002 12 759 750 763
627 2 2 1002 12 747 748 749
628 2 2 1002 12 747 758 773
629 2 2 1002 12 747 739 748
630 2 2 1002 12 739 136 769
631 2 2 1002 12 136 135 769
632 2 2 1002 12 762 761 764
633 2 2 1002 12 757 755 766
634 2 2 1002 12 765 742 768
635 2 2 1002 12 760 759 774
636 2 2 1002 12 770 771 778
637 2 2 1002 12 764 738 770
638 2 2 1002 12 762 764 770
639 2 2 1002 12 755 756 765
640 2 2 1002 12 763 750 777
641 2 2 1002 12 744 763 777
642 2 2 1002 12 757 767 780
643 2 2 1002 12 127 126 772
644 2 2 1002 12 743 127 772
645 2 2 1002 12 766 765 768
646 2 2 1002 12 767 117 787
647 2 2 1002 12 748 739 769
648 2 2 1002 12 756 762 770
649 2 2 1002 12 748 769 777
650 2 2 1002 12 763 744 785
651 2 2 1002 12 766 768 786
652 2 2 1002 12 755 765 766
653 2 2 1002 12 746 739 747
654 2 2 1002 12 741 766 786
655 2 2 1002 12 770 738 771
656 2 2 1002 12 777 769 781
657 2 2 1002 12 740 774 776
658 2 2 1002 12 756 770 778
659 2 2 1002 12 758 757 780
660 2 2 1002 12 743 761 783
661 2 2 1002 12 137 739 746
662 2 2 1002 12 6 137 746
663 2 2 1002 12 750 748 777
664 2 2 1002 12 759 763 774
665 2 2 1002 12 126 125 779
666 2 2 1002 12 135 134 781
667 2 2 1002 12 776 763 785
668 2 2 1002 12 123 122 782
669 2 2 1002 12 133 132 785
670 2 2 1002 12 117 116 787
671 2 2 1002 12 120 119 786
672 2 2 1002 12 129 128 784
673 2 2 1002 12 761 760 783
674 2 2 1002 12 125 738 779
675 2 2 1002 12 746 747 773
676 2 2 1002 12 134 744 781
677 2 2 1002 12 774 763 776
678 2 2 1002 12 122 742 782
679 2 2 1002 12 775 129 784
680 2 2 1002 12 128 743 784
681 2 2 1002 12 738 764 779
682 2 2 1002 12 744 133 785
683 2 2 1002 12 119 741 786
684 2 2 1002 12 116 745 787
685 2 2 1002 12 768 120 786
686 2 2 1002 12 778 771 782
687 2 2 1002 12 771 123 782
688 2 2 1002 12 760 775 783
689 2 2 1002 12 765 756 778
690 2 2 1002 12 742 765 778
691 2 2 1002 12 769 135 781
692 2 2 1002 12 132 776 785
693 2 2 1002 12 772 126 779
694 2 2 1002 12 744 777 781
695 2 2 1002 12 764 772 779
696 2 2 1002 12 780 767 787
697 2 2 1002 12 745 780 787
698 2 2 1002 12 742 778 782
699 2 2 1002 12 743 783 784
700 2 2 1002 12 783 775 784
701 2 2 1001 13 969 971 803
702 2 2 1001 13 796 880 878
703 2 2 1001 13 796 987 880
704 2 2 1001 13 887 971 969
705 2 2 1001 13 881 966 799
706 2 2 1001 13 799 997 881
707 2 2 1001 13 970 985 148
708 2 2 1001 13 871 942 925
709 2 2 1001 13 870 949 948
710 2 2 1001 13 914 985 970
711 2 2 1001 13 954 960 793
712 2 2 1001 13 912 970 791
713 2 2 1001 13 946 950 866
714 2 2 1001 13 906 956 907
715 2 2 1001 13 790 953 932
716 2 2 1001 13 955 959 804
717 2 2 1001 13 877 972 788
718 2 2 1001 13 945 947 869
719 2 2 1001 13 795 886 885
720 2 2 1001 13 788 973 877
721 2 2 1001 13 922 926 923
722 2 2 1001 13 791 1001 912
723 2 2 1001 13 866 975 946
724 2 2 1001 13 936 965 810
725 2 2 1001 13 925 942 894
726 2 2 1001 13 870 989 949
727 2 2 1001 13 788 972 895
728 2 2 1001 13 954 990 960
729 2 2 1001 13 895 976 788
730 2 2 1001 13 895 977 808
731 2 2 1001 13 936 1004 965
732 2 2 1001 13 808 976 895
733 2 2 1001 13 956 993 907
734 2 2 1001 13 953 995 932
735 2 2 1001 13 926 1002 923
736 2 2 1001 13 959 992 804
737 2 2 1001 13 800 988 896
738 2 2 1001 13 885 994 795
739 2 2 1001 13 809 974 877
740 2 2 1001 13 882 996 801
741 2 2 1001 13 792 985 915
742 2 2 1001 13 877 973 809
743 2 2 1001 13 803 981 969
744 2 2 1001 13 961 997 963
745 2 2 1001 13 871 978 942
746 2 2 1001 13 869 986 945
747 2 2 1001 13 962 988 800
748 2 2 1001 13 865 975 866
749 2 2 1001 13 801 996 964
750 2 2 1001 13 961 963 928
751 2 2 1001 13 805 885 883
752 2 2 1001 13 795 887 886
753 2 2 1001 13 794 939 907
754 2 2 1001 13 915 985 914
755 2 2 1001 13 967 969 909
756 2 2 1001 13 915 984 792
757 2 2 1001 13 890 892 873
758 2 2 1001 13 924 943 933
759 2 2 1001 13 838 924 837
760 2 2 1001 13 934 936 810
761 2 2 1001 13 919 921 841
762 2 2 1001 13 921 924 841
763 2 2 1001 13 798 935 934
764 2 2 1001 13 817 910 888
765 2 2 1001 13 889 940 888
766 2 2 1001 13 798 934 170
767 2 2 1001 13 855 890 873
768 2 2 1001 13 933 943 915
769 2 2 1001 13 841 924 838
770 2 2 1001 13 888 910 879
771 2 2 1001 13 935 936 934
772 2 2 1001 13 871 897 857
773 2 2 1001 13 852 890 855
774 2 2 1001 13 842 919 841
775 2 2 1001 13 800 941 187
776 2 2 1001 13 169 934 810
777 2 2 1001 13 169 810 168
778 2 2 1001 13 855 873 872
779 2 2 1001 13 893 895 892
780 2 2 1001 13 873 877 872
781 2 2 1001 13 157 945 801
782 2 2 1001 13 881 889 888
783 2 2 1001 13 921 943 924
784 2 2 1001 13 171 946 798
785 2 2 1001 13 855 872 868
786 2 2 1001 13 857 897 848
787 2 2 1001 13 898 938 884
788 2 2 1001 13 852 855 854
789 2 2 1001 13 941 942 797
790 2 2 1001 13 891 892 890
791 2 2 1001 13 847 848 846
792 2 2 1001 13 850 852 851
793 2 2 1001 13 881 888 879
794 2 2 1001 13 156 947 945
795 2 2 1001 13 871 925 897
796 2 2 1001 13 139 799 140
797 2 2 1001 13 157 801 158
798 2 2 1001 13 188 800 187
799 2 2 1001 13 848 850 849
800 2 2 1001 13 186 941 797
801 2 2 1001 13 845 919 842
802 2 2 1001 13 171 798 170
803 2 2 1001 13 905 906 904
804 2 2 1001 13 905 908 906
805 2 2 1001 13 853 890 852
806 2 2 1001 13 904 939 903
807 2 2 1001 13 183 949 794
808 2 2 1001 13 170 934 169
809 2 2 1001 13 156 945 157
810 2 2 1001 13 844 846 845
811 2 2 1001 13 891 893 892
812 2 2 1001 13 879 910 858
813 2 2 1001 13 844 847 846
814 2 2 1001 13 186 797 185
815 2 2 1001 13 850 853 852
816 2 2 1001 13 187 941 186
817 2 2 1001 13 848 849 846
818 2 2 1001 13 172 946 171
819 2 2 1001 13 843 905 904
820 2 2 1001 13 797 948 185
821 2 2 1001 13 880 881 879
822 2 2 1001 13 793 950 173
823 2 2 1001 13 878 879 858
824 2 2 1001 13 172 950 946
825 2 2 1001 13 847 857 848
826 2 2 1001 13 850 851 849
827 2 2 1001 13 848 897 850
828 2 2 1001 13 155 947 156
829 2 2 1001 13 790 947 155
830 2 2 1001 13 870 871 857
831 2 2 1001 13 924 933 837
832 2 2 1001 13 808 988 927
833 2 2 1001 13 903 939 863
834 2 2 1001 13 184 949 183
835 2 2 1001 13 948 949 184
836 2 2 1001 13 907 939 904
837 2 2 1001 13 853 891 890
838 2 2 1001 13 906 907 904
839 2 2 1001 13 861 898 884
840 2 2 1001 13 889 958 940
841 2 2 1001 13 852 854 851
842 2 2 1001 13 185 948 184
843 2 2 1001 13 872 882 868
844 2 2 1001 13 855 868 854
845 2 2 1001 13 843 844 842
846 2 2 1001 13 844 845 842
847 2 2 1001 13 861 884 883
848 2 2 1001 13 173 950 172
849 2 2 1001 13 878 880 879
850 2 2 1001 13 843 904 903
851 2 2 1001 13 150 923 151
852 2 2 1001 13 792 923 150
853 2 2 1001 13 181 956 180
854 2 2 1001 13 180 956 803
855 2 2 1001 13 153 953 154
856 2 2 1001 13 802 953 153
857 2 2 1001 13 154 953 790
858 2 2 1001 13 152 802 153
859 2 2 1001 13 180 803 179
860 2 2 1001 13 176 805 175
861 2 2 1001 13 144 804 145
862 2 2 1001 13 805 954 175
863 2 2 1001 13 144 955 804
864 2 2 1001 13 183 794 182
865 2 2 1001 13 149 792 150
866 2 2 1001 13 175 954 174
867 2 2 1001 13 178 795 177
868 2 2 1001 13 796 955 143
869 2 2 1001 13 174 793 173
870 2 2 1001 13 174 954 793
871 2 2 1001 13 154 790 155
872 2 2 1001 13 142 796 143
873 2 2 1001 13 143 955 144
874 2 2 1001 13 146 791 147
875 2 2 1001 13 840 842 841
876 2 2 1001 13 840 843 842
877 2 2 1001 13 922 943 921
878 2 2 1001 13 839 908 905
879 2 2 1001 13 840 905 843
880 2 2 1001 13 840 841 838
881 2 2 1001 13 839 905 840
882 2 2 1001 13 920 926 922
883 2 2 1001 13 917 918 845
884 2 2 1001 13 832 835 834
885 2 2 1001 13 913 915 914
886 2 2 1001 13 836 837 834
887 2 2 1001 13 920 922 921
888 2 2 1001 13 836 839 838
889 2 2 1001 13 835 836 834
890 2 2 1001 13 836 838 837
891 2 2 1001 13 839 840 838
892 2 2 1001 13 920 921 919
893 2 2 1001 13 816 944 819
894 2 2 1001 13 885 886 862
895 2 2 1001 13 832 834 833
896 2 2 1001 13 913 914 912
897 2 2 1001 13 829 861 831
898 2 2 1001 13 832 833 830
899 2 2 1001 13 821 910 818
900 2 2 1001 13 835 909 836
901 2 2 1001 13 918 920 919
902 2 2 1001 13 861 883 862
903 2 2 1001 13 832 900 835
904 2 2 1001 13 861 862 831
905 2 2 1001 13 886 900 862
906 2 2 1001 13 883 885 862
907 2 2 1001 13 839 909 908
908 2 2 1001 13 831 832 830
909 2 2 1001 13 826 829 828
910 2 2 1001 13 831 900 832
911 2 2 1001 13 862 900 831
912 2 2 1001 13 860 876 875
913 2 2 1001 13 911 913 912
914 2 2 1001 13 836 909 839
915 2 2 1001 13 860 874 827
916 2 2 1001 13 829 831 830
917 2 2 1001 13 828 860 827
918 2 2 1001 13 829 898 861
919 2 2 1001 13 860 875 874
920 2 2 1001 13 918 919 845
921 2 2 1001 13 824 901 823
922 2 2 1001 13 860 899 876
923 2 2 1001 13 863 870 857
924 2 2 1001 13 829 830 828
925 2 2 1001 13 827 901 824
926 2 2 1001 13 826 898 829
927 2 2 1001 13 826 828 827
928 2 2 1001 13 846 917 845
929 2 2 1001 13 826 827 824
930 2 2 1001 13 825 898 826
931 2 2 1001 13 828 899 860
932 2 2 1001 13 858 910 821
933 2 2 1001 13 823 858 821
934 2 2 1001 13 822 825 824
935 2 2 1001 13 815 944 816
936 2 2 1001 13 911 916 913
937 2 2 1001 13 825 826 824
938 2 2 1001 13 843 903 844
939 2 2 1001 13 864 878 858
940 2 2 1001 13 833 899 830
941 2 2 1001 13 830 899 828
942 2 2 1001 13 819 865 856
943 2 2 1001 13 874 901 827
944 2 2 1001 13 818 910 817
945 2 2 1001 13 929 996 809
946 2 2 1001 13 847 863 857
947 2 2 1001 13 819 944 865
948 2 2 1001 13 850 897 853
949 2 2 1001 13 837 916 834
950 2 2 1001 13 822 824 823
951 2 2 1001 13 926 952 802
952 2 2 1001 13 894 896 893
953 2 2 1001 13 823 864 858
954 2 2 1001 13 865 866 856
955 2 2 1001 13 911 912 876
956 2 2 1001 13 938 960 884
957 2 2 1001 13 916 933 913
958 2 2 1001 13 874 959 901
959 2 2 1001 13 823 901 864
960 2 2 1001 13 866 867 856
961 2 2 1001 13 820 821 818
962 2 2 1001 13 851 859 849
963 2 2 1001 13 837 933 916
964 2 2 1001 13 847 903 863
965 2 2 1001 13 901 959 864
966 2 2 1001 13 844 903 847
967 2 2 1001 13 913 933 915
968 2 2 1001 13 819 856 820
969 2 2 1001 13 833 916 911
970 2 2 1001 13 822 823 821
971 2 2 1001 13 899 911 876
972 2 2 1001 13 833 911 899
973 2 2 1001 13 820 822 821
974 2 2 1001 13 856 902 820
975 2 2 1001 13 820 902 822
976 2 2 1001 13 891 894 893
977 2 2 1001 13 816 817 814
978 2 2 1001 13 834 916 833
979 2 2 1001 13 822 902 825
980 2 2 1001 13 888 940 817
981 2 2 1001 13 804 937 145
982 2 2 1001 13 146 937 791
983 2 2 1001 13 819 820 818
984 2 2 1001 13 868 869 854
985 2 2 1001 13 880 966 881
986 2 2 1001 13 867 902 856
987 2 2 1001 13 816 819 818
988 2 2 1001 13 825 938 898
989 2 2 1001 13 161 806 162
990 2 2 1001 13 162 811 163
991 2 2 1001 13 849 917 846
992 2 2 1001 13 164 788 163
993 2 2 1001 13 163 789 164
994 2 2 1001 13 816 818 817
995 2 2 1001 13 812 815 814
996 2 2 1001 13 932 957 859
997 2 2 1001 13 859 957 917
998 2 2 1001 13 814 940 813
999 2 2 1001 13 815 816 814
1000 2 2 1001 13 164 930 165
1001 2 2 1001 13 931 932 859
1002 2 2 1001 13 859 917 849
1003 2 2 1001 13 853 925 891
1004 2 2 1001 13 917 957 918
1005 2 2 1001 13 851 931 859
1006 2 2 1001 13 162 808 161
1007 2 2 1001 13 166 809 165
1008 2 2 1001 13 165 807 166
1009 2 2 1001 13 897 925 853
1010 2 2 1001 13 854 931 851
1011 2 2 1001 13 920 952 926
1012 2 2 1001 13 869 931 854
1013 2 2 1001 13 812 814 813
1014 2 2 1001 13 817 940 814
1015 2 2 1001 13 891 925 894
1016 2 2 1001 13 145 937 146
1017 2 2 1001 13 812 813 789
1018 2 2 1001 13 806 811 162
1019 2 2 1001 13 163 811 789
1020 2 2 1001 13 902 938 825
1021 2 2 1001 13 867 938 902
1022 2 2 1001 13 789 930 164
1023 2 2 1001 13 930 958 807
1024 2 2 1001 13 811 812 789
1025 2 2 1001 13 867 960 938
1026 2 2 1001 13 167 929 166
1027 2 2 1001 13 165 930 807
1028 2 2 1001 13 166 928 167
1029 2 2 1001 13 161 927 160
1030 2 2 1001 13 813 958 930
1031 2 2 1001 13 812 951 815
1032 2 2 1001 13 918 952 920
1033 2 2 1001 13 813 930 789
1034 2 2 1001 13 918 957 952
1035 2 2 1001 13 940 958 813
1036 2 2 1001 13 806 951 811
1037 2 2 1001 13 166 929 809
1038 2 2 1001 13 807 928 166
1039 2 2 1001 13 808 927 161
1040 2 2 1001 13 811 951 812
1041 2 2 1001 13 914 970 912
1042 2 2 1001 13 963 997 799
1043 2 2 1001 13 950 979 866
1044 2 2 1001 13 189 962 188
1045 2 2 1001 13 138 963 139
1046 2 2 1001 13 158 964 159
1047 2 2 1001 13 140 966 141
1048 2 2 1001 13 887 969 967
1049 2 2 1001 13 160 965 161
1050 2 2 1001 13 809 996 974
1051 2 2 1001 13 977 988 808
1052 2 2 1001 13 947 980 869
1053 2 2 1001 13 887 967 886
1054 2 2 1001 13 958 961 807
1055 2 2 1001 13 966 987 141
1056 2 2 1001 13 889 961 958
1057 2 2 1001 13 807 961 928
1058 2 2 1001 13 878 982 796
1059 2 2 1001 13 835 967 909
1060 2 2 1001 13 886 967 900
1061 2 2 1001 13 147 970 148
1062 2 2 1001 13 805 994 885
1063 2 2 1001 13 895 972 892
1064 2 2 1001 13 873 972 877
1065 2 2 1001 13 795 971 887
1066 2 2 1001 13 968 1003 944
1067 2 2 1001 13 188 962 800
1068 2 2 1001 13 139 963 799
1069 2 2 1001 13 801 964 158
1070 2 2 1001 13 877 974 872
1071 2 2 1001 13 798 975 935
1072 2 2 1001 13 799 966 140
1073 2 2 1001 13 161 965 806
1074 2 2 1001 13 893 977 895
1075 2 2 1001 13 815 968 944
1076 2 2 1001 13 803 971 179
1077 2 2 1001 13 178 971 795
1078 2 2 1001 13 937 1001 791
1079 2 2 1001 13 907 993 794
1080 2 2 1001 13 168 991 8
1081 2 2 1001 13 943 984 915
1082 2 2 1001 13 875 1001 937
1083 2 2 1001 13 8 991 160
1084 2 2 1001 13 942 978 797
1085 2 2 1001 13 880 987 966
1086 2 2 1001 13 164 973 788
1087 2 2 1001 13 896 983 800
1088 2 2 1001 13 788 976 163
1089 2 2 1001 13 881 997 889
1090 2 2 1001 13 809 973 165
1091 2 2 1001 13 162 976 808
1092 2 2 1001 13 148 985 149
1093 2 2 1001 13 935 1003 968
1094 2 2 1001 13 794 989 939
1095 2 2 1001 13 802 1002 926
1096 2 2 1001 13 142 987 796
1097 2 2 1001 13 960 990 884
1098 2 2 1001 13 181 993 956
1099 2 2 1001 13 794 993 182
1100 2 2 1001 13 176 994 805
1101 2 2 1001 13 795 994 177
1102 2 2 1001 13 868 986 869
1103 2 2 1001 13 923 1002 151
1104 2 2 1001 13 152 1002 802
1105 2 2 1001 13 960 979 793
1106 2 2 1001 13 874 992 959
1107 2 2 1001 13 912 1001 876
1108 2 2 1001 13 949 989 794
1109 2 2 1001 13 951 968 815
1110 2 2 1001 13 863 989 870
1111 2 2 1001 13 932 995 957
1112 2 2 1001 13 948 978 870
1113 2 2 1001 13 7 999 138
1114 2 2 1001 13 8 998 189
1115 2 2 1001 13 159 1000 7
1116 2 2 1001 13 160 998 8
1117 2 2 1001 13 167 999 7
1118 2 2 1001 13 7 1000 167
1119 2 2 1001 13 883 990 805
1120 2 2 1001 13 909 969 908
1121 2 2 1001 13 935 968 936
1122 2 2 1001 13 900 967 835
1123 2 2 1001 13 805 990 954
1124 2 2 1001 13 791 970 147
1125 2 2 1001 13 866 979 867
1126 2 2 1001 13 802 995 953
1127 2 2 1001 13 869 980 931
1128 2 2 1001 13 864 982 878
1129 2 2 1001 13 804 992 937
1130 2 2 1001 13 952 995 802
1131 2 2 1001 13 937 992 875
1132 2 2 1001 13 800 983 941
1133 2 2 1001 13 801 986 882
1134 2 2 1001 13 955 982 959
1135 2 2 1001 13 932 980 790
1136 2 2 1001 13 945 986 801
1137 2 2 1001 13 906 981 956
1138 2 2 1001 13 969 981 908
1139 2 2 1001 13 942 983 894
1140 2 2 1001 13 951 1004 968
1141 2 2 1001 13 892 972 873
1142 2 2 1001 13 965 1004 806
1143 2 2 1001 13 179 971 178
1144 2 2 1001 13 872 974 882
1145 2 2 1001 13 165 973 164
1146 2 2 1001 13 968 1004 936
1147 2 2 1001 13 163 976 162
1148 2 2 1001 13 896 977 893
1149 2 2 1001 13 870 978 871
1150 2 2 1001 13 946 975 798
1151 2 2 1001 13 867 979 960
1152 2 2 1001 13 941 983 942
1153 2 2 1001 13 959 982 864
1154 2 2 1001 13 931 980 932
1155 2 2 1001 13 956 981 803
1156 2 2 1001 13 797 978 948
1157 2 2 1001 13 793 979 950
1158 2 2 1001 13 908 981 906
1159 2 2 1001 13 790 980 947
1160 2 2 1001 13 796 982 955
1161 2 2 1001 13 923 984 922
1162 2 2 1001 13 964 1000 159
1163 2 2 1001 13 138 999 963
1164 2 2 1001 13 189 998 962
1165 2 2 1001 13 792 984 923
1166 2 2 1001 13 922 984 943
1167 2 2 1001 13 894 983 896
1168 2 2 1001 13 149 985 792
1169 2 2 1001 13 882 986 868
1170 2 2 1001 13 975 1003 935
1171 2 2 1001 13 141 987 142
1172 2 2 1001 13 810 991 168
1173 2 2 1001 13 884 990 883
1174 2 2 1001 13 939 989 863
1175 2 2 1001 13 875 992 874
1176 2 2 1001 13 182 993 181
1177 2 2 1001 13 177 994 176
1178 2 2 1001 13 160 991 965
1179 2 2 1001 13 957 995 952
1180 2 2 1001 13 151 1002 152
1181 2 2 1001 13 876 1001 875
1182 2 2 1001 13 963 999 928
1183 2 2 1001 13 962 998 927
1184 2 2 1001 13 929 1000 964
1185 2 2 1001 13 927 998 160
1186 2 2 1001 13 928 999 167
1187 2 2 1001 13 167 1000 929
1188 2 2 1001 13 944 1003 865
1189 2 2 1001 13 927 988 962
1190 2 2 1001 13 806 1004 951
1191 2 2 1001 13 889 997 961
1192 2 2 1001 13 964 996 929
1193 2 2 1001 13 965 991 810
1194 2 2 1001 13 896 988 977
1195 2 2 1001 13 974 996 882
1196 2 2 1001 13 865 1003 975
1197 4 2 1 2 1102 190 277 257
1198 4 2 1 2 306 307 308 1122
1199 4 2 1 2 1116 336 337 332
1200 4 2 1 2 1113 1109 1118 1104
1201 4 2 1 2 277 1104 257 242
1202 4 2 1 2 280 266 194 297
1203 4 2 1 2 1120 309 308 1099
1204 4 2 1 2 1122 1120 1099 1118
1205 4 2 1 2 289 346 331 38
1206 4 2 1 2 15 16 194 297
1207 4 2 1 2 223 226 1114 250
1208 4 2 1 2 336 1116 337 338
1209 4 2 1 2 276 233 235 1103
1210 4 2 1 2 244 333 354 44
1211 4 2 1 2 324 314 315 1118
1212 4 2 1 2 208 50 49 352
1213 4 2 1 2 311 1098 294 319
1214 4 2 1 2 1105 1098 319 195
1215 4 2 1 2 1120 266 280 297
1216 4 2 1 2 245 204 1115 244
1217 4 2 1 2 214 1098 195 217
1218 4 2 1 2 1102 237 236 1103
1219 4 2 1 2 225 1126 227 191
1220 4 2 1 2 208 285 1116 262
1221 4 2 1 2 1113 228 1118 1114
1222 4 2 1 2 342 343 1106 1107
1223 4 2 1 2 190 244 257 1115
1224 4 2 1 2 306 311 305 1099
1225 4 2 1 2 236 234 1103 235
1226 4 2 1 2 233 276 1121 1103
1227 4 2 1 2 1123 280 194 297
1228 4 2 1 2 196 1098 294 326
1229 4 2 1 2 1123 316 194 249
1230 4 2 1 2 1124 322 323 317
1231 4 2 1 2 1102 336 1116 332
1232 4 2 1 2 321 24 23 192
1233 4 2 1 2 316 16 194 249
1234 4 2 1 2 296 27 283 1
1235 4 2 1 2 1097 248 268 243
1236 4 2 1 2 1097 267 202 247
1237 4 2 1 2 247 258 246 1118
1238 4 2 1 2 1113 1115 1106 1117
1239 4 2 1 2 1100 222 1106 1114
1240 4 2 1 2 331 343 1106 342
1241 4 2 1 2 1114 225 1106 227
1242 4 2 1 2 358 333 349 1115
1243 4 2 1 2 300 322 273 10
1244 4 2 1 2 1120 280 221 250
1245 4 2 1 2 31 296 283 1
1246 4 2 1 2 296 1124 31 1121
1247 4 2 1 2 1101 222 1100 271
1248 4 2 1 2 317 284 1 31
1249 4 2 1 2 252 1100 279 216
1250 4 2 1 2 311 300 1124 1105
1251 4 2 1 2 219 221 220 1100
1252 4 2 1 2 1105 1112 1099 1100
1253 4 2 1 2 1100 1112 1099 1111
1254 4 2 1 2 1116 339 357 337
1255 4 2 1 2 10 322 273 207
1256 4 2 1 2 1105 31 1121 30
1257 4 2 1 2 28 285 330 2
1258 4 2 1 2 1111 1119 1117 1110
1259 4 2 1 2 1116 234 1110 1103
1260 4 2 1 2 300 1105 319 195
1261 4 2 1 2 322 300 273 1124
1262 4 2 1 2 299 324 315 1118
1263 4 2 1 2 311 1098 319 1105
1264 4 2 1 2 263 292 199 1127
1265 4 2 1 2 201 289 331 1126
1266 4 2 1 2 1102 190 257 1115
1267 4 2 1 2 1112 212 214 213
1268 4 2 1 2 234 197 1110 1103
1269 4 2 1 2 300 311 319 1105
1270 4 2 1 2 332 274 49 352
1271 4 2 1 2 222 201 1106 224
1272 4 2 1 2 190 354 45 44
1273 4 2 1 2 1097 320 202 293
1274 4 2 1 2 1102 237 238 198
1275 4 2 1 2 234 208 236 1116
1276 4 2 1 2 336 1102 1116 1117
1277 4 2 1 2 1102 344 327 354
1278 4 2 1 2 339 1116 1108 1117
1279 4 2 1 2 1123 1120 250 280
1280 4 2 1 2 343 1101 345 328
1281 4 2 1 2 218 1098 1100 217
1282 4 2 1 2 1115 1113 1106 227
1283 4 2 1 2 258 193 1118 287
1284 4 2 1 2 239 237 238 1103
1285 4 2 1 2 193 20 246 324
1286 4 2 1 2 1127 199 334 254
1287 4 2 1 2 204 43 358 244
1288 4 2 1 2 1109 1102 1104 1117
1289 4 2 1 2 201 289 38 346
1290 4 2 1 2 1102 1116 1117 1103
1291 4 2 1 2 1108 353 334 345
1292 4 2 1 2 1103 1116 1117 1110
1293 4 2 1 2 31 1105 261 30
1294 4 2 1 2 1105 211 1112 213
1295 4 2 1 2 223 225 1106 1114
1296 4 2 1 2 252 200 1101 251
1297 4 2 1 2 240 1102 238 253
1298 4 2 1 2 1116 1127 28 330
1299 4 2 1 2 1108 292 210 209
1300 4 2 1 2 285 1116 330 352
1301 4 2 1 2 248 1097 268 192
1302 4 2 1 2 278 355 327 1102
1303 4 2 1 2 277 240 1104 242
1304 4 2 1 2 200 35 254 353
1305 4 2 1 2 29 1127 209 28
1306 4 2 1 2 1112 29 205 30
1307 4 2 1 2 1105 211 261 1112
1308 4 2 1 2 285 208 1116 352
1309 4 2 1 2 278 355 46 327
1310 4 2 1 2 212 1112 214 1100
1311 4 2 1 2 214 215 1100 216
1312 4 2 1 2 342 1126 1125 1106
1313 4 2 1 2 1101 1100 1106 1107
1314 4 2 1 2 1120 1098 309 1099
1315 4 2 1 2 237 236 1103 235
1316 4 2 1 2 225 1126 224 1106
1317 4 2 1 2 1120 1123 250 269
1318 4 2 1 2 241 1109 268 239
1319 4 2 1 2 1102 278 238 253
1320 4 2 1 2 223 225 224 1106
1321 4 2 1 2 291 1101 1100 271
1322 4 2 1 2 215 1101 1108 1100
1323 4 2 1 2 215 212 214 1100
1324 4 2 1 2 201 1126 331 1106
1325 4 2 1 2 1126 281 227 191
1326 4 2 1 2 342 340 1107 1125
1327 4 2 1 2 1097 310 293 302
1328 4 2 1 2 1104 1102 1115 1117
1329 4 2 1 2 1105 1112 1121 1099
1330 4 2 1 2 318 27 26 264
1331 4 2 1 2 311 1105 305 1099
1332 4 2 1 2 347 1126 1125 359
1333 4 2 1 2 1125 1115 341 1117
1334 4 2 1 2 256 267 202 1097
1335 4 2 1 2 1103 233 1110 1121
1336 4 2 1 2 1105 1124 31 261
1337 4 2 1 2 221 222 220 1100
1338 4 2 1 2 29 1112 1110 30
1339 4 2 1 2 1098 219 218 1100
1340 4 2 1 2 1124 207 284 261
1341 4 2 1 2 1113 1114 1106 227
1342 4 2 1 2 1107 340 341 1125
1343 4 2 1 2 1111 1100 1114 1099
1344 4 2 1 2 1100 1098 1114 1099
1345 4 2 1 2 21 299 320 246
1346 4 2 1 2 25 248 24 301
1347 4 2 1 2 1118 1120 1099 1114
1348 4 2 1 2 252 291 1100 216
1349 4 2 1 2 254 1108 353 334
1350 4 2 1 2 288 1120 269 1123
1351 4 2 1 2 1127 263 209 282
1352 4 2 1 2 29 1127 1108 209
1353 4 2 1 2 1116 332 337 352
1354 4 2 1 2 274 208 49 352
1355 4 2 1 2 292 263 209 1127
1356 4 2 1 2 269 1120 228 1114
1357 4 2 1 2 1111 1113 1099 1114
1358 4 2 1 2 1112 1105 214 1100
1359 4 2 1 2 24 321 301 192
1360 4 2 1 2 302 1097 1121 298
1361 4 2 1 2 342 347 1125 359
1362 4 2 1 2 330 1116 337 352
1363 4 2 1 2 340 339 1107 1117
1364 4 2 1 2 248 24 301 192
1365 4 2 1 2 252 1101 279 1100
1366 4 2 1 2 254 35 34 353
1367 4 2 1 2 1113 230 231 1118
1368 4 2 1 2 243 248 276 1103
1369 4 2 1 2 1102 1116 236 332
1370 4 2 1 2 222 201 271 1101
1371 4 2 1 2 27 318 283 264
1372 4 2 1 2 256 1097 202 293
1373 4 2 1 2 218 219 220 1100
1374 4 2 1 2 1113 230 228 229
1375 4 2 1 2 196 13 326 272
1376 4 2 1 2 1123 1120 297 308
1377 4 2 1 2 1124 211 207 261
1378 4 2 1 2 20 299 246 324
1379 4 2 1 2 288 1122 260 1118
1380 4 2 1 2 1124 207 213 273
1381 4 2 1 2 259 247 290 1104
1382 4 2 1 2 1116 234 1103 236
1383 4 2 1 2 234 197 262 1110
1384 4 2 1 2 193 314 260 19
1385 4 2 1 2 309 1098 297 312
1386 4 2 1 2 332 274 48 49
1387 4 2 1 2 232 233 264 1121
1388 4 2 1 2 1120 1123 1122 308
1389 4 2 1 2 306 307 1122 1099
1390 4 2 1 2 322 1124 273 207
1391 4 2 1 2 1119 1113 1099 1111
1392 4 2 1 2 343 1101 1106 1107
1393 4 2 1 2 346 251 360 37
1394 4 2 1 2 1123 203 249 269
1395 4 2 1 2 1127 351 282 28
1396 4 2 1 2 248 1097 301 298
1397 4 2 1 2 1113 1118 1099 1114
1398 4 2 1 2 1116 29 28 1108
1399 4 2 1 2 1123 250 249 194
1400 4 2 1 2 289 270 39 350
1401 4 2 1 2 1104 1102 257 1115
1402 4 2 1 2 1113 1119 1099 1118
1403 4 2 1 2 1105 1112 261 30
1404 4 2 1 2 190 1102 354 1115
1405 4 2 1 2 1098 1120 1114 1099
1406 4 2 1 2 219 1098 221 1100
1407 4 2 1 2 197 29 262 1110
1408 4 2 1 2 230 287 231 1118
1409 4 2 1 2 229 1113 231 265
1410 4 2 1 2 245 1113 265 231
1411 4 2 1 2 258 1104 231 1118
1412 4 2 1 2 1111 1119 1121 1099
1413 4 2 1 2 270 329 1126 191
1414 4 2 1 2 219 1098 196 266
1415 4 2 1 2 263 32 356 33
1416 4 2 1 2 199 34 33 334
1417 4 2 1 2 328 1101 345 353
1418 4 2 1 2 1124 1105 211 261
1419 4 2 1 2 1116 339 338 1117
1420 4 2 1 2 1109 1103 1117 1110
1421 4 2 1 2 1127 263 356 334
1422 4 2 1 2 258 193 246 1118
1423 4 2 1 2 21 320 202 246
1424 4 2 1 2 1123 316 297 194
1425 4 2 1 2 1120 1098 297 309
1426 4 2 1 2 289 201 331 346
1427 4 2 1 2 1127 1108 254 334
1428 4 2 1 2 343 1101 1107 345
1429 4 2 1 2 212 211 1112 210
1430 4 2 1 2 257 1104 290 242
1431 4 2 1 2 321 1097 293 302
1432 4 2 1 2 340 343 1107 345
1433 4 2 1 2 1109 1102 1117 1103
1434 4 2 1 2 1101 343 331 346
1435 4 2 1 2 340 338 1117 341
1436 4 2 1 2 201 289 1126 224
1437 4 2 1 2 1098 1120 221 1114
1438 4 2 1 2 222 223 1106 1114
1439 4 2 1 2 255 329 1126 348
1440 4 2 1 2 343 1101 331 1106
1441 4 2 1 2 1112 1111 1107 1117
1442 4 2 1 2 358 1115 349 348
1443 4 2 1 2 1113 230 229 231
1444 4 2 1 2 329 350 1126 359
1445 4 2 1 2 1101 1108 353 254
1446 4 2 1 2 1123 325 295 313
1447 4 2 1 2 303 305 323 1121
1448 4 2 1 2 344 333 354 1115
1449 4 2 1 2 347 329 1126 359
1450 4 2 1 2 1107 340 1117 341
1451 4 2 1 2 314 18 295 203
1452 4 2 1 2 1113 1109 1117 1119
1453 4 2 1 2 1127 357 334 356
1454 4 2 1 2 1101 1108 345 353
1455 4 2 1 2 1127 1108 334 345
1456 4 2 1 2 1116 1102 236 1103
1457 4 2 1 2 1127 351 357 356
1458 4 2 1 2 1097 302 301 298
1459 4 2 1 2 1108 1101 345 1107
1460 4 2 1 2 1111 1100 1106 1114
1461 4 2 1 2 241 1109 1104 1097
1462 4 2 1 2 288 1120 1122 1118
1463 4 2 1 2 1097 321 301 302
1464 4 2 1 2 1098 221 1100 1114
1465 4 2 1 2 355 1102 336 327
1466 4 2 1 2 1109 1113 1118 1119
1467 4 2 1 2 245 259 1104 231
1468 4 2 1 2 269 1120 1114 250
1469 4 2 1 2 1115 349 1125 341
1470 4 2 1 2 1098 311 294 309
1471 4 2 1 2 339 340 1107 345
1472 4 2 1 2 226 269 1114 250
1473 4 2 1 2 1119 306 305 1099
1474 4 2 1 2 310 1097 320 1118
1475 4 2 1 2 303 318 298 1121
1476 4 2 1 2 1120 288 1122 1123
1477 4 2 1 2 1102 344 354 1115
1478 4 2 1 2 1109 1103 1110 1121
1479 4 2 1 2 1101 201 331 1106
1480 4 2 1 2 310 307 304 1119
1481 4 2 1 2 263 199 33 334
1482 4 2 1 2 237 243 235 1103
1483 4 2 1 2 1098 311 309 1099
1484 4 2 1 2 1124 284 317 31
1485 4 2 1 2 309 306 308 1099
1486 4 2 1 2 336 1116 338 1117
1487 4 2 1 2 1109 1102 239 240
1488 4 2 1 2 1108 1116 1110 1117
1489 4 2 1 2 1113 1119 1117 1111
1490 4 2 1 2 1119 1109 1117 1110
1491 4 2 1 2 1108 339 1107 345
1492 4 2 1 2 306 307 1119 304
1493 4 2 1 2 343 340 1107 342
1494 4 2 1 2 1113 245 1104 231
1495 4 2 1 2 1097 248 243 1103
1496 4 2 1 2 230 288 260 1118
1497 4 2 1 2 1119 307 1122 1118
1498 4 2 1 2 204 358 42 348
1499 4 2 1 2 1123 325 1122 308
1500 4 2 1 2 314 1123 1122 260
1501 4 2 1 2 1109 1097 1118 1104
1502 4 2 1 2 1097 1109 1118 1119
1503 4 2 1 2 1097 243 268 1103
1504 4 2 1 2 347 349 1125 348
1505 4 2 1 2 281 229 1115 227
1506 4 2 1 2 1109 1097 268 1103
1507 4 2 1 2 291 1100 220 271
1508 4 2 1 2 243 237 239 1103
1509 4 2 1 2 255 281 1126 191
1510 4 2 1 2 1119 305 1121 1099
1511 4 2 1 2 1098 219 196 218
1512 4 2 1 2 1101 201 271 251
1513 4 2 1 2 221 222 1100 1114
1514 4 2 1 2 281 255 1125 1115
1515 4 2 1 2 255 281 1125 1126
1516 4 2 1 2 1126 331 1106 342
1517 4 2 1 2 226 269 228 1114
1518 4 2 1 2 349 1115 1125 348
1519 4 2 1 2 349 347 1125 341
1520 4 2 1 2 1113 1104 1115 1117
1521 4 2 1 2 1098 196 217 218
1522 4 2 1 2 251 36 360 37
1523 4 2 1 2 1101 215 254 279
1524 4 2 1 2 1098 214 1100 217
1525 4 2 1 2 1116 339 337 338
1526 4 2 1 2 195 1098 272 217
1527 4 2 1 2 318 298 206 26
1528 4 2 1 2 1119 1111 1121 1110
1529 4 2 1 2 197 234 233 1103
1530 4 2 1 2 234 208 1116 262
1531 4 2 1 2 278 1102 238 198
1532 4 2 1 2 335 47 48 198
1533 4 2 1 2 274 332 48 335
1534 4 2 1 2 1102 355 336 335
1535 4 2 1 2 336 1102 335 332
1536 4 2 1 2 200 1101 254 279
1537 4 2 1 2 200 252 1101 279
1538 4 2 1 2 35 200 328 353
1539 4 2 1 2 239 1109 268 1103
1540 4 2 1 2 243 239 268 1103
1541 4 2 1 2 36 200 328 35
1542 4 2 1 2 1111 1112 1110 1117
1543 4 2 1 2 272 13 326 294
1544 4 2 1 2 1098 266 297 312
1545 4 2 1 2 316 16 297 194
1546 4 2 1 2 314 193 324 19
1547 4 2 1 2 1097 192 286 268
1548 4 2 1 2 1120 309 297 308
1549 4 2 1 2 208 285 50 352
1550 4 2 1 2 1105 1112 30 1121
1551 4 2 1 2 1127 1116 28 1108
1552 4 2 1 2 50 285 330 352
1553 4 2 1 2 241 1109 239 240
1554 4 2 1 2 351 32 356 282
1555 4 2 1 2 1097 256 286 192
1556 4 2 1 2 28 1127 209 282
1557 4 2 1 2 342 1107 1106 1125
1558 4 2 1 2 1127 292 199 275
1559 4 2 1 2 255 204 42 348
1560 4 2 1 2 228 1120 1118 1114
1561 4 2 1 2 248 298 206 1121
1562 4 2 1 2 1101 222 1106 1100
1563 4 2 1 2 346 201 37 38
1564 4 2 1 2 322 1124 207 284
1565 4 2 1 2 30 1112 1110 1121
1566 4 2 1 2 13 12 294 272
1567 4 2 1 2 1112 29 1110 1108
1568 4 2 1 2 225 1126 1106 227
1569 4 2 1 2 222 201 1101 1106
1570 4 2 1 2 283 318 1121 264
1571 4 2 1 2 306 1122 308 1099
1572 4 2 1 2 29 1116 262 1110
1573 4 2 1 2 1102 278 253 327
1574 4 2 1 2 1113 245 1115 1104
1575 4 2 1 2 45 46 327 253
1576 4 2 1 2 206 318 26 264
1577 4 2 1 2 1124 1105 31 1121
1578 4 2 1 2 1097 1109 1119 1121
1579 4 2 1 2 300 10 273 11
1580 4 2 1 2 1125 1115 1117 1106
1581 4 2 1 2 342 340 1125 341
1582 4 2 1 2 1124 1105 213 211
1583 4 2 1 2 43 333 358 244
1584 4 2 1 2 347 342 1125 341
1585 4 2 1 2 313 325 308 1122
1586 4 2 1 2 196 272 326 294
1587 4 2 1 2 256 1097 293 192
1588 4 2 1 2 248 1097 298 1121
1589 4 2 1 2 204 43 42 358
1590 4 2 1 2 270 329 350 1126
1591 4 2 1 2 1098 1105 214 213
1592 4 2 1 2 1126 342 1125 359
1593 4 2 1 2 211 212 1112 213
1594 4 2 1 2 1098 311 1099 1105
1595 4 2 1 2 1105 1112 214 213
1596 4 2 1 2 234 233 1103 235
1597 4 2 1 2 270 289 224 1126
1598 4 2 1 2 31 232 283 1121
1599 4 2 1 2 31 232 1121 30
1600 4 2 1 2 276 248 1121 1103
1601 4 2 1 2 197 29 1110 30
1602 4 2 1 2 1097 267 247 1104
1603 4 2 1 2 245 259 257 1104
1604 4 2 1 2 247 267 290 1104
1605 4 2 1 2 247 259 258 1104
1606 4 2 1 2 314 1122 315 1118
1607 4 2 1 2 358 204 1115 348
1608 4 2 1 2 277 1102 240 253
1609 4 2 1 2 204 255 1115 348
1610 4 2 1 2 18 314 260 203
1611 4 2 1 2 18 17 295 203
1612 4 2 1 2 288 1120 228 269
1613 4 2 1 2 1101 215 279 1100
1614 4 2 1 2 248 1097 1121 1103
1615 4 2 1 2 247 1097 1104 1118
1616 4 2 1 2 1123 288 1122 260
1617 4 2 1 2 255 204 1115 265
1618 4 2 1 2 245 244 1115 257
1619 4 2 1 2 1107 1125 1117 1106
1620 4 2 1 2 276 248 206 1121
1621 4 2 1 2 1116 234 262 1110
1622 4 2 1 2 223 222 221 1114
1623 4 2 1 2 320 21 202 22
1624 4 2 1 2 1097 321 293 192
1625 4 2 1 2 225 270 1126 191
1626 4 2 1 2 309 1098 312 326
1627 4 2 1 2 1098 309 294 326
1628 4 2 1 2 1113 230 1118 228
1629 4 2 1 2 285 1116 28 330
1630 4 2 1 2 351 28 330 2
1631 4 2 1 2 263 1127 199 334
1632 4 2 1 2 296 318 303 1121
1633 4 2 1 2 1112 29 1108 209
1634 4 2 1 2 1101 200 328 360
1635 4 2 1 2 1108 292 275 210
1636 4 2 1 2 1123 280 250 194
1637 4 2 1 2 215 1112 1108 275
1638 4 2 1 2 46 278 327 253
1639 4 2 1 2 1102 240 238 239
1640 4 2 1 2 339 340 338 1117
1641 4 2 1 2 237 1102 238 1103
1642 4 2 1 2 29 1127 28 1108
1643 4 2 1 2 1105 1098 214 1100
1644 4 2 1 2 329 40 270 350
1645 4 2 1 2 270 40 39 350
1646 4 2 1 2 266 14 312 326
1647 4 2 1 2 1101 252 291 1100
1648 4 2 1 2 307 306 1119 1099
1649 4 2 1 2 296 1124 323 317
1650 4 2 1 2 306 1119 305 304
1651 4 2 1 2 325 1123 1122 313
1652 4 2 1 2 232 30 1110 1121
1653 4 2 1 2 1098 219 221 280
1654 4 2 1 2 1122 1120 308 1099
1655 4 2 1 2 1127 292 1108 209
1656 4 2 1 2 14 13 326 196
1657 4 2 1 2 1123 288 203 269
1658 4 2 1 2 16 17 249 316
1659 4 2 1 2 303 302 1121 298
1660 4 2 1 2 259 258 1104 231
1661 4 2 1 2 196 1098 217 272
1662 4 2 1 2 1100 215 279 216
1663 4 2 1 2 237 1102 236 198
1664 4 2 1 2 193 287 260 1118
1665 4 2 1 2 310 1097 293 320
1666 4 2 1 2 357 1127 334 345
1667 4 2 1 2 252 1101 271 251
1668 4 2 1 2 218 291 216 1100
1669 4 2 1 2 218 1100 216 217
1670 4 2 1 2 355 278 46 47
1671 4 2 1 2 43 333 244 44
1672 4 2 1 2 1102 344 336 327
1673 4 2 1 2 1100 214 216 217
1674 4 2 1 2 1112 215 1108 1100
1675 4 2 1 2 212 215 1112 1100
1676 4 2 1 2 1119 1109 1110 1121
1677 4 2 1 2 29 1116 1110 1108
1678 4 2 1 2 351 32 282 2
1679 4 2 1 2 291 218 220 1100
1680 4 2 1 2 298 25 206 26
1681 4 2 1 2 196 1098 272 294
1682 4 2 1 2 1111 1112 1121 1110
1683 4 2 1 2 29 1112 205 209
1684 4 2 1 2 1120 221 1114 250
1685 4 2 1 2 314 193 260 1118
1686 4 2 1 2 1101 252 271 291
1687 4 2 1 2 1100 222 220 271
1688 4 2 1 2 28 351 282 2
1689 4 2 1 2 1104 1113 231 1118
1690 4 2 1 2 287 230 260 1118
1691 4 2 1 2 258 247 1104 1118
1692 4 2 1 2 267 1104 242 290
1693 4 2 1 2 245 1113 1115 265
1694 4 2 1 2 258 287 1118 231
1695 4 2 1 2 272 12 294 319
1696 4 2 1 2 14 266 196 326
1697 4 2 1 2 223 226 225 1114
1698 4 2 1 2 300 311 1124 323
1699 4 2 1 2 1107 1125 341 1117
1700 4 2 1 2 1112 1111 1121 1099
1701 4 2 1 2 338 344 1117 341
1702 4 2 1 2 1108 1101 1107 1100
1703 4 2 1 2 305 1105 1121 1099
1704 4 2 1 2 1116 285 28 262
1705 4 2 1 2 29 1116 28 262
1706 4 2 1 2 1102 355 335 198
1707 4 2 1 2 1124 311 305 323
1708 4 2 1 2 1105 1098 195 213
1709 4 2 1 2 322 300 1124 323
1710 4 2 1 2 325 1123 295 316
1711 4 2 1 2 1124 322 317 284
1712 4 2 1 2 232 283 1121 264
1713 4 2 1 2 296 1124 317 31
1714 4 2 1 2 322 207 9 284
1715 4 2 1 2 284 322 317 9
1716 4 2 1 2 278 355 1102 198
1717 4 2 1 2 295 17 316 203
1718 4 2 1 2 1123 295 316 203
1719 4 2 1 2 1119 1122 1099 1118
1720 4 2 1 2 1127 351 356 282
1721 4 2 1 2 263 1127 356 282
1722 4 2 1 2 1098 1105 1099 1100
1723 4 2 1 2 307 1119 1122 1099
1724 4 2 1 2 344 333 1115 349
1725 4 2 1 2 1112 210 205 209
1726 4 2 1 2 322 10 9 207
1727 4 2 1 2 42 255 348 41
1728 4 2 1 2 1124 311 1105 305
1729 4 2 1 2 1127 351 28 330
1730 4 2 1 2 255 329 348 41
1731 4 2 1 2 344 1115 341 349
1732 4 2 1 2 1115 255 1125 348
1733 4 2 1 2 351 1127 357 330
1734 4 2 1 2 1112 1108 1110 1117
1735 4 2 1 2 17 203 249 316
1736 4 2 1 2 289 350 331 1126
1737 4 2 1 2 201 1101 331 346
1738 4 2 1 2 1108 1112 1107 1117
1739 4 2 1 2 200 36 328 360
1740 4 2 1 2 36 200 251 360
1741 4 2 1 2 251 201 37 346
1742 4 2 1 2 1123 203 316 249
1743 4 2 1 2 1104 245 1115 257
1744 4 2 1 2 1112 1100 1107 1111
1745 4 2 1 2 193 20 324 19
1746 4 2 1 2 21 299 246 20
1747 4 2 1 2 1112 1108 1107 1100
1748 4 2 1 2 215 212 1112 275
1749 4 2 1 2 1113 1109 1104 1117
1750 4 2 1 2 334 263 356 33
1751 4 2 1 2 197 233 232 1110
1752 4 2 1 2 292 1127 1108 275
1753 4 2 1 2 243 276 235 1103
1754 4 2 1 2 296 31 283 1121
1755 4 2 1 2 229 1113 1115 227
1756 4 2 1 2 1119 1097 1121 302
1757 4 2 1 2 233 232 1110 1121
1758 4 2 1 2 32 263 356 282
1759 4 2 1 2 1124 284 31 261
1760 4 2 1 2 1112 1108 210 209
1761 4 2 1 2 1112 211 205 210
1762 4 2 1 2 1109 1097 1103 1121
1763 4 2 1 2 232 197 1110 30
1764 4 2 1 2 233 197 1103 1110
1765 4 2 1 2 193 314 324 1118
1766 4 2 1 2 344 1115 1117 341
1767 4 2 1 2 1109 1102 240 1104
1768 4 2 1 2 313 307 315 1122
1769 4 2 1 2 259 1104 290 257
1770 4 2 1 2 284 317 1 9
1771 4 2 1 2 317 296 31 1
1772 4 2 1 2 314 313 315 1122
1773 4 2 1 2 1122 307 315 1118
1774 4 2 1 2 288 1120 1118 228
1775 4 2 1 2 229 281 1115 265
1776 4 2 1 2 1113 229 1115 265
1777 4 2 1 2 230 288 1118 228
1778 4 2 1 2 267 241 242 1104
1779 4 2 1 2 314 18 260 19
1780 4 2 1 2 1107 1111 1106 1117
1781 4 2 1 2 344 1102 1117 1115
1782 4 2 1 2 331 1126 359 342
1783 4 2 1 2 1122 314 260 1118
1784 4 2 1 2 1123 288 260 203
1785 4 2 1 2 329 255 1126 191
1786 4 2 1 2 1102 190 253 277
1787 4 2 1 2 350 1126 359 331
1788 4 2 1 2 261 1112 205 30
1789 4 2 1 2 211 1112 205 261
1790 4 2 1 2 354 45 327 253
1791 4 2 1 2 195 12 272 319
1792 4 2 1 2 1098 214 195 213
1793 4 2 1 2 221 223 1114 250
1794 4 2 1 2 223 222 1106 224
1795 4 2 1 2 311 306 309 1099
1796 4 2 1 2 289 39 331 350
1797 4 2 1 2 289 270 350 1126
1798 4 2 1 2 39 289 331 38
1799 4 2 1 2 354 190 45 253
1800 4 2 1 2 256 23 293 22
1801 4 2 1 2 1109 241 268 1097
1802 4 2 1 2 1112 1108 275 210
1803 4 2 1 2 212 1112 275 210
1804 4 2 1 2 296 318 283 27
1805 4 2 1 2 1114 1113 1106 1117
1806 4 2 1 2 1111 1114 1106 1117
1807 4 2 1 2 1102 277 240 1104
1808 4 2 1 2 245 204 265 1115
1809 4 2 1 2 195 12 319 11
1810 4 2 1 2 267 241 1104 1097
1811 4 2 1 2 1102 277 1104 257
1812 4 2 1 2 190 244 354 44
1813 4 2 1 2 255 1126 1125 348
1814 4 2 1 2 226 225 1114 227
1815 4 2 1 2 1111 1113 1114 1117
1816 4 2 1 2 329 255 191 41
1817 4 2 1 2 281 255 1115 265
1818 4 2 1 2 40 329 191 41
1819 4 2 1 2 14 266 312 15
1820 4 2 1 2 1098 1120 297 266
1821 4 2 1 2 1123 269 249 250
1822 4 2 1 2 325 1123 316 297
1823 4 2 1 2 329 40 191 270
1824 4 2 1 2 228 226 1114 227
1825 4 2 1 2 241 1097 286 268
1826 4 2 1 2 241 267 286 1097
1827 4 2 1 2 1097 320 1118 202
1828 4 2 1 2 247 1097 1118 202
1829 4 2 1 2 1120 1098 221 280
1830 4 2 1 2 1098 1120 266 280
1831 4 2 1 2 219 1098 266 280
1832 4 2 1 2 225 270 224 1126
1833 4 2 1 2 1123 1120 280 297
1834 4 2 1 2 267 256 286 1097
1835 4 2 1 2 201 1126 1106 224
1836 4 2 1 2 247 1118 246 202
1837 4 2 1 2 1124 211 213 207
1838 4 2 1 2 318 296 283 1121
1839 4 2 1 2 305 303 304 1121
1840 4 2 1 2 1119 305 304 1121
1841 4 2 1 2 302 303 1121 304
1842 4 2 1 2 1119 302 1121 304
1843 4 2 1 2 300 273 213 195
1844 4 2 1 2 299 310 320 1118
1845 4 2 1 2 310 307 1119 1118
1846 4 2 1 2 300 1124 213 273
1847 4 2 1 2 307 310 315 1118
1848 4 2 1 2 310 299 315 1118
1849 4 2 1 2 325 1123 297 308
1850 4 2 1 2 1097 310 1119 1118
1851 4 2 1 2 1105 300 213 195
1852 4 2 1 2 274 335 48 198
1853 4 2 1 2 1124 300 213 1105
1854 4 2 1 2 1101 343 346 360
1855 4 2 1 2 201 1101 346 251
1856 4 2 1 2 251 1101 346 360
1857 4 2 1 2 343 1101 328 360
1858 4 2 1 2 200 1101 251 360
1859 4 2 1 2 1100 1111 1106 1107
1860 4 2 1 2 285 50 330 2
1861 4 2 1 2 339 1116 357 1108
1862 4 2 1 2 1116 1127 357 1108
1863 4 2 1 2 339 1108 1107 1117
1864 4 2 1 2 307 313 308 1122
1865 4 2 1 2 244 358 1115 333
1866 4 2 1 2 244 1115 358 204
1867 4 2 1 2 324 246 1118 299
1868 4 2 1 2 324 1118 246 193
1869 4 2 1 2 227 1113 228 229
1870 4 2 1 2 227 228 1113 1114
1871 4 2 1 2 246 320 1118 299
1872 4 2 1 2 246 1118 320 202
1873 4 2 1 2 335 1102 236 332
1874 4 2 1 2 236 1102 335 198
1875 4 2 1 2 236 274 335 332
1876 4 2 1 2 335 274 236 198
1877 4 2 1 2 244 354 1115 190
1878 4 2 1 2 244 1115 354 333
1879 4 2 1 2 1126 347 348 329
1880 4 2 1 2 1126 348 347 1125
1881 4 2 1 2 1102 239 1103 1109
1882 4 2 1 2 1103 239 1102 238
1883 4 2 1 2 233 206 1121 276
1884 4 2 1 2 1121 206 233 264
1885 4 2 1 2 1121 323 296 1124
1886 4 2 1 2 1121 296 323 303
1887 4 2 1 2 192 301 1097 321
1888 4 2 1 2 192 1097 301 248
1889 4 2 1 2 313 1123 314 295
1890 4 2 1 2 313 314 1123 1122
1891 4 2 1 2 305 1124 1121 1105
1892 4 2 1 2 305 1121 1124 323
1893 4 2 1 2 1127 275 254 1108
1894 4 2 1 2 254 275 1127 199
1895 4 2 1 2 227 1126 1125 281
1896 4 2 1 2 1125 1126 227 1106
1897 4 2 1 2 1125 1115 227 281
1898 4 2 1 2 227 1115 1125 1106
1899 4 2 1 2 336 1117 344 1102
1900 4 2 1 2 344 1117 336 338
1901 4 2 1 2 206 318 1121 298
1902 4 2 1 2 206 1121 318 264
1903 4 2 1 2 248 298 25 206
1904 4 2 1 2 248 25 298 301
1905 4 2 1 2 293 202 22 320
1906 4 2 1 2 293 22 202 256
1907 4 2 1 2 254 334 34 199
1908 4 2 1 2 34 334 254 353
1909 4 2 1 2 297 266 15 312
1910 4 2 1 2 297 15 266 194
1911 4 2 1 2 266 326 1098 196
1912 4 2 1 2 1098 326 266 312
1913 4 2 1 2 192 293 23 321
1914 4 2 1 2 192 23 293 256
1915 4 2 1 2 203 314 1123 295
1916 4 2 1 2 203 1123 314 260
1917 4 2 1 2 300 195 11 273
1918 4 2 1 2 11 195 300 319
1919 4 2 1 2 272 319 1098 195
1920 4 2 1 2 1098 319 272 294
1921 4 2 1 2 198 355 47 278
1922 4 2 1 2 198 47 355 335
1923 4 2 1 2 357 1116 330 1127
1924 4 2 1 2 357 330 1116 337
1925 4 2 1 2 200 353 1101 328
1926 4 2 1 2 1101 353 200 254
1927 4 2 1 2 352 1116 236 208
1928 4 2 1 2 236 1116 352 332
1929 4 2 1 2 236 274 352 208
1930 4 2 1 2 352 274 236 332
1931 4 2 1 2 1108 215 254 1101
1932 4 2 1 2 1108 254 215 275
1933 4 2 1 2 240 1104 241 1109
1934 4 2 1 2 241 1104 240 242
1935 4 2 1 2 354 253 1102 190
1936 4 2 1 2 1102 253 354 327
1937 4 2 1 2 1119 302 310 1097
1938 4 2 1 2 310 302 1119 304
1939 4 2 1 2 1108 357 345 1127
1940 4 2 1 2 1108 345 357 339
1941 4 2 1 3 1147 1130 1128 371
1942 4 2 1 3 488 473 487 1141
1943 4 2 1 3 394 431 395 1140
1944 4 2 1 3 473 80 423 482
1945 4 2 1 3 369 402 416 1147
1946 4 2 1 3 1149 464 447 458
1947 4 2 1 3 425 1141 467 487
1948 4 2 1 3 367 396 430 1146
1949 4 2 1 3 1147 1161 1129 1142
1950 4 2 1 3 69 1149 434 388
1951 4 2 1 3 400 398 1142 401
1952 4 2 1 3 413 1136 403 1142
1953 4 2 1 3 1154 409 408 449
1954 4 2 1 3 367 485 73 470
1955 4 2 1 3 413 1136 408 362
1956 4 2 1 3 1136 422 438 1142
1957 4 2 1 3 1130 482 371 406
1958 4 2 1 3 383 385 386 1133
1959 4 2 1 3 1148 1152 1135 1131
1960 4 2 1 3 52 443 417 51
1961 4 2 1 3 1143 378 366 377
1962 4 2 1 3 1147 387 385 1144
1963 4 2 1 3 1145 1132 1144 1142
1964 4 2 1 3 1128 1147 1144 1161
1965 4 2 1 3 411 373 428 1131
1966 4 2 1 3 1128 1141 1161 1159
1967 4 2 1 3 1156 414 1159 375
1968 4 2 1 3 398 399 1142 397
1969 4 2 1 3 400 402 401 1142
1970 4 2 1 3 58 446 362 57
1971 4 2 1 3 1130 471 476 481
1972 4 2 1 3 440 405 1153 426
1973 4 2 1 3 1149 458 434 443
1974 4 2 1 3 1146 480 1155 1157
1975 4 2 1 3 390 365 1159 415
1976 4 2 1 3 1160 398 368 421
1977 4 2 1 3 83 484 375 84
1978 4 2 1 3 466 1160 368 421
1979 4 2 1 3 71 468 70 374
1980 4 2 1 3 390 392 1155 1129
1981 4 2 1 3 76 421 474 75
1982 4 2 1 3 1155 66 483 437
1983 4 2 1 3 433 1160 471 401
1984 4 2 1 3 1160 466 474 421
1985 4 2 1 3 1149 389 388 1135
1986 4 2 1 3 443 52 417 461
1987 4 2 1 3 1134 431 361 1139
1988 4 2 1 3 416 387 1144 404
1989 4 2 1 3 486 424 1146 1155
1990 4 2 1 3 372 1139 445 412
1991 4 2 1 3 398 1160 401 421
1992 4 2 1 3 385 386 1133 1144
1993 4 2 1 3 420 363 407 1153
1994 4 2 1 3 385 387 386 1144
1995 4 2 1 3 490 1158 1130 1141
1996 4 2 1 3 66 4 483 437
1997 4 2 1 3 1136 422 1154 409
1998 4 2 1 3 1149 453 1151 1148
1999 4 2 1 3 1160 480 1146 1157
2000 4 2 1 3 374 1155 437 415
2001 4 2 1 3 431 1134 361 410
2002 4 2 1 3 378 1128 379 1159
2003 4 2 1 3 365 1143 68 1135
2004 4 2 1 3 1141 1156 425 467
2005 4 2 1 3 1128 385 1133 1144
2006 4 2 1 3 477 1158 1157 1130
2007 4 2 1 3 1150 407 439 364
2008 4 2 1 3 369 78 481 406
2009 4 2 1 3 1147 385 1128 1144
2010 4 2 1 3 387 1147 385 419
2011 4 2 1 3 387 432 1144 404
2012 4 2 1 3 1147 387 1144 416
2013 4 2 1 3 1161 1143 1144 1133
2014 4 2 1 3 391 393 1129 1140
2015 4 2 1 3 445 372 53 461
2016 4 2 1 3 1158 1161 1159 1155
2017 4 2 1 3 1141 473 487 423
2018 4 2 1 3 396 368 1129 397
2019 4 2 1 3 389 1149 1137 1135
2020 4 2 1 3 372 1149 417 443
2021 4 2 1 3 489 1155 472 483
2022 4 2 1 3 1161 1157 1129 1155
2023 4 2 1 3 422 409 408 1154
2024 4 2 1 3 1149 464 458 443
2025 4 2 1 3 390 374 415 1155
2026 4 2 1 3 396 395 1129 393
2027 4 2 1 3 52 372 417 461
2028 4 2 1 3 378 380 379 1128
2029 4 2 1 3 392 1146 1155 1129
2030 4 2 1 3 1142 1138 1129 1140
2031 4 2 1 3 1145 403 1144 404
2032 4 2 1 3 370 1141 487 423
2033 4 2 1 3 56 409 441 449
2034 4 2 1 3 1157 1146 1129 1155
2035 4 2 1 3 442 462 373 63
2036 4 2 1 3 391 392 390 1129
2037 4 2 1 3 1138 390 1159 1129
2038 4 2 1 3 418 65 459 64
2039 4 2 1 3 4 66 483 472
2040 4 2 1 3 1146 466 430 485
2041 4 2 1 3 1138 1132 1137 1142
2042 4 2 1 3 451 465 1153 452
2043 4 2 1 3 381 383 1133 1128
2044 4 2 1 3 444 456 1153 426
2045 4 2 1 3 1141 1130 1128 1161
2046 4 2 1 3 1143 379 1133 1159
2047 4 2 1 3 367 1146 430 485
2048 4 2 1 3 435 447 1148 459
2049 4 2 1 3 1149 1134 372 429
2050 4 2 1 3 447 1148 459 454
2051 4 2 1 3 1139 54 445 412
2052 4 2 1 3 1149 464 1148 447
2053 4 2 1 3 1132 1138 1144 1142
2054 4 2 1 3 462 411 1150 373
2055 4 2 1 3 409 56 441 55
2056 4 2 1 3 4 436 66 472
2057 4 2 1 3 422 413 1136 408
2058 4 2 1 3 478 1158 1155 1157
2059 4 2 1 3 396 367 393 1129
2060 4 2 1 3 490 488 1141 473
2061 4 2 1 3 466 74 430 485
2062 4 2 1 3 411 1150 1131 364
2063 4 2 1 3 1150 442 1148 463
2064 4 2 1 3 1159 390 1155 1129
2065 4 2 1 3 1160 401 421 474
2066 4 2 1 3 69 376 1148 1135
2067 4 2 1 3 1130 1147 1161 1157
2068 4 2 1 3 429 1134 394 1140
2069 4 2 1 3 394 395 393 1140
2070 4 2 1 3 468 480 1155 1146
2071 4 2 1 3 1149 389 1137 1134
2072 4 2 1 3 1149 69 1148 1135
2073 4 2 1 3 376 68 366 1135
2074 4 2 1 3 1152 453 454 1148
2075 4 2 1 3 1136 1134 1139 1151
2076 4 2 1 3 453 1149 464 1148
2077 4 2 1 3 369 416 406 1130
2078 4 2 1 3 465 1152 1153 452
2079 4 2 1 3 1152 1150 463 452
2080 4 2 1 3 54 460 1139 445
2081 4 2 1 3 63 442 64 373
2082 4 2 1 3 1160 477 1130 475
2083 4 2 1 3 1154 451 1153 450
2084 4 2 1 3 1158 1130 1161 1157
2085 4 2 1 3 395 397 1129 1140
2086 4 2 1 3 486 468 1146 470
2087 4 2 1 3 1156 478 1155 489
2088 4 2 1 3 1145 403 1142 1144
2089 4 2 1 3 68 1143 366 1135
2090 4 2 1 3 367 424 1146 470
2091 4 2 1 3 1143 379 377 428
2092 4 2 1 3 477 479 1158 488
2093 4 2 1 3 1141 1158 1161 1159
2094 4 2 1 3 369 402 1147 1130
2095 4 2 1 3 1148 1135 373 1131
2096 4 2 1 3 391 392 1129 393
2097 4 2 1 3 1156 1158 1141 1159
2098 4 2 1 3 457 60 444 407
2099 4 2 1 3 1150 1152 1153 465
2100 4 2 1 3 1150 1148 373 1131
2101 4 2 1 3 1160 477 1157 1130
2102 4 2 1 3 466 1160 475 480
2103 4 2 1 3 480 478 1155 1157
2104 4 2 1 3 74 466 430 368
2105 4 2 1 3 432 1145 1144 404
2106 4 2 1 3 59 58 456 426
2107 4 2 1 3 1154 452 1153 1151
2108 4 2 1 3 411 462 364 62
2109 4 2 1 3 373 1135 428 1131
2110 4 2 1 3 1155 66 472 483
2111 4 2 1 3 449 1154 362 408
2112 4 2 1 3 457 1150 1153 465
2113 4 2 1 3 449 446 57 362
2114 4 2 1 3 398 400 1142 399
2115 4 2 1 3 391 390 1140 1129
2116 4 2 1 3 1146 480 485 470
2117 4 2 1 3 454 1152 463 452
2118 4 2 1 3 457 407 1153 1150
2119 4 2 1 3 378 414 1159 366
2120 4 2 1 3 414 67 1159 366
2121 4 2 1 3 446 1154 362 449
2122 4 2 1 3 1136 1154 408 362
2123 4 2 1 3 1150 407 1153 439
2124 4 2 1 3 447 464 1148 454
2125 4 2 1 3 407 1145 1153 439
2126 4 2 1 3 479 1156 489 478
2127 4 2 1 3 484 83 375 425
2128 4 2 1 3 389 1138 365 1143
2129 4 2 1 3 70 468 483 437
2130 4 2 1 3 462 411 373 63
2131 4 2 1 3 1138 1161 1129 1159
2132 4 2 1 3 1156 1158 1155 478
2133 4 2 1 3 1154 455 1151 1139
2134 4 2 1 3 1141 380 1159 1128
2135 4 2 1 3 1152 1132 1131 1153
2136 4 2 1 3 69 68 1135 388
2137 4 2 1 3 1132 1145 1131 1153
2138 4 2 1 3 1148 442 454 463
2139 4 2 1 3 444 60 363 407
2140 4 2 1 3 1149 455 1151 453
2141 4 2 1 3 82 425 467 487
2142 4 2 1 3 363 444 1153 426
2143 4 2 1 3 1150 1152 1131 1153
2144 4 2 1 3 439 1150 1131 1153
2145 4 2 1 3 469 78 79 406
2146 4 2 1 3 1147 1161 1142 1144
2147 4 2 1 3 367 396 1146 1129
2148 4 2 1 3 402 1147 1142 1144
2149 4 2 1 3 1145 439 1131 1153
2150 4 2 1 3 367 424 392 1146
2151 4 2 1 3 1152 1132 1151 1135
2152 4 2 1 3 54 361 1139 460
2153 4 2 1 3 1136 422 409 410
2154 4 2 1 3 1148 418 373 1135
2155 4 2 1 3 1146 1160 1157 1129
2156 4 2 1 3 449 57 408 362
2157 4 2 1 3 1143 1133 428 1131
2158 4 2 1 3 1145 363 1153 405
2159 4 2 1 3 453 455 1151 450
2160 4 2 1 3 418 376 377 1135
2161 4 2 1 3 365 68 388 1135
2162 4 2 1 3 457 444 1153 407
2163 4 2 1 3 453 1152 454 452
2164 4 2 1 3 386 427 1133 1131
2165 4 2 1 3 1150 442 373 1148
2166 4 2 1 3 460 361 1139 441
2167 4 2 1 3 1149 434 417 443
2168 4 2 1 3 434 1149 417 388
2169 4 2 1 3 372 443 417 461
2170 4 2 1 3 1152 1150 1148 463
2171 4 2 1 3 368 466 430 1146
2172 4 2 1 3 1141 1128 371 384
2173 4 2 1 3 462 1150 364 448
2174 4 2 1 3 397 398 1129 1142
2175 4 2 1 3 372 52 53 461
2176 4 2 1 3 442 462 463 1150
2177 4 2 1 3 398 1160 1129 1142
2178 4 2 1 3 433 369 471 1130
2179 4 2 1 3 424 71 486 72
2180 4 2 1 3 389 391 1140 429
2181 4 2 1 3 1132 1145 1137 1142
2182 4 2 1 3 1160 471 476 1130
2183 4 2 1 3 475 1160 476 1130
2184 4 2 1 3 409 361 1139 410
2185 4 2 1 3 477 479 478 1158
2186 4 2 1 3 1134 409 1139 410
2187 4 2 1 3 468 480 1146 470
2188 4 2 1 3 391 394 393 1140
2189 4 2 1 3 1160 368 1129 1146
2190 4 2 1 3 412 54 445 53
2191 4 2 1 3 1145 1136 1137 1142
2192 4 2 1 3 1134 431 394 1140
2193 4 2 1 3 455 1154 1151 450
2194 4 2 1 3 1134 389 1140 429
2195 4 2 1 3 482 79 371 406
2196 4 2 1 3 390 1138 1140 1129
2197 4 2 1 3 1133 427 382 1131
2198 4 2 1 3 399 438 1142 397
2199 4 2 1 3 1138 1143 1144 1161
2200 4 2 1 3 411 428 382 1131
2201 4 2 1 3 1145 405 403 404
2202 4 2 1 3 389 1138 390 365
2203 4 2 1 3 428 1133 382 1131
2204 4 2 1 3 438 422 399 1142
2205 4 2 1 3 488 479 1158 1156
2206 4 2 1 3 1143 377 1135 428
2207 4 2 1 3 381 379 1133 382
2208 4 2 1 3 368 398 1129 397
2209 4 2 1 3 367 430 73 485
2210 4 2 1 3 389 1149 429 1134
2211 4 2 1 3 424 486 1146 470
2212 4 2 1 3 366 376 1135 377
2213 4 2 1 3 372 1134 1139 412
2214 4 2 1 3 430 74 73 485
2215 4 2 1 3 482 80 371 79
2216 4 2 1 3 1130 1141 1128 371
2217 4 2 1 3 367 1146 485 470
2218 4 2 1 3 69 1149 447 458
2219 4 2 1 3 1143 1132 1144 1133
2220 4 2 1 3 1149 389 417 388
2221 4 2 1 3 380 378 375 1159
2222 4 2 1 3 1135 1143 428 1131
2223 4 2 1 3 1134 431 1139 412
2224 4 2 1 3 455 1139 445 443
2225 4 2 1 3 480 466 1146 485
2226 4 2 1 3 393 395 1129 1140
2227 4 2 1 3 76 433 471 474
2228 4 2 1 3 455 1149 1139 443
2229 4 2 1 3 1160 398 1129 368
2230 4 2 1 3 1138 389 390 1140
2231 4 2 1 3 418 435 1148 459
2232 4 2 1 3 468 71 486 374
2233 4 2 1 3 71 424 486 374
2234 4 2 1 3 1160 1147 1129 1142
2235 4 2 1 3 444 363 59 426
2236 4 2 1 3 1147 1160 401 1142
2237 4 2 1 3 83 484 467 425
2238 4 2 1 3 414 1156 436 375
2239 4 2 1 3 1134 389 1137 1140
2240 4 2 1 3 1143 379 428 1133
2241 4 2 1 3 389 1138 1137 1140
2242 4 2 1 3 435 65 447 459
2243 4 2 1 3 396 368 430 1146
2244 4 2 1 3 403 402 1142 1144
2245 4 2 1 3 479 1158 1156 478
2246 4 2 1 3 482 1141 371 423
2247 4 2 1 3 466 74 75 368
2248 4 2 1 3 466 368 75 421
2249 4 2 1 3 421 466 474 75
2250 4 2 1 3 482 1130 469 406
2251 4 2 1 3 482 469 79 406
2252 4 2 1 3 383 381 1133 382
2253 4 2 1 3 1149 69 1135 388
2254 4 2 1 3 60 457 61 407
2255 4 2 1 3 444 457 1153 465
2256 4 2 1 3 1145 440 405 1153
2257 4 2 1 3 1156 380 1159 1141
2258 4 2 1 3 457 1150 465 448
2259 4 2 1 3 451 446 1154 1153
2260 4 2 1 3 420 1145 363 1153
2261 4 2 1 3 446 451 456 1153
2262 4 2 1 3 429 1134 372 412
2263 4 2 1 3 419 1130 371 406
2264 4 2 1 3 1147 1128 419 371
2265 4 2 1 3 475 477 1130 476
2266 4 2 1 3 477 490 1130 476
2267 4 2 1 3 363 1145 432 405
2268 4 2 1 3 1145 1136 1153 1151
2269 4 2 1 3 1145 420 407 1153
2270 4 2 1 3 397 1142 1129 1140
2271 4 2 1 3 397 438 1142 1140
2272 4 2 1 3 1136 413 403 440
2273 4 2 1 3 457 407 1150 448
2274 4 2 1 3 81 473 423 487
2275 4 2 1 3 1145 1136 403 440
2276 4 2 1 3 370 81 423 487
2277 4 2 1 3 434 458 51 443
2278 4 2 1 3 56 449 57 408
2279 4 2 1 3 364 462 448 62
2280 4 2 1 3 444 60 59 363
2281 4 2 1 3 402 403 404 1144
2282 4 2 1 3 1150 1152 465 452
2283 4 2 1 3 1136 438 1140 1142
2284 4 2 1 3 389 365 388 1135
2285 4 2 1 3 365 389 1143 1135
2286 4 2 1 3 1138 389 1137 1135
2287 4 2 1 3 389 1138 1143 1135
2288 4 2 1 3 1136 1134 1140 438
2289 4 2 1 3 1132 1133 1131 1144
2290 4 2 1 3 385 383 1128 1133
2291 4 2 1 3 477 490 1158 1130
2292 4 2 1 3 477 488 1158 1141
2293 4 2 1 3 488 1141 487 467
2294 4 2 1 3 1160 433 471 1130
2295 4 2 1 3 490 482 1130 469
2296 4 2 1 3 468 374 1155 437
2297 4 2 1 3 1156 380 375 1159
2298 4 2 1 3 490 477 1158 1141
2299 4 2 1 3 480 468 1155 478
2300 4 2 1 3 392 424 1155 1146
2301 4 2 1 3 1156 484 436 375
2302 4 2 1 3 378 1143 379 377
2303 4 2 1 3 490 482 1141 1130
2304 4 2 1 3 490 473 1141 482
2305 4 2 1 3 1138 365 1143 390
2306 4 2 1 3 378 380 1128 1159
2307 4 2 1 3 1148 1152 1151 1135
2308 4 2 1 3 374 392 1155 390
2309 4 2 1 3 1161 1158 1157 1155
2310 4 2 1 3 427 411 1131 364
2311 4 2 1 3 444 451 1153 456
2312 4 2 1 3 475 480 1157 478
2313 4 2 1 3 380 381 379 1128
2314 4 2 1 3 1141 370 384 423
2315 4 2 1 3 1132 1137 1151 1135
2316 4 2 1 3 452 1154 1153 450
2317 4 2 1 3 1149 453 464 443
2318 4 2 1 3 475 1160 1157 480
2319 4 2 1 3 477 475 1157 478
2320 4 2 1 3 1150 1152 1148 1131
2321 4 2 1 3 453 1152 1151 1148
2322 4 2 1 3 455 1149 1151 1139
2323 4 2 1 3 443 434 417 51
2324 4 2 1 3 365 67 68 1143
2325 4 2 1 3 1149 455 453 443
2326 4 2 1 3 372 412 445 53
2327 4 2 1 3 1158 477 1157 478
2328 4 2 1 3 370 1141 425 487
2329 4 2 1 3 477 1160 1157 475
2330 4 2 1 3 1130 1147 406 419
2331 4 2 1 3 1132 1138 1137 1135
2332 4 2 1 3 61 364 448 62
2333 4 2 1 3 392 367 1146 1129
2334 4 2 1 3 1134 1136 1137 1151
2335 4 2 1 3 363 444 407 1153
2336 4 2 1 3 414 1156 66 436
2337 4 2 1 3 1147 1160 1129 1157
2338 4 2 1 3 1156 66 472 1155
2339 4 2 1 3 1154 455 1139 441
2340 4 2 1 3 460 455 1139 445
2341 4 2 1 3 1134 1149 372 1139
2342 4 2 1 3 1154 409 449 441
2343 4 2 1 3 438 397 395 1140
2344 4 2 1 3 1145 1136 1142 403
2345 4 2 1 3 361 1134 1139 410
2346 4 2 1 3 1156 1158 1159 1155
2347 4 2 1 3 468 486 1146 1155
2348 4 2 1 3 1159 1161 1129 1155
2349 4 2 1 3 414 1156 1159 66
2350 4 2 1 3 67 414 1159 66
2351 4 2 1 3 1134 429 394 412
2352 4 2 1 3 1159 1156 1155 66
2353 4 2 1 3 469 1130 476 481
2354 4 2 1 3 433 76 471 77
2355 4 2 1 3 427 383 386 1133
2356 4 2 1 3 427 386 439 1131
2357 4 2 1 3 370 380 1128 381
2358 4 2 1 3 80 473 423 81
2359 4 2 1 3 1128 1161 1133 1159
2360 4 2 1 3 477 490 488 1141
2361 4 2 1 3 1136 1137 1142 1140
2362 4 2 1 3 427 383 1133 382
2363 4 2 1 3 64 442 459 373
2364 4 2 1 3 361 431 412 1139
2365 4 2 1 3 440 362 426 1153
2366 4 2 1 3 418 64 459 373
2367 4 2 1 3 411 1150 373 1131
2368 4 2 1 3 440 1145 405 403
2369 4 2 1 3 387 1145 1144 432
2370 4 2 1 3 420 1145 407 439
2371 4 2 1 3 1136 1134 1137 1140
2372 4 2 1 3 416 1147 406 1130
2373 4 2 1 3 1161 1143 1133 1159
2374 4 2 1 3 1132 1145 1153 1151
2375 4 2 1 3 442 462 1150 373
2376 4 2 1 3 1152 1132 1135 1131
2377 4 2 1 3 1143 378 1159 366
2378 4 2 1 3 58 456 426 362
2379 4 2 1 3 452 1152 1153 1151
2380 4 2 1 3 72 367 73 470
2381 4 2 1 3 69 435 1148 376
2382 4 2 1 3 4 70 483 437
2383 4 2 1 3 376 69 68 1135
2384 4 2 1 3 425 1156 375 467
2385 4 2 1 3 1161 1138 1142 1144
2386 4 2 1 3 484 425 375 467
2387 4 2 1 3 367 392 393 1129
2388 4 2 1 3 1136 409 1134 410
2389 4 2 1 3 56 409 449 408
2390 4 2 1 3 422 1136 1154 408
2391 4 2 1 3 1156 484 375 467
2392 4 2 1 3 1145 1132 1137 1151
2393 4 2 1 3 58 446 456 362
2394 4 2 1 3 1136 413 440 362
2395 4 2 1 3 455 460 1139 441
2396 4 2 1 3 452 1154 450 1151
2397 4 2 1 3 361 54 55 460
2398 4 2 1 3 409 1154 1139 441
2399 4 2 1 3 413 400 399 1142
2400 4 2 1 3 453 452 450 1151
2401 4 2 1 3 488 1158 1141 1156
2402 4 2 1 3 369 471 1130 481
2403 4 2 1 3 1130 490 469 476
2404 4 2 1 3 385 1128 371 419
2405 4 2 1 3 444 59 456 426
2406 4 2 1 3 379 1128 1133 1159
2407 4 2 1 3 78 469 481 406
2408 4 2 1 3 1147 369 1130 416
2409 4 2 1 3 1143 1132 1131 1135
2410 4 2 1 3 1160 475 476 471
2411 4 2 1 3 369 402 1130 433
2412 4 2 1 3 473 482 423 1141
2413 4 2 1 3 370 1141 384 1128
2414 4 2 1 3 1161 1147 1129 1157
2415 4 2 1 3 1137 1149 1151 1135
2416 4 2 1 3 449 1154 441 450
2417 4 2 1 3 435 376 418 1148
2418 4 2 1 3 80 482 371 423
2419 4 2 1 3 451 444 1153 465
2420 4 2 1 3 453 464 454 1148
2421 4 2 1 3 1136 1154 1153 1151
2422 4 2 1 3 484 436 84 472
2423 4 2 1 3 446 1154 449 450
2424 4 2 1 3 1156 488 467 1141
2425 4 2 1 3 436 4 84 472
2426 4 2 1 3 414 378 1159 375
2427 4 2 1 3 380 1156 425 1141
2428 4 2 1 3 1150 462 463 448
2429 4 2 1 3 1132 1143 1131 1133
2430 4 2 1 3 400 402 1142 403
2431 4 2 1 3 411 462 1150 364
2432 4 2 1 3 462 411 63 62
2433 4 2 1 3 466 1160 1146 368
2434 4 2 1 3 400 413 403 1142
2435 4 2 1 3 453 1152 452 1151
2436 4 2 1 3 1161 1138 1129 1142
2437 4 2 1 3 478 468 1155 489
2438 4 2 1 3 445 1139 461 443
2439 4 2 1 3 372 1139 461 445
2440 4 2 1 3 67 1143 1159 366
2441 4 2 1 3 65 435 447 3
2442 4 2 1 3 365 67 1159 415
2443 4 2 1 3 1159 390 415 1155
2444 4 2 1 3 381 370 384 1128
2445 4 2 1 3 482 1130 371 1141
2446 4 2 1 3 465 1150 463 448
2447 4 2 1 3 1138 1132 1144 1143
2448 4 2 1 3 383 385 1128 384
2449 4 2 1 3 488 479 1156 467
2450 4 2 1 3 82 83 467 425
2451 4 2 1 3 1156 479 484 467
2452 4 2 1 3 402 1147 401 1142
2453 4 2 1 3 1147 387 416 419
2454 4 2 1 3 1147 385 419 1128
2455 4 2 1 3 1141 380 1128 370
2456 4 2 1 3 427 411 382 1131
2457 4 2 1 3 69 435 447 1148
2458 4 2 1 3 1138 1143 1161 1159
2459 4 2 1 3 1130 1147 419 371
2460 4 2 1 3 391 429 394 1140
2461 4 2 1 3 1143 365 1159 390
2462 4 2 1 3 1139 1149 461 443
2463 4 2 1 3 67 365 1159 1143
2464 4 2 1 3 1128 385 371 384
2465 4 2 1 3 1149 372 461 443
2466 4 2 1 3 372 1149 461 1139
2467 4 2 1 3 484 1156 436 472
2468 4 2 1 3 1137 1138 1142 1140
2469 4 2 1 3 389 391 390 1140
2470 4 2 1 3 484 436 375 84
2471 4 2 1 3 1156 479 489 472
2472 4 2 1 3 420 387 432 1145
2473 4 2 1 3 479 1156 484 472
2474 4 2 1 3 78 369 481 77
2475 4 2 1 3 1145 1132 1131 1144
2476 4 2 1 3 361 409 1139 441
2477 4 2 1 3 67 1143 366 68
2478 4 2 1 3 376 418 1148 1135
2479 4 2 1 3 1154 1136 1139 1151
2480 4 2 1 3 468 1155 483 437
2481 4 2 1 3 82 370 487 81
2482 4 2 1 3 82 370 425 487
2483 4 2 1 3 1141 380 370 425
2484 4 2 1 3 1154 455 441 450
2485 4 2 1 3 447 69 458 3
2486 4 2 1 3 489 1156 472 1155
2487 4 2 1 3 468 489 483 1155
2488 4 2 1 3 436 1156 66 472
2489 4 2 1 3 374 424 1155 392
2490 4 2 1 3 380 1156 375 425
2491 4 2 1 3 1138 1132 1143 1135
2492 4 2 1 3 435 69 447 3
2493 4 2 1 3 1149 69 447 1148
2494 4 2 1 3 65 435 418 459
2495 4 2 1 3 446 451 1154 450
2496 4 2 1 3 1148 442 459 454
2497 4 2 1 3 1155 66 437 415
2498 4 2 1 3 69 458 3 434
2499 4 2 1 3 434 458 3 51
2500 4 2 1 3 364 427 439 1131
2501 4 2 1 3 1149 69 434 458
2502 4 2 1 3 398 1160 1142 401
2503 4 2 1 3 1149 1134 1137 1151
2504 4 2 1 3 1150 364 439 1131
2505 4 2 1 3 1147 416 406 419
2506 4 2 1 3 381 383 1128 384
2507 4 2 1 3 1141 423 384 371
2508 4 2 1 3 1150 465 463 452
2509 4 2 1 3 397 396 395 1129
2510 4 2 1 3 1150 407 364 448
2511 4 2 1 3 1130 1147 1128 1161
2512 4 2 1 3 381 1128 1133 379
2513 4 2 1 3 1138 1143 1159 390
2514 4 2 1 3 1160 466 1146 480
2515 4 2 1 3 1158 1130 1141 1161
2516 4 2 1 3 1133 386 1131 1144
2517 4 2 1 3 374 468 70 437
2518 4 2 1 3 386 1145 1131 1144
2519 4 2 1 3 1143 378 379 1159
2520 4 2 1 3 409 1136 1139 1154
2521 4 2 1 3 1136 409 1139 1134
2522 4 2 1 3 431 1134 394 412
2523 4 2 1 3 1160 471 401 474
2524 4 2 1 3 361 54 1139 412
2525 4 2 1 3 1143 366 1135 377
2526 4 2 1 3 1128 1161 1144 1133
2527 4 2 1 3 1149 1148 1151 1135
2528 4 2 1 3 1152 1132 1153 1151
2529 4 2 1 3 1136 1145 1137 1151
2530 4 2 1 3 1136 1145 1153 440
2531 4 2 1 3 1152 1148 454 463
2532 4 2 1 3 1154 446 362 1153
2533 4 2 1 3 1160 475 471 474
2534 4 2 1 3 1160 1147 1130 1157
2535 4 2 1 3 1133 379 428 382
2536 4 2 1 3 1160 466 475 474
2537 4 2 1 3 1134 1149 1139 1151
2538 4 2 1 3 451 452 1153 450
2539 4 2 1 3 405 363 1153 426
2540 4 2 1 3 405 1145 432 404
2541 4 2 1 3 420 1145 432 363
2542 4 2 1 3 1159 67 66 415
2543 4 2 1 3 1159 66 1155 415
2544 4 2 1 3 471 433 401 474
2545 4 2 1 3 368 396 1129 1146
2546 4 2 1 3 448 407 61 457
2547 4 2 1 3 448 61 407 364
2548 4 2 1 3 1145 387 386 420
2549 4 2 1 3 1145 386 387 1144
2550 4 2 1 3 1147 401 1130 402
2551 4 2 1 3 1147 1130 401 1160
2552 4 2 1 3 433 1130 401 402
2553 4 2 1 3 433 401 1130 1160
2554 4 2 1 3 406 481 1130 469
2555 4 2 1 3 406 1130 481 369
2556 4 2 1 3 438 1140 410 1134
2557 4 2 1 3 438 410 1140 395
2558 4 2 1 3 431 410 1140 1134
2559 4 2 1 3 431 1140 410 395
2560 4 2 1 3 362 456 1153 446
2561 4 2 1 3 362 1153 456 426
2562 4 2 1 3 362 1136 1153 440
2563 4 2 1 3 362 1153 1136 1154
2564 4 2 1 3 369 471 77 433
2565 4 2 1 3 77 471 369 481
2566 4 2 1 3 372 389 1149 429
2567 4 2 1 3 372 1149 389 417
2568 4 2 1 3 1142 422 413 1136
2569 4 2 1 3 1142 413 422 399
2570 4 2 1 3 401 76 474 433
2571 4 2 1 3 401 474 76 421
2572 4 2 1 3 374 486 1155 424
2573 4 2 1 3 374 1155 486 468
2574 4 2 1 3 373 377 1135 418
2575 4 2 1 3 373 1135 377 428
2576 4 2 1 3 1136 410 438 422
2577 4 2 1 3 438 410 1136 1134
2578 4 2 1 3 373 459 1148 442
2579 4 2 1 3 373 1148 459 418
2580 4 2 1 3 1144 416 402 1147
2581 4 2 1 3 1144 402 416 404
2582 4 2 1 3 361 441 55 409
2583 4 2 1 3 55 441 361 460
2584 4 2 1 3 439 1145 386 420
2585 4 2 1 3 439 386 1145 1131
2586 4 2 1 3 470 424 72 367
2587 4 2 1 3 470 72 424 486
2588 4 2 2 4 1180 1242 1272 1270
2589 4 2 2 4 533 535 599 1213
2590 4 2 2 4 1280 1192 1166 1193
2591 4 2 2 4 1194 1220 1262 1210
2592 4 2 2 4 758 780 757 1188
2593 4 2 2 4 1162 1244 713 1255
2594 4 2 2 4 1205 1226 1208 1228
2595 4 2 2 4 498 1265 659 605
2596 4 2 2 4 650 654 1190 683
2597 4 2 2 4 505 678 589 1255
2598 4 2 2 4 646 661 563 1241
2599 4 2 2 4 494 624 721 1257
2600 4 2 2 4 1172 1216 1214 1175
2601 4 2 2 4 587 1223 1175 614
2602 4 2 2 4 1225 628 1241 563
2603 4 2 2 4 1182 1226 1210 1188
2604 4 2 2 4 756 755 1234 1264
2605 4 2 2 4 755 1269 1234 757
2606 4 2 2 4 610 1201 594 1255
2607 4 2 2 4 494 624 89 721
2608 4 2 2 4 1162 709 710 724
2609 4 2 2 4 1212 1233 541 1168
2610 4 2 2 4 121 659 768 120
2611 4 2 2 4 560 1202 545 1168
2612 4 2 2 4 1227 1215 1219 1208
2613 4 2 2 4 1226 524 1189 584
2614 4 2 2 4 1202 1167 1165 1203
2615 4 2 2 4 1244 1162 713 724
2616 4 2 2 4 652 740 684 130
2617 4 2 2 4 544 588 560 1168
2618 4 2 2 4 1243 773 745 680
2619 4 2 2 4 119 499 741 118
2620 4 2 2 4 505 97 726 1240
2621 4 2 2 4 645 687 1280 581
2622 4 2 2 4 562 1226 525 602
2623 4 2 2 4 106 653 737 107
2624 4 2 2 4 1216 1173 561 583
2625 4 2 2 4 676 634 493 1260
2626 4 2 2 4 1212 1233 1232 539
2627 4 2 2 4 777 744 1276 1270
2628 4 2 2 4 121 742 768 659
2629 4 2 2 4 531 533 1200 534
2630 4 2 2 4 1248 698 697 699
2631 4 2 2 4 698 1247 1254 727
2632 4 2 2 4 566 1192 592 1242
2633 4 2 2 4 1171 1169 708 1170
2634 4 2 2 4 1202 593 550 574
2635 4 2 2 4 1238 701 699 702
2636 4 2 2 4 709 1162 1244 724
2637 4 2 2 4 1169 628 495 1248
2638 4 2 2 4 111 503 1175 614
2639 4 2 2 4 507 694 609 87
2640 4 2 2 4 1191 740 760 774
2641 4 2 2 4 1224 1189 1210 1228
2642 4 2 2 4 733 725 1240 710
2643 4 2 2 4 573 1261 536 570
2644 4 2 2 4 533 1213 1200 534
2645 4 2 2 4 1240 725 688 710
2646 4 2 2 4 656 513 1243 681
2647 4 2 2 4 1255 726 713 724
2648 4 2 2 4 718 511 736 1249
2649 4 2 2 4 595 542 1229 596
2650 4 2 2 4 117 116 504 787
2651 4 2 2 4 132 500 1272 776
2652 4 2 2 4 1162 1255 713 724
2653 4 2 2 4 1162 1240 1168 1255
2654 4 2 2 4 1252 729 714 690
2655 4 2 2 4 502 1215 516 615
2656 4 2 2 4 494 1252 721 690
2657 4 2 2 4 1165 1218 1221 1217
2658 4 2 2 4 123 771 1275 636
2659 4 2 2 4 1252 494 721 1250
2660 4 2 2 4 518 648 1190 578
2661 4 2 2 4 747 1243 1183 1271
2662 4 2 2 4 1252 720 721 690
2663 4 2 2 4 720 1252 721 1250
2664 4 2 2 4 522 523 521 1208
2665 4 2 2 4 551 553 554 1231
2666 4 2 2 4 1205 1200 1198 528
2667 4 2 2 4 1259 734 693 677
2668 4 2 2 4 1226 1189 1208 1228
2669 4 2 2 4 1238 703 702 1246
2670 4 2 2 4 716 705 715 1253
2671 4 2 2 4 520 521 1208 519
2672 4 2 2 4 577 672 631 1272
2673 4 2 2 4 705 707 1178 716
2674 4 2 2 4 1179 1204 1228 1221
2675 4 2 2 4 766 1269 1274 765
2676 4 2 2 4 624 88 89 732
2677 4 2 2 4 601 577 556 1185
2678 4 2 2 4 1278 1209 1206 1210
2679 4 2 2 4 632 784 128 743
2680 4 2 2 4 520 579 1189 608
2681 4 2 2 4 690 729 91 633
2682 4 2 2 4 606 522 1208 523
2683 4 2 2 4 1235 1215 1179 515
2684 4 2 2 4 127 632 128 743
2685 4 2 2 4 1180 763 759 750
2686 4 2 2 4 685 1276 620 644
2687 4 2 2 4 1171 707 1178 1246
2688 4 2 2 4 560 1202 594 593
2689 4 2 2 4 637 125 779 126
2690 4 2 2 4 1231 1225 1241 563
2691 4 2 2 4 1277 637 497 779
2692 4 2 2 4 1192 1242 1166 1186
2693 4 2 2 4 1192 1193 1217 1186
2694 4 2 2 4 1218 1214 1228 1221
2695 4 2 2 4 1222 1233 1212 1168
2696 4 2 2 4 1209 1278 1207 1210
2697 4 2 2 4 615 110 1239 1190
2698 4 2 2 4 1193 1194 1210 1228
2699 4 2 2 4 1173 575 561 582
2700 4 2 2 4 1193 1192 1217 1203
2701 4 2 2 4 592 1192 1217 1186
2702 4 2 2 4 1203 1192 1217 592
2703 4 2 2 4 775 652 740 1191
2704 4 2 2 4 1192 566 592 549
2705 4 2 2 4 97 505 726 98
2706 4 2 2 4 1194 1193 1166 1186
2707 4 2 2 4 679 1237 653 717
2708 4 2 2 4 1216 587 1223 1175
2709 4 2 2 4 1231 551 1203 1217
2710 4 2 2 4 1220 1185 1214 1217
2711 4 2 2 4 722 1259 677 493
2712 4 2 2 4 646 1231 563 552
2713 4 2 2 4 755 1269 765 756
2714 4 2 2 4 1238 1162 1221 1244
2715 4 2 2 4 716 718 1249 715
2716 4 2 2 4 1162 1167 1221 1244
2717 4 2 2 4 1240 1261 1259 1163
2718 4 2 2 4 1265 498 635 682
2719 4 2 2 4 1191 740 774 1242
2720 4 2 2 4 630 132 1272 785
2721 4 2 2 4 637 125 497 779
2722 4 2 2 4 597 538 539 1232
2723 4 2 2 4 1207 580 605 682
2724 4 2 2 4 637 506 1230 638
2725 4 2 2 4 664 584 585 1273
2726 4 2 2 4 744 134 631 133
2727 4 2 2 4 1218 1194 1214 1217
2728 4 2 2 4 602 527 530 1200
2729 4 2 2 4 588 544 658 1168
2730 4 2 2 4 639 491 725 95
2731 4 2 2 4 1248 1254 1241 691
2732 4 2 2 4 1176 1197 1208 1228
2733 4 2 2 4 773 1243 1188 758
2734 4 2 2 4 1204 1197 1179 1228
2735 4 2 2 4 503 617 1175 618
2736 4 2 2 4 696 1248 627 691
2737 4 2 2 4 1243 513 1271 739
2738 4 2 2 4 744 1272 1270 763
2739 4 2 2 4 1243 747 739 1271
2740 4 2 2 4 1180 1263 1270 750
2741 4 2 2 4 637 1277 1230 779
2742 4 2 2 4 1254 496 1241 719
2743 4 2 2 4 126 637 1230 779
2744 4 2 2 4 1205 606 1208 523
2745 4 2 2 4 719 629 1241 691
2746 4 2 2 4 662 1252 572 1177
2747 4 2 2 4 733 1240 1259 1163
2748 4 2 2 4 595 645 1280 581
2749 4 2 2 4 97 688 660 96
2750 4 2 2 4 707 1237 1178 716
2751 4 2 2 4 1238 1247 1170 699
2752 4 2 2 4 707 1171 730 708
2753 4 2 2 4 1245 1199 1196 1163
2754 4 2 2 4 524 1205 1208 523
2755 4 2 2 4 1209 1211 1228 1200
2756 4 2 2 4 542 595 1212 543
2757 4 2 2 4 1269 755 1234 756
2758 4 2 2 4 1231 1195 1225 1217
2759 4 2 2 4 501 769 620 135
2760 4 2 2 4 1269 756 1234 1264
2761 4 2 2 4 626 522 519 1227
2762 4 2 2 4 1274 1182 757 1188
2763 4 2 2 4 1263 751 750 759
2764 4 2 2 4 769 777 1271 748
2765 4 2 2 4 1223 1187 1175 1239
2766 4 2 2 4 773 1243 745 1188
2767 4 2 2 4 1259 722 677 693
2768 4 2 2 4 1240 1162 724 1255
2769 4 2 2 4 1197 662 572 1177
2770 4 2 2 4 90 494 690 633
2771 4 2 2 4 696 1169 697 723
2772 4 2 2 4 1197 1204 1164 1228
2773 4 2 2 4 753 1184 751 1234
2774 4 2 2 4 112 1235 111 503
2775 4 2 2 4 1240 491 660 96
2776 4 2 2 4 1243 1183 1236 1188
2777 4 2 2 4 1258 1256 706 728
2778 4 2 2 4 1231 1165 1195 1217
2779 4 2 2 4 1269 1182 1210 1234
2780 4 2 2 4 1199 1167 1196 1163
2781 4 2 2 4 1177 1252 1198 1251
2782 4 2 2 4 1176 674 651 1249
2783 4 2 2 4 1226 1189 1210 1188
2784 4 2 2 4 556 1185 1186 1217
2785 4 2 2 4 617 1216 1172 1175
2786 4 2 2 4 538 1232 537 539
2787 4 2 2 4 742 498 782 1265
2788 4 2 2 4 597 1229 598 1232
2789 4 2 2 4 650 683 1190 578
2790 4 2 2 4 595 546 1212 543
2791 4 2 2 4 584 499 1273 664
2792 4 2 2 4 764 1268 1277 1230
2793 4 2 2 4 1185 1270 1186 1181
2794 4 2 2 4 688 1240 660 96
2795 4 2 2 4 775 652 129 130
2796 4 2 2 4 1208 1189 1219 1228
2797 4 2 2 4 547 593 1203 545
2798 4 2 2 4 686 635 1275 636
2799 4 2 2 4 507 88 624 732
2800 4 2 2 4 593 1202 1203 545
2801 4 2 2 4 1247 700 1244 1201
2802 4 2 2 4 744 631 785 133
2803 4 2 2 4 1207 580 602 605
2804 4 2 2 4 591 1261 622 493
2805 4 2 2 4 573 1233 600 536
2806 4 2 2 4 546 547 1203 545
2807 4 2 2 4 703 705 702 1246
2808 4 2 2 4 1209 1211 1193 1228
2809 4 2 2 4 1162 1201 1244 1255
2810 4 2 2 4 1167 1222 1165 1203
2811 4 2 2 4 1229 1209 1232 1193
2812 4 2 2 4 751 1184 759 1263
2813 4 2 2 4 1235 1237 617 112
2814 4 2 2 4 524 608 1189 584
2815 4 2 2 4 1185 577 556 1186
2816 4 2 2 4 653 1169 675 508
2817 4 2 2 4 1237 1235 1179 514
2818 4 2 2 4 1237 514 647 655
2819 4 2 2 4 1252 676 1198 1260
2820 4 2 2 4 663 1233 1261 1240
2821 4 2 2 4 1207 1209 1228 1200
2822 4 2 2 4 1237 114 717 679
2823 4 2 2 4 1237 1178 647 1179
2824 4 2 2 4 773 758 1188 780
2825 4 2 2 4 1267 1268 1266 1206
2826 4 2 2 4 1253 716 1249 715
2827 4 2 2 4 1231 646 574 552
2828 4 2 2 4 575 619 1225 558
2829 4 2 2 4 566 612 1192 1242
2830 4 2 2 4 652 775 740 130
2831 4 2 2 4 1173 575 1225 558
2832 4 2 2 4 132 500 776 131
2833 4 2 2 4 678 610 589 1255
2834 4 2 2 4 749 758 752 1262
2835 4 2 2 4 555 558 1174 1225
2836 4 2 2 4 555 619 558 1225
2837 4 2 2 4 1229 597 598 638
2838 4 2 2 4 720 1250 721 728
2839 4 2 2 4 553 555 1225 619
2840 4 2 2 4 1169 1173 1221 1172
2841 4 2 2 4 780 767 504 787
2842 4 2 2 4 703 705 1246 1253
2843 4 2 2 4 1189 1224 1188 1190
2844 4 2 2 4 650 648 1190 510
2845 4 2 2 4 509 110 109 1236
2846 4 2 2 4 1278 1182 1265 1207
2847 4 2 2 4 703 701 1196 1238
2848 4 2 2 4 518 1215 1190 648
2849 4 2 2 4 1254 496 1201 1241
2850 4 2 2 4 1247 1238 1221 1244
2851 4 2 2 4 1240 1233 1261 1163
2852 4 2 2 4 712 720 706 1251
2853 4 2 2 4 1220 1224 1228 1219
2854 4 2 2 4 1258 1256 1253 706
2855 4 2 2 4 631 630 785 133
2856 4 2 2 4 1179 1176 1219 1228
2857 4 2 2 4 1237 1171 1179 1172
2858 4 2 2 4 1234 1182 1210 1188
2859 4 2 2 4 744 1276 631 781
2860 4 2 2 4 1252 1250 1177 662
2861 4 2 2 4 1178 716 1249 1253
2862 4 2 2 4 1276 672 631 501
2863 4 2 2 4 661 628 1241 627
2864 4 2 2 4 125 738 497 779
2865 4 2 2 4 551 1231 554 1217
2866 4 2 2 4 1250 1256 1251 1177
2867 4 2 2 4 711 1245 704 710
2868 4 2 2 4 1246 1178 1196 1253
2869 4 2 2 4 514 1179 647 515
2870 4 2 2 4 1172 1173 1221 1217
2871 4 2 2 4 1265 1207 605 682
2872 4 2 2 4 639 591 677 1259
2873 4 2 2 4 1209 1193 1210 1228
2874 4 2 2 4 1256 720 1250 1251
2875 4 2 2 4 1192 1193 1212 1203
2876 4 2 2 4 576 1242 592 1186
2877 4 2 2 4 652 612 1191 613
2878 4 2 2 4 1266 1268 770 1206
2879 4 2 2 4 1233 663 657 1240
2880 4 2 2 4 1202 1167 1168 1255
2881 4 2 2 4 1248 699 697 708
2882 4 2 2 4 1185 1174 1216 1214
2883 4 2 2 4 1167 1199 1221 1228
2884 4 2 2 4 110 615 510 1190
2885 4 2 2 4 1222 1167 1221 1228
2886 4 2 2 4 652 1191 1279 1280
2887 4 2 2 4 1209 1267 1266 1206
2888 4 2 2 4 667 1173 575 628
2889 4 2 2 4 652 775 1279 1191
2890 4 2 2 4 738 125 497 124
2891 4 2 2 4 1191 775 1279 760
2892 4 2 2 4 1197 606 1205 526
2893 4 2 2 4 516 1215 648 615
2894 4 2 2 4 1236 1224 1190 1188
2895 4 2 2 4 648 615 1190 510
2896 4 2 2 4 1204 1199 1164 1228
2897 4 2 2 4 534 1198 603 570
2898 4 2 2 4 624 665 1257 625
2899 4 2 2 4 718 86 609 87
2900 4 2 2 4 1205 1200 1164 1198
2901 4 2 2 4 634 1252 572 633
2902 4 2 2 4 1258 1176 1257 1249
2903 4 2 2 4 756 1268 1264 1206
2904 4 2 2 4 1277 637 1230 638
2905 4 2 2 4 1245 1198 1260 1251
2906 4 2 2 4 727 692 713 1201
2907 4 2 2 4 518 1215 517 1208
2908 4 2 2 4 706 705 1253 715
2909 4 2 2 4 1222 1211 1233 1199
2910 4 2 2 4 1167 1162 1163 1168
2911 4 2 2 4 505 588 1255 589
2912 4 2 2 4 632 784 743 1279
2913 4 2 2 4 1214 1220 1228 1219
2914 4 2 2 4 555 1174 1217 1225
2915 4 2 2 4 628 1248 1225 1241
2916 4 2 2 4 731 1254 719 496
2917 4 2 2 4 1238 701 1196 704
2918 4 2 2 4 628 661 1241 563
2919 4 2 2 4 663 1240 1261 1259
2920 4 2 2 4 1254 719 1241 691
2921 4 2 2 4 1215 502 516 515
2922 4 2 2 4 1204 1256 1196 1253
2923 4 2 2 4 628 1248 1241 627
2924 4 2 2 4 699 1238 708 1170
2925 4 2 2 4 1247 700 698 699
2926 4 2 2 4 1245 711 1163 710
2927 4 2 2 4 726 1255 713 735
2928 4 2 2 4 590 588 658 1168
2929 4 2 2 4 720 1256 706 1251
2930 4 2 2 4 700 1247 701 699
2931 4 2 2 4 1245 1163 1196 704
2932 4 2 2 4 1197 604 528 572
2933 4 2 2 4 1240 97 726 688
2934 4 2 2 4 639 725 1240 1259
2935 4 2 2 4 641 497 636 1275
2936 4 2 2 4 720 1252 1250 1251
2937 4 2 2 4 1226 524 562 525
2938 4 2 2 4 771 124 1275 636
2939 4 2 2 4 753 762 1264 756
2940 4 2 2 4 1265 1278 1266 778
2941 4 2 2 4 1269 1278 756 1264
2942 4 2 2 4 619 575 1225 628
2943 4 2 2 4 1194 1220 1228 1214
2944 4 2 2 4 497 124 636 1275
2945 4 2 2 4 507 665 651 1249
2946 4 2 2 4 1209 1229 1232 598
2947 4 2 2 4 1265 1278 1207 1266
2948 4 2 2 4 579 683 1189 1188
2949 4 2 2 4 1215 1190 1239 1219
2950 4 2 2 4 1207 1226 1228 1210
2951 4 2 2 4 694 507 1257 732
2952 4 2 2 4 525 1226 1205 602
2953 4 2 2 4 1276 501 620 644
2954 4 2 2 4 784 632 128 492
2955 4 2 2 4 1184 753 754 1264
2956 4 2 2 4 786 119 120 664
2957 4 2 2 4 755 766 765 1269
2958 4 2 2 4 762 754 1264 1268
2959 4 2 2 4 1269 1278 765 756
2960 4 2 2 4 105 623 104 723
2961 4 2 2 4 762 753 1264 754
2962 4 2 2 4 1171 1237 1179 1178
2963 4 2 2 4 729 634 91 633
2964 4 2 2 4 566 612 1242 611
2965 4 2 2 4 665 507 1257 1249
2966 4 2 2 4 564 569 1185 565
2967 4 2 2 4 773 1243 758 747
2968 4 2 2 4 683 1189 1190 578
2969 4 2 2 4 722 711 1260 714
2970 4 2 2 4 111 1235 1239 1175
2971 4 2 2 4 1215 1235 1175 1239
2972 4 2 2 4 1267 1268 770 1266
2973 4 2 2 4 720 1252 714 690
2974 4 2 2 4 1176 1197 1227 1208
2975 4 2 2 4 1182 1234 757 1188
2976 4 2 2 4 1176 1208 1219 1228
2977 4 2 2 4 672 1272 1270 631
2978 4 2 2 4 1204 1197 1164 1198
2979 4 2 2 4 1202 560 545 593
2980 4 2 2 4 1202 560 594 589
2981 4 2 2 4 97 1240 660 688
2982 4 2 2 4 756 762 1268 770
2983 4 2 2 4 1226 524 1205 1208
2984 4 2 2 4 1267 641 1209 1275
2985 4 2 2 4 1276 501 631 781
2986 4 2 2 4 1243 656 108 109
2987 4 2 2 4 513 656 1243 643
2988 4 2 2 4 643 656 1236 509
2989 4 2 2 4 1243 108 616 109
2990 4 2 2 4 579 520 1189 578
2991 4 2 2 4 510 650 616 1190
2992 4 2 2 4 503 587 1175 614
2993 4 2 2 4 1234 1184 1210 1264
2994 4 2 2 4 551 1203 1217 592
2995 4 2 2 4 568 641 686 1275
2996 4 2 2 4 1165 1222 1221 1218
2997 4 2 2 4 623 667 1169 582
2998 4 2 2 4 623 696 104 723
2999 4 2 2 4 1233 1199 1163 1168
3000 4 2 2 4 725 733 1259 734
3001 4 2 2 4 599 641 1209 598
3002 4 2 2 4 1190 510 109 616
3003 4 2 2 4 703 1245 712 1196
3004 4 2 2 4 699 1246 702 708
3005 4 2 2 4 1197 1176 1179 1228
3006 4 2 2 4 1215 516 517 515
3007 4 2 2 4 577 1242 556 1186
3008 4 2 2 4 571 676 622 1198
3009 4 2 2 4 650 654 616 1190
3010 4 2 2 4 1185 1220 1216 1223
3011 4 2 2 4 518 1189 1190 1208
3012 4 2 2 4 492 632 1280 1279
3013 4 2 2 4 1272 1242 774 776
3014 4 2 2 4 124 738 1275 497
3015 4 2 2 4 782 1265 1266 778
3016 4 2 2 4 771 738 1275 124
3017 4 2 2 4 714 1245 1251 712
3018 4 2 2 4 534 1213 1200 1198
3019 4 2 2 4 1224 1189 1219 1190
3020 4 2 2 4 1256 1250 728 1257
3021 4 2 2 4 676 622 1260 493
3022 4 2 2 4 634 92 729 91
3023 4 2 2 4 721 1250 1257 728
3024 4 2 2 4 536 1233 600 537
3025 4 2 2 4 1207 568 532 649
3026 4 2 2 4 1238 1171 708 1170
3027 4 2 2 4 590 1240 657 660
3028 4 2 2 4 1178 1171 1246 1179
3029 4 2 2 4 509 110 1236 1239
3030 4 2 2 4 1169 653 730 695
3031 4 2 2 4 1237 617 512 640
3032 4 2 2 4 1215 615 1190 648
3033 4 2 2 4 112 1237 617 113
3034 4 2 2 4 1207 568 686 1275
3035 4 2 2 4 1215 615 1239 1190
3036 4 2 2 4 620 769 1271 739
3037 4 2 2 4 555 557 1174 558
3038 4 2 2 4 123 782 122 635
3039 4 2 2 4 686 641 636 1275
3040 4 2 2 4 505 97 1240 660
3041 4 2 2 4 1270 1180 1186 1181
3042 4 2 2 4 1173 1174 1225 1217
3043 4 2 2 4 1193 1194 1217 1186
3044 4 2 2 4 568 599 1209 1207
3045 4 2 2 4 1193 1192 1166 1186
3046 4 2 2 4 1180 1191 774 1242
3047 4 2 2 4 1237 653 675 640
3048 4 2 2 4 1174 564 1185 565
3049 4 2 2 4 685 1276 644 1181
3050 4 2 2 4 1242 500 1272 668
3051 4 2 2 4 1237 617 640 1172
3052 4 2 2 4 1216 1174 559 561
3053 4 2 2 4 1163 1162 1196 704
3054 4 2 2 4 703 1238 1196 1246
3055 4 2 2 4 1209 1207 1266 1275
3056 4 2 2 4 1182 1269 1278 1265
3057 4 2 2 4 786 499 1273 741
3058 4 2 2 4 1278 1269 765 1265
3059 4 2 2 4 586 1216 559 561
3060 4 2 2 4 1173 1169 1170 1248
3061 4 2 2 4 1184 1194 1166 1186
3062 4 2 2 4 1169 667 495 628
3063 4 2 2 4 1192 549 592 1203
3064 4 2 2 4 1242 1180 1186 1270
3065 4 2 2 4 1189 524 1208 521
3066 4 2 2 4 742 498 659 121
3067 4 2 2 4 751 1184 1262 1234
3068 4 2 2 4 780 767 757 1188
3069 4 2 2 4 656 509 109 1236
3070 4 2 2 4 1198 1252 1260 1251
3071 4 2 2 4 1213 535 536 534
3072 4 2 2 4 1242 566 611 592
3073 4 2 2 4 663 639 1240 1259
3074 4 2 2 4 1261 573 591 570
3075 4 2 2 4 1173 1172 1214 1217
3076 4 2 2 4 1242 577 556 576
3077 4 2 2 4 1202 1165 1221 1195
3078 4 2 2 4 1184 751 1262 1263
3079 4 2 2 4 1243 747 1188 758
3080 4 2 2 4 544 545 543 1212
3081 4 2 2 4 1242 611 576 592
3082 4 2 2 4 1174 1216 559 565
3083 4 2 2 4 667 1173 1169 582
3084 4 2 2 4 1255 1240 726 724
3085 4 2 2 4 1237 1169 640 675
3086 4 2 2 4 1240 1162 710 724
3087 4 2 2 4 554 592 1217 1186
3088 4 2 2 4 575 1173 1225 628
3089 4 2 2 4 1242 1180 1166 1186
3090 4 2 2 4 1169 1173 640 675
3091 4 2 2 4 1248 628 495 627
3092 4 2 2 4 1237 689 717 114
3093 4 2 2 4 1233 1212 541 539
3094 4 2 2 4 1185 672 1181 644
3095 4 2 2 4 630 132 785 133
3096 4 2 2 4 617 1216 1175 618
3097 4 2 2 4 648 650 1190 578
3098 4 2 2 4 613 1192 1280 581
3099 4 2 2 4 1232 1233 537 539
3100 4 2 2 4 666 637 1277 638
3101 4 2 2 4 1218 1222 1221 1228
3102 4 2 2 4 538 597 598 1232
3103 4 2 2 4 525 524 523 1205
3104 4 2 2 4 1216 1185 1223 565
3105 4 2 2 4 621 1274 499 741
3106 4 2 2 4 94 93 693 677
3107 4 2 2 4 1209 1267 1229 598
3108 4 2 2 4 641 1267 1209 598
3109 4 2 2 4 1179 567 647 515
3110 4 2 2 4 513 681 137 739
3111 4 2 2 4 1234 1184 1262 1210
3112 4 2 2 4 1214 1172 1221 1217
3113 4 2 2 4 1218 1194 1217 1193
3114 4 2 2 4 1215 1219 1239 1175
3115 4 2 2 4 1258 1257 728 1249
3116 4 2 2 4 782 635 1275 1266
3117 4 2 2 4 535 599 1213 538
3118 4 2 2 4 674 511 609 1249
3119 4 2 2 4 1192 613 548 581
3120 4 2 2 4 500 612 1242 684
3121 4 2 2 4 728 1258 1249 715
3122 4 2 2 4 552 1231 550 574
3123 4 2 2 4 1257 694 728 1249
3124 4 2 2 4 577 1242 668 576
3125 4 2 2 4 1218 1214 1221 1217
3126 4 2 2 4 588 590 1240 1168
3127 4 2 2 4 597 1229 596 638
3128 4 2 2 4 1240 590 657 1168
3129 4 2 2 4 1256 1177 1196 1251
3130 4 2 2 4 502 1215 1235 515
3131 4 2 2 4 1171 1237 1178 707
3132 4 2 2 4 703 705 1253 706
3133 4 2 2 4 1236 1187 1239 1190
3134 4 2 2 4 1272 744 785 763
3135 4 2 2 4 1178 716 736 1249
3136 4 2 2 4 696 623 1169 723
3137 4 2 2 4 1237 730 737 717
3138 4 2 2 4 1204 1258 1256 1253
3139 4 2 2 4 1169 696 697 1248
3140 4 2 2 4 707 705 1178 1246
3141 4 2 2 4 732 721 1257 728
3142 4 2 2 4 1235 1237 112 514
3143 4 2 2 4 1245 711 712 714
3144 4 2 2 4 511 1178 736 1249
3145 4 2 2 4 1243 108 680 616
3146 4 2 2 4 721 624 89 732
3147 4 2 2 4 1213 1211 1200 1198
3148 4 2 2 4 90 494 721 690
3149 4 2 2 4 1213 536 1198 534
3150 4 2 2 4 1261 1233 536 1198
3151 4 2 2 4 500 740 1242 776
3152 4 2 2 4 1242 577 1185 1186
3153 4 2 2 4 1199 1233 1261 1198
3154 4 2 2 4 1265 1274 765 768
3155 4 2 2 4 1276 672 1270 631
3156 4 2 2 4 775 740 760 1191
3157 4 2 2 4 1242 577 668 1272
3158 4 2 2 4 111 110 614 1239
3159 4 2 2 4 123 771 782 1275
3160 4 2 2 4 630 577 631 1272
3161 4 2 2 4 1236 1187 1223 1239
3162 4 2 2 4 1180 1270 763 750
3163 4 2 2 4 685 643 1187 569
3164 4 2 2 4 755 766 1269 1274
3165 4 2 2 4 756 1278 1266 1206
3166 4 2 2 4 744 1276 1270 631
3167 4 2 2 4 509 110 1239 614
3168 4 2 2 4 568 1207 686 649
3169 4 2 2 4 1173 1195 1221 1217
3170 4 2 2 4 756 1278 765 778
3171 4 2 2 4 1274 766 765 768
3172 4 2 2 4 1274 1265 1273 768
3173 4 2 2 4 1195 1165 1221 1217
3174 4 2 2 4 753 1184 754 751
3175 4 2 2 4 1174 1173 1214 1217
3176 4 2 2 4 1173 667 575 582
3177 4 2 2 4 565 1216 587 1223
3178 4 2 2 4 1254 731 719 727
3179 4 2 2 4 101 731 719 496
3180 4 2 2 4 1233 1213 536 1198
3181 4 2 2 4 1237 1235 617 1175
3182 4 2 2 4 557 601 1185 564
3183 4 2 2 4 1180 1191 1242 1166
3184 4 2 2 4 612 1192 1242 1191
3185 4 2 2 4 546 1192 548 581
3186 4 2 2 4 612 1192 1191 613
3187 4 2 2 4 126 127 772 506
3188 4 2 2 4 1180 1184 1186 1263
3189 4 2 2 4 1224 1220 1228 1210
3190 4 2 2 4 738 771 1275 770
3191 4 2 2 4 1184 1194 1186 1263
3192 4 2 2 4 1227 567 515 517
3193 4 2 2 4 1205 1226 1228 1200
3194 4 2 2 4 527 525 1205 602
3195 4 2 2 4 720 714 1251 712
3196 4 2 2 4 1233 663 1261 573
3197 4 2 2 4 711 733 1163 710
3198 4 2 2 4 645 632 1280 492
3199 4 2 2 4 1263 1185 1186 1181
3200 4 2 2 4 1180 1263 1186 1181
3201 4 2 2 4 1220 1263 1185 1186
3202 4 2 2 4 1207 1226 605 602
3203 4 2 2 4 1267 1229 598 1277
3204 4 2 2 4 588 590 505 1240
3205 4 2 2 4 1233 540 600 537
3206 4 2 2 4 641 1267 598 666
3207 4 2 2 4 1189 1224 1219 1228
3208 4 2 2 4 653 1169 508 695
3209 4 2 2 4 1167 1162 1168 1255
3210 4 2 2 4 101 496 719 629
3211 4 2 2 4 1220 1194 1228 1210
3212 4 2 2 4 1233 540 1168 657
3213 4 2 2 4 1202 1167 1221 1165
3214 4 2 2 4 545 546 1212 1203
3215 4 2 2 4 1237 1173 640 1169
3216 4 2 2 4 1234 1210 1262 1188
3217 4 2 2 4 1184 1194 1262 1210
3218 4 2 2 4 623 1169 695 508
3219 4 2 2 4 554 556 1186 1217
3220 4 2 2 4 1183 1263 750 1271
3221 4 2 2 4 1209 1207 1228 1210
3222 4 2 2 4 769 739 748 1271
3223 4 2 2 4 729 1252 714 1260
3224 4 2 2 4 769 1276 781 501
3225 4 2 2 4 1220 1263 1181 1185
3226 4 2 2 4 623 696 1169 495
3227 4 2 2 4 103 696 495 627
3228 4 2 2 4 696 1169 495 1248
3229 4 2 2 4 1266 1267 1275 770
3230 4 2 2 4 722 729 714 1260
3231 4 2 2 4 126 772 1230 506
3232 4 2 2 4 1197 1205 1164 1198
3233 4 2 2 4 1267 738 1275 770
3234 4 2 2 4 536 1261 1198 570
3235 4 2 2 4 1184 753 1264 1234
3236 4 2 2 4 1268 764 761 1230
3237 4 2 2 4 1218 1194 1228 1214
3238 4 2 2 4 661 646 629 1241
3239 4 2 2 4 762 764 761 1268
3240 4 2 2 4 1199 1211 1164 1228
3241 4 2 2 4 673 689 5 85
3242 4 2 2 4 511 718 609 1249
3243 4 2 2 4 507 88 694 87
3244 4 2 2 4 1173 582 561 583
3245 4 2 2 4 610 731 100 496
3246 4 2 2 4 1200 529 603 1198
3247 4 2 2 4 1240 588 1168 1255
3248 4 2 2 4 1252 633 662 572
3249 4 2 2 4 1211 1200 1164 1228
3250 4 2 2 4 1202 1231 1195 1241
3251 4 2 2 4 1267 666 497 1277
3252 4 2 2 4 1190 1189 1219 1208
3253 4 2 2 4 580 1207 532 649
3254 4 2 2 4 771 123 124 636
3255 4 2 2 4 1213 1233 536 537
3256 4 2 2 4 1238 1171 1246 708
3257 4 2 2 4 119 786 499 664
3258 4 2 2 4 740 500 1242 684
3259 4 2 2 4 1214 1172 1228 1221
3260 4 2 2 4 740 500 684 131
3261 4 2 2 4 784 128 129 492
3262 4 2 2 4 557 601 556 1185
3263 4 2 2 4 577 630 668 1272
3264 4 2 2 4 699 1238 1246 708
3265 4 2 2 4 707 1171 708 1246
3266 4 2 2 4 731 101 100 496
3267 4 2 2 4 1169 1248 697 708
3268 4 2 2 4 723 1169 697 708
3269 4 2 2 4 1237 617 1172 1175
3270 4 2 2 4 511 736 673 85
3271 4 2 2 4 689 1237 717 707
3272 4 2 2 4 520 608 1189 521
3273 4 2 2 4 1171 1237 730 653
3274 4 2 2 4 522 626 607 1227
3275 4 2 2 4 696 103 691 627
3276 4 2 2 4 1176 674 567 651
3277 4 2 2 4 527 529 1200 528
3278 4 2 2 4 114 689 5 673
3279 4 2 2 4 90 494 89 721
3280 4 2 2 4 1256 720 706 728
3281 4 2 2 4 761 764 772 1230
3282 4 2 2 4 102 719 691 629
3283 4 2 2 4 599 1209 1232 598
3284 4 2 2 4 505 678 726 98
3285 4 2 2 4 1220 1194 1263 1186
3286 4 2 2 4 663 1233 600 573
3287 4 2 2 4 1185 1220 1186 1217
3288 4 2 2 4 103 102 691 627
3289 4 2 2 4 1169 723 730 708
3290 4 2 2 4 668 1242 611 576
3291 4 2 2 4 524 1226 562 584
3292 4 2 2 4 522 606 1208 1227
3293 4 2 2 4 527 529 530 1200
3294 4 2 2 4 1171 1169 730 708
3295 4 2 2 4 1192 549 1203 548
3296 4 2 2 4 1265 635 1266 682
3297 4 2 2 4 1171 1169 653 730
3298 4 2 2 4 499 621 741 118
3299 4 2 2 4 767 621 118 741
3300 4 2 2 4 1211 1199 1164 1198
3301 4 2 2 4 534 536 1198 570
3302 4 2 2 4 571 622 603 1198
3303 4 2 2 4 117 621 118 767
3304 4 2 2 4 518 1215 648 516
3305 4 2 2 4 1189 621 1274 670
3306 4 2 2 4 549 547 1203 548
3307 4 2 2 4 687 645 1280 492
3308 4 2 2 4 1191 1192 1280 613
3309 4 2 2 4 706 1256 1253 1196
3310 4 2 2 4 752 751 1262 1234
3311 4 2 2 4 1263 1184 1183 1262
3312 4 2 2 4 1227 626 651 567
3313 4 2 2 4 1180 1272 774 763
3314 4 2 2 4 1242 740 774 776
3315 4 2 2 4 653 730 695 737
3316 4 2 2 4 1235 1237 1172 1175
3317 4 2 2 4 643 509 1223 642
3318 4 2 2 4 535 1213 536 537
3319 4 2 2 4 712 1245 1251 1196
3320 4 2 2 4 1173 667 1169 628
3321 4 2 2 4 531 529 603 1200
3322 4 2 2 4 127 632 1230 506
3323 4 2 2 4 573 1233 536 1261
3324 4 2 2 4 1180 1242 774 1272
3325 4 2 2 4 1185 569 644 1181
3326 4 2 2 4 750 1183 1271 748
3327 4 2 2 4 683 654 1190 1188
3328 4 2 2 4 1263 1180 759 750
3329 4 2 2 4 502 1215 615 1235
3330 4 2 2 4 502 1235 112 514
3331 4 2 2 4 1184 751 759 754
3332 4 2 2 4 1180 1184 1166 1186
3333 4 2 2 4 554 551 1217 592
3334 4 2 2 4 701 703 702 1238
3335 4 2 2 4 1167 1222 1199 1228
3336 4 2 2 4 1272 744 631 785
3337 4 2 2 4 630 1272 631 785
3338 4 2 2 4 500 1242 1272 776
3339 4 2 2 4 632 127 1230 743
3340 4 2 2 4 769 1276 501 620
3341 4 2 2 4 501 134 631 781
3342 4 2 2 4 780 773 745 1188
3343 4 2 2 4 637 126 1230 506
3344 4 2 2 4 709 700 1244 701
3345 4 2 2 4 718 511 609 86
3346 4 2 2 4 634 676 1252 1260
3347 4 2 2 4 732 694 728 1257
3348 4 2 2 4 507 624 1257 732
3349 4 2 2 4 665 507 624 1257
3350 4 2 2 4 1252 494 1250 662
3351 4 2 2 4 700 1247 727 1201
3352 4 2 2 4 1171 1169 1221 1172
3353 4 2 2 4 1258 1256 728 1257
3354 4 2 2 4 1247 1254 1201 1170
3355 4 2 2 4 718 511 86 736
3356 4 2 2 4 689 1237 707 716
3357 4 2 2 4 700 1247 698 727
3358 4 2 2 4 767 1274 757 1188
3359 4 2 2 4 756 1266 770 1206
3360 4 2 2 4 1267 764 738 770
3361 4 2 2 4 496 1201 1241 671
3362 4 2 2 4 756 1278 778 1266
3363 4 2 2 4 498 742 782 122
3364 4 2 2 4 1270 777 763 750
3365 4 2 2 4 646 496 1241 671
3366 4 2 2 4 513 1243 681 739
3367 4 2 2 4 681 6 137 746
3368 4 2 2 4 1185 1242 1186 1270
3369 4 2 2 4 1272 132 776 785
3370 4 2 2 4 629 627 1241 691
3371 4 2 2 4 646 496 629 1241
3372 4 2 2 4 703 706 1253 1196
3373 4 2 2 4 764 762 770 1268
3374 4 2 2 4 749 1263 1183 1262
3375 4 2 2 4 1267 764 770 1268
3376 4 2 2 4 1201 1202 1241 671
3377 4 2 2 4 742 1265 782 778
3378 4 2 2 4 1231 1202 574 1241
3379 4 2 2 4 1242 556 1186 576
3380 4 2 2 4 1207 580 682 649
3381 4 2 2 4 782 498 122 635
3382 4 2 2 4 1267 1209 1266 1275
3383 4 2 2 4 657 540 1168 658
3384 4 2 2 4 1233 1199 1261 1163
3385 4 2 2 4 751 749 1263 750
3386 4 2 2 4 722 93 677 693
3387 4 2 2 4 513 136 739 137
3388 4 2 2 4 639 725 1259 734
3389 4 2 2 4 721 624 732 1257
3390 4 2 2 4 1263 1180 1270 1181
3391 4 2 2 4 716 718 736 1249
3392 4 2 2 4 670 1274 1273 499
3393 4 2 2 4 1269 1182 1274 1265
3394 4 2 2 4 110 615 1239 111
3395 4 2 2 4 568 599 641 1209
3396 4 2 2 4 1213 1233 1232 1212
3397 4 2 2 4 1195 1173 1221 1170
3398 4 2 2 4 1191 1192 1242 1166
3399 4 2 2 4 1190 654 616 1188
3400 4 2 2 4 615 1235 1239 111
3401 4 2 2 4 1245 711 704 712
3402 4 2 2 4 1222 1193 1217 1203
3403 4 2 2 4 1202 1247 1221 1167
3404 4 2 2 4 1238 1247 1221 1170
3405 4 2 2 4 1216 617 640 618
3406 4 2 2 4 769 136 620 135
3407 4 2 2 4 618 1216 583 640
3408 4 2 2 4 556 554 1186 576
3409 4 2 2 4 1272 744 1270 631
3410 4 2 2 4 1272 1180 1270 763
3411 4 2 2 4 1215 1235 1239 615
3412 4 2 2 4 558 1173 1174 1225
3413 4 2 2 4 709 1244 713 724
3414 4 2 2 4 753 755 1234 752
3415 4 2 2 4 1250 1256 1177 1257
3416 4 2 2 4 1204 1258 1197 1256
3417 4 2 2 4 588 505 1255 1240
3418 4 2 2 4 1183 747 1271 748
3419 4 2 2 4 1173 1216 640 583
3420 4 2 2 4 1170 1254 1201 1241
3421 4 2 2 4 1276 672 1181 1270
3422 4 2 2 4 569 685 644 1181
3423 4 2 2 4 621 579 1189 1188
3424 4 2 2 4 1265 742 768 765
3425 4 2 2 4 786 664 120 1273
3426 4 2 2 4 659 1265 768 1273
3427 4 2 2 4 629 661 1241 627
3428 4 2 2 4 119 786 741 499
3429 4 2 2 4 1231 1195 1241 1225
3430 4 2 2 4 780 654 1188 745
3431 4 2 2 4 599 1213 538 1232
3432 4 2 2 4 723 1169 730 695
3433 4 2 2 4 511 86 736 85
3434 4 2 2 4 599 1213 1232 1209
3435 4 2 2 4 1240 491 657 660
3436 4 2 2 4 725 733 1240 1259
3437 4 2 2 4 675 1173 640 583
3438 4 2 2 4 599 538 598 1232
3439 4 2 2 4 656 1243 108 681
3440 4 2 2 4 509 1236 1223 1239
3441 4 2 2 4 569 643 1223 642
3442 4 2 2 4 579 621 1189 670
3443 4 2 2 4 1187 643 1223 569
3444 4 2 2 4 569 565 642 1223
3445 4 2 2 4 745 1243 616 1188
3446 4 2 2 4 1189 518 1190 578
3447 4 2 2 4 569 1185 565 1223
3448 4 2 2 4 652 775 129 784
3449 4 2 2 4 1192 566 548 613
3450 4 2 2 4 632 784 1279 492
3451 4 2 2 4 568 533 1207 532
3452 4 2 2 4 634 729 1252 633
3453 4 2 2 4 494 1252 690 633
3454 4 2 2 4 1205 527 1200 528
3455 4 2 2 4 753 755 756 1264
3456 4 2 2 4 756 762 1264 1268
3457 4 2 2 4 709 700 713 1244
3458 4 2 2 4 1179 1172 1228 1219
3459 4 2 2 4 544 543 541 1212
3460 4 2 2 4 683 1189 1188 1190
3461 4 2 2 4 1233 1240 657 1168
3462 4 2 2 4 1199 1167 1163 1168
3463 4 2 2 4 543 542 541 1212
3464 4 2 2 4 683 579 1189 578
3465 4 2 2 4 520 518 1189 578
3466 4 2 2 4 767 1274 741 757
3467 4 2 2 4 502 1235 514 515
3468 4 2 2 4 514 1235 1179 515
3469 4 2 2 4 1178 1237 647 655
3470 4 2 2 4 1200 1205 1164 1228
3471 4 2 2 4 1247 1202 1201 1244
3472 4 2 2 4 1202 1247 1167 1244
3473 4 2 2 4 1171 1238 1221 1170
3474 4 2 2 4 1220 1194 1186 1217
3475 4 2 2 4 1252 729 690 633
3476 4 2 2 4 1247 701 1238 1244
3477 4 2 2 4 1247 700 701 1244
3478 4 2 2 4 540 1233 539 537
3479 4 2 2 4 564 1174 559 565
3480 4 2 2 4 1174 558 559 561
3481 4 2 2 4 1240 505 1255 726
3482 4 2 2 4 678 505 726 1255
3483 4 2 2 4 544 541 658 1168
3484 4 2 2 4 551 553 1231 552
3485 4 2 2 4 555 556 554 1217
3486 4 2 2 4 99 610 692 100
3487 4 2 2 4 564 557 559 1174
3488 4 2 2 4 101 102 629 719
3489 4 2 2 4 772 127 1230 506
3490 4 2 2 4 738 1267 1275 497
3491 4 2 2 4 782 1265 635 1266
3492 4 2 2 4 641 1267 497 1275
3493 4 2 2 4 743 127 1230 772
3494 4 2 2 4 574 646 1241 671
3495 4 2 2 4 1216 586 559 565
3496 4 2 2 4 558 557 1174 559
3497 4 2 2 4 1202 574 1241 671
3498 4 2 2 4 1162 1238 1196 704
3499 4 2 2 4 1192 546 1203 1212
3500 4 2 2 4 593 1202 550 1203
3501 4 2 2 4 1199 1204 1164 1198
3502 4 2 2 4 606 522 607 1227
3503 4 2 2 4 1194 1220 1214 1217
3504 4 2 2 4 674 511 1249 647
3505 4 2 2 4 694 718 1249 609
3506 4 2 2 4 1171 1237 1169 1172
3507 4 2 2 4 622 1261 1260 493
3508 4 2 2 4 1245 711 1260 1163
3509 4 2 2 4 745 654 680 115
3510 4 2 2 4 111 614 1175 1239
3511 4 2 2 4 642 509 1223 614
3512 4 2 2 4 1176 1227 607 651
3513 4 2 2 4 1252 494 662 633
3514 4 2 2 4 738 1267 497 1277
3515 4 2 2 4 764 1267 1277 1268
3516 4 2 2 4 1254 1248 1241 1170
3517 4 2 2 4 598 666 1277 638
3518 4 2 2 4 610 1201 671 594
3519 4 2 2 4 593 1202 594 574
3520 4 2 2 4 614 1223 1175 1239
3521 4 2 2 4 1223 509 1239 614
3522 4 2 2 4 498 742 659 1265
3523 4 2 2 4 499 1274 1273 741
3524 4 2 2 4 499 786 1273 664
3525 4 2 2 4 1226 562 605 602
3526 4 2 2 4 584 608 1189 670
3527 4 2 2 4 608 579 1189 670
3528 4 2 2 4 1200 1211 1164 1198
3529 4 2 2 4 1211 1222 1193 1228
3530 4 2 2 4 1222 1218 1193 1228
3531 4 2 2 4 747 739 1271 748
3532 4 2 2 4 116 654 745 115
3533 4 2 2 4 1243 1236 1190 1188
3534 4 2 2 4 773 745 680 115
3535 4 2 2 4 1199 1204 1198 1251
3536 4 2 2 4 1245 1199 1198 1251
3537 4 2 2 4 731 610 692 1201
3538 4 2 2 4 1265 498 682 605
3539 4 2 2 4 610 731 692 100
3540 4 2 2 4 610 731 496 1201
3541 4 2 2 4 1201 692 713 1255
3542 4 2 2 4 1255 692 713 735
3543 4 2 2 4 1254 1247 1201 727
3544 4 2 2 4 1171 1238 1246 1221
3545 4 2 2 4 1167 1247 1221 1244
3546 4 2 2 4 1205 1197 1164 1228
3547 4 2 2 4 701 1247 1238 699
3548 4 2 2 4 749 751 1262 752
3549 4 2 2 4 1256 720 728 1250
3550 4 2 2 4 751 749 1262 1263
3551 4 2 2 4 1252 1250 1251 1177
3552 4 2 2 4 491 639 725 1240
3553 4 2 2 4 1190 1236 616 109
3554 4 2 2 4 1236 1243 616 109
3555 4 2 2 4 701 1162 1238 1244
3556 4 2 2 4 491 663 639 1240
3557 4 2 2 4 1243 1236 616 1190
3558 4 2 2 4 507 694 1249 609
3559 4 2 2 4 689 1237 716 736
3560 4 2 2 4 1220 1183 1262 1188
3561 4 2 2 4 116 654 504 787
3562 4 2 2 4 1189 1224 1210 1188
3563 4 2 2 4 1243 108 681 746
3564 4 2 2 4 666 637 497 1277
3565 4 2 2 4 672 1276 1181 644
3566 4 2 2 4 738 764 1277 779
3567 4 2 2 4 1187 1220 1223 1175
3568 4 2 2 4 753 751 752 1234
3569 4 2 2 4 747 1183 1188 1262
3570 4 2 2 4 747 749 748 1183
3571 4 2 2 4 501 134 781 135
3572 4 2 2 4 769 501 781 135
3573 4 2 2 4 134 744 631 781
3574 4 2 2 4 758 747 1188 1262
3575 4 2 2 4 683 579 504 1188
3576 4 2 2 4 1269 1182 757 1274
3577 4 2 2 4 755 752 1262 1234
3578 4 2 2 4 773 6 115 680
3579 4 2 2 4 105 106 508 695
3580 4 2 2 4 1173 1216 1214 1172
3581 4 2 2 4 1215 518 1190 1208
3582 4 2 2 4 608 524 1189 521
3583 4 2 2 4 1231 553 563 552
3584 4 2 2 4 1174 1185 1216 565
3585 4 2 2 4 1162 1167 1196 1221
3586 4 2 2 4 494 1250 625 1257
3587 4 2 2 4 518 519 1208 517
3588 4 2 2 4 718 694 1249 715
3589 4 2 2 4 634 729 1260 1252
3590 4 2 2 4 1226 524 525 1205
3591 4 2 2 4 1265 659 605 1273
3592 4 2 2 4 1231 553 1225 563
3593 4 2 2 4 586 1216 561 583
3594 4 2 2 4 747 1243 1188 1183
3595 4 2 2 4 656 643 1236 1243
3596 4 2 2 4 582 1173 675 583
3597 4 2 2 4 656 1243 1236 109
3598 4 2 2 4 1182 585 1273 605
3599 4 2 2 4 634 676 572 1252
3600 4 2 2 4 544 1212 541 1168
3601 4 2 2 4 529 1200 528 1198
3602 4 2 2 4 1235 1237 1179 1172
3603 4 2 2 4 1199 1204 1221 1228
3604 4 2 2 4 1207 602 530 1200
3605 4 2 2 4 1235 503 1175 111
3606 4 2 2 4 1227 1176 567 651
3607 4 2 2 4 533 531 1200 532
3608 4 2 2 4 568 533 599 1207
3609 4 2 2 4 599 1213 1209 1207
3610 4 2 2 4 599 533 1213 1207
3611 4 2 2 4 771 782 1275 1266
3612 4 2 2 4 756 778 770 1266
3613 4 2 2 4 1204 1246 1221 1179
3614 4 2 2 4 1226 1207 1228 1200
3615 4 2 2 4 514 1237 647 1179
3616 4 2 2 4 555 1174 556 1217
3617 4 2 2 4 540 1233 541 539
3618 4 2 2 4 546 545 1212 543
3619 4 2 2 4 1240 1233 1163 1168
3620 4 2 2 4 1265 1182 1273 605
3621 4 2 2 4 1162 1240 1163 1168
3622 4 2 2 4 1268 756 770 1206
3623 4 2 2 4 595 542 1212 1229
3624 4 2 2 4 1193 1222 1212 1203
3625 4 2 2 4 663 491 657 1240
3626 4 2 2 4 1233 540 541 1168
3627 4 2 2 4 1240 733 710 1163
3628 4 2 2 4 676 1252 1198 572
3629 4 2 2 4 1215 518 517 516
3630 4 2 2 4 1250 494 721 1257
3631 4 2 2 4 88 507 694 732
3632 4 2 2 4 1199 1204 1196 1221
3633 4 2 2 4 1261 591 1259 493
3634 4 2 2 4 1197 1205 1198 528
3635 4 2 2 4 734 639 677 1259
3636 4 2 2 4 535 1213 537 538
3637 4 2 2 4 1197 528 1198 572
3638 4 2 2 4 1259 711 1260 693
3639 4 2 2 4 598 1229 638 1277
3640 4 2 2 4 541 540 658 1168
3641 4 2 2 4 630 500 1272 132
3642 4 2 2 4 777 744 1270 763
3643 4 2 2 4 1272 776 774 763
3644 4 2 2 4 722 1259 1260 693
3645 4 2 2 4 711 722 1260 693
3646 4 2 2 4 590 657 1168 658
3647 4 2 2 4 589 610 594 1255
3648 4 2 2 4 1266 635 1275 649
3649 4 2 2 4 1231 551 552 550
3650 4 2 2 4 551 1231 1203 550
3651 4 2 2 4 635 686 1275 649
3652 4 2 2 4 707 1246 708 702
3653 4 2 2 4 610 496 671 1201
3654 4 2 2 4 1237 114 679 512
3655 4 2 2 4 1237 1171 1169 653
3656 4 2 2 4 621 767 504 1188
3657 4 2 2 4 1207 1266 1275 649
3658 4 2 2 4 1215 1190 1219 1208
3659 4 2 2 4 686 1207 1275 649
3660 4 2 2 4 553 619 1225 563
3661 4 2 2 4 117 767 787 504
3662 4 2 2 4 1220 1187 1239 1175
3663 4 2 2 4 652 1191 1280 613
3664 4 2 2 4 696 1248 691 697
3665 4 2 2 4 687 652 1280 613
3666 4 2 2 4 679 114 717 5
3667 4 2 2 4 687 613 1280 581
3668 4 2 2 4 627 1248 1241 691
3669 4 2 2 4 1231 646 563 1241
3670 4 2 2 4 114 689 717 5
3671 4 2 2 4 502 1235 111 112
3672 4 2 2 4 619 628 1225 563
3673 4 2 2 4 696 1248 495 627
3674 4 2 2 4 1202 1231 550 1203
3675 4 2 2 4 1235 502 111 615
3676 4 2 2 4 1258 1204 1197 1179
3677 4 2 2 4 1215 1227 515 517
3678 4 2 2 4 1202 1201 594 671
3679 4 2 2 4 593 547 1203 550
3680 4 2 2 4 755 766 1274 757
3681 4 2 2 4 533 1213 1207 1200
3682 4 2 2 4 571 529 528 1198
3683 4 2 2 4 1172 1179 1228 1221
3684 4 2 2 4 1231 1202 550 574
3685 4 2 2 4 1274 786 1273 741
3686 4 2 2 4 1213 1209 1207 1200
3687 4 2 2 4 725 491 96 95
3688 4 2 2 4 528 571 1198 572
3689 4 2 2 4 571 676 1198 572
3690 4 2 2 4 540 1233 600 657
3691 4 2 2 4 120 659 768 1273
3692 4 2 2 4 1233 663 600 657
3693 4 2 2 4 1205 1197 526 528
3694 4 2 2 4 786 120 768 1273
3695 4 2 2 4 1197 604 526 528
3696 4 2 2 4 566 1192 548 549
3697 4 2 2 4 566 612 613 1192
3698 4 2 2 4 1174 1185 556 1217
3699 4 2 2 4 1222 1165 1217 1218
3700 4 2 2 4 103 696 104 495
3701 4 2 2 4 546 547 548 1203
3702 4 2 2 4 1192 546 548 1203
3703 4 2 2 4 1173 1174 1216 561
3704 4 2 2 4 1173 558 1174 561
3705 4 2 2 4 557 564 1185 1174
3706 4 2 2 4 1173 575 558 561
3707 4 2 2 4 494 624 1257 625
3708 4 2 2 4 698 1254 691 719
3709 4 2 2 4 1276 672 501 644
3710 4 2 2 4 1254 698 691 1248
3711 4 2 2 4 1248 698 691 697
3712 4 2 2 4 1207 1226 602 1200
3713 4 2 2 4 532 531 1200 530
3714 4 2 2 4 1278 756 1264 1206
3715 4 2 2 4 1182 1265 1273 1274
3716 4 2 2 4 1265 498 782 635
3717 4 2 2 4 1269 1182 1234 757
3718 4 2 2 4 94 639 677 734
3719 4 2 2 4 604 1197 662 572
3720 4 2 2 4 1207 580 532 530
3721 4 2 2 4 1207 532 1200 530
3722 4 2 2 4 529 571 603 1198
3723 4 2 2 4 678 99 735 98
3724 4 2 2 4 534 531 603 1200
3725 4 2 2 4 652 784 129 492
3726 4 2 2 4 534 1200 603 1198
3727 4 2 2 4 1237 512 653 640
3728 4 2 2 4 692 610 735 1255
3729 4 2 2 4 610 678 735 1255
3730 4 2 2 4 1258 1253 1249 715
3731 4 2 2 4 610 99 692 735
3732 4 2 2 4 733 711 1259 693
3733 4 2 2 4 1261 1259 1260 493
3734 4 2 2 4 606 604 1197 625
3735 4 2 2 4 1179 1178 647 1249
3736 4 2 2 4 742 498 121 122
3737 4 2 2 4 610 678 99 735
3738 4 2 2 4 586 1216 583 618
3739 4 2 2 4 580 1207 602 530
3740 4 2 2 4 709 1162 704 701
3741 4 2 2 4 1238 1162 1196 1221
3742 4 2 2 4 574 1202 594 671
3743 4 2 2 4 549 551 1203 550
3744 4 2 2 4 731 727 1201 692
3745 4 2 2 4 731 1254 1201 727
3746 4 2 2 4 1240 725 96 688
3747 4 2 2 4 590 505 1240 660
3748 4 2 2 4 491 725 96 1240
3749 4 2 2 4 1216 1173 640 1172
3750 4 2 2 4 703 1245 1196 704
3751 4 2 2 4 500 630 1272 668
3752 4 2 2 4 1242 500 668 611
3753 4 2 2 4 1195 1173 1225 1217
3754 4 2 2 4 1162 701 1238 704
3755 4 2 2 4 612 500 1242 611
3756 4 2 2 4 694 718 609 87
3757 4 2 2 4 1165 1231 1203 1217
3758 4 2 2 4 112 1237 113 514
3759 4 2 2 4 755 1269 757 1274
3760 4 2 2 4 1173 1237 640 1172
3761 4 2 2 4 1176 1197 1257 625
3762 4 2 2 4 1173 1169 582 675
3763 4 2 2 4 1243 747 746 739
3764 4 2 2 4 514 1237 113 655
3765 4 2 2 4 665 1176 1257 625
3766 4 2 2 4 1255 678 735 726
3767 4 2 2 4 1244 1201 713 1255
3768 4 2 2 4 1176 665 607 625
3769 4 2 2 4 1227 626 607 651
3770 4 2 2 4 1197 604 662 625
3771 4 2 2 4 587 642 1223 614
3772 4 2 2 4 1201 700 1244 713
3773 4 2 2 4 727 700 1201 713
3774 4 2 2 4 1162 1240 710 1163
3775 4 2 2 4 703 1246 1196 1253
3776 4 2 2 4 1167 1162 1196 1163
3777 4 2 2 4 688 1240 724 726
3778 4 2 2 4 1245 1163 704 710
3779 4 2 2 4 667 623 1169 495
3780 4 2 2 4 679 717 107 5
3781 4 2 2 4 707 705 1246 702
3782 4 2 2 4 1243 773 746 747
3783 4 2 2 4 639 725 734 95
3784 4 2 2 4 94 639 734 95
3785 4 2 2 4 740 130 131 684
3786 4 2 2 4 621 1274 670 499
3787 4 2 2 4 1243 1190 616 1188
3788 4 2 2 4 1274 766 741 757
3789 4 2 2 4 116 654 787 745
3790 4 2 2 4 755 1234 1262 757
3791 4 2 2 4 579 621 504 1188
3792 4 2 2 4 740 652 684 1191
3793 4 2 2 4 652 612 684 1191
3794 4 2 2 4 778 771 770 1266
3795 4 2 2 4 771 1266 1275 770
3796 4 2 2 4 1191 740 1242 684
3797 4 2 2 4 612 1191 1242 684
3798 4 2 2 4 1274 621 767 741
3799 4 2 2 4 1234 1188 1262 757
3800 4 2 2 4 662 1250 1177 625
3801 4 2 2 4 786 766 741 1274
3802 4 2 2 4 758 1188 757 1262
3803 4 2 2 4 742 1265 768 659
3804 4 2 2 4 1265 742 765 778
3805 4 2 2 4 1269 1265 1274 765
3806 4 2 2 4 584 670 1273 499
3807 4 2 2 4 1278 1265 765 778
3808 4 2 2 4 1237 1173 1169 1172
3809 4 2 2 4 1222 1218 1217 1193
3810 4 2 2 4 610 692 1201 1255
3811 4 2 2 4 678 98 735 726
3812 4 2 2 4 698 1254 719 727
3813 4 2 2 4 110 1236 1239 1190
3814 4 2 2 4 722 92 493 93
3815 4 2 2 4 763 1180 759 774
3816 4 2 2 4 699 1248 1170 708
3817 4 2 2 4 646 1231 574 1241
3818 4 2 2 4 1202 1231 1165 1195
3819 4 2 2 4 102 629 691 627
3820 4 2 2 4 1169 1171 1221 1170
3821 4 2 2 4 696 623 104 495
3822 4 2 2 4 1197 1205 1208 1228
3823 4 2 2 4 602 1226 1205 1200
3824 4 2 2 4 1213 1211 1209 1200
3825 4 2 2 4 1207 533 1200 532
3826 4 2 2 4 1218 1194 1193 1228
3827 4 2 2 4 1189 1226 1210 1228
3828 4 2 2 4 554 576 592 1186
3829 4 2 2 4 1173 1174 1214 1216
3830 4 2 2 4 1220 1185 1216 1214
3831 4 2 2 4 1173 1169 1221 1170
3832 4 2 2 4 565 587 642 1223
3833 4 2 2 4 1169 623 695 723
3834 4 2 2 4 105 623 695 508
3835 4 2 2 4 623 105 695 723
3836 4 2 2 4 524 1226 1189 1208
3837 4 2 2 4 1197 662 1177 625
3838 4 2 2 4 1172 1214 1228 1219
3839 4 2 2 4 520 518 519 1208
3840 4 2 2 4 703 1245 704 712
3841 4 2 2 4 1167 1199 1196 1221
3842 4 2 2 4 1258 706 1253 715
3843 4 2 2 4 752 758 757 1262
3844 4 2 2 4 694 728 1249 715
3845 4 2 2 4 705 716 1178 1253
3846 4 2 2 4 1248 1169 1170 708
3847 4 2 2 4 92 634 729 493
3848 4 2 2 4 1204 1246 1196 1221
3849 4 2 2 4 719 496 1241 629
3850 4 2 2 4 1242 1192 592 1186
3851 4 2 2 4 1238 699 1246 702
3852 4 2 2 4 711 1245 1260 714
3853 4 2 2 4 714 1252 1251 1260
3854 4 2 2 4 722 1259 493 1260
3855 4 2 2 4 1261 1163 1260 1259
3856 4 2 2 4 755 753 1234 1264
3857 4 2 2 4 705 1178 1246 1253
3858 4 2 2 4 577 672 1272 1270
3859 4 2 2 4 777 750 1271 748
3860 4 2 2 4 1276 769 1271 620
3861 4 2 2 4 1276 777 1271 769
3862 4 2 2 4 1202 1231 1203 1165
3863 4 2 2 4 1234 1210 1206 1264
3864 4 2 2 4 654 745 616 1188
3865 4 2 2 4 1246 1238 1196 1221
3866 4 2 2 4 1237 653 737 730
3867 4 2 2 4 722 92 729 493
3868 4 2 2 4 734 94 693 677
3869 4 2 2 4 1171 707 730 717
3870 4 2 2 4 1237 1171 730 717
3871 4 2 2 4 1198 622 603 570
3872 4 2 2 4 1171 1237 707 717
3873 4 2 2 4 1258 706 715 728
3874 4 2 2 4 780 654 504 1188
3875 4 2 2 4 764 1267 738 1277
3876 4 2 2 4 542 597 1229 596
3877 4 2 2 4 666 1267 598 1277
3878 4 2 2 4 771 782 1266 778
3879 4 2 2 4 681 108 6 746
3880 4 2 2 4 137 681 746 739
3881 4 2 2 4 749 1183 750 748
3882 4 2 2 4 685 1276 1181 1271
3883 4 2 2 4 513 620 1271 739
3884 4 2 2 4 569 564 1185 644
3885 4 2 2 4 136 769 620 739
3886 4 2 2 4 513 136 620 739
3887 4 2 2 4 1216 586 565 587
3888 4 2 2 4 617 1216 640 1172
3889 4 2 2 4 653 1237 737 717
3890 4 2 2 4 679 1237 512 653
3891 4 2 2 4 1169 1237 653 675
3892 4 2 2 4 586 1216 618 587
3893 4 2 2 4 659 585 605 1273
3894 4 2 2 4 525 1205 523 526
3895 4 2 2 4 681 1243 746 739
3896 4 2 2 4 1180 1184 1263 759
3897 4 2 2 4 749 1263 750 1183
3898 4 2 2 4 777 1276 781 769
3899 4 2 2 4 777 744 781 1276
3900 4 2 2 4 1205 606 523 526
3901 4 2 2 4 654 683 504 1188
3902 4 2 2 4 525 527 1205 526
3903 4 2 2 4 533 535 1213 534
3904 4 2 2 4 527 602 1205 1200
3905 4 2 2 4 117 621 767 504
3906 4 2 2 4 1261 622 1198 570
3907 4 2 2 4 529 531 530 1200
3908 4 2 2 4 685 513 620 1271
3909 4 2 2 4 767 780 504 1188
3910 4 2 2 4 694 507 1249 1257
3911 4 2 2 4 557 1174 1185 556
3912 4 2 2 4 557 555 1174 556
3913 4 2 2 4 776 1272 785 763
3914 4 2 2 4 665 1176 607 651
3915 4 2 2 4 1176 1258 1197 1179
3916 4 2 2 4 1176 1227 1219 1208
3917 4 2 2 4 701 703 1196 704
3918 4 2 2 4 1185 1174 1214 1217
3919 4 2 2 4 626 1227 517 567
3920 4 2 2 4 626 1227 519 517
3921 4 2 2 4 1167 1222 1221 1165
3922 4 2 2 4 784 743 1279 783
3923 4 2 2 4 1222 1211 1199 1228
3924 4 2 2 4 738 1277 497 779
3925 4 2 2 4 547 549 1203 550
3926 4 2 2 4 731 1254 496 1201
3927 4 2 2 4 1240 688 724 710
3928 4 2 2 4 1165 1222 1217 1203
3929 4 2 2 4 1162 709 1244 701
3930 4 2 2 4 538 1213 537 1232
3931 4 2 2 4 1212 542 541 539
3932 4 2 2 4 772 126 1230 779
3933 4 2 2 4 760 775 1279 783
3934 4 2 2 4 775 784 1279 783
3935 4 2 2 4 1213 1233 537 1232
3936 4 2 2 4 1191 1192 1166 1280
3937 4 2 2 4 549 551 592 1203
3938 4 2 2 4 500 740 776 131
3939 4 2 2 4 544 560 545 1168
3940 4 2 2 4 1245 714 1251 1260
3941 4 2 2 4 1259 591 677 493
3942 4 2 2 4 90 690 91 633
3943 4 2 2 4 1167 1202 1168 1203
3944 4 2 2 4 1250 494 625 662
3945 4 2 2 4 720 1252 1251 714
3946 4 2 2 4 604 606 1197 526
3947 4 2 2 4 544 545 1212 1168
3948 4 2 2 4 527 1205 526 528
3949 4 2 2 4 1222 1203 1168 1212
3950 4 2 2 4 1276 685 620 1271
3951 4 2 2 4 672 601 644 1185
3952 4 2 2 4 601 564 644 1185
3953 4 2 2 4 1222 1167 1168 1203
3954 4 2 2 4 1237 114 512 113
3955 4 2 2 4 545 1203 1212 1168
3956 4 2 2 4 736 689 673 85
3957 4 2 2 4 545 1202 1203 1168
3958 4 2 2 4 524 523 1208 521
3959 4 2 2 4 520 1189 1208 521
3960 4 2 2 4 617 1237 512 113
3961 4 2 2 4 521 522 1208 519
3962 4 2 2 4 114 1237 655 113
3963 4 2 2 4 518 520 1189 1208
3964 4 2 2 4 1267 641 497 666
3965 4 2 2 4 522 1227 1208 519
3966 4 2 2 4 1215 1227 517 1208
3967 4 2 2 4 1266 635 649 682
3968 4 2 2 4 519 1227 1208 517
3969 4 2 2 4 1261 591 622 570
3970 4 2 2 4 752 755 1262 757
3971 4 2 2 4 93 722 677 493
3972 4 2 2 4 733 734 693 1259
3973 4 2 2 4 1267 1277 1268 1229
3974 4 2 2 4 595 1212 546 1281
3975 4 2 2 4 1229 1212 595 1281
3976 4 2 2 4 546 1212 1192 1281
3977 4 2 2 4 1192 581 546 1280
3978 4 2 2 4 581 595 546 1280
3979 4 2 2 4 595 596 1229 1282
3980 4 2 2 4 645 596 595 1282
3981 4 2 2 4 645 595 1280 1282
3982 4 2 2 4 645 669 596 1283
3983 4 2 2 4 632 669 645 1283
3984 4 2 2 4 632 743 1230 1279
3985 4 2 2 4 632 1280 1279 1282
3986 4 2 2 4 645 1280 632 1282
3987 4 2 2 4 1230 1277 638 1229
3988 4 2 2 4 761 772 743 1230
3989 4 2 2 4 1180 1184 759 1284
3990 4 2 2 4 754 760 759 1285
3991 4 2 2 4 761 760 754 1285
3992 4 2 2 4 762 761 754 1268
3993 4 2 2 4 754 1264 1268 1286
3994 4 2 2 4 1184 1264 754 1286
3995 4 2 2 4 1194 1184 1166 1286
3996 4 2 2 4 1191 1280 1166 1289
3997 4 2 2 4 1184 1180 1166 1284
3998 4 2 2 4 1180 1191 1166 1284
3999 4 2 2 4 1194 1166 1193 1286
4000 4 2 2 4 1193 1280 1192 1282
4001 4 2 2 4 1212 1193 1192 1229
4002 4 2 2 4 1268 1277 1230 1229
4003 4 2 2 4 546 1192 1280 1281
4004 4 2 2 4 546 1280 595 1281
4005 4 2 2 4 1230 632 1279 1282
4006 4 2 2 4 1192 1229 1193 1282
4007 4 2 2 4 1192 1212 1229 1281
4008 4 2 2 4 1230 1279 1288 1282
4009 4 2 2 4 595 1229 1281 1282
4010 4 2 2 4 1280 1282 595 1281
4011 4 2 2 4 1166 1191 1289 1284
4012 4 2 2 4 1280 1192 1282 1281
4013 4 2 2 4 760 761 1288 1287
4014 4 2 2 4 1192 1229 1282 1281
4015 4 2 2 4 1279 1280 1288 1282
4016 4 2 2 4 760 761 1287 1285
4017 4 2 2 4 1289 1284 1191 1290
4018 4 2 2 4 779 1230 764 1277
4019 4 2 2 4 779 764 1230 772
4020 4 2 2 4 1183 1236 1271 1243
4021 4 2 2 4 1171 1221 1179 1172
4022 4 2 2 4 1179 1221 1171 1246
4023 4 2 2 4 1249 1179 1258 1176
4024 4 2 2 4 1269 1264 1206 1278
4025 4 2 2 4 1206 1264 1269 1234
4026 4 2 2 4 1206 1210 1269 1278
4027 4 2 2 4 1269 1210 1206 1234
4028 4 2 2 4 787 654 780 745
4029 4 2 2 4 787 780 654 504
4030 4 2 2 4 1177 572 1198 1252
4031 4 2 2 4 1177 1198 572 1197
4032 4 2 2 4 1182 1210 1278 1269
4033 4 2 2 4 1213 1232 1222 1212
4034 4 2 2 4 1213 1233 1222 1211
4035 4 2 2 4 1222 1233 1213 1212
4036 4 2 2 4 1211 1233 1198 1213
4037 4 2 2 4 1198 1233 1211 1199
4038 4 2 2 4 1255 594 1202 1201
4039 4 2 2 4 1255 1202 594 589
4040 4 2 2 4 1247 1202 1170 1201
4041 4 2 2 4 1241 1170 1202 1201
4042 4 2 2 4 1241 1202 1170 1195
4043 4 2 2 4 1168 1199 1222 1233
4044 4 2 2 4 1168 1222 1199 1167
4045 4 2 2 4 1187 685 1236 643
4046 4 2 2 4 1187 1236 685 1271
4047 4 2 2 4 1236 685 1243 643
4048 4 2 2 4 1236 1243 685 1271
4049 4 2 2 4 1243 685 513 643
4050 4 2 2 4 1243 513 685 1271
4051 4 2 2 4 1249 665 1176 1257
4052 4 2 2 4 1249 1176 665 651
4053 4 2 2 4 1199 1196 1251 1245
4054 4 2 2 4 1199 1251 1196 1204
4055 4 2 2 4 1236 1223 643 509
4056 4 2 2 4 1236 643 1223 1187
4057 4 2 2 4 736 673 655 511
4058 4 2 2 4 1179 1249 674 1176
4059 4 2 2 4 674 1249 1179 647
4060 4 2 2 4 674 567 1179 1176
4061 4 2 2 4 1179 567 674 647
4062 4 2 2 4 1241 1170 1225 1195
4063 4 2 2 4 1241 1225 1170 1248
4064 4 2 2 4 1173 1225 1170 1195
4065 4 2 2 4 1173 1170 1225 1248
4066 4 2 2 4 1173 1248 628 1169
4067 4 2 2 4 628 1248 1173 1225
4068 4 2 2 4 1280 492 652 687
4069 4 2 2 4 1280 652 492 1279
4070 4 2 2 4 1208 1197 606 1205
4071 4 2 2 4 1208 606 1197 1227
4072 4 2 2 4 670 1273 1189 584
4073 4 2 2 4 670 1189 1273 1274
4074 4 2 2 4 1266 682 1207 1265
4075 4 2 2 4 1207 682 1266 649
4076 4 2 2 4 1209 1213 1193 1211
4077 4 2 2 4 1209 1193 1213 1232
4078 4 2 2 4 1222 1193 1213 1211
4079 4 2 2 4 1222 1213 1193 1232
4080 4 2 2 4 609 651 1249 507
4081 4 2 2 4 609 1249 651 674
4082 4 2 2 4 1275 123 635 782
4083 4 2 2 4 1275 635 123 636
4084 4 2 2 4 1263 1220 1184 1194
4085 4 2 2 4 1263 1184 1220 1183
4086 4 2 2 4 1262 1184 1220 1194
4087 4 2 2 4 1262 1220 1184 1183
4088 4 2 2 4 120 585 1273 664
4089 4 2 2 4 120 1273 585 659
4090 4 2 2 4 1170 1221 1202 1247
4091 4 2 2 4 1170 1202 1221 1195
4092 4 2 2 4 618 1175 587 1216
4093 4 2 2 4 618 587 1175 503
4094 4 2 2 4 1182 1207 1210 1226
4095 4 2 2 4 1210 1207 1182 1278
4096 4 2 2 4 1193 1212 1232 1229
4097 4 2 2 4 1193 1232 1212 1222
4098 4 2 2 4 1258 1197 1257 1176
4099 4 2 2 4 1175 1172 1219 1214
4100 4 2 2 4 1187 1236 1224 1190
4101 4 2 2 4 1224 1187 1239 1220
4102 4 2 2 4 1239 1187 1224 1190
4103 4 2 2 4 1224 1239 1219 1220
4104 4 2 2 4 1219 1239 1224 1190
4105 4 2 2 4 699 1170 698 1247
4106 4 2 2 4 699 698 1170 1248
4107 4 2 2 4 1254 698 1170 1247
4108 4 2 2 4 1254 1170 698 1248
4109 4 2 2 4 1245 1199 1260 1198
4110 4 2 2 4 1245 1260 1199 1163
4111 4 2 2 4 1261 1260 1199 1198
4112 4 2 2 4 1261 1199 1260 1163
4113 4 2 2 4 672 1185 577 601
4114 4 2 2 4 1185 1270 672 577
4115 4 2 2 4 672 1270 1185 1181
4116 4 2 2 4 1256 1197 1257 1258
4117 4 2 2 4 1257 1197 1256 1177
4118 4 2 2 4 554 555 1225 553
4119 4 2 2 4 1225 555 554 1217
4120 4 2 2 4 1225 1231 554 553
4121 4 2 2 4 554 1231 1225 1217
4122 4 2 2 4 1207 1182 605 1226
4123 4 2 2 4 1207 605 1182 1265
4124 4 2 2 4 589 588 1168 560
4125 4 2 2 4 1168 588 589 1255
4126 4 2 2 4 1168 1202 589 560
4127 4 2 2 4 589 1202 1168 1255
4128 4 2 2 4 622 1260 1198 676
4129 4 2 2 4 622 1198 1260 1261
4130 4 2 2 4 1220 1175 1219 1214
4131 4 2 2 4 1219 1175 1220 1239
4132 4 2 2 4 711 1259 1163 733
4133 4 2 2 4 1163 1259 711 1260
4134 4 2 2 4 1196 706 712 703
4135 4 2 2 4 1175 1220 1216 1214
4136 4 2 2 4 1175 1216 1220 1223
4137 4 2 2 4 109 1190 110 510
4138 4 2 2 4 109 110 1190 1236
4139 4 2 2 4 1178 1253 1204 1196
4140 4 2 2 4 1178 1246 1204 1179
4141 4 2 2 4 1204 1246 1178 1196
4142 4 2 2 4 1178 1237 736 716
4143 4 2 2 4 745 616 680 654
4144 4 2 2 4 745 680 616 1243
4145 4 2 2 4 1188 1210 1220 1224
4146 4 2 2 4 1188 1220 1210 1262
4147 4 2 2 4 569 1181 1271 685
4148 4 2 2 4 1271 1187 569 685
4149 4 2 2 4 1262 747 749 758
4150 4 2 2 4 1262 749 747 1183
4151 4 2 2 4 582 508 1169 623
4152 4 2 2 4 1169 508 582 675
4153 4 2 2 4 1215 1179 1172 1235
4154 4 2 2 4 1172 1179 1215 1219
4155 4 2 2 4 1172 1175 1215 1235
4156 4 2 2 4 1215 1175 1172 1219
4157 4 2 2 4 1219 1176 1215 1227
4158 4 2 2 4 1219 1215 1176 1179
4159 4 2 2 4 1215 1176 515 1227
4160 4 2 2 4 1215 515 1176 1179
4161 4 2 2 4 515 1176 567 1227
4162 4 2 2 4 515 567 1176 1179
4163 4 2 2 4 1209 568 1275 641
4164 4 2 2 4 1209 1275 568 1207
4165 4 2 2 4 1266 1209 1278 1207
4166 4 2 2 4 1266 1278 1209 1206
4167 4 2 2 4 1177 1251 1204 1196
4168 4 2 2 4 1177 1256 1204 1197
4169 4 2 2 4 1204 1256 1177 1196
4170 4 2 2 4 1257 1177 625 1197
4171 4 2 2 4 1257 625 1177 1250
4172 4 2 2 4 1259 591 573 639
4173 4 2 2 4 573 591 1259 1261
4174 4 2 2 4 573 663 1259 639
4175 4 2 2 4 1259 663 573 1261
4176 4 2 2 4 1206 1193 1210 1209
4177 4 2 2 4 652 784 1279 775
4178 4 2 2 4 1279 784 652 492
4179 4 2 2 4 605 1182 562 1226
4180 4 2 2 4 605 562 1182 585
4181 4 2 2 4 786 1274 768 766
4182 4 2 2 4 768 1274 786 1273
4183 4 2 2 4 1206 1267 1229 1209
4184 4 2 2 4 1229 1267 1206 1268
4185 4 2 2 4 1229 1193 1206 1209
4186 4 2 2 4 1206 1193 1229 1268
4187 4 2 2 4 503 1235 617 112
4188 4 2 2 4 503 617 1235 1175
4189 4 2 2 4 1188 621 1274 1189
4190 4 2 2 4 1188 1274 621 767
4191 4 2 2 4 653 717 107 679
4192 4 2 2 4 107 717 653 737
4193 4 2 2 4 695 653 106 508
4194 4 2 2 4 695 106 653 737
4195 4 2 2 4 1242 1270 577 1272
4196 4 2 2 4 577 1270 1242 1185
4197 4 2 2 4 1251 706 1196 1256
4198 4 2 2 4 1251 1196 706 712
4199 4 2 2 4 625 1197 607 1176
4200 4 2 2 4 625 607 1197 606
4201 4 2 2 4 1227 607 1197 1176
4202 4 2 2 4 1227 1197 607 606
4203 4 2 2 4 493 729 1260 634
4204 4 2 2 4 493 1260 729 722
4205 4 2 2 4 1178 511 647 1249
4206 4 2 2 4 1178 647 511 655
4207 4 2 2 4 773 746 680 1243
4208 4 2 2 4 773 680 746 6
4209 4 2 2 4 108 680 746 1243
4210 4 2 2 4 108 746 680 6
4211 4 2 2 4 1187 569 1181 1271
4212 4 2 2 4 1181 1220 1187 1271
4213 4 2 2 4 1244 1202 1162 1167
4214 4 2 2 4 1244 1162 1202 1201
4215 4 2 2 4 1255 1162 1202 1167
4216 4 2 2 4 1255 1202 1162 1201
4217 4 2 2 4 1284 1180 774 759
4218 4 2 2 4 1284 774 1180 1191
4219 4 2 2 4 760 1284 774 759
4220 4 2 2 4 760 774 1284 1191
4221 4 2 2 4 1193 1286 1210 1194
4222 4 2 2 4 1184 1210 1286 1194
4223 4 2 2 4 1184 1286 1210 1264
4224 4 2 2 4 632 1283 506 669
4225 4 2 2 4 506 1283 632 1230
4226 4 2 2 4 1283 638 506 669
4227 4 2 2 4 506 638 1283 1230
4228 4 2 2 4 1283 596 638 669
4229 4 2 2 4 1282 1166 1193 1280
4230 4 2 2 4 1289 1166 1282 1280
4231 4 2 2 4 1286 1210 1206 1193
4232 4 2 2 4 1206 1210 1286 1264
4233 4 2 2 4 1206 1268 1286 1193
4234 4 2 2 4 1286 1268 1206 1264
4235 4 2 2 4 1288 1230 743 1279
4236 4 2 2 4 1288 743 1230 761
4237 4 2 2 4 783 1288 743 1279
4238 4 2 2 4 783 743 1288 761
4239 4 2 2 4 760 1288 783 1279
4240 4 2 2 4 760 783 1288 761
4241 4 2 2 4 1283 645 1282 596
4242 4 2 2 4 1229 1283 1282 596
4243 4 2 2 4 1229 1282 1283 1230
4244 4 2 2 4 638 1283 1229 596
4245 4 2 2 4 638 1229 1283 1230
4246 4 2 2 4 1283 632 1282 645
4247 4 2 2 4 1282 632 1283 1230
4248 4 2 2 4 759 1285 1184 754
4249 4 2 2 4 1184 1285 759 1284
4250 4 2 2 4 1285 1286 1184 754
4251 4 2 2 4 1285 1268 1286 754
4252 4 2 2 4 1288 760 1191 1279
4253 4 2 2 4 1288 1191 1280 1279
4254 4 2 2 4 1282 1289 1193 1166
4255 4 2 2 4 1286 1193 1289 1166
4256 4 2 2 4 1286 1289 1193 1268
4257 4 2 2 4 1193 1289 1229 1268
4258 4 2 2 4 1193 1229 1289 1282
4259 4 2 2 4 1282 1289 1268 1229
4260 4 2 2 4 1268 1230 1282 1229
4261 4 2 2 4 1285 761 1268 754
4262 4 2 2 4 1285 1268 761 1287
4263 4 2 2 4 760 1285 1284 759
4264 4 2 2 4 760 1284 1285 1287
4265 4 2 2 4 1289 1286 1285 1268
4266 4 2 2 4 1287 1289 1285 1268
4267 4 2 2 4 1287 1285 1289 1284
4268 4 2 2 4 1290 1289 1287 1268
4269 4 2 2 4 1290 1287 1289 1284
4270 4 2 2 4 1289 1166 1285 1286
4271 4 2 2 4 1289 1285 1166 1284
4272 4 2 2 4 1184 1285 1166 1286
4273 4 2 2 4 1184 1166 1285 1284
4274 4 2 2 4 1287 1290 761 1288
4275 4 2 2 4 1287 761 1290 1268
4276 4 2 2 4 1290 1282 1289 1268
4277 4 2 2 4 1230 1290 1282 1288
4278 4 2 2 4 1230 1282 1290 1268
4279 4 2 2 4 761 1290 1230 1288
4280 4 2 2 4 761 1230 1290 1268
4281 4 2 2 4 1290 1284 1288 1287
4282 4 2 2 4 1290 1288 1284 1191
4283 4 2 2 4 760 1288 1284 1287
4284 4 2 2 4 760 1284 1288 1191
4285 4 2 2 4 1290 1282 1280 1289
4286 4 2 2 4 1280 1282 1290 1288
4287 4 2 2 4 1280 1191 1290 1289
4288 4 2 2 4 1290 1191 1280 1288
4289 4 2 2 4 1220 1223 569 1187
4290 4 2 2 4 569 1223 1220 1185
4291 4 2 2 4 569 1181 1220 1187
4292 4 2 2 4 1220 1181 569 1185
4293 4 2 2 4 1273 1189 1182 1274
4294 4 2 2 4 1188 1189 1182 1226
4295 4 2 2 4 1188 1182 1189 1274
4296 4 2 2 4 1178 655 736 1237
4297 4 2 2 4 1178 736 655 511
4298 4 2 2 4 1162 704 710 709
4299 4 2 2 4 710 704 1162 1163
4300 4 2 2 4 1271 1263 1220 1183
4301 4 2 2 4 1271 1220 1263 1181
4302 4 2 2 4 1181 1263 750 1270
4303 4 2 2 4 1181 750 1263 1271
4304 4 2 2 4 777 1181 750 1270
4305 4 2 2 4 777 750 1181 1271
4306 4 2 2 4 1276 1181 777 1270
4307 4 2 2 4 1276 777 1181 1271
4308 4 2 2 4 1198 1177 1204 1197
4309 4 2 2 4 1198 1204 1177 1251
4310 4 2 2 4 1232 1212 542 1229
4311 4 2 2 4 542 1212 1232 539
4312 4 2 2 4 542 597 1232 1229
4313 4 2 2 4 1232 597 542 539
4314 4 2 2 4 114 1237 673 655
4315 4 2 2 4 114 673 1237 689
4316 4 2 2 4 736 673 1237 655
4317 4 2 2 4 736 1237 673 689
4318 4 2 2 4 1224 1187 1188 1236
4319 4 2 2 4 1188 1187 1224 1220
4320 4 2 2 4 1187 1183 1188 1236
4321 4 2 2 4 1188 1183 1187 1220
4322 4 2 2 4 1187 1271 1183 1236
4323 4 2 2 4 1183 1271 1187 1220
4324 4 2 2 4 1178 1249 1258 1253
4325 4 2 2 4 1258 1249 1178 1179
4326 4 2 2 4 1258 1204 1178 1253
4327 4 2 2 4 1178 1204 1258 1179
4328 4 2 2 4 1189 1182 584 1273
4329 4 2 2 4 1189 584 1182 1226
4330 4 2 2 4 562 1182 584 1226
4331 4 2 2 4 1182 585 584 1273
4332 4 2 2 4 584 585 1182 562
4333 4 2 3 5 181 180 956 1088
4334 4 2 3 5 910 1334 821 1365
4335 4 2 3 5 1472 834 1368 1600
4336 4 2 3 5 2296 2298 2293 2294
4337 4 2 3 5 1309 2890 2887 2888
4338 4 2 3 5 570 591 622 2387
4339 4 2 3 5 110 2693 2220 2694
4340 4 2 3 5 1644 1918 2399 2224
4341 4 2 3 5 2842 784 2592 2586
4342 4 2 3 5 2859 2842 2748 760
4343 4 2 3 5 1496 874 1497 959
4344 4 2 3 5 2404 2252 1376 1318
4345 4 2 3 5 614 509 110 2220
4346 4 2 3 5 1560 1414 1016 1022
4347 4 2 3 5 2593 2588 2592 128
4348 4 2 3 5 536 2643 535 537
4349 4 2 3 5 2594 128 2580 2592
4350 4 2 3 5 1450 1449 1451 2074
4351 4 2 3 5 1864 2860 2878 2587
4352 4 2 3 5 935 968 1445 936
4353 4 2 3 5 2308 2330 2332 2309
4354 4 2 3 5 2144 2145 2597 2602
4355 4 2 3 5 1938 504 117 2352
4356 4 2 3 5 1729 2324 2328 2154
4357 4 2 3 5 1092 1075 1444 1080
4358 4 2 3 5 2797 2825 2826 1513
4359 4 2 3 5 1890 1879 1941 2597
4360 4 2 3 5 2359 2363 1897 2597
4361 4 2 3 5 1441 1065 1450 2887
4362 4 2 3 5 2368 1799 1801 1987
4363 4 2 3 5 2701 1654 2104 1652
4364 4 2 3 5 1814 1661 890 1813
4365 4 2 3 5 646 2032 2246 2250
4366 4 2 3 5 1777 1512 1772 1784
4367 4 2 3 5 1479 2557 1488 1600
4368 4 2 3 5 2760 2384 1614 1902
4369 4 2 3 5 2892 1075 1057 1080
4370 4 2 3 5 2732 1836 1818 1823
4371 4 2 3 5 1732 1733 2310 2312
4372 4 2 3 5 976 162 1391 163
4373 4 2 3 5 1660 2167 1669 1652
4374 4 2 3 5 2445 2740 1568 2741
4375 4 2 3 5 2516 2571 2570 2515
4376 4 2 3 5 1673 1655 1769 1412
4377 4 2 3 5 2712 2713 1852 2282
4378 4 2 3 5 1293 1495 1348 1440
4379 4 2 3 5 835 1349 832 1392
4380 4 2 3 5 1336 1303 1333 1371
4381 4 2 3 5 1828 1841 2236 1824
4382 4 2 3 5 2096 1442 1304 2889
4383 4 2 3 5 1366 822 1365 821
4384 4 2 3 5 2363 2362 1897 2597
4385 4 2 3 5 837 1472 838 1600
4386 4 2 3 5 1009 1000 1045 1411
4387 4 2 3 5 1478 1962 2576 2006
4388 4 2 3 5 2206 1679 2779 1563
4389 4 2 3 5 580 2069 2716 2646
4390 4 2 3 5 1879 2359 1897 2597
4391 4 2 3 5 878 1753 1388 864
4392 4 2 3 5 2060 560 2405 588
4393 4 2 3 5 537 2643 2640 2767
4394 4 2 3 5 2309 1732 2310 2312
4395 4 2 3 5 1897 2362 1941 2597
4396 4 2 3 5 841 1329 1477 1476
4397 4 2 3 5 1879 1897 1941 2597
4398 4 2 3 5 1342 1894 1893 1488
4399 4 2 3 5 1341 1353 1349 1893
4400 4 2 3 5 808 161 1380 162
4401 4 2 3 5 1342 1341 1893 2077
4402 4 2 3 5 1028 1430 1029 1041
4403 4 2 3 5 2485 2484 2019 2513
4404 4 2 3 5 1841 1825 2236 1824
4405 4 2 3 5 686 2468 2758 2645
4406 4 2 3 5 993 181 1054 182
4407 4 2 3 5 132 630 2430 2413
4408 4 2 3 5 719 691 2529 102
4409 4 2 3 5 2353 116 2356 2355
4410 4 2 3 5 2529 2814 101 2525
4411 4 2 3 5 2865 1901 1943 1899
4412 4 2 3 5 1388 1753 879 1412
4413 4 2 3 5 723 2819 2818 696
4414 4 2 3 5 616 680 2186 108
4415 4 2 3 5 2676 2123 621 670
4416 4 2 3 5 2615 2474 2609 2612
4417 4 2 3 5 2271 1809 2242 2225
4418 4 2 3 5 1793 1881 1531 1877
4419 4 2 3 5 1544 2550 1578 1316
4420 4 2 3 5 1342 2008 1488 1392
4421 4 2 3 5 1083 1089 1459 991
4422 4 2 3 5 713 2823 2678 2813
4423 4 2 3 5 2015 1507 2018 1946
4424 4 2 3 5 1891 2066 2141 1899
4425 4 2 3 5 1723 2035 1724 1954
4426 4 2 3 5 685 1851 644 620
4427 4 2 3 5 1743 2708 2779 2706
4428 4 2 3 5 1479 2557 1963 1488
4429 4 2 3 5 988 977 808 1386
4430 4 2 3 5 1894 1342 2008 1488
4431 4 2 3 5 2701 2106 1762 2736
4432 4 2 3 5 994 1462 1389 1084
4433 4 2 3 5 1355 1353 1887 2609
4434 4 2 3 5 1355 1502 2607 2609
4435 4 2 3 5 2781 736 2796 716
4436 4 2 3 5 122 2604 742 782
4437 4 2 3 5 1825 2177 2236 1824
4438 4 2 3 5 2340 2188 1834 1926
4439 4 2 3 5 1738 2712 2274 1852
4440 4 2 3 5 1081 1094 183 794
4441 4 2 3 5 2177 1819 2236 1824
4442 4 2 3 5 972 873 1661 1813
4443 4 2 3 5 609 87 86 2780
4444 4 2 3 5 111 2691 2220 2693
4445 4 2 3 5 1669 2696 1818 1547
4446 4 2 3 5 2688 2685 1531 2695
4447 4 2 3 5 2037 525 2654 2653
4448 4 2 3 5 723 697 2790 708
4449 4 2 3 5 2205 542 2119 539
4450 4 2 3 5 2310 1420 2334 2332
4451 4 2 3 5 2615 2612 2609 2042
4452 4 2 3 5 2043 2618 2619 2609
4453 4 2 3 5 1988 2452 2453 1530
4454 4 2 3 5 1655 1378 2399 958
4455 4 2 3 5 2555 2007 2047 2510
4456 4 2 3 5 955 143 144 1033
4457 4 2 3 5 1329 845 842 1356
4458 4 2 3 5 2616 1503 2609 1887
4459 4 2 3 5 2099 2098 2515 2121
4460 4 2 3 5 868 2297 986 882
4461 4 2 3 5 702 707 705 2798
4462 4 2 3 5 2786 2787 2788 2217
4463 4 2 3 5 2735 2702 5 85
4464 4 2 3 5 2820 2819 2818 1713
4465 4 2 3 5 2701 1654 1662 2104
4466 4 2 3 5 2654 2037 2650 2036
4467 4 2 3 5 2719 2157 1558 1648
4468 4 2 3 5 1922 1927 1917 2339
4469 4 2 3 5 2550 2027 1544 2548
4470 4 2 3 5 1436 1410 1030 1429
4471 4 2 3 5 1864 1951 2747 2726
4472 4 2 3 5 2379 2380 2806 2799
4473 4 2 3 5 2307 1731 1730 2330
4474 4 2 3 5 2611 1907 1882 2067
4475 4 2 3 5 2158 2720 107 2311
4476 4 2 3 5 1031 1419 1015 1434
4477 4 2 3 5 2201 2690 112 2666
4478 4 2 3 5 658 2202 540 541
4479 4 2 3 5 2805 90 721 2378
4480 4 2 3 5 2607 1484 2608 2609
4481 4 2 3 5 1357 2577 2630 1968
4482 4 2 3 5 1506 1357 2630 1968
4483 4 2 3 5 2713 2285 1724 2283
4484 4 2 3 5 1669 1663 1681 2711
4485 4 2 3 5 1483 1537 1621 1490
4486 4 2 3 5 1506 2634 2630 2486
4487 4 2 3 5 2644 2645 2758 2761
4488 4 2 3 5 1603 1479 1964 1600
4489 4 2 3 5 1850 1693 1862 2258
4490 4 2 3 5 1687 2696 2732 2714
4491 4 2 3 5 2100 2759 2097 2760
4492 4 2 3 5 1647 1705 2774 1664
4493 4 2 3 5 2798 703 706 705
4494 4 2 3 5 1749 1917 1536 1761
4495 4 2 3 5 2221 109 509 110
4496 4 2 3 5 1683 1706 2317 1701
4497 4 2 3 5 2783 2792 710 704
4498 4 2 3 5 1583 2626 2625 2148
4499 4 2 3 5 1938 2352 621 2361
4500 4 2 3 5 1767 1775 1806 1769
4501 4 2 3 5 1411 1009 1030 1429
4502 4 2 3 5 2775 1469 1965 1952
4503 4 2 3 5 1374 811 163 1370
4504 4 2 3 5 582 623 2749 508
4505 4 2 3 5 2275 1814 2240 1336
4506 4 2 3 5 1059 1447 1401 797
4507 4 2 3 5 2452 1497 2453 1530
4508 4 2 3 5 947 790 1403 980
4509 4 2 3 5 1506 1968 2630 2634
4510 4 2 3 5 1432 1292 1530 1569
4511 4 2 3 5 2880 2881 2408 2420
4512 4 2 3 5 2884 857 863 870
4513 4 2 3 5 2401 592 549 551
4514 4 2 3 5 2343 1930 1323 2344
4515 4 2 3 5 1608 1960 1965 2019
4516 4 2 3 5 2395 2364 607 1785
4517 4 2 3 5 1560 1016 1545 1022
4518 4 2 3 5 1819 1820 2231 2236
4519 4 2 3 5 2518 2121 2570 2515
4520 4 2 3 5 1841 1842 1828 1628
4521 4 2 3 5 1398 2085 1337 1827
4522 4 2 3 5 1607 2775 1469 1965
4523 4 2 3 5 2151 2640 2204 2641
4524 4 2 3 5 1629 1944 2279 1723
4525 4 2 3 5 1643 2539 1300 2535
4526 4 2 3 5 1524 2766 2381 2738
4527 4 2 3 5 2512 839 1600 836
4528 4 2 3 5 2511 2049 2510 2514
4529 4 2 3 5 2257 2256 2872 2264
4530 4 2 3 5 2354 2140 1942 1937
4531 4 2 3 5 2203 2202 2487 2204
4532 4 2 3 5 1310 1393 1402 2893
4533 4 2 3 5 2100 2640 2641 2204
4534 4 2 3 5 2487 1505 2204 2482
4535 4 2 3 5 1485 2622 2564 1552
4536 4 2 3 5 494 1982 662 2377
4537 4 2 3 5 2224 2340 1834 1926
4538 4 2 3 5 1944 1723 1854 1724
4539 4 2 3 5 1414 1016 1014 2334
4540 4 2 3 5 674 567 651 2780
4541 4 2 3 5 1540 2497 2153 1546
4542 4 2 3 5 1021 1565 1028 2809
4543 4 2 3 5 1505 2487 2204 1504
4544 4 2 3 5 2782 2379 2806 2799
4545 4 2 3 5 2303 1683 2317 1701
4546 4 2 3 5 1384 1410 1411 167
4547 4 2 3 5 1448 1082 1456 1457
4548 4 2 3 5 938 960 1393 2617
4549 4 2 3 5 987 1415 1034 1418
4550 4 2 3 5 1620 2496 1514 1433
4551 4 2 3 5 1077 1457 962 1091
4552 4 2 3 5 160 1409 1083 1055
4553 4 2 3 5 2685 2653 2695 2673
4554 4 2 3 5 1007 139 799 140
4555 4 2 3 5 2772 2771 1558 2197
4556 4 2 3 5 2653 2137 2695 2689
4557 4 2 3 5 2653 2685 2695 2137
4558 4 2 3 5 2660 1662 2779 1563
4559 4 2 3 5 1911 2064 1913 2042
4560 4 2 3 5 1672 1527 1755 1745
4561 4 2 3 5 575 2671 2337 628
4562 4 2 3 5 514 2666 502 2706
4563 4 2 3 5 1550 2039 2857 1899
4564 4 2 3 5 2434 2436 2437 2438
4565 4 2 3 5 1655 2391 1674 1675
4566 4 2 3 5 2337 1720 2322 2323
4567 4 2 3 5 515 514 502 2706
4568 4 2 3 5 515 514 2706 647
4569 4 2 3 5 160 1055 1083 8
4570 4 2 3 5 1742 2357 2601 2360
4571 4 2 3 5 2566 1441 1450 2890
4572 4 2 3 5 2670 575 667 582
4573 4 2 3 5 2080 2081 2768 2426
4574 4 2 3 5 1319 1408 802 1439
4575 4 2 3 5 1378 1655 2399 1653
4576 4 2 3 5 1709 1684 2704 2110
4577 4 2 3 5 2288 2172 1664 1652
4578 4 2 3 5 2831 1517 2463 2449
4579 4 2 3 5 1346 831 1353 1349
4580 4 2 3 5 2399 1378 1653 2662
4581 4 2 3 5 1808 1430 1771 2376
4582 4 2 3 5 1656 813 1343 1382
4583 4 2 3 5 1797 1792 2135 2134
4584 4 2 3 5 1383 2291 2662 2289
4585 4 2 3 5 1335 857 848 847
4586 4 2 3 5 865 975 1003 1387
4587 4 2 3 5 164 1372 163 788
4588 4 2 3 5 1804 2267 2269 2268
4589 4 2 3 5 2313 1708 2110 2301
4590 4 2 3 5 1512 1561 2817 2827
4591 4 2 3 5 147 1038 970 791
4592 4 2 3 5 176 175 805 1052
4593 4 2 3 5 1999 2194 1586 2795
4594 4 2 3 5 927 998 1409 160
4595 4 2 3 5 1699 1709 2721 1520
4596 4 2 3 5 1351 1355 1482 2607
4597 4 2 3 5 1922 1927 1549 1930
4598 4 2 3 5 1419 2329 1666 2326
4599 4 2 3 5 1661 2232 2237 2236
4600 4 2 3 5 1850 2357 1943 1846
4601 4 2 3 5 1765 2106 2105 2108
4602 4 2 3 5 2314 2302 1429 1434
4603 4 2 3 5 2200 2107 1668 1697
4604 4 2 3 5 2379 2431 2784 2785
4605 4 2 3 5 2574 2511 2510 2514
4606 4 2 3 5 1021 1020 1027 2463
4607 4 2 3 5 2302 2314 1557 1708
4608 4 2 3 5 2343 1373 1817 1659
4609 4 2 3 5 844 1331 1344 842
4610 4 2 3 5 1066 1452 1451 1460
4611 4 2 3 5 1821 1727 1827 1333
4612 4 2 3 5 2858 2260 2408 1832
4613 4 2 3 5 1341 1353 1338 898
4614 4 2 3 5 2596 2136 2126 2127
4615 4 2 3 5 1799 2368 1295 1492
4616 4 2 3 5 796 878 880 1418
4617 4 2 3 5 2737 2735 85 86
4618 4 2 3 5 2129 1314 2131 1534
4619 4 2 3 5 1950 2414 2083 1954
4620 4 2 3 5 2782 2799 706 720
4621 4 2 3 5 1394 2324 2326 2304
4622 4 2 3 5 2360 1901 1899 2857
4623 4 2 3 5 1419 1013 1014 1403
4624 4 2 3 5 1956 2017 1947 2411
4625 4 2 3 5 1038 1437 970 791
4626 4 2 3 5 2223 2340 1834 2224
4627 4 2 3 5 1766 1765 2105 2108
4628 4 2 3 5 2399 1377 2662 2663
4629 4 2 3 5 2200 2291 2105 1555
4630 4 2 3 5 800 187 1077 188
4631 4 2 3 5 1071 1065 2887 1068
4632 4 2 3 5 974 1326 882 996
4633 4 2 3 5 1644 2398 2663 2399
4634 4 2 3 5 2653 2685 1788 2673
4635 4 2 3 5 976 808 1380 162
4636 4 2 3 5 1441 1452 1450 1065
4637 4 2 3 5 1560 1414 2334 1016
4638 4 2 3 5 982 864 1569 959
4639 4 2 3 5 2797 2744 2826 2825
4640 4 2 3 5 1351 1474 1350 1364
4641 4 2 3 5 2385 1474 1481 2051
4642 4 2 3 5 932 1375 1636 859
4643 4 2 3 5 955 1033 144 804
4644 4 2 3 5 1739 2687 2688 2673
4645 4 2 3 5 1042 1044 792 150
4646 4 2 3 5 723 2836 2790 2818
4647 4 2 3 5 1415 880 1412 1418
4648 4 2 3 5 746 773 2263 747
4649 4 2 3 5 1739 2397 2687 2673
4650 4 2 3 5 1881 2596 2695 1877
4651 4 2 3 5 92 729 2431 2228
4652 4 2 3 5 1347 1518 1616 1514
4653 4 2 3 5 1728 1702 1703 2182
4654 4 2 3 5 924 1472 838 837
4655 4 2 3 5 1497 2437 2443 2444
4656 4 2 3 5 2633 2776 2778 1641
4657 4 2 3 5 2854 2853 2855 1844
4658 4 2 3 5 2055 1911 2056 1907
4659 4 2 3 5 987 142 1011 1034
4660 4 2 3 5 1409 1076 1083 1055
4661 4 2 3 5 2387 603 534 2492
4662 4 2 3 5 608 2137 524 2689
4663 4 2 3 5 2610 2611 1882 2763
4664 4 2 3 5 2610 122 123 2623
4665 4 2 3 5 2676 608 2689 670
4666 4 2 3 5 1754 815 816 1747
4667 4 2 3 5 2123 2676 2689 670
4668 4 2 3 5 2653 2673 524 2689
4669 4 2 3 5 2682 2530 2684 2030
4670 4 2 3 5 1455 1312 2074 2143
4671 4 2 3 5 856 819 820 2130
4672 4 2 3 5 1023 1425 2684 1019
4673 4 2 3 5 2071 1550 2857 1899
4674 4 2 3 5 2671 2337 628 2400
4675 4 2 3 5 2672 1760 2717 2674
4676 4 2 3 5 1016 2321 1019 1018
4677 4 2 3 5 1401 1308 1068 1058
4678 4 2 3 5 885 862 886 1321
4679 4 2 3 5 853 850 1333 897
4680 4 2 3 5 2683 1425 2684 1424
4681 4 2 3 5 1373 1817 1391 1813
4682 4 2 3 5 1449 1448 1063 1456
4683 4 2 3 5 965 1409 1459 991
4684 4 2 3 5 1897 2362 1925 1941
4685 4 2 3 5 2329 2308 2330 2332
4686 4 2 3 5 1469 2486 1965 2630
4687 4 2 3 5 2552 2682 2683 2684
4688 4 2 3 5 1589 1425 1424 1023
4689 4 2 3 5 2351 1454 2074 2350
4690 4 2 3 5 954 960 1402 793
4691 4 2 3 5 2039 2855 1943 1915
4692 4 2 3 5 1517 1438 1424 1023
4693 4 2 3 5 2150 2146 2148 2149
4694 4 2 3 5 1326 1297 2299 1434
4695 4 2 3 5 2375 1673 1769 1412
4696 4 2 3 5 1918 1917 2389 1921
4697 4 2 3 5 109 2697 2186 2694
4698 4 2 3 5 109 2221 2697 2694
4699 4 2 3 5 1892 2142 2132 1796
4700 4 2 3 5 1082 1457 1061 1077
4701 4 2 3 5 2161 1660 1669 2772
4702 4 2 3 5 1082 1448 1061 1457
4703 4 2 3 5 109 110 2694 510
4704 4 2 3 5 548 613 566 2628
4705 4 2 3 5 878 1388 880 1418
4706 4 2 3 5 954 793 1402 1079
4707 4 2 3 5 2601 2260 1943 2857
4708 4 2 3 5 2102 2759 2761 2758
4709 4 2 3 5 2039 1899 1943 2857
4710 4 2 3 5 1900 2854 2855 1844
4711 4 2 3 5 109 2221 2694 110
4712 4 2 3 5 1597 2058 1616 1598
4713 4 2 3 5 1341 829 1353 898
4714 4 2 3 5 2222 2218 2229 1547
4715 4 2 3 5 2358 1845 2871 2752
4716 4 2 3 5 1711 1772 2705 2737
4717 4 2 3 5 2268 1805 1564 2269
4718 4 2 3 5 2096 2890 1304 2409
4719 4 2 3 5 2373 2370 1767 2371
4720 4 2 3 5 1772 2736 2705 2737
4721 4 2 3 5 2736 1772 2705 2704
4722 4 2 3 5 1308 1081 1058 184
4723 4 2 3 5 1361 866 867 856
4724 4 2 3 5 1383 1381 2289 2662
4725 4 2 3 5 580 2069 682 2716
4726 4 2 3 5 1387 1310 2143 2132
4727 4 2 3 5 2227 2441 1525 2387
4728 4 2 3 5 2645 2716 2763 1882
4729 4 2 3 5 498 2062 2488 2763
4730 4 2 3 5 1449 1448 2888 1062
4731 4 2 3 5 1419 869 947 1403
4732 4 2 3 5 834 836 1600 837
4733 4 2 3 5 2249 1722 2181 2279
4734 4 2 3 5 2751 2755 2187 2753
4735 4 2 3 5 2275 2276 1336 1362
4736 4 2 3 5 894 1398 896 983
4737 4 2 3 5 2272 1841 1828 1824
4738 4 2 3 5 2133 1889 1913 2136
4739 4 2 3 5 2178 2179 2180 1854
4740 4 2 3 5 2815 1582 2821 2789
4741 4 2 3 5 1357 2017 2410 2727
4742 4 2 3 5 1357 2583 2017 2727
4743 4 2 3 5 2690 503 2195 2196
4744 4 2 3 5 2233 2166 1834 1811
4745 4 2 3 5 2034 1362 1318 1636
4746 4 2 3 5 1727 1303 1637 1333
4747 4 2 3 5 1331 1356 2727 1969
4748 4 2 3 5 2772 1650 1664 1652
4749 4 2 3 5 2794 725 733 710
4750 4 2 3 5 2804 2369 89 90
4751 4 2 3 5 1303 1634 1371 2414
4752 4 2 3 5 2082 1631 1855 2083
4753 4 2 3 5 1967 1953 1975 2410
4754 4 2 3 5 1880 1923 1921 1931
4755 4 2 3 5 1950 1634 2410 2416
4756 4 2 3 5 2759 1646 2046 2873
4757 4 2 3 5 1950 1634 2416 2414
4758 4 2 3 5 1634 1303 2416 2414
4759 4 2 3 5 2418 1958 2728 2416
4760 4 2 3 5 1324 800 1457 988
4761 4 2 3 5 2747 2746 1947 2411
4762 4 2 3 5 2423 1840 2274 1857
4763 4 2 3 5 1454 1449 1063 1456
4764 4 2 3 5 1704 2307 1702 1696
4765 4 2 3 5 2134 1792 2135 2131
4766 4 2 3 5 1026 1010 1047 1327
4767 4 2 3 5 878 1753 879 1388
4768 4 2 3 5 2392 1923 1791 2393
4769 4 2 3 5 1990 2457 2465 2460
4770 4 2 3 5 1861 2849 2257 1844
4771 4 2 3 5 2044 2490 1899 1910
4772 4 2 3 5 2522 2337 2322 2323
4773 4 2 3 5 2799 2798 706 715
4774 4 2 3 5 2050 2501 2047 2470
4775 4 2 3 5 2765 2766 2738 2432
4776 4 2 3 5 1591 2538 2535 1642
4777 4 2 3 5 2599 2604 1898 2867
4778 4 2 3 5 1706 1683 2317 2311
4779 4 2 3 5 1620 1593 1590 1510
4780 4 2 3 5 2216 2625 1595 2215
4781 4 2 3 5 2177 1819 2231 2236
4782 4 2 3 5 2880 2729 1978 2585
4783 4 2 3 5 1961 1468 2513 2019
4784 4 2 3 5 2828 1540 2498 2499
4785 4 2 3 5 2373 1775 1806 1767
4786 4 2 3 5 1968 1357 2410 2631
4787 4 2 3 5 2161 1660 2772 1652
4788 4 2 3 5 1353 1341 1338 1887
4789 4 2 3 5 1684 2110 1542 2301
4790 4 2 3 5 2174 2173 1735 2176
4791 4 2 3 5 807 1378 166 1384
4792 4 2 3 5 2861 2838 2840 2862
4793 4 2 3 5 2725 740 2422 2586
4794 4 2 3 5 2842 2594 2840 2877
4795 4 2 3 5 686 635 2468 2645
4796 4 2 3 5 707 702 1710 2798
4797 4 2 3 5 1565 1021 1032 1426
4798 4 2 3 5 776 740 2748 2422
4799 4 2 3 5 2586 740 2422 2748
4800 4 2 3 5 2249 2033 2154 1980
4801 4 2 3 5 850 851 1336 849
4802 4 2 3 5 740 2725 2422 130
4803 4 2 3 5 2419 131 2421 2422
4804 4 2 3 5 1568 2456 2465 2459
4805 4 2 3 5 1748 1766 2105 2104
4806 4 2 3 5 2809 2211 2114 1428
4807 4 2 3 5 503 2690 2201 2196
4808 4 2 3 5 1655 1764 1766 1673
4809 4 2 3 5 131 2419 2747 2422
4810 4 2 3 5 558 559 561 2670
4811 4 2 3 5 2206 1679 1563 1758
4812 4 2 3 5 776 131 2422 2421
4813 4 2 3 5 1761 1880 1757 2389
4814 4 2 3 5 2836 1710 2821 1520
4815 4 2 3 5 510 2718 2717 2694
4816 4 2 3 5 2545 1635 2541 2757
4817 4 2 3 5 2733 2722 1681 2717
4818 4 2 3 5 1513 2826 2031 2816
4819 4 2 3 5 1698 2291 2295 2294
4820 4 2 3 5 1554 2582 1508 2585
4821 4 2 3 5 2644 1539 2492 1645
4822 4 2 3 5 2268 2368 1801 1987
4823 4 2 3 5 2722 2693 1681 2717
4824 4 2 3 5 2254 137 2253 2753
4825 4 2 3 5 1561 2781 2208 2817
4826 4 2 3 5 1683 2303 2317 2311
4827 4 2 3 5 2134 2140 1678 1935
4828 4 2 3 5 2702 2735 2700 1679
4829 4 2 3 5 2693 2220 2722 1681
4830 4 2 3 5 1872 1861 2257 1844
4831 4 2 3 5 660 657 1595 491
4832 4 2 3 5 1359 2129 2068 2614
4833 4 2 3 5 1794 2352 1795 1880
4834 4 2 3 5 2152 94 639 677
4835 4 2 3 5 1023 1425 1019 1025
4836 4 2 3 5 2486 1506 1476 2630
4837 4 2 3 5 1518 913 1471 915
4838 4 2 3 5 735 98 2743 2824
4839 4 2 3 5 2112 1772 2110 2115
4840 4 2 3 5 2694 2718 2717 2733
4841 4 2 3 5 2302 2314 1429 1557
4842 4 2 3 5 624 2364 2370 665
4843 4 2 3 5 2766 1524 2382 2767
4844 4 2 3 5 1929 1656 1921 1919
4845 4 2 3 5 1727 1821 1631 1333
4846 4 2 3 5 2722 2694 2717 2733
4847 4 2 3 5 1454 1449 2074 1455
4848 4 2 3 5 1604 2005 2047 2509
4849 4 2 3 5 2330 1732 2309 1700
4850 4 2 3 5 1038 1006 1024 1440
4851 4 2 3 5 1044 149 792 150
4852 4 2 3 5 1731 2155 2025 2328
4853 4 2 3 5 159 1009 1000 1045
4854 4 2 3 5 2161 2168 2169 1812
4855 4 2 3 5 2693 2694 2717 2722
4856 4 2 3 5 2100 597 2097 598
4857 4 2 3 5 1495 2435 1348 1347
4858 4 2 3 5 2313 2111 2110 2115
4859 4 2 3 5 2342 2234 1658 2192
4860 4 2 3 5 1505 2120 2204 2482
4861 4 2 3 5 2324 1394 2326 2325
4862 4 2 3 5 1516 1591 2535 2539
4863 4 2 3 5 2172 1651 2288 2289
4864 4 2 3 5 1883 1500 1912 1996
4865 4 2 3 5 2058 1616 1617 1466
4866 4 2 3 5 1608 1605 2019 1606
4867 4 2 3 5 1523 2101 2204 2120
4868 4 2 3 5 149 1010 1044 985
4869 4 2 3 5 2678 735 2743 2824
4870 4 2 3 5 1518 1327 1519 1514
4871 4 2 3 5 572 1982 633 662
4872 4 2 3 5 1980 2035 2279 2252
4873 4 2 3 5 2059 1571 2534 1642
4874 4 2 3 5 1969 2729 1553 2728
4875 4 2 3 5 1970 1969 1637 2728
4876 4 2 3 5 2086 2084 2087 1855
4877 4 2 3 5 2698 1650 1558 2197
4878 4 2 3 5 1448 1449 1063 1062
4879 4 2 3 5 2550 2027 2328 1544
4880 4 2 3 5 1381 2163 2662 1397
4881 4 2 3 5 2080 2285 2430 2768
4882 4 2 3 5 2285 2649 2430 2768
4883 4 2 3 5 160 998 1055 8
4884 4 2 3 5 2065 2618 1535 2042
4885 4 2 3 5 939 2885 903 863
4886 4 2 3 5 2600 741 2709 2602
4887 4 2 3 5 1452 1291 1451 1460
4888 4 2 3 5 1863 2649 1853 2768
4889 4 2 3 5 1861 1872 2849 1844
4890 4 2 3 5 2033 2249 2279 1980
4891 4 2 3 5 1749 1298 1744 2398
4892 4 2 3 5 164 1372 1382 1374
4893 4 2 3 5 1693 1872 2092 1862
4894 4 2 3 5 1031 1419 1005 1015
4895 4 2 3 5 2838 2859 2839 2851
4896 4 2 3 5 697 2803 2789 698
4897 4 2 3 5 2794 1540 2829 2828
4898 4 2 3 5 762 756 2861 770
4899 4 2 3 5 1748 1765 1766 2374
4900 4 2 3 5 2713 2423 2081 2080
4901 4 2 3 5 1530 2453 2466 2455
4902 4 2 3 5 2192 1838 2193 1839
4903 4 2 3 5 1375 2034 1636 859
4904 4 2 3 5 2067 1873 2062 2063
4905 4 2 3 5 2291 1383 1434 1326
4906 4 2 3 5 2403 566 611 612
4907 4 2 3 5 1297 1420 2299 1434
4908 4 2 3 5 2497 2447 2448 2460
4909 4 2 3 5 2275 2276 1854 2083
4910 4 2 3 5 1731 1543 2330 1700
4911 4 2 3 5 1461 1441 2889 1068
4912 4 2 3 5 1292 1432 1530 2466
4913 4 2 3 5 1853 2285 2081 2768
4914 4 2 3 5 1841 2087 2241 1855
4915 4 2 3 5 1388 1805 1564 2268
4916 4 2 3 5 2649 2285 1853 2768
4917 4 2 3 5 2201 1649 2196 2197
4918 4 2 3 5 1320 2161 2168 2169
4919 4 2 3 5 1377 165 2662 1397
4920 4 2 3 5 566 2403 2629 612
4921 4 2 3 5 2179 1826 2175 1626
4922 4 2 3 5 2670 2280 1725 2278
4923 4 2 3 5 2309 2299 1696 1697
4924 4 2 3 5 2457 1990 1493 2466
4925 4 2 3 5 2168 1625 2231 1812
4926 4 2 3 5 1662 2660 2711 2698
4927 4 2 3 5 1561 1512 2208 2827
4928 4 2 3 5 1353 1352 1338 898
4929 4 2 3 5 615 2691 502 111
4930 4 2 3 5 1841 1857 2087 1855
4931 4 2 3 5 1472 1478 1600 2514
4932 4 2 3 5 2595 2876 2587 2878
4933 4 2 3 5 2723 1669 1818 1834
4934 4 2 3 5 2114 1777 1784 1807
4935 4 2 3 5 1431 1404 1432 1569
4936 4 2 3 5 2686 1739 1750 1757
4937 4 2 3 5 2354 2141 1892 2360
4938 4 2 3 5 2837 1511 1580 2829
4939 4 2 3 5 2446 2458 2455 1413
4940 4 2 3 5 2118 2117 2515 2099
4941 4 2 3 5 2508 2875 2504 2503
4942 4 2 3 5 2442 1993 2443 1986
4943 4 2 3 5 2368 1528 1801 1790
4944 4 2 3 5 1701 1705 1702 2316
4945 4 2 3 5 1662 2660 2779 2711
4946 4 2 3 5 1902 2501 1615 2047
4947 4 2 3 5 1420 1297 2299 2310
4948 4 2 3 5 1990 2457 1991 2466
4949 4 2 3 5 2391 2390 1343 1746
4950 4 2 3 5 1489 1463 1611 1614
4951 4 2 3 5 2397 2037 606 2036
4952 4 2 3 5 1889 1878 2596 2136
4953 4 2 3 5 949 1308 794 1406
4954 4 2 3 5 2670 559 2184 1725
4955 4 2 3 5 890 1821 853 852
4956 4 2 3 5 1827 1815 892 891
4957 4 2 3 5 2653 2658 2647 562
4958 4 2 3 5 2685 2653 2647 2137
4959 4 2 3 5 2092 2091 1959 2088
4960 4 2 3 5 2412 2729 1959 1639
4961 4 2 3 5 2134 1677 1932 1931
4962 4 2 3 5 1385 1766 1653 2104
4963 4 2 3 5 619 575 2248 2671
4964 4 2 3 5 1650 1662 1669 2711
4965 4 2 3 5 879 1753 2394 1674
4966 4 2 3 5 2240 1826 1855 1854
4967 4 2 3 5 2234 1373 2192 2343
4968 4 2 3 5 2670 575 582 561
4969 4 2 3 5 1325 1830 2237 1839
4970 4 2 3 5 2615 2065 2042 2618
4971 4 2 3 5 2233 2223 1658 2191
4972 4 2 3 5 2037 525 526 2654
4973 4 2 3 5 2347 2353 1897 2355
4974 4 2 3 5 1303 2417 1727 1637
4975 4 2 3 5 1743 1671 2779 2708
4976 4 2 3 5 1671 2707 2779 2708
4977 4 2 3 5 757 752 2844 758
4978 4 2 3 5 1356 1331 842 1344
4979 4 2 3 5 1690 1930 1937 2344
4980 4 2 3 5 2560 2472 2053 2477
4981 4 2 3 5 115 2346 2187 2338
4982 4 2 3 5 1410 1436 1385 1429
4983 4 2 3 5 2338 2187 2339 2769
4984 4 2 3 5 2596 1877 2127 2695
4985 4 2 3 5 2161 1320 2168 2171
4986 4 2 3 5 2338 2346 2187 2769
4987 4 2 3 5 2429 2428 2419 2427
4988 4 2 3 5 2089 2090 2480 2429
4989 4 2 3 5 2033 2249 2154 2325
4990 4 2 3 5 1331 1356 1969 1344
4991 4 2 3 5 619 558 2671 2278
4992 4 2 3 5 2232 1325 2234 1661
4993 4 2 3 5 1486 1464 1350 1611
4994 4 2 3 5 2702 2660 2779 1679
4995 4 2 3 5 2060 2637 2636 2405
4996 4 2 3 5 1346 830 831 832
4997 4 2 3 5 1469 1967 1965 1952
4998 4 2 3 5 2610 1909 2488 2620
4999 4 2 3 5 1672 1527 1745 1751
5000 4 2 3 5 1798 1799 2056 1995
5001 4 2 3 5 762 2841 2861 2840
5002 4 2 3 5 2484 2058 1328 2485
5003 4 2 3 5 712 2782 706 720
5004 4 2 3 5 2472 1485 1503 2477
5005 4 2 3 5 1502 2616 2609 1887
5006 4 2 3 5 2364 625 2365 2036
5007 4 2 3 5 2062 498 2488 2603
5008 4 2 3 5 1825 1841 2241 1855
5009 4 2 3 5 1825 1826 1854 1855
5010 4 2 3 5 1826 1825 2241 1855
5011 4 2 3 5 2461 1581 2463 2449
5012 4 2 3 5 525 602 527 2658
5013 4 2 3 5 1531 1881 2695 1877
5014 4 2 3 5 2364 624 2370 2365
5015 4 2 3 5 2113 2319 1778 2115
5016 4 2 3 5 2723 1663 1681 1669
5017 4 2 3 5 2842 2859 2587 2877
5018 4 2 3 5 2854 1900 1915 2865
5019 4 2 3 5 2644 1908 2492 2646
5020 4 2 3 5 1355 826 827 1354
5021 4 2 3 5 659 605 2063 2062
5022 4 2 3 5 2551 2814 2832 2525
5023 4 2 3 5 2070 2603 2620 2488
5024 4 2 3 5 2206 2702 2779 1679
5025 4 2 3 5 2280 2713 2282 2283
5026 4 2 3 5 2659 2702 2779 2103
5027 4 2 3 5 558 2280 557 559
5028 4 2 3 5 2603 2734 2668 2063
5029 4 2 3 5 2097 2517 638 2121
5030 4 2 3 5 804 1497 959 1569
5031 4 2 3 5 1638 2407 2259 1865
5032 4 2 3 5 595 2117 596 645
5033 4 2 3 5 2890 1309 2262 2096
5034 4 2 3 5 2702 2659 2779 2660
5035 4 2 3 5 613 548 581 2627
5036 4 2 3 5 2336 2522 2526 2400
5037 4 2 3 5 2650 2687 2688 1802
5038 4 2 3 5 2836 707 2790 1710
5039 4 2 3 5 2121 2122 2570 2515
5040 4 2 3 5 1567 2740 1568 2454
5041 4 2 3 5 1743 2206 2103 2779
5042 4 2 3 5 899 833 1905 1364
5043 4 2 3 5 1494 1351 876 860
5044 4 2 3 5 2803 2821 2818 2789
5045 4 2 3 5 786 2144 2602 2598
5046 4 2 3 5 2858 2408 1866 1832
5047 4 2 3 5 1300 1425 2683 1424
5048 4 2 3 5 2502 2505 2504 2503
5049 4 2 3 5 2069 602 605 2647
5050 4 2 3 5 2648 1883 2067 1500
5051 4 2 3 5 504 2352 116 117
5052 4 2 3 5 697 723 2790 2818
5053 4 2 3 5 581 613 2627 687
5054 4 2 3 5 1693 2260 2357 1832
5055 4 2 3 5 1737 1852 1724 2282
5056 4 2 3 5 2285 668 2649 576
5057 4 2 3 5 712 2782 2784 2791
5058 4 2 3 5 2572 1479 2557 2573
5059 4 2 3 5 2022 2545 2541 2757
5060 4 2 3 5 1605 1601 2019 1606
5061 4 2 3 5 2708 2686 517 567
5062 4 2 3 5 2723 1835 1834 1818
5063 4 2 3 5 2783 712 2784 2791
5064 4 2 3 5 2745 1863 2746 2768
5065 4 2 3 5 603 2387 529 2492
5066 4 2 3 5 1721 2337 2025 2182
5067 4 2 3 5 824 1352 1354 826
5068 4 2 3 5 2112 2113 1784 1778
5069 4 2 3 5 2659 514 2706 2666
5070 4 2 3 5 2210 1781 2209 1529
5071 4 2 3 5 2456 2227 2464 91
5072 4 2 3 5 2095 1302 1832 1866
5073 4 2 3 5 1485 2472 1488 2557
5074 4 2 3 5 1302 2095 2261 1866
5075 4 2 3 5 1615 2122 2099 2509
5076 4 2 3 5 696 691 2818 697
5077 4 2 3 5 1394 1559 2325 1316
5078 4 2 3 5 1587 1467 1596 1504
5079 4 2 3 5 1577 1394 2325 1316
5080 4 2 3 5 2472 1475 2470 1487
5081 4 2 3 5 2533 1518 1514 1616
5082 4 2 3 5 2280 558 2670 559
5083 4 2 3 5 1490 1494 1486 2437
5084 4 2 3 5 1815 1827 893 891
5085 4 2 3 5 2605 635 2645 2468
5086 4 2 3 5 2496 2495 1620 1514
5087 4 2 3 5 2725 129 130 2586
5088 4 2 3 5 2395 606 607 2036
5089 4 2 3 5 2775 1607 1469 1641
5090 4 2 3 5 2145 2599 2602 2598
5091 4 2 3 5 90 633 91 2377
5092 4 2 3 5 691 2803 2529 2818
5093 4 2 3 5 533 2102 568 599
5094 4 2 3 5 723 696 2818 697
5095 4 2 3 5 1449 2351 2074 2262
5096 4 2 3 5 1856 1330 1337 1827
5097 4 2 3 5 697 2789 2818 2790
5098 4 2 3 5 2755 2756 2751 1838
5099 4 2 3 5 2319 2207 2801 1778
5100 4 2 3 5 916 933 1470 1358
5101 4 2 3 5 2155 1731 1543 2331
5102 4 2 3 5 1968 1967 2630 2020
5103 4 2 3 5 778 756 2866 765
5104 4 2 3 5 1584 1593 1590 1515
5105 4 2 3 5 1841 2241 1628 2236
5106 4 2 3 5 2319 2787 2801 2207
5107 4 2 3 5 862 900 1349 831
5108 4 2 3 5 2781 707 2798 705
5109 4 2 3 5 2352 2362 2353 2363
5110 4 2 3 5 1999 2786 2801 1778
5111 4 2 3 5 1490 2434 1486 1611
5112 4 2 3 5 2487 2214 2215 2636
5113 4 2 3 5 2000 1912 1802 1799
5114 4 2 3 5 987 1415 1418 880
5115 4 2 3 5 2112 2113 2115 2802
5116 4 2 3 5 597 598 638 2097
5117 4 2 3 5 831 1341 1353 1349
5118 4 2 3 5 2648 1873 2067 2668
5119 4 2 3 5 1305 1831 1833 1692
5120 4 2 3 5 2139 2734 2136 1874
5121 4 2 3 5 1989 1985 1779 2811
5122 4 2 3 5 2847 1861 2872 2090
5123 4 2 3 5 2858 2095 1832 1866
5124 4 2 3 5 2644 2645 2762 2716
5125 4 2 3 5 2860 2859 2839 2840
5126 4 2 3 5 2786 1999 2801 2787
5127 4 2 3 5 1786 2650 2655 1800
5128 4 2 3 5 2755 2255 2753 2756
5129 4 2 3 5 2054 2055 2056 1907
5130 4 2 3 5 835 900 832 1349
5131 4 2 3 5 2507 2874 2503 2502
5132 4 2 3 5 2685 1912 1877 2667
5133 4 2 3 5 2571 1960 2570 2515
5134 4 2 3 5 2611 1913 1535 2042
5135 4 2 3 5 1297 1434 2295 1429
5136 4 2 3 5 1624 2177 2173 2174
5137 4 2 3 5 2683 2682 2543 2031
5138 4 2 3 5 879 888 1674 1675
5139 4 2 3 5 2298 1556 2299 1696
5140 4 2 3 5 1697 2107 1542 2301
5141 4 2 3 5 1548 2035 1954 2247
5142 4 2 3 5 2108 2109 1541 1680
5143 4 2 3 5 2189 1928 2193 2192
5144 4 2 3 5 88 2370 2372 2371
5145 4 2 3 5 2163 2166 1397 2230
5146 4 2 3 5 2084 2086 2082 1855
5147 4 2 3 5 1701 2303 2316 2317
5148 4 2 3 5 1449 2351 2262 2888
5149 4 2 3 5 2206 2212 1758 86
5150 4 2 3 5 2166 1811 1632 1834
5151 4 2 3 5 2314 2302 2310 1708
5152 4 2 3 5 1398 1324 896 983
5153 4 2 3 5 2169 1819 1812 2231
5154 4 2 3 5 2723 1660 1669 1834
5155 4 2 3 5 811 162 163 1370
5156 4 2 3 5 2342 2188 1919 1930
5157 4 2 3 5 1861 2090 2429 2480
5158 4 2 3 5 2692 1650 2698 2197
5159 4 2 3 5 2221 1687 2714 2696
5160 4 2 3 5 2166 2162 2165 2163
5161 4 2 3 5 889 888 1655 1674
5162 4 2 3 5 2729 1969 1970 2728
5163 4 2 3 5 1592 2744 2677 2743
5164 4 2 3 5 2648 1873 2062 2067
5165 4 2 3 5 2825 2815 2813 1513
5166 4 2 3 5 1748 1764 1758 2374
5167 4 2 3 5 2797 2815 2678 2813
5168 4 2 3 5 2445 2446 2455 2444
5169 4 2 3 5 2461 2458 1997 2449
5170 4 2 3 5 116 2338 2355 2345
5171 4 2 3 5 2690 503 112 111
5172 4 2 3 5 526 525 527 2654
5173 4 2 3 5 2617 1393 1338 1339
5174 4 2 3 5 2363 116 2356 2353
5175 4 2 3 5 2391 1745 1751 2389
5176 4 2 3 5 2696 1687 2732 2222
5177 4 2 3 5 2363 2353 2356 1897
5178 4 2 3 5 863 1335 1363 847
5179 4 2 3 5 1767 2371 1526 1785
5180 4 2 3 5 872 2293 1396 2170
5181 4 2 3 5 1313 2130 1339 1888
5182 4 2 3 5 1015 1419 2334 1420
5183 4 2 3 5 2307 2308 1730 2305
5184 4 2 3 5 1701 2316 1714 2317
5185 4 2 3 5 2221 509 656 2219
5186 4 2 3 5 1760 2686 2710 2708
5187 4 2 3 5 746 6 2753 2263
5188 4 2 3 5 499 664 584 2125
5189 4 2 3 5 769 2479 781 777
5190 4 2 3 5 1928 2756 2193 1838
5191 4 2 3 5 2423 1852 2274 1853
5192 4 2 3 5 2359 2870 2709 2602
5193 4 2 3 5 2546 2549 2541 2547
5194 4 2 3 5 2726 2725 2747 2422
5195 4 2 3 5 2803 2815 2789 2813
5196 4 2 3 5 841 1329 842 1344
5197 4 2 3 5 96 2834 97 2835
5198 4 2 3 5 2883 1964 1344 1970
5199 4 2 3 5 2744 1643 1592 2677
5200 4 2 3 5 559 586 2184 565
5201 4 2 3 5 2744 1592 1584 2835
5202 4 2 3 5 1543 2155 1716 1700
5203 4 2 3 5 1738 2244 2273 2274
5204 4 2 3 5 2408 2407 2420 2092
5205 4 2 3 5 2256 769 739 748
5206 4 2 3 5 2018 1957 2411 2728
5207 4 2 3 5 628 563 2248 2400
5208 4 2 3 5 2314 1420 2334 2310
5209 4 2 3 5 1030 1009 1036 1429
5210 4 2 3 5 1816 1811 1834 1823
5211 4 2 3 5 2331 1414 1578 1316
5212 4 2 3 5 1835 1927 1917 1926
5213 4 2 3 5 2324 1729 1703 2181
5214 4 2 3 5 1789 1793 1802 1791
5215 4 2 3 5 872 855 2170 2231
5216 4 2 3 5 1527 1764 1746 1655
5217 4 2 3 5 928 807 1384 961
5218 4 2 3 5 2028 2527 2025 2024
5219 4 2 3 5 99 2680 2743 2677
5220 4 2 3 5 2307 2305 1730 1703
5221 4 2 3 5 2396 2364 1785 1526
5222 4 2 3 5 1026 1327 1047 1433
5223 4 2 3 5 2319 1421 2312 2115
5224 4 2 3 5 1394 932 931 980
5225 4 2 3 5 945 1005 1013 156
5226 4 2 3 5 2183 2176 1703 2306
5227 4 2 3 5 1827 1821 853 891
5228 4 2 3 5 960 938 884 2617
5229 4 2 3 5 1935 1678 1937 2354
5230 4 2 3 5 2479 2265 2872 2264
5231 4 2 3 5 713 724 726 2823
5232 4 2 3 5 2342 1930 1323 2343
5233 4 2 3 5 813 812 1747 814
5234 4 2 3 5 2402 2401 1976 2635
5235 4 2 3 5 1941 1897 1942 1937
5236 4 2 3 5 2161 1734 1811 1812
5237 4 2 3 5 1754 1933 815 1747
5238 4 2 3 5 1803 2123 2695 2689
5239 4 2 3 5 1797 2140 2354 1678
5240 4 2 3 5 1053 1075 1444 1092
5241 4 2 3 5 2815 2803 2812 2813
5242 4 2 3 5 2693 2691 2220 1681
5243 4 2 3 5 1983 1993 1996 1525
5244 4 2 3 5 2599 2145 2865 1898
5245 4 2 3 5 2782 712 2784 714
5246 4 2 3 5 648 578 2674 650
5247 4 2 3 5 1021 1020 2788 1018
5248 4 2 3 5 1468 2484 2513 2019
5249 4 2 3 5 2302 1297 2300 2295
5250 4 2 3 5 1584 2153 2835 96
5251 4 2 3 5 1761 2675 1757 1880
5252 4 2 3 5 2723 1835 2733 1536
5253 4 2 3 5 1298 2390 2398 2389
5254 4 2 3 5 2787 2786 1586 2217
5255 4 2 3 5 2395 2397 2036 2687
5256 4 2 3 5 1994 1993 2056 1995
5257 4 2 3 5 1404 143 1033 1011
5258 4 2 3 5 833 1346 832 830
5259 4 2 3 5 2453 1988 2466 2454
5260 4 2 3 5 1671 1672 2389 1757
5261 4 2 3 5 670 2676 579 621
5262 4 2 3 5 1750 2396 1785 1526
5263 4 2 3 5 1788 2037 2397 2687
5264 4 2 3 5 1649 2157 2197 1558
5265 4 2 3 5 1650 2692 1669 2197
5266 4 2 3 5 1923 2391 2393 2392
5267 4 2 3 5 2190 1846 1937 2348
5268 4 2 3 5 2715 6 2187 2753
5269 4 2 3 5 2755 2254 1838 1688
5270 4 2 3 5 1978 2004 2569 2014
5271 4 2 3 5 2764 2765 2149 2767
5272 4 2 3 5 2836 723 2790 708
5273 4 2 3 5 2429 1861 2480 1871
5274 4 2 3 5 2161 2172 1320 2171
5275 4 2 3 5 126 2561 2520 2553
5276 4 2 3 5 6 2697 681 2715
5277 4 2 3 5 2693 510 2717 2694
5278 4 2 3 5 2815 1582 2789 2813
5279 4 2 3 5 2141 1875 1888 1876
5280 4 2 3 5 132 131 776 2421
5281 4 2 3 5 2876 2594 2587 2877
5282 4 2 3 5 637 2517 2121 638
5283 4 2 3 5 2179 2240 2180 1854
5284 4 2 3 5 1688 1838 2192 1633
5285 4 2 3 5 1372 1373 1391 1813
5286 4 2 3 5 2340 2342 1657 2343
5287 4 2 3 5 658 588 2214 2636
5288 4 2 3 5 2792 1582 2813 2789
5289 4 2 3 5 1449 1455 1451 2074
5290 4 2 3 5 2325 2324 2328 2326
5291 4 2 3 5 2881 2858 2856 2408
5292 4 2 3 5 888 889 1655 1343
5293 4 2 3 5 2217 2682 2684 2683
5294 4 2 3 5 874 1494 1407 875
5295 4 2 3 5 1032 1021 1027 1426
5296 4 2 3 5 1803 2667 2695 2126
5297 4 2 3 5 2364 2370 1785 1526
5298 4 2 3 5 1512 2827 2817 1778
5299 4 2 3 5 1351 1494 876 1350
5300 4 2 3 5 1805 2467 2269 2209
5301 4 2 3 5 1868 1970 1637 2728
5302 4 2 3 5 2450 1989 1985 1779
5303 4 2 3 5 1319 1408 1439 1577
5304 4 2 3 5 1798 1984 1986 1491
5305 4 2 3 5 2152 1538 2739 2738
5306 4 2 3 5 2212 87 1758 86
5307 4 2 3 5 1983 1798 2056 1995
5308 4 2 3 5 2456 2740 1568 1567
5309 4 2 3 5 692 713 2812 727
5310 4 2 3 5 2520 2561 2504 2521
5311 4 2 3 5 1584 2626 2834 1590
5312 4 2 3 5 2599 2604 768 121
5313 4 2 3 5 1868 2729 1970 2728
5314 4 2 3 5 2249 2034 1318 1636
5315 4 2 3 5 1961 2005 2006 2510
5316 4 2 3 5 2118 2117 2099 2482
5317 4 2 3 5 2764 1463 2767 2147
5318 4 2 3 5 2560 2472 1485 2557
5319 4 2 3 5 844 842 1344 843
5320 4 2 3 5 2497 94 2739 2498
5321 4 2 3 5 1577 1408 2546 1375
5322 4 2 3 5 2622 2616 2619 1876
5323 4 2 3 5 1596 2147 2148 1595
5324 4 2 3 5 2447 2497 2739 2498
5325 4 2 3 5 2827 2799 2800 2791
5326 4 2 3 5 1505 1608 2487 1504
5327 4 2 3 5 2781 2798 715 705
5328 4 2 3 5 2007 2006 2009 2509
5329 4 2 3 5 2517 125 2553 2046
5330 4 2 3 5 1660 2161 1669 1834
5331 4 2 3 5 2866 2604 2867 2868
5332 4 2 3 5 1929 1677 1924 1931
5333 4 2 3 5 2870 1900 2871 2754
5334 4 2 3 5 1874 2734 2603 2598
5335 4 2 3 5 641 666 2046 497
5336 4 2 3 5 2381 570 2382 2387
5337 4 2 3 5 1957 2018 1947 2591
5338 4 2 3 5 918 1379 919 1476
5339 4 2 3 5 2865 2599 1898 2867
5340 4 2 3 5 1966 2571 2016 2001
5341 4 2 3 5 2263 2871 2845 2754
5342 4 2 3 5 2101 2643 2760 1523
5343 4 2 3 5 2257 2871 1843 1844
5344 4 2 3 5 2744 2681 2677 1585
5345 4 2 3 5 2513 2574 2575 1477
5346 4 2 3 5 2819 723 104 696
5347 4 2 3 5 2871 1850 1843 1844
5348 4 2 3 5 2744 2826 1586 2031
5349 4 2 3 5 2244 2712 2282 2713
5350 4 2 3 5 2833 2681 2543 2031
5351 4 2 3 5 1591 2539 1592 2535
5352 4 2 3 5 2321 2788 1018 2802
5353 4 2 3 5 1043 1436 1410 1030
5354 4 2 3 5 773 758 2754 2845
5355 4 2 3 5 758 757 780 2754
5356 4 2 3 5 2495 1588 1510 1620
5357 4 2 3 5 2297 2175 2176 2170
5358 4 2 3 5 2281 2283 2278 1724
5359 4 2 3 5 1419 945 947 869
5360 4 2 3 5 2417 2418 2088 2420
5361 4 2 3 5 2519 126 2520 2553
5362 4 2 3 5 2100 2643 2759 2760
5363 4 2 3 5 2043 2618 2042 1535
5364 4 2 3 5 757 758 2844 2754
5365 4 2 3 5 1894 1322 1552 2008
5366 4 2 3 5 2101 2100 2120 2099
5367 4 2 3 5 1389 1462 1321 1460
5368 4 2 3 5 2611 2067 1882 2763
5369 4 2 3 5 2474 2473 2609 2042
5370 4 2 3 5 2865 2870 2709 2754
5371 4 2 3 5 2045 2039 2855 2879
5372 4 2 3 5 160 927 161 1386
5373 4 2 3 5 1447 1059 1401 1060
5374 4 2 3 5 1638 2569 2259 2856
5375 4 2 3 5 784 775 129 2586
5376 4 2 3 5 2410 1634 2727 2416
5377 4 2 3 5 2258 2260 2259 2857
5378 4 2 3 5 2577 2015 1946 1507
5379 4 2 3 5 1546 1623 1499 1510
5380 4 2 3 5 2881 2880 2856 2569
5381 4 2 3 5 2880 2881 2856 2408
5382 4 2 3 5 1550 1551 2072 2857
5383 4 2 3 5 2628 613 566 612
5384 4 2 3 5 2221 1687 2696 2219
5385 4 2 3 5 2007 2555 2514 2510
5386 4 2 3 5 2072 2601 2360 2857
5387 4 2 3 5 1994 2386 1482 2056
5388 4 2 3 5 1772 1711 1768 1680
5389 4 2 3 5 2658 2685 1800 2650
5390 4 2 3 5 1484 2607 2608 2471
5391 4 2 3 5 1756 2375 1806 1807
5392 4 2 3 5 2839 2855 2878 2862
5393 4 2 3 5 1803 2137 2689 2695
5394 4 2 3 5 2195 587 2159 618
5395 4 2 3 5 2869 2841 2840 2862
5396 4 2 3 5 756 2863 755 753
5397 4 2 3 5 1516 1425 2540 1300
5398 4 2 3 5 1351 1474 1364 1487
5399 4 2 3 5 2507 2505 2503 2508
5400 4 2 3 5 1995 2451 2443 1986
5401 4 2 3 5 2043 1535 2042 1909
5402 4 2 3 5 2667 2126 2137 2063
5403 4 2 3 5 2734 121 2603 2598
5404 4 2 3 5 2147 2146 2148 1595
5405 4 2 3 5 1883 2648 2667 1500
5406 4 2 3 5 549 547 2635 2639
5407 4 2 3 5 2429 2419 2421 1864
5408 4 2 3 5 1699 1715 1700 1707
5409 4 2 3 5 1873 2067 2668 2063
5410 4 2 3 5 2126 2136 2668 2127
5411 4 2 3 5 2697 2221 656 2226
5412 4 2 3 5 1326 2297 2293 882
5413 4 2 3 5 1375 2034 859 1376
5414 4 2 3 5 2387 1524 2492 2383
5415 4 2 3 5 653 2286 2749 1648
5416 4 2 3 5 2316 2322 2333 2317
5417 4 2 3 5 2145 1879 1898 1899
5418 4 2 3 5 2200 2199 2289 2288
5419 4 2 3 5 2545 1979 2524 2024
5420 4 2 3 5 2243 1738 2272 1824
5421 4 2 3 5 2718 2346 1763 2694
5422 4 2 3 5 2770 2196 2159 618
5423 4 2 3 5 1385 1384 1673 1417
5424 4 2 3 5 2720 1682 2158 2699
5425 4 2 3 5 2489 2604 2866 2868
5426 4 2 3 5 877 973 2163 809
5427 4 2 3 5 2448 1623 1580 2449
5428 4 2 3 5 2771 2772 2160 2197
5429 4 2 3 5 1743 1671 1563 2779
5430 4 2 3 5 1872 2855 2258 2259
5431 4 2 3 5 2507 2490 1910 2624
5432 4 2 3 5 2429 2424 2427 1871
5433 4 2 3 5 554 555 2283 556
5434 4 2 3 5 549 547 2639 550
5435 4 2 3 5 517 2686 518 519
5436 4 2 3 5 1419 1420 2308 2332
5437 4 2 3 5 1062 2887 1068 2888
5438 4 2 3 5 1772 2112 2110 2109
5439 4 2 3 5 1383 166 929 809
5440 4 2 3 5 2185 642 2218 2225
5441 4 2 3 5 1442 1062 1068 2888
5442 4 2 3 5 2373 2370 1773 1767
5443 4 2 3 5 1582 2194 2826 1513
5444 4 2 3 5 2550 2029 1521 2543
5445 4 2 3 5 2890 2096 2889 2888
5446 4 2 3 5 2507 2508 2503 1910
5447 4 2 3 5 1596 1583 1504 2215
5448 4 2 3 5 1560 1414 1578 2331
5449 4 2 3 5 2820 691 102 2529
5450 4 2 3 5 1614 1539 1645 1524
5451 4 2 3 5 2134 1797 1678 2140
5452 4 2 3 5 2596 1878 1740 1795
5453 4 2 3 5 2035 1548 2252 2247
5454 4 2 3 5 528 2655 2657 2656
5455 4 2 3 5 2124 1878 2596 1795
5456 4 2 3 5 2622 1895 1888 1876
5457 4 2 3 5 1999 2810 2795 2785
5458 4 2 3 5 1438 1517 1024 1023
5459 4 2 3 5 2725 2724 1947 2747
5460 4 2 3 5 2387 534 2382 2383
5461 4 2 3 5 2441 1537 1525 2387
5462 4 2 3 5 1662 1650 1669 1652
5463 4 2 3 5 2616 2622 1888 1876
5464 4 2 3 5 2726 1957 1947 2591
5465 4 2 3 5 2079 2142 2132 1888
5466 4 2 3 5 1523 1463 2767 1614
5467 4 2 3 5 1817 1373 2349 1692
5468 4 2 3 5 774 740 760 2748
5469 4 2 3 5 2139 2124 2138 2597
5470 4 2 3 5 2308 2309 2310 2299
5471 4 2 3 5 2097 2517 666 638
5472 4 2 3 5 1720 2316 2323 1719
5473 4 2 3 5 2781 707 1710 2798
5474 4 2 3 5 1753 2268 1674 1412
5475 4 2 3 5 103 691 102 2820
5476 4 2 3 5 2297 1666 1326 2298
5477 4 2 3 5 2577 2575 2630 1965
5478 4 2 3 5 712 714 711 2784
5479 4 2 3 5 2113 2112 1428 2802
5480 4 2 3 5 1789 1793 1791 1751
5481 4 2 3 5 1989 1985 2466 1493
5482 4 2 3 5 2529 2820 2525 102
5483 4 2 3 5 1781 2210 1807 1529
5484 4 2 3 5 164 973 1397 1390
5485 4 2 3 5 103 2522 2336 495
5486 4 2 3 5 1497 2452 1569 1530
5487 4 2 3 5 2194 2787 2826 2816
5488 4 2 3 5 2724 2590 2591 1947
5489 4 2 3 5 131 132 500 2413
5490 4 2 3 5 2179 2178 2174 1854
5491 4 2 3 5 2651 1533 2394 1791
5492 4 2 3 5 1727 2084 2087 2088
5493 4 2 3 5 2506 2489 123 771
5494 4 2 3 5 2079 1895 2142 1888
5495 4 2 3 5 2222 2696 1818 2732
5496 4 2 3 5 2566 2890 1309 2261
5497 4 2 3 5 1842 1830 1691 1859
5498 4 2 3 5 1532 1923 1757 2392
5499 4 2 3 5 554 576 556 2283
5500 4 2 3 5 1945 2860 2839 2878
5501 4 2 3 5 1793 1531 1802 1877
5502 4 2 3 5 1464 1612 1610 1465
5503 4 2 3 5 547 2638 2639 545
5504 4 2 3 5 2820 2528 2525 102
5505 4 2 3 5 1993 2386 1996 1525
5506 4 2 3 5 2820 2821 1713 2818
5507 4 2 3 5 2840 743 761 772
5508 4 2 3 5 2864 756 2866 2861
5509 4 2 3 5 1001 791 1440 1407
5510 4 2 3 5 2549 2033 2325 2034
5511 4 2 3 5 2638 2633 2639 1641
5512 4 2 3 5 1980 1722 2035 1724
5513 4 2 3 5 1351 1494 1350 1486
5514 4 2 3 5 1389 1462 1085 1084
5515 4 2 3 5 2408 2092 2420 1860
5516 4 2 3 5 614 2690 2220 111
5517 4 2 3 5 690 2379 91 2431
5518 4 2 3 5 2342 2234 2192 2343
5519 4 2 3 5 103 2528 2820 102
5520 4 2 3 5 2875 2869 2003 2868
5521 4 2 3 5 2610 2605 2645 2762
5522 4 2 3 5 1500 1800 1908 2646
5523 4 2 3 5 1993 1537 2386 1525
5524 4 2 3 5 2244 2280 1725 2185
5525 4 2 3 5 2463 1426 2458 1413
5526 4 2 3 5 2783 2794 2829 2828
5527 4 2 3 5 1808 2375 2376 1807
5528 4 2 3 5 2528 104 2820 2333
5529 4 2 3 5 2218 2195 1685 2220
5530 4 2 3 5 2021 2194 2822 2816
5531 4 2 3 5 1599 1598 1610 1616
5532 4 2 3 5 899 1355 1351 1364
5533 4 2 3 5 1438 1023 1047 1433
5534 4 2 3 5 2084 1631 2082 2083
5535 4 2 3 5 2500 2469 124 2502
5536 4 2 3 5 1916 504 654 683
5537 4 2 3 5 125 2500 124 2502
5538 4 2 3 5 1779 1773 2366 2367
5539 4 2 3 5 2142 1892 2132 1888
5540 4 2 3 5 1691 1842 1628 2237
5541 4 2 3 5 2234 2233 1658 1816
5542 4 2 3 5 2468 636 497 124
5543 4 2 3 5 1865 1638 2879 2259
5544 4 2 3 5 2529 2803 2821 2818
5545 4 2 3 5 1071 1443 1069 1072
5546 4 2 3 5 2610 2054 1904 1903
5547 4 2 3 5 120 2144 2598 2138
5548 4 2 3 5 2506 2841 738 2504
5549 4 2 3 5 1331 1363 1332 847
5550 4 2 3 5 2745 2731 612 684
5551 4 2 3 5 1961 1962 2575 2574
5552 4 2 3 5 2725 2747 2422 130
5553 4 2 3 5 2638 544 2405 545
5554 4 2 3 5 999 1037 138 1043
5555 4 2 3 5 889 888 940 1343
5556 4 2 3 5 1037 1043 1410 1030
5557 4 2 3 5 1498 1497 1407 1413
5558 4 2 3 5 2446 2448 1997 2449
5559 4 2 3 5 1993 1994 2056 2386
5560 4 2 3 5 1754 1366 818 819
5561 4 2 3 5 164 789 1382 930
5562 4 2 3 5 2061 2546 2536 1574
5563 4 2 3 5 1559 1414 2331 1316
5564 4 2 3 5 1479 1603 1964 2579
5565 4 2 3 5 1814 1336 1333 852
5566 4 2 3 5 2033 2249 2325 2034
5567 4 2 3 5 2496 1438 1514 1433
5568 4 2 3 5 1378 1377 807 165
5569 4 2 3 5 813 940 1343 958
5570 4 2 3 5 769 2479 135 781
5571 4 2 3 5 1608 1505 2482 2019
5572 4 2 3 5 1415 1416 1418 1564
5573 4 2 3 5 1326 801 882 996
5574 4 2 3 5 2265 2479 135 769
5575 4 2 3 5 791 1006 937 146
5576 4 2 3 5 1078 2891 1079 1095
5577 4 2 3 5 1497 804 959 992
5578 4 2 3 5 1043 963 1417 1007
5579 4 2 3 5 1398 894 891 925
5580 4 2 3 5 2887 1065 1450 1062
5581 4 2 3 5 1001 875 937 1407
5582 4 2 3 5 2070 2623 2620 2624
5583 4 2 3 5 875 1494 876 860
5584 4 2 3 5 1441 1071 1443 1069
5585 4 2 3 5 1938 2123 621 2676
5586 4 2 3 5 1452 1441 1443 1069
5587 4 2 3 5 2044 2490 2868 2867
5588 4 2 3 5 1827 1821 892 1813
5589 4 2 3 5 1660 2167 2663 1834
5590 4 2 3 5 1731 2307 1730 1703
5591 4 2 3 5 2649 592 576 611
5592 4 2 3 5 2478 2089 2872 2480
5593 4 2 3 5 2303 2315 2749 2316
5594 4 2 3 5 2369 624 494 2365
5595 4 2 3 5 1878 1890 1740 2597
5596 4 2 3 5 801 1666 1326 986
5597 4 2 3 5 2089 2847 2872 2090
5598 4 2 3 5 2653 562 2647 2137
5599 4 2 3 5 630 668 2080 577
5600 4 2 3 5 1377 164 165 1397
5601 4 2 3 5 2398 2167 1663 1926
5602 4 2 3 5 2395 2396 2364 1785
5603 4 2 3 5 1527 2391 1745 1751
5604 4 2 3 5 1667 2719 1558 2287
5605 4 2 3 5 2675 1938 2676 1794
5606 4 2 3 5 2691 111 112 502
5607 4 2 3 5 525 2658 2654 2653
5608 4 2 3 5 2644 1539 2383 2492
5609 4 2 3 5 1872 2260 2259 2258
5610 4 2 3 5 588 505 590 2214
5611 4 2 3 5 171 946 1080 798
5612 4 2 3 5 95 2626 2153 2497
5613 4 2 3 5 2685 2658 1800 2667
5614 4 2 3 5 1497 874 1407 992
5615 4 2 3 5 1939 1533 1791 2394
5616 4 2 3 5 1990 1985 1568 1493
5617 4 2 3 5 630 132 2430 500
5618 4 2 3 5 1852 2713 2274 1853
5619 4 2 3 5 2125 2137 2063 585
5620 4 2 3 5 2151 537 2767 600
5621 4 2 3 5 2770 2771 2773 2160
5622 4 2 3 5 1092 171 1080 798
5623 4 2 3 5 2691 2690 2711 2666
5624 4 2 3 5 2505 2507 124 123
5625 4 2 3 5 2847 2089 744 785
5626 4 2 3 5 2859 2838 2840 761
5627 4 2 3 5 1815 1827 892 1813
5628 4 2 3 5 2649 592 2403 2284
5629 4 2 3 5 2401 549 2629 2635
5630 4 2 3 5 1722 2181 2182 2154
5631 4 2 3 5 1634 1357 2631 2410
5632 4 2 3 5 1624 2173 1735 2174
5633 4 2 3 5 2283 2282 2278 1724
5634 4 2 3 5 2773 2303 1647 2749
5635 4 2 3 5 559 2184 1725 2185
5636 4 2 3 5 515 2708 2706 2710
5637 4 2 3 5 503 2690 112 2201
5638 4 2 3 5 2767 536 573 600
5639 4 2 3 5 1821 1814 1813 2236
5640 4 2 3 5 2123 499 621 670
5641 4 2 3 5 769 2256 777 748
5642 4 2 3 5 1814 1661 1813 2236
5643 4 2 3 5 2102 2644 2758 2761
5644 4 2 3 5 2133 2134 2135 2131
5645 4 2 3 5 2863 752 2844 755
5646 4 2 3 5 615 516 502 2710
5647 4 2 3 5 1759 1770 2376 1807
5648 4 2 3 5 1895 1892 2142 1888
5649 4 2 3 5 2685 2650 2688 1802
5650 4 2 3 5 1993 2450 1525 1983
5651 4 2 3 5 890 1821 1813 892
5652 4 2 3 5 890 873 892 1813
5653 4 2 3 5 2523 2336 2526 2400
5654 4 2 3 5 1589 1425 1519 1300
5655 4 2 3 5 1661 873 890 1813
5656 4 2 3 5 2302 1297 1420 2310
5657 4 2 3 5 2059 1572 1328 1573
5658 4 2 3 5 2006 2007 2047 2509
5659 4 2 3 5 597 2100 538 598
5660 4 2 3 5 1694 1315 1847 1848
5661 4 2 3 5 824 1359 2614 1354
5662 4 2 3 5 775 760 2748 2586
5663 4 2 3 5 2775 2589 2777 1952
5664 4 2 3 5 1814 890 1821 1813
5665 4 2 3 5 2730 652 129 2777
5666 4 2 3 5 657 2151 2146 600
5667 4 2 3 5 2625 1596 1595 2215
5668 4 2 3 5 2811 2465 91 2378
5669 4 2 3 5 2680 99 2743 2678
5670 4 2 3 5 2538 1591 2542 1642
5671 4 2 3 5 2214 660 590 1595
5672 4 2 3 5 2379 690 714 2431
5673 4 2 3 5 2146 2150 491 639
5674 4 2 3 5 663 2146 491 639
5675 4 2 3 5 1918 1917 1919 1926
5676 4 2 3 5 2128 2129 1741 1885
5677 4 2 3 5 2108 1765 1541 1296
5678 4 2 3 5 1896 2347 2345 2353
5679 4 2 3 5 625 2395 2364 607
5680 4 2 3 5 1983 2491 2656 1525
5681 4 2 3 5 1770 2108 1541 1296
5682 4 2 3 5 2191 1816 1823 1839
5683 4 2 3 5 2649 2285 2284 1853
5684 4 2 3 5 1830 1829 1862 1859
5685 4 2 3 5 2218 642 2219 2225
5686 4 2 3 5 136 2254 2264 137
5687 4 2 3 5 105 104 623 2322
5688 4 2 3 5 702 2789 699 2790
5689 4 2 3 5 136 137 2264 739
5690 4 2 3 5 2111 1771 2114 2116
5691 4 2 3 5 1705 2183 1702 2316
5692 4 2 3 5 2831 1581 2788 2217
5693 4 2 3 5 2113 1778 2807 1784
5694 4 2 3 5 2655 1982 2036 2366
5695 4 2 3 5 2836 707 730 708
5696 4 2 3 5 1765 1770 1541 1296
5697 4 2 3 5 1292 1530 1564 2466
5698 4 2 3 5 521 2397 519 2673
5699 4 2 3 5 1671 1760 2708 2686
5700 4 2 3 5 626 2395 2388 522
5701 4 2 3 5 2037 1788 2650 2687
5702 4 2 3 5 94 2447 2739 2498
5703 4 2 3 5 701 2792 2789 2791
5704 4 2 3 5 2151 537 2640 2767
5705 4 2 3 5 2461 1581 1992 2462
5706 4 2 3 5 2221 1687 2226 2697
5707 4 2 3 5 134 631 2273 501
5708 4 2 3 5 729 714 2431 722
5709 4 2 3 5 2139 1878 2597 1890
5710 4 2 3 5 2853 2850 2846 2851
5711 4 2 3 5 2128 1676 1932 2134
5712 4 2 3 5 746 2263 2264 739
5713 4 2 3 5 2397 521 523 2673
5714 4 2 3 5 542 2205 2119 2487
5715 4 2 3 5 2566 1441 2890 1307
5716 4 2 3 5 2045 1550 2569 2563
5717 4 2 3 5 921 841 1476 919
5718 4 2 3 5 1476 2630 1477 1328
5719 4 2 3 5 2855 2258 1943 1844
5720 4 2 3 5 1579 2825 2829 1586
5721 4 2 3 5 2490 2624 1898 1910
5722 4 2 3 5 562 2653 524 2137
5723 4 2 3 5 2709 745 2754 2356
5724 4 2 3 5 2750 2755 2187 2751
5725 4 2 3 5 2845 758 2754 2846
5726 4 2 3 5 2622 1895 2072 1551
5727 4 2 3 5 1928 1838 2193 2192
5728 4 2 3 5 1744 1298 1745 1746
5729 4 2 3 5 751 2848 2846 750
5730 4 2 3 5 2628 2730 2777 687
5731 4 2 3 5 668 630 2430 500
5732 4 2 3 5 764 2840 761 772
5733 4 2 3 5 2593 1971 2588 1966
5734 4 2 3 5 1524 1539 2492 2383
5735 4 2 3 5 2645 2644 2758 568
5736 4 2 3 5 738 2505 124 771
5737 4 2 3 5 2853 2849 2846 2850
5738 4 2 3 5 1441 1065 2887 1071
5739 4 2 3 5 1441 1452 1443 1307
5740 4 2 3 5 1486 1495 2437 1407
5741 4 2 3 5 1961 2485 2513 1328
5742 4 2 3 5 147 1038 791 146
5743 4 2 3 5 2867 1898 1915 1899
5744 4 2 3 5 872 974 2165 1396
5745 4 2 3 5 950 979 1446 1387
5746 4 2 3 5 2569 2004 2259 2857
5747 4 2 3 5 2071 2141 2360 2072
5748 4 2 3 5 1367 1366 1875 1888
5749 4 2 3 5 1929 1656 1919 1323
5750 4 2 3 5 2280 555 557 556
5751 4 2 3 5 564 2280 601 2244
5752 4 2 3 5 1831 2351 2074 2350
5753 4 2 3 5 564 2244 601 644
5754 4 2 3 5 2244 644 672 601
5755 4 2 3 5 1532 1923 2391 1921
5756 4 2 3 5 532 2644 2645 568
5757 4 2 3 5 2759 2100 2097 2758
5758 4 2 3 5 1962 1478 2514 2006
5759 4 2 3 5 833 1905 834 1346
5760 4 2 3 5 2100 2102 599 2758
5761 4 2 3 5 1462 1070 1085 1084
5762 4 2 3 5 1819 1810 1812 1823
5763 4 2 3 5 2409 2885 2883 1406
5764 4 2 3 5 1858 1840 2087 1828
5765 4 2 3 5 1398 894 896 1399
5766 4 2 3 5 1075 2892 1074 1444
5767 4 2 3 5 2097 2759 2758 2046
5768 4 2 3 5 2100 599 2097 2758
5769 4 2 3 5 1859 1726 2087 2088
5770 4 2 3 5 1905 833 830 1346
5771 4 2 3 5 2044 2045 1899 2867
5772 4 2 3 5 910 1676 1365 818
5773 4 2 3 5 946 1444 1446 1080
5774 4 2 3 5 531 2644 2492 530
5775 4 2 3 5 2566 2890 1974 1307
5776 4 2 3 5 945 1666 986 869
5777 4 2 3 5 1398 1827 1337 925
5778 4 2 3 5 164 973 1390 788
5779 4 2 3 5 1361 1393 867 1387
5780 4 2 3 5 2183 1705 1627 2176
5781 4 2 3 5 1677 1678 1747 1323
5782 4 2 3 5 1933 944 1003 865
5783 4 2 3 5 1393 1361 2078 2132
5784 4 2 3 5 2261 2095 2074 2073
5785 4 2 3 5 1629 2178 1723 2279
5786 4 2 3 5 1305 1815 1822 1833
5787 4 2 3 5 164 1372 1374 163
5788 4 2 3 5 1723 1944 2279 1954
5789 4 2 3 5 1332 1335 1333 848
5790 4 2 3 5 1814 855 890 873
5791 4 2 3 5 608 2676 579 670
5792 4 2 3 5 857 1335 863 847
5793 4 2 3 5 1604 2005 2510 2642
5794 4 2 3 5 608 520 579 2676
5795 4 2 3 5 977 1399 896 893
5796 4 2 3 5 2327 2249 2181 2279
5797 4 2 3 5 994 795 1084 1389
5798 4 2 3 5 2275 1629 2276 2279
5799 4 2 3 5 1503 2476 2608 2477
5800 4 2 3 5 2450 1983 1491 1525
5801 4 2 3 5 2267 2268 1801 1987
5802 4 2 3 5 2054 1907 2056 1996
5803 4 2 3 5 1415 1805 1564 1412
5804 4 2 3 5 2216 660 2214 1595
5805 4 2 3 5 2893 1393 2078 2132
5806 4 2 3 5 1399 1324 1833 2235
5807 4 2 3 5 658 2202 2214 590
5808 4 2 3 5 800 1324 896 988
5809 4 2 3 5 1373 2348 2349 1692
5810 4 2 3 5 1362 2276 1336 2415
5811 4 2 3 5 2891 1310 2893 2892
5812 4 2 3 5 2622 2621 2476 2477
5813 4 2 3 5 822 1367 902 820
5814 4 2 3 5 1053 934 1444 1445
5815 4 2 3 5 2043 2621 2477 2476
5816 4 2 3 5 1911 1884 1885 2652
5817 4 2 3 5 658 657 2202 590
5818 4 2 3 5 1304 2886 2409 2889
5819 4 2 3 5 1302 1869 2094 1860
5820 4 2 3 5 2713 2244 672 601
5821 4 2 3 5 2280 2244 2713 601
5822 4 2 3 5 2892 1075 1067 1078
5823 4 2 3 5 938 960 867 1393
5824 4 2 3 5 1393 866 979 867
5825 4 2 3 5 1444 1454 2143 1455
5826 4 2 3 5 2403 2745 2629 612
5827 4 2 3 5 817 1754 816 814
5828 4 2 3 5 1620 2496 1424 1594
5829 4 2 3 5 1503 2622 2476 2477
5830 4 2 3 5 1914 2043 2624 2620
5831 4 2 3 5 800 1447 1077 941
5832 4 2 3 5 1961 2485 2019 2513
5833 4 2 3 5 2085 1856 1337 1827
5834 4 2 3 5 2890 1304 2409 2889
5835 4 2 3 5 1856 2092 1860 2420
5836 4 2 3 5 2885 939 904 1406
5837 4 2 3 5 176 994 177 1084
5838 4 2 3 5 500 2745 611 612
5839 4 2 3 5 1753 1334 1295 1360
5840 4 2 3 5 2391 1923 2393 1675
5841 4 2 3 5 2209 2269 1780 1987
5842 4 2 3 5 1794 1881 2695 1531
5843 4 2 3 5 500 2745 612 684
5844 4 2 3 5 1355 899 1905 1364
5845 4 2 3 5 1497 1496 2437 1407
5846 4 2 3 5 1032 1404 1432 1033
5847 4 2 3 5 2178 1629 2180 2279
5848 4 2 3 5 993 181 956 1088
5849 4 2 3 5 2404 2252 2279 1954
5850 4 2 3 5 2491 529 530 2657
5851 4 2 3 5 2327 2249 1318 1636
5852 4 2 3 5 2885 1406 904 2883
5853 4 2 3 5 907 939 794 1406
5854 4 2 3 5 2180 2327 1318 1636
5855 4 2 3 5 2315 653 508 106
5856 4 2 3 5 1436 1427 1030 1041
5857 4 2 3 5 2773 2303 2749 2774
5858 4 2 3 5 1426 1432 2455 1413
5859 4 2 3 5 1334 910 879 1675
5860 4 2 3 5 809 2163 974 1381
5861 4 2 3 5 857 1330 848 897
5862 4 2 3 5 723 2819 695 2836
5863 4 2 3 5 2026 2027 2542 2547
5864 4 2 3 5 1031 158 157 801
5865 4 2 3 5 2461 1997 1580 2449
5866 4 2 3 5 1781 2373 1776 1807
5867 4 2 3 5 1756 1776 1767 1758
5868 4 2 3 5 982 1404 796 955
5869 4 2 3 5 943 1518 915 984
5870 4 2 3 5 2495 1612 1348 2433
5871 4 2 3 5 2773 1647 1648 2749
5872 4 2 3 5 2403 2629 1953 1976
5873 4 2 3 5 2881 1973 2094 1974
5874 4 2 3 5 2140 1797 2354 2141
5875 4 2 3 5 2886 1308 1401 870
5876 4 2 3 5 1447 1442 1401 1400
5877 4 2 3 5 797 1447 1401 942
5878 4 2 3 5 1077 188 1091 962
5879 4 2 3 5 1676 1677 2134 1678
5880 4 2 3 5 1453 2891 2892 1078
5881 4 2 3 5 2770 2773 1648 2749
5882 4 2 3 5 2013 2558 2565 2559
5883 4 2 3 5 1944 1629 2279 2276
5884 4 2 3 5 2480 1858 1871 1859
5885 4 2 3 5 991 1089 1445 810
5886 4 2 3 5 1346 829 831 830
5887 4 2 3 5 2484 1470 1328 1471
5888 4 2 3 5 1442 1401 1068 1058
5889 4 2 3 5 2095 1831 2093 2262
5890 4 2 3 5 1573 921 1328 1476
5891 4 2 3 5 2431 714 2784 722
5892 4 2 3 5 1789 1750 1757 1751
5893 4 2 3 5 2142 1936 2073 2074
5894 4 2 3 5 2673 608 524 2689
5895 4 2 3 5 889 1655 1412 1674
5896 4 2 3 5 1572 921 1328 1573
5897 4 2 3 5 2227 493 676 634
5898 4 2 3 5 1944 2276 2279 1954
5899 4 2 3 5 2162 2166 2164 2163
5900 4 2 3 5 2227 92 493 634
5901 4 2 3 5 1031 1015 1036 1434
5902 4 2 3 5 1059 186 1051 941
5903 4 2 3 5 1409 1082 1457 1456
5904 4 2 3 5 1694 2354 1849 2349
5905 4 2 3 5 1324 1398 1447 983
5906 4 2 3 5 1303 1727 1631 1333
5907 4 2 3 5 1401 1442 1068 2889
5908 4 2 3 5 2308 1666 2305 2298
5909 4 2 3 5 2059 2534 1572 1573
5910 4 2 3 5 1022 1425 1545 1439
5911 4 2 3 5 1396 974 2165 2290
5912 4 2 3 5 2777 492 632 645
5913 4 2 3 5 2318 2319 2321 1421
5914 4 2 3 5 2155 1731 2522 2527
5915 4 2 3 5 1570 2228 2447 2459
5916 4 2 3 5 2579 1963 2585 1964
5917 4 2 3 5 1398 2085 1827 1860
5918 4 2 3 5 2340 2341 2343 1659
5919 4 2 3 5 1638 2880 2856 2407
5920 4 2 3 5 2473 2054 2042 2474
5921 4 2 3 5 2605 2874 2475 2620
5922 4 2 3 5 2518 2777 632 645
5923 4 2 3 5 2648 2069 2646 2716
5924 4 2 3 5 1822 1833 1860 1692
5925 4 2 3 5 1321 1342 2558 1322
5926 4 2 3 5 2011 2002 2521 2053
5927 4 2 3 5 2141 2072 1892 2360
5928 4 2 3 5 2875 2508 2504 2868
5929 4 2 3 5 2506 2505 738 771
5930 4 2 3 5 1883 2667 2668 2127
5931 4 2 3 5 1983 1993 2056 1996
5932 4 2 3 5 1365 1334 1360 2652
5933 4 2 3 5 822 823 1359 821
5934 4 2 3 5 865 866 975 1387
5935 4 2 3 5 2518 2117 2777 645
5936 4 2 3 5 2508 2875 2003 2868
5937 4 2 3 5 943 921 924 1328
5938 4 2 3 5 1078 1057 1079 1402
5939 4 2 3 5 884 938 1338 2617
5940 4 2 3 5 921 943 1572 1328
5941 4 2 3 5 1678 1690 2354 1796
5942 4 2 3 5 1655 889 958 1343
5943 4 2 3 5 862 900 886 1321
5944 4 2 3 5 972 1372 1390 788
5945 4 2 3 5 1527 1672 1769 1751
5946 4 2 3 5 2735 2702 2206 1679
5947 4 2 3 5 1057 173 1079 1402
5948 4 2 3 5 1917 1922 1761 1921
5949 4 2 3 5 2391 2390 2389 1921
5950 4 2 3 5 1470 943 1328 1471
5951 4 2 3 5 1974 1867 1964 1970
5952 4 2 3 5 1522 1516 2548 2537
5953 4 2 3 5 2830 1581 1594 1586
5954 4 2 3 5 92 2456 2441 2740
5955 4 2 3 5 1751 1672 1757 2389
5956 4 2 3 5 2534 1618 2532 2535
5957 4 2 3 5 1666 801 1326 1434
5958 4 2 3 5 1410 1384 1417 963
5959 4 2 3 5 1771 1430 1028 1427
5960 4 2 3 5 1326 1383 1434 996
5961 4 2 3 5 1376 1362 849 1371
5962 4 2 3 5 800 1447 941 983
5963 4 2 3 5 2714 2732 2226 2253
5964 4 2 3 5 1447 1398 942 983
5965 4 2 3 5 762 756 753 2861
5966 4 2 3 5 1441 2887 2889 1068
5967 4 2 3 5 1809 2229 2226 2225
5968 4 2 3 5 1909 2610 1904 2620
5969 4 2 3 5 1442 1304 2889 1401
5970 4 2 3 5 181 993 1054 1088
5971 4 2 3 5 1298 2390 2389 1746
5972 4 2 3 5 2351 1448 2096 2888
5973 4 2 3 5 1761 1896 1924 1921
5974 4 2 3 5 911 913 1358 1599
5975 4 2 3 5 911 916 1358 913
5976 4 2 3 5 2487 2203 2204 1504
5977 4 2 3 5 1593 1584 1590 1510
5978 4 2 3 5 1598 1597 2642 1610
5979 4 2 3 5 2578 2015 2576 2575
5980 4 2 3 5 2484 2483 2019 1468
5981 4 2 3 5 1896 1922 1924 1921
5982 4 2 3 5 2085 2096 1304 2409
5983 4 2 3 5 734 95 2499 2498
5984 4 2 3 5 1990 2210 1294 1992
5985 4 2 3 5 913 911 1350 1599
5986 4 2 3 5 2513 2484 1470 1328
5987 4 2 3 5 1961 2571 2509 2515
5988 4 2 3 5 899 1355 828 1351
5989 4 2 3 5 2098 2117 2515 2121
5990 4 2 3 5 529 527 530 2657
5991 4 2 3 5 2396 1787 1789 1802
5992 4 2 3 5 681 2697 108 656
5993 4 2 3 5 1314 2129 1359 1534
5994 4 2 3 5 1995 2451 2452 2443
5995 4 2 3 5 2760 2101 1615 2097
5996 4 2 3 5 1539 2644 2762 1645
5997 4 2 3 5 2386 1645 1996 1525
5998 4 2 3 5 2610 635 2645 2605
5999 4 2 3 5 1765 1748 2105 1762
6000 4 2 3 5 90 2811 2377 91
6001 4 2 3 5 1990 2210 2378 1985
6002 4 2 3 5 1698 2288 2294 1697
6003 4 2 3 5 1630 2249 2181 2327
6004 4 2 3 5 2725 740 2586 130
6005 4 2 3 5 1729 1728 2154 2328
6006 4 2 3 5 2221 109 2697 656
6007 4 2 3 5 1355 828 826 1353
6008 4 2 3 5 2133 2135 1891 1914
6009 4 2 3 5 619 553 2281 2248
6010 4 2 3 5 1922 1929 1921 1919
6011 4 2 3 5 2456 1985 2454 1568
6012 4 2 3 5 2599 786 2602 2598
6013 4 2 3 5 164 1377 165 930
6014 4 2 3 5 1760 2686 2672 2717
6015 4 2 3 5 2681 2680 2677 1585
6016 4 2 3 5 2155 1731 2527 1700
6017 4 2 3 5 495 2337 628 667
6018 4 2 3 5 696 2819 2820 104
6019 4 2 3 5 2819 1699 1713 2333
6020 4 2 3 5 2735 2737 5 2705
6021 4 2 3 5 173 793 1079 1402
6022 4 2 3 5 1720 2337 495 667
6023 4 2 3 5 1462 1291 1321 1460
6024 4 2 3 5 2337 575 628 667
6025 4 2 3 5 1421 2321 2312 2334
6026 4 2 3 5 1744 1749 2398 1663
6027 4 2 3 5 1922 1896 1761 1921
6028 4 2 3 5 2152 94 2739 2493
6029 4 2 3 5 823 858 864 1360
6030 4 2 3 5 1314 1792 1741 2131
6031 4 2 3 5 1805 2269 1780 2209
6032 4 2 3 5 2313 2302 1708 2301
6033 4 2 3 5 943 1572 1328 1471
6034 4 2 3 5 2638 2637 1608 1641
6035 4 2 3 5 1814 2087 1855 2241
6036 4 2 3 5 628 627 661 2400
6037 4 2 3 5 2059 2061 1642 2536
6038 4 2 3 5 719 731 2812 727
6039 4 2 3 5 1961 1468 2510 2513
6040 4 2 3 5 2308 2329 1730 2305
6041 4 2 3 5 95 2497 2739 2493
6042 4 2 3 5 1620 1643 1593 2683
6043 4 2 3 5 1612 2495 1348 1616
6044 4 2 3 5 2045 2875 2568 2003
6045 4 2 3 5 2778 2633 1641 2635
6046 4 2 3 5 1293 2440 2496 1348
6047 4 2 3 5 537 2151 540 600
6048 4 2 3 5 2632 2775 1608 2481
6049 4 2 3 5 94 95 2739 2493
6050 4 2 3 5 2381 591 639 573
6051 4 2 3 5 534 533 535 2383
6052 4 2 3 5 2119 2205 2640 2204
6053 4 2 3 5 2458 1426 1991 2466
6054 4 2 3 5 2737 1711 2796 2705
6055 4 2 3 5 1543 1731 2330 2331
6056 4 2 3 5 2150 96 2625 491
6057 4 2 3 5 825 902 1339 1338
6058 4 2 3 5 2534 1572 1573 1519
6059 4 2 3 5 2740 2456 2441 1567
6060 4 2 3 5 912 1347 970 914
6061 4 2 3 5 2413 1949 2747 2419
6062 4 2 3 5 1704 2307 1700 1714
6063 4 2 3 5 1554 1973 2564 1866
6064 4 2 3 5 2329 1559 2328 1730
6065 4 2 3 5 825 1367 1339 902
6066 4 2 3 5 2680 2679 99 100
6067 4 2 3 5 2087 1842 1628 1691
6068 4 2 3 5 2423 1840 1857 2087
6069 4 2 3 5 1583 1587 1617 1590
6070 4 2 3 5 2260 2858 2857 2601
6071 4 2 3 5 1949 1956 2411 2410
6072 4 2 3 5 2285 2080 2081 2768
6073 4 2 3 5 1342 1322 2008 2558
6074 4 2 3 5 2666 514 112 113
6075 4 2 3 5 1298 2664 1744 2398
6076 4 2 3 5 2261 2076 2074 2262
6077 4 2 3 5 2288 1698 2290 2289
6078 4 2 3 5 2664 1744 2398 1663
6079 4 2 3 5 2714 1836 1818 2732
6080 4 2 3 5 2665 2201 2196 617
6081 4 2 3 5 2166 2162 1632 1811
6082 4 2 3 5 2218 2222 1685 1547
6083 4 2 3 5 1731 2155 2522 2025
6084 4 2 3 5 746 747 2263 739
6085 4 2 3 5 2707 2711 1670 2706
6086 4 2 3 5 2212 87 86 2213
6087 4 2 3 5 1666 2297 2304 2305
6088 4 2 3 5 1760 1536 2717 2674
6089 4 2 3 5 2163 2164 2662 1397
6090 4 2 3 5 2157 2158 2700 2699
6091 4 2 3 5 2130 1366 902 1339
6092 4 2 3 5 2826 2795 2829 1586
6093 4 2 3 5 2847 1861 2849 2872
6094 4 2 3 5 2755 2254 2753 2255
6095 4 2 3 5 727 2803 2813 2812
6096 4 2 3 5 1885 2064 2131 1913
6097 4 2 3 5 1949 1870 1958 2427
6098 4 2 3 5 1744 1662 2104 1762
6099 4 2 3 5 1701 1705 1627 1702
6100 4 2 3 5 855 868 2175 1626
6101 4 2 3 5 2792 2825 2793 2813
6102 4 2 3 5 928 1384 1410 963
6103 4 2 3 5 2107 1684 1542 2301
6104 4 2 3 5 2551 2680 2681 2832
6105 4 2 3 5 2822 2207 1718 1520
6106 4 2 3 5 2704 1684 1680 2110
6107 4 2 3 5 2252 2035 2279 1954
6108 4 2 3 5 1673 1562 1296 1417
6109 4 2 3 5 762 2841 2840 764
6110 4 2 3 5 727 713 2812 2813
6111 4 2 3 5 1815 891 893 892
6112 4 2 3 5 751 2852 2846 2851
6113 4 2 3 5 1299 2882 1974 1964
6114 4 2 3 5 2005 1468 2019 1604
6115 4 2 3 5 2880 2729 2881 2420
6116 4 2 3 5 713 727 700 2813
6117 4 2 3 5 2529 2803 2812 1717
6118 4 2 3 5 2098 2119 2099 2482
6119 4 2 3 5 2823 2825 2678 2813
6120 4 2 3 5 1395 868 1626 2175
6121 4 2 3 5 2329 1559 1730 2326
6122 4 2 3 5 1840 2272 2274 1828
6123 4 2 3 5 2794 2783 711 2828
6124 4 2 3 5 105 2315 2322 623
6125 4 2 3 5 2810 2782 2806 2827
6126 4 2 3 5 2390 1298 2398 1746
6127 4 2 3 5 2391 1527 1745 1746
6128 4 2 3 5 1759 1765 1756 2376
6129 4 2 3 5 1798 1983 2056 1996
6130 4 2 3 5 1699 1700 1706 1707
6131 4 2 3 5 2708 674 2780 567
6132 4 2 3 5 1739 1750 1757 1789
6133 4 2 3 5 2395 2396 1782 2364
6134 4 2 3 5 2380 2805 2806 1774
6135 4 2 3 5 1366 1367 902 1339
6136 4 2 3 5 2496 1623 1499 2448
6137 4 2 3 5 2691 2710 2706 2711
6138 4 2 3 5 1045 1031 1036 1434
6139 4 2 3 5 2211 2113 2114 1428
6140 4 2 3 5 716 736 2796 689
6141 4 2 3 5 1709 1711 2796 2817
6142 4 2 3 5 2238 2185 1686 2225
6143 4 2 3 5 1517 2830 2496 2449
6144 4 2 3 5 1565 1021 1426 2809
6145 4 2 3 5 2456 2811 2465 91
6146 4 2 3 5 1772 2112 1778 2115
6147 4 2 3 5 1772 1512 1778 1784
6148 4 2 3 5 1754 1366 2130 1886
6149 4 2 3 5 960 1393 1402 979
6150 4 2 3 5 2234 1816 2191 1839
6151 4 2 3 5 2235 1369 1692 1817
6152 4 2 3 5 1092 1444 798 1080
6153 4 2 3 5 1551 2569 2857 2564
6154 4 2 3 5 1399 977 1380 895
6155 4 2 3 5 1427 1430 1417 1296
6156 4 2 3 5 1894 2622 1888 2077
6157 4 2 3 5 770 2506 2866 2861
6158 4 2 3 5 1884 2038 1533 2652
6159 4 2 3 5 1549 1927 2339 1837
6160 4 2 3 5 1760 1671 2389 1757
6161 4 2 3 5 2362 2352 2361 118
6162 4 2 3 5 2616 2615 2619 2065
6163 4 2 3 5 734 725 733 2794
6164 4 2 3 5 693 734 733 2828
6165 4 2 3 5 811 806 162 1370
6166 4 2 3 5 1400 1337 871 942
6167 4 2 3 5 927 998 962 1409
6168 4 2 3 5 1762 1748 2105 2104
6169 4 2 3 5 2342 2340 1658 2343
6170 4 2 3 5 1830 1829 2255 1862
6171 4 2 3 5 1822 1827 1813 1691
6172 4 2 3 5 2890 2566 1309 1450
6173 4 2 3 5 93 2228 2828 722
6174 4 2 3 5 2696 2723 1818 2714
6175 4 2 3 5 559 565 2184 2185
6176 4 2 3 5 1874 1913 2136 1914
6177 4 2 3 5 2224 1644 2663 2399
6178 4 2 3 5 1465 1464 2433 1611
6179 4 2 3 5 2363 2359 118 2597
6180 4 2 3 5 1366 1367 1339 1888
6181 4 2 3 5 2865 2600 2709 2602
6182 4 2 3 5 1900 1879 2865 2870
6183 4 2 3 5 1929 1922 1930 1919
6184 4 2 3 5 895 1399 1391 1380
6185 4 2 3 5 850 852 853 1333
6186 4 2 3 5 1886 1313 2132 1888
6187 4 2 3 5 2173 2177 2175 2174
6188 4 2 3 5 1313 2078 2132 1888
6189 4 2 3 5 1961 2513 2575 1328
6190 4 2 3 5 1342 2558 2008 1392
6191 4 2 3 5 2039 1943 2259 2857
6192 4 2 3 5 1554 1508 1963 2585
6193 4 2 3 5 913 933 1471 915
6194 4 2 3 5 2874 2507 2503 1910
6195 4 2 3 5 2630 2485 1965 1328
6196 4 2 3 5 2687 1788 2688 2673
6197 4 2 3 5 1742 2357 2354 1942
6198 4 2 3 5 2123 2124 2596 2361
6199 4 2 3 5 2618 2043 2042 2609
6200 4 2 3 5 2375 2374 1769 1673
6201 4 2 3 5 1464 1610 1350 1611
6202 4 2 3 5 2688 2685 1802 1531
6203 4 2 3 5 1367 1314 1359 1875
6204 4 2 3 5 2567 2594 2840 743
6205 4 2 3 5 631 2423 2277 2273
6206 4 2 3 5 2357 2260 1943 2601
6207 4 2 3 5 2362 2363 1897 2353
6208 4 2 3 5 747 773 2263 2845
6209 4 2 3 5 2006 2005 2047 2510
6210 4 2 3 5 2511 2483 2484 2510
6211 4 2 3 5 1464 1599 1350 1610
6212 4 2 3 5 1484 2473 1904 2609
6213 4 2 3 5 1467 1597 2642 1604
6214 4 2 3 5 1943 2258 2259 2857
6215 4 2 3 5 1793 1739 2687 1531
6216 4 2 3 5 1901 1891 2360 1899
6217 4 2 3 5 1037 999 1410 1043
6218 4 2 3 5 1597 2483 2642 1604
6219 4 2 3 5 1500 1912 1800 2667
6220 4 2 3 5 1726 1859 2087 1691
6221 4 2 3 5 2650 1786 2655 2366
6222 4 2 3 5 2750 2189 2192 2751
6223 4 2 3 5 1448 2351 1449 2888
6224 4 2 3 5 93 92 2228 722
6225 4 2 3 5 2384 1474 1350 1611
6226 4 2 3 5 1399 895 1391 1815
6227 4 2 3 5 894 1398 893 1399
6228 4 2 3 5 1577 1408 1375 957
6229 4 2 3 5 2196 2770 2160 2197
6230 4 2 3 5 2536 2541 1642 2537
6231 4 2 3 5 2045 2004 2569 2857
6232 4 2 3 5 2479 2847 777 2256
6233 4 2 3 5 923 984 1589 1519
6234 4 2 3 5 2634 1968 2630 2020
6235 4 2 3 5 1690 1930 1323 1937
6236 4 2 3 5 2860 2877 2878 2587
6237 4 2 3 5 2007 2470 2009 2053
6238 4 2 3 5 131 2724 2747 2746
6239 4 2 3 5 2775 2588 2777 2589
6240 4 2 3 5 2468 636 2469 123
6241 4 2 3 5 2611 1909 1904 2042
6242 4 2 3 5 2456 2450 1985 1779
6243 4 2 3 5 2068 1359 2614 1360
6244 4 2 3 5 1415 1416 1034 1418
6245 4 2 3 5 139 1043 1007 963
6246 4 2 3 5 1808 2808 1565 2467
6247 4 2 3 5 2830 1581 1580 2449
6248 4 2 3 5 2457 1990 2465 1568
6249 4 2 3 5 2804 2811 2377 90
6250 4 2 3 5 514 647 655 2103
6251 4 2 3 5 823 1359 1365 1360
6252 4 2 3 5 781 2478 134 744
6253 4 2 3 5 2794 2793 2829 2499
6254 4 2 3 5 2210 1781 2378 1985
6255 4 2 3 5 2313 2115 2110 2312
6256 4 2 3 5 2505 125 738 124
6257 4 2 3 5 2505 2508 2504 2503
6258 4 2 3 5 2859 2838 754 2851
6259 4 2 3 5 2622 1485 2564 2563
6260 4 2 3 5 2858 2260 2857 2856
6261 4 2 3 5 916 933 1358 913
6262 4 2 3 5 2841 2869 2504 2868
6263 4 2 3 5 1964 1344 1970 1553
6264 4 2 3 5 2478 2089 134 744
6265 4 2 3 5 1704 2307 2309 1700
6266 4 2 3 5 2803 2815 1717 2821
6267 4 2 3 5 2089 133 134 744
6268 4 2 3 5 2302 2313 1557 2301
6269 4 2 3 5 2456 2464 2811 91
6270 4 2 3 5 2496 1623 1594 1593
6271 4 2 3 5 2260 2407 2259 2856
6272 4 2 3 5 731 692 2678 2812
6273 4 2 3 5 2523 2336 627 102
6274 4 2 3 5 2776 1952 2778 1641
6275 4 2 3 5 2679 99 2531 2677
6276 4 2 3 5 103 2527 2528 102
6277 4 2 3 5 1602 2058 1572 2532
6278 4 2 3 5 2533 1619 2535 2532
6279 4 2 3 5 593 560 545 2405
6280 4 2 3 5 1001 1494 875 1407
6281 4 2 3 5 2577 2015 2575 1965
6282 4 2 3 5 2562 2875 2504 2521
6283 4 2 3 5 2119 2100 2098 2099
6284 4 2 3 5 818 1366 1365 821
6285 4 2 3 5 2599 2604 2598 1898
6286 4 2 3 5 1797 1792 1678 1796
6287 4 2 3 5 1941 2362 1740 2597
6288 4 2 3 5 2202 2205 541 2487
6289 4 2 3 5 1905 1346 1488 1368
6290 4 2 3 5 1638 2004 2259 2569
6291 4 2 3 5 1500 1800 1996 1908
6292 4 2 3 5 2604 2489 2490 2868
6293 4 2 3 5 2604 2070 122 121
6294 4 2 3 5 2646 1500 2716 1882
6295 4 2 3 5 2260 1850 1943 2258
6296 4 2 3 5 2089 785 133 744
6297 4 2 3 5 2005 2006 2047 2509
6298 4 2 3 5 1895 1340 2142 1892
6299 4 2 3 5 768 2598 2599 121
6300 4 2 3 5 2586 2748 2422 2587
6301 4 2 3 5 1850 2260 1943 2357
6302 4 2 3 5 1956 1953 2410 1954
6303 4 2 3 5 2145 1879 1891 1890
6304 4 2 3 5 2347 1837 2338 2187
6305 4 2 3 5 1949 1956 2410 1954
6306 4 2 3 5 2424 2429 2480 1871
6307 4 2 3 5 592 2649 2403 611
6308 4 2 3 5 2778 1967 1953 2020
6309 4 2 3 5 1636 1362 854 931
6310 4 2 3 5 1816 2234 2237 1839
6311 4 2 3 5 160 1409 991 1083
6312 4 2 3 5 1956 1949 1953 1954
6313 4 2 3 5 2351 1831 2093 1833
6314 4 2 3 5 2566 1309 2076 2261
6315 4 2 3 5 818 910 821 1365
6316 4 2 3 5 1419 801 1666 1434
6317 4 2 3 5 542 2119 2481 2487
6318 4 2 3 5 2202 2205 2204 2640
6319 4 2 3 5 2089 2847 744 2479
6320 4 2 3 5 2478 2479 744 781
6321 4 2 3 5 2478 2089 744 2479
6322 4 2 3 5 2725 2724 2591 1947
6323 4 2 3 5 2567 764 772 2840
6324 4 2 3 5 2454 1568 2455 2444
6325 4 2 3 5 2188 2340 1657 1919
6326 4 2 3 5 1500 1912 1996 1800
6327 4 2 3 5 2392 2393 1791 1752
6328 4 2 3 5 966 140 141 1046
6329 4 2 3 5 1372 164 1382 1390
6330 4 2 3 5 2475 1484 1904 2609
6331 4 2 3 5 2863 2864 755 2844
6332 4 2 3 5 2136 1878 2596 2138
6333 4 2 3 5 1761 2352 1880 1924
6334 4 2 3 5 2675 2672 578 2674
6335 4 2 3 5 6 2358 2753 2752
6336 4 2 3 5 2152 493 2381 2738
6337 4 2 3 5 2600 757 755 2844
6338 4 2 3 5 1596 2148 2625 1595
6339 4 2 3 5 895 972 1813 892
6340 4 2 3 5 516 515 502 2710
6341 4 2 3 5 2232 2233 1816 1812
6342 4 2 3 5 2183 2306 1703 2182
6343 4 2 3 5 1685 1669 2160 1547
6344 4 2 3 5 1685 2696 1669 1547
6345 4 2 3 5 2864 2600 755 2844
6346 4 2 3 5 741 786 2602 766
6347 4 2 3 5 1665 1705 2287 1664
6348 4 2 3 5 2600 741 2602 766
6349 4 2 3 5 1695 1665 1664 2171
6350 4 2 3 5 1665 1320 2171 2169
6351 4 2 3 5 2162 2163 2289 2290
6352 4 2 3 5 1721 2671 2400 2337
6353 4 2 3 5 2638 593 2639 545
6354 4 2 3 5 1821 1814 1333 852
6355 4 2 3 5 2249 2327 1318 2279
6356 4 2 3 5 1394 1666 1403 869
6357 4 2 3 5 2207 1712 2817 1778
6358 4 2 3 5 559 2670 2184 561
6359 4 2 3 5 2210 2808 1807 2467
6360 4 2 3 5 2501 2040 2009 2470
6361 4 2 3 5 657 2151 540 2202
6362 4 2 3 5 2672 648 518 578
6363 4 2 3 5 1750 2396 2687 2388
6364 4 2 3 5 2626 95 2153 96
6365 4 2 3 5 2447 2497 1622 2739
6366 4 2 3 5 2831 1581 2217 1594
6367 4 2 3 5 2440 1517 1293 2496
6368 4 2 3 5 786 2599 2602 766
6369 4 2 3 5 2782 1566 2810 2785
6370 4 2 3 5 1993 1994 2443 1995
6371 4 2 3 5 833 899 911 1364
6372 4 2 3 5 693 734 2828 2498
6373 4 2 3 5 2783 1566 2784 2785
6374 4 2 3 5 526 2037 2036 606
6375 4 2 3 5 715 2798 706 705
6376 4 2 3 5 1820 1828 2236 1824
6377 4 2 3 5 2575 2630 1965 1328
6378 4 2 3 5 974 1326 2290 882
6379 4 2 3 5 575 558 561 2670
6380 4 2 3 5 2771 1647 1558 1648
6381 4 2 3 5 2287 2719 2311 1697
6382 4 2 3 5 2288 2292 2294 1697
6383 4 2 3 5 2249 1630 2325 2327
6384 4 2 3 5 1634 1303 1371 1637
6385 4 2 3 5 1362 851 854 931
6386 4 2 3 5 890 1821 891 853
6387 4 2 3 5 2324 2325 2328 2154
6388 4 2 3 5 1863 1853 1954 2768
6389 4 2 3 5 845 844 1331 846
6390 4 2 3 5 2599 2864 2602 766
6391 4 2 3 5 1334 823 1365 1360
6392 4 2 3 5 2571 1960 1966 2570
6393 4 2 3 5 1340 1895 1551 2072
6394 4 2 3 5 2561 2562 2504 2521
6395 4 2 3 5 2881 1554 1866 1973
6396 4 2 3 5 2556 2472 2470 2053
6397 4 2 3 5 1836 1688 1633 2732
6398 4 2 3 5 2715 2714 2226 2253
6399 4 2 3 5 2569 2563 2857 2564
6400 4 2 3 5 2285 2280 2713 577
6401 4 2 3 5 2394 1939 2652 1932
6402 4 2 3 5 1863 2649 2284 1853
6403 4 2 3 5 2713 631 672 2273
6404 4 2 3 5 846 917 849 1371
6405 4 2 3 5 2280 564 557 559
6406 4 2 3 5 2341 2223 1390 1397
6407 4 2 3 5 1009 159 1000 7
6408 4 2 3 5 165 166 1381 809
6409 4 2 3 5 2233 2340 2223 2341
6410 4 2 3 5 2106 2701 2704 2736
6411 4 2 3 5 2111 2112 2114 2109
6412 4 2 3 5 1649 2157 2196 2197
6413 4 2 3 5 1676 910 1365 1675
6414 4 2 3 5 1356 917 846 1371
6415 4 2 3 5 929 1000 1411 964
6416 4 2 3 5 2111 2112 2115 2116
6417 4 2 3 5 1017 1028 1030 1427
6418 4 2 3 5 1772 1777 2114 2109
6419 4 2 3 5 2307 2298 1696 1556
6420 4 2 3 5 1419 1414 1014 2334
6421 4 2 3 5 1419 2329 1414 2332
6422 4 2 3 5 1017 2314 2321 1018
6423 4 2 3 5 2114 2112 2116 1428
6424 4 2 3 5 2210 2467 1807 1529
6425 4 2 3 5 2462 2809 2463 1423
6426 4 2 3 5 2104 2199 2289 2105
6427 4 2 3 5 2217 2787 2788 1422
6428 4 2 3 5 2199 1652 2104 2198
6429 4 2 3 5 2321 2530 2030 2684
6430 4 2 3 5 1858 1842 2087 1859
6431 4 2 3 5 1326 1297 2294 2299
6432 4 2 3 5 1961 2575 1965 1328
6433 4 2 3 5 1683 2286 2311 2287
6434 4 2 3 5 1650 1662 2711 2698
6435 4 2 3 5 1605 1608 2487 2636
6436 4 2 3 5 1649 2201 2692 2197
6437 4 2 3 5 917 1376 849 1371
6438 4 2 3 5 1683 2303 2287 1701
6439 4 2 3 5 2705 689 5 717
6440 4 2 3 5 2201 503 617 112
6441 4 2 3 5 2034 1379 2631 1376
6442 4 2 3 5 2755 2750 2187 2715
6443 4 2 3 5 2414 1950 2410 2631
6444 4 2 3 5 1749 2707 1744 1760
6445 4 2 3 5 963 1673 1417 997
6446 4 2 3 5 2391 1532 2389 2392
6447 4 2 3 5 1379 917 1371 1376
6448 4 2 3 5 1749 2398 1663 1926
6449 4 2 3 5 2084 2417 1727 1303
6450 4 2 3 5 2621 2622 1876 2066
6451 4 2 3 5 1673 1417 997 1412
6452 4 2 3 5 1309 2890 2262 2261
6453 4 2 3 5 1693 1850 2357 2260
6454 4 2 3 5 2864 2599 2865 2867
6455 4 2 3 5 2347 2751 1837 2187
6456 4 2 3 5 1404 1431 1432 1033
6457 4 2 3 5 2686 1739 2388 1750
6458 4 2 3 5 2452 2451 1987 2453
6459 4 2 3 5 1356 917 1371 1379
6460 4 2 3 5 1786 1982 2377 1998
6461 4 2 3 5 2037 2653 2654 2650
6462 4 2 3 5 2485 1961 1965 1328
6463 4 2 3 5 169 1053 1089 810
6464 4 2 3 5 1053 169 934 810
6465 4 2 3 5 1385 1766 1296 1673
6466 4 2 3 5 1775 2373 1806 1780
6467 4 2 3 5 1089 1053 1445 810
6468 4 2 3 5 2703 107 2705 5
6469 4 2 3 5 537 539 540 2640
6470 4 2 3 5 2391 1745 2389 1746
6471 4 2 3 5 1320 1665 1664 2169
6472 4 2 3 5 1053 934 1445 810
6473 4 2 3 5 165 1378 1381 166
6474 4 2 3 5 2233 2232 1661 2230
6475 4 2 3 5 2177 1624 2173 2169
6476 4 2 3 5 834 1345 835 832
6477 4 2 3 5 2539 1643 1592 2535
6478 4 2 3 5 1345 834 1346 832
6479 4 2 3 5 1960 2775 1966 2588
6480 4 2 3 5 2887 1309 2888 1450
6481 4 2 3 5 2058 1601 1617 2532
6482 4 2 3 5 2181 1729 2182 2154
6483 4 2 3 5 584 562 524 2137
6484 4 2 3 5 1303 1332 1371 1637
6485 4 2 3 5 2864 2854 2865 2844
6486 4 2 3 5 2876 2595 2587 2592
6487 4 2 3 5 2341 1372 1382 1390
6488 4 2 3 5 553 2402 551 2251
6489 4 2 3 5 2233 1372 1813 2234
6490 4 2 3 5 903 2883 904 843
6491 4 2 3 5 2017 2577 2630 1965
6492 4 2 3 5 630 2080 2430 2425
6493 4 2 3 5 1665 1705 1627 1701
6494 4 2 3 5 2694 2186 1763 2722
6495 4 2 3 5 1001 1494 1407 1350
6496 4 2 3 5 1395 868 854 1626
6497 4 2 3 5 1598 1599 1471 1616
6498 4 2 3 5 1496 1494 2437 1407
6499 4 2 3 5 1889 1885 2131 1913
6500 4 2 3 5 1372 1373 2343 1659
6501 4 2 3 5 2369 2804 89 2370
6502 4 2 3 5 93 493 677 2152
6503 4 2 3 5 1756 1759 2376 1807
6504 4 2 3 5 2038 2000 1802 1801
6505 4 2 3 5 1561 2798 2800 2799
6506 4 2 3 5 1933 1361 865 1003
6507 4 2 3 5 1982 572 633 1998
6508 4 2 3 5 1779 1786 2366 2377
6509 4 2 3 5 2615 2474 2612 2613
6510 4 2 3 5 1655 889 1673 961
6511 4 2 3 5 1933 968 1936 1003
6512 4 2 3 5 2375 1805 1412 1769
6513 4 2 3 5 1527 2391 1752 1674
6514 4 2 3 5 2838 2839 2840 2862
6515 4 2 3 5 2185 2218 2159 2225
6516 4 2 3 5 2285 2713 2080 577
6517 4 2 3 5 2223 2166 1632 1834
6518 4 2 3 5 668 2285 577 576
6519 4 2 3 5 1875 2616 1887 1888
6520 4 2 3 5 1549 1928 1925 2189
6521 4 2 3 5 2561 126 2520 2504
6522 4 2 3 5 2043 2618 1535 1914
6523 4 2 3 5 2875 2562 2045 2521
6524 4 2 3 5 1867 1964 1970 1553
6525 4 2 3 5 2472 1485 1488 1503
6526 4 2 3 5 2595 2591 2587 2592
6527 4 2 3 5 96 1584 2834 2835
6528 4 2 3 5 1607 1608 2019 1606
6529 4 2 3 5 2100 598 2097 599
6530 4 2 3 5 2637 1608 1606 1605
6531 4 2 3 5 2453 1497 2444 2455
6532 4 2 3 5 2572 1478 2576 2006
6533 4 2 3 5 1601 1602 2019 1606
6534 4 2 3 5 1476 2486 2630 1328
6535 4 2 3 5 2527 103 2522 2336
6536 4 2 3 5 2523 2544 101 629
6537 4 2 3 5 553 554 2281 2251
6538 4 2 3 5 2439 2435 2438 2433
6539 4 2 3 5 932 1577 1375 957
6540 4 2 3 5 99 735 2743 2678
6541 4 2 3 5 1578 1545 2548 1439
6542 4 2 3 5 1293 1517 1438 2496
6543 4 2 3 5 1620 1588 1510 1590
6544 4 2 3 5 2435 2439 1510 2433
6545 4 2 3 5 1347 1437 914 1327
6546 4 2 3 5 907 906 904 2883
6547 4 2 3 5 692 713 2678 2812
6548 4 2 3 5 2523 2527 2024 2524
6549 4 2 3 5 2545 2032 2524 1979
6550 4 2 3 5 1431 1049 1006 1440
6551 4 2 3 5 2111 2112 2110 2115
6552 4 2 3 5 1483 1490 1621 2436
6553 4 2 3 5 2577 1329 1344 2583
6554 4 2 3 5 2006 2572 2007 2053
6555 4 2 3 5 2511 1472 2514 2574
6556 4 2 3 5 2858 2881 2856 2569
6557 4 2 3 5 2100 2643 2640 538
6558 4 2 3 5 1472 2511 2514 1368
6559 4 2 3 5 1358 911 1599 1350
6560 4 2 3 5 1610 1597 2642 1465
6561 4 2 3 5 1447 1324 1448 1833
6562 4 2 3 5 2577 2017 1946 1965
6563 4 2 3 5 835 900 1349 1392
6564 4 2 3 5 1863 2403 1953 1976
6565 4 2 3 5 900 835 967 1392
6566 4 2 3 5 658 544 588 2636
6567 4 2 3 5 2520 2519 2553 2554
6568 4 2 3 5 1960 1961 1962 1965
6569 4 2 3 5 1635 2061 2247 2631
6570 4 2 3 5 2582 1554 2881 2585
6571 4 2 3 5 2015 2577 2578 1507
6572 4 2 3 5 2583 2578 2584 1553
6573 4 2 3 5 1554 1299 1963 2559
6574 4 2 3 5 2404 2276 2083 1954
6575 4 2 3 5 1321 2558 1349 1392
6576 4 2 3 5 2627 2775 2777 2776
6577 4 2 3 5 2563 1550 2857 2564
6578 4 2 3 5 2015 1966 2018 2578
6579 4 2 3 5 2097 598 638 666
6580 4 2 3 5 2413 2425 2768 2426
6581 4 2 3 5 971 795 887 1389
6582 4 2 3 5 2070 1874 2603 2598
6583 4 2 3 5 95 94 2739 2497
6584 4 2 3 5 2385 1351 1474 1486
6585 4 2 3 5 1550 2563 2857 2569
6586 4 2 3 5 1875 2616 1888 1876
6587 4 2 3 5 900 1321 1349 1392
6588 4 2 3 5 2861 2866 2862 2868
6589 4 2 3 5 2381 2152 639 677
6590 4 2 3 5 2686 516 517 518
6591 4 2 3 5 1614 1539 1524 2767
6592 4 2 3 5 773 745 2754 780
6593 4 2 3 5 2139 2144 2598 2145
6594 4 2 3 5 2144 2597 2138 119
6595 4 2 3 5 126 125 2561 2553
6596 4 2 3 5 2605 2610 2623 2620
6597 4 2 3 5 2863 756 755 2864
6598 4 2 3 5 125 2500 2046 497
6599 4 2 3 5 1638 2004 1978 2879
6600 4 2 3 5 2626 2150 96 2625
6601 4 2 3 5 2633 2776 2635 2778
6602 4 2 3 5 1522 2534 2536 1574
6603 4 2 3 5 790 1319 1403 1577
6604 4 2 3 5 1863 1955 2403 1976
6605 4 2 3 5 1578 1319 1316 1403
6606 4 2 3 5 132 131 2419 2413
6607 4 2 3 5 543 2632 2487 2481
6608 4 2 3 5 548 2632 581 2627
6609 4 2 3 5 1414 1578 1316 1403
6610 4 2 3 5 2205 2119 2640 539
6611 4 2 3 5 1022 1414 1012 1403
6612 4 2 3 5 533 2102 535 2383
6613 4 2 3 5 1319 1022 1012 1403
6614 4 2 3 5 1917 1835 1663 1536
6615 4 2 3 5 1022 1319 1578 1403
6616 4 2 3 5 1414 1022 1578 1403
6617 4 2 3 5 2364 1782 2366 1526
6618 4 2 3 5 1684 1709 2720 1706
6619 4 2 3 5 707 2781 2836 717
6620 4 2 3 5 1431 1404 1569 804
6621 4 2 3 5 1705 2316 2774 1719
6622 4 2 3 5 2779 2660 1670 2711
6623 4 2 3 5 2393 1939 1791 2394
6624 4 2 3 5 625 2395 607 2036
6625 4 2 3 5 1994 1351 1482 2386
6626 4 2 3 5 2659 2665 2700 2699
6627 4 2 3 5 2675 1794 1757 1880
6628 4 2 3 5 1536 1760 2717 1681
6629 4 2 3 5 813 812 1374 1747
6630 4 2 3 5 1845 2358 2355 2356
6631 4 2 3 5 2463 1517 1413 2449
6632 4 2 3 5 1810 1811 1812 1823
6633 4 2 3 5 1759 2206 1680 2736
6634 4 2 3 5 802 1048 1002 152
6635 4 2 3 5 2232 2233 2234 1816
6636 4 2 3 5 1687 2221 2714 2697
6637 4 2 3 5 1917 1922 2339 1761
6638 4 2 3 5 2755 2750 2715 1688
6639 4 2 3 5 2755 1688 1838 2192
6640 4 2 3 5 1913 2136 2127 2668
6641 4 2 3 5 2347 1896 2345 2339
6642 4 2 3 5 510 109 616 2694
6643 4 2 3 5 2346 2186 2187 2769
6644 4 2 3 5 1004 1369 1370 1920
6645 4 2 3 5 1929 1934 1925 1924
6646 4 2 3 5 1929 1924 1921 1931
6647 4 2 3 5 2342 2188 2192 2191
6648 4 2 3 5 2188 2340 1834 2191
6649 4 2 3 5 2223 1632 2164 1834
6650 4 2 3 5 2348 1689 2343 2344
6651 4 2 3 5 784 2594 2592 128
6652 4 2 3 5 2886 989 863 1406
6653 4 2 3 5 2746 1956 1953 2731
6654 4 2 3 5 1973 2261 2564 1866
6655 4 2 3 5 2566 1973 1974 2094
6656 4 2 3 5 1002 151 152 1008
6657 4 2 3 5 2852 2863 753 752
6658 4 2 3 5 1027 1517 1413 2463
6659 4 2 3 5 685 1809 1851 513
6660 4 2 3 5 2751 2358 2187 2355
6661 4 2 3 5 1928 1549 2347 1837
6662 4 2 3 5 2692 2690 2711 1681
6663 4 2 3 5 2035 1980 1976 2247
6664 4 2 3 5 1517 1027 1413 1024
6665 4 2 3 5 2363 2352 117 2353
6666 4 2 3 5 751 2848 750 2851
6667 4 2 3 5 2519 637 2553 2121
6668 4 2 3 5 1894 1503 1893 1488
6669 4 2 3 5 2776 2730 2777 2628
6670 4 2 3 5 493 2381 2738 2387
6671 4 2 3 5 2225 1809 513 2226
6672 4 2 3 5 569 565 2185 642
6673 4 2 3 5 2286 653 106 2158
6674 4 2 3 5 1650 2772 1669 1652
6675 4 2 3 5 2167 1654 2398 1663
6676 4 2 3 5 110 614 2220 111
6677 4 2 3 5 587 586 2159 618
6678 4 2 3 5 643 2219 513 656
6679 4 2 3 5 2184 2669 2159 618
6680 4 2 3 5 1715 1707 2110 2312
6681 4 2 3 5 1700 1699 2333 1713
6682 4 2 3 5 790 155 1013 1012
6683 4 2 3 5 2781 716 2796 689
6684 4 2 3 5 1516 2539 2540 2548
6685 4 2 3 5 1438 1024 1413 1440
6686 4 2 3 5 2675 578 683 2674
6687 4 2 3 5 2820 691 2529 2818
6688 4 2 3 5 2831 1020 2788 2463
6689 4 2 3 5 2792 701 704 2791
6690 4 2 3 5 2432 2152 2493 2149
6691 4 2 3 5 724 2793 710 688
6692 4 2 3 5 2834 1584 1590 1515
6693 4 2 3 5 1720 2337 1719 2323
6694 4 2 3 5 1716 2528 1713 2333
6695 4 2 3 5 2319 2207 1718 2822
6696 4 2 3 5 1438 1517 1413 1024
6697 4 2 3 5 2496 1620 1424 1433
6698 4 2 3 5 2321 2318 2030 2530
6699 4 2 3 5 1589 1026 1433 1327
6700 4 2 3 5 2485 1607 2019 1606
6701 4 2 3 5 1522 1544 2546 2547
6702 4 2 3 5 710 2794 711 733
6703 4 2 3 5 2538 2534 2535 1642
6704 4 2 3 5 1438 2496 1424 1433
6705 4 2 3 5 691 696 2818 2820
6706 4 2 3 5 1517 2496 1424 1438
6707 4 2 3 5 2825 2797 2815 1513
6708 4 2 3 5 1889 1885 2127 1877
6709 4 2 3 5 2207 1710 2801 2817
6710 4 2 3 5 1398 1400 942 1337
6711 4 2 3 5 2833 2832 2525 1981
6712 4 2 3 5 2374 1764 1758 1756
6713 4 2 3 5 1408 802 995 953
6714 4 2 3 5 2686 1760 2710 2717
6715 4 2 3 5 1319 1408 995 953
6716 4 2 3 5 2875 2508 2003 2503
6717 4 2 3 5 2348 2190 2344 1690
6718 4 2 3 5 757 2600 2709 2754
6719 4 2 3 5 2667 2126 2127 2695
6720 4 2 3 5 1472 834 1600 837
6721 4 2 3 5 2044 2622 2071 1550
6722 4 2 3 5 2623 2070 2620 2488
6723 4 2 3 5 1694 1847 2349 1692
6724 4 2 3 5 1694 1847 1692 1848
6725 4 2 3 5 1789 1751 1791 1752
6726 4 2 3 5 2044 2622 2563 2477
6727 4 2 3 5 2685 1531 1877 1802
6728 4 2 3 5 2341 1377 2399 2224
6729 4 2 3 5 1928 1845 2751 2347
6730 4 2 3 5 2407 2260 2092 2408
6731 4 2 3 5 2729 2412 1978 2585
6732 4 2 3 5 2503 2041 1910 2477
6733 4 2 3 5 823 901 1360 864
6734 4 2 3 5 1872 2407 2092 1959
6735 4 2 3 5 1693 1872 2260 2407
6736 4 2 3 5 2855 2878 2879 2259
6737 4 2 3 5 1944 2082 1855 2083
6738 4 2 3 5 1356 1329 1357 1344
6739 4 2 3 5 2566 2261 1973 2094
6740 4 2 3 5 1827 1821 1691 1860
6741 4 2 3 5 1356 845 842 1331
6742 4 2 3 5 1979 1980 1976 2035
6743 4 2 3 5 1408 1319 802 953
6744 4 2 3 5 802 153 953 1035
6745 4 2 3 5 745 116 2356 787
6746 4 2 3 5 1319 802 953 1035
6747 4 2 3 5 1433 1589 1300 1424
6748 4 2 3 5 2793 724 710 709
6749 4 2 3 5 2718 2346 650 683
6750 4 2 3 5 2741 1570 1997 1622
6751 4 2 3 5 493 93 2441 2738
6752 4 2 3 5 2381 2766 2432 2738
6753 4 2 3 5 2150 2626 2493 2148
6754 4 2 3 5 2320 2318 2030 2321
6755 4 2 3 5 1383 2291 1429 1555
6756 4 2 3 5 104 2522 495 2322
6757 4 2 3 5 105 2315 623 508
6758 4 2 3 5 569 564 2185 565
6759 4 2 3 5 2110 1707 1542 2301
6760 4 2 3 5 2600 757 766 755
6761 4 2 3 5 1988 2453 1987 2454
6762 4 2 3 5 615 2691 2717 2710
6763 4 2 3 5 2346 1916 654 683
6764 4 2 3 5 2870 1879 1897 1942
6765 4 2 3 5 2049 2555 2510 2514
6766 4 2 3 5 641 599 568 2758
6767 4 2 3 5 859 1362 849 1376
6768 4 2 3 5 2745 2403 611 612
6769 4 2 3 5 1708 1707 2110 2301
6770 4 2 3 5 1835 2723 1663 1536
6771 4 2 3 5 1797 2135 2141 1891
6772 4 2 3 5 2232 1820 1812 1823
6773 4 2 3 5 1431 1404 1050 1033
6774 4 2 3 5 1589 1425 1300 1424
6775 4 2 3 5 1474 1351 1350 1486
6776 4 2 3 5 1039 1437 1438 1047
6777 4 2 3 5 2386 2054 1903 1481
6778 4 2 3 5 1348 1612 1616 1464
6779 4 2 3 5 1045 1411 964 1434
6780 4 2 3 5 2451 1986 2444 2443
6781 4 2 3 5 1988 2452 1530 2268
6782 4 2 3 5 1545 2321 2030 2684
6783 4 2 3 5 996 801 964 1434
6784 4 2 3 5 1410 1411 1030 1429
6785 4 2 3 5 1830 1689 1691 1692
6786 4 2 3 5 2157 2665 2700 2698
6787 4 2 3 5 2300 1697 1542 2301
6788 4 2 3 5 158 1031 1045 964
6789 4 2 3 5 1688 2254 1838 1633
6790 4 2 3 5 1297 2302 2299 2310
6791 4 2 3 5 2346 2186 1763 2694
6792 4 2 3 5 1031 158 801 964
6793 4 2 3 5 1045 1031 1434 964
6794 4 2 3 5 1031 801 1434 964
6795 4 2 3 5 2396 1787 2650 2367
6796 4 2 3 5 989 949 794 1406
6797 4 2 3 5 1308 1304 2889 2886
6798 4 2 3 5 1361 1933 2130 2132
6799 4 2 3 5 956 993 1458 907
6800 4 2 3 5 2417 1634 2416 2727
6801 4 2 3 5 2560 1485 2563 2557
6802 4 2 3 5 571 2491 529 2387
6803 4 2 3 5 92 2227 2441 2456
6804 4 2 3 5 1310 2892 1446 1387
6805 4 2 3 5 2675 1761 2672 2674
6806 4 2 3 5 114 679 2665 2699
6807 4 2 3 5 647 674 1743 2708
6808 4 2 3 5 1393 866 867 1387
6809 4 2 3 5 1749 1917 1663 1536
6810 4 2 3 5 866 1361 867 1387
6811 4 2 3 5 2707 1662 2711 1663
6812 4 2 3 5 512 2157 640 617
6813 4 2 3 5 2222 2218 2225 2229
6814 4 2 3 5 2784 2431 2828 2785
6815 4 2 3 5 1785 665 607 651
6816 4 2 3 5 1408 1522 1405 1435
6817 4 2 3 5 1607 2637 1606 1641
6818 4 2 3 5 2441 493 2738 2387
6819 4 2 3 5 639 2150 2493 2149
6820 4 2 3 5 1387 1444 1003 2132
6821 4 2 3 5 570 603 534 2387
6822 4 2 3 5 979 950 1446 1402
6823 4 2 3 5 1798 1799 1995 1987
6824 4 2 3 5 1313 2130 1886 2132
6825 4 2 3 5 2402 549 2639 550
6826 4 2 3 5 802 1408 926 1435
6827 4 2 3 5 1754 817 816 818
6828 4 2 3 5 1656 813 1747 814
6829 4 2 3 5 2703 1682 2720 2699
6830 4 2 3 5 2280 2244 2282 2713
6831 4 2 3 5 586 2669 583 561
6832 4 2 3 5 2172 2288 2171 2290
6833 4 2 3 5 1767 2371 2780 1758
6834 4 2 3 5 2386 2054 2056 1996
6835 4 2 3 5 801 1419 1666 986
6836 4 2 3 5 1408 1405 926 1435
6837 4 2 3 5 1608 1605 2487 1504
6838 4 2 3 5 2586 2842 2587 2592
6839 4 2 3 5 2594 2842 2840 743
6840 4 2 3 5 1042 1026 1008 1435
6841 4 2 3 5 1693 1850 2260 2258
6842 4 2 3 5 2470 2606 2471 2608
6843 4 2 3 5 2491 2492 2646 530
6844 4 2 3 5 100 2814 101 731
6845 4 2 3 5 2588 492 129 128
6846 4 2 3 5 1026 1042 1589 1435
6847 4 2 3 5 2304 1666 869 986
6848 4 2 3 5 2089 2090 2429 2421
6849 4 2 3 5 2838 2852 754 2851
6850 4 2 3 5 2725 2726 1947 2591
6851 4 2 3 5 774 740 2748 776
6852 4 2 3 5 603 570 622 2387
6853 4 2 3 5 2451 2452 2443 2453
6854 4 2 3 5 2456 92 2459 2740
6855 4 2 3 5 602 527 2657 530
6856 4 2 3 5 1523 2643 2760 1614
6857 4 2 3 5 868 2304 869 986
6858 4 2 3 5 1847 1370 1747 1659
6859 4 2 3 5 2184 1735 1686 2774
6860 4 2 3 5 2676 1938 579 621
6861 4 2 3 5 2644 2102 568 533
6862 4 2 3 5 503 2690 614 111
6863 4 2 3 5 2707 1671 1760 2708
6864 4 2 3 5 2733 1536 2674 2717
6865 4 2 3 5 521 2397 523 522
6866 4 2 3 5 2860 2859 2587 2748
6867 4 2 3 5 950 1057 1446 1402
6868 4 2 3 5 1057 2891 1446 1402
6869 4 2 3 5 2783 1566 2795 2791
6870 4 2 3 5 526 2654 528 2655
6871 4 2 3 5 1883 1911 1913 2042
6872 4 2 3 5 498 635 2763 122
6873 4 2 3 5 1645 2386 1903 1481
6874 4 2 3 5 2043 2621 2619 1914
6875 4 2 3 5 625 624 665 2364
6876 4 2 3 5 112 2201 113 617
6877 4 2 3 5 1711 2736 1772 2737
6878 4 2 3 5 1748 1744 1563 1758
6879 4 2 3 5 2659 514 655 2103
6880 4 2 3 5 1983 1995 1986 1987
6881 4 2 3 5 2589 2588 2777 2590
6882 4 2 3 5 1960 2775 2482 1608
6883 4 2 3 5 2203 2202 1595 2215
6884 4 2 3 5 2643 1539 1614 2767
6885 4 2 3 5 537 538 539 2640
6886 4 2 3 5 2632 2775 2481 2627
6887 4 2 3 5 2098 2119 2481 596
6888 4 2 3 5 753 762 2861 2838
6889 4 2 3 5 2892 2891 1446 1057
6890 4 2 3 5 950 172 1446 1057
6891 4 2 3 5 172 950 1446 946
6892 4 2 3 5 2354 1742 1942 2360
6893 4 2 3 5 979 1393 1446 1387
6894 4 2 3 5 2686 2708 517 2710
6895 4 2 3 5 2710 2707 2706 2711
6896 4 2 3 5 769 136 2264 739
6897 4 2 3 5 1393 979 1446 1402
6898 4 2 3 5 1040 1048 1008 1435
6899 4 2 3 5 1798 1983 1986 1987
6900 4 2 3 5 2832 2814 2812 1717
6901 4 2 3 5 2679 2544 496 101
6902 4 2 3 5 732 88 2270 694
6903 4 2 3 5 2783 1566 2791 2784
6904 4 2 3 5 1733 1732 2320 2312
6905 4 2 3 5 2786 1581 1586 2217
6906 4 2 3 5 2808 1808 1807 2467
6907 4 2 3 5 1776 1756 1806 1807
6908 4 2 3 5 2032 2544 629 496
6909 4 2 3 5 2797 2744 2824 2743
6910 4 2 3 5 2246 646 552 574
6911 4 2 3 5 719 2814 2812 731
6912 4 2 3 5 641 636 2468 686
6913 4 2 3 5 2803 2815 2812 1717
6914 4 2 3 5 2156 1716 1713 1700
6915 4 2 3 5 1783 1511 1992 2460
6916 4 2 3 5 2744 1584 1593 1586
6917 4 2 3 5 1425 1589 1435 1025
6918 4 2 3 5 1581 2830 1580 1586
6919 4 2 3 5 2506 2866 2861 2868
6920 4 2 3 5 1983 1798 1995 1987
6921 4 2 3 5 1425 1516 1519 1300
6922 4 2 3 5 1522 1408 1439 1435
6923 4 2 3 5 544 658 2487 2636
6924 4 2 3 5 2632 547 2635 546
6925 4 2 3 5 1773 2369 2377 2366
6926 4 2 3 5 1643 2539 1592 2677
6927 4 2 3 5 2256 2848 2846 2257
6928 4 2 3 5 110 111 2220 2693
6929 4 2 3 5 2841 2861 2862 2868
6930 4 2 3 5 2358 2751 2187 2753
6931 4 2 3 5 2144 2602 2597 118
6932 4 2 3 5 2254 2755 1838 2255
6933 4 2 3 5 681 513 2226 656
6934 4 2 3 5 1425 1022 1025 1439
6935 4 2 3 5 1022 1040 1025 1439
6936 4 2 3 5 2217 2831 2684 1422
6937 4 2 3 5 1524 2766 2382 2381
6938 4 2 3 5 1879 2145 2865 2602
6939 4 2 3 5 679 114 2665 512
6940 4 2 3 5 2710 2707 2711 1681
6941 4 2 3 5 2734 120 2598 2138
6942 4 2 3 5 121 2604 742 122
6943 4 2 3 5 2653 2037 523 2673
6944 4 2 3 5 768 2598 121 120
6945 4 2 3 5 1603 1479 2576 2579
6946 4 2 3 5 2500 2501 2554 2046
6947 4 2 3 5 127 2518 506 2570
6948 4 2 3 5 2507 2490 2508 1910
6949 4 2 3 5 2450 1491 1998 1525
6950 4 2 3 5 762 753 754 2838
6951 4 2 3 5 1545 1425 2684 2552
6952 4 2 3 5 2541 2546 2537 2536
6953 4 2 3 5 1319 790 1012 154
6954 4 2 3 5 1303 1332 1333 1371
6955 4 2 3 5 1023 2831 2684 1424
6956 4 2 3 5 1430 1028 1427 1041
6957 4 2 3 5 1414 1016 1022 1014
6958 4 2 3 5 1436 1043 1417 1030
6959 4 2 3 5 1411 996 964 1434
6960 4 2 3 5 965 806 1004 1369
6961 4 2 3 5 2357 2260 1849 1832
6962 4 2 3 5 1880 1923 1931 1881
6963 4 2 3 5 807 928 1384 166
6964 4 2 3 5 2288 1667 1664 2171
6965 4 2 3 5 1880 1761 1924 1921
6966 4 2 3 5 2841 2506 2861 2868
6967 4 2 3 5 2130 856 902 820
6968 4 2 3 5 1775 1789 1790 1769
6969 4 2 3 5 817 1676 940 1675
6970 4 2 3 5 1502 1355 1887 2609
6971 4 2 3 5 1393 2617 2078 1339
6972 4 2 3 5 791 1001 937 1407
6973 4 2 3 5 1587 1612 1510 1509
6974 4 2 3 5 1010 1044 985 1327
6975 4 2 3 5 2227 2450 1998 1525
6976 4 2 3 5 1358 1598 2642 1599
6977 4 2 3 5 1430 1427 1417 1041
6978 4 2 3 5 2450 1491 2464 1998
6979 4 2 3 5 965 1409 160 1386
6980 4 2 3 5 2584 2578 2579 1553
6981 4 2 3 5 852 1821 853 1333
6982 4 2 3 5 1408 1319 995 1577
6983 4 2 3 5 2505 2507 2868 2508
6984 4 2 3 5 2729 1969 1553 1970
6985 4 2 3 5 1086 1461 1458 1094
6986 4 2 3 5 1415 1007 1029 1041
6987 4 2 3 5 866 1361 865 856
6988 4 2 3 5 1984 1989 1780 1987
6989 4 2 3 5 824 826 1354 827
6990 4 2 3 5 1514 2533 1616 1617
6991 4 2 3 5 2141 2135 1888 1875
6992 4 2 3 5 2135 1792 1888 1875
6993 4 2 3 5 2556 2555 2007 1475
6994 4 2 3 5 1043 138 963 139
6995 4 2 3 5 1314 2129 1365 1359
6996 4 2 3 5 1340 1895 2072 1892
6997 4 2 3 5 1597 2058 1466 1616
6998 4 2 3 5 1601 2058 1466 1597
6999 4 2 3 5 910 1676 818 817
7000 4 2 3 5 878 1753 864 858
7001 4 2 3 5 2736 1711 1772 1680
7002 4 2 3 5 1601 2058 1602 2532
7003 4 2 3 5 169 1053 934 170
7004 4 2 3 5 1053 1092 934 170
7005 4 2 3 5 2407 2880 1959 1865
7006 4 2 3 5 2892 1075 1074 1067
7007 4 2 3 5 1415 1430 1417 1041
7008 4 2 3 5 2518 127 632 2570
7009 4 2 3 5 2572 2006 2001 2053
7010 4 2 3 5 1430 1415 1029 1041
7011 4 2 3 5 2227 2450 2464 1998
7012 4 2 3 5 795 885 886 1321
7013 4 2 3 5 1355 1351 1487 2607
7014 4 2 3 5 2485 1607 1965 2019
7015 4 2 3 5 1352 825 898 826
7016 4 2 3 5 1433 1620 1300 1514
7017 4 2 3 5 2553 2519 2121 2554
7018 4 2 3 5 1618 1571 1642 2534
7019 4 2 3 5 2724 652 2590 2730
7020 4 2 3 5 1010 148 1039 1437
7021 4 2 3 5 2495 1588 1620 1514
7022 4 2 3 5 1588 1514 1616 1617
7023 4 2 3 5 2512 839 1964 1600
7024 4 2 3 5 1406 907 904 2883
7025 4 2 3 5 836 839 1600 838
7026 4 2 3 5 1963 2512 1964 1600
7027 4 2 3 5 1795 1794 1931 1881
7028 4 2 3 5 2351 1831 2074 2262
7029 4 2 3 5 817 1676 818 1754
7030 4 2 3 5 1792 2134 1741 2131
7031 4 2 3 5 1002 1042 1008 1435
7032 4 2 3 5 955 1404 143 1033
7033 4 2 3 5 1351 2385 1490 1486
7034 4 2 3 5 2509 1615 2009 2047
7035 4 2 3 5 982 878 1388 864
7036 4 2 3 5 1798 1912 2056 1799
7037 4 2 3 5 2054 2386 2762 1996
7038 4 2 3 5 1355 1502 1482 2607
7039 4 2 3 5 879 1674 2394 1675
7040 4 2 3 5 1388 878 880 879
7041 4 2 3 5 142 987 1011 1418
7042 4 2 3 5 1011 987 1034 1418
7043 4 2 3 5 1838 1829 1839 1633
7044 4 2 3 5 1759 2212 1768 1758
7045 4 2 3 5 1383 929 1411 996
7046 4 2 3 5 1087 1454 1444 1074
7047 4 2 3 5 2163 877 2165 2230
7048 4 2 3 5 1454 1444 1074 1455
7049 4 2 3 5 2086 1870 2082 1855
7050 4 2 3 5 1075 1087 1444 1074
7051 4 2 3 5 2196 503 618 617
7052 4 2 3 5 1055 998 1091 189
7053 4 2 3 5 1399 1305 1817 2235
7054 4 2 3 5 1656 1657 1919 1323
7055 4 2 3 5 1409 1076 1459 1083
7056 4 2 3 5 987 966 141 1046
7057 4 2 3 5 1657 1323 1747 1659
7058 4 2 3 5 1762 1668 2104 2105
7059 4 2 3 5 1764 1655 1769 1673
7060 4 2 3 5 2809 2788 2802 1018
7061 4 2 3 5 1334 910 821 858
7062 4 2 3 5 142 143 796 1011
7063 4 2 3 5 2007 2509 2009 2047
7064 4 2 3 5 2501 1615 2047 2009
7065 4 2 3 5 1495 2434 2435 1347
7066 4 2 3 5 1444 2892 1074 1455
7067 4 2 3 5 1026 1589 1433 1023
7068 4 2 3 5 1986 2451 2444 2454
7069 4 2 3 5 2194 1582 2801 2207
7070 4 2 3 5 1581 2830 2831 2449
7071 4 2 3 5 88 87 2371 2372
7072 4 2 3 5 2106 1765 1541 2108
7073 4 2 3 5 2200 1555 2301 2295
7074 4 2 3 5 1496 1494 1407 874
7075 4 2 3 5 2499 96 2824 2835
7076 4 2 3 5 1419 945 1013 947
7077 4 2 3 5 2826 2194 2795 1586
7078 4 2 3 5 1459 1454 1063 1456
7079 4 2 3 5 1436 1017 1429 1030
7080 4 2 3 5 1060 1447 1061 1062
7081 4 2 3 5 2076 2075 2565 2261
7082 4 2 3 5 1076 1459 1063 1456
7083 4 2 3 5 1076 1454 1063 1459
7084 4 2 3 5 2235 2351 2350 1456
7085 4 2 3 5 1441 1461 1071 1068
7086 4 2 3 5 1076 1454 1074 1063
7087 4 2 3 5 1076 1087 1074 1454
7088 4 2 3 5 935 968 1936 1445
7089 4 2 3 5 1386 1409 1456 1459
7090 4 2 3 5 1833 1831 2093 1692
7091 4 2 3 5 800 988 962 1457
7092 4 2 3 5 1380 1369 1386 2235
7093 4 2 3 5 1399 1380 2235 1391
7094 4 2 3 5 1409 1083 1459 991
7095 4 2 3 5 1619 2533 1514 1617
7096 4 2 3 5 1448 1061 1062 1063
7097 4 2 3 5 2892 1067 1074 1455
7098 4 2 3 5 1378 1655 1673 961
7099 4 2 3 5 1635 2247 2020 1976
7100 4 2 3 5 1912 1798 2056 1996
7101 4 2 3 5 1635 2061 2020 2247
7102 4 2 3 5 1759 2206 2212 1758
7103 4 2 3 5 2086 2084 2416 2088
7104 4 2 3 5 1372 2233 1813 1390
7105 4 2 3 5 1476 1329 1477 2630
7106 4 2 3 5 847 846 848 1332
7107 4 2 3 5 2061 2059 2020 2486
7108 4 2 3 5 1467 1597 1466 1616
7109 4 2 3 5 1068 2887 2889 2888
7110 4 2 3 5 1754 1933 2130 819
7111 4 2 3 5 1640 2059 2020 2061
7112 4 2 3 5 2023 2542 1521 2543
7113 4 2 3 5 1494 874 860 875
7114 4 2 3 5 2476 1503 2609 2619
7115 4 2 3 5 879 1753 1674 1412
7116 4 2 3 5 2550 2030 2543 2548
7117 4 2 3 5 2651 1334 1295 2394
7118 4 2 3 5 1828 1820 2236 1628
7119 4 2 3 5 1838 1829 2193 1839
7120 4 2 3 5 2770 2196 2160 2159
7121 4 2 3 5 1467 1601 1466 1597
7122 4 2 3 5 1324 800 896 983
7123 4 2 3 5 1311 1454 1459 2350
7124 4 2 3 5 1927 2750 2189 2192
7125 4 2 3 5 1836 1823 1834 1818
7126 4 2 3 5 1835 1927 1834 1818
7127 4 2 3 5 1688 2750 2714 1836
7128 4 2 3 5 2346 2718 616 2694
7129 4 2 3 5 2638 543 544 545
7130 4 2 3 5 1955 1863 1954 1976
7131 4 2 3 5 795 177 1084 1085
7132 4 2 3 5 1449 1309 2262 1450
7133 4 2 3 5 2082 1950 2083 1954
7134 4 2 3 5 895 1815 893 892
7135 4 2 3 5 1389 795 1084 1085
7136 4 2 3 5 177 795 178 1085
7137 4 2 3 5 2468 2605 2761 2645
7138 4 2 3 5 2128 1885 2131 1940
7139 4 2 3 5 2874 1906 2041 2873
7140 4 2 3 5 795 1389 178 1085
7141 4 2 3 5 2590 2589 2591 1947
7142 4 2 3 5 822 1367 1352 825
7143 4 2 3 5 1366 1754 2130 819
7144 4 2 3 5 938 1393 867 1339
7145 4 2 3 5 1895 2141 1888 1876
7146 4 2 3 5 1314 2129 1741 1365
7147 4 2 3 5 1917 1749 1663 1926
7148 4 2 3 5 1819 1810 2169 1812
7149 4 2 3 5 1836 1927 1834 2191
7150 4 2 3 5 954 793 1079 174
7151 4 2 3 5 1037 999 138 7
7152 4 2 3 5 1770 1771 2114 2109
7153 4 2 3 5 2450 2456 1985 1989
7154 4 2 3 5 982 1388 1569 864
7155 4 2 3 5 2268 1292 1569 1530
7156 4 2 3 5 1808 1415 2375 1805
7157 4 2 3 5 1643 2683 2543 2031
7158 4 2 3 5 1448 1082 1063 1456
7159 4 2 3 5 815 814 816 1747
7160 4 2 3 5 1815 895 1813 892
7161 4 2 3 5 873 972 892 1813
7162 4 2 3 5 988 927 962 1409
7163 4 2 3 5 924 841 838 1477
7164 4 2 3 5 965 160 161 1386
7165 4 2 3 5 1457 1409 1456 1386
7166 4 2 3 5 1832 2092 1860 1692
7167 4 2 3 5 1974 2890 2094 2409
7168 4 2 3 5 2329 2326 1730 2305
7169 4 2 3 5 582 1720 2749 623
7170 4 2 3 5 1732 1733 2332 2310
7171 4 2 3 5 2446 2440 2448 2449
7172 4 2 3 5 2445 2740 2741 1622
7173 4 2 3 5 1416 1011 1034 1418
7174 4 2 3 5 2552 2682 2543 2683
7175 4 2 3 5 954 1079 1096 174
7176 4 2 3 5 2650 1786 2366 2367
7177 4 2 3 5 1292 1388 1569 1418
7178 4 2 3 5 1447 1324 1457 1448
7179 4 2 3 5 1472 924 838 1477
7180 4 2 3 5 1064 1065 1450 1066
7181 4 2 3 5 1461 1086 1071 1068
7182 4 2 3 5 1594 2217 2031 1586
7183 4 2 3 5 1442 1304 1401 1400
7184 4 2 3 5 1447 800 1077 1457
7185 4 2 3 5 2217 1594 2031 2683
7186 4 2 3 5 1847 1315 1369 1848
7187 4 2 3 5 1593 1594 2031 1586
7188 4 2 3 5 924 1470 1328 1477
7189 4 2 3 5 1594 1593 2031 2683
7190 4 2 3 5 1372 164 1390 788
7191 4 2 3 5 951 812 815 1920
7192 4 2 3 5 1911 2055 2612 2042
7193 4 2 3 5 960 1393 979 867
7194 4 2 3 5 1868 1856 1860 2420
7195 4 2 3 5 2055 1911 1907 2042
7196 4 2 3 5 984 1589 1519 1327
7197 4 2 3 5 1539 1614 1645 2762
7198 4 2 3 5 1484 2475 1904 2471
7199 4 2 3 5 2484 2483 1598 1597
7200 4 2 3 5 1006 1049 1024 1440
7201 4 2 3 5 1463 2151 2767 2147
7202 4 2 3 5 1516 2539 2535 1300
7203 4 2 3 5 828 899 1351 860
7204 4 2 3 5 2644 2645 2761 2762
7205 4 2 3 5 2384 2385 1474 1611
7206 4 2 3 5 1523 2760 1615 2047
7207 4 2 3 5 1905 1487 1488 1893
7208 4 2 3 5 633 1982 1998 2377
7209 4 2 3 5 2054 1481 2052 1903
7210 4 2 3 5 1523 2760 1480 1614
7211 4 2 3 5 2534 2533 2532 1519
7212 4 2 3 5 2626 1584 2153 1546
7213 4 2 3 5 1293 2446 1498 1413
7214 4 2 3 5 1615 2501 2046 2554
7215 4 2 3 5 592 2401 549 566
7216 4 2 3 5 918 1576 1476 1573
7217 4 2 3 5 1602 2059 1328 2486
7218 4 2 3 5 2034 1362 1636 859
7219 4 2 3 5 1602 2485 2019 1606
7220 4 2 3 5 2032 2250 2524 1979
7221 4 2 3 5 491 2150 1595 2625
7222 4 2 3 5 1571 1618 1606 2534
7223 4 2 3 5 1437 148 1039 970
7224 4 2 3 5 793 173 1079 174
7225 4 2 3 5 1027 1049 1413 1024
7226 4 2 3 5 1581 2461 1580 2449
7227 4 2 3 5 1779 1984 1780 2367
7228 4 2 3 5 2373 1767 1773 1780
7229 4 2 3 5 2038 1533 2651 1791
7230 4 2 3 5 1330 1856 1301 1868
7231 4 2 3 5 1337 2884 1301 2409
7232 4 2 3 5 1804 1775 1790 1769
7233 4 2 3 5 2138 664 499 2125
7234 4 2 3 5 2146 2147 2148 2149
7235 4 2 3 5 2432 2152 2739 2493
7236 4 2 3 5 1989 1988 2466 2209
7237 4 2 3 5 1537 1483 1993 1490
7238 4 2 3 5 1538 2432 2739 1622
7239 4 2 3 5 2260 1693 2092 1832
7240 4 2 3 5 815 1933 1920 1747
7241 4 2 3 5 1325 1661 1813 2234
7242 4 2 3 5 2343 1689 2192 2344
7243 4 2 3 5 873 1814 1661 890
7244 4 2 3 5 2884 1335 1301 2409
7245 4 2 3 5 2707 1760 1536 1681
7246 4 2 3 5 1335 2884 1301 1337
7247 4 2 3 5 2831 2217 2788 1422
7248 4 2 3 5 1437 1010 1327 1047
7249 4 2 3 5 1544 1577 1316 1578
7250 4 2 3 5 2017 1357 2410 1968
7251 4 2 3 5 1335 1868 1301 2409
7252 4 2 3 5 1414 1560 1578 1022
7253 4 2 3 5 1698 2200 2289 2288
7254 4 2 3 5 1335 1330 1301 1868
7255 4 2 3 5 1067 1064 1455 1451
7256 4 2 3 5 2814 2679 2680 100
7257 4 2 3 5 2578 1603 2576 2579
7258 4 2 3 5 1064 1449 1455 1451
7259 4 2 3 5 2803 691 2529 719
7260 4 2 3 5 2819 1699 1520 1713
7261 4 2 3 5 707 702 2790 1710
7262 4 2 3 5 2803 691 698 697
7263 4 2 3 5 98 99 2743 2677
7264 4 2 3 5 698 2789 699 700
7265 4 2 3 5 2527 103 2336 102
7266 4 2 3 5 2814 2529 2812 1717
7267 4 2 3 5 1023 1438 1424 1433
7268 4 2 3 5 660 657 590 1595
7269 4 2 3 5 2023 2022 2542 1642
7270 4 2 3 5 2059 2534 1573 1574
7271 4 2 3 5 1961 2005 2510 1468
7272 4 2 3 5 2513 1961 2575 2574
7273 4 2 3 5 2775 1608 2481 2482
7274 4 2 3 5 2048 2049 2642 1358
7275 4 2 3 5 2437 1497 1407 1498
7276 4 2 3 5 1814 1821 1628 2236
7277 4 2 3 5 1624 1825 2174 1824
7278 4 2 3 5 1816 2232 1812 1823
7279 4 2 3 5 1825 2243 2174 1824
7280 4 2 3 5 2297 868 2304 1395
7281 4 2 3 5 2316 2322 2323 1714
7282 4 2 3 5 984 1518 792 1327
7283 4 2 3 5 1960 2775 1608 1965
7284 4 2 3 5 2519 2516 2121 2554
7285 4 2 3 5 1596 2203 1595 2215
7286 4 2 3 5 1602 2485 1606 2486
7287 4 2 3 5 2723 1536 2733 2722
7288 4 2 3 5 1663 2707 1536 1681
7289 4 2 3 5 1671 1744 2389 1745
7290 4 2 3 5 2718 2346 2769 1763
7291 4 2 3 5 1377 813 1343 958
7292 4 2 3 5 2621 2622 2476 2619
7293 4 2 3 5 1426 1032 1416 1432
7294 4 2 3 5 1790 2368 1791 1801
7295 4 2 3 5 2667 1883 1877 2127
7296 4 2 3 5 2268 1804 1674 1412
7297 4 2 3 5 2467 1805 1806 2209
7298 4 2 3 5 987 796 880 1418
7299 4 2 3 5 1027 1431 1413 1049
7300 4 2 3 5 789 813 1374 1382
7301 4 2 3 5 1698 2291 2289 2200
7302 4 2 3 5 2302 1420 2314 2310
7303 4 2 3 5 1666 1419 1403 869
7304 4 2 3 5 1666 1394 2326 2304
7305 4 2 3 5 2307 1731 1702 1703
7306 4 2 3 5 1927 2750 1837 2189
7307 4 2 3 5 1856 1330 1827 1333
7308 4 2 3 5 2095 1832 1860 1692
7309 4 2 3 5 2357 2601 2360 1849
7310 4 2 3 5 2340 1373 1658 2343
7311 4 2 3 5 2140 2141 2354 1942
7312 4 2 3 5 1449 1064 1450 1451
7313 4 2 3 5 2079 2075 2076 2074
7314 4 2 3 5 6 115 2187 2358
7315 4 2 3 5 1689 1691 1692 1813
7316 4 2 3 5 2271 1851 2272 2242
7317 4 2 3 5 2340 2342 1658 2191
7318 4 2 3 5 1016 1015 1014 2334
7319 4 2 3 5 2837 2828 2460 2785
7320 4 2 3 5 2812 713 2678 2813
7321 4 2 3 5 1704 1700 2309 1707
7322 4 2 3 5 2550 2027 2028 2328
7323 4 2 3 5 1704 1701 1702 1714
7324 4 2 3 5 2820 2529 2821 2818
7325 4 2 3 5 707 2836 2790 708
7326 4 2 3 5 725 734 2499 2794
7327 4 2 3 5 707 2781 1710 2836
7328 4 2 3 5 2319 2787 2207 2822
7329 4 2 3 5 2803 2815 2821 2789
7330 4 2 3 5 1712 1715 1718 1520
7331 4 2 3 5 1560 2320 2331 2030
7332 4 2 3 5 661 2250 563 2400
7333 4 2 3 5 2078 2079 2143 2132
7334 4 2 3 5 2402 2401 549 551
7335 4 2 3 5 2680 2551 2681 2023
7336 4 2 3 5 2281 2280 2278 2283
7337 4 2 3 5 1737 2712 1852 2282
7338 4 2 3 5 1661 2233 1813 2234
7339 4 2 3 5 558 2280 2670 2278
7340 4 2 3 5 1852 2713 1724 2282
7341 4 2 3 5 2892 1444 1387 2143
7342 4 2 3 5 1967 1469 2778 1952
7343 4 2 3 5 1420 2308 2310 2299
7344 4 2 3 5 2324 1729 2328 1730
7345 4 2 3 5 2326 2324 2328 1730
7346 4 2 3 5 2527 103 2528 2333
7347 4 2 3 5 1728 2025 2182 2154
7348 4 2 3 5 2820 2819 1713 2333
7349 4 2 3 5 2545 2544 2024 2524
7350 4 2 3 5 2211 2808 1784 1294
7351 4 2 3 5 2892 1310 2143 1387
7352 4 2 3 5 2299 1297 2295 2300
7353 4 2 3 5 1678 1677 1935 1323
7354 4 2 3 5 1750 1672 1757 1751
7355 4 2 3 5 674 647 567 2708
7356 4 2 3 5 516 615 2717 2710
7357 4 2 3 5 1748 1744 1762 1563
7358 4 2 3 5 2184 587 2159 2185
7359 4 2 3 5 624 2369 89 2370
7360 4 2 3 5 88 2380 2805 732
7361 4 2 3 5 2827 1561 2817 2800
7362 4 2 3 5 1928 2189 1837 2751
7363 4 2 3 5 2010 2002 2014 2053
7364 4 2 3 5 1064 1067 1455 1074
7365 4 2 3 5 2690 2691 2711 1681
7366 4 2 3 5 1929 1677 1323 1930
7367 4 2 3 5 2602 2359 2597 118
7368 4 2 3 5 1887 1502 2614 1354
7369 4 2 3 5 580 602 605 2069
7370 4 2 3 5 780 757 2709 2754
7371 4 2 3 5 1759 1765 1680 1758
7372 4 2 3 5 1297 1326 2295 1434
7373 4 2 3 5 2291 1698 1555 2200
7374 4 2 3 5 1885 1889 2127 1913
7375 4 2 3 5 2560 2573 2053 2557
7376 4 2 3 5 1787 2396 1526 2367
7377 4 2 3 5 1764 1755 1756 1769
7378 4 2 3 5 1939 1923 1791 1881
7379 4 2 3 5 1756 1776 1768 1807
7380 4 2 3 5 2446 2445 2455 1568
7381 4 2 3 5 1517 2440 1293 2449
7382 4 2 3 5 2782 712 714 720
7383 4 2 3 5 2687 2396 1789 1802
7384 4 2 3 5 1884 2038 1791 1533
7385 4 2 3 5 144 1033 1050 804
7386 4 2 3 5 1923 1881 1932 1931
7387 4 2 3 5 1940 2596 1881 1877
7388 4 2 3 5 1314 1534 1359 1875
7389 4 2 3 5 1782 2396 2366 1526
7390 4 2 3 5 1656 1677 1323 1929
7391 4 2 3 5 1370 1847 1747 1920
7392 4 2 3 5 2658 2653 2685 2650
7393 4 2 3 5 1370 1374 1659 1391
7394 4 2 3 5 2218 2222 2225 2219
7395 4 2 3 5 137 513 2253 2226
7396 4 2 3 5 2229 1809 1736 2225
7397 4 2 3 5 2423 1852 1853 1870
7398 4 2 3 5 1809 2271 1736 2225
7399 4 2 3 5 1726 2091 1859 2092
7400 4 2 3 5 2881 1554 2564 1866
7401 4 2 3 5 2293 1396 2176 2171
7402 4 2 3 5 819 856 865 2130
7403 4 2 3 5 2756 1928 2193 2190
7404 4 2 3 5 1315 1936 1796 1920
7405 4 2 3 5 2012 2560 2014 2053
7406 4 2 3 5 2346 116 2338 654
7407 4 2 3 5 1833 2093 1860 1692
7408 4 2 3 5 2756 1845 1843 2871
7409 4 2 3 5 2089 2478 134 133
7410 4 2 3 5 2233 2232 2234 1661
7411 4 2 3 5 1372 895 972 1813
7412 4 2 3 5 1331 1363 1970 1637
7413 4 2 3 5 2871 2845 2754 1844
7414 4 2 3 5 1691 1325 2237 1813
7415 4 2 3 5 1832 2095 2349 1692
7416 4 2 3 5 2174 1735 1725 2774
7417 4 2 3 5 2161 2172 2171 2162
7418 4 2 3 5 586 565 587 2184
7419 4 2 3 5 2713 2423 2273 2274
7420 4 2 3 5 2243 2712 2244 1738
7421 4 2 3 5 2255 2254 2753 2264
7422 4 2 3 5 2144 118 2597 119
7423 4 2 3 5 1873 2667 2063 2668
7424 4 2 3 5 1794 2123 2596 2361
7425 4 2 3 5 2352 116 117 2353
7426 4 2 3 5 1935 1934 1930 1323
7427 4 2 3 5 2632 2627 2481 595
7428 4 2 3 5 2396 2650 1802 2687
7429 4 2 3 5 1794 2596 1881 1795
7430 4 2 3 5 910 888 879 1675
7431 4 2 3 5 910 1334 1365 1675
7432 4 2 3 5 659 498 605 2062
7433 4 2 3 5 1934 1677 1930 1323
7434 4 2 3 5 2045 1550 2857 2569
7435 4 2 3 5 778 2506 2866 770
7436 4 2 3 5 2408 1302 1866 1832
7437 4 2 3 5 2573 2010 2014 2053
7438 4 2 3 5 2069 605 2062 2063
7439 4 2 3 5 1523 2101 1615 2760
7440 4 2 3 5 2874 2605 2469 2507
7441 4 2 3 5 1827 1821 1813 1691
7442 4 2 3 5 1922 1549 2339 1896
7443 4 2 3 5 2346 1916 2769 2345
7444 4 2 3 5 2390 2391 1343 1921
7445 4 2 3 5 1761 1760 2672 2674
7446 4 2 3 5 1749 2707 1663 1744
7447 4 2 3 5 2692 1685 1681 1669
7448 4 2 3 5 1745 1672 1751 2389
7449 4 2 3 5 2229 1810 1547 1734
7450 4 2 3 5 1677 1934 1935 1323
7451 4 2 3 5 1810 2732 1547 1818
7452 4 2 3 5 164 789 1374 1382
7453 4 2 3 5 2342 1657 1930 1919
7454 4 2 3 5 2129 1359 2652 1365
7455 4 2 3 5 741 2602 119 118
7456 4 2 3 5 521 2653 523 2673
7457 4 2 3 5 1777 1770 1768 1807
7458 4 2 3 5 1804 1528 1790 1801
7459 4 2 3 5 1938 2352 1794 1880
7460 4 2 3 5 1804 1805 1780 1806
7461 4 2 3 5 580 2645 682 649
7462 4 2 3 5 1346 1345 1488 1368
7463 4 2 3 5 1951 1958 2728 1959
7464 4 2 3 5 1956 2017 2411 2410
7465 4 2 3 5 2842 2594 2587 2592
7466 4 2 3 5 2583 2577 2017 1507
7467 4 2 3 5 2256 2848 749 2846
7468 4 2 3 5 2849 2847 2851 2850
7469 4 2 3 5 2412 2729 1639 2728
7470 4 2 3 5 1821 1814 1631 1333
7471 4 2 3 5 2571 1966 1962 2001
7472 4 2 3 5 2516 2571 2509 2001
7473 4 2 3 5 2511 2483 2510 2642
7474 4 2 3 5 1607 1608 1965 2019
7475 4 2 3 5 2775 1960 1966 1965
7476 4 2 3 5 2557 2572 2514 1600
7477 4 2 3 5 1821 1827 853 1333
7478 4 2 3 5 1912 2000 2056 1799
7479 4 2 3 5 580 2644 2716 2645
7480 4 2 3 5 2450 1491 1779 2464
7481 4 2 3 5 580 532 2645 649
7482 4 2 3 5 2417 1639 1637 2728
7483 4 2 3 5 676 2227 634 1998
7484 4 2 3 5 2227 92 2441 493
7485 4 2 3 5 2645 2605 2761 2762
7486 4 2 3 5 2000 1911 2068 2652
7487 4 2 3 5 693 2828 711 722
7488 4 2 3 5 1501 1911 2055 2068
7489 4 2 3 5 2729 2584 1553 2728
7490 4 2 3 5 1314 1792 2131 1875
7491 4 2 3 5 1345 834 836 1600
7492 4 2 3 5 2005 1468 1604 2510
7493 4 2 3 5 2571 1960 1961 1962
7494 4 2 3 5 2017 2577 1968 2630
7495 4 2 3 5 2010 2573 2579 2576
7496 4 2 3 5 2430 2649 611 2403
7497 4 2 3 5 850 1336 852 1333
7498 4 2 3 5 2594 127 2580 128
7499 4 2 3 5 1728 2025 2154 2328
7500 4 2 3 5 2314 1421 2115 2312
7501 4 2 3 5 1544 2549 1577 2546
7502 4 2 3 5 2024 2527 2025 2526
7503 4 2 3 5 2250 2032 2524 2523
7504 4 2 3 5 2560 2573 2014 2053
7505 4 2 3 5 2033 2549 2546 2034
7506 4 2 3 5 2546 2541 2537 2547
7507 4 2 3 5 2452 1496 1497 959
7508 4 2 3 5 2456 1989 2454 1985
7509 4 2 3 5 1502 1355 1482 1354
7510 4 2 3 5 1912 1798 1800 2650
7511 4 2 3 5 2886 2409 2889 1406
7512 4 2 3 5 1995 2451 1986 1987
7513 4 2 3 5 2610 2611 1903 1882
7514 4 2 3 5 1345 834 1368 1346
7515 4 2 3 5 2041 2472 2471 2608
7516 4 2 3 5 1905 2555 2049 1368
7517 4 2 3 5 1345 835 1600 836
7518 4 2 3 5 1473 2384 1480 2047
7519 4 2 3 5 2572 2556 2514 2007
7520 4 2 3 5 834 1905 1368 1346
7521 4 2 3 5 1572 2058 1328 1471
7522 4 2 3 5 100 2679 496 101
7523 4 2 3 5 1331 1969 2727 1637
7524 4 2 3 5 2671 1721 2278 2182
7525 4 2 3 5 2884 1335 1363 863
7526 4 2 3 5 2518 127 506 632
7527 4 2 3 5 2144 2145 2602 2598
7528 4 2 3 5 2069 2648 2658 2647
7529 4 2 3 5 2507 2605 123 2623
7530 4 2 3 5 1867 1554 1974 1299
7531 4 2 3 5 2734 659 585 2063
7532 4 2 3 5 2417 2418 2728 2416
7533 4 2 3 5 1082 1076 1063 1456
7534 4 2 3 5 1447 1448 2888 2096
7535 4 2 3 5 2887 1065 1062 1068
7536 4 2 3 5 2017 1967 1968 2410
7537 4 2 3 5 1472 1478 2514 2574
7538 4 2 3 5 2881 2880 2569 2585
7539 4 2 3 5 2859 774 759 760
7540 4 2 3 5 2017 1967 1952 1965
7541 4 2 3 5 1502 2616 1887 2613
7542 4 2 3 5 2875 2562 2003 2045
7543 4 2 3 5 2151 537 540 2640
7544 4 2 3 5 2434 1490 2436 2433
7545 4 2 3 5 2097 638 2098 2121
7546 4 2 3 5 2409 2890 2889 1406
7547 4 2 3 5 1473 2048 2642 1358
7548 4 2 3 5 1494 1001 876 1350
7549 4 2 3 5 2205 2202 540 2640
7550 4 2 3 5 2370 1773 1526 2366
7551 4 2 3 5 2352 2362 2361 1795
7552 4 2 3 5 2409 1974 2883 1970
7553 4 2 3 5 504 1938 579 683
7554 4 2 3 5 2653 525 562 524
7555 4 2 3 5 1878 1740 1795 2597
7556 4 2 3 5 2734 2139 2136 2138
7557 4 2 3 5 2139 2133 2065 2136
7558 4 2 3 5 116 115 2338 654
7559 4 2 3 5 1794 2675 1757 2672
7560 4 2 3 5 2140 1797 1891 2135
7561 4 2 3 5 1934 1677 1924 1929
7562 4 2 3 5 1918 1917 1921 1919
7563 4 2 3 5 2352 1896 2345 2353
7564 4 2 3 5 2342 2343 2192 2344
7565 4 2 3 5 504 1938 117 621
7566 4 2 3 5 2064 2065 1534 2131
7567 4 2 3 5 2854 2864 1915 2867
7568 4 2 3 5 835 1345 1600 1392
7569 4 2 3 5 1891 1890 1942 1941
7570 4 2 3 5 1880 2352 1795 1924
7571 4 2 3 5 1550 2044 1899 2071
7572 4 2 3 5 2067 2603 2668 2063
7573 4 2 3 5 1710 2207 2822 1520
7574 4 2 3 5 1559 2325 2328 2326
7575 4 2 3 5 1048 802 1435 1439
7576 4 2 3 5 2538 1516 2539 1591
7577 4 2 3 5 2497 1546 1622 1510
7578 4 2 3 5 905 840 843 1344
7579 4 2 3 5 1527 1764 1755 1745
7580 4 2 3 5 1884 1911 1877 2000
7581 4 2 3 5 2125 1803 2137 2689
7582 4 2 3 5 2675 1761 1757 2672
7583 4 2 3 5 1668 1667 1558 1664
7584 4 2 3 5 2166 2233 1390 2230
7585 4 2 3 5 1815 1817 1692 1813
7586 4 2 3 5 1728 1731 1702 1714
7587 4 2 3 5 1698 2288 2290 2294
7588 4 2 3 5 807 1378 1384 961
7589 4 2 3 5 2107 2200 2105 2301
7590 4 2 3 5 840 905 1964 1344
7591 4 2 3 5 1559 2329 2328 2331
7592 4 2 3 5 1712 1772 1778 2115
7593 4 2 3 5 1770 1771 2108 1296
7594 4 2 3 5 1759 1765 1541 1680
7595 4 2 3 5 1425 1023 2684 1424
7596 4 2 3 5 2578 2583 1344 1603
7597 4 2 3 5 1419 1414 2334 2332
7598 4 2 3 5 1436 1410 1385 1417
7599 4 2 3 5 1917 1918 2389 2398
7600 4 2 3 5 2314 1421 2116 2115
7601 4 2 3 5 1021 1027 1426 2463
7602 4 2 3 5 2450 1993 1986 1983
7603 4 2 3 5 654 2346 616 2186
7604 4 2 3 5 2177 1819 1624 2169
7605 4 2 3 5 2692 1669 1681 2711
7606 4 2 3 5 2577 2578 1344 1603
7607 4 2 3 5 1811 1810 1834 1823
7608 4 2 3 5 2690 2691 2220 111
7609 4 2 3 5 2244 2243 1738 2273
7610 4 2 3 5 2852 2853 2854 2846
7611 4 2 3 5 2277 134 501 135
7612 4 2 3 5 2577 2583 1344 2578
7613 4 2 3 5 2883 905 843 1344
7614 4 2 3 5 905 2883 1964 1344
7615 4 2 3 5 747 2256 739 748
7616 4 2 3 5 1846 1850 1843 2871
7617 4 2 3 5 2067 2062 2603 2063
7618 4 2 3 5 749 751 2846 750
7619 4 2 3 5 2266 2255 1843 2871
7620 4 2 3 5 2751 2750 1837 2187
7621 4 2 3 5 2871 2257 2845 1844
7622 4 2 3 5 2348 1689 2344 2193
7623 4 2 3 5 1353 1352 826 1354
7624 4 2 3 5 2756 1845 2871 2358
7625 4 2 3 5 2752 773 2754 2263
7626 4 2 3 5 2255 2756 1843 2871
7627 4 2 3 5 1845 1846 1843 2871
7628 4 2 3 5 1303 2084 1631 1727
7629 4 2 3 5 1379 1376 1371 2631
7630 4 2 3 5 1953 1967 1975 2020
7631 4 2 3 5 978 1400 942 1401
7632 4 2 3 5 723 2836 730 708
7633 4 2 3 5 703 712 704 2791
7634 4 2 3 5 2669 2770 2159 618
7635 4 2 3 5 2669 2670 582 561
7636 4 2 3 5 2276 2404 2083 2415
7637 4 2 3 5 1320 1665 2171 1664
7638 4 2 3 5 1728 1731 1714 2323
7639 4 2 3 5 2200 1698 1555 2295
7640 4 2 3 5 2670 1720 2337 1719
7641 4 2 3 5 2232 1820 2237 2236
7642 4 2 3 5 1728 1729 1730 2328
7643 4 2 3 5 2176 2297 1703 2306
7644 4 2 3 5 2302 1420 1434 2314
7645 4 2 3 5 1419 2329 2308 1666
7646 4 2 3 5 1560 1733 2332 2320
7647 4 2 3 5 2544 2032 2524 2545
7648 4 2 3 5 1731 2155 1543 1700
7649 4 2 3 5 1559 2329 2331 1414
7650 4 2 3 5 1511 1783 2431 2460
7651 4 2 3 5 1540 2497 2499 2153
7652 4 2 3 5 1718 2822 1520 1713
7653 4 2 3 5 1715 1732 1713 1700
7654 4 2 3 5 2112 2111 2110 2109
7655 4 2 3 5 2781 2798 1561 2208
7656 4 2 3 5 1582 2800 2791 2795
7657 4 2 3 5 1732 2330 2332 2331
7658 4 2 3 5 2309 2310 1708 2312
7659 4 2 3 5 2308 1420 2310 2332
7660 4 2 3 5 2308 2309 2332 2310
7661 4 2 3 5 1726 2091 2092 2088
7662 4 2 3 5 2701 1662 1762 2104
7663 4 2 3 5 2166 1390 1397 2230
7664 4 2 3 5 1355 1353 826 1354
7665 4 2 3 5 1353 1355 1887 1354
7666 4 2 3 5 1880 1761 1921 2389
7667 4 2 3 5 2688 2685 2695 2673
7668 4 2 3 5 2658 2648 1800 2667
7669 4 2 3 5 1352 1353 1887 1354
7670 4 2 3 5 2653 2037 2673 1788
7671 4 2 3 5 879 1674 881 1412
7672 4 2 3 5 1655 2391 1343 1746
7673 4 2 3 5 2362 2352 2353 1934
7674 4 2 3 5 2697 6 2186 2187
7675 4 2 3 5 2347 2353 2355 2345
7676 4 2 3 5 924 1472 1470 1477
7677 4 2 3 5 2189 2750 1837 2751
7678 4 2 3 5 1711 1512 1772 1768
7679 4 2 3 5 2660 1679 1762 1563
7680 4 2 3 5 582 2669 583 2749
7681 4 2 3 5 1383 1411 1434 996
7682 4 2 3 5 2107 2200 1668 2105
7683 4 2 3 5 1016 1017 2321 1018
7684 4 2 3 5 1673 961 997 963
7685 4 2 3 5 1436 1043 1410 1417
7686 4 2 3 5 2474 2615 2609 1502
7687 4 2 3 5 2051 2385 2052 1481
7688 4 2 3 5 1464 1610 1611 1465
7689 4 2 3 5 1907 1500 1996 1882
7690 4 2 3 5 2048 2050 2047 2470
7691 4 2 3 5 1790 1789 1802 1791
7692 4 2 3 5 813 1377 1343 1382
7693 4 2 3 5 1528 1753 1674 2394
7694 4 2 3 5 1672 1671 2686 1757
7695 4 2 3 5 2596 1940 1881 1795
7696 4 2 3 5 2804 2369 1773 2370
7697 4 2 3 5 1767 1776 1768 1758
7698 4 2 3 5 1638 2880 1978 2569
7699 4 2 3 5 2416 1958 2728 2411
7700 4 2 3 5 2266 2871 2257 2264
7701 4 2 3 5 2262 1449 1450 2074
7702 4 2 3 5 2875 2045 2568 2521
7703 4 2 3 5 2084 2086 2087 2088
7704 4 2 3 5 1809 2271 2242 1851
7705 4 2 3 5 1951 1957 2747 2726
7706 4 2 3 5 1333 1332 849 1371
7707 4 2 3 5 2089 2428 132 2421
7708 4 2 3 5 2725 2586 2422 2587
7709 4 2 3 5 2413 2425 2426 2427
7710 4 2 3 5 1635 2546 2061 2631
7711 4 2 3 5 779 2567 764 772
7712 4 2 3 5 1958 2418 1959 2088
7713 4 2 3 5 132 2428 133 2425
7714 4 2 3 5 2076 1450 1451 2074
7715 4 2 3 5 1293 1438 1413 1440
7716 4 2 3 5 1511 2837 1580 1997
7717 4 2 3 5 1596 2147 1465 2148
7718 4 2 3 5 2786 1999 1586 1580
7719 4 2 3 5 1593 1623 1594 1586
7720 4 2 3 5 2651 1334 2394 2652
7721 4 2 3 5 1787 1798 1802 2650
7722 4 2 3 5 1334 1753 2394 879
7723 4 2 3 5 1988 2269 1564 2466
7724 4 2 3 5 1026 1589 1023 1025
7725 4 2 3 5 1032 1027 1432 1426
7726 4 2 3 5 2211 2113 1784 2114
7727 4 2 3 5 2826 2825 2829 2795
7728 4 2 3 5 1028 1017 2116 1427
7729 4 2 3 5 2374 1765 1766 1296
7730 4 2 3 5 822 1367 1365 1359
7731 4 2 3 5 1885 2129 1741 2131
7732 4 2 3 5 2618 2615 2609 2042
7733 4 2 3 5 2597 2124 2138 119
7734 4 2 3 5 2386 2054 2762 1903
7735 4 2 3 5 1572 922 1573 1519
7736 4 2 3 5 841 1476 1477 1328
7737 4 2 3 5 2439 1613 1510 2433
7738 4 2 3 5 2546 1522 2536 1574
7739 4 2 3 5 822 1366 1365 1367
7740 4 2 3 5 2434 1486 1611 2433
7741 4 2 3 5 1293 2496 1438 1348
7742 4 2 3 5 1519 1589 1300 1514
7743 4 2 3 5 96 660 2625 491
7744 4 2 3 5 1619 2834 1590 1515
7745 4 2 3 5 1584 2744 2835 1579
7746 4 2 3 5 2135 2616 1876 2619
7747 4 2 3 5 1940 1889 1740 2596
7748 4 2 3 5 2863 752 755 753
7749 4 2 3 5 741 757 766 2600
7750 4 2 3 5 1367 1314 1365 1359
7751 4 2 3 5 2138 499 664 119
7752 4 2 3 5 1366 1314 1365 1367
7753 4 2 3 5 2637 1607 1606 1608
7754 4 2 3 5 2645 2468 2758 2761
7755 4 2 3 5 2644 2102 2758 568
7756 4 2 3 5 2645 686 568 2758
7757 4 2 3 5 2117 669 596 645
7758 4 2 3 5 1560 2331 1545 2030
7759 4 2 3 5 1923 1939 1932 1881
7760 4 2 3 5 2539 1643 1300 2683
7761 4 2 3 5 2821 2819 1520 1713
7762 4 2 3 5 646 2032 629 496
7763 4 2 3 5 1522 2547 2537 2548
7764 4 2 3 5 2832 2551 2525 1981
7765 4 2 3 5 1414 1012 1403 1014
7766 4 2 3 5 708 697 2790 699
7767 4 2 3 5 2744 2539 2677 2681
7768 4 2 3 5 1420 1419 2334 2332
7769 4 2 3 5 2329 2330 2331 2332
7770 4 2 3 5 2028 2542 1521 1981
7771 4 2 3 5 2028 2155 2331 2328
7772 4 2 3 5 2249 2033 1318 2034
7773 4 2 3 5 2249 1630 2154 2325
7774 4 2 3 5 1729 1728 1703 2182
7775 4 2 3 5 2562 2875 2003 2503
7776 4 2 3 5 2518 506 2570 2121
7777 4 2 3 5 2856 2569 2259 2857
7778 4 2 3 5 2044 2503 1910 2477
7779 4 2 3 5 2468 2469 124 497
7780 4 2 3 5 2469 2468 2046 497
7781 4 2 3 5 2572 2556 2007 2053
7782 4 2 3 5 2016 1966 2576 2578
7783 4 2 3 5 1960 2571 1966 1962
7784 4 2 3 5 1342 1341 1349 1893
7785 4 2 3 5 2727 1969 2728 1637
7786 4 2 3 5 2577 1507 1946 2017
7787 4 2 3 5 2418 1639 2728 1959
7788 4 2 3 5 921 1573 919 1476
7789 4 2 3 5 1847 1920 1796 1747
7790 4 2 3 5 764 2841 2840 2504
7791 4 2 3 5 1971 1972 2018 2579
7792 4 2 3 5 2593 2595 2592 2591
7793 4 2 3 5 2129 1314 1741 2131
7794 4 2 3 5 680 6 2186 108
7795 4 2 3 5 1814 1631 1855 2087
7796 4 2 3 5 1646 1902 2052 2873
7797 4 2 3 5 1754 1676 1365 1741
7798 4 2 3 5 2643 1539 2383 2102
7799 4 2 3 5 762 2841 764 770
7800 4 2 3 5 2605 2507 123 2469
7801 4 2 3 5 2610 635 2605 123
7802 4 2 3 5 2648 2067 2062 2763
7803 4 2 3 5 2468 2469 2046 2873
7804 4 2 3 5 822 824 1354 1359
7805 4 2 3 5 2076 2262 1450 2074
7806 4 2 3 5 1454 2351 2074 1449
7807 4 2 3 5 2591 2725 2592 129
7808 4 2 3 5 2627 2776 2777 2628
7809 4 2 3 5 2486 2485 1965 2630
7810 4 2 3 5 1967 2017 2630 1965
7811 4 2 3 5 548 2632 2635 546
7812 4 2 3 5 759 751 750 2851
7813 4 2 3 5 1314 1366 1365 1741
7814 4 2 3 5 2128 1676 2134 1741
7815 4 2 3 5 1303 1336 2415 1371
7816 4 2 3 5 1303 2414 2415 2083
7817 4 2 3 5 542 2205 541 539
7818 4 2 3 5 2803 719 727 698
7819 4 2 3 5 2059 1602 1606 2486
7820 4 2 3 5 1584 2626 96 2834
7821 4 2 3 5 1346 1349 1488 1392
7822 4 2 3 5 2577 2583 2578 1507
7823 4 2 3 5 2080 630 133 2425
7824 4 2 3 5 1956 2017 1953 2778
7825 4 2 3 5 1349 1346 1488 1893
7826 4 2 3 5 566 592 2403 611
7827 4 2 3 5 1963 2008 1392 1488
7828 4 2 3 5 1841 1842 2087 1828
7829 4 2 3 5 1375 957 1376 859
7830 4 2 3 5 1720 2316 2749 2322
7831 4 2 3 5 2627 2117 2481 595
7832 4 2 3 5 2707 1663 2711 1681
7833 4 2 3 5 1649 2719 1558 2698
7834 4 2 3 5 2670 575 2671 2337
7835 4 2 3 5 2165 1396 2290 2171
7836 4 2 3 5 2712 2243 2174 1825
7837 4 2 3 5 1559 2326 2328 1730
7838 4 2 3 5 553 2245 2248 563
7839 4 2 3 5 2814 2529 2832 2525
7840 4 2 3 5 2544 2523 2024 2524
7841 4 2 3 5 1336 1303 2415 2083
7842 4 2 3 5 100 610 496 2531
7843 4 2 3 5 2679 2814 2551 101
7844 4 2 3 5 2227 493 2441 676
7845 4 2 3 5 957 917 1376 859
7846 4 2 3 5 1835 1927 2750 2339
7847 4 2 3 5 2692 1650 1669 2711
7848 4 2 3 5 1379 917 1376 957
7849 4 2 3 5 510 2718 2694 616
7850 4 2 3 5 516 2710 2717 518
7851 4 2 3 5 1649 2665 2698 2201
7852 4 2 3 5 675 653 1648 640
7853 4 2 3 5 2707 1760 2710 2708
7854 4 2 3 5 1772 2112 1784 1778
7855 4 2 3 5 2665 2659 2700 2698
7856 4 2 3 5 1660 2161 2198 1652
7857 4 2 3 5 1743 2206 1563 1758
7858 4 2 3 5 2200 2199 1668 2105
7859 4 2 3 5 707 2781 716 705
7860 4 2 3 5 1825 1826 2174 1854
7861 4 2 3 5 631 630 2080 577
7862 4 2 3 5 1722 1723 2035 1724
7863 4 2 3 5 2479 2847 2256 2872
7864 4 2 3 5 2429 1951 2419 1864
7865 4 2 3 5 2406 2847 2851 763
7866 4 2 3 5 2853 2854 2855 2862
7867 4 2 3 5 2860 1945 2850 1864
7868 4 2 3 5 2568 2843 2840 2877
7869 4 2 3 5 2660 2701 2700 2698
7870 4 2 3 5 2157 2197 1558 1648
7871 4 2 3 5 2703 2735 5 2705
7872 4 2 3 5 718 87 2208 2213
7873 4 2 3 5 2287 2719 2158 2311
7874 4 2 3 5 2406 2847 2421 2090
7875 4 2 3 5 2776 2775 1641 2633
7876 4 2 3 5 1548 2035 2252 1954
7877 4 2 3 5 2859 774 760 2748
7878 4 2 3 5 554 553 551 2251
7879 4 2 3 5 2627 2632 2633 2635
7880 4 2 3 5 1367 1352 1339 1888
7881 4 2 3 5 2755 2715 2187 2753
7882 4 2 3 5 1761 1536 2733 2769
7883 4 2 3 5 773 745 115 2752
7884 4 2 3 5 1551 2858 2072 2857
7885 4 2 3 5 1537 2450 2441 1525
7886 4 2 3 5 2744 2797 2824 2825
7887 4 2 3 5 536 2767 573 2382
7888 4 2 3 5 2481 1608 2487 2482
7889 4 2 3 5 1469 2775 1641 1952
7890 4 2 3 5 1379 1576 1476 918
7891 4 2 3 5 2486 2059 1328 1476
7892 4 2 3 5 2864 2599 2602 2865
7893 4 2 3 5 1949 2413 2747 2746
7894 4 2 3 5 866 950 946 1446
7895 4 2 3 5 1870 2423 2427 2426
7896 4 2 3 5 2335 2819 1520 2721
7897 4 2 3 5 2314 2313 2115 2116
7898 4 2 3 5 1020 1021 2788 2463
7899 4 2 3 5 2551 2023 2542 1981
7900 4 2 3 5 2321 2314 2116 1018
7901 4 2 3 5 950 866 979 1387
7902 4 2 3 5 866 1393 979 1387
7903 4 2 3 5 1352 825 1339 1338
7904 4 2 3 5 2450 2456 1989 2454
7905 4 2 3 5 2810 1566 2800 2795
7906 4 2 3 5 2381 2152 2432 2149
7907 4 2 3 5 2808 1808 1565 2809
7908 4 2 3 5 2111 2313 2110 2301
7909 4 2 3 5 1777 1512 1784 1774
7910 4 2 3 5 2825 1582 2826 1513
7911 4 2 3 5 1518 913 915 914
7912 4 2 3 5 1009 1411 1036 1429
7913 4 2 3 5 824 822 1354 1352
7914 4 2 3 5 103 104 2820 2528
7915 4 2 3 5 103 696 2820 104
7916 4 2 3 5 708 702 699 2790
7917 4 2 3 5 1444 1311 1936 2143
7918 4 2 3 5 975 1444 1387 1446
7919 4 2 3 5 2803 719 2812 727
7920 4 2 3 5 696 103 2820 691
7921 4 2 3 5 1016 1560 1545 2321
7922 4 2 3 5 1988 1989 2466 2454
7923 4 2 3 5 1517 1020 2831 2463
7924 4 2 3 5 1020 1517 1027 2463
7925 4 2 3 5 2550 2331 1578 1316
7926 4 2 3 5 2375 1808 1806 1807
7927 4 2 3 5 2810 2827 2801 2800
7928 4 2 3 5 2869 2875 2840 2504
7929 4 2 3 5 2486 2634 2630 2020
7930 4 2 3 5 2745 2731 2629 612
7931 4 2 3 5 2841 2506 770 2861
7932 4 2 3 5 2601 1742 2360 1943
7933 4 2 3 5 2853 1945 2850 2839
7934 4 2 3 5 1639 2729 2420 1869
7935 4 2 3 5 2406 774 2748 776
7936 4 2 3 5 2866 2867 2862 2868
7937 4 2 3 5 2841 762 2861 770
7938 4 2 3 5 2860 2850 2851 2748
7939 4 2 3 5 1444 2892 1446 1080
7940 4 2 3 5 2166 2223 2163 1397
7941 4 2 3 5 2855 2854 1915 2862
7942 4 2 3 5 521 2397 522 519
7943 4 2 3 5 126 2567 2520 2504
7944 4 2 3 5 1914 2066 1899 2624
7945 4 2 3 5 2867 1915 2862 2003
7946 4 2 3 5 1690 1694 2354 1796
7947 4 2 3 5 2054 1903 2052 2471
7948 4 2 3 5 125 2561 2553 2502
7949 4 2 3 5 2163 2223 2164 1397
7950 4 2 3 5 1867 2729 1869 2881
7951 4 2 3 5 1398 1827 1833 1860
7952 4 2 3 5 1336 2275 1631 2083
7953 4 2 3 5 1933 1886 2132 1796
7954 4 2 3 5 2341 2223 1397 2224
7955 4 2 3 5 1377 2341 1397 2224
7956 4 2 3 5 2402 550 552 551
7957 4 2 3 5 592 2401 2403 2284
7958 4 2 3 5 2627 2775 2776 2633
7959 4 2 3 5 620 1851 644 501
7960 4 2 3 5 2664 1654 2663 2661
7961 4 2 3 5 2713 631 2080 577
7962 4 2 3 5 2423 1840 2424 2277
7963 4 2 3 5 1738 2243 2272 2273
7964 4 2 3 5 1999 2795 1586 1580
7965 4 2 3 5 2223 2224 2663 1397
7966 4 2 3 5 2379 2782 714 720
7967 4 2 3 5 1494 1486 2437 1407
7968 4 2 3 5 88 624 89 2370
7969 4 2 3 5 1762 1679 1758 1563
7970 4 2 3 5 1512 1777 1768 1774
7971 4 2 3 5 2446 2458 1413 2449
7972 4 2 3 5 1583 1596 2148 2625
7973 4 2 3 5 1438 1293 1348 1440
7974 4 2 3 5 2825 2826 2829 1586
7975 4 2 3 5 725 2793 2794 2499
7976 4 2 3 5 658 2214 2487 2636
7977 4 2 3 5 1049 1431 1413 1440
7978 4 2 3 5 1760 1749 1536 1761
7979 4 2 3 5 520 2672 519 518
7980 4 2 3 5 2708 515 517 2710
7981 4 2 3 5 1474 1486 1350 1611
7982 4 2 3 5 2489 2507 123 2623
7983 4 2 3 5 635 2610 122 123
7984 4 2 3 5 121 2070 122 2623
7985 4 2 3 5 2605 2468 2469 123
7986 4 2 3 5 2064 2615 2042 2612
7987 4 2 3 5 911 1358 1364 1350
7988 4 2 3 5 2322 2333 2323 1714
7989 4 2 3 5 1303 1336 1631 2083
7990 4 2 3 5 2090 2406 1864 2421
7991 4 2 3 5 1950 2082 2083 2416
7992 4 2 3 5 982 1404 1418 796
7993 4 2 3 5 2697 109 2186 108
7994 4 2 3 5 1431 1432 1530 1569
7995 4 2 3 5 2413 132 500 2430
7996 4 2 3 5 1432 1011 1416 1418
7997 4 2 3 5 1404 1011 1432 1418
7998 4 2 3 5 1292 1432 1416 1418
7999 4 2 3 5 1032 1404 1011 1432
8000 4 2 3 5 955 1404 796 143
8001 4 2 3 5 2457 1493 2455 2466
8002 4 2 3 5 1292 1404 1432 1418
8003 4 2 3 5 1857 1870 2087 1855
8004 4 2 3 5 2540 2552 2548 2543
8005 4 2 3 5 1394 1666 869 2304
8006 4 2 3 5 1427 1017 1557 1429
8007 4 2 3 5 1599 1610 2642 1350
8008 4 2 3 5 1363 844 1344 843
8009 4 2 3 5 165 1381 2662 1397
8010 4 2 3 5 2163 974 1381 2290
8011 4 2 3 5 872 2293 882 1396
8012 4 2 3 5 2414 1950 2083 2416
8013 4 2 3 5 1436 1017 1427 1429
8014 4 2 3 5 2414 1303 2416 2083
8015 4 2 3 5 2106 2107 2105 2301
8016 4 2 3 5 1698 1697 2295 2301
8017 4 2 3 5 1410 1384 1411 1429
8018 4 2 3 5 1303 2084 2416 2083
8019 4 2 3 5 1384 1410 1385 1429
8020 4 2 3 5 1347 1437 1348 1440
8021 4 2 3 5 1495 1347 1348 1440
8022 4 2 3 5 1039 1437 1440 1438
8023 4 2 3 5 1038 1437 1440 1039
8024 4 2 3 5 510 2718 648 2717
8025 4 2 3 5 575 619 2248 628
8026 4 2 3 5 578 2675 683 579
8027 4 2 3 5 1437 1438 1348 1440
8028 4 2 3 5 1495 1407 1440 1413
8029 4 2 3 5 2496 2440 2449 2448
8030 4 2 3 5 1066 1064 1067 1451
8031 4 2 3 5 1874 1913 2067 2668
8032 4 2 3 5 605 602 562 2647
8033 4 2 3 5 499 2124 118 119
8034 4 2 3 5 2266 1862 2872 2257
8035 4 2 3 5 1760 1761 1536 2674
8036 4 2 3 5 2718 2346 616 650
8037 4 2 3 5 675 582 583 2749
8038 4 2 3 5 109 616 2186 108
8039 4 2 3 5 1450 2076 1451 2565
8040 4 2 3 5 1291 1066 1073 1451
8041 4 2 3 5 963 139 799 1007
8042 4 2 3 5 1672 1750 2780 1767
8043 4 2 3 5 1982 2365 2036 2366
8044 4 2 3 5 2759 2643 1539 1614
8045 4 2 3 5 636 635 2468 686
8046 4 2 3 5 1453 1291 1073 1451
8047 4 2 3 5 752 757 2844 755
8048 4 2 3 5 542 597 2119 539
8049 4 2 3 5 93 493 2152 2738
8050 4 2 3 5 2670 1720 2749 582
8051 4 2 3 5 2280 2713 577 601
8052 4 2 3 5 2396 1782 2364 1526
8053 4 2 3 5 2203 2151 2204 2641
8054 4 2 3 5 593 547 2639 545
8055 4 2 3 5 544 588 2636 2405
8056 4 2 3 5 1462 1389 1085 1460
8057 4 2 3 5 2096 2890 2094 2262
8058 4 2 3 5 2745 2746 1953 2731
8059 4 2 3 5 779 126 2567 772
8060 4 2 3 5 2285 2280 556 2283
8061 4 2 3 5 1070 1462 1085 1460
8062 4 2 3 5 2632 2638 546 543
8063 4 2 3 5 566 2628 612 2629
8064 4 2 3 5 668 2285 2080 577
8065 4 2 3 5 2280 2282 2278 2283
8066 4 2 3 5 92 2227 2456 91
8067 4 2 3 5 2692 1685 1669 2197
8068 4 2 3 5 1685 2197 2160 1669
8069 4 2 3 5 2491 2646 2657 530
8070 4 2 3 5 763 2847 2851 2848
8071 4 2 3 5 2085 2096 2094 2093
8072 4 2 3 5 132 2413 2419 2425
8073 4 2 3 5 1358 933 1471 1599
8074 4 2 3 5 742 778 2866 765
8075 4 2 3 5 2759 2468 1646 2758
8076 4 2 3 5 514 2659 655 113
8077 4 2 3 5 2172 2162 2290 2171
8078 4 2 3 5 2599 768 765 766
8079 4 2 3 5 933 1358 1471 1470
8080 4 2 3 5 2222 1687 2732 2226
8081 4 2 3 5 2315 653 2749 508
8082 4 2 3 5 1598 1358 1471 1599
8083 4 2 3 5 2100 2097 2098 2099
8084 4 2 3 5 2489 2604 122 782
8085 4 2 3 5 2001 2006 2009 2053
8086 4 2 3 5 2101 2100 2097 2760
8087 4 2 3 5 641 598 2097 666
8088 4 2 3 5 2567 2594 2521 2568
8089 4 2 3 5 1358 1598 1471 1470
8090 4 2 3 5 2054 2607 1481 1482
8091 4 2 3 5 2054 2386 1482 1481
8092 4 2 3 5 1750 2396 1526 1789
8093 4 2 3 5 1411 1434 1036 1429
8094 4 2 3 5 2805 1774 2270 2372
8095 4 2 3 5 2781 715 716 705
8096 4 2 3 5 1772 1712 2110 2115
8097 4 2 3 5 2686 626 567 2780
8098 4 2 3 5 1865 1978 1948 2878
8099 4 2 3 5 2338 2347 2355 2345
8100 4 2 3 5 631 501 672 2273
8101 4 2 3 5 2406 763 774 776
8102 4 2 3 5 2628 2730 612 2629
8103 4 2 3 5 1870 2086 2427 2087
8104 4 2 3 5 558 619 555 2278
8105 4 2 3 5 2285 2280 577 556
8106 4 2 3 5 2238 2185 2225 2242
8107 4 2 3 5 2123 2124 2138 2596
8108 4 2 3 5 1497 1498 2444 2455
8109 4 2 3 5 2690 2201 2711 2666
8110 4 2 3 5 2303 2286 1648 2749
8111 4 2 3 5 1497 1431 1413 2455
8112 4 2 3 5 2669 582 583 561
8113 4 2 3 5 120 2734 121 659
8114 4 2 3 5 120 664 2734 585
8115 4 2 3 5 2838 2859 754 761
8116 4 2 3 5 116 2363 117 2353
8117 4 2 3 5 2134 1797 2140 2135
8118 4 2 3 5 2734 2136 2668 2138
8119 4 2 3 5 2530 2021 1317 2030
8120 4 2 3 5 737 730 2721 717
8121 4 2 3 5 1426 1432 1416 2466
8122 4 2 3 5 2458 1426 2455 1413
8123 4 2 3 5 1720 2670 667 582
8124 4 2 3 5 2822 2821 1520 1713
8125 4 2 3 5 2772 1650 2197 1558
8126 4 2 3 5 669 2518 632 645
8127 4 2 3 5 635 686 649 2645
8128 4 2 3 5 2097 2760 2046 1615
8129 4 2 3 5 669 2518 506 632
8130 4 2 3 5 2759 2760 2046 2097
8131 4 2 3 5 2679 2814 2680 2551
8132 4 2 3 5 702 707 2790 708
8133 4 2 3 5 2446 1498 1413 2455
8134 4 2 3 5 1498 1497 1413 2455
8135 4 2 3 5 2679 2544 101 2551
8136 4 2 3 5 2194 1582 2207 2822
8137 4 2 3 5 702 701 699 2789
8138 4 2 3 5 1582 2821 2789 2790
8139 4 2 3 5 1605 1601 1504 2019
8140 4 2 3 5 495 104 2322 623
8141 4 2 3 5 2096 2085 2094 2409
8142 4 2 3 5 2744 2797 1585 2743
8143 4 2 3 5 691 2803 698 719
8144 4 2 3 5 1601 1467 1504 2019
8145 4 2 3 5 103 2336 627 495
8146 4 2 3 5 563 2245 2248 2400
8147 4 2 3 5 2814 2680 731 100
8148 4 2 3 5 105 2315 508 106
8149 4 2 3 5 2703 2720 2705 107
8150 4 2 3 5 2495 2435 2496 1510
8151 4 2 3 5 2770 2669 2773 2749
8152 4 2 3 5 767 757 741 2600
8153 4 2 3 5 2626 2494 1509 1510
8154 4 2 3 5 605 562 585 2647
8155 4 2 3 5 1914 2070 2624 1898
8156 4 2 3 5 1856 1868 1860 2094
8157 4 2 3 5 2604 2070 1898 2624
8158 4 2 3 5 756 2863 753 2861
8159 4 2 3 5 751 759 754 2851
8160 4 2 3 5 2434 2436 2438 2433
8161 4 2 3 5 630 631 2080 133
8162 4 2 3 5 2869 2843 2840 2568
8163 4 2 3 5 592 2401 566 2403
8164 4 2 3 5 652 613 2730 612
8165 4 2 3 5 2847 2089 2421 2090
8166 4 2 3 5 2847 2406 785 763
8167 4 2 3 5 2604 2599 2866 2867
8168 4 2 3 5 2277 631 2273 134
8169 4 2 3 5 132 2089 785 133
8170 4 2 3 5 2497 2626 1546 1510
8171 4 2 3 5 2714 1688 2732 2253
8172 4 2 3 5 2440 2439 1499 1510
8173 4 2 3 5 1956 2746 1947 2731
8174 4 2 3 5 2744 1643 1593 1515
8175 4 2 3 5 652 613 687 2730
8176 4 2 3 5 2594 784 2592 2842
8177 4 2 3 5 2627 2117 595 645
8178 4 2 3 5 2594 784 2842 743
8179 4 2 3 5 1643 2744 1592 1515
8180 4 2 3 5 1767 1750 2780 1785
8181 4 2 3 5 763 2406 785 776
8182 4 2 3 5 665 507 651 1785
8183 4 2 3 5 1767 1750 1526 1789
8184 4 2 3 5 2346 1916 2674 2769
8185 4 2 3 5 1922 1896 2339 1761
8186 4 2 3 5 2710 2686 2717 518
8187 4 2 3 5 1497 1431 1530 1569
8188 4 2 3 5 982 1404 955 1569
8189 4 2 3 5 910 1334 879 858
8190 4 2 3 5 1793 2687 1789 1802
8191 4 2 3 5 1334 1753 879 858
8192 4 2 3 5 1753 878 879 858
8193 4 2 3 5 1685 2696 1681 1669
8194 4 2 3 5 1754 1676 2134 1678
8195 4 2 3 5 1377 165 930 807
8196 4 2 3 5 2185 2159 1686 2225
8197 4 2 3 5 1810 2732 1818 1823
8198 4 2 3 5 963 1417 799 997
8199 4 2 3 5 1918 1644 2399 2398
8200 4 2 3 5 1366 1792 1314 1875
8201 4 2 3 5 2166 2233 1834 2223
8202 4 2 3 5 2229 1810 2732 1547
8203 4 2 3 5 2222 2229 2732 1547
8204 4 2 3 5 1444 946 975 798
8205 4 2 3 5 675 640 1648 2749
8206 4 2 3 5 1868 1856 2409 2094
8207 4 2 3 5 1753 1334 864 858
8208 4 2 3 5 2085 1856 1860 2094
8209 4 2 3 5 2184 2773 1686 2159
8210 4 2 3 5 1321 1342 1349 2558
8211 4 2 3 5 2616 2622 1503 1887
8212 4 2 3 5 899 1355 1905 830
8213 4 2 3 5 1355 899 828 830
8214 4 2 3 5 1329 2577 1477 2630
8215 4 2 3 5 1335 2884 1970 2409
8216 4 2 3 5 2701 2719 2698 1558
8217 4 2 3 5 1345 835 832 1392
8218 4 2 3 5 1650 2701 2698 1558
8219 4 2 3 5 2713 1852 1724 1853
8220 4 2 3 5 154 1319 953 1035
8221 4 2 3 5 1408 802 952 995
8222 4 2 3 5 2404 2276 1376 2415
8223 4 2 3 5 2307 2308 2305 2298
8224 4 2 3 5 2199 2288 1664 1652
8225 4 2 3 5 851 1362 852 1336
8226 4 2 3 5 2719 1667 1558 1668
8227 4 2 3 5 1400 1337 870 871
8228 4 2 3 5 2701 2719 1558 1668
8229 4 2 3 5 829 861 1341 831
8230 4 2 3 5 899 833 830 1905
8231 4 2 3 5 1650 2701 1558 1668
8232 4 2 3 5 1324 977 896 988
8233 4 2 3 5 877 873 1661 972
8234 4 2 3 5 2162 2172 2290 2289
8235 4 2 3 5 982 1388 1418 1569
8236 4 2 3 5 1404 982 1418 1569
8237 4 2 3 5 972 1372 1813 1390
8238 4 2 3 5 877 1625 2165 2230
8239 4 2 3 5 1856 2085 2409 2094
8240 4 2 3 5 824 822 1352 825
8241 4 2 3 5 2669 2670 2749 582
8242 4 2 3 5 2200 2291 2289 2105
8243 4 2 3 5 1533 2038 2651 2652
8244 4 2 3 5 1534 2064 2613 2612
8245 4 2 3 5 811 812 1370 1374
8246 4 2 3 5 2142 1340 2073 1849
8247 4 2 3 5 1448 1324 1457 1306
8248 4 2 3 5 2044 1550 2045 2563
8249 4 2 3 5 2497 1540 1580 1546
8250 4 2 3 5 2884 2885 2409 1406
8251 4 2 3 5 1356 845 1379 919
8252 4 2 3 5 1540 1546 2153 1580
8253 4 2 3 5 2439 1622 1499 1510
8254 4 2 3 5 2549 1577 2546 1375
8255 4 2 3 5 1357 1634 2727 2410
8256 4 2 3 5 1613 2439 2438 2433
8257 4 2 3 5 2436 1613 2438 2433
8258 4 2 3 5 2557 2555 1600 2514
8259 4 2 3 5 1754 1933 816 815
8260 4 2 3 5 1368 2555 2514 1600
8261 4 2 3 5 2729 1867 1869 1970
8262 4 2 3 5 1345 1600 1392 1488
8263 4 2 3 5 939 907 904 1406
8264 4 2 3 5 2276 1944 1854 2083
8265 4 2 3 5 1335 847 848 1332
8266 4 2 3 5 841 840 838 1344
8267 4 2 3 5 845 1356 917 846
8268 4 2 3 5 2583 1357 1969 2727
8269 4 2 3 5 2015 2577 2575 2578
8270 4 2 3 5 2133 2134 2131 1940
8271 4 2 3 5 2313 2111 2115 2116
8272 4 2 3 5 2340 1657 1659 2343
8273 4 2 3 5 1367 822 902 825
8274 4 2 3 5 1329 2577 1344 1477
8275 4 2 3 5 2038 1884 2000 2652
8276 4 2 3 5 1369 1847 1370 1920
8277 4 2 3 5 889 961 997 1673
8278 4 2 3 5 143 1404 796 1011
8279 4 2 3 5 796 142 1011 1418
8280 4 2 3 5 1707 2300 1542 2301
8281 4 2 3 5 796 1404 1418 1011
8282 4 2 3 5 1479 1963 1600 1488
8283 4 2 3 5 2219 2225 513 2226
8284 4 2 3 5 2661 2289 2198 2662
8285 4 2 3 5 2167 1654 2663 2398
8286 4 2 3 5 1737 2282 2278 1725
8287 4 2 3 5 877 2163 974 809
8288 4 2 3 5 2183 1627 1702 2176
8289 4 2 3 5 2166 2163 2165 2230
8290 4 2 3 5 1695 1667 2288 2171
8291 4 2 3 5 2163 1381 2289 2290
8292 4 2 3 5 2577 2578 1603 1477
8293 4 2 3 5 187 800 1077 941
8294 4 2 3 5 989 2886 863 870
8295 4 2 3 5 1335 1330 848 857
8296 4 2 3 5 2885 2883 904 903
8297 4 2 3 5 1603 2578 2576 1477
8298 4 2 3 5 1600 2512 1392 1488
8299 4 2 3 5 1324 1398 896 1399
8300 4 2 3 5 1489 2764 1611 1463
8301 4 2 3 5 1462 1070 1052 1095
8302 4 2 3 5 2313 2314 1557 2116
8303 4 2 3 5 1480 1523 1611 1465
8304 4 2 3 5 1614 1523 1611 1480
8305 4 2 3 5 1612 2495 1510 2433
8306 4 2 3 5 2111 2313 1557 2116
8307 4 2 3 5 1443 1088 1090 1072
8308 4 2 3 5 2495 2435 1510 2433
8309 4 2 3 5 1555 1383 1385 1429
8310 4 2 3 5 1012 790 1403 1013
8311 4 2 3 5 1733 2320 2334 2312
8312 4 2 3 5 2319 1421 2115 2802
8313 4 2 3 5 2797 2815 2833 2832
8314 4 2 3 5 155 790 1013 947
8315 4 2 3 5 2302 1429 2295 2301
8316 4 2 3 5 1293 1517 2449 1413
8317 4 2 3 5 2437 1497 1498 2444
8318 4 2 3 5 1032 1011 1416 1432
8319 4 2 3 5 1911 1883 2127 1877
8320 4 2 3 5 2511 2483 1598 1470
8321 4 2 3 5 1438 1437 1433 1047
8322 4 2 3 5 2440 2435 2496 1348
8323 4 2 3 5 2539 2540 2543 2683
8324 4 2 3 5 1329 1344 838 1477
8325 4 2 3 5 2435 2495 1348 2433
8326 4 2 3 5 2435 2434 2438 2433
8327 4 2 3 5 1006 1431 1440 1407
8328 4 2 3 5 1038 1039 1440 1024
8329 4 2 3 5 1337 1330 871 925
8330 4 2 3 5 2890 2096 1304 2889
8331 4 2 3 5 1441 2890 2889 2887
8332 4 2 3 5 1081 1086 1308 1068
8333 4 2 3 5 1070 1066 1460 1069
8334 4 2 3 5 1472 1368 2514 1600
8335 4 2 3 5 1070 1291 1460 1066
8336 4 2 3 5 1070 1291 1462 1460
8337 4 2 3 5 998 1409 160 1055
8338 4 2 3 5 1538 2740 1621 1622
8339 4 2 3 5 2740 2445 1621 1622
8340 4 2 3 5 2451 2453 2444 2454
8341 4 2 3 5 1449 1064 1063 1062
8342 4 2 3 5 2440 2446 2438 1498
8343 4 2 3 5 1883 1911 2127 1913
8344 4 2 3 5 2573 1479 2557 1963
8345 4 2 3 5 2446 2445 1622 2438
8346 4 2 3 5 1065 1441 1069 1071
8347 4 2 3 5 1064 1066 1450 1451
8348 4 2 3 5 1291 1066 1451 1460
8349 4 2 3 5 2392 1532 2389 1757
8350 4 2 3 5 2161 2772 1669 1734
8351 4 2 3 5 1383 2291 2289 2290
8352 4 2 3 5 2229 1734 1547 1686
8353 4 2 3 5 2664 1298 1744 1746
8354 4 2 3 5 1940 1795 1931 1881
8355 4 2 3 5 1442 1060 1068 1062
8356 4 2 3 5 2261 2075 2564 1866
8357 4 2 3 5 1565 1426 2466 1991
8358 4 2 3 5 2348 2357 2349 1692
8359 4 2 3 5 2079 2142 2073 2074
8360 4 2 3 5 1065 1452 1450 1066
8361 4 2 3 5 2096 1309 2262 2888
8362 4 2 3 5 946 172 1080 1446
8363 4 2 3 5 1319 1577 1316 1403
8364 4 2 3 5 2711 2666 1670 2706
8365 4 2 3 5 2690 503 614 2195
8366 4 2 3 5 2166 2233 2230 1812
8367 4 2 3 5 165 973 809 1397
8368 4 2 3 5 2732 2222 1547 1818
8369 4 2 3 5 1363 1335 1332 847
8370 4 2 3 5 2086 1958 1871 2088
8371 4 2 3 5 1814 2275 1631 1336
8372 4 2 3 5 1817 1815 1391 1813
8373 4 2 3 5 2064 1885 2127 1913
8374 4 2 3 5 1355 1351 1482 1354
8375 4 2 3 5 2385 1490 1611 1614
8376 4 2 3 5 1473 2384 2050 1474
8377 4 2 3 5 1431 1432 2455 1530
8378 4 2 3 5 1495 1001 1407 1350
8379 4 2 3 5 1588 2495 1616 1514
8380 4 2 3 5 912 913 1350 1599
8381 4 2 3 5 2234 2342 1658 2343
8382 4 2 3 5 1576 1408 952 957
8383 4 2 3 5 1356 845 917 1379
8384 4 2 3 5 1955 2402 1976 2246
8385 4 2 3 5 2254 2255 1838 1633
8386 4 2 3 5 1319 1048 802 1035
8387 4 2 3 5 1656 1677 1747 1323
8388 4 2 3 5 1841 1825 2241 2236
8389 4 2 3 5 1308 1401 1068 2889
8390 4 2 3 5 1690 2348 2354 2349
8391 4 2 3 5 1366 1314 1367 1875
8392 4 2 3 5 767 2709 117 787
8393 4 2 3 5 1892 1886 2132 1888
8394 4 2 3 5 1816 2233 1834 1811
8395 4 2 3 5 2238 2271 1736 1824
8396 4 2 3 5 1869 1868 1860 2420
8397 4 2 3 5 2374 2375 1562 1673
8398 4 2 3 5 2172 2161 2198 2162
8399 4 2 3 5 1007 1415 1417 1041
8400 4 2 3 5 1764 1748 1766 2374
8401 4 2 3 5 2322 2315 2749 623
8402 4 2 3 5 2188 2340 1919 1926
8403 4 2 3 5 1654 2661 2104 2198
8404 4 2 3 5 1744 2664 2104 1662
8405 4 2 3 5 2392 1751 1757 2389
8406 4 2 3 5 2701 1668 2104 1762
8407 4 2 3 5 2550 2027 2548 2028
8408 4 2 3 5 1720 2322 2749 623
8409 4 2 3 5 2530 1422 2682 2684
8410 4 2 3 5 1319 1577 1439 1578
8411 4 2 3 5 2534 1522 2536 2537
8412 4 2 3 5 2401 2629 1976 2635
8413 4 2 3 5 917 1379 918 957
8414 4 2 3 5 1517 1020 1024 1023
8415 4 2 3 5 917 845 918 1379
8416 4 2 3 5 1506 1357 2631 1379
8417 4 2 3 5 1911 2064 2127 1913
8418 4 2 3 5 1468 2483 2019 1604
8419 4 2 3 5 1619 2533 1617 2532
8420 4 2 3 5 2484 2058 1598 1471
8421 4 2 3 5 2485 1602 1328 2486
8422 4 2 3 5 2484 2058 2019 1597
8423 4 2 3 5 1405 2534 1573 1519
8424 4 2 3 5 1764 2374 1766 1673
8425 4 2 3 5 2676 2123 1794 2361
8426 4 2 3 5 1326 2298 1434 2299
8427 4 2 3 5 1436 1017 1030 1427
8428 4 2 3 5 1432 1431 2455 1413
8429 4 2 3 5 2210 2808 1991 1294
8430 4 2 3 5 1021 2809 2463 1426
8431 4 2 3 5 1583 2626 1510 1590
8432 4 2 3 5 1325 2232 2234 2237
8433 4 2 3 5 1038 1437 791 1440
8434 4 2 3 5 2321 1422 2530 2684
8435 4 2 3 5 922 943 1572 1573
8436 4 2 3 5 1619 1643 1300 2535
8437 4 2 3 5 1448 1447 2888 1062
8438 4 2 3 5 1363 1331 1970 1344
8439 4 2 3 5 936 934 810 1445
8440 4 2 3 5 161 806 1386 1380
8441 4 2 3 5 1077 1447 1051 941
8442 4 2 3 5 962 188 1091 189
8443 4 2 3 5 998 1409 1055 1091
8444 4 2 3 5 1447 800 1457 983
8445 4 2 3 5 1324 1447 1457 983
8446 4 2 3 5 800 1324 1457 983
8447 4 2 3 5 2351 1831 2235 2350
8448 4 2 3 5 2891 1310 1446 1402
8449 4 2 3 5 1601 1467 2019 1597
8450 4 2 3 5 2670 1720 1719 2749
8451 4 2 3 5 1464 1486 1350 2433
8452 4 2 3 5 2556 2555 2514 2007
8453 4 2 3 5 2574 1962 2514 2510
8454 4 2 3 5 2006 2007 2514 2510
8455 4 2 3 5 2133 2065 2135 1914
8456 4 2 3 5 2130 1366 1339 1888
8457 4 2 3 5 2560 2472 2477 1485
8458 4 2 3 5 2410 2017 2411 2727
8459 4 2 3 5 1506 1357 1379 1476
8460 4 2 3 5 949 1081 183 794
8461 4 2 3 5 1479 2572 2557 1600
8462 4 2 3 5 2384 2385 1611 1614
8463 4 2 3 5 1613 2494 1509 2433
8464 4 2 3 5 1495 2434 2438 2435
8465 4 2 3 5 1538 2152 2432 2738
8466 4 2 3 5 570 591 2381 573
8467 4 2 3 5 2646 602 2657 530
8468 4 2 3 5 1501 1911 2056 2055
8469 4 2 3 5 1793 1881 1877 1791
8470 4 2 3 5 1787 1789 1802 1801
8471 4 2 3 5 1777 1770 2114 2109
8472 4 2 3 5 1021 2809 2788 2463
8473 4 2 3 5 1709 2720 2721 2705
8474 4 2 3 5 2232 1325 1661 2237
8475 4 2 3 5 675 582 2749 508
8476 4 2 3 5 2810 2800 2801 2795
8477 4 2 3 5 2364 2370 2366 2365
8478 4 2 3 5 1537 1490 1645 1524
8479 4 2 3 5 2643 2100 2101 2760
8480 4 2 3 5 2385 2384 1474 2051
8481 4 2 3 5 2473 2054 2607 2471
8482 4 2 3 5 1923 1532 2391 2392
8483 4 2 3 5 1787 2396 1789 1526
8484 4 2 3 5 1995 2451 1492 2452
8485 4 2 3 5 1750 2396 1789 2687
8486 4 2 3 5 1912 1798 1802 1799
8487 4 2 3 5 1890 1941 1740 2597
8488 4 2 3 5 932 790 1394 1577
8489 4 2 3 5 1408 1576 2546 1375
8490 4 2 3 5 2669 2670 1719 2749
8491 4 2 3 5 1771 2111 2114 2109
8492 4 2 3 5 2809 1028 1018 2116
8493 4 2 3 5 1620 1300 2683 1424
8494 4 2 3 5 1297 2299 2295 2294
8495 4 2 3 5 2211 2113 2807 1784
8496 4 2 3 5 2467 1529 1806 1807
8497 4 2 3 5 2810 1566 2791 2800
8498 4 2 3 5 729 2228 722 2431
8499 4 2 3 5 2783 2792 704 2791
8500 4 2 3 5 2100 2759 2102 2758
8501 4 2 3 5 1631 2275 1855 2083
8502 4 2 3 5 1737 2278 2182 1725
8503 4 2 3 5 2527 2155 2025 2522
8504 4 2 3 5 1303 2414 1371 2415
8505 4 2 3 5 1631 2084 1855 2087
8506 4 2 3 5 2533 1516 2534 2535
8507 4 2 3 5 1495 1001 1440 1407
8508 4 2 3 5 2539 1516 2540 1300
8509 4 2 3 5 1612 1610 1465 1616
8510 4 2 3 5 2540 1425 2552 2684
8511 4 2 3 5 2331 2550 1545 2030
8512 4 2 3 5 1348 1347 1616 1514
8513 4 2 3 5 841 1329 1476 919
8514 4 2 3 5 1347 1518 914 913
8515 4 2 3 5 2059 1640 1642 2061
8516 4 2 3 5 1020 1517 1024 1027
8517 4 2 3 5 1039 1438 1440 1024
8518 4 2 3 5 1635 2061 2536 1642
8519 4 2 3 5 599 598 2097 2758
8520 4 2 3 5 2118 1609 2482 2099
8521 4 2 3 5 2541 1635 2536 1642
8522 4 2 3 5 98 735 726 2824
8523 4 2 3 5 2064 1911 2127 1885
8524 4 2 3 5 2435 2440 1293 1348
8525 4 2 3 5 2321 1545 1019 2684
8526 4 2 3 5 2682 2833 2543 2031
8527 4 2 3 5 1731 2330 2331 2328
8528 4 2 3 5 1394 1577 2325 1636
8529 4 2 3 5 2322 2316 2333 1714
8530 4 2 3 5 1635 2546 1575 2541
8531 4 2 3 5 1666 2329 2308 2305
8532 4 2 3 5 1958 2086 2416 2088
8533 4 2 3 5 2577 1603 1344 1477
8534 4 2 3 5 2276 2275 1336 2083
8535 4 2 3 5 598 641 2097 2758
8536 4 2 3 5 2122 2517 2554 1615
8537 4 2 3 5 846 1331 1332 847
8538 4 2 3 5 1761 1917 1536 2769
8539 4 2 3 5 614 503 587 2195
8540 4 2 3 5 2659 114 655 113
8541 4 2 3 5 623 2315 2749 508
8542 4 2 3 5 515 516 517 2710
8543 4 2 3 5 1837 2750 2339 2187
8544 4 2 3 5 2659 2660 2700 2698
8545 4 2 3 5 2324 1630 2154 1729
8546 4 2 3 5 1927 1836 1834 1818
8547 4 2 3 5 1748 2664 2104 1744
8548 4 2 3 5 2340 2188 2342 2191
8549 4 2 3 5 1780 1984 1987 2367
8550 4 2 3 5 1883 1913 2127 2668
8551 4 2 3 5 2352 2362 1795 1924
8552 4 2 3 5 2870 2865 2709 2602
8553 4 2 3 5 608 2676 2689 2673
8554 4 2 3 5 2199 1668 1664 2288
8555 4 2 3 5 2111 1771 1427 2108
8556 4 2 3 5 1543 2156 1700 1716
8557 4 2 3 5 1851 2272 2242 2273
8558 4 2 3 5 1699 1706 2110 1707
8559 4 2 3 5 1683 1706 1701 1697
8560 4 2 3 5 1776 1529 1807 1806
8561 4 2 3 5 1543 1732 2330 1700
8562 4 2 3 5 1933 944 865 819
8563 4 2 3 5 2096 2351 2093 1833
8564 4 2 3 5 1847 1369 1692 1848
8565 4 2 3 5 1336 1303 1631 1333
8566 4 2 3 5 1654 2664 2104 1653
8567 4 2 3 5 2189 1927 2192 2342
8568 4 2 3 5 1927 2188 2342 1930
8569 4 2 3 5 2596 1940 1795 1740
8570 4 2 3 5 2218 2195 2160 1685
8571 4 2 3 5 1705 1665 2287 2303
8572 4 2 3 5 2735 1679 1762 2700
8573 4 2 3 5 1851 685 644 2242
8574 4 2 3 5 2303 2773 1647 2774
8575 4 2 3 5 2155 2527 1716 1700
8576 4 2 3 5 2307 1704 1702 1714
8577 4 2 3 5 1715 1732 1700 1707
8578 4 2 3 5 697 2789 2790 699
8579 4 2 3 5 1715 1718 1520 1713
8580 4 2 3 5 2820 2821 2822 1713
8581 4 2 3 5 1707 2309 1708 2312
8582 4 2 3 5 1332 846 848 849
8583 4 2 3 5 1398 894 893 891
8584 4 2 3 5 2664 1654 2661 1653
8585 4 2 3 5 2884 2885 1970 2409
8586 4 2 3 5 840 1603 1344 1964
8587 4 2 3 5 1748 1766 2104 1653
8588 4 2 3 5 2664 1748 2104 1653
8589 4 2 3 5 1369 2235 1692 1848
8590 4 2 3 5 1748 2664 1766 1653
8591 4 2 3 5 2241 1814 1628 2236
8592 4 2 3 5 1303 2084 2083 1631
8593 4 2 3 5 2243 2238 2242 2185
8594 4 2 3 5 136 2265 135 769
8595 4 2 3 5 2390 2391 2389 1746
8596 4 2 3 5 1940 2134 1932 1931
8597 4 2 3 5 1671 1760 2686 1757
8598 4 2 3 5 2106 2108 1541 1680
8599 4 2 3 5 1749 1298 2398 2389
8600 4 2 3 5 2665 2201 2711 2698
8601 4 2 3 5 2708 2707 2706 2710
8602 4 2 3 5 2164 1660 2663 1834
8603 4 2 3 5 1298 2664 2398 1746
8604 4 2 3 5 2346 116 2345 2338
8605 4 2 3 5 2750 2714 1763 2186
8606 4 2 3 5 2707 1749 1663 1536
8607 4 2 3 5 2664 2661 2399 1653
8608 4 2 3 5 2128 2129 2652 1932
8609 4 2 3 5 665 624 507 2370
8610 4 2 3 5 1655 2664 2399 1653
8611 4 2 3 5 1562 1430 2376 1296
8612 4 2 3 5 1808 2467 1806 1807
8613 4 2 3 5 2787 2319 2802 2321
8614 4 2 3 5 2458 2461 1992 1991
8615 4 2 3 5 2810 1511 1992 1783
8616 4 2 3 5 1760 1761 1757 2389
8617 4 2 3 5 1292 2268 1564 1530
8618 4 2 3 5 1750 1767 1526 1785
8619 4 2 3 5 1755 1672 1758 2780
8620 4 2 3 5 2124 1795 2361 2597
8621 4 2 3 5 1794 1739 1757 1881
8622 4 2 3 5 1674 889 881 1412
8623 4 2 3 5 2452 2268 1569 1530
8624 4 2 3 5 1760 1749 2389 1744
8625 4 2 3 5 1676 910 1675 817
8626 4 2 3 5 1565 1808 2467 1416
8627 4 2 3 5 1674 1804 1752 1769
8628 4 2 3 5 1984 1798 1987 2367
8629 4 2 3 5 1790 1789 1752 1769
8630 4 2 3 5 1657 1656 1747 1323
8631 4 2 3 5 1325 2234 1839 2237
8632 4 2 3 5 1821 1827 892 891
8633 4 2 3 5 619 2281 555 2278
8634 4 2 3 5 2244 2713 2273 2274
8635 4 2 3 5 2144 2139 2138 2597
8636 4 2 3 5 1624 2169 1824 1735
8637 4 2 3 5 2734 120 121 2598
8638 4 2 3 5 2583 2584 2728 1553
8639 4 2 3 5 642 643 2219 2225
8640 4 2 3 5 2195 614 2220 2218
8641 4 2 3 5 2357 1832 2349 1692
8642 4 2 3 5 2093 1302 2094 1860
8643 4 2 3 5 1657 1656 1382 1747
8644 4 2 3 5 1691 1822 1692 1813
8645 4 2 3 5 1898 2865 1915 1899
8646 4 2 3 5 2859 2838 2839 2840
8647 4 2 3 5 1967 2017 1953 2410
8648 4 2 3 5 2177 2239 2231 2175
8649 4 2 3 5 2712 2244 1738 2274
8650 4 2 3 5 1830 1829 2237 1839
8651 4 2 3 5 1979 1980 2035 1724
8652 4 2 3 5 2423 1857 2274 1852
8653 4 2 3 5 2649 592 2284 576
8654 4 2 3 5 2424 2423 2425 2427
8655 4 2 3 5 558 2670 2671 2278
8656 4 2 3 5 1980 2035 2252 2247
8657 4 2 3 5 1335 1868 1970 1637
8658 4 2 3 5 897 850 1333 848
8659 4 2 3 5 2583 1357 1344 1969
8660 4 2 3 5 2472 1503 1488 1893
8661 4 2 3 5 1554 1973 1974 1299
8662 4 2 3 5 2577 1329 2583 1357
8663 4 2 3 5 1856 2417 1637 1727
8664 4 2 3 5 741 2359 2602 118
8665 4 2 3 5 2752 2870 2871 2754
8666 4 2 3 5 758 752 2846 749
8667 4 2 3 5 2260 1872 2259 2407
8668 4 2 3 5 2489 2507 2623 2624
8669 4 2 3 5 577 2280 601 556
8670 4 2 3 5 542 597 596 2119
8671 4 2 3 5 1374 813 1747 1382
8672 4 2 3 5 2133 1890 1891 1941
8673 4 2 3 5 2189 1930 1937 1925
8674 4 2 3 5 2874 2503 2041 1910
8675 4 2 3 5 121 2070 2603 2598
8676 4 2 3 5 2622 2044 2563 1550
8677 4 2 3 5 125 126 637 2553
8678 4 2 3 5 2071 2072 2360 2857
8679 4 2 3 5 1971 1972 1948 2018
8680 4 2 3 5 525 2658 527 2654
8681 4 2 3 5 2668 2126 2063 2138
8682 4 2 3 5 2123 1803 2596 2126
8683 4 2 3 5 751 2852 753 752
8684 4 2 3 5 2655 2654 2657 1800
8685 4 2 3 5 2387 2491 1525 2656
8686 4 2 3 5 2685 1912 1800 2650
8687 4 2 3 5 1929 1931 1921 1932
8688 4 2 3 5 2134 1940 1795 1931
8689 4 2 3 5 2129 2064 2131 1885
8690 4 2 3 5 1912 2685 1800 2667
8691 4 2 3 5 2133 2134 1740 1941
8692 4 2 3 5 2064 2129 2131 1534
8693 4 2 3 5 1677 2134 1934 1931
8694 4 2 3 5 1534 1314 2131 1875
8695 4 2 3 5 815 812 1747 1920
8696 4 2 3 5 1361 1393 1387 2132
8697 4 2 3 5 2145 2066 1899 1914
8698 4 2 3 5 2188 1927 1919 1930
8699 4 2 3 5 1930 1934 1937 1925
8700 4 2 3 5 2190 1928 2193 2344
8701 4 2 3 5 2508 2003 1910 2868
8702 4 2 3 5 1864 1951 2726 1959
8703 4 2 3 5 776 2406 2421 2422
8704 4 2 3 5 2287 1667 1695 1664
8705 4 2 3 5 773 747 758 2845
8706 4 2 3 5 1363 2883 1344 1970
8707 4 2 3 5 1968 2634 2247 2020
8708 4 2 3 5 2632 2775 2627 2633
8709 4 2 3 5 1665 2287 1695 1664
8710 4 2 3 5 576 2285 556 2283
8711 4 2 3 5 2428 2089 132 133
8712 4 2 3 5 2584 2729 1553 2585
8713 4 2 3 5 1603 2585 1553 1964
8714 4 2 3 5 2583 1969 1344 1553
8715 4 2 3 5 2880 2729 2585 2881
8716 4 2 3 5 1554 1867 2881 2585
8717 4 2 3 5 940 888 1675 1343
8718 4 2 3 5 1748 1762 1758 1563
8719 4 2 3 5 2170 1396 2171 2176
8720 4 2 3 5 1712 1772 2817 1778
8721 4 2 3 5 2370 1767 2371 1526
8722 4 2 3 5 2147 2151 2767 2149
8723 4 2 3 5 1501 1911 2068 2000
8724 4 2 3 5 624 2369 2370 2365
8725 4 2 3 5 1993 1537 1490 2386
8726 4 2 3 5 1550 1551 2857 2564
8727 4 2 3 5 2582 2573 1508 2014
8728 4 2 3 5 1486 1495 1407 1350
8729 4 2 3 5 2860 1945 1864 2878
8730 4 2 3 5 833 916 1364 911
8731 4 2 3 5 2146 2151 2147 2149
8732 4 2 3 5 2572 1479 2573 2576
8733 4 2 3 5 2677 2680 2743 1585
8734 4 2 3 5 2151 2767 2149 600
8735 4 2 3 5 2034 2033 1318 2252
8736 4 2 3 5 2336 2523 627 2400
8737 4 2 3 5 1626 2179 2306 2175
8738 4 2 3 5 1522 1544 1577 2546
8739 4 2 3 5 2330 2329 2331 2328
8740 4 2 3 5 1731 1728 1730 2328
8741 4 2 3 5 1559 1544 2325 1316
8742 4 2 3 5 2304 1666 2305 2326
8743 4 2 3 5 1302 2408 1866 1869
8744 4 2 3 5 2146 2151 2149 600
8745 4 2 3 5 2472 2470 2471 2608
8746 4 2 3 5 2876 1977 2581 2521
8747 4 2 3 5 862 900 1321 1349
8748 4 2 3 5 2161 2162 2171 2165
8749 4 2 3 5 2622 1895 1551 1552
8750 4 2 3 5 2064 2065 2131 1913
8751 4 2 3 5 2133 1889 2131 1913
8752 4 2 3 5 1500 1908 1996 1882
8753 4 2 3 5 1565 1426 1416 2466
8754 4 2 3 5 2616 1534 2131 1875
8755 4 2 3 5 1908 1500 2646 1882
8756 4 2 3 5 1883 2648 2067 2668
8757 4 2 3 5 2474 2055 2042 2612
8758 4 2 3 5 1884 1939 1877 1885
8759 4 2 3 5 1459 1369 2350 1456
8760 4 2 3 5 2772 1734 2169 2160
8761 4 2 3 5 1453 1455 1312 1451
8762 4 2 3 5 1735 1686 2774 2160
8763 4 2 3 5 2423 1840 2277 2274
8764 4 2 3 5 894 1398 983 942
8765 4 2 3 5 1639 2412 2728 1959
8766 4 2 3 5 2391 1655 1343 1675
8767 4 2 3 5 888 1655 1674 1675
8768 4 2 3 5 1655 888 1343 1675
8769 4 2 3 5 1398 2085 1400 1337
8770 4 2 3 5 1398 1324 1447 1833
8771 4 2 3 5 1447 1448 2096 1833
8772 4 2 3 5 1936 1311 2350 2143
8773 4 2 3 5 1822 1827 1691 1860
8774 4 2 3 5 1528 1674 1790 2394
8775 4 2 3 5 1399 1398 1827 1833
8776 4 2 3 5 87 718 86 2213
8777 4 2 3 5 1293 1495 1413 1498
8778 4 2 3 5 2101 1523 2204 2641
8779 4 2 3 5 2775 2117 2481 2627
8780 4 2 3 5 2117 2098 2099 2482
8781 4 2 3 5 1597 1467 2019 1604
8782 4 2 3 5 2483 2484 2019 1597
8783 4 2 3 5 1366 1754 818 1365
8784 4 2 3 5 2128 1885 1741 2131
8785 4 2 3 5 1753 2368 1295 2394
8786 4 2 3 5 822 1359 1365 821
8787 4 2 3 5 2368 2651 1295 2394
8788 4 2 3 5 1656 1676 1675 940
8789 4 2 3 5 1928 2190 1937 2344
8790 4 2 3 5 2066 2621 1899 2624
8791 4 2 3 5 2354 2357 1937 1942
8792 4 2 3 5 1845 2756 1846 2190
8793 4 2 3 5 1879 1897 1942 1941
8794 4 2 3 5 1938 2676 1794 2361
8795 4 2 3 5 2140 1891 1942 1941
8796 4 2 3 5 1922 1549 1925 1930
8797 4 2 3 5 116 2363 2356 117
8798 4 2 3 5 2626 1583 2834 1590
8799 4 2 3 5 1588 1619 1514 1617
8800 4 2 3 5 2100 2119 2640 2204
8801 4 2 3 5 912 911 1350 913
8802 4 2 3 5 2494 2626 1509 2148
8803 4 2 3 5 2643 1523 2767 1614
8804 4 2 3 5 2439 2440 2435 1510
8805 4 2 3 5 1587 1596 2148 1583
8806 4 2 3 5 2173 2169 1735 2176
8807 4 2 3 5 2770 2771 1647 2773
8808 4 2 3 5 1674 1675 1752 2394
8809 4 2 3 5 1826 2239 2175 1626
8810 4 2 3 5 1384 1383 1411 1429
8811 4 2 3 5 1814 855 2240 852
8812 4 2 3 5 2199 1651 2289 2288
8813 4 2 3 5 855 872 873 2231
8814 4 2 3 5 1629 1944 1723 1854
8815 4 2 3 5 1395 2297 2175 2176
8816 4 2 3 5 872 2297 2293 2170
8817 4 2 3 5 2243 2238 2185 1735
8818 4 2 3 5 1695 1701 1627 1702
8819 4 2 3 5 1700 2333 1714 2323
8820 4 2 3 5 565 587 2184 2185
8821 4 2 3 5 2291 1326 2294 2290
8822 4 2 3 5 1675 2393 1752 2394
8823 4 2 3 5 2718 2694 1763 2733
8824 4 2 3 5 587 565 642 2185
8825 4 2 3 5 2175 2173 2176 2170
8826 4 2 3 5 2221 110 2220 2694
8827 4 2 3 5 1734 1547 1686 2160
8828 4 2 3 5 614 587 2218 2195
8829 4 2 3 5 2272 2243 2242 2273
8830 4 2 3 5 2159 2218 2160 1686
8831 4 2 3 5 587 614 2218 642
8832 4 2 3 5 2691 2690 2220 1681
8833 4 2 3 5 2368 1753 1528 2394
8834 4 2 3 5 2737 2735 5 85
8835 4 2 3 5 107 2705 5 717
8836 4 2 3 5 1790 1752 1791 2394
8837 4 2 3 5 2213 2208 2796 2817
8838 4 2 3 5 1743 674 511 609
8839 4 2 3 5 1511 2810 2785 1783
8840 4 2 3 5 1587 1583 1510 1590
8841 4 2 3 5 1582 2815 2816 1513
8842 4 2 3 5 1581 2786 1586 1580
8843 4 2 3 5 2809 2462 2788 1423
8844 4 2 3 5 1581 2786 2788 2217
8845 4 2 3 5 729 690 91 2431
8846 4 2 3 5 2229 2218 2225 1686
8847 4 2 3 5 2793 2792 710 2794
8848 4 2 3 5 2792 2783 710 2794
8849 4 2 3 5 2810 2782 2827 2791
8850 4 2 3 5 2834 96 97 2625
8851 4 2 3 5 2218 1685 2160 1547
8852 4 2 3 5 712 2782 2791 706
8853 4 2 3 5 2233 2232 2230 1812
8854 4 2 3 5 1031 801 157 945
8855 4 2 3 5 2677 2744 1585 2743
8856 4 2 3 5 2522 2337 2400 495
8857 4 2 3 5 2027 2026 2542 2024
8858 4 2 3 5 1966 1962 2575 1965
8859 4 2 3 5 576 2285 577 556
8860 4 2 3 5 1868 2409 1970 2094
8861 4 2 3 5 1398 2096 2093 1833
8862 4 2 3 5 1369 2235 2350 1456
8863 4 2 3 5 1936 2143 2350 2074
8864 4 2 3 5 968 1004 1369 1445
8865 4 2 3 5 501 1851 644 2273
8866 4 2 3 5 2277 134 2273 501
8867 4 2 3 5 643 685 2225 2242
8868 4 2 3 5 685 1809 2242 1851
8869 4 2 3 5 2849 1861 2257 2872
8870 4 2 3 5 2243 2238 2272 2242
8871 4 2 3 5 1735 2169 1686 2160
8872 4 2 3 5 2196 2195 2160 2159
8873 4 2 3 5 103 2522 104 2333
8874 4 2 3 5 2032 646 2246 574
8875 4 2 3 5 549 2402 551 550
8876 4 2 3 5 2169 2168 2171 2170
8877 4 2 3 5 2172 1651 1652 2288
8878 4 2 3 5 1669 1734 2160 1547
8879 4 2 3 5 2692 2690 1685 2197
8880 4 2 3 5 2213 1711 2796 2737
8881 4 2 3 5 1543 1732 1700 2156
8882 4 2 3 5 2157 653 1648 2158
8883 4 2 3 5 2671 2670 2337 1719
8884 4 2 3 5 1728 2522 2323 2182
8885 4 2 3 5 2280 2282 1725 2278
8886 4 2 3 5 1699 2335 2317 2333
8887 4 2 3 5 2218 1547 2160 1686
8888 4 2 3 5 2808 2211 2114 2809
8889 4 2 3 5 1732 1715 1713 1718
8890 4 2 3 5 1511 1997 1580 1992
8891 4 2 3 5 2180 2178 2181 2306
8892 4 2 3 5 1379 1576 918 957
8893 4 2 3 5 1362 851 931 859
8894 4 2 3 5 2292 1695 2294 1697
8895 4 2 3 5 1376 2415 1371 2631
8896 4 2 3 5 1647 2303 1648 2749
8897 4 2 3 5 575 558 2670 2671
8898 4 2 3 5 1721 2337 2526 2025
8899 4 2 3 5 1695 2292 2288 1697
8900 4 2 3 5 1394 1559 1403 2326
8901 4 2 3 5 1722 2249 2154 1980
8902 4 2 3 5 648 2672 2717 2674
8903 4 2 3 5 2346 2186 2769 1763
8904 4 2 3 5 2309 1707 2300 1697
8905 4 2 3 5 2189 2342 2192 2344
8906 4 2 3 5 6 773 2263 746
8907 4 2 3 5 2714 2723 2769 2722
8908 4 2 3 5 2362 2352 117 2363
8909 4 2 3 5 2189 2192 2193 2344
8910 4 2 3 5 2600 2864 2602 2865
8911 4 2 3 5 2358 1845 2752 2356
8912 4 2 3 5 2256 748 2845 749
8913 4 2 3 5 2358 115 2187 2355
8914 4 2 3 5 2309 1704 1707 1697
8915 4 2 3 5 624 2369 494 89
8916 4 2 3 5 1710 2798 2791 2800
8917 4 2 3 5 2269 2467 1564 2466
8918 4 2 3 5 1774 1768 2270 2372
8919 4 2 3 5 2705 689 2796 5
8920 4 2 3 5 1999 1511 1992 2810
8921 4 2 3 5 2719 2720 2311 1697
8922 4 2 3 5 1378 1655 961 958
8923 4 2 3 5 164 2341 1382 1390
8924 4 2 3 5 646 2250 2246 2245
8925 4 2 3 5 1712 1715 2110 2312
8926 4 2 3 5 2033 2249 1318 2279
8927 4 2 3 5 2285 2283 2284 1724
8928 4 2 3 5 553 2402 552 551
8929 4 2 3 5 2401 592 551 554
8930 4 2 3 5 2876 1977 2568 2877
8931 4 2 3 5 2412 1957 1959 2726
8932 4 2 3 5 2428 132 2419 2425
8933 4 2 3 5 2261 1302 1866 2094
8934 4 2 3 5 2413 1949 2419 2427
8935 4 2 3 5 2729 2412 1959 1978
8936 4 2 3 5 1665 1695 2176 2171
8937 4 2 3 5 2257 2871 2845 2264
8938 4 2 3 5 2847 2848 2256 2872
8939 4 2 3 5 2494 1613 1509 1510
8940 4 2 3 5 1509 1612 1510 2433
8941 4 2 3 5 1490 1489 1611 1614
8942 4 2 3 5 1518 943 915 1471
8943 4 2 3 5 2431 1783 2465 2460
8944 4 2 3 5 1999 2786 1992 1580
8945 4 2 3 5 2740 92 2741 93
8946 4 2 3 5 1524 2381 2387 2738
8947 4 2 3 5 2379 1783 2806 2378
8948 4 2 3 5 1537 1490 2738 1621
8949 4 2 3 5 823 1334 858 1360
8950 4 2 3 5 2741 2740 1568 2459
8951 4 2 3 5 2445 2446 1622 2741
8952 4 2 3 5 2467 1529 2209 1806
8953 4 2 3 5 1293 1517 1413 1438
8954 4 2 3 5 2211 2462 1991 1294
8955 4 2 3 5 2783 2784 711 2828
8956 4 2 3 5 1566 2783 2795 2785
8957 4 2 3 5 2113 2112 1784 2114
8958 4 2 3 5 2375 1756 2376 1807
8959 4 2 3 5 2507 2490 2868 2508
8960 4 2 3 5 1695 2292 2293 2171
8961 4 2 3 5 2296 2293 2176 2171
8962 4 2 3 5 2478 2089 2480 2424
8963 4 2 3 5 115 6 2752 2358
8964 4 2 3 5 1712 1715 2312 1718
8965 4 2 3 5 2478 2089 2424 133
8966 4 2 3 5 1687 2714 2732 2226
8967 4 2 3 5 2318 2320 1718 2312
8968 4 2 3 5 1712 2207 2312 2115
8969 4 2 3 5 2475 2043 2476 2609
8970 4 2 3 5 2517 2097 2046 1615
8971 4 2 3 5 2562 2561 2504 2503
8972 4 2 3 5 2468 2761 1646 2758
8973 4 2 3 5 768 2604 742 121
8974 4 2 3 5 1351 1474 1487 2607
8975 4 2 3 5 1465 1610 1611 2642
8976 4 2 3 5 2054 2607 2052 1481
8977 4 2 3 5 126 637 2553 2519
8978 4 2 3 5 125 2500 2553 2046
8979 4 2 3 5 2517 125 637 2553
8980 4 2 3 5 127 2519 2520 2570
8981 4 2 3 5 1695 2296 2176 2171
8982 4 2 3 5 2296 1695 2293 2171
8983 4 2 3 5 2178 1737 1724 2182
8984 4 2 3 5 2887 2890 2889 2888
8985 4 2 3 5 2178 1737 2182 2174
8986 4 2 3 5 1723 1722 2181 2182
8987 4 2 3 5 2542 2538 1642 2537
8988 4 2 3 5 2814 2680 2551 2832
8989 4 2 3 5 1706 1704 2317 1701
8990 4 2 3 5 2789 2821 2818 2790
8991 4 2 3 5 2819 2335 1699 2333
8992 4 2 3 5 2194 1582 2822 2816
8993 4 2 3 5 1722 1723 1724 2182
8994 4 2 3 5 1518 984 1519 1327
8995 4 2 3 5 1357 1356 1379 1476
8996 4 2 3 5 921 943 922 1573
8997 4 2 3 5 2495 2496 1348 1514
8998 4 2 3 5 2538 2534 1642 2537
8999 4 2 3 5 2032 2544 2524 2523
9000 4 2 3 5 2006 2001 2009 2509
9001 4 2 3 5 1474 2384 2050 2051
9002 4 2 3 5 1465 2203 2204 2641
9003 4 2 3 5 2060 588 2636 2057
9004 4 2 3 5 636 641 2468 497
9005 4 2 3 5 2139 2144 2145 2597
9006 4 2 3 5 2046 2517 2554 2553
9007 4 2 3 5 1724 1737 2278 2182
9008 4 2 3 5 1700 2333 2317 1714
9009 4 2 3 5 127 2594 743 128
9010 4 2 3 5 2423 1857 2427 2087
9011 4 2 3 5 1700 1704 1714 2317
9012 4 2 3 5 2333 2316 2317 1714
9013 4 2 3 5 2555 2556 2514 2557
9014 4 2 3 5 2090 2406 2850 1864
9015 4 2 3 5 1507 2017 2018 1946
9016 4 2 3 5 2583 2577 1357 2017
9017 4 2 3 5 2578 2583 2018 1507
9018 4 2 3 5 1972 2584 2018 2579
9019 4 2 3 5 2726 1957 2747 1947
9020 4 2 3 5 115 2338 2187 2355
9021 4 2 3 5 2358 2756 2751 2753
9022 4 2 3 5 741 767 2709 2359
9023 4 2 3 5 1900 2844 2846 2754
9024 4 2 3 5 1721 1724 2278 2182
9025 4 2 3 5 2648 1500 1800 2667
9026 4 2 3 5 1883 1500 2667 1912
9027 4 2 3 5 2615 2064 1534 2612
9028 4 2 3 5 1874 2070 2620 1914
9029 4 2 3 5 2043 2621 1914 2624
9030 4 2 3 5 1883 2611 1913 2067
9031 4 2 3 5 498 605 2062 682
9032 4 2 3 5 2472 2470 2608 1487
9033 4 2 3 5 1879 1901 2865 1899
9034 4 2 3 5 2506 2489 2868 2507
9035 4 2 3 5 2569 2858 2857 2856
9036 4 2 3 5 2044 1550 1899 2045
9037 4 2 3 5 2582 1554 2564 2881
9038 4 2 3 5 1977 2002 2581 2521
9039 4 2 3 5 2864 2854 1915 2865
9040 4 2 3 5 2144 120 2598 786
9041 4 2 3 5 548 2627 2628 2635
9042 4 2 3 5 652 2730 129 2590
9043 4 2 3 5 2178 1723 2181 2182
9044 4 2 3 5 2629 2628 2778 2635
9045 4 2 3 5 2534 2059 1642 2536
9046 4 2 3 5 1723 2178 1724 2182
9047 4 2 3 5 526 2037 2654 2036
9048 4 2 3 5 2644 580 2646 530
9049 4 2 3 5 2297 2296 1703 2298
9050 4 2 3 5 2685 2653 1788 2650
9051 4 2 3 5 2686 1739 1757 2672
9052 4 2 3 5 1395 2304 1703 2306
9053 4 2 3 5 2653 2658 2654 2650
9054 4 2 3 5 2123 1803 2125 2689
9055 4 2 3 5 2653 2037 1788 2650
9056 4 2 3 5 1912 2685 1877 1802
9057 4 2 3 5 1743 2206 511 2103
9058 4 2 3 5 1649 2665 2201 2196
9059 4 2 3 5 1649 2719 2157 1558
9060 4 2 3 5 2297 1395 1703 2306
9061 4 2 3 5 2157 2665 2196 617
9062 4 2 3 5 2157 653 512 640
9063 4 2 3 5 1373 2234 1658 2343
9064 4 2 3 5 1702 2296 1703 2176
9065 4 2 3 5 2123 499 670 584
9066 4 2 3 5 2527 2523 2526 2524
9067 4 2 3 5 2038 1801 1802 1791
9068 4 2 3 5 1719 1705 2182 2774
9069 4 2 3 5 1792 1366 1314 1741
9070 4 2 3 5 2456 1985 2811 1779
9071 4 2 3 5 1808 2375 1806 1805
9072 4 2 3 5 1366 1754 1365 1741
9073 4 2 3 5 648 516 2717 518
9074 4 2 3 5 1767 1773 1780 1526
9075 4 2 3 5 2718 648 2717 2674
9076 4 2 3 5 1366 1792 1754 1741
9077 4 2 3 5 2772 1734 2160 1669
9078 4 2 3 5 2696 1687 2222 2219
9079 4 2 3 5 6 2697 2715 2187
9080 4 2 3 5 110 510 2693 2694
9081 4 2 3 5 1754 1792 2134 1741
9082 4 2 3 5 2718 2733 2674 2717
9083 4 2 3 5 1676 1754 2134 1741
9084 4 2 3 5 1662 1663 1669 2711
9085 4 2 3 5 2723 1536 2722 1681
9086 4 2 3 5 2708 2707 2779 2706
9087 4 2 3 5 2672 648 2717 518
9088 4 2 3 5 647 515 2708 2706
9089 4 2 3 5 2707 1662 2779 2711
9090 4 2 3 5 1683 2286 2287 2303
9091 4 2 3 5 2346 616 2186 2694
9092 4 2 3 5 2659 514 2666 113
9093 4 2 3 5 1683 1667 2287 1697
9094 4 2 3 5 2745 2724 2731 684
9095 4 2 3 5 2838 762 2840 761
9096 4 2 3 5 2430 2080 2768 2425
9097 4 2 3 5 576 2285 2283 2284
9098 4 2 3 5 593 2638 2639 2405
9099 4 2 3 5 613 548 2627 2628
9100 4 2 3 5 1990 2465 1992 2460
9101 4 2 3 5 2827 1512 2806 2807
9102 4 2 3 5 93 2152 2739 2738
9103 4 2 3 5 1997 2457 1992 2460
9104 4 2 3 5 1778 2827 2801 2807
9105 4 2 3 5 1784 2210 2807 1992
9106 4 2 3 5 734 2794 2828 2499
9107 4 2 3 5 1538 2152 2739 2432
9108 4 2 3 5 2255 2755 1838 2756
9109 4 2 3 5 1927 2188 2192 2342
9110 4 2 3 5 1845 2756 2751 2358
9111 4 2 3 5 1845 1928 2751 2756
9112 4 2 3 5 1927 1549 2189 1837
9113 4 2 3 5 137 6 681 2715
9114 4 2 3 5 1928 2347 2751 1837
9115 4 2 3 5 1549 1928 2189 1837
9116 4 2 3 5 1502 2474 1482 2607
9117 4 2 3 5 1612 1348 2433 1464
9118 4 2 3 5 2179 2174 2182 2306
9119 4 2 3 5 2178 2179 2182 2306
9120 4 2 3 5 2690 2692 1685 1681
9121 4 2 3 5 2669 586 583 618
9122 4 2 3 5 2723 1835 1663 1926
9123 4 2 3 5 2177 1825 1624 1824
9124 4 2 3 5 2690 2195 1685 2197
9125 4 2 3 5 1744 2707 1663 1662
9126 4 2 3 5 2770 2196 1648 2197
9127 4 2 3 5 2319 2207 1778 2115
9128 4 2 3 5 1426 2458 2455 2466
9129 4 2 3 5 1750 2388 2780 1785
9130 4 2 3 5 1677 1676 1932 1656
9131 4 2 3 5 1775 1767 1789 1769
9132 4 2 3 5 2375 1756 1806 1769
9133 4 2 3 5 731 692 2812 727
9134 4 2 3 5 2823 2825 2824 2678
9135 4 2 3 5 2744 2797 2681 1585
9136 4 2 3 5 2744 2825 1579 1586
9137 4 2 3 5 2450 1984 1779 1491
9138 4 2 3 5 2464 2811 2377 1779
9139 4 2 3 5 2375 2374 1756 1769
9140 4 2 3 5 2431 2379 91 2378
9141 4 2 3 5 1756 1755 1767 1769
9142 4 2 3 5 701 703 704 2791
9143 4 2 3 5 1908 2491 1996 1525
9144 4 2 3 5 2368 1790 1791 2394
9145 4 2 3 5 1923 2391 1921 1932
9146 4 2 3 5 2814 2679 100 101
9147 4 2 3 5 2690 1685 2220 1681
9148 4 2 3 5 1760 2707 2710 1681
9149 4 2 3 5 2681 2833 2543 1521
9150 4 2 3 5 2179 2178 2182 2174
9151 4 2 3 5 1760 2710 2717 1681
9152 4 2 3 5 702 2798 703 2791
9153 4 2 3 5 2021 2816 2833 2031
9154 4 2 3 5 2804 1781 2378 2805
9155 4 2 3 5 668 2649 611 2430
9156 4 2 3 5 2697 2714 2226 2715
9157 4 2 3 5 2219 643 513 2225
9158 4 2 3 5 6 2697 2186 108
9159 4 2 3 5 2853 1945 2839 2855
9160 4 2 3 5 2691 2710 2711 1681
9161 4 2 3 5 2696 2221 2220 2722
9162 4 2 3 5 2406 1864 2421 2422
9163 4 2 3 5 126 125 779 2504
9164 4 2 3 5 1917 1835 1536 2769
9165 4 2 3 5 1900 2855 1943 1844
9166 4 2 3 5 2071 2360 1899 2857
9167 4 2 3 5 6 2752 2753 2263
9168 4 2 3 5 2848 749 2846 750
9169 4 2 3 5 117 2709 2356 787
9170 4 2 3 5 2752 2871 2263 2754
9171 4 2 3 5 2347 1845 2751 2355
9172 4 2 3 5 2346 1916 2345 116
9173 4 2 3 5 2071 2622 2141 2072
9174 4 2 3 5 2093 2095 1860 1692
9175 4 2 3 5 1693 2260 2092 2407
9176 4 2 3 5 2075 1551 2564 1866
9177 4 2 3 5 2407 2880 2408 2420
9178 4 2 3 5 2095 1302 2094 2093
9179 4 2 3 5 2408 2260 2092 1832
9180 4 2 3 5 2210 1781 1774 2805
9181 4 2 3 5 1452 1441 1069 1065
9182 4 2 3 5 1830 1829 2193 2255
9183 4 2 3 5 1034 987 141 1046
9184 4 2 3 5 2212 2371 2372 1768
9185 4 2 3 5 1436 1417 1041 1030
9186 4 2 3 5 87 2212 2371 2372
9187 4 2 3 5 626 2388 651 2780
9188 4 2 3 5 2388 1785 651 2780
9189 4 2 3 5 570 536 573 2382
9190 4 2 3 5 1672 1671 1758 2780
9191 4 2 3 5 2512 1963 1392 1488
9192 4 2 3 5 626 2686 2388 2780
9193 4 2 3 5 93 94 2152 677
9194 4 2 3 5 1750 2686 2780 2388
9195 4 2 3 5 1315 1694 1796 1848
9196 4 2 3 5 723 2836 695 730
9197 4 2 3 5 2286 653 2315 106
9198 4 2 3 5 1682 2703 2700 2699
9199 4 2 3 5 2819 2335 104 105
9200 4 2 3 5 723 2819 104 105
9201 4 2 3 5 2196 617 618 640
9202 4 2 3 5 1896 2352 2345 1761
9203 4 2 3 5 2734 664 120 2138
9204 4 2 3 5 2145 1879 2359 2602
9205 4 2 3 5 2752 2870 2754 2356
9206 4 2 3 5 767 741 2709 2600
9207 4 2 3 5 2358 2756 2753 2871
9208 4 2 3 5 1340 2072 1849 1892
9209 4 2 3 5 1972 2579 2014 1508
9210 4 2 3 5 1848 1936 2073 1849
9211 4 2 3 5 1848 1694 1796 1849
9212 4 2 3 5 2142 1936 1796 1849
9213 4 2 3 5 928 961 1384 963
9214 4 2 3 5 1771 1770 2114 1807
9215 4 2 3 5 2808 1808 2114 1807
9216 4 2 3 5 984 1518 915 792
9217 4 2 3 5 2435 2495 2496 1348
9218 4 2 3 5 2211 2114 1784 1807
9219 4 2 3 5 968 951 815 1920
9220 4 2 3 5 2808 2211 1784 1807
9221 4 2 3 5 1399 1815 1817 1305
9222 4 2 3 5 2211 2808 2114 1807
9223 4 2 3 5 819 1366 820 2130
9224 4 2 3 5 944 1933 1003 968
9225 4 2 3 5 1092 170 798 934
9226 4 2 3 5 993 1054 1094 182
9227 4 2 3 5 907 1458 2883 1406
9228 4 2 3 5 993 1054 1458 1094
9229 4 2 3 5 2885 863 1363 903
9230 4 2 3 5 2885 1363 2883 903
9231 4 2 3 5 1304 1308 2889 1401
9232 4 2 3 5 2227 2450 2456 2464
9233 4 2 3 5 669 2117 2518 645
9234 4 2 3 5 1734 2161 1811 1834
9235 4 2 3 5 2750 1927 1818 1836
9236 4 2 3 5 1537 1645 2386 1525
9237 4 2 3 5 2686 2397 519 2388
9238 4 2 3 5 571 528 529 2656
9239 4 2 3 5 676 571 1998 572
9240 4 2 3 5 1835 1927 1818 2750
9241 4 2 3 5 2825 2793 2823 1579
9242 4 2 3 5 658 588 590 2214
9243 4 2 3 5 2832 2815 2812 2678
9244 4 2 3 5 2402 2639 2246 550
9245 4 2 3 5 2789 698 727 700
9246 4 2 3 5 1838 2255 1843 2193
9247 4 2 3 5 2672 2686 519 518
9248 4 2 3 5 2137 2653 524 2689
9249 4 2 3 5 1836 2750 2714 1818
9250 4 2 3 5 2675 520 2672 2676
9251 4 2 3 5 516 2686 517 2710
9252 4 2 3 5 1927 2188 1919 1926
9253 4 2 3 5 616 109 2186 2694
9254 4 2 3 5 598 2100 538 599
9255 4 2 3 5 1645 1908 1996 1525
9256 4 2 3 5 534 536 2382 2383
9257 4 2 3 5 1539 2644 2383 2102
9258 4 2 3 5 2734 664 2063 585
9259 4 2 3 5 2385 2384 2051 2052
9260 4 2 3 5 93 2741 2739 2447
9261 4 2 3 5 2494 2764 2765 2149
9262 4 2 3 5 2643 2759 2760 1614
9263 4 2 3 5 570 2387 534 2382
9264 4 2 3 5 1823 1810 1834 1818
9265 4 2 3 5 1853 2285 2284 1724
9266 4 2 3 5 2539 1591 1592 2677
9267 4 2 3 5 547 593 2639 550
9268 4 2 3 5 641 598 599 2758
9269 4 2 3 5 2775 2632 1608 1641
9270 4 2 3 5 2638 547 2639 2635
9271 4 2 3 5 2357 1846 2193 2348
9272 4 2 3 5 560 544 2405 588
9273 4 2 3 5 2643 2102 535 599
9274 4 2 3 5 571 676 2387 622
9275 4 2 3 5 1779 1786 2377 1998
9276 4 2 3 5 603 571 2387 622
9277 4 2 3 5 2718 2346 2674 2769
9278 4 2 3 5 2464 633 91 634
9279 4 2 3 5 2339 2338 2769 2345
9280 4 2 3 5 2250 2523 2524 2400
9281 4 2 3 5 627 2523 102 629
9282 4 2 3 5 1699 1700 2317 1706
9283 4 2 3 5 2338 2346 2769 2345
9284 4 2 3 5 2702 85 673 5
9285 4 2 3 5 1761 2733 2674 2769
9286 4 2 3 5 2357 1850 2193 1846
9287 4 2 3 5 2776 2628 2635 2778
9288 4 2 3 5 1641 2639 1976 2635
9289 4 2 3 5 2632 2638 2633 2635
9290 4 2 3 5 624 625 494 2365
9291 4 2 3 5 1770 1771 2376 1807
9292 4 2 3 5 2387 2491 529 2492
9293 4 2 3 5 625 624 2364 2365
9294 4 2 3 5 1982 494 662 2365
9295 4 2 3 5 2654 526 528 527
9296 4 2 3 5 606 625 607 2036
9297 4 2 3 5 2227 2464 634 1998
9298 4 2 3 5 2658 2654 1800 2657
9299 4 2 3 5 2365 1782 2036 2366
9300 4 2 3 5 522 2397 523 606
9301 4 2 3 5 1739 2676 2672 2673
9302 4 2 3 5 514 2666 112 502
9303 4 2 3 5 2195 2690 1685 2220
9304 4 2 3 5 1709 2720 2705 2704
9305 4 2 3 5 1916 1761 2674 2769
9306 4 2 3 5 2686 2397 2388 1739
9307 4 2 3 5 2371 1767 2780 1785
9308 4 2 3 5 87 609 507 2780
9309 4 2 3 5 2397 2037 2036 2687
9310 4 2 3 5 1761 2339 2769 2345
9311 4 2 3 5 2037 2650 2036 2687
9312 4 2 3 5 2828 693 711 733
9313 4 2 3 5 1916 1761 2769 2345
9314 4 2 3 5 1830 1689 2193 1839
9315 4 2 3 5 1689 1325 2192 1839
9316 4 2 3 5 760 2842 2748 2586
9317 4 2 3 5 2517 637 666 638
9318 4 2 3 5 641 2097 2046 666
9319 4 2 3 5 1830 1325 1689 1839
9320 4 2 3 5 1821 1727 1691 1860
9321 4 2 3 5 1727 1821 1827 1860
9322 4 2 3 5 762 2838 754 761
9323 4 2 3 5 753 2852 754 2838
9324 4 2 3 5 532 2644 568 533
9325 4 2 3 5 751 2852 754 753
9326 4 2 3 5 2281 554 2284 2251
9327 4 2 3 5 2125 584 2137 585
9328 4 2 3 5 2646 2644 2762 2716
9329 4 2 3 5 1907 1500 1882 2067
9330 4 2 3 5 2685 1531 2695 1877
9331 4 2 3 5 2126 2667 2668 2063
9332 4 2 3 5 602 2069 2658 2647
9333 4 2 3 5 1861 2847 2849 2090
9334 4 2 3 5 2697 109 108 656
9335 4 2 3 5 2221 109 656 509
9336 4 2 3 5 646 2245 2246 552
9337 4 2 3 5 2022 2679 2531 2023
9338 4 2 3 5 2091 1872 2092 1959
9339 4 2 3 5 2583 1969 1553 2728
9340 4 2 3 5 1957 1951 1959 2726
9341 4 2 3 5 1776 1781 1807 1529
9342 4 2 3 5 2396 2395 2036 2687
9343 4 2 3 5 2799 2798 2791 706
9344 4 2 3 5 94 93 2447 2498
9345 4 2 3 5 2783 2794 711 710
9346 4 2 3 5 1949 2413 2426 2427
9347 4 2 3 5 1582 2194 2795 2826
9348 4 2 3 5 1623 2830 1594 1586
9349 4 2 3 5 1512 1772 1778 2817
9350 4 2 3 5 92 729 2228 722
9351 4 2 3 5 701 702 703 2791
9352 4 2 3 5 537 536 2767 600
9353 4 2 3 5 2792 709 710 704
9354 4 2 3 5 90 2811 91 2378
9355 4 2 3 5 1958 1951 2427 1871
9356 4 2 3 5 90 2379 721 2378
9357 4 2 3 5 2792 2793 710 709
9358 4 2 3 5 2830 1623 1594 2496
9359 4 2 3 5 1500 2648 1882 2067
9360 4 2 3 5 1999 2810 1992 2807
9361 4 2 3 5 1779 1773 2377 2366
9362 4 2 3 5 2837 1540 2829 1580
9363 4 2 3 5 725 2793 710 2794
9364 4 2 3 5 2691 615 2717 2693
9365 4 2 3 5 2666 2659 1670 2706
9366 4 2 3 5 718 736 86 2213
9367 4 2 3 5 114 2665 512 113
9368 4 2 3 5 773 6 2752 115
9369 4 2 3 5 745 773 2754 2752
9370 4 2 3 5 2645 682 2763 2716
9371 4 2 3 5 2648 2716 1882 2763
9372 4 2 3 5 2256 2257 2846 2845
9373 4 2 3 5 685 1851 620 513
9374 4 2 3 5 2848 748 749 750
9375 4 2 3 5 780 745 2754 2709
9376 4 2 3 5 2600 2864 2865 2844
9377 4 2 3 5 2871 2263 2845 2264
9378 4 2 3 5 2854 1900 2865 2844
9379 4 2 3 5 2101 2100 2641 2204
9380 4 2 3 5 2847 763 785 744
9381 4 2 3 5 642 569 2242 2185
9382 4 2 3 5 2100 2101 2120 2204
9383 4 2 3 5 2089 2428 2424 133
9384 4 2 3 5 2481 2487 2204 2482
9385 4 2 3 5 510 2718 650 648
9386 4 2 3 5 2675 520 578 2672
9387 4 2 3 5 2610 2645 2763 1882
9388 4 2 3 5 2610 635 2763 2645
9389 4 2 3 5 2756 2755 2751 2753
9390 4 2 3 5 2256 747 2845 748
9391 4 2 3 5 1496 874 1407 1497
9392 4 2 3 5 122 2610 2488 2623
9393 4 2 3 5 2645 635 2763 682
9394 4 2 3 5 2611 2054 1903 1882
9395 4 2 3 5 2054 2611 1907 1882
9396 4 2 3 5 1086 1054 1458 1071
9397 4 2 3 5 1042 923 1002 151
9398 4 2 3 5 1349 1346 832 1392
9399 4 2 3 5 2558 1342 1349 1392
9400 4 2 3 5 153 154 953 1035
9401 4 2 3 5 2555 1368 1475 1488
9402 4 2 3 5 2607 2054 2052 2471
9403 4 2 3 5 1903 2054 1904 2471
9404 4 2 3 5 918 1576 952 957
9405 4 2 3 5 1408 995 952 957
9406 4 2 3 5 1373 1689 2192 2343
9407 4 2 3 5 1657 1382 1659 1747
9408 4 2 3 5 2347 2353 1925 1897
9409 4 2 3 5 1927 1922 1919 1930
9410 4 2 3 5 1678 1754 1747 1796
9411 4 2 3 5 2340 2223 1834 2191
9412 4 2 3 5 1660 2164 2663 2198
9413 4 2 3 5 812 951 1370 1920
9414 4 2 3 5 2041 2475 2471 1904
9415 4 2 3 5 1485 1503 1552 1488
9416 4 2 3 5 1551 2075 2564 1552
9417 4 2 3 5 2475 1484 2608 2471
9418 4 2 3 5 2607 1355 1353 1893
9419 4 2 3 5 1346 831 1349 832
9420 4 2 3 5 831 900 1349 832
9421 4 2 3 5 2054 2473 1904 2471
9422 4 2 3 5 1484 2473 2607 2471
9423 4 2 3 5 2853 2852 2862 2839
9424 4 2 3 5 2579 1603 2585 1553
9425 4 2 3 5 2011 2562 2003 2503
9426 4 2 3 5 2505 2506 2504 2868
9427 4 2 3 5 797 1059 948 1401
9428 4 2 3 5 1401 1059 948 1058
9429 4 2 3 5 949 1081 184 183
9430 4 2 3 5 863 1363 903 847
9431 4 2 3 5 1329 1356 842 1344
9432 4 2 3 5 2261 2095 2094 2262
9433 4 2 3 5 1335 2884 857 863
9434 4 2 3 5 182 1094 794 183
9435 4 2 3 5 906 905 904 2883
9436 4 2 3 5 945 156 1013 947
9437 4 2 3 5 945 1005 156 157
9438 4 2 3 5 2506 2841 2504 2868
9439 4 2 3 5 790 932 1394 980
9440 4 2 3 5 1005 1031 157 945
9441 4 2 3 5 987 966 1415 880
9442 4 2 3 5 2506 2489 2866 2868
9443 4 2 3 5 2839 2843 2840 2862
9444 4 2 3 5 2843 2869 2840 2862
9445 4 2 3 5 1749 1917 2398 1926
9446 4 2 3 5 818 1366 820 819
9447 4 2 3 5 2354 1892 1796 1849
9448 4 2 3 5 1394 2304 869 1636
9449 4 2 3 5 1447 1059 1060 1051
9450 4 2 3 5 2119 2481 2204 2482
9451 4 2 3 5 1661 972 1813 1390
9452 4 2 3 5 1917 1922 1919 1926
9453 4 2 3 5 1372 1373 1813 2234
9454 4 2 3 5 1399 894 896 893
9455 4 2 3 5 1922 1927 1919 1926
9456 4 2 3 5 1982 2655 572 1998
9457 4 2 3 5 1463 1523 1611 1614
9458 4 2 3 5 1495 2437 1407 1498
9459 4 2 3 5 144 1050 145 804
9460 4 2 3 5 1497 1431 1569 804
9461 4 2 3 5 2481 2119 2204 2487
9462 4 2 3 5 2210 2467 2209 2466
9463 4 2 3 5 1596 1583 2215 2625
9464 4 2 3 5 2494 1613 2765 2433
9465 4 2 3 5 1927 1922 1917 1926
9466 4 2 3 5 2005 2047 2510 2642
9467 4 2 3 5 1026 1010 1327 1044
9468 4 2 3 5 912 1347 913 1599
9469 4 2 3 5 148 1010 985 1437
9470 4 2 3 5 1583 2216 2215 2625
9471 4 2 3 5 1347 912 913 914
9472 4 2 3 5 2348 2357 1937 2354
9473 4 2 3 5 1042 923 1589 1435
9474 4 2 3 5 1845 1897 1937 1942
9475 4 2 3 5 1897 1845 1937 1925
9476 4 2 3 5 922 921 1573 920
9477 4 2 3 5 1573 921 919 920
9478 4 2 3 5 1444 935 975 1003
9479 4 2 3 5 1846 1845 1937 1942
9480 4 2 3 5 1845 1846 1937 2190
9481 4 2 3 5 2357 1846 1937 1942
9482 4 2 3 5 1846 2357 1937 2348
9483 4 2 3 5 1442 1447 1401 1060
9484 4 2 3 5 2018 1957 1948 2591
9485 4 2 3 5 1852 1853 1855 1854
9486 4 2 3 5 1971 2018 1948 2591
9487 4 2 3 5 2412 1957 1948 2018
9488 4 2 3 5 1972 2584 1948 2018
9489 4 2 3 5 1972 1978 1948 2584
9490 4 2 3 5 2584 2412 1948 2018
9491 4 2 3 5 1978 2412 1948 2584
9492 4 2 3 5 1389 971 803 969
9493 4 2 3 5 2084 2417 2088 1727
9494 4 2 3 5 835 2512 836 909
9495 4 2 3 5 2091 1726 1859 2088
9496 4 2 3 5 1462 994 1052 1084
9497 4 2 3 5 2006 2572 2514 2007
9498 4 2 3 5 2880 1978 1959 1865
9499 4 2 3 5 2880 2729 1959 1978
9500 4 2 3 5 1335 1330 857 1337
9501 4 2 3 5 906 2882 908 2883
9502 4 2 3 5 1331 844 1363 847
9503 4 2 3 5 2883 1363 1344 843
9504 4 2 3 5 2886 2884 863 870
9505 4 2 3 5 1081 949 1308 794
9506 4 2 3 5 2885 2884 1970 1363
9507 4 2 3 5 165 1378 166 807
9508 4 2 3 5 2163 2162 2165 2290
9509 4 2 3 5 2200 1698 2295 2301
9510 4 2 3 5 1326 801 996 1434
9511 4 2 3 5 2664 2661 2663 2399
9512 4 2 3 5 1045 1009 1411 1036
9513 4 2 3 5 2308 1420 1434 2299
9514 4 2 3 5 999 928 1410 963
9515 4 2 3 5 1416 1011 1029 1034
9516 4 2 3 5 2890 2261 2094 2262
9517 4 2 3 5 1037 1009 1030 1410
9518 4 2 3 5 155 156 947 1013
9519 4 2 3 5 154 790 1012 155
9520 4 2 3 5 1869 1868 1970 2094
9521 4 2 3 5 2883 2882 1964 1970
9522 4 2 3 5 1620 2496 1594 1593
9523 4 2 3 5 2882 1974 1964 1970
9524 4 2 3 5 2496 2830 1424 1594
9525 4 2 3 5 1974 2882 2883 1970
9526 4 2 3 5 1032 1404 1033 1011
9527 4 2 3 5 1432 1426 2455 2466
9528 4 2 3 5 2268 2368 1492 1295
9529 4 2 3 5 1438 2496 1514 1348
9530 4 2 3 5 1425 1516 2540 2548
9531 4 2 3 5 2028 2027 2548 2542
9532 4 2 3 5 2331 2550 2029 1981
9533 4 2 3 5 2028 2550 2331 1981
9534 4 2 3 5 1409 1082 1055 1091
9535 4 2 3 5 1999 2786 2807 1992
9536 4 2 3 5 2852 2853 2862 2854
9537 4 2 3 5 2863 2852 2862 2854
9538 4 2 3 5 1856 1727 1827 1860
9539 4 2 3 5 1442 1447 2888 2096
9540 4 2 3 5 2004 2045 2568 2003
9541 4 2 3 5 2351 2096 2262 2888
9542 4 2 3 5 2890 1461 2889 1406
9543 4 2 3 5 1977 2004 2568 2003
9544 4 2 3 5 2004 1977 2878 2003
9545 4 2 3 5 1452 1065 1069 1066
9546 4 2 3 5 1330 853 897 925
9547 4 2 3 5 186 187 1051 941
9548 4 2 3 5 2016 1971 2579 2014
9549 4 2 3 5 1972 1978 2585 2014
9550 4 2 3 5 1066 1452 1460 1069
9551 4 2 3 5 1963 1299 1964 2559
9552 4 2 3 5 1567 2450 1986 2454
9553 4 2 3 5 1516 2533 1519 1300
9554 4 2 3 5 1572 2534 2532 1519
9555 4 2 3 5 2446 2445 1498 2444
9556 4 2 3 5 2467 1565 1416 2466
9557 4 2 3 5 874 1497 959 992
9558 4 2 3 5 1496 1497 2437 2443
9559 4 2 3 5 2727 2416 2728 2411
9560 4 2 3 5 2585 2880 2569 2014
9561 4 2 3 5 797 978 942 1401
9562 4 2 3 5 949 1308 948 184
9563 4 2 3 5 2880 1978 2569 2014
9564 4 2 3 5 1398 1447 1400 2096
9565 4 2 3 5 2085 1398 1400 2096
9566 4 2 3 5 2390 1918 1921 1343
9567 4 2 3 5 1924 1880 1931 1795
9568 4 2 3 5 817 1656 814 940
9569 4 2 3 5 1933 944 816 815
9570 4 2 3 5 1805 1388 1412 2268
9571 4 2 3 5 2161 1660 1632 1834
9572 4 2 3 5 1929 1919 1930 1323
9573 4 2 3 5 1666 1419 2298 2308
9574 4 2 3 5 1560 2320 2321 2334
9575 4 2 3 5 1017 1030 1036 1429
9576 4 2 3 5 2307 2298 1702 1696
9577 4 2 3 5 1815 1399 893 1827
9578 4 2 3 5 859 917 1376 849
9579 4 2 3 5 1408 1576 1375 957
9580 4 2 3 5 2035 1723 2279 1954
9581 4 2 3 5 1356 1357 2727 1969
9582 4 2 3 5 1950 1949 2410 1954
9583 4 2 3 5 1641 1607 2020 1606
9584 4 2 3 5 2681 2797 2031 2833
9585 4 2 3 5 1612 1587 1588 1616
9586 4 2 3 5 1587 1467 1466 1616
9587 4 2 3 5 1518 1347 914 1327
9588 4 2 3 5 1485 2622 1503 2477
9589 4 2 3 5 2384 1473 1480 2642
9590 4 2 3 5 2483 2511 2484 1470
9591 4 2 3 5 1581 2217 1594 1586
9592 4 2 3 5 1978 2880 2585 2014
9593 4 2 3 5 2533 1516 1519 2534
9594 4 2 3 5 1962 1478 2576 2574
9595 4 2 3 5 1329 1356 1357 1476
9596 4 2 3 5 1854 1944 1855 2083
9597 4 2 3 5 1949 1863 1953 1954
9598 4 2 3 5 1356 845 1331 846
9599 4 2 3 5 2847 2406 2851 2850
9600 4 2 3 5 1357 2577 1968 2017
9601 4 2 3 5 2061 2634 2247 2631
9602 4 2 3 5 1347 2435 1348 2433
9603 4 2 3 5 2434 2435 1347 2433
9604 4 2 3 5 833 916 834 1368
9605 4 2 3 5 1905 833 834 1368
9606 4 2 3 5 1494 1351 1490 1486
9607 4 2 3 5 2276 2404 1376 1318
9608 4 2 3 5 2542 2548 1521 2543
9609 4 2 3 5 922 1405 1573 1519
9610 4 2 3 5 628 661 563 2400
9611 4 2 3 5 956 1088 1090 1443
9612 4 2 3 5 1687 2697 2714 2226
9613 4 2 3 5 2155 1731 2331 2328
9614 4 2 3 5 2329 2330 1730 2328
9615 4 2 3 5 2330 1731 1730 2328
9616 4 2 3 5 2096 2085 1304 1400
9617 4 2 3 5 1442 2096 1304 1400
9618 4 2 3 5 1447 1442 1400 2096
9619 4 2 3 5 809 1383 974 996
9620 4 2 3 5 1045 1411 1434 1036
9621 4 2 3 5 2549 2026 2154 1980
9622 4 2 3 5 2540 2539 1300 2683
9623 4 2 3 5 2113 2112 2114 1428
9624 4 2 3 5 1733 2310 2334 2332
9625 4 2 3 5 2291 1698 2295 1555
9626 4 2 3 5 1512 1711 1772 2817
9627 4 2 3 5 2229 2222 2226 2225
9628 4 2 3 5 1388 1292 1569 2268
9629 4 2 3 5 2445 2740 2444 1568
9630 4 2 3 5 1495 1293 1413 1440
9631 4 2 3 5 604 625 606 2036
9632 4 2 3 5 1027 1431 1049 1432
9633 4 2 3 5 1032 1027 1049 1432
9634 4 2 3 5 1049 1032 1432 1033
9635 4 2 3 5 1431 1049 1432 1033
9636 4 2 3 5 1389 971 178 1056
9637 4 2 3 5 2222 2229 2226 2732
9638 4 2 3 5 1867 2729 1553 1970
9639 4 2 3 5 625 604 2365 2036
9640 4 2 3 5 1448 2351 2096 1306
9641 4 2 3 5 1454 1087 1445 1459
9642 4 2 3 5 965 1409 1386 1459
9643 4 2 3 5 1340 2075 1849 1551
9644 4 2 3 5 1457 1324 1456 1306
9645 4 2 3 5 1821 2236 1813 2237
9646 4 2 3 5 1486 1464 1611 2433
9647 4 2 3 5 1982 604 2036 2365
9648 4 2 3 5 603 571 529 2387
9649 4 2 3 5 1623 2496 1499 1510
9650 4 2 3 5 1587 1583 2215 1504
9651 4 2 3 5 1587 1612 1465 1616
9652 4 2 3 5 2077 1341 1893 1887
9653 4 2 3 5 1691 1821 1813 2237
9654 4 2 3 5 2050 2501 1902 2047
9655 4 2 3 5 1341 1353 1893 1887
9656 4 2 3 5 2760 2384 1480 1614
9657 4 2 3 5 2588 2591 2592 129
9658 4 2 3 5 2556 2572 2514 2557
9659 4 2 3 5 2512 1963 2559 1392
9660 4 2 3 5 2134 2128 2131 1940
9661 4 2 3 5 1724 1721 2278 2248
9662 4 2 3 5 2808 1565 2466 1991
9663 4 2 3 5 2465 2431 91 2378
9664 4 2 3 5 1496 1994 2443 2437
9665 4 2 3 5 2281 1724 2278 2248
9666 4 2 3 5 604 1982 2036 2655
9667 4 2 3 5 604 526 2036 606
9668 4 2 3 5 1027 1426 2463 1413
9669 4 2 3 5 899 1351 876 1364
9670 4 2 3 5 676 2227 1525 2387
9671 4 2 3 5 2453 2451 1987 2454
9672 4 2 3 5 2413 131 2747 2746
9673 4 2 3 5 1044 792 985 1327
9674 4 2 3 5 1808 1771 2114 1807
9675 4 2 3 5 1765 2374 1756 2376
9676 4 2 3 5 1805 1804 2269 2268
9677 4 2 3 5 2000 1799 1802 1801
9678 4 2 3 5 1773 1779 1780 2367
9679 4 2 3 5 1911 1501 2056 2000
9680 4 2 3 5 591 570 2381 2387
9681 4 2 3 5 2102 533 535 599
9682 4 2 3 5 2759 1539 2102 2761
9683 4 2 3 5 526 604 2036 2655
9684 4 2 3 5 599 2102 568 2758
9685 4 2 3 5 2100 2643 2102 2759
9686 4 2 3 5 532 531 2644 533
9687 4 2 3 5 2643 2759 1539 2102
9688 4 2 3 5 1524 2387 2382 2383
9689 4 2 3 5 125 2505 2504 2502
9690 4 2 3 5 2145 1891 1899 2066
9691 4 2 3 5 2855 1900 1943 1915
9692 4 2 3 5 2007 2006 2047 2510
9693 4 2 3 5 1294 1990 1992 1991
9694 4 2 3 5 1015 1016 1017 2314
9695 4 2 3 5 2463 2809 2788 1423
9696 4 2 3 5 1710 2798 2800 2817
9697 4 2 3 5 2111 1427 2301 2108
9698 4 2 3 5 2810 2827 2806 2807
9699 4 2 3 5 2115 1421 2116 2802
9700 4 2 3 5 923 1002 926 1435
9701 4 2 3 5 1618 2534 2532 1606
9702 4 2 3 5 1518 2533 1519 2532
9703 4 2 3 5 1405 2534 1574 1573
9704 4 2 3 5 2151 657 540 600
9705 4 2 3 5 2496 1623 1593 1510
9706 4 2 3 5 1587 1583 2148 1509
9707 4 2 3 5 1463 2151 2641 2767
9708 4 2 3 5 95 2626 2497 2493
9709 4 2 3 5 2764 1463 2148 1509
9710 4 2 3 5 2251 2281 2248 1724
9711 4 2 3 5 1583 2626 2834 2625
9712 4 2 3 5 1601 1605 1504 2215
9713 4 2 3 5 2637 1605 2057 2636
9714 4 2 3 5 1554 2881 1974 1973
9715 4 2 3 5 2583 1329 1344 1357
9716 4 2 3 5 933 916 1470 837
9717 4 2 3 5 835 2512 967 1392
9718 4 2 3 5 1973 1299 2559 1974
9719 4 2 3 5 1721 1979 2248 1724
9720 4 2 3 5 1331 844 1344 1363
9721 4 2 3 5 2007 2555 2047 2470
9722 4 2 3 5 602 580 2646 2069
9723 4 2 3 5 1364 1351 876 1350
9724 4 2 3 5 1599 1598 2642 1610
9725 4 2 3 5 2296 2297 2293 2298
9726 4 2 3 5 2297 1326 2293 2298
9727 4 2 3 5 2292 1396 2171 2290
9728 4 2 3 5 2169 2168 2170 2231
9729 4 2 3 5 2324 2326 1703 1730
9730 4 2 3 5 1823 1816 2237 1839
9731 4 2 3 5 877 872 1625 873
9732 4 2 3 5 1952 1469 2778 1641
9733 4 2 3 5 1408 1522 1574 1405
9734 4 2 3 5 1944 2082 2083 1954
9735 4 2 3 5 1979 2245 2248 2251
9736 4 2 3 5 1635 2546 2541 2536
9737 4 2 3 5 1955 2251 2248 1724
9738 4 2 3 5 2730 2776 2778 2628
9739 4 2 3 5 1643 2539 2543 2683
9740 4 2 3 5 2644 580 2716 2646
9741 4 2 3 5 2062 2067 2603 2488
9742 4 2 3 5 2464 633 1998 2377
9743 4 2 3 5 1902 2501 2040 2873
9744 4 2 3 5 889 1655 958 961
9745 4 2 3 5 1676 817 940 1656
9746 4 2 3 5 1092 1053 934 1444
9747 4 2 3 5 1704 1706 1707 1697
9748 4 2 3 5 2318 2319 2312 1718
9749 4 2 3 5 2224 2223 2663 1834
9750 4 2 3 5 2289 1381 2198 2662
9751 4 2 3 5 856 1361 865 2130
9752 4 2 3 5 2234 2191 2192 1839
9753 4 2 3 5 1004 806 1370 1369
9754 4 2 3 5 1845 1928 2756 2190
9755 4 2 3 5 1935 1934 1941 1937
9756 4 2 3 5 1754 1792 1678 2134
9757 4 2 3 5 1792 1797 1678 2134
9758 4 2 3 5 2351 1831 1833 2235
9759 4 2 3 5 2887 1062 1450 2888
9760 4 2 3 5 1369 806 1370 1380
9761 4 2 3 5 1373 2348 2343 2349
9762 4 2 3 5 1822 1305 1833 1692
9763 4 2 3 5 2322 105 2333 2317
9764 4 2 3 5 103 2522 495 104
9765 4 2 3 5 1731 2307 1702 1714
9766 4 2 3 5 511 2206 86 85
9767 4 2 3 5 1765 1748 1762 1758
9768 4 2 3 5 1711 2213 2796 2817
9769 4 2 3 5 2212 1512 1768 2270
9770 4 2 3 5 1512 1777 1772 1768
9771 4 2 3 5 1955 1979 2035 1724
9772 4 2 3 5 2639 550 574 2246
9773 4 2 3 5 2527 2522 2025 2526
9774 4 2 3 5 2713 2285 2081 1853
9775 4 2 3 5 2207 1712 1778 2115
9776 4 2 3 5 2788 2787 2802 2321
9777 4 2 3 5 1715 1732 1707 2312
9778 4 2 3 5 1577 1544 1439 1578
9779 4 2 3 5 2029 2833 2543 2030
9780 4 2 3 5 2707 1671 1744 1760
9781 4 2 3 5 1918 1919 2224 1926
9782 4 2 3 5 2185 2184 1686 2159
9783 4 2 3 5 2201 2690 2711 2692
9784 4 2 3 5 1804 1674 1752 1790
9785 4 2 3 5 1655 2664 1766 1746
9786 4 2 3 5 2451 1995 1492 1987
9787 4 2 3 5 1764 1755 1745 1758
9788 4 2 3 5 2707 1671 1563 1744
9789 4 2 3 5 1804 1775 1769 1806
9790 4 2 3 5 1764 1748 1745 1746
9791 4 2 3 5 1764 1655 1766 1746
9792 4 2 3 5 1761 1917 1921 2389
9793 4 2 3 5 1410 1384 1385 1417
9794 4 2 3 5 1043 999 963 138
9795 4 2 3 5 1770 1759 1768 1807
9796 4 2 3 5 1759 1756 1768 1807
9797 4 2 3 5 2462 2809 2788 2802
9798 4 2 3 5 2530 2318 1317 1718
9799 4 2 3 5 1582 2815 2822 2816
9800 4 2 3 5 2787 2194 2801 2207
9801 4 2 3 5 2314 2313 2312 2115
9802 4 2 3 5 2313 2314 2312 1708
9803 4 2 3 5 2686 1739 2672 2673
9804 4 2 3 5 1782 2364 2366 2365
9805 4 2 3 5 604 526 528 2655
9806 4 2 3 5 2686 2397 1739 2673
9807 4 2 3 5 1880 1794 1757 1881
9808 4 2 3 5 1490 1537 1645 2386
9809 4 2 3 5 1979 1955 2248 1724
9810 4 2 3 5 1955 1979 2248 2251
9811 4 2 3 5 1993 1537 1525 2450
9812 4 2 3 5 2191 1836 2192 1839
9813 4 2 3 5 509 614 2218 2220
9814 4 2 3 5 2522 1728 2025 2182
9815 4 2 3 5 2221 2219 656 2226
9816 4 2 3 5 2669 2770 2773 2159
9817 4 2 3 5 1651 2199 1652 2288
9818 4 2 3 5 1944 1629 2276 1854
9819 4 2 3 5 1830 1862 2092 1859
9820 4 2 3 5 1727 2084 1631 2087
9821 4 2 3 5 1826 2179 2174 1854
9822 4 2 3 5 2729 2881 2420 1869
9823 4 2 3 5 1827 1398 893 891
9824 4 2 3 5 1726 1727 2087 2088
9825 4 2 3 5 2858 2075 1849 2073
9826 4 2 3 5 1689 2357 2348 1692
9827 4 2 3 5 1399 1398 893 1827
9828 4 2 3 5 2622 1895 2141 2072
9829 4 2 3 5 1369 1847 1692 1817
9830 4 2 3 5 2095 1302 2093 1860
9831 4 2 3 5 1900 2871 1844 1943
9832 4 2 3 5 2413 2419 2425 2427
9833 4 2 3 5 2089 2478 2872 2479
9834 4 2 3 5 2555 2048 2047 2470
9835 4 2 3 5 2848 2847 2849 2872
9836 4 2 3 5 2712 2713 2274 1852
9837 4 2 3 5 1840 2272 2277 2274
9838 4 2 3 5 1738 2272 2274 2273
9839 4 2 3 5 2275 2240 1855 1854
9840 4 2 3 5 1853 1944 1854 1724
9841 4 2 3 5 2178 1737 1854 1724
9842 4 2 3 5 2080 2423 2426 2425
9843 4 2 3 5 2639 2402 1976 2635
9844 4 2 3 5 2327 2180 1318 2279
9845 4 2 3 5 1891 2135 2141 2066
9846 4 2 3 5 2065 2616 2135 2619
9847 4 2 3 5 1908 2646 2762 1882
9848 4 2 3 5 1883 2611 2067 1907
9849 4 2 3 5 2622 1503 2476 2619
9850 4 2 3 5 2489 2490 2507 2624
9851 4 2 3 5 1913 2065 1914 1535
9852 4 2 3 5 2605 2468 1646 2873
9853 4 2 3 5 2065 2133 2131 1913
9854 4 2 3 5 2065 2133 2135 2131
9855 4 2 3 5 2615 2064 2065 1534
9856 4 2 3 5 1884 1939 1885 2652
9857 4 2 3 5 1792 2135 2131 1875
9858 4 2 3 5 115 116 2338 2355
9859 4 2 3 5 1930 1935 1323 1937
9860 4 2 3 5 1924 1880 1921 1931
9861 4 2 3 5 1938 2352 1880 1761
9862 4 2 3 5 1549 1927 2189 1930
9863 4 2 3 5 2190 2348 1937 1690
9864 4 2 3 5 1901 1879 2870 1942
9865 4 2 3 5 1677 1934 1924 1931
9866 4 2 3 5 608 520 2676 2673
9867 4 2 3 5 813 1377 930 958
9868 4 2 3 5 1922 1929 1924 1921
9869 4 2 3 5 532 580 2645 2644
9870 4 2 3 5 1883 1911 2056 2000
9871 4 2 3 5 1500 1883 2067 1907
9872 4 2 3 5 1941 2362 1795 1740
9873 4 2 3 5 2621 2043 2619 2609
9874 4 2 3 5 1788 2037 2673 2397
9875 4 2 3 5 2603 498 659 2062
9876 4 2 3 5 1890 2133 1740 1941
9877 4 2 3 5 2341 1372 1373 2343
9878 4 2 3 5 1810 1734 1818 1547
9879 4 2 3 5 2189 1927 2342 1930
9880 4 2 3 5 1734 1810 1818 1834
9881 4 2 3 5 2772 1660 1669 1652
9882 4 2 3 5 2723 2722 2733 2769
9883 4 2 3 5 2723 2167 1834 1926
9884 4 2 3 5 2340 2341 1373 2343
9885 4 2 3 5 2342 2188 1657 1919
9886 4 2 3 5 2676 1739 2672 1794
9887 4 2 3 5 1930 1690 1323 2344
9888 4 2 3 5 2696 2222 1818 1547
9889 4 2 3 5 789 812 1374 813
9890 4 2 3 5 1941 2134 1740 1795
9891 4 2 3 5 2234 1816 1658 2191
9892 4 2 3 5 2139 1878 2124 2597
9893 4 2 3 5 1790 1789 1791 1752
9894 4 2 3 5 1365 1334 2652 2394
9895 4 2 3 5 2128 1940 1932 1881
9896 4 2 3 5 2353 2362 1925 1897
9897 4 2 3 5 2685 1788 2688 2650
9898 4 2 3 5 1966 2016 2018 2578
9899 4 2 3 5 1872 1861 2429 1871
9900 4 2 3 5 2413 630 2430 2425
9901 4 2 3 5 1817 1373 1692 1813
9902 4 2 3 5 2429 2090 1865 1864
9903 4 2 3 5 630 132 133 2425
9904 4 2 3 5 2849 1861 2850 1865
9905 4 2 3 5 2384 1611 1350 2642
9906 4 2 3 5 132 2428 2419 2421
9907 4 2 3 5 924 943 1328 1470
9908 4 2 3 5 1480 1473 2047 2642
9909 4 2 3 5 1344 1603 838 1477
9910 4 2 3 5 2015 2577 1946 1965
9911 4 2 3 5 2513 2511 2510 2574
9912 4 2 3 5 1480 1465 1611 2642
9913 4 2 3 5 2417 2418 1639 2728
9914 4 2 3 5 2890 2566 1974 2094
9915 4 2 3 5 2880 1638 2856 2569
9916 4 2 3 5 2475 2476 2477 2608
9917 4 2 3 5 906 956 1458 907
9918 4 2 3 5 2799 2827 2208 2270
9919 4 2 3 5 1985 1990 2466 1493
9920 4 2 3 5 2453 1497 2443 2444
9921 4 2 3 5 2431 92 2465 91
9922 4 2 3 5 2450 2456 2464 1779
9923 4 2 3 5 1568 2454 2455 1493
9924 4 2 3 5 2379 1783 2378 2431
9925 4 2 3 5 2464 2456 2811 1779
9926 4 2 3 5 2446 2457 2455 2458
9927 4 2 3 5 1500 1883 1907 1996
9928 4 2 3 5 2208 87 694 2270
9929 4 2 3 5 2384 1480 1611 2642
9930 4 2 3 5 1787 1798 2650 2367
9931 4 2 3 5 2457 1990 1568 1493
9932 4 2 3 5 2573 2572 2053 2557
9933 4 2 3 5 2006 2007 2009 2053
9934 4 2 3 5 2500 2046 2554 2553
9935 4 2 3 5 2384 1473 2050 2047
9936 4 2 3 5 835 2512 1600 836
9937 4 2 3 5 2583 2578 2018 2584
9938 4 2 3 5 1958 2418 2728 1959
9939 4 2 3 5 1863 2745 1953 2403
9940 4 2 3 5 2059 1571 1606 2534
9941 4 2 3 5 2527 2028 1981 2024
9942 4 2 3 5 2048 2555 2047 2510
9943 4 2 3 5 98 735 2743 99
9944 4 2 3 5 2789 1582 2790 2791
9945 4 2 3 5 2529 2803 1717 2821
9946 4 2 3 5 1347 1518 1471 1616
9947 4 2 3 5 1560 2320 2332 2331
9948 4 2 3 5 719 2529 101 102
9949 4 2 3 5 87 88 694 2270
9950 4 2 3 5 2858 2075 1866 1551
9951 4 2 3 5 1900 2871 2754 1844
9952 4 2 3 5 774 2859 2851 2748
9953 4 2 3 5 1957 2412 1948 2726
9954 4 2 3 5 1742 2357 1846 1943
9955 4 2 3 5 2214 2216 1595 2215
9956 4 2 3 5 2582 2563 2569 2564
9957 4 2 3 5 2573 2010 2579 2014
9958 4 2 3 5 1883 2611 1907 2042
9959 4 2 3 5 2556 2555 1475 2557
9960 4 2 3 5 2097 2517 2121 2099
9961 4 2 3 5 2213 87 2208 2270
9962 4 2 3 5 2789 2803 2813 727
9963 4 2 3 5 2212 87 2213 2270
9964 4 2 3 5 2180 2327 2181 2279
9965 4 2 3 5 2544 2679 496 2531
9966 4 2 3 5 2178 2180 2181 2279
9967 4 2 3 5 505 2060 588 589
9968 4 2 3 5 2637 1608 1605 2636
9969 4 2 3 5 1359 2129 2652 2068
9970 4 2 3 5 2357 1742 2601 1943
9971 4 2 3 5 2853 2849 2855 1844
9972 4 2 3 5 1935 1678 1323 1937
9973 4 2 3 5 1678 1690 1937 2354
9974 4 2 3 5 2277 501 2273 135
9975 4 2 3 5 1723 2178 2181 2279
9976 4 2 3 5 2423 2424 2425 133
9977 4 2 3 5 544 560 2405 545
9978 4 2 3 5 2090 2429 2421 1864
9979 4 2 3 5 132 630 2413 2425
9980 4 2 3 5 1710 2798 2790 2791
9981 4 2 3 5 630 668 2430 2080
9982 4 2 3 5 2275 1362 2180 2279
9983 4 2 3 5 2085 1398 2093 1860
9984 4 2 3 5 2855 2258 2259 1943
9985 4 2 3 5 2876 1977 2877 2878
9986 4 2 3 5 2881 2408 2420 1869
9987 4 2 3 5 2417 2418 2420 1639
9988 4 2 3 5 1533 2651 2394 2652
9989 4 2 3 5 2658 2648 2667 2647
9990 4 2 3 5 532 2645 649 568
9991 4 2 3 5 2055 2612 2613 2068
9992 4 2 3 5 2055 1911 2612 2068
9993 4 2 3 5 1534 2064 2068 2613
9994 4 2 3 5 2129 1534 2068 2613
9995 4 2 3 5 2021 2530 1718 2822
9996 4 2 3 5 2115 1712 2110 2312
9997 4 2 3 5 2302 2300 1708 2301
9998 4 2 3 5 1808 2808 2114 2809
9999 4 2 3 5 1582 1710 2801 2207
10000 4 2 3 5 2213 736 86 85
10001 4 2 3 5 2373 1776 1768 1767
10002 4 2 3 5 2319 2787 2802 2113
10003 4 2 3 5 2362 2363 118 2597
10004 4 2 3 5 2145 2359 2597 2602
10005 4 2 3 5 2145 1879 2597 2359
10006 4 2 3 5 2596 2136 2138 2126
10007 4 2 3 5 2129 2064 2068 1534
10008 4 2 3 5 2612 2064 2613 2068
10009 4 2 3 5 2141 2071 2360 1899
10010 4 2 3 5 2070 2604 2598 121
10011 4 2 3 5 1874 2611 1913 1535
10012 4 2 3 5 2044 2622 1899 2071
10013 4 2 3 5 2139 1874 2136 1914
10014 4 2 3 5 1911 2064 2612 2068
10015 4 2 3 5 1537 1483 1621 1993
10016 4 2 3 5 2494 2765 2432 2149
10017 4 2 3 5 2152 2381 639 2149
10018 4 2 3 5 2287 1705 1647 1664
10019 4 2 3 5 2287 2719 1648 2158
10020 4 2 3 5 2316 2315 2749 2322
10021 4 2 3 5 1649 2698 1558 2197
10022 4 2 3 5 2142 1936 2132 1796
10023 4 2 3 5 1720 2316 1719 2749
10024 4 2 3 5 2184 2669 2773 2159
10025 4 2 3 5 1721 1722 1724 2182
10026 4 2 3 5 159 158 1045 964
10027 4 2 3 5 1454 2351 1456 2350
10028 4 2 3 5 2130 1933 1886 2132
10029 4 2 3 5 877 2163 2165 974
10030 4 2 3 5 932 1577 995 953
10031 4 2 3 5 2324 1630 1729 2181
10032 4 2 3 5 1825 2177 1624 2174
10033 4 2 3 5 2239 855 2175 1626
10034 4 2 3 5 2178 1629 1723 1854
10035 4 2 3 5 2288 2172 2289 2290
10036 4 2 3 5 1325 2234 2192 1839
10037 4 2 3 5 2750 1927 1836 2192
10038 4 2 3 5 2234 2191 1658 2192
10039 4 2 3 5 1820 1819 1812 1823
10040 4 2 3 5 1897 1941 1925 1937
10041 4 2 3 5 2751 2755 1838 2192
10042 4 2 3 5 1763 2694 2722 2733
10043 4 2 3 5 2186 2714 1763 2722
10044 4 2 3 5 2664 1654 1662 1663
10045 4 2 3 5 1369 2235 1848 2350
10046 4 2 3 5 2665 679 2157 2699
10047 4 2 3 5 1684 1709 2704 2720
10048 4 2 3 5 1427 2111 2301 1557
10049 4 2 3 5 2213 2737 85 86
10050 4 2 3 5 609 674 651 2780
10051 4 2 3 5 1963 2512 1600 1488
10052 4 2 3 5 2781 707 689 717
10053 4 2 3 5 2167 2723 1663 1926
10054 4 2 3 5 1373 1689 1692 1813
10055 4 2 3 5 1690 1678 1323 1747
10056 4 2 3 5 2161 1660 2198 2164
10057 4 2 3 5 1644 2167 2398 1926
10058 4 2 3 5 1678 1690 1323 1937
10059 4 2 3 5 1933 1754 2130 1886
10060 4 2 3 5 1879 1890 1942 1891
10061 4 2 3 5 2191 2342 1658 2192
10062 4 2 3 5 1532 1880 1921 2389
10063 4 2 3 5 1927 1836 2192 2191
10064 4 2 3 5 2756 1928 2751 1838
10065 4 2 3 5 1823 1836 1839 1633
10066 4 2 3 5 1701 1704 1702 1696
10067 4 2 3 5 558 575 619 2671
10068 4 2 3 5 2892 1455 2143 1312
10069 4 2 3 5 2551 2832 2023 1981
10070 4 2 3 5 2282 2713 1724 2283
10071 4 2 3 5 2079 2142 2143 2132
10072 4 2 3 5 2337 2522 2526 2025
10073 4 2 3 5 2263 773 2754 2845
10074 4 2 3 5 2871 2756 2753 2264
10075 4 2 3 5 2265 136 2264 769
10076 4 2 3 5 137 2263 2753 2264
10077 4 2 3 5 137 6 2715 2753
10078 4 2 3 5 2265 2254 2255 2264
10079 4 2 3 5 773 6 2263 2752
10080 4 2 3 5 137 746 2263 2264
10081 4 2 3 5 1804 1528 1674 1790
10082 4 2 3 5 1871 1951 1959 2088
10083 4 2 3 5 1404 1431 1050 804
10084 4 2 3 5 966 880 881 1412
10085 4 2 3 5 1753 2368 1528 2268
10086 4 2 3 5 2392 1793 1791 1881
10087 4 2 3 5 2451 1986 1987 2454
10088 4 2 3 5 1770 1777 2114 1807
10089 4 2 3 5 1787 1789 1780 1526
10090 4 2 3 5 2275 2276 1362 2279
10091 4 2 3 5 2277 2423 2274 2273
10092 4 2 3 5 1872 1862 1859 2092
10093 4 2 3 5 1624 2174 1735 1824
10094 4 2 3 5 1667 2719 2287 1697
10095 4 2 3 5 2199 2200 2289 2105
10096 4 2 3 5 1770 1759 1541 1680
10097 4 2 3 5 2669 2184 2773 2774
10098 4 2 3 5 2244 2280 2282 1725
10099 4 2 3 5 1649 2692 2698 2197
10100 4 2 3 5 1682 2158 2699 2700
10101 4 2 3 5 2772 1734 1664 2169
10102 4 2 3 5 1647 2287 1664 1558
10103 4 2 3 5 1700 1732 2309 1707
10104 4 2 3 5 1560 1414 2331 2332
10105 4 2 3 5 2307 2308 2298 1556
10106 4 2 3 5 1951 1958 1959 2088
10107 4 2 3 5 2307 1704 2309 1556
10108 4 2 3 5 2308 2307 2309 1556
10109 4 2 3 5 2309 1556 1696 2299
10110 4 2 3 5 2307 2308 2309 2330
10111 4 2 3 5 1731 2330 2309 1700
10112 4 2 3 5 2307 1731 2309 1700
10113 4 2 3 5 1731 2307 2309 2330
10114 4 2 3 5 2321 2788 2684 1018
10115 4 2 3 5 1414 2329 2331 2332
10116 4 2 3 5 2021 2029 1317 2030
10117 4 2 3 5 1699 1715 1712 1520
10118 4 2 3 5 1022 1560 1578 1545
10119 4 2 3 5 1048 1002 1008 1435
10120 4 2 3 5 2112 2113 1778 2115
10121 4 2 3 5 1707 1708 2110 2312
10122 4 2 3 5 1732 1543 2330 2331
10123 4 2 3 5 1543 1732 2156 2331
10124 4 2 3 5 1543 2156 1716 2331
10125 4 2 3 5 2155 1543 1716 2331
10126 4 2 3 5 1018 2788 2684 1019
10127 4 2 3 5 1422 2787 2321 2530
10128 4 2 3 5 814 1754 816 1747
10129 4 2 3 5 1372 976 163 788
10130 4 2 3 5 789 811 1374 812
10131 4 2 3 5 1087 1053 1445 1089
10132 4 2 3 5 2140 1678 1935 2354
10133 4 2 3 5 1933 944 1920 968
10134 4 2 3 5 951 1004 1920 968
10135 4 2 3 5 1935 2140 2354 1937
10136 4 2 3 5 116 117 2356 787
10137 4 2 3 5 115 2358 2752 2356
10138 4 2 3 5 1927 1835 1917 2339
10139 4 2 3 5 116 2352 2345 2353
10140 4 2 3 5 2371 87 507 2780
10141 4 2 3 5 1958 1951 1871 2088
10142 4 2 3 5 880 1388 1412 1418
10143 4 2 3 5 2374 1764 1756 1769
10144 4 2 3 5 1939 1884 1791 1533
10145 4 2 3 5 1378 961 1673 1384
10146 4 2 3 5 2420 2092 1959 2088
10147 4 2 3 5 1378 1655 1766 1673
10148 4 2 3 5 2054 2055 1482 2056
10149 4 2 3 5 1994 1993 1490 2386
10150 4 2 3 5 2385 1490 1645 2386
10151 4 2 3 5 2051 1474 1481 2607
10152 4 2 3 5 1539 2759 1614 2762
10153 4 2 3 5 137 746 2264 739
10154 4 2 3 5 1750 2396 2388 1785
10155 4 2 3 5 1739 2676 2673 2688
10156 4 2 3 5 2418 2420 1959 2088
10157 4 2 3 5 525 2037 526 523
10158 4 2 3 5 1880 1532 1757 2389
10159 4 2 3 5 1324 2351 1833 2235
10160 4 2 3 5 1936 1848 1796 1849
10161 4 2 3 5 2858 2881 2569 1866
10162 4 2 3 5 2578 2583 1603 1553
10163 4 2 3 5 1363 1331 1332 1637
10164 4 2 3 5 2097 2101 1615 2099
10165 4 2 3 5 1831 1305 2235 1692
10166 4 2 3 5 1324 1398 1399 1833
10167 4 2 3 5 2517 2097 1615 2099
10168 4 2 3 5 2419 1951 2747 1864
10169 4 2 3 5 2424 2428 2425 133
10170 4 2 3 5 1842 1858 2087 1828
10171 4 2 3 5 668 2649 576 611
10172 4 2 3 5 2285 668 2080 2430
10173 4 2 3 5 668 2285 2649 2430
10174 4 2 3 5 1721 1722 1980 1724
10175 4 2 3 5 2649 1863 2403 2768
10176 4 2 3 5 92 93 2441 493
10177 4 2 3 5 92 2740 2441 93
10178 4 2 3 5 604 2655 528 572
10179 4 2 3 5 2491 1983 1996 1525
10180 4 2 3 5 2122 2517 1615 2099
10181 4 2 3 5 2654 2650 2655 2036
10182 4 2 3 5 2644 1645 2492 1908
10183 4 2 3 5 2643 536 2767 537
10184 4 2 3 5 2119 2205 2204 2487
10185 4 2 3 5 2055 2054 1482 2474
10186 4 2 3 5 2129 2064 1885 2652
10187 4 2 3 5 1993 2386 2056 1996
10188 4 2 3 5 1939 1533 2394 2652
10189 4 2 3 5 2461 1581 2462 1423
10190 4 2 3 5 1623 2830 1580 2449
10191 4 2 3 5 2457 2446 2455 1568
10192 4 2 3 5 2113 2211 2802 1428
10193 4 2 3 5 1581 2461 2463 1423
10194 4 2 3 5 2461 2462 2463 1423
10195 4 2 3 5 2809 1018 2802 2116
10196 4 2 3 5 1502 2474 2607 2609
10197 4 2 3 5 2386 2054 1482 2056
10198 4 2 3 5 974 1383 2290 996
10199 4 2 3 5 1645 2385 2386 1481
10200 4 2 3 5 2011 2503 2041 2053
10201 4 2 3 5 1967 1469 1965 2630
10202 4 2 3 5 1329 1356 1476 919
10203 4 2 3 5 918 1573 919 920
10204 4 2 3 5 1326 974 2290 996
10205 4 2 3 5 1576 1408 1574 1573
10206 4 2 3 5 1408 802 926 952
10207 4 2 3 5 1294 2210 1784 1992
10208 4 2 3 5 1422 2787 2530 2682
10209 4 2 3 5 1437 1327 1433 1047
10210 4 2 3 5 1023 1026 1047 1433
10211 4 2 3 5 1610 1597 1465 1616
10212 4 2 3 5 1643 1620 1593 1515
10213 4 2 3 5 2051 2050 2471 2052
10214 4 2 3 5 2561 125 2504 2502
10215 4 2 3 5 2604 2490 2867 2868
10216 4 2 3 5 2869 2841 2862 2868
10217 4 2 3 5 2867 2003 2862 2868
10218 4 2 3 5 126 779 2567 2504
10219 4 2 3 5 2571 2516 2509 2515
10220 4 2 3 5 1960 1961 1609 2515
10221 4 2 3 5 1957 2747 1947 2411
10222 4 2 3 5 2775 1960 2117 2518
10223 4 2 3 5 2580 127 2520 2570
10224 4 2 3 5 506 2519 2570 2121
10225 4 2 3 5 1425 1545 2684 1019
10226 4 2 3 5 2679 2680 2677 2023
10227 4 2 3 5 1699 1715 1520 1713
10228 4 2 3 5 2833 2832 1981 1521
10229 4 2 3 5 1383 1326 2290 996
10230 4 2 3 5 1643 1619 1592 2535
10231 4 2 3 5 1620 1593 1594 2683
10232 4 2 3 5 1589 1327 1433 1514
10233 4 2 3 5 1010 1437 1039 1047
10234 4 2 3 5 1016 1022 1019 1545
10235 4 2 3 5 1419 947 1013 1403
10236 4 2 3 5 2155 2028 2331 1981
10237 4 2 3 5 2527 2523 1981 2525
10238 4 2 3 5 2552 2682 2684 2030
10239 4 2 3 5 2540 1425 2548 2552
10240 4 2 3 5 2680 2681 2677 2023
10241 4 2 3 5 2679 2680 99 2677
10242 4 2 3 5 1698 2291 2290 2289
10243 4 2 3 5 2681 2551 2832 2023
10244 4 2 3 5 1554 2582 1963 1508
10245 4 2 3 5 1971 1972 2579 2014
10246 4 2 3 5 2850 2406 2851 2748
10247 4 2 3 5 2593 1971 2581 2595
10248 4 2 3 5 1957 2726 1948 2591
10249 4 2 3 5 125 779 2504 738
10250 4 2 3 5 1864 2878 1948 2587
10251 4 2 3 5 1905 1355 1487 1893
10252 4 2 3 5 1972 1978 2584 2585
10253 4 2 3 5 1867 1299 1974 1964
10254 4 2 3 5 1972 2584 2579 2585
10255 4 2 3 5 2291 1698 2290 2294
10256 4 2 3 5 2729 1867 2585 2881
10257 4 2 3 5 1966 2015 2018 1946
10258 4 2 3 5 2863 756 2864 2861
10259 4 2 3 5 2412 2729 2584 2585
10260 4 2 3 5 2563 2582 2569 2014
10261 4 2 3 5 2588 2593 2592 2591
10262 4 2 3 5 2726 2595 1948 2591
10263 4 2 3 5 1507 2583 2018 2017
10264 4 2 3 5 131 2413 2747 2419
10265 4 2 3 5 129 2725 2592 2586
10266 4 2 3 5 2475 2476 2608 2609
10267 4 2 3 5 2556 2472 2557 1475
10268 4 2 3 5 2108 2111 2109 2301
10269 4 2 3 5 2145 1879 2865 1898
10270 4 2 3 5 2108 2106 2301 1680
10271 4 2 3 5 1603 2574 1600 1477
10272 4 2 3 5 1963 2512 2559 1964
10273 4 2 3 5 1699 1709 2110 1706
10274 4 2 3 5 856 2130 902 1339
10275 4 2 3 5 1468 2483 1604 2510
10276 4 2 3 5 1346 829 830 1353
10277 4 2 3 5 1715 1699 2110 1707
10278 4 2 3 5 548 2628 566 2635
10279 4 2 3 5 1699 1715 2110 1712
10280 4 2 3 5 566 2628 2629 2635
10281 4 2 3 5 2730 2589 2778 1952
10282 4 2 3 5 1680 1684 2301 2110
10283 4 2 3 5 549 566 2629 2635
10284 4 2 3 5 2633 2639 1641 2635
10285 4 2 3 5 1801 1790 1802 1791
10286 4 2 3 5 1793 2392 1791 1751
10287 4 2 3 5 1672 1527 1769 1755
10288 4 2 3 5 1732 2309 1707 2312
10289 4 2 3 5 1803 2123 2596 2695
10290 4 2 3 5 2103 1743 2779 2706
10291 4 2 3 5 2659 2103 1670 2706
10292 4 2 3 5 2701 1650 2698 1662
10293 4 2 3 5 1649 2201 2698 2692
10294 4 2 3 5 2660 2701 2698 1662
10295 4 2 3 5 509 642 2219 2218
10296 4 2 3 5 2665 1649 2157 2196
10297 4 2 3 5 2773 2184 1686 2774
10298 4 2 3 5 2522 2337 2323 2182
10299 4 2 3 5 2681 2539 2677 2543
10300 4 2 3 5 2680 2679 2551 2023
10301 4 2 3 5 2156 2320 1317 2030
10302 4 2 3 5 2787 2319 2321 2530
10303 4 2 3 5 1425 2540 2683 2684
10304 4 2 3 5 1654 2664 2398 1663
10305 4 2 3 5 2660 2659 2711 2698
10306 4 2 3 5 2184 2185 1686 1735
10307 4 2 3 5 1765 2106 1541 1680
10308 4 2 3 5 2309 2308 1556 2299
10309 4 2 3 5 2302 1297 2299 2300
10310 4 2 3 5 1682 2719 2720 2158
10311 4 2 3 5 679 653 2157 2158
10312 4 2 3 5 2720 2703 2705 2704
10313 4 2 3 5 2771 2770 1648 2197
10314 4 2 3 5 1325 1373 2192 2234
10315 4 2 3 5 2255 1829 1838 1633
10316 4 2 3 5 2696 2222 1685 2220
10317 4 2 3 5 1836 2191 1834 1823
10318 4 2 3 5 643 509 2219 656
10319 4 2 3 5 1688 1836 2714 2732
10320 4 2 3 5 1971 1966 1946 2588
10321 4 2 3 5 548 547 2635 549
10322 4 2 3 5 740 775 2586 130
10323 4 2 3 5 740 775 2748 2586
10324 4 2 3 5 1972 1971 1948 2595
10325 4 2 3 5 1682 2703 2720 2704
10326 4 2 3 5 2701 2106 2704 2107
10327 4 2 3 5 2108 1770 1541 2109
10328 4 2 3 5 85 736 689 2796
10329 4 2 3 5 2298 2308 2299 1556
10330 4 2 3 5 1732 1715 1718 2312
10331 4 2 3 5 2109 2111 2110 2301
10332 4 2 3 5 1668 1667 2288 1697
10333 4 2 3 5 106 737 2721 107
10334 4 2 3 5 740 131 2422 776
10335 4 2 3 5 2017 2589 1947 1946
10336 4 2 3 5 2730 2589 2777 2590
10337 4 2 3 5 2015 2578 2018 1507
10338 4 2 3 5 1960 2518 2570 2515
10339 4 2 3 5 2792 2825 2813 1582
10340 4 2 3 5 2109 1680 2301 2110
10341 4 2 3 5 2740 2441 1621 1567
10342 4 2 3 5 2150 95 639 2493
10343 4 2 3 5 1997 2448 1580 2449
10344 4 2 3 5 2766 2765 1524 2767
10345 4 2 3 5 2775 2117 2777 2518
10346 4 2 3 5 2117 2775 2777 2627
10347 4 2 3 5 127 506 2519 2570
10348 4 2 3 5 2594 784 743 128
10349 4 2 3 5 2118 1960 1609 2515
10350 4 2 3 5 2321 1018 2116 2802
10351 4 2 3 5 1428 2809 2802 2116
10352 4 2 3 5 2117 2518 2515 2121
10353 4 2 3 5 2122 2099 2515 2121
10354 4 2 3 5 2792 2783 2795 2791
10355 4 2 3 5 2593 2588 128 2570
10356 4 2 3 5 1781 2210 2378 2805
10357 4 2 3 5 511 2659 655 2103
10358 4 2 3 5 88 2380 2270 2805
10359 4 2 3 5 2379 2380 2799 720
10360 4 2 3 5 2782 2379 2799 720
10361 4 2 3 5 1766 2374 1296 1673
10362 4 2 3 5 1999 2810 2801 2795
10363 4 2 3 5 2112 1772 2114 2109
10364 4 2 3 5 1561 2799 2800 2827
10365 4 2 3 5 2800 1582 2801 2795
10366 4 2 3 5 2798 2781 1561 2817
10367 4 2 3 5 1778 2827 2817 2801
10368 4 2 3 5 1708 2313 2110 2312
10369 4 2 3 5 1582 1710 2207 2822
10370 4 2 3 5 1710 702 2790 2798
10371 4 2 3 5 1710 1582 2821 2822
10372 4 2 3 5 2681 2797 2832 2678
10373 4 2 3 5 1591 2023 2677 2543
10374 4 2 3 5 2529 2814 2832 1717
10375 4 2 3 5 719 2814 2529 2812
10376 4 2 3 5 2539 2540 2548 2543
10377 4 2 3 5 2793 2825 2823 2813
10378 4 2 3 5 2814 2680 2678 731
10379 4 2 3 5 2567 2520 2504 2521
10380 4 2 3 5 128 2593 2580 2592
10381 4 2 3 5 1900 2754 2846 1844
10382 4 2 3 5 2604 2490 1898 2867
10383 4 2 3 5 1872 1693 2260 2258
10384 4 2 3 5 2407 1638 2259 2856
10385 4 2 3 5 2875 2869 2840 2568
10386 4 2 3 5 1938 2352 117 621
10387 4 2 3 5 2864 2865 1915 2867
10388 4 2 3 5 2863 2852 2854 2846
10389 4 2 3 5 2863 752 2846 2844
10390 4 2 3 5 2852 2863 2862 2861
10391 4 2 3 5 2066 2071 2141 1899
10392 4 2 3 5 1898 2490 1899 2867
10393 4 2 3 5 2854 1900 2855 1915
10394 4 2 3 5 2866 2864 2862 2867
10395 4 2 3 5 2622 2621 1899 2066
10396 4 2 3 5 2878 1865 2879 2259
10397 4 2 3 5 2003 2869 2862 2868
10398 4 2 3 5 2855 1945 2839 2878
10399 4 2 3 5 2843 2877 2878 2839
10400 4 2 3 5 2854 2867 1915 2862
10401 4 2 3 5 2601 2858 2857 2072
10402 4 2 3 5 1960 2571 1961 2515
10403 4 2 3 5 1974 2890 2409 1406
10404 4 2 3 5 939 2885 863 1406
10405 4 2 3 5 531 533 534 2492
10406 4 2 3 5 686 641 568 2758
10407 4 2 3 5 1886 1892 2132 1796
10408 4 2 3 5 1582 1710 2790 2791
10409 4 2 3 5 1781 2373 2805 2804
10410 4 2 3 5 2786 1581 1992 1580
10411 4 2 3 5 2078 2617 1888 1339
10412 4 2 3 5 2379 690 90 721
10413 4 2 3 5 2805 89 721 90
10414 4 2 3 5 690 2379 714 720
10415 4 2 3 5 1313 2078 1888 1339
10416 4 2 3 5 1792 1366 1886 1888
10417 4 2 3 5 2527 2523 2525 102
10418 4 2 3 5 2060 560 588 589
10419 4 2 3 5 2109 2108 2301 1680
10420 4 2 3 5 2077 1338 1887 1888
10421 4 2 3 5 2891 2892 2893 2143
10422 4 2 3 5 1453 2891 2893 2143
10423 4 2 3 5 2891 1453 2892 2143
10424 4 2 3 5 2893 2078 2143 2132
10425 4 2 3 5 2666 2691 112 502
10426 4 2 3 5 702 701 2789 2791
10427 4 2 3 5 2103 2779 1670 2706
10428 4 2 3 5 1310 2893 2143 2132
10429 4 2 3 5 2604 2489 122 2623
10430 4 2 3 5 2070 2604 122 2623
10431 4 2 3 5 1911 1883 1907 2042
10432 4 2 3 5 2507 2469 124 123
10433 4 2 3 5 2605 2610 123 2623
10434 4 2 3 5 2506 770 771 738
10435 4 2 3 5 1310 2892 2143 2893
10436 4 2 3 5 2033 2549 2154 1980
10437 4 2 3 5 501 644 672 2273
10438 4 2 3 5 2549 2033 2154 2325
10439 4 2 3 5 2155 2028 2025 2328
10440 4 2 3 5 2207 2319 2312 2115
10441 4 2 3 5 2550 1544 2328 2331
10442 4 2 3 5 1394 790 1403 1577
10443 4 2 3 5 1319 154 1012 1035
10444 4 2 3 5 869 1636 854 931
10445 4 2 3 5 1394 1559 1316 1403
10446 4 2 3 5 2223 2166 1390 1397
10447 4 2 3 5 928 999 1410 167
10448 4 2 3 5 1625 2168 2165 1812
10449 4 2 3 5 2166 2230 2165 1812
10450 4 2 3 5 164 1377 1382 2341
10451 4 2 3 5 1666 1419 945 986
10452 4 2 3 5 929 1383 1411 167
10453 4 2 3 5 2161 1811 2165 1812
10454 4 2 3 5 2161 2162 2165 1811
10455 4 2 3 5 795 994 1084 177
10456 4 2 3 5 2891 1078 1079 1402
10457 4 2 3 5 1811 2166 2165 1812
10458 4 2 3 5 2162 2166 2165 1811
10459 4 2 3 5 977 1324 896 1399
10460 4 2 3 5 1665 1705 1735 2176
10461 4 2 3 5 2297 1395 2304 1703
10462 4 2 3 5 2181 2178 2182 2306
10463 4 2 3 5 2745 2430 2746 500
10464 4 2 3 5 2327 2181 1703 2306
10465 4 2 3 5 2183 2174 2176 2306
10466 4 2 3 5 2860 1864 2850 2748
10467 4 2 3 5 2848 2847 2851 2849
10468 4 2 3 5 2859 2860 2851 2748
10469 4 2 3 5 554 576 2283 2284
10470 4 2 3 5 2430 2413 2746 500
10471 4 2 3 5 2413 131 2746 500
10472 4 2 3 5 1764 1755 1758 1756
10473 4 2 3 5 2750 2714 2186 2187
10474 4 2 3 5 2379 2782 2806 2810
10475 4 2 3 5 702 2798 705 703
10476 4 2 3 5 2396 1782 2650 2036
10477 4 2 3 5 1671 1672 2686 2780
10478 4 2 3 5 626 2686 517 519
10479 4 2 3 5 2397 522 519 2388
10480 4 2 3 5 2397 2037 523 606
10481 4 2 3 5 2645 686 649 568
10482 4 2 3 5 2381 570 573 2382
10483 4 2 3 5 2714 2750 2715 2187
10484 4 2 3 5 528 2655 2656 572
10485 4 2 3 5 2714 2697 2186 2187
10486 4 2 3 5 2643 2100 2102 599
10487 4 2 3 5 2100 2643 538 599
10488 4 2 3 5 2697 2714 2715 2187
10489 4 2 3 5 588 2214 2636 2057
10490 4 2 3 5 2632 2638 2487 1608
10491 4 2 3 5 2120 2119 2204 2482
10492 4 2 3 5 2643 2100 2640 2641
10493 4 2 3 5 2163 2162 2198 2164
10494 4 2 3 5 1651 2162 2198 2289
10495 4 2 3 5 2163 1381 2198 2289
10496 4 2 3 5 2282 1737 2278 1724
10497 4 2 3 5 553 554 555 2281
10498 4 2 3 5 619 553 555 2281
10499 4 2 3 5 549 548 566 2635
10500 4 2 3 5 2162 2163 2198 2289
10501 4 2 3 5 2730 2731 612 2629
10502 4 2 3 5 751 752 749 2846
10503 4 2 3 5 1530 1432 2455 2466
10504 4 2 3 5 1851 620 135 501
10505 4 2 3 5 1432 1292 1416 2466
10506 4 2 3 5 2319 2207 2312 1718
10507 4 2 3 5 2216 505 2057 2214
10508 4 2 3 5 505 2216 660 2214
10509 4 2 3 5 2495 1612 1510 1588
10510 4 2 3 5 2828 2837 2829 2785
10511 4 2 3 5 2058 1601 2019 1597
10512 4 2 3 5 663 657 2146 600
10513 4 2 3 5 520 2672 518 578
10514 4 2 3 5 2852 2853 2846 2851
10515 4 2 3 5 2221 2696 2220 2219
10516 4 2 3 5 509 2218 2219 2220
10517 4 2 3 5 2847 763 744 777
10518 4 2 3 5 2221 509 2219 2220
10519 4 2 3 5 2222 2218 2220 2219
10520 4 2 3 5 2696 2222 2220 2219
10521 4 2 3 5 1661 2232 2236 2231
10522 4 2 3 5 1820 2232 2231 2236
10523 4 2 3 5 2232 1820 2231 1812
10524 4 2 3 5 2523 101 102 629
10525 4 2 3 5 2244 644 2242 2273
10526 4 2 3 5 2320 2156 1718 2312
10527 4 2 3 5 2126 2125 2063 2138
10528 4 2 3 5 1794 2352 2361 1795
10529 4 2 3 5 564 569 2242 644
10530 4 2 3 5 569 564 2242 2185
10531 4 2 3 5 2139 2145 1890 2597
10532 4 2 3 5 2244 564 2242 644
10533 4 2 3 5 564 2244 2242 2185
10534 4 2 3 5 2117 2098 2481 596
10535 4 2 3 5 581 2627 595 645
10536 4 2 3 5 137 136 2253 513
10537 4 2 3 5 581 2627 645 687
10538 4 2 3 5 743 2567 772 2840
10539 4 2 3 5 702 2789 2790 2791
10540 4 2 3 5 492 652 687 2777
10541 4 2 3 5 652 2730 687 2777
10542 4 2 3 5 2692 1650 2711 2698
10543 4 2 3 5 1687 2222 2219 2226
10544 4 2 3 5 2798 702 2790 2791
10545 4 2 3 5 614 509 2218 642
10546 4 2 3 5 2201 2665 2711 2666
10547 4 2 3 5 2675 1938 579 2676
10548 4 2 3 5 2718 510 650 616
10549 4 2 3 5 2346 654 616 650
10550 4 2 3 5 2750 1927 1837 2339
10551 4 2 3 5 1916 504 116 654
10552 4 2 3 5 2346 1916 116 654
10553 4 2 3 5 2804 88 89 2370
10554 4 2 3 5 2380 732 2270 694
10555 4 2 3 5 2462 2211 2809 2802
10556 4 2 3 5 2364 665 607 1785
10557 4 2 3 5 515 2708 517 567
10558 4 2 3 5 2467 1808 1806 1805
10559 4 2 3 5 2786 2787 2802 2788
10560 4 2 3 5 2388 2395 607 1785
10561 4 2 3 5 2037 526 523 606
10562 4 2 3 5 2715 2755 2253 2753
10563 4 2 3 5 2811 2464 2377 91
10564 4 2 3 5 2755 2254 2253 2753
10565 4 2 3 5 2654 2658 527 2657
10566 4 2 3 5 1908 2491 1525 2492
10567 4 2 3 5 2369 494 90 2377
10568 4 2 3 5 2756 2255 2753 2264
10569 4 2 3 5 613 2730 2628 687
10570 4 2 3 5 2627 2628 2777 687
10571 4 2 3 5 2627 613 2628 687
10572 4 2 3 5 2255 2756 2871 2264
10573 4 2 3 5 2117 2627 2777 645
10574 4 2 3 5 691 2803 2818 697
10575 4 2 3 5 1710 2836 2821 2790
10576 4 2 3 5 1585 2680 2743 2678
10577 4 2 3 5 2440 2496 1499 2448
10578 4 2 3 5 696 2819 2818 2820
10579 4 2 3 5 1582 1710 2821 2790
10580 4 2 3 5 1582 2792 2795 2791
10581 4 2 3 5 2803 698 727 2789
10582 4 2 3 5 697 698 2789 699
10583 4 2 3 5 2380 732 694 728
10584 4 2 3 5 1584 2626 1510 1546
10585 4 2 3 5 2815 2832 2812 1717
10586 4 2 3 5 2528 2527 2525 102
10587 4 2 3 5 1841 1825 2274 1852
10588 4 2 3 5 2527 2155 1981 2028
10589 4 2 3 5 765 2864 766 755
10590 4 2 3 5 1841 1857 2274 1828
10591 4 2 3 5 2611 1874 1913 2067
10592 4 2 3 5 2272 1841 2274 1828
10593 4 2 3 5 664 2125 585 584
10594 4 2 3 5 756 778 2866 770
10595 4 2 3 5 2281 2251 2284 1724
10596 4 2 3 5 2632 581 2627 595
10597 4 2 3 5 2251 2402 551 2284
10598 4 2 3 5 2402 2401 551 2284
10599 4 2 3 5 1863 2649 2403 2284
10600 4 2 3 5 558 2280 555 557
10601 4 2 3 5 2599 2864 2866 2867
10602 4 2 3 5 764 762 761 2840
10603 4 2 3 5 1955 1863 2403 2284
10604 4 2 3 5 2111 2313 2301 1557
10605 4 2 3 5 1698 2200 1697 2301
10606 4 2 3 5 2842 2586 2587 2748
10607 4 2 3 5 1977 2002 2878 2581
10608 4 2 3 5 2300 2299 1697 2295
10609 4 2 3 5 1696 2294 1697 2295
10610 4 2 3 5 2759 2468 2758 2046
10611 4 2 3 5 2299 1696 1697 2295
10612 4 2 3 5 1864 2860 2587 2748
10613 4 2 3 5 1696 2299 2294 2295
10614 4 2 3 5 2179 2178 2180 2306
10615 4 2 3 5 499 2123 2124 2138
10616 4 2 3 5 2145 2599 2598 1898
10617 4 2 3 5 2864 756 755 765
10618 4 2 3 5 1626 2180 2327 2306
10619 4 2 3 5 768 2598 120 786
10620 4 2 3 5 1626 2179 2180 2306
10621 4 2 3 5 741 2359 2709 2602
10622 4 2 3 5 186 1059 797 941
10623 4 2 3 5 1827 1398 891 925
10624 4 2 3 5 1814 855 852 890
10625 4 2 3 5 2177 1819 2169 2231
10626 4 2 3 5 890 1814 1821 852
10627 4 2 3 5 850 851 852 1336
10628 4 2 3 5 1721 2671 2337 2182
10629 4 2 3 5 2240 855 1626 854
10630 4 2 3 5 968 1933 1936 1920
10631 4 2 3 5 1369 1380 1391 2235
10632 4 2 3 5 2156 1732 1718 2312
10633 4 2 3 5 2173 2175 2176 2306
10634 4 2 3 5 1409 988 1457 962
10635 4 2 3 5 1082 1409 1457 1091
10636 4 2 3 5 1734 1669 1818 1547
10637 4 2 3 5 1383 2291 2290 1326
10638 4 2 3 5 2300 1707 1708 2301
10639 4 2 3 5 2174 2173 2176 2306
10640 4 2 3 5 170 1092 798 171
10641 4 2 3 5 935 1444 975 798
10642 4 2 3 5 1503 2472 2608 1893
10643 4 2 3 5 1071 1441 1443 1458
10644 4 2 3 5 1054 1086 1458 1094
10645 4 2 3 5 1603 2579 2585 1964
10646 4 2 3 5 839 1603 1964 1600
10647 4 2 3 5 2214 2202 1595 590
10648 4 2 3 5 1356 1379 1476 919
10649 4 2 3 5 1573 918 919 1476
10650 4 2 3 5 2173 2174 2175 2306
10651 4 2 3 5 1419 1005 1014 1013
10652 4 2 3 5 105 2315 106 2317
10653 4 2 3 5 2335 105 106 2317
10654 4 2 3 5 846 844 1331 847
10655 4 2 3 5 1293 2440 2438 1498
10656 4 2 3 5 1027 1431 1432 1413
10657 4 2 3 5 2442 1483 1621 2437
10658 4 2 3 5 2028 2024 2025 2328
10659 4 2 3 5 828 829 826 1353
10660 4 2 3 5 1732 2156 2320 2312
10661 4 2 3 5 1705 2316 1719 2323
10662 4 2 3 5 2261 2075 2565 2013
10663 4 2 3 5 2549 2026 2328 2154
10664 4 2 3 5 2026 2549 2328 2027
10665 4 2 3 5 1373 1325 1813 2234
10666 4 2 3 5 2027 2026 2024 2328
10667 4 2 3 5 2347 1549 2339 1837
10668 4 2 3 5 890 1821 892 891
10669 4 2 3 5 840 841 842 1344
10670 4 2 3 5 1549 2347 2339 1896
10671 4 2 3 5 2572 1478 1479 2576
10672 4 2 3 5 1408 1522 2546 1574
10673 4 2 3 5 1319 790 154 953
10674 4 2 3 5 2883 905 904 843
10675 4 2 3 5 2015 2775 1966 1965
10676 4 2 3 5 1831 2095 2074 2262
10677 4 2 3 5 1975 1968 2410 2631
10678 4 2 3 5 2095 1831 2074 2073
10679 4 2 3 5 845 844 842 1331
10680 4 2 3 5 1408 1576 920 1573
10681 4 2 3 5 1379 845 918 919
10682 4 2 3 5 2076 1312 2074 1451
10683 4 2 3 5 2169 2238 1824 1735
10684 4 2 3 5 974 872 882 1396
10685 4 2 3 5 2341 2340 2223 2224
10686 4 2 3 5 1667 1695 1664 2171
10687 4 2 3 5 1810 1734 2169 1812
10688 4 2 3 5 1745 1298 2389 1746
10689 4 2 3 5 1343 2390 2399 1746
10690 4 2 3 5 1831 1848 2074 2073
10691 4 2 3 5 2095 2261 2074 2262
10692 4 2 3 5 1454 2143 2074 2350
10693 4 2 3 5 2123 1938 621 2361
10694 4 2 3 5 1369 1311 1459 2350
10695 4 2 3 5 1393 1310 1402 1446
10696 4 2 3 5 1886 1792 1892 1796
10697 4 2 3 5 118 2362 2597 2361
10698 4 2 3 5 1656 813 814 940
10699 4 2 3 5 2124 118 2597 2361
10700 4 2 3 5 2352 621 2361 118
10701 4 2 3 5 1055 998 189 8
10702 4 2 3 5 621 2123 2361 118
10703 4 2 3 5 1457 1082 1091 1077
10704 4 2 3 5 1457 1409 962 1091
10705 4 2 3 5 800 1077 962 188
10706 4 2 3 5 800 1457 962 1077
10707 4 2 3 5 877 973 788 1390
10708 4 2 3 5 972 877 788 1390
10709 4 2 3 5 2123 2124 2361 118
10710 4 2 3 5 88 2804 2372 2370
10711 4 2 3 5 2827 2799 2806 2270
10712 4 2 3 5 1512 2827 2270 2208
10713 4 2 3 5 2533 1619 1300 2535
10714 4 2 3 5 2827 1512 2270 2806
10715 4 2 3 5 149 1044 792 985
10716 4 2 3 5 148 147 1039 970
10717 4 2 3 5 1469 1607 1965 2486
10718 4 2 3 5 911 912 1350 876
10719 4 2 3 5 1512 2212 2213 2270
10720 4 2 3 5 2380 2799 694 2270
10721 4 2 3 5 2380 88 2270 732
10722 4 2 3 5 2804 2373 2805 2372
10723 4 2 3 5 2028 2027 2542 2024
10724 4 2 3 5 1581 2831 2463 2449
10725 4 2 3 5 2102 2643 535 2383
10726 4 2 3 5 2767 536 2383 2382
10727 4 2 3 5 2643 536 2383 2767
10728 4 2 3 5 140 1007 1046 799
10729 4 2 3 5 1020 2831 2788 1019
10730 4 2 3 5 1016 2314 2321 1017
10731 4 2 3 5 2809 1021 2788 1018
10732 4 2 3 5 2809 2114 2116 1428
10733 4 2 3 5 2314 1017 1557 2116
10734 4 2 3 5 1430 1808 1771 1028
10735 4 2 3 5 1565 1808 1028 2809
10736 4 2 3 5 1430 1808 1028 1565
10737 4 2 3 5 2319 1421 2802 2321
10738 4 2 3 5 2643 536 535 2383
10739 4 2 3 5 1384 1673 1417 963
10740 4 2 3 5 1620 1433 1300 1424
10741 4 2 3 5 1545 2552 2684 2030
10742 4 2 3 5 1359 1365 1360 2652
10743 4 2 3 5 1939 2128 1932 1881
10744 4 2 3 5 145 1050 937 804
10745 4 2 3 5 1923 2391 1932 1675
10746 4 2 3 5 1049 1431 1006 1050
10747 4 2 3 5 1431 1049 1033 1050
10748 4 2 3 5 1676 1656 1675 1932
10749 4 2 3 5 544 2638 2405 2636
10750 4 2 3 5 588 2060 2636 2405
10751 4 2 3 5 1457 1447 1061 1077
10752 4 2 3 5 1448 1447 1061 1457
10753 4 2 3 5 187 1077 1051 941
10754 4 2 3 5 2637 2638 2405 1641
10755 4 2 3 5 2787 2786 2802 2113
10756 4 2 3 5 795 971 178 1389
10757 4 2 3 5 2183 1702 2323 2182
10758 4 2 3 5 1487 2472 1488 1893
10759 4 2 3 5 1347 1518 913 1471
10760 4 2 3 5 965 1004 1445 1369
10761 4 2 3 5 169 1089 168 810
10762 4 2 3 5 1311 1444 1936 1445
10763 4 2 3 5 2786 2462 2788 2802
10764 4 2 3 5 2638 2639 2405 1641
10765 4 2 3 5 1950 1949 2411 2410
10766 4 2 3 5 1059 186 797 185
10767 4 2 3 5 2583 2727 2728 2411
10768 4 2 3 5 1461 1441 1071 1458
10769 4 2 3 5 2183 2316 2323 1702
10770 4 2 3 5 989 939 863 1406
10771 4 2 3 5 2418 1958 2416 2088
10772 4 2 3 5 2560 1485 2477 2012
10773 4 2 3 5 1554 1867 1974 2881
10774 4 2 3 5 2417 1634 1637 1303
10775 4 2 3 5 1400 2886 1337 2409
10776 4 2 3 5 2262 2095 2094 2093
10777 4 2 3 5 2417 2418 2416 2088
10778 4 2 3 5 1936 1933 2132 1796
10779 4 2 3 5 1936 2142 2143 2074
10780 4 2 3 5 1409 927 160 1386
10781 4 2 3 5 950 172 1057 173
10782 4 2 3 5 1949 1950 2411 2416
10783 4 2 3 5 994 795 1321 885
10784 4 2 3 5 994 1462 1321 1389
10785 4 2 3 5 795 994 1321 1389
10786 4 2 3 5 2885 2884 1363 863
10787 4 2 3 5 1868 1335 1970 2409
10788 4 2 3 5 1330 853 1333 897
10789 4 2 3 5 1969 2583 2727 2728
10790 4 2 3 5 2093 2085 1860 2094
10791 4 2 3 5 2012 2560 2563 2014
10792 4 2 3 5 2566 2261 2565 1973
10793 4 2 3 5 1478 1962 2514 2574
10794 4 2 3 5 2472 2040 2470 2053
10795 4 2 3 5 884 1341 1338 898
10796 4 2 3 5 1353 2607 2608 2609
10797 4 2 3 5 2448 2446 1622 2438
10798 4 2 3 5 829 1341 1353 831
10799 4 2 3 5 2065 2135 1876 2619
10800 4 2 3 5 2130 1313 1886 1888
10801 4 2 3 5 1366 1792 1875 1888
10802 4 2 3 5 1393 938 1338 1339
10803 4 2 3 5 1554 1867 1964 1299
10804 4 2 3 5 2006 2572 2001 2576
10805 4 2 3 5 2885 2409 2883 1970
10806 4 2 3 5 1330 897 1333 848
10807 4 2 3 5 1337 925 871 942
10808 4 2 3 5 1401 1308 948 870
10809 4 2 3 5 2440 2446 2448 2438
10810 4 2 3 5 2140 1935 1941 1937
10811 4 2 3 5 2354 2141 2360 1942
10812 4 2 3 5 2340 2188 1657 2342
10813 4 2 3 5 951 1004 1370 1920
10814 4 2 3 5 1754 1792 1886 1796
10815 4 2 3 5 976 1372 1391 895
10816 4 2 3 5 944 1933 1920 815
10817 4 2 3 5 1549 1922 1925 1896
10818 4 2 3 5 2106 1765 2105 1762
10819 4 2 3 5 2440 2446 1293 2449
10820 4 2 3 5 801 1326 882 986
10821 4 2 3 5 2288 2292 2171 2290
10822 4 2 3 5 1383 2291 1555 1385
10823 4 2 3 5 2199 2104 2289 2198
10824 4 2 3 5 2104 2661 2289 2198
10825 4 2 3 5 2661 1654 2104 1653
10826 4 2 3 5 1336 1814 2240 852
10827 4 2 3 5 1729 1728 1730 1703
10828 4 2 3 5 1419 1666 945 869
10829 4 2 3 5 1705 1665 1627 2176
10830 4 2 3 5 2173 2169 2170 2231
10831 4 2 3 5 1826 2179 2240 1626
10832 4 2 3 5 1623 2496 2449 2448
10833 4 2 3 5 2183 1705 2182 2323
10834 4 2 3 5 1705 2183 2316 2323
10835 4 2 3 5 2893 1310 1387 2132
10836 4 2 3 5 2858 1551 2564 2569
10837 4 2 3 5 1454 1444 2143 1311
10838 4 2 3 5 1623 2830 2449 2496
10839 4 2 3 5 2314 1421 2312 2334
10840 4 2 3 5 1070 1462 1052 1084
10841 4 2 3 5 1565 1032 1416 1426
10842 4 2 3 5 1410 1009 1030 1411
10843 4 2 3 5 2458 2457 2455 2466
10844 4 2 3 5 1988 2269 2466 2209
10845 4 2 3 5 2458 2457 1997 2449
10846 4 2 3 5 2457 2446 1997 2449
10847 4 2 3 5 1015 1419 1420 1434
10848 4 2 3 5 1385 1766 2108 1296
10849 4 2 3 5 2119 2100 2640 539
10850 4 2 3 5 2109 1770 1541 1680
10851 4 2 3 5 2294 1698 1697 2295
10852 4 2 3 5 2106 2736 2704 1680
10853 4 2 3 5 2300 2302 2295 2301
10854 4 2 3 5 1015 1016 2314 2334
10855 4 2 3 5 2302 1297 1434 1420
10856 4 2 3 5 2533 1619 1514 1300
10857 4 2 3 5 2446 2457 2458 2449
10858 4 2 3 5 1327 1589 1519 1514
10859 4 2 3 5 2435 1495 1348 1293
10860 4 2 3 5 1347 1437 1327 1514
10861 4 2 3 5 2217 2787 2826 1586
10862 4 2 3 5 1602 1601 2532 1606
10863 4 2 3 5 1437 1347 1348 1514
10864 4 2 3 5 1425 1516 1435 1519
10865 4 2 3 5 2497 2837 2498 2460
10866 4 2 3 5 2447 2497 2498 2460
10867 4 2 3 5 1062 1449 1450 2888
10868 4 2 3 5 1310 1393 2893 1387
10869 4 2 3 5 806 965 1386 1369
10870 4 2 3 5 2828 2837 2460 2498
10871 4 2 3 5 2601 2072 2360 1849
10872 4 2 3 5 2096 1442 2889 2888
10873 4 2 3 5 2076 1309 2262 2261
10874 4 2 3 5 1454 1311 2143 2350
10875 4 2 3 5 2228 2828 2460 2498
10876 4 2 3 5 1461 1086 1458 1071
10877 4 2 3 5 956 1088 1443 1458
10878 4 2 3 5 993 956 1458 1088
10879 4 2 3 5 1054 993 1458 1088
10880 4 2 3 5 1443 1088 1072 1458
10881 4 2 3 5 1088 1054 1072 1458
10882 4 2 3 5 2017 2589 1946 1952
10883 4 2 3 5 2775 2776 1641 1952
10884 4 2 3 5 2746 2724 1947 2731
10885 4 2 3 5 1951 1957 2728 2411
10886 4 2 3 5 1859 2091 2088 1871
10887 4 2 3 5 1975 1548 1954 2247
10888 4 2 3 5 1588 1619 1617 1590
10889 4 2 3 5 1516 2538 2537 2534
10890 4 2 3 5 1604 1480 2047 2642
10891 4 2 3 5 1961 2005 2509 2006
10892 4 2 3 5 2760 2501 1615 1902
10893 4 2 3 5 2826 2217 1586 2031
10894 4 2 3 5 1421 2314 2321 2334
10895 4 2 3 5 2648 2069 1800 2646
10896 4 2 3 5 2441 2227 676 2387
10897 4 2 3 5 1798 1786 1800 2650
10898 4 2 3 5 1754 1676 818 1365
10899 4 2 3 5 938 884 1338 898
10900 4 2 3 5 1511 1999 2795 2785
10901 4 2 3 5 1708 2314 2312 2334
10902 4 2 3 5 825 938 902 1338
10903 4 2 3 5 2194 1582 2816 1513
10904 4 2 3 5 1643 2744 1593 2031
10905 4 2 3 5 2797 2815 1513 2816
10906 4 2 3 5 2682 2217 2031 2683
10907 4 2 3 5 2826 2194 2816 1513
10908 4 2 3 5 1646 2468 2046 2873
10909 4 2 3 5 2765 1489 1490 1524
10910 4 2 3 5 1490 1489 1614 1524
10911 4 2 3 5 2385 1614 1645 1524
10912 4 2 3 5 1490 2385 1645 1524
10913 4 2 3 5 2385 1490 1614 1524
10914 4 2 3 5 2473 1484 1904 2471
10915 4 2 3 5 2064 1911 2612 2042
10916 4 2 3 5 2129 2613 2068 2614
10917 4 2 3 5 2474 2615 1502 2613
10918 4 2 3 5 2472 1487 2608 1893
10919 4 2 3 5 2068 1359 1360 2652
10920 4 2 3 5 2331 2550 1578 1545
10921 4 2 3 5 1544 1559 2331 1316
10922 4 2 3 5 1560 2331 1578 1545
10923 4 2 3 5 1577 1319 1316 1578
10924 4 2 3 5 1326 2298 2294 2293
10925 4 2 3 5 1420 1015 2314 2334
10926 4 2 3 5 2291 1555 2295 1429
10927 4 2 3 5 2298 1326 2294 2299
10928 4 2 3 5 1695 1701 1696 1697
10929 4 2 3 5 1994 1995 2452 2443
10930 4 2 3 5 2447 2497 2448 1622
10931 4 2 3 5 1497 1431 2455 1530
10932 4 2 3 5 2456 2227 2441 1567
10933 4 2 3 5 2227 2450 2441 1567
10934 4 2 3 5 2450 2227 2456 1567
10935 4 2 3 5 1522 1544 1439 1577
10936 4 2 3 5 2549 1544 2547 2546
10937 4 2 3 5 2542 2547 2548 2537
10938 4 2 3 5 2533 1516 2535 1300
10939 4 2 3 5 1490 2434 1611 2433
10940 4 2 3 5 1038 147 970 1039
10941 4 2 3 5 1048 153 802 1035
10942 4 2 3 5 1425 1545 1019 1025
10943 4 2 3 5 2485 2484 2513 1328
10944 4 2 3 5 943 1572 1471 1519
10945 4 2 3 5 2058 2484 1598 1597
10946 4 2 3 5 916 1472 1470 837
10947 4 2 3 5 2050 1902 2471 2052
10948 4 2 3 5 1961 1960 1609 2118
10949 4 2 3 5 1479 1963 1964 1600
10950 4 2 3 5 1612 1464 2433 1465
10951 4 2 3 5 1589 1433 1300 1514
10952 4 2 3 5 1620 2496 1593 1510
10953 4 2 3 5 2310 1708 2312 2334
10954 4 2 3 5 2435 2440 2496 1510
10955 4 2 3 5 1625 872 2170 2231
10956 4 2 3 5 1625 2168 2231 2170
10957 4 2 3 5 1841 1828 2236 1628
10958 4 2 3 5 1814 1336 1631 1333
10959 4 2 3 5 1727 1856 1827 1333
10960 4 2 3 5 1814 2275 2240 1855
10961 4 2 3 5 1856 2417 1727 2088
10962 4 2 3 5 1329 841 842 919
10963 4 2 3 5 1469 2486 2630 2020
10964 4 2 3 5 1863 1949 2746 2768
10965 4 2 3 5 2276 2404 2279 1954
10966 4 2 3 5 2833 2029 2543 1521
10967 4 2 3 5 2548 2550 1521 2543
10968 4 2 3 5 1408 1522 1577 2546
10969 4 2 3 5 1573 2059 1574 1476
10970 4 2 3 5 973 2163 809 1397
10971 4 2 3 5 1378 1377 2399 958
10972 4 2 3 5 1632 1660 2164 1834
10973 4 2 3 5 2161 2162 1632 2164
10974 4 2 3 5 1706 1704 1701 1697
10975 4 2 3 5 1704 2307 1696 1556
10976 4 2 3 5 1902 2050 2471 2470
10977 4 2 3 5 1298 1744 1745 2389
10978 4 2 3 5 813 1656 1343 940
10979 4 2 3 5 888 817 940 1675
10980 4 2 3 5 1793 1739 1757 1789
10981 4 2 3 5 2128 2134 1932 1940
10982 4 2 3 5 1753 1528 1674 2268
10983 4 2 3 5 2307 1731 1700 1714
10984 4 2 3 5 1667 1695 2288 1697
10985 4 2 3 5 1684 1682 2720 2704
10986 4 2 3 5 1436 1427 1417 1296
10987 4 2 3 5 1385 1673 1296 1417
10988 4 2 3 5 2737 85 5 2796
10989 4 2 3 5 1999 2194 2801 2787
10990 4 2 3 5 2827 2800 2817 2801
10991 4 2 3 5 1582 2194 2801 2795
10992 4 2 3 5 1705 1665 2303 1701
10993 4 2 3 5 1297 1326 2294 2295
10994 4 2 3 5 1429 1555 2295 2301
10995 4 2 3 5 2337 1719 2323 2182
10996 4 2 3 5 2671 628 2248 2400
10997 4 2 3 5 2550 2028 2331 2328
10998 4 2 3 5 1700 1704 1706 1707
10999 4 2 3 5 2005 1961 2482 2019
11000 4 2 3 5 2335 2819 104 2333
11001 4 2 3 5 2659 114 2665 2699
11002 4 2 3 5 640 2770 1648 2749
11003 4 2 3 5 2659 114 673 655
11004 4 2 3 5 2335 104 105 2333
11005 4 2 3 5 2202 2205 2487 2204
11006 4 2 3 5 2836 730 717 2721
11007 4 2 3 5 2319 2318 2321 2530
11008 4 2 3 5 2029 2156 1317 2030
11009 4 2 3 5 2797 2815 2832 2678
11010 4 2 3 5 2803 719 2529 2812
11011 4 2 3 5 1695 1665 1627 1701
11012 4 2 3 5 2308 2307 1730 2330
11013 4 2 3 5 1731 2522 1728 2025
11014 4 2 3 5 2292 1695 2293 2294
11015 4 2 3 5 2172 2288 1664 2171
11016 4 2 3 5 2296 1695 1627 1702
11017 4 2 3 5 2286 2315 2317 106
11018 4 2 3 5 2392 2391 1751 2389
11019 4 2 3 5 2134 2133 1740 1940
11020 4 2 3 5 1889 1913 2136 2127
11021 4 2 3 5 2352 1896 2353 1924
11022 4 2 3 5 2391 1656 1343 1921
11023 4 2 3 5 1749 1917 2389 2398
11024 4 2 3 5 2693 2691 1681 2717
11025 4 2 3 5 1934 2352 2353 1924
11026 4 2 3 5 2676 520 2672 2673
11027 4 2 3 5 2395 2397 2388 522
11028 4 2 3 5 507 2371 2780 1785
11029 4 2 3 5 1755 1767 2780 1758
11030 4 2 3 5 2397 1739 2687 2388
11031 4 2 3 5 2152 639 2493 2149
11032 4 2 3 5 625 2364 665 607
11033 4 2 3 5 1923 1532 1880 1921
11034 4 2 3 5 1896 2352 1761 1924
11035 4 2 3 5 1672 2686 1750 1757
11036 4 2 3 5 1532 2391 2389 1921
11037 4 2 3 5 1938 2675 1761 1880
11038 4 2 3 5 1676 1677 1932 2134
11039 4 2 3 5 2787 2319 2530 2822
11040 4 2 3 5 2787 2194 2207 2822
11041 4 2 3 5 1581 2461 1992 1580
11042 4 2 3 5 1989 2450 1984 1779
11043 4 2 3 5 1990 1985 2465 1568
11044 4 2 3 5 2369 2804 1773 2377
11045 4 2 3 5 2228 2431 2465 2460
11046 4 2 3 5 2463 1426 1991 2458
11047 4 2 3 5 1783 1992 2807 2378
11048 4 2 3 5 1570 2228 2460 2447
11049 4 2 3 5 2459 2228 2465 2460
11050 4 2 3 5 1549 2189 1925 1930
11051 4 2 3 5 2675 1938 1794 1880
11052 4 2 3 5 1917 1922 1921 1919
11053 4 2 3 5 2141 1891 2360 1942
11054 4 2 3 5 2133 1889 1740 1940
11055 4 2 3 5 1934 2362 1795 1941
11056 4 2 3 5 1984 1989 1987 2454
11057 4 2 3 5 2467 1292 1416 1564
11058 4 2 3 5 1764 1527 1769 1655
11059 4 2 3 5 2453 2454 2466 2455
11060 4 2 3 5 1836 2191 1823 1839
11061 4 2 3 5 1661 2236 2237 1813
11062 4 2 3 5 2192 1838 1839 1633
11063 4 2 3 5 1927 1835 1834 1926
11064 4 2 3 5 2161 1734 1669 1834
11065 4 2 3 5 1872 1861 2849 1865
11066 4 2 3 5 2075 2261 2074 2073
11067 4 2 3 5 2381 2766 2382 2149
11068 4 2 3 5 1315 1847 1369 1920
11069 4 2 3 5 1832 2357 2349 1849
11070 4 2 3 5 2750 1688 2714 2715
11071 4 2 3 5 2338 1837 2339 2187
11072 4 2 3 5 2233 1661 1813 1390
11073 4 2 3 5 2096 2351 1833 1306
11074 4 2 3 5 1324 988 1457 1386
11075 4 2 3 5 895 977 1380 808
11076 4 2 3 5 1075 1053 1444 1087
11077 4 2 3 5 2729 2880 1959 2420
11078 4 2 3 5 2858 2569 2564 1866
11079 4 2 3 5 2310 2314 1708 2334
11080 4 2 3 5 1840 1857 2087 1828
11081 4 2 3 5 2084 1631 1855 2082
11082 4 2 3 5 2428 2424 2425 2427
11083 4 2 3 5 2886 2884 1337 2409
11084 4 2 3 5 1869 2408 2420 1860
11085 4 2 3 5 1856 2085 1301 2409
11086 4 2 3 5 2147 2764 2148 2149
11087 4 2 3 5 2766 2381 2432 2149
11088 4 2 3 5 1804 1805 1412 2268
11089 4 2 3 5 2368 1528 1790 2394
11090 4 2 3 5 520 608 521 2673
11091 4 2 3 5 1760 1749 1761 2389
11092 4 2 3 5 2145 1890 1891 1914
11093 4 2 3 5 1657 2343 1323 1659
11094 4 2 3 5 2135 2065 2066 1914
11095 4 2 3 5 1913 2065 2136 1914
11096 4 2 3 5 1914 2624 1899 1898
11097 4 2 3 5 1475 2555 2007 2470
11098 4 2 3 5 2761 2759 1646 2758
11099 4 2 3 5 2605 2468 2761 1646
11100 4 2 3 5 2644 1539 2762 2761
11101 4 2 3 5 641 686 2468 2758
11102 4 2 3 5 1884 2038 1877 1791
11103 4 2 3 5 822 823 824 1359
11104 4 2 3 5 2616 2615 1534 2613
11105 4 2 3 5 2615 2616 1502 2613
11106 4 2 3 5 1341 2077 1338 1887
11107 4 2 3 5 2065 2064 2042 1913
11108 4 2 3 5 824 823 1360 1359
11109 4 2 3 5 1913 2065 1535 2042
11110 4 2 3 5 2140 2134 1941 1935
11111 4 2 3 5 2352 2362 1924 1934
11112 4 2 3 5 2134 1934 1941 1935
11113 4 2 3 5 1928 1549 1925 2347
11114 4 2 3 5 1891 1901 2360 1942
11115 4 2 3 5 2358 115 2355 2356
11116 4 2 3 5 2134 1677 1935 1678
11117 4 2 3 5 1677 2134 1935 1934
11118 4 2 3 5 2390 2398 2399 1746
11119 4 2 3 5 1689 2357 2193 2348
11120 4 2 3 5 2362 1934 1925 1941
11121 4 2 3 5 1919 1657 1930 1323
11122 4 2 3 5 1896 1922 1925 1924
11123 4 2 3 5 2340 1656 1657 1919
11124 4 2 3 5 1845 1846 2870 1942
11125 4 2 3 5 2357 1742 1846 1942
11126 4 2 3 5 1966 1960 1962 1965
11127 4 2 3 5 1946 2589 1947 2591
11128 4 2 3 5 2725 2726 2747 1947
11129 4 2 3 5 2406 776 2748 2422
11130 4 2 3 5 2595 2726 2587 2591
11131 4 2 3 5 2584 2578 2018 2579
11132 4 2 3 5 2588 2590 2591 129
11133 4 2 3 5 2730 2776 2777 1952
11134 4 2 3 5 1506 1357 1476 2630
11135 4 2 3 5 2589 2730 2777 1952
11136 4 2 3 5 2638 2632 1641 1608
11137 4 2 3 5 2776 2775 2777 1952
11138 4 2 3 5 1638 2880 1865 1978
11139 4 2 3 5 2727 2417 2728 2416
11140 4 2 3 5 2406 2847 785 2421
11141 4 2 3 5 2766 2767 2382 2149
11142 4 2 3 5 1863 2745 2403 2768
11143 4 2 3 5 1303 1332 1637 1333
11144 4 2 3 5 1884 1911 2000 2652
11145 4 2 3 5 1634 2414 2631 1371
11146 4 2 3 5 2731 1956 1953 2778
11147 4 2 3 5 2778 2629 1976 1953
11148 4 2 3 5 2486 2059 2020 1606
11149 4 2 3 5 1336 1333 849 1371
11150 4 2 3 5 2546 1576 2061 2631
11151 4 2 3 5 2634 2061 2020 2486
11152 4 2 3 5 2875 2562 2504 2503
11153 4 2 3 5 2318 2321 2334 2312
11154 4 2 3 5 1356 1379 1371 2631
11155 4 2 3 5 2022 2545 2542 2024
11156 4 2 3 5 2522 2527 2336 2526
11157 4 2 3 5 1635 2545 2541 1980
11158 4 2 3 5 2033 2546 1575 1635
11159 4 2 3 5 1722 1630 2181 2154
11160 4 2 3 5 1581 2786 1992 2462
11161 4 2 3 5 2211 2462 2809 1991
11162 4 2 3 5 1568 2740 2444 2454
11163 4 2 3 5 1497 1431 1407 1413
11164 4 2 3 5 638 669 2098 2121
11165 4 2 3 5 2122 2516 2570 2515
11166 4 2 3 5 2582 1508 2585 2014
11167 4 2 3 5 2045 2012 2563 2014
11168 4 2 3 5 2010 2572 2573 2576
11169 4 2 3 5 127 126 2519 506
11170 4 2 3 5 506 669 638 2121
11171 4 2 3 5 2004 2045 2014 2521
11172 4 2 3 5 2320 2318 2334 2312
11173 4 2 3 5 1479 2579 1964 1963
11174 4 2 3 5 2549 2027 2547 1544
11175 4 2 3 5 2318 2320 2334 2321
11176 4 2 3 5 1522 2546 2537 2547
11177 4 2 3 5 1957 1951 2747 2411
11178 4 2 3 5 2252 1548 2631 2247
11179 4 2 3 5 1408 1577 995 957
11180 4 2 3 5 1048 1002 152 1008
11181 4 2 3 5 2546 2549 1575 2541
11182 4 2 3 5 841 921 1476 924
11183 4 2 3 5 1577 932 995 957
11184 4 2 3 5 1394 2324 2304 1636
11185 4 2 3 5 1576 1408 920 952
11186 4 2 3 5 2622 1485 1503 1552
11187 4 2 3 5 1761 1896 2339 2345
11188 4 2 3 5 2750 1835 2339 2769
11189 4 2 3 5 2352 1938 2345 1761
11190 4 2 3 5 1938 1916 2345 1761
11191 4 2 3 5 2622 1550 2563 2564
11192 4 2 3 5 1534 1875 2614 1359
11193 4 2 3 5 504 1938 2345 2352
11194 4 2 3 5 1916 1938 2345 504
11195 4 2 3 5 1404 1292 1432 1569
11196 4 2 3 5 1404 1292 1569 1418
11197 4 2 3 5 1534 2615 2612 2613
11198 4 2 3 5 2055 2474 2613 2612
11199 4 2 3 5 2870 1845 1897 2356
11200 4 2 3 5 2615 2616 2609 1502
11201 4 2 3 5 2055 2054 2042 1907
11202 4 2 3 5 2489 2604 2624 2623
11203 4 2 3 5 2065 2139 2136 1914
11204 4 2 3 5 2133 2139 1914 1890
11205 4 2 3 5 2139 2133 1914 2065
11206 4 2 3 5 867 938 1339 902
11207 4 2 3 5 1352 1353 1338 1887
11208 4 2 3 5 1346 829 1353 831
11209 4 2 3 5 828 1355 830 1353
11210 4 2 3 5 2087 1858 2088 1871
11211 4 2 3 5 2429 1864 1865 1959
11212 4 2 3 5 1858 1859 2088 1871
11213 4 2 3 5 2118 1609 2099 2515
11214 4 2 3 5 784 775 2586 783
11215 4 2 3 5 2863 2864 2862 2861
11216 4 2 3 5 1638 2004 2879 2259
11217 4 2 3 5 2384 2760 1480 2047
11218 4 2 3 5 2117 669 2098 596
11219 4 2 3 5 542 543 541 2487
11220 4 2 3 5 2632 1608 2487 2481
11221 4 2 3 5 597 2100 2098 2119
11222 4 2 3 5 597 2097 638 2098
11223 4 2 3 5 2100 2101 2097 2099
11224 4 2 3 5 2481 542 595 596
11225 4 2 3 5 2100 597 2098 2097
11226 4 2 3 5 2134 2128 1741 2131
11227 4 2 3 5 822 1366 820 821
11228 4 2 3 5 1366 2130 902 820
11229 4 2 3 5 2841 2861 2840 2862
11230 4 2 3 5 1361 1393 1339 867
11231 4 2 3 5 1361 1313 2130 1339
11232 4 2 3 5 2075 2076 2074 2261
11233 4 2 3 5 1305 1815 1817 1692
11234 4 2 3 5 2140 1797 2141 1891
11235 4 2 3 5 1694 1690 2354 2349
11236 4 2 3 5 2626 2494 2497 2493
11237 4 2 3 5 94 2152 639 2493
11238 4 2 3 5 93 693 2828 2498
11239 4 2 3 5 2794 2828 711 733
11240 4 2 3 5 2004 1977 2568 2521
11241 4 2 3 5 2491 2387 1525 2492
11242 4 2 3 5 2626 2150 2493 95
11243 4 2 3 5 95 94 639 2493
11244 4 2 3 5 2309 1704 1696 1556
11245 4 2 3 5 1419 801 945 986
11246 4 2 3 5 2712 1825 2174 1852
11247 4 2 3 5 1737 2712 2174 1852
11248 4 2 3 5 1841 1825 1852 1855
11249 4 2 3 5 1852 1853 1854 1724
11250 4 2 3 5 559 564 565 2185
11251 4 2 3 5 2256 2848 777 748
11252 4 2 3 5 2238 2271 2272 2242
11253 4 2 3 5 2185 2184 1725 1735
11254 4 2 3 5 1735 2184 1725 2774
11255 4 2 3 5 564 2280 2244 2185
11256 4 2 3 5 2670 1719 1725 2774
11257 4 2 3 5 1737 2774 1725 2182
11258 4 2 3 5 2280 559 2670 1725
11259 4 2 3 5 2522 2337 2526 2400
11260 4 2 3 5 679 2665 2157 512
11261 4 2 3 5 2580 2594 2521 2520
11262 4 2 3 5 2117 2098 2515 2099
11263 4 2 3 5 2781 2836 717 2796
11264 4 2 3 5 2691 615 502 2710
11265 4 2 3 5 2721 737 717 107
11266 4 2 3 5 1772 1777 1784 2114
11267 4 2 3 5 1421 2321 2116 2802
11268 4 2 3 5 1565 2809 1426 1991
11269 4 2 3 5 712 2783 704 2791
11270 4 2 3 5 2113 2786 2807 1778
11271 4 2 3 5 2440 1517 2496 2449
11272 4 2 3 5 2696 2714 1818 2732
11273 4 2 3 5 2197 2772 2160 1669
11274 4 2 3 5 644 1851 2242 2273
11275 4 2 3 5 586 587 2159 2184
11276 4 2 3 5 2173 1624 1735 2169
11277 4 2 3 5 1918 1644 2398 1926
11278 4 2 3 5 2229 1734 1686 2169
11279 4 2 3 5 1811 1816 1812 1823
11280 4 2 3 5 513 1809 2253 2226
11281 4 2 3 5 1809 2229 1736 2732
11282 4 2 3 5 681 2697 2226 2715
11283 4 2 3 5 642 509 2219 643
11284 4 2 3 5 681 2697 656 2226
11285 4 2 3 5 1688 2755 2253 2715
11286 4 2 3 5 2188 1927 2192 2191
11287 4 2 3 5 1687 2221 2226 2219
11288 4 2 3 5 1362 1336 2240 852
11289 4 2 3 5 1362 2275 2240 1336
11290 4 2 3 5 2281 2280 555 2278
11291 4 2 3 5 1863 1853 1724 1954
11292 4 2 3 5 2671 575 2248 628
11293 4 2 3 5 555 2280 2283 556
11294 4 2 3 5 2280 2285 2713 2283
11295 4 2 3 5 1848 1936 2350 2074
11296 4 2 3 5 1369 1311 1445 1459
11297 4 2 3 5 1936 1848 2073 2074
11298 4 2 3 5 2892 1453 1067 1455
11299 4 2 3 5 2363 2870 1897 2356
11300 4 2 3 5 495 627 628 2400
11301 4 2 3 5 769 2479 777 2256
11302 4 2 3 5 2359 2709 2356 117
11303 4 2 3 5 1980 2026 2154 2526
11304 4 2 3 5 2363 2359 2356 117
11305 4 2 3 5 1857 1840 2274 1828
11306 4 2 3 5 2401 1955 2403 2284
11307 4 2 3 5 2337 2522 2025 2182
11308 4 2 3 5 2184 2670 1725 2774
11309 4 2 3 5 2243 2185 1725 1735
11310 4 2 3 5 2181 1729 1703 2182
11311 4 2 3 5 1737 2712 1725 2174
11312 4 2 3 5 1737 2174 1725 2774
11313 4 2 3 5 2293 1396 2170 2176
11314 4 2 3 5 2296 2297 2176 2293
11315 4 2 3 5 1395 1626 2306 2175
11316 4 2 3 5 2671 1719 2182 1725
11317 4 2 3 5 2162 2165 2290 2171
11318 4 2 3 5 2224 1377 2399 2663
11319 4 2 3 5 2296 2297 1703 2176
11320 4 2 3 5 2249 1630 2181 1722
11321 4 2 3 5 1980 1722 2279 2035
11322 4 2 3 5 1362 2275 2180 2240
11323 4 2 3 5 859 932 931 1636
11324 4 2 3 5 2325 2249 2327 1636
11325 4 2 3 5 1394 1559 2326 2325
11326 4 2 3 5 2304 2324 1703 2327
11327 4 2 3 5 103 104 2528 2333
11328 4 2 3 5 2303 2286 2315 2317
11329 4 2 3 5 104 2819 2820 2333
11330 4 2 3 5 1720 495 2322 623
11331 4 2 3 5 2335 106 2311 2317
11332 4 2 3 5 2303 1705 1701 2316
11333 4 2 3 5 1016 2314 2334 2321
11334 4 2 3 5 2298 2296 1696 2294
11335 4 2 3 5 1666 2297 2305 2298
11336 4 2 3 5 1559 1544 2328 2325
11337 4 2 3 5 1559 1414 1316 1403
11338 4 2 3 5 2278 2671 2182 1725
11339 4 2 3 5 2527 2336 2526 2523
11340 4 2 3 5 2032 2544 2523 629
11341 4 2 3 5 1722 1980 2154 2526
11342 4 2 3 5 2245 553 2248 2251
11343 4 2 3 5 2281 619 2248 2278
11344 4 2 3 5 1720 582 667 623
11345 4 2 3 5 1979 2524 2526 2400
11346 4 2 3 5 2190 2348 2344 2193
11347 4 2 3 5 2192 1689 2193 2344
11348 4 2 3 5 1872 1693 2092 2407
11349 4 2 3 5 1551 2858 2564 1866
11350 4 2 3 5 1690 2343 1323 2344
11351 4 2 3 5 1830 1862 1689 1692
11352 4 2 3 5 1550 2039 1899 2045
11353 4 2 3 5 2756 1838 1843 2193
11354 4 2 3 5 1742 1901 1942 2360
11355 4 2 3 5 2347 1845 1897 1925
11356 4 2 3 5 2599 2145 2602 2865
11357 4 2 3 5 1721 1722 2526 1980
11358 4 2 3 5 2363 2362 118 117
11359 4 2 3 5 2256 2479 2872 2264
11360 4 2 3 5 2604 2070 2598 1898
11361 4 2 3 5 2524 1979 2526 1980
11362 4 2 3 5 2370 2373 2372 2371
11363 4 2 3 5 665 2364 507 1785
11364 4 2 3 5 1489 2764 1463 2767
11365 4 2 3 5 1613 2494 2765 2432
11366 4 2 3 5 2152 2381 2432 2738
11367 4 2 3 5 1979 1721 2526 1980
11368 4 2 3 5 2681 2023 1521 2543
11369 4 2 3 5 1524 2381 2382 2387
11370 4 2 3 5 1545 2552 2030 2548
11371 4 2 3 5 2391 1527 1752 1751
11372 4 2 3 5 1739 1794 1757 2672
11373 4 2 3 5 1793 1789 1757 1751
11374 4 2 3 5 2391 2393 1752 1675
11375 4 2 3 5 1528 1804 2267 1801
11376 4 2 3 5 2650 1788 2688 2687
11377 4 2 3 5 2676 2673 2695 2689
11378 4 2 3 5 1881 1940 1932 1931
11379 4 2 3 5 2745 1863 1953 2746
11380 4 2 3 5 2724 2746 1947 2747
11381 4 2 3 5 2724 2730 2590 2731
11382 4 2 3 5 2632 547 2638 2635
11383 4 2 3 5 1863 1953 1954 1976
11384 4 2 3 5 2633 2638 2639 2635
11385 4 2 3 5 2745 2724 2746 2731
11386 4 2 3 5 2022 2542 1642 2537
11387 4 2 3 5 1336 850 849 1333
11388 4 2 3 5 2033 2034 2546 2631
11389 4 2 3 5 2276 1944 2083 1954
11390 4 2 3 5 1853 1944 1724 1954
11391 4 2 3 5 1863 1949 2768 1954
11392 4 2 3 5 2423 1853 2081 2426
11393 4 2 3 5 1951 2429 2427 1871
11394 4 2 3 5 1814 2240 2241 1855
11395 4 2 3 5 1979 1721 1980 1724
11396 4 2 3 5 554 2281 2283 555
11397 4 2 3 5 2280 558 555 2278
11398 4 2 3 5 2249 1722 2279 1980
11399 4 2 3 5 2649 2285 576 2284
11400 4 2 3 5 1993 1483 1621 2442
11401 4 2 3 5 2765 1489 2436 1490
11402 4 2 3 5 1613 1489 2436 2765
11403 4 2 3 5 2453 2451 2444 2443
11404 4 2 3 5 1621 1538 1622 2438
11405 4 2 3 5 93 94 693 2498
11406 4 2 3 5 94 93 2739 2447
11407 4 2 3 5 2828 2784 711 722
11408 4 2 3 5 2497 1540 2499 2498
11409 4 2 3 5 1426 1027 1432 1413
11410 4 2 3 5 2446 2445 2438 1498
11411 4 2 3 5 2497 2626 2153 1546
11412 4 2 3 5 1565 2808 2809 1991
11413 4 2 3 5 1990 2210 1991 1294
11414 4 2 3 5 2210 1990 1991 2466
11415 4 2 3 5 1759 1765 1758 1756
11416 4 2 3 5 1530 1988 1564 2466
11417 4 2 3 5 125 2505 2502 124
11418 4 2 3 5 2506 2505 123 2507
11419 4 2 3 5 1798 1786 2367 1491
11420 4 2 3 5 1906 2874 2605 2469
11421 4 2 3 5 122 2489 782 123
11422 4 2 3 5 2489 2506 123 2507
11423 4 2 3 5 2541 2022 1642 2537
11424 4 2 3 5 2428 2429 2480 2424
11425 4 2 3 5 2089 2428 2480 2424
11426 4 2 3 5 2428 2089 2480 2429
11427 4 2 3 5 2407 1872 1865 1959
11428 4 2 3 5 2086 1958 2427 1871
11429 4 2 3 5 1829 1830 1842 1859
11430 4 2 3 5 2650 2654 2655 1800
11431 4 2 3 5 2654 2658 1800 2650
11432 4 2 3 5 2022 2541 2542 2537
11433 4 2 3 5 1779 1491 2367 2366
11434 4 2 3 5 1535 1874 2620 1914
11435 4 2 3 5 1500 2648 1800 2646
11436 4 2 3 5 2508 2505 2504 2868
11437 4 2 3 5 2490 2508 1910 2868
11438 4 2 3 5 2040 1902 2471 2470
11439 4 2 3 5 2624 1898 1910 1899
11440 4 2 3 5 2604 2070 2624 2623
11441 4 2 3 5 933 924 837 1470
11442 4 2 3 5 1603 1600 838 1477
11443 4 2 3 5 1478 2572 2514 2006
11444 4 2 3 5 840 839 838 1603
11445 4 2 3 5 1544 2027 2547 2548
11446 4 2 3 5 2058 1602 1328 2485
11447 4 2 3 5 2015 1966 2575 1965
11448 4 2 3 5 1666 2329 2305 2326
11449 4 2 3 5 2538 1516 2535 2534
11450 4 2 3 5 1516 2538 2535 1591
11451 4 2 3 5 1984 1491 2367 1779
11452 4 2 3 5 2534 1618 2535 1642
11453 4 2 3 5 2531 2022 1642 2757
11454 4 2 3 5 1602 2058 1328 1572
11455 4 2 3 5 1576 918 920 1573
11456 4 2 3 5 2059 2061 1574 2486
11457 4 2 3 5 2027 2547 2548 2542
11458 4 2 3 5 2517 1615 2046 2554
11459 4 2 3 5 2008 2558 2559 1392
11460 4 2 3 5 2101 1523 1615 2047
11461 4 2 3 5 2484 2483 1468 2510
11462 4 2 3 5 2044 2490 1910 2868
11463 4 2 3 5 2505 125 2504 738
11464 4 2 3 5 2505 2506 738 2504
11465 4 2 3 5 1603 2574 1477 2576
11466 4 2 3 5 2010 2016 2001 2576
11467 4 2 3 5 1978 2412 2584 2585
11468 4 2 3 5 2582 2881 2569 2585
11469 4 2 3 5 2572 2010 2001 2576
11470 4 2 3 5 1962 2574 2576 2575
11471 4 2 3 5 2859 2860 2587 2877
11472 4 2 3 5 1946 1971 2591 2018
11473 4 2 3 5 129 775 130 2586
11474 4 2 3 5 1971 2593 2591 2595
11475 4 2 3 5 128 2588 2592 129
11476 4 2 3 5 2881 2858 2408 1866
11477 4 2 3 5 1398 1447 2096 1833
11478 4 2 3 5 1892 2142 1796 1849
11479 4 2 3 5 1361 1313 2078 2132
11480 4 2 3 5 1550 2622 1551 2564
11481 4 2 3 5 2139 2145 1914 1890
11482 4 2 3 5 2618 2043 2619 1914
11483 4 2 3 5 2616 2615 2609 2619
11484 4 2 3 5 2611 1883 1913 2042
11485 4 2 3 5 1894 2077 1893 1887
11486 4 2 3 5 2071 2622 1899 2066
11487 4 2 3 5 2621 2622 2619 1876
11488 4 2 3 5 122 2489 123 2623
11489 4 2 3 5 2505 123 124 771
11490 4 2 3 5 1535 2043 1914 2620
11491 4 2 3 5 2061 2634 2020 2247
11492 4 2 3 5 548 2632 2627 2635
11493 4 2 3 5 2541 2022 2542 2024
11494 4 2 3 5 1949 1863 2746 1953
11495 4 2 3 5 1903 2054 2762 1882
11496 4 2 3 5 1535 2611 2042 1909
11497 4 2 3 5 93 2740 2441 2738
11498 4 2 3 5 2605 2610 1903 2762
11499 4 2 3 5 633 2464 91 2377
11500 4 2 3 5 1545 1425 2548 1439
11501 4 2 3 5 1522 1544 2548 1439
11502 4 2 3 5 2656 528 529 2657
11503 4 2 3 5 2462 2786 2113 2802
11504 4 2 3 5 2227 676 1525 1998
11505 4 2 3 5 2491 571 529 2656
11506 4 2 3 5 713 709 2813 700
11507 4 2 3 5 2773 2770 1648 1647
11508 4 2 3 5 2793 724 2813 2823
11509 4 2 3 5 2779 2707 1670 2706
11510 4 2 3 5 2206 1743 1563 2779
11511 4 2 3 5 1647 2287 1558 1648
11512 4 2 3 5 2680 2681 2678 1585
11513 4 2 3 5 735 713 2678 692
11514 4 2 3 5 1883 1912 1877 2000
11515 4 2 3 5 2000 1912 1877 1802
11516 4 2 3 5 2126 2596 2127 2695
11517 4 2 3 5 2395 625 2364 2036
11518 4 2 3 5 526 2654 2655 2036
11519 4 2 3 5 2719 1649 2157 2698
11520 4 2 3 5 2665 2157 2700 2699
11521 4 2 3 5 1649 2665 2157 2698
11522 4 2 3 5 1682 2719 2158 2700
11523 4 2 3 5 2702 2659 2700 2699
11524 4 2 3 5 1845 2358 2751 2355
11525 4 2 3 5 1845 1897 2356 2355
11526 4 2 3 5 757 767 780 2709
11527 4 2 3 5 767 757 2600 2709
11528 4 2 3 5 758 747 749 2845
11529 4 2 3 5 2864 2863 2854 2844
11530 4 2 3 5 1716 1700 2333 1713
11531 4 2 3 5 2335 1699 2311 2721
11532 4 2 3 5 2776 2730 2778 1952
11533 4 2 3 5 2638 547 546 545
11534 4 2 3 5 2729 1867 1553 2585
11535 4 2 3 5 1966 2593 2570 2588
11536 4 2 3 5 566 2401 2629 2403
11537 4 2 3 5 1363 1335 1970 1637
11538 4 2 3 5 2119 2120 2099 2482
11539 4 2 3 5 2626 2150 2625 2148
11540 4 2 3 5 2588 632 128 2570
11541 4 2 3 5 505 588 2057 2214
11542 4 2 3 5 1799 1801 1987 2367
11543 4 2 3 5 1798 1799 1987 2367
11544 4 2 3 5 751 2852 752 2846
11545 4 2 3 5 2645 2610 2762 1882
11546 4 2 3 5 2658 602 527 2657
11547 4 2 3 5 2468 641 2758 2046
11548 4 2 3 5 1539 2644 2102 2761
11549 4 2 3 5 1966 1960 2588 2570
11550 4 2 3 5 641 2097 2758 2046
11551 4 2 3 5 2777 2588 2570 632
11552 4 2 3 5 587 2195 2159 2218
11553 4 2 3 5 2161 1320 1734 2169
11554 4 2 3 5 2773 2771 2774 2160
11555 4 2 3 5 2723 1663 1536 1681
11556 4 2 3 5 1668 1667 1664 2288
11557 4 2 3 5 1650 1668 1664 1652
11558 4 2 3 5 1816 2233 1811 1812
11559 4 2 3 5 1511 1783 2785 2431
11560 4 2 3 5 703 712 2791 706
11561 4 2 3 5 2214 2216 2215 2057
11562 4 2 3 5 690 729 714 2431
11563 4 2 3 5 1512 1778 1784 2807
11564 4 2 3 5 2783 2792 2795 2829
11565 4 2 3 5 660 96 2625 97
11566 4 2 3 5 591 2381 639 677
11567 4 2 3 5 2794 1540 2828 2499
11568 4 2 3 5 726 735 2823 2824
11569 4 2 3 5 505 660 590 2214
11570 4 2 3 5 2518 2777 2570 632
11571 4 2 3 5 704 2783 711 710
11572 4 2 3 5 2793 725 710 688
11573 4 2 3 5 89 2804 90 2805
11574 4 2 3 5 1768 1512 1774 2270
11575 4 2 3 5 2395 2397 606 2036
11576 4 2 3 5 2452 2451 1492 1987
11577 4 2 3 5 2804 2373 2370 1773
11578 4 2 3 5 1516 1522 1435 1519
11579 4 2 3 5 1593 2744 1586 2031
11580 4 2 3 5 1593 1643 2031 2683
11581 4 2 3 5 2788 2831 2684 1019
11582 4 2 3 5 1545 1022 1019 1025
11583 4 2 3 5 2831 2788 2684 1422
11584 4 2 3 5 2682 2552 2833 2030
11585 4 2 3 5 2799 2208 694 2270
11586 4 2 3 5 1711 1709 2796 2705
11587 4 2 3 5 2194 1999 2801 2795
11588 4 2 3 5 2800 1566 2791 2795
11589 4 2 3 5 2799 2798 2800 2791
11590 4 2 3 5 2798 1561 2800 2817
11591 4 2 3 5 2876 1977 2878 2581
11592 4 2 3 5 2560 2573 2563 2014
11593 4 2 3 5 2843 2877 2839 2840
11594 4 2 3 5 2594 2567 2840 2568
11595 4 2 3 5 2877 2860 2839 2840
11596 4 2 3 5 2875 2568 2840 2504
11597 4 2 3 5 2838 762 2861 2840
11598 4 2 3 5 1945 2860 2850 2839
11599 4 2 3 5 1639 2729 1959 2420
11600 4 2 3 5 2877 2860 2878 2839
11601 4 2 3 5 2725 2586 2587 2592
11602 4 2 3 5 2859 774 2851 759
11603 4 2 3 5 2890 1309 2096 2888
11604 4 2 3 5 2595 1971 1948 2591
11605 4 2 3 5 775 740 2748 760
11606 4 2 3 5 756 770 2866 2861
11607 4 2 3 5 784 2842 743 783
11608 4 2 3 5 2843 1977 2878 2877
11609 4 2 3 5 2089 2090 2872 2480
11610 4 2 3 5 758 773 2754 780
11611 4 2 3 5 1845 2870 2871 2752
11612 4 2 3 5 1845 1900 2871 2870
11613 4 2 3 5 2380 2805 721 2378
11614 4 2 3 5 1846 1850 2871 1943
11615 4 2 3 5 2756 2255 1843 1838
11616 4 2 3 5 2379 2380 721 2378
11617 4 2 3 5 1963 1554 2585 1964
11618 4 2 3 5 905 906 908 2883
11619 4 2 3 5 2096 2262 2094 2093
11620 4 2 3 5 2883 1363 843 903
11621 4 2 3 5 2882 905 908 2883
11622 4 2 3 5 1459 1089 1445 991
11623 4 2 3 5 934 935 798 1444
11624 4 2 3 5 1693 2357 1692 1832
11625 4 2 3 5 2235 1831 1848 2350
11626 4 2 3 5 968 1004 1445 936
11627 4 2 3 5 2593 2580 2581 2570
11628 4 2 3 5 2805 2380 2806 2378
11629 4 2 3 5 998 962 1091 189
11630 4 2 3 5 1409 998 962 1091
11631 4 2 3 5 2638 2632 2487 543
11632 4 2 3 5 1592 1584 2834 1515
11633 4 2 3 5 1999 1511 2810 2785
11634 4 2 3 5 2782 2379 2784 2785
11635 4 2 3 5 2380 2379 2806 2378
11636 4 2 3 5 106 2335 2311 2721
11637 4 2 3 5 2303 2315 2316 2317
11638 4 2 3 5 1698 2200 2288 1697
11639 4 2 3 5 2286 2287 2158 2311
11640 4 2 3 5 120 2144 119 786
11641 4 2 3 5 767 2359 118 117
11642 4 2 3 5 2359 767 2709 117
11643 4 2 3 5 115 116 2355 2356
11644 4 2 3 5 2734 2668 2063 2138
11645 4 2 3 5 767 741 118 2359
11646 4 2 3 5 2359 2363 118 117
11647 4 2 3 5 2602 2144 119 118
11648 4 2 3 5 2519 2516 2570 2121
11649 4 2 3 5 2588 2589 1946 2591
11650 4 2 3 5 2589 2588 2590 2591
11651 4 2 3 5 1415 1416 1029 1034
11652 4 2 3 5 1292 1388 1564 2268
11653 4 2 3 5 1043 999 1410 963
11654 4 2 3 5 2726 1864 2587 2422
11655 4 2 3 5 1384 961 1673 963
11656 4 2 3 5 1864 2748 2587 2422
11657 4 2 3 5 2876 2594 2581 2592
11658 4 2 3 5 802 1002 1435 926
11659 4 2 3 5 2595 2876 2581 2592
11660 4 2 3 5 2593 2595 2581 2592
11661 4 2 3 5 2580 2593 2581 2592
11662 4 2 3 5 2594 2580 2581 2592
11663 4 2 3 5 1405 952 926 920
11664 4 2 3 5 806 1380 162 1370
11665 4 2 3 5 808 977 1380 1386
11666 4 2 3 5 927 808 161 1386
11667 4 2 3 5 161 806 1380 162
11668 4 2 3 5 812 811 1370 951
11669 4 2 3 5 806 811 951 1370
11670 4 2 3 5 935 934 936 1445
11671 4 2 3 5 2611 2610 2488 2763
11672 4 2 3 5 2043 1535 1909 2620
11673 4 2 3 5 1374 812 1370 1747
11674 4 2 3 5 498 682 2062 2763
11675 4 2 3 5 1081 1308 1094 794
11676 4 2 3 5 2067 2648 1882 2763
11677 4 2 3 5 939 989 794 1406
11678 4 2 3 5 2814 719 101 731
11679 4 2 3 5 2610 122 2488 2763
11680 4 2 3 5 2814 2551 101 2525
11681 4 2 3 5 2610 2611 2488 1909
11682 4 2 3 5 1721 2671 2278 2248
11683 4 2 3 5 495 2336 627 2400
11684 4 2 3 5 2250 2245 563 2400
11685 4 2 3 5 2613 1502 2614 1887
11686 4 2 3 5 636 2468 2469 124
11687 4 2 3 5 2500 125 124 497
11688 4 2 3 5 1960 2117 2518 2515
11689 4 2 3 5 2675 2676 2672 1794
11690 4 2 3 5 824 1359 1360 2614
11691 4 2 3 5 2686 2672 2717 518
11692 4 2 3 5 516 2686 2710 518
11693 4 2 3 5 1352 1887 2614 1354
11694 4 2 3 5 647 515 567 2708
11695 4 2 3 5 2613 2616 1887 2614
11696 4 2 3 5 1491 1786 1998 1525
11697 4 2 3 5 1786 2655 2657 1800
11698 4 2 3 5 1982 1786 2655 1998
11699 4 2 3 5 571 528 2656 572
11700 4 2 3 5 2616 1352 1887 2614
11701 4 2 3 5 2151 657 1595 2202
11702 4 2 3 5 1587 1596 1583 1504
11703 4 2 3 5 2765 2766 2432 2149
11704 4 2 3 5 597 2100 539 538
11705 4 2 3 5 2202 2151 2204 2203
11706 4 2 3 5 597 2100 2119 539
11707 4 2 3 5 1596 2147 1595 2203
11708 4 2 3 5 2815 2812 2678 2813
11709 4 2 3 5 2245 1979 2246 2251
11710 4 2 3 5 719 2814 101 2529
11711 4 2 3 5 1979 1955 1976 2246
11712 4 2 3 5 586 559 2184 561
11713 4 2 3 5 2670 2669 2184 561
11714 4 2 3 5 2669 586 2184 561
11715 4 2 3 5 1645 1908 1525 2492
11716 4 2 3 5 571 676 1998 1525
11717 4 2 3 5 2740 2456 1568 2459
11718 4 2 3 5 2146 2150 1595 491
11719 4 2 3 5 2719 2157 1648 2158
11720 4 2 3 5 107 2721 2705 717
11721 4 2 3 5 2196 2157 617 640
11722 4 2 3 5 2286 2287 1648 2158
11723 4 2 3 5 2202 657 1595 590
11724 4 2 3 5 503 587 2195 618
11725 4 2 3 5 2806 1783 2807 2378
11726 4 2 3 5 2146 2150 2148 1595
11727 4 2 3 5 1583 2216 2742 2215
11728 4 2 3 5 2638 2637 2405 2636
11729 4 2 3 5 544 543 2636 2487
11730 4 2 3 5 543 2638 2636 2487
11731 4 2 3 5 2638 543 2636 544
11732 4 2 3 5 1608 2638 2487 2636
11733 4 2 3 5 756 2864 2866 765
11734 4 2 3 5 2397 2395 606 522
11735 4 2 3 5 531 2492 529 530
11736 4 2 3 5 602 525 562 2658
11737 4 2 3 5 2648 1500 1882 2716
11738 4 2 3 5 2645 635 682 649
11739 4 2 3 5 2637 2638 1608 2636
11740 4 2 3 5 2347 2751 2187 2355
11741 4 2 3 5 1845 2347 1897 2355
11742 4 2 3 5 2658 2653 2647 2685
11743 4 2 3 5 2694 2693 2220 2722
11744 4 2 3 5 2667 2685 2647 2137
11745 4 2 3 5 2523 627 661 629
11746 4 2 3 5 2671 1721 2400 2248
11747 4 2 3 5 495 1720 667 623
11748 4 2 3 5 2337 1721 2526 2400
11749 4 2 3 5 2658 2685 2647 2667
11750 4 2 3 5 2517 2122 2121 2099
11751 4 2 3 5 2002 1971 2014 2581
11752 4 2 3 5 2100 2119 2120 2099
11753 4 2 3 5 1608 1960 2019 2482
11754 4 2 3 5 2117 669 2518 2121
11755 4 2 3 5 2518 669 506 2121
11756 4 2 3 5 2648 1883 2667 2668
11757 4 2 3 5 2070 1914 2624 2620
11758 4 2 3 5 1803 2596 2126 2695
11759 4 2 3 5 580 2069 605 682
11760 4 2 3 5 2676 2688 1531 2695
11761 4 2 3 5 2227 92 634 91
11762 4 2 3 5 2667 2137 2647 2063
11763 4 2 3 5 2805 2806 2807 2378
11764 4 2 3 5 2062 659 2603 2063
11765 4 2 3 5 1786 1798 1800 2657
11766 4 2 3 5 2150 95 96 491
11767 4 2 3 5 2491 1983 2656 2657
11768 4 2 3 5 1983 2491 1996 2657
11769 4 2 3 5 2805 2210 2378 2807
11770 4 2 3 5 1908 1800 1996 2657
11771 4 2 3 5 615 516 2717 648
11772 4 2 3 5 2611 2067 2763 2488
11773 4 2 3 5 122 498 2488 2763
11774 4 2 3 5 2645 2762 2716 1882
11775 4 2 3 5 2491 1908 1996 2657
11776 4 2 3 5 2782 2799 2791 706
11777 4 2 3 5 701 2792 704 709
11778 4 2 3 5 1798 1983 1996 2657
11779 4 2 3 5 1913 1874 2136 2668
11780 4 2 3 5 2203 2487 2215 1504
11781 4 2 3 5 734 2794 733 2828
11782 4 2 3 5 89 88 2805 732
11783 4 2 3 5 1739 1750 2687 2388
11784 4 2 3 5 2686 626 517 567
11785 4 2 3 5 511 2659 673 655
11786 4 2 3 5 715 718 694 2208
11787 4 2 3 5 2708 2686 567 2780
11788 4 2 3 5 120 664 119 2138
11789 4 2 3 5 2781 718 736 716
11790 4 2 3 5 718 2781 715 716
11791 4 2 3 5 1592 1584 2835 2834
11792 4 2 3 5 1511 1999 1580 2795
11793 4 2 3 5 2211 1784 2807 1992
11794 4 2 3 5 2827 2810 2801 2807
11795 4 2 3 5 1583 2216 2834 2742
11796 4 2 3 5 2795 1580 2829 1586
11797 4 2 3 5 605 2069 2647 2063
11798 4 2 3 5 653 106 2158 107
11799 4 2 3 5 2819 723 695 105
11800 4 2 3 5 2836 2819 695 2721
11801 4 2 3 5 2819 2335 695 2721
11802 4 2 3 5 2720 2158 107 2699
11803 4 2 3 5 2754 2845 2846 1844
11804 4 2 3 5 2848 751 2846 2851
11805 4 2 3 5 2256 2848 748 749
11806 4 2 3 5 2849 2848 2846 2851
11807 4 2 3 5 2137 2647 2063 585
11808 4 2 3 5 2069 1873 2647 2063
11809 4 2 3 5 2067 1874 2668 2603
11810 4 2 3 5 2281 2280 2283 555
11811 4 2 3 5 1874 2734 2668 2603
11812 4 2 3 5 537 2643 535 538
11813 4 2 3 5 2814 2832 2812 2678
11814 4 2 3 5 2718 648 2674 650
11815 4 2 3 5 2814 2680 2832 2678
11816 4 2 3 5 123 2489 782 771
11817 4 2 3 5 2605 635 2468 123
11818 4 2 3 5 635 636 2468 123
11819 4 2 3 5 99 692 2678 100
11820 4 2 3 5 2680 99 2678 100
11821 4 2 3 5 1749 1917 1761 2389
11822 4 2 3 5 923 1042 792 150
11823 4 2 3 5 584 2125 2137 2689
11824 4 2 3 5 2123 2125 584 2689
11825 4 2 3 5 584 608 2689 2137
11826 4 2 3 5 670 608 2689 584
11827 4 2 3 5 2123 670 2689 584
11828 4 2 3 5 1576 2546 2061 1574
11829 4 2 3 5 933 913 1471 1599
11830 4 2 3 5 1056 971 178 179
11831 4 2 3 5 2157 2719 2700 2158
11832 4 2 3 5 956 180 803 1090
11833 4 2 3 5 1078 2891 1095 1073
11834 4 2 3 5 180 956 1088 1090
11835 4 2 3 5 956 1443 1090 803
11836 4 2 3 5 1676 817 1656 814
11837 4 2 3 5 817 1676 1754 814
11838 4 2 3 5 1979 2250 2524 2400
11839 4 2 3 5 2659 2665 2711 2698
11840 4 2 3 5 822 1366 1367 820
11841 4 2 3 5 2665 2659 2711 2666
11842 4 2 3 5 1536 2733 1681 2717
11843 4 2 3 5 2245 1979 2248 2400
11844 4 2 3 5 825 1352 898 1338
11845 4 2 3 5 1345 834 835 836
11846 4 2 3 5 2245 2250 1979 2400
11847 4 2 3 5 2512 839 836 909
11848 4 2 3 5 1979 1721 2248 2400
11849 4 2 3 5 1721 1979 2526 2400
11850 4 2 3 5 2017 2583 2018 2411
11851 4 2 3 5 933 943 924 1470
11852 4 2 3 5 2775 1607 1608 1965
11853 4 2 3 5 1347 913 1599 1471
11854 4 2 3 5 1536 2722 1681 2733
11855 4 2 3 5 2660 2659 1670 2711
11856 4 2 3 5 2103 2659 1670 2779
11857 4 2 3 5 1379 1506 2634 2631
11858 4 2 3 5 1835 2723 2733 2769
11859 4 2 3 5 2723 1835 2750 2769
11860 4 2 3 5 2221 2697 2694 2722
11861 4 2 3 5 2697 2221 2714 2722
11862 4 2 3 5 1362 2034 1318 1376
11863 4 2 3 5 790 1394 1403 980
11864 4 2 3 5 2697 2186 2694 2722
11865 4 2 3 5 1362 851 852 854
11866 4 2 3 5 2697 2714 2186 2722
11867 4 2 3 5 1334 1753 1295 2394
11868 4 2 3 5 1528 1804 1674 2268
11869 4 2 3 5 1674 1790 2394 1752
11870 4 2 3 5 910 888 1675 817
11871 4 2 3 5 2391 2392 1751 1752
11872 4 2 3 5 1917 1761 2339 2769
11873 4 2 3 5 1527 1655 2391 1674
11874 4 2 3 5 2884 1335 857 1337
11875 4 2 3 5 2750 2723 2769 2714
11876 4 2 3 5 978 1400 870 871
11877 4 2 3 5 1827 1330 853 1333
11878 4 2 3 5 2417 1639 2420 1637
11879 4 2 3 5 1335 1330 1333 848
11880 4 2 3 5 1393 938 2617 1338
11881 4 2 3 5 861 829 1341 898
11882 4 2 3 5 2718 1763 2769 2733
11883 4 2 3 5 2722 1763 2733 2769
11884 4 2 3 5 2672 648 578 2674
11885 4 2 3 5 615 510 648 2717
11886 4 2 3 5 1763 2714 2769 2722
11887 4 2 3 5 1536 1835 2733 2769
11888 4 2 3 5 1523 1463 1611 1465
11889 4 2 3 5 688 96 97 2824
11890 4 2 3 5 1603 839 838 1600
11891 4 2 3 5 2573 1479 2579 2576
11892 4 2 3 5 2834 98 97 2835
11893 4 2 3 5 2153 96 2499 2835
11894 4 2 3 5 726 688 2824 2823
11895 4 2 3 5 1075 2892 1444 1080
11896 4 2 3 5 726 98 2824 97
11897 4 2 3 5 2825 2744 1579 2824
11898 4 2 3 5 1754 818 816 819
11899 4 2 3 5 1361 1933 2132 1003
11900 4 2 3 5 1361 1933 865 2130
11901 4 2 3 5 1310 2891 1446 2892
11902 4 2 3 5 1933 819 865 2130
11903 4 2 3 5 975 1444 1003 1387
11904 4 2 3 5 1933 1936 2132 1003
11905 4 2 3 5 1367 1366 902 820
11906 4 2 3 5 97 96 2835 2824
11907 4 2 3 5 1362 2180 1318 1636
11908 4 2 3 5 1584 1593 1546 1510
11909 4 2 3 5 1576 2034 2546 1375
11910 4 2 3 5 2216 2834 97 2625
11911 4 2 3 5 2034 2549 2546 1375
11912 4 2 3 5 2249 2325 2034 1636
11913 4 2 3 5 1394 2324 1636 2325
11914 4 2 3 5 855 868 1626 854
11915 4 2 3 5 852 1362 854 2240
11916 4 2 3 5 1444 935 1936 1445
11917 4 2 3 5 1657 2342 1323 2343
11918 4 2 3 5 2342 1657 1323 1930
11919 4 2 3 5 1900 2865 2844 2754
11920 4 2 3 5 1444 946 798 1080
11921 4 2 3 5 2727 2417 1637 2728
11922 4 2 3 5 960 979 1402 793
11923 4 2 3 5 2892 1075 1078 1057
11924 4 2 3 5 1958 1951 2728 2411
11925 4 2 3 5 946 975 1387 1446
11926 4 2 3 5 1900 2870 2865 2754
11927 4 2 3 5 2891 1310 1402 2893
11928 4 2 3 5 2865 2600 2844 2754
11929 4 2 3 5 2600 2865 2709 2754
11930 4 2 3 5 2069 682 2716 2763
11931 4 2 3 5 682 2069 2062 2763
11932 4 2 3 5 2648 2069 2716 2763
11933 4 2 3 5 825 938 1338 898
11934 4 2 3 5 2605 2610 1904 1903
11935 4 2 3 5 2069 2648 2062 2763
11936 4 2 3 5 1494 1001 875 876
11937 4 2 3 5 2195 2196 2160 2197
11938 4 2 3 5 791 912 1001 1347
11939 4 2 3 5 790 947 1403 1013
11940 4 2 3 5 2159 2773 1686 2160
11941 4 2 3 5 1686 2773 2774 2160
11942 4 2 3 5 2770 2773 2159 2160
11943 4 2 3 5 1020 2788 1018 1019
11944 4 2 3 5 2787 2788 1422 2321
11945 4 2 3 5 2203 1596 1504 2215
11946 4 2 3 5 1414 1560 2334 2332
11947 4 2 3 5 2539 1591 2677 2543
11948 4 2 3 5 2797 2816 2031 2833
11949 4 2 3 5 2770 2771 2160 2197
11950 4 2 3 5 1032 1011 1029 1416
11951 4 2 3 5 2379 2782 2810 2785
11952 4 2 3 5 2828 2228 2460 2785
11953 4 2 3 5 2228 2431 2460 2785
11954 4 2 3 5 1297 2302 1434 1429
11955 4 2 3 5 1009 7 1000 167
11956 4 2 3 5 929 1383 809 996
11957 4 2 3 5 2431 2228 2828 2785
11958 4 2 3 5 929 1411 996 964
11959 4 2 3 5 1946 2018 1947 2411
11960 4 2 3 5 2017 1946 1947 2411
11961 4 2 3 5 1389 971 1056 803
11962 4 2 3 5 1783 2379 2785 2431
11963 4 2 3 5 1946 2017 2018 2411
11964 4 2 3 5 171 172 1080 946
11965 4 2 3 5 2892 2891 1057 1078
11966 4 2 3 5 2810 2379 2785 1783
11967 4 2 3 5 2213 718 2796 2208
11968 4 2 3 5 1864 2419 2421 2422
11969 4 2 3 5 1453 2892 1067 1078
11970 4 2 3 5 1453 1067 1073 1078
11971 4 2 3 5 1291 1070 1073 1066
11972 4 2 3 5 2142 2079 2143 2074
11973 4 2 3 5 1291 1453 1073 1462
11974 4 2 3 5 2419 1864 2747 2422
11975 4 2 3 5 2891 1453 1073 1078
11976 4 2 3 5 1070 1291 1073 1462
11977 4 2 3 5 968 935 1936 1003
11978 4 2 3 5 2726 2595 2587 1948
11979 4 2 3 5 2595 2878 2587 1948
11980 4 2 3 5 2808 2210 1784 1294
11981 4 2 3 5 2830 1623 1580 1586
11982 4 2 3 5 2806 2805 2807 1774
11983 4 2 3 5 2457 2458 1992 1991
11984 4 2 3 5 2808 2211 1991 1294
11985 4 2 3 5 2453 2454 2455 2444
11986 4 2 3 5 1821 1727 2087 1691
11987 4 2 3 5 1820 2232 2237 1823
11988 4 2 3 5 2351 1324 1833 1306
11989 4 2 3 5 1689 1325 1691 1813
11990 4 2 3 5 2569 2881 2564 1866
11991 4 2 3 5 1859 1842 2087 1691
11992 4 2 3 5 2550 1544 2331 1316
11993 4 2 3 5 2549 1577 2325 1316
11994 4 2 3 5 1544 2549 2325 1316
11995 4 2 3 5 2549 1544 1577 1316
11996 4 2 3 5 1414 1419 1014 1403
11997 4 2 3 5 718 2781 2796 2208
11998 4 2 3 5 1588 1587 1510 1590
11999 4 2 3 5 1012 1013 1403 1014
12000 4 2 3 5 1437 1010 985 1327
12001 4 2 3 5 1327 1437 914 985
12002 4 2 3 5 1010 148 985 149
12003 4 2 3 5 2721 1709 2705 2796
12004 4 2 3 5 923 984 792 1327
12005 4 2 3 5 984 923 1589 1327
12006 4 2 3 5 2085 1856 1301 1337
12007 4 2 3 5 1868 1856 1301 2409
12008 4 2 3 5 1330 1335 1301 1337
12009 4 2 3 5 1727 1726 1691 1860
12010 4 2 3 5 2830 1581 2831 1594
12011 4 2 3 5 1584 2744 1593 1515
12012 4 2 3 5 1565 2808 2466 2467
12013 4 2 3 5 791 1038 1440 1006
12014 4 2 3 5 1517 2830 2831 1424
12015 4 2 3 5 2540 1425 2683 1300
12016 4 2 3 5 1999 2786 1586 2787
12017 4 2 3 5 916 833 1358 1368
12018 4 2 3 5 911 916 1364 1358
12019 4 2 3 5 1611 1610 1350 2642
12020 4 2 3 5 2577 2575 1477 2630
12021 4 2 3 5 2484 2511 2513 1470
12022 4 2 3 5 2483 2484 1598 1470
12023 4 2 3 5 1374 1372 1391 163
12024 4 2 3 5 1324 977 988 1386
12025 4 2 3 5 1399 2235 1817 1391
12026 4 2 3 5 814 812 1747 815
12027 4 2 3 5 789 811 163 1374
12028 4 2 3 5 1369 2235 1391 1817
12029 4 2 3 5 1324 1399 1386 2235
12030 4 2 3 5 988 1409 1457 1386
12031 4 2 3 5 1399 1380 1386 2235
12032 4 2 3 5 806 1369 1386 1380
12033 4 2 3 5 965 806 1386 161
12034 4 2 3 5 927 988 808 1386
12035 4 2 3 5 1386 1369 1459 1456
12036 4 2 3 5 1665 2169 2171 2176
12037 4 2 3 5 2223 2340 1658 2191
12038 4 2 3 5 1816 2233 1658 2191
12039 4 2 3 5 2232 1816 2237 1823
12040 4 2 3 5 2341 164 1397 1390
12041 4 2 3 5 165 809 1381 1397
12042 4 2 3 5 2233 2341 2223 1390
12043 4 2 3 5 2166 2233 2223 1390
12044 4 2 3 5 1400 1304 1401 2886
12045 4 2 3 5 1304 1308 1401 2886
12046 4 2 3 5 1309 1449 2262 2888
12047 4 2 3 5 184 1308 948 1058
12048 4 2 3 5 166 1383 929 167
12049 4 2 3 5 1009 1037 7 167
12050 4 2 3 5 1009 1000 1411 167
12051 4 2 3 5 2626 1584 1510 1590
12052 4 2 3 5 1583 1587 1510 1509
12053 4 2 3 5 1000 929 1411 167
12054 4 2 3 5 1425 1545 2548 2552
12055 4 2 3 5 2540 2552 2543 2683
12056 4 2 3 5 1439 1040 1025 1435
12057 4 2 3 5 1018 2321 1019 2684
12058 4 2 3 5 1428 2112 2116 2802
12059 4 2 3 5 2495 1348 1616 1514
12060 4 2 3 5 1327 1437 1433 1514
12061 4 2 3 5 1518 1347 1327 1514
12062 4 2 3 5 1518 2533 1514 1519
12063 4 2 3 5 2058 1601 1466 1617
12064 4 2 3 5 965 1459 1445 991
12065 4 2 3 5 1324 1457 1456 1386
12066 4 2 3 5 934 935 1444 1445
12067 4 2 3 5 965 991 1445 810
12068 4 2 3 5 2079 1340 2142 1895
12069 4 2 3 5 1309 2566 2076 1450
12070 4 2 3 5 2890 1309 2887 1450
12071 4 2 3 5 2890 1441 1450 2887
12072 4 2 3 5 927 988 1386 1409
12073 4 2 3 5 1792 1797 1892 1796
12074 4 2 3 5 1340 2079 2142 2073
12075 4 2 3 5 1467 1604 2642 1465
12076 4 2 3 5 2494 2764 2148 1509
12077 4 2 3 5 1598 2049 1358 2642
12078 4 2 3 5 1474 2385 1486 1611
12079 4 2 3 5 1597 1467 1465 1616
12080 4 2 3 5 1463 2151 2147 2203
12081 4 2 3 5 1485 1552 2564 1488
12082 4 2 3 5 1474 2051 1487 2607
12083 4 2 3 5 1894 1342 1893 2077
12084 4 2 3 5 1495 1498 1407 1413
12085 4 2 3 5 2452 1497 1569 959
12086 4 2 3 5 1806 1805 1780 2209
12087 4 2 3 5 875 874 992 1407
12088 4 2 3 5 1006 145 937 146
12089 4 2 3 5 2434 1495 2437 1486
12090 4 2 3 5 1495 1293 2438 1498
12091 4 2 3 5 1490 2434 2437 1486
12092 4 2 3 5 1495 2435 2438 1293
12093 4 2 3 5 1568 2445 2455 2444
12094 4 2 3 5 1984 2450 1986 1491
12095 4 2 3 5 1570 2741 2447 1622
12096 4 2 3 5 2453 1497 2455 1530
12097 4 2 3 5 1496 1994 2452 2443
12098 4 2 3 5 1603 2583 1344 1553
12099 4 2 3 5 1479 2573 2579 1508
12100 4 2 3 5 2876 2595 2581 2878
12101 4 2 3 5 2582 2585 2569 2014
12102 4 2 3 5 1977 2876 2568 2521
12103 4 2 3 5 2045 2563 2569 2014
12104 4 2 3 5 943 1518 984 1519
12105 4 2 3 5 1518 985 914 915
12106 4 2 3 5 943 921 1572 1573
12107 4 2 3 5 1522 1405 1435 1519
12108 4 2 3 5 1408 1522 1439 1577
12109 4 2 3 5 1522 1405 1519 2534
12110 4 2 3 5 1516 1522 1519 2534
12111 4 2 3 5 922 943 984 1519
12112 4 2 3 5 943 922 1572 1519
12113 4 2 3 5 1489 1613 2436 2433
12114 4 2 3 5 1334 1753 864 1360
12115 4 2 3 5 1984 1798 1986 1987
12116 4 2 3 5 1993 1983 2056 1995
12117 4 2 3 5 1592 2744 1584 1515
12118 4 2 3 5 2814 731 2678 2812
12119 4 2 3 5 2626 1583 1510 1509
12120 4 2 3 5 2458 2457 1992 1997
12121 4 2 3 5 1511 1997 1992 2460
12122 4 2 3 5 95 2497 2499 2498
12123 4 2 3 5 1619 1592 2834 1515
12124 4 2 3 5 1831 2095 2093 1692
12125 4 2 3 5 1489 1613 2433 2765
12126 4 2 3 5 880 879 881 1412
12127 4 2 3 5 879 1388 1412 880
12128 4 2 3 5 2210 2808 1784 1807
12129 4 2 3 5 1436 1385 1296 1417
12130 4 2 3 5 1771 1430 1296 2376
12131 4 2 3 5 1759 1770 1765 2376
12132 4 2 3 5 2016 2010 2579 2576
12133 4 2 3 5 2486 2485 2630 1328
12134 4 2 3 5 2550 1545 2030 2548
12135 4 2 3 5 2544 2545 2024 1981
12136 4 2 3 5 2404 2415 1376 2631
12137 4 2 3 5 97 98 2824 2835
12138 4 2 3 5 2810 1783 1992 2807
12139 4 2 3 5 688 96 2824 2499
12140 4 2 3 5 1585 2797 2678 2743
12141 4 2 3 5 1619 1588 1620 1590
12142 4 2 3 5 1643 1619 1300 1515
12143 4 2 3 5 1620 1643 1300 1515
12144 4 2 3 5 1589 1023 1424 1433
12145 4 2 3 5 2831 2830 1594 1424
12146 4 2 3 5 1619 1620 1300 1515
12147 4 2 3 5 1619 1643 1592 1515
12148 4 2 3 5 2098 2117 2481 2482
12149 4 2 3 5 2483 1597 2019 1604
12150 4 2 3 5 1961 1960 2118 2482
12151 4 2 3 5 1783 2810 2806 2807
12152 4 2 3 5 2010 2572 2053 2573
12153 4 2 3 5 2760 1902 1615 2047
12154 4 2 3 5 2760 1523 1480 2047
12155 4 2 3 5 2117 2775 2481 2482
12156 4 2 3 5 636 2469 123 124
12157 4 2 3 5 834 1345 1368 1600
12158 4 2 3 5 2501 2500 2503 2873
12159 4 2 3 5 2500 125 2553 2502
12160 4 2 3 5 1999 1778 2801 2807
12161 4 2 3 5 2173 2177 2169 2231
12162 4 2 3 5 1820 1819 2231 1812
12163 4 2 3 5 1825 2177 2175 2239
12164 4 2 3 5 2177 1825 2175 2174
12165 4 2 3 5 868 2297 2175 1395
12166 4 2 3 5 2534 2059 2536 1574
12167 4 2 3 5 2059 1602 1328 1572
12168 4 2 3 5 1522 1516 2537 2534
12169 4 2 3 5 2276 1362 2279 1318
12170 4 2 3 5 2639 2402 2246 1976
12171 4 2 3 5 1969 1331 1970 1637
12172 4 2 3 5 1629 2275 2180 2279
12173 4 2 3 5 2778 1641 1976 2635
12174 4 2 3 5 2759 2468 2046 1646
12175 4 2 3 5 2097 2517 2046 666
12176 4 2 3 5 1906 2041 2471 1904
12177 4 2 3 5 1690 2348 2343 2344
12178 4 2 3 5 1377 164 1382 930
12179 4 2 3 5 813 1377 1382 930
12180 4 2 3 5 789 813 1382 930
12181 4 2 3 5 1652 1660 2663 2198
12182 4 2 3 5 2291 1326 2295 2294
12183 4 2 3 5 2660 2702 2700 1679
12184 4 2 3 5 2701 2660 2700 1762
12185 4 2 3 5 1766 1385 2105 2104
12186 4 2 3 5 1776 2373 1768 1807
12187 4 2 3 5 1555 2291 2105 1385
12188 4 2 3 5 2660 2701 1662 1762
12189 4 2 3 5 1655 2664 1653 1766
12190 4 2 3 5 2357 1742 2354 2360
12191 4 2 3 5 1694 1847 1796 1747
12192 4 2 3 5 1676 1656 1747 814
12193 4 2 3 5 103 2527 2522 2333
12194 4 2 3 5 2528 2820 1713 2333
12195 4 2 3 5 2810 1999 2801 2807
12196 4 2 3 5 2298 2299 2294 1696
12197 4 2 3 5 2293 2297 2176 2170
12198 4 2 3 5 2327 2324 1703 2181
12199 4 2 3 5 2302 2299 1708 2300
12200 4 2 3 5 2200 2199 2288 1697
12201 4 2 3 5 1555 1385 2301 1429
12202 4 2 3 5 2660 1679 2700 1762
12203 4 2 3 5 2335 1699 2721 1520
12204 4 2 3 5 2702 2659 673 511
12205 4 2 3 5 2703 2720 107 2699
12206 4 2 3 5 2199 1668 2288 1697
12207 4 2 3 5 2285 2713 1724 1853
12208 4 2 3 5 1863 1853 2284 1724
12209 4 2 3 5 2401 554 551 2284
12210 4 2 3 5 2583 2584 2018 2728
12211 4 2 3 5 2430 2649 2403 2768
12212 4 2 3 5 2425 2080 2768 2426
12213 4 2 3 5 2712 2243 2244 1725
12214 4 2 3 5 1985 1783 2465 2378
12215 4 2 3 5 2712 2244 2282 1725
12216 4 2 3 5 2239 855 2231 2175
12217 4 2 3 5 2303 1705 1647 2287
12218 4 2 3 5 2169 1665 1735 2176
12219 4 2 3 5 2293 2292 1396 2171
12220 4 2 3 5 1923 1532 1757 1880
12221 4 2 3 5 1671 1744 1745 1758
12222 4 2 3 5 1755 1672 1745 1758
12223 4 2 3 5 1743 674 2780 2708
12224 4 2 3 5 1672 1671 1745 1758
12225 4 2 3 5 1762 1679 1680 1758
12226 4 2 3 5 1673 2374 1296 1562
12227 4 2 3 5 1765 2374 1758 1756
12228 4 2 3 5 1767 2370 1773 1526
12229 4 2 3 5 1755 1756 1767 1758
12230 4 2 3 5 1679 2206 1680 1758
12231 4 2 3 5 1771 1808 2376 1807
12232 4 2 3 5 2782 1566 2791 2810
12233 4 2 3 5 1710 1582 2801 2800
12234 4 2 3 5 1710 2800 2801 2817
12235 4 2 3 5 2207 1778 2817 2801
12236 4 2 3 5 1751 2392 1791 1752
12237 4 2 3 5 1739 1750 1789 2687
12238 4 2 3 5 1793 1739 1789 2687
12239 4 2 3 5 1760 2686 1757 2672
12240 4 2 3 5 1750 1672 1751 1769
12241 4 2 3 5 1614 2385 1645 2762
12242 4 2 3 5 2069 2648 1800 2658
12243 4 2 3 5 2492 2491 529 530
12244 4 2 3 5 2654 2655 2657 528
12245 4 2 3 5 2605 2761 2762 1646
12246 4 2 3 5 1841 1842 1628 2087
12247 4 2 3 5 2233 2166 1811 1812
12248 4 2 3 5 1377 164 1397 2341
12249 4 2 3 5 1734 2161 2169 1812
12250 4 2 3 5 1305 1831 2235 1833
12251 4 2 3 5 1324 1448 1833 1306
12252 4 2 3 5 1448 2096 1833 1306
12253 4 2 3 5 1399 1305 2235 1833
12254 4 2 3 5 1399 1815 1305 1833
12255 4 2 3 5 1398 2085 2093 2096
12256 4 2 3 5 1387 1444 2132 2143
12257 4 2 3 5 1312 1455 2074 1451
12258 4 2 3 5 1459 1454 1456 2350
12259 4 2 3 5 1847 1817 2349 1692
12260 4 2 3 5 2419 2428 2425 2427
12261 4 2 3 5 1814 1821 1631 2087
12262 4 2 3 5 1951 2429 2419 2427
12263 4 2 3 5 2494 2764 2433 2765
12264 4 2 3 5 2091 1872 1859 2092
12265 4 2 3 5 2413 2430 2746 2768
12266 4 2 3 5 2423 2425 2427 2426
12267 4 2 3 5 2272 2277 2274 2273
12268 4 2 3 5 1949 2413 2746 2768
12269 4 2 3 5 2285 2713 2081 2080
12270 4 2 3 5 2863 2852 2846 752
12271 4 2 3 5 2811 1985 2465 2378
12272 4 2 3 5 2594 2580 2521 2581
12273 4 2 3 5 867 856 902 1339
12274 4 2 3 5 1552 2008 2564 1488
12275 4 2 3 5 2135 2616 1875 1876
12276 4 2 3 5 1781 2804 2378 2811
12277 4 2 3 5 1792 1366 1754 1886
12278 4 2 3 5 2065 2615 2619 2618
12279 4 2 3 5 2616 1503 2619 2609
12280 4 2 3 5 2617 1338 1888 1339
12281 4 2 3 5 2135 2065 1876 2066
12282 4 2 3 5 1489 1490 1611 2433
12283 4 2 3 5 1490 1489 2436 2433
12284 4 2 3 5 2740 2445 2444 1621
12285 4 2 3 5 1894 1895 1888 2622
12286 4 2 3 5 1754 1676 1747 814
12287 4 2 3 5 1895 2141 2072 1892
12288 4 2 3 5 1795 2362 2361 2597
12289 4 2 3 5 1874 2734 2136 2668
12290 4 2 3 5 1938 2123 2676 2361
12291 4 2 3 5 1873 2648 2667 2668
12292 4 2 3 5 1878 2124 2596 2138
12293 4 2 3 5 2124 1878 1795 2597
12294 4 2 3 5 2870 1879 2359 1897
12295 4 2 3 5 2363 2870 2359 1897
12296 4 2 3 5 1908 2491 2492 2646
12297 4 2 3 5 1908 2644 2762 2646
12298 4 2 3 5 2623 2610 2488 2620
12299 4 2 3 5 2645 580 682 2716
12300 4 2 3 5 2472 2040 2471 2470
12301 4 2 3 5 1645 1908 2762 1996
12302 4 2 3 5 1934 1929 1925 1930
12303 4 2 3 5 2224 1377 2663 1397
12304 4 2 3 5 2191 1816 1834 1823
12305 4 2 3 5 2233 1816 1834 2191
12306 4 2 3 5 1811 2161 1632 1834
12307 4 2 3 5 1644 1918 2224 1926
12308 4 2 3 5 1928 1845 1937 2190
12309 4 2 3 5 1847 1370 1659 1391
12310 4 2 3 5 1934 1677 1929 1930
12311 4 2 3 5 2135 2133 1891 1941
12312 4 2 3 5 2134 2133 2135 1941
12313 4 2 3 5 2140 1891 2141 1942
12314 4 2 3 5 2140 2135 1891 1941
12315 4 2 3 5 2140 2134 2135 1941
12316 4 2 3 5 1890 1879 1942 1941
12317 4 2 3 5 1845 2870 1897 1942
12318 4 2 3 5 1935 1934 1937 1930
12319 4 2 3 5 1901 1879 1942 1891
12320 4 2 3 5 1962 1961 2575 1965
12321 4 2 3 5 1975 2247 1954 1976
12322 4 2 3 5 549 2401 2629 566
12323 4 2 3 5 2731 2629 2778 1953
12324 4 2 3 5 1985 1781 2378 2811
12325 4 2 3 5 2632 2638 1641 2633
12326 4 2 3 5 1331 1969 1970 1344
12327 4 2 3 5 2437 1498 2438 2444
12328 4 2 3 5 1356 1357 1969 1344
12329 4 2 3 5 2004 1638 1978 2569
12330 4 2 3 5 1972 2579 1508 2585
12331 4 2 3 5 2566 1973 2565 2559
12332 4 2 3 5 723 2819 2836 2818
12333 4 2 3 5 2445 1621 2438 2444
12334 4 2 3 5 2819 2821 2818 1713
12335 4 2 3 5 2578 1603 2579 1553
12336 4 2 3 5 1974 2409 2883 1406
12337 4 2 3 5 1478 1472 1600 2574
12338 4 2 3 5 2821 2836 2818 2790
12339 4 2 3 5 2890 2096 2094 2409
12340 4 2 3 5 2886 2884 2409 1406
12341 4 2 3 5 1308 989 2886 1406
12342 4 2 3 5 2445 2446 2741 1568
12343 4 2 3 5 2431 1783 2378 2465
12344 4 2 3 5 1805 1804 1780 2269
12345 4 2 3 5 1804 2267 1801 1780
12346 4 2 3 5 1983 1798 1986 1491
12347 4 2 3 5 2446 2457 2741 1568
12348 4 2 3 5 2440 2439 2435 2438
12349 4 2 3 5 527 2654 2657 528
12350 4 2 3 5 2655 1786 2657 2656
12351 4 2 3 5 1903 1646 2762 2052
12352 4 2 3 5 571 676 1525 2387
12353 4 2 3 5 2450 2227 2441 1525
12354 4 2 3 5 2048 2555 2510 2049
12355 4 2 3 5 1480 1604 2047 2509
12356 4 2 3 5 2048 1473 2047 2050
12357 4 2 3 5 1971 1966 2018 1946
12358 4 2 3 5 1966 1971 2018 2016
12359 4 2 3 5 2578 2016 2018 2579
12360 4 2 3 5 2016 1971 2018 2579
12361 4 2 3 5 2859 2842 2587 2748
12362 4 2 3 5 2594 2842 2587 2877
12363 4 2 3 5 2544 2551 1981 2525
12364 4 2 3 5 2528 2527 1716 1981
12365 4 2 3 5 2523 2544 1981 2525
12366 4 2 3 5 2336 103 627 102
12367 4 2 3 5 101 2544 496 629
12368 4 2 3 5 2335 2819 1699 1520
12369 4 2 3 5 2523 2527 1981 2024
12370 4 2 3 5 2760 2759 2046 2873
12371 4 2 3 5 2041 2475 2477 2608
12372 4 2 3 5 2605 1903 1904 2471
12373 4 2 3 5 1347 912 1350 1599
12374 4 2 3 5 1539 2759 2762 2761
12375 4 2 3 5 2644 1645 1908 2762
12376 4 2 3 5 1484 2475 2608 2609
12377 4 2 3 5 2473 1484 2607 2609
12378 4 2 3 5 916 833 1364 1358
12379 4 2 3 5 2054 2473 2607 2474
12380 4 2 3 5 1408 1405 1574 1573
12381 4 2 3 5 2404 2414 2415 2631
12382 4 2 3 5 1968 1975 2247 2631
12383 4 2 3 5 1576 1408 2546 1574
12384 4 2 3 5 2059 2061 2536 1574
12385 4 2 3 5 1550 2622 2072 1551
12386 4 2 3 5 2622 1550 2072 2071
12387 4 2 3 5 2354 1892 1849 2360
12388 4 2 3 5 2349 1848 2073 1849
12389 4 2 3 5 2260 2858 2408 2856
12390 4 2 3 5 2407 2880 2856 2408
12391 4 2 3 5 2417 1634 1303 2416
12392 4 2 3 5 1853 1944 2081 2426
12393 4 2 3 5 1853 2423 1870 2426
12394 4 2 3 5 1857 1870 2427 2087
12395 4 2 3 5 2430 2745 2746 2768
12396 4 2 3 5 2745 2430 2403 2768
12397 4 2 3 5 2086 2087 2088 1871
12398 4 2 3 5 2091 1871 1959 2088
12399 4 2 3 5 2235 1831 1692 1848
12400 4 2 3 5 2235 1305 1817 1692
12401 4 2 3 5 1621 2442 2437 2444
12402 4 2 3 5 1852 1857 1855 1870
12403 4 2 3 5 674 1743 511 2103
12404 4 2 3 5 647 674 511 2103
12405 4 2 3 5 674 647 1743 2103
12406 4 2 3 5 2659 2660 1670 2779
12407 4 2 3 5 1662 2707 2779 1563
12408 4 2 3 5 2206 2702 511 2103
12409 4 2 3 5 2702 2659 511 2103
12410 4 2 3 5 1410 1043 963 1417
12411 4 2 3 5 1748 1764 1745 1758
12412 4 2 3 5 2112 1772 1784 2114
12413 4 2 3 5 2799 2380 2806 2270
12414 4 2 3 5 1999 1511 1580 1992
12415 4 2 3 5 2063 664 2734 2138
12416 4 2 3 5 2136 2126 2668 2138
12417 4 2 3 5 2864 2600 2602 766
12418 4 2 3 5 2653 521 524 2673
12419 4 2 3 5 2134 1940 1740 1795
12420 4 2 3 5 118 2124 2597 119
12421 4 2 3 5 2065 2133 1913 2136
12422 4 2 3 5 1891 2135 2066 1914
12423 4 2 3 5 1906 2874 2469 2873
12424 4 2 3 5 1593 1623 1546 1510
12425 4 2 3 5 2384 1614 1611 1480
12426 4 2 3 5 912 1001 1350 876
12427 4 2 3 5 2385 1490 1486 1611
12428 4 2 3 5 2719 2157 2700 2698
12429 4 2 3 5 114 2659 2702 2699
12430 4 2 3 5 2157 679 2158 2699
12431 4 2 3 5 1704 1701 1714 2317
12432 4 2 3 5 642 587 2159 2218
12433 4 2 3 5 1810 2229 2169 1734
12434 4 2 3 5 1810 1819 2169 2229
12435 4 2 3 5 2669 2670 2184 2774
12436 4 2 3 5 2772 2161 1664 1734
12437 4 2 3 5 2252 2033 1318 2279
12438 4 2 3 5 1722 1723 2279 2035
12439 4 2 3 5 1630 2324 2325 2327
12440 4 2 3 5 2179 2240 1626 2180
12441 4 2 3 5 1853 1944 1855 1854
12442 4 2 3 5 1723 2178 1854 1724
12443 4 2 3 5 2723 2696 1818 1669
12444 4 2 3 5 2188 1927 1834 1926
12445 4 2 3 5 1835 1917 1663 1926
12446 4 2 3 5 1835 2723 1834 1926
12447 4 2 3 5 2436 2437 2438 2444
12448 4 2 3 5 1373 1325 2192 1689
12449 4 2 3 5 1621 2436 2438 2444
12450 4 2 3 5 2643 537 2640 538
12451 4 2 3 5 538 2100 539 2640
12452 4 2 3 5 2436 1621 2437 2444
12453 4 2 3 5 1989 1985 2209 2466
12454 4 2 3 5 2637 2060 2636 2057
12455 4 2 3 5 2057 1605 2215 2636
12456 4 2 3 5 2686 1672 1750 2780
12457 4 2 3 5 718 2781 2208 715
12458 4 2 3 5 87 718 2208 694
12459 4 2 3 5 2213 736 85 2796
12460 4 2 3 5 1561 2798 2799 2208
12461 4 2 3 5 1512 2806 1774 2270
12462 4 2 3 5 2806 2380 1774 2270
12463 4 2 3 5 2664 1655 2399 1746
12464 4 2 3 5 2398 2664 2399 1746
12465 4 2 3 5 1343 1655 2399 958
12466 4 2 3 5 2664 1654 2104 1662
12467 4 2 3 5 1727 1726 2087 1691
12468 4 2 3 5 2141 1797 2354 1892
12469 4 2 3 5 161 808 1380 1386
12470 4 2 3 5 2819 2836 2818 2821
12471 4 2 3 5 1398 1833 2093 1860
12472 4 2 3 5 2245 2250 2246 1979
12473 4 2 3 5 2250 2032 2246 1979
12474 4 2 3 5 1979 1955 2246 2251
12475 4 2 3 5 1955 2402 2246 2251
12476 4 2 3 5 2808 2210 1991 2466
12477 4 2 3 5 2401 1955 2402 1976
12478 4 2 3 5 2210 2808 2467 2466
12479 4 2 3 5 1990 2210 1985 2466
12480 4 2 3 5 2848 2849 2257 2872
12481 4 2 3 5 2090 1861 2872 2480
12482 4 2 3 5 1985 1781 2209 2466
12483 4 2 3 5 2256 2848 2257 2872
12484 4 2 3 5 2847 2089 2872 2479
12485 4 2 3 5 1798 1786 2650 2367
12486 4 2 3 5 1804 1528 2267 2268
12487 4 2 3 5 1753 1388 2268 1412
12488 4 2 3 5 1781 2210 2209 2466
12489 4 2 3 5 501 1851 2273 135
12490 4 2 3 5 644 2244 672 2273
12491 4 2 3 5 2792 2783 2794 2829
12492 4 2 3 5 2168 2161 2171 2165
12493 4 2 3 5 2161 2172 1664 1320
12494 4 2 3 5 1650 2772 1664 1558
12495 4 2 3 5 1650 1668 1558 1664
12496 4 2 3 5 2314 1434 1429 1036
12497 4 2 3 5 1015 2314 1017 1036
12498 4 2 3 5 1383 1384 1385 1429
12499 4 2 3 5 2793 2825 2829 1579
12500 4 2 3 5 1421 2318 2312 2321
12501 4 2 3 5 1695 1696 2294 1697
12502 4 2 3 5 1017 2314 1429 1036
12503 4 2 3 5 1297 2302 1429 2295
12504 4 2 3 5 2314 2313 1557 1708
12505 4 2 3 5 1421 2314 2116 2321
12506 4 2 3 5 1560 1016 2334 2321
12507 4 2 3 5 2329 1419 2308 2332
12508 4 2 3 5 1560 1733 2320 2334
12509 4 2 3 5 1021 2809 1028 1018
12510 4 2 3 5 2113 2319 2115 2802
12511 4 2 3 5 1516 1522 2548 1439
12512 4 2 3 5 1733 1560 2332 2334
12513 4 2 3 5 1015 1419 1014 2334
12514 4 2 3 5 1733 1732 2332 2320
12515 4 2 3 5 2309 1732 2332 2310
12516 4 2 3 5 2330 1732 2332 2309
12517 4 2 3 5 2320 2156 2332 2331
12518 4 2 3 5 2156 1732 2332 2331
12519 4 2 3 5 1732 2156 2332 2320
12520 4 2 3 5 2755 2750 2192 2751
12521 4 2 3 5 2342 1930 2343 2344
12522 4 2 3 5 1373 1689 2343 2348
12523 4 2 3 5 2233 2340 1658 2223
12524 4 2 3 5 1690 2348 1937 2354
12525 4 2 3 5 1936 1933 1796 1920
12526 4 2 3 5 1934 2362 1925 2353
12527 4 2 3 5 1928 1845 2347 1925
12528 4 2 3 5 2396 2395 1782 2036
12529 4 2 3 5 604 1982 662 2365
12530 4 2 3 5 2194 1999 1586 2787
12531 4 2 3 5 1775 1767 1526 1789
12532 4 2 3 5 2370 2364 2366 1526
12533 4 2 3 5 2396 1782 2366 2650
12534 4 2 3 5 1776 2373 1806 1767
12535 4 2 3 5 1415 1808 2375 2376
12536 4 2 3 5 1430 1808 1415 2376
12537 4 2 3 5 536 570 534 2382
12538 4 2 3 5 531 2644 533 2492
12539 4 2 3 5 603 531 534 2492
12540 4 2 3 5 2793 2792 2794 2829
12541 4 2 3 5 2772 1650 1669 2197
12542 4 2 3 5 2162 2161 2198 2164
12543 4 2 3 5 1919 2340 2224 1926
12544 4 2 3 5 2166 2223 2164 2163
12545 4 2 3 5 2085 1400 1337 2409
12546 4 2 3 5 1856 1330 1301 1337
12547 4 2 3 5 2085 1337 1301 2409
12548 4 2 3 5 1304 1400 2409 2886
12549 4 2 3 5 1304 2085 2409 1400
12550 4 2 3 5 1848 1694 2349 1692
12551 4 2 3 5 2566 2890 2261 2094
12552 4 2 3 5 2782 2799 2827 2791
12553 4 2 3 5 1584 2744 1579 1586
12554 4 2 3 5 2379 714 2784 2431
12555 4 2 3 5 2465 1783 1992 2460
12556 4 2 3 5 1511 2431 2785 2460
12557 4 2 3 5 2379 2782 2784 714
12558 4 2 3 5 2795 2783 2829 2785
12559 4 2 3 5 1490 1483 2437 2436
12560 4 2 3 5 1494 1351 2437 1490
12561 4 2 3 5 2440 2435 1293 2438
12562 4 2 3 5 2434 1490 2437 2436
12563 4 2 3 5 1483 2436 1621 2437
12564 4 2 3 5 1292 2467 1416 2466
12565 4 2 3 5 2461 2462 1992 1991
12566 4 2 3 5 2795 1511 2785 2829
12567 4 2 3 5 2450 1983 1986 1491
12568 4 2 3 5 2452 1497 2443 2453
12569 4 2 3 5 1993 2450 1986 2442
12570 4 2 3 5 1988 2453 2466 1530
12571 4 2 3 5 2470 2606 2608 1487
12572 4 2 3 5 2490 2604 1898 2624
12573 4 2 3 5 2065 2618 2619 1914
12574 4 2 3 5 2505 2507 2503 2502
12575 4 2 3 5 2784 2828 2829 2785
12576 4 2 3 5 2065 2066 2619 1876
12577 4 2 3 5 2637 1607 1608 1641
12578 4 2 3 5 1607 2775 1608 1641
12579 4 2 3 5 1961 2485 1965 2019
12580 4 2 3 5 1967 2017 1968 2630
12581 4 2 3 5 1953 1975 1976 2020
12582 4 2 3 5 1641 2778 1976 2020
12583 4 2 3 5 2058 2484 1328 1471
12584 4 2 3 5 1975 2247 1976 2020
12585 4 2 3 5 2741 2447 1622 2739
12586 4 2 3 5 2496 2440 1499 1510
12587 4 2 3 5 690 2379 90 2378
12588 4 2 3 5 1537 1524 2387 2738
12589 4 2 3 5 93 94 2739 2152
12590 4 2 3 5 2561 2502 2504 2503
12591 4 2 3 5 2500 2501 2046 2873
12592 4 2 3 5 2875 2869 2568 2003
12593 4 2 3 5 2621 2043 1910 2624
12594 4 2 3 5 2044 2508 1910 2503
12595 4 2 3 5 2567 779 764 2504
12596 4 2 3 5 2122 2517 2121 2554
12597 4 2 3 5 637 2517 2553 2121
12598 4 2 3 5 669 2117 2098 2121
12599 4 2 3 5 2568 2567 2504 2521
12600 4 2 3 5 1425 1516 2548 1439
12601 4 2 3 5 2320 1560 2321 2030
12602 4 2 3 5 1544 1522 2548 2547
12603 4 2 3 5 1589 1425 1023 1025
12604 4 2 3 5 2217 2787 1422 2682
12605 4 2 3 5 592 2401 2284 554
12606 4 2 3 5 2032 1979 2757 2246
12607 4 2 3 5 2210 1781 1985 2466
12608 4 2 3 5 2045 2044 2477 2503
12609 4 2 3 5 1576 1573 1574 1476
12610 4 2 3 5 2546 1635 2061 2536
12611 4 2 3 5 2815 2797 2833 2816
12612 4 2 3 5 2527 2336 2523 102
12613 4 2 3 5 2544 2523 1981 2024
12614 4 2 3 5 2023 2681 2677 2543
12615 4 2 3 5 2217 1422 2684 2682
12616 4 2 3 5 2540 2552 2683 2684
12617 4 2 3 5 2044 2621 2477 1910
12618 4 2 3 5 2044 2621 2622 2477
12619 4 2 3 5 2557 2472 1488 1475
12620 4 2 3 5 2039 1550 2857 2045
12621 4 2 3 5 2560 1485 2012 2563
12622 4 2 3 5 2560 2573 2557 2563
12623 4 2 3 5 1865 1978 2878 2879
12624 4 2 3 5 1508 1972 2585 2014
12625 4 2 3 5 1960 1961 1965 2019
12626 4 2 3 5 841 924 1476 1328
12627 4 2 3 5 1966 1962 2001 2576
12628 4 2 3 5 2577 1329 1357 2630
12629 4 2 3 5 1962 2006 2001 2576
12630 4 2 3 5 2578 2577 2575 1477
12631 4 2 3 5 2574 1472 1600 1477
12632 4 2 3 5 2882 905 2883 1964
12633 4 2 3 5 1761 1760 1757 2672
12634 4 2 3 5 2123 2676 2695 2689
12635 4 2 3 5 2667 2126 2668 2127
12636 4 2 3 5 1889 2136 2596 2127
12637 4 2 3 5 1940 1889 2596 1877
12638 4 2 3 5 1881 1939 1877 1791
12639 4 2 3 5 2476 2621 2619 2609
12640 4 2 3 5 829 828 830 1353
12641 4 2 3 5 2054 2611 2042 1907
12642 4 2 3 5 2615 2064 2042 2065
12643 4 2 3 5 2054 2055 2042 2474
12644 4 2 3 5 2612 2474 2609 2042
12645 4 2 3 5 1904 2473 2042 2609
12646 4 2 3 5 1353 1887 2609 1893
12647 4 2 3 5 2404 2252 2631 1376
12648 4 2 3 5 2403 2745 1953 2629
12649 4 2 3 5 2632 2775 2633 1641
12650 4 2 3 5 2628 2730 2629 2778
12651 4 2 3 5 1956 1949 2746 1953
12652 4 2 3 5 2638 593 545 2405
12653 4 2 3 5 2730 2731 2629 2778
12654 4 2 3 5 2012 2560 2053 2477
12655 4 2 3 5 2117 1960 2118 2515
12656 4 2 3 5 1960 1961 2019 2482
12657 4 2 3 5 1505 1608 1504 2019
12658 4 2 3 5 2651 2038 1791 1801
12659 4 2 3 5 1912 2685 1802 2650
12660 4 2 3 5 2045 2012 2477 2563
12661 4 2 3 5 2044 2045 2477 2563
12662 4 2 3 5 2041 2011 2053 2477
12663 4 2 3 5 1655 1527 2391 1746
12664 4 2 3 5 1764 1527 1746 1745
12665 4 2 3 5 1918 2390 2399 1343
12666 4 2 3 5 2783 2784 2829 2785
12667 4 2 3 5 520 2675 579 2676
12668 4 2 3 5 2397 2686 519 2673
12669 4 2 3 5 650 578 2674 683
12670 4 2 3 5 1761 1536 2674 2733
12671 4 2 3 5 748 2848 777 750
12672 4 2 3 5 626 2686 519 2388
12673 4 2 3 5 1517 2830 1424 2496
12674 4 2 3 5 1594 1620 2683 1424
12675 4 2 3 5 2787 2194 2826 1586
12676 4 2 3 5 2744 1643 2543 2031
12677 4 2 3 5 2550 2028 1521 1981
12678 4 2 3 5 110 510 615 2693
12679 4 2 3 5 2690 614 2220 2195
12680 4 2 3 5 2221 2694 2220 2722
12681 4 2 3 5 2723 1660 1834 2167
12682 4 2 3 5 2696 2723 2714 2722
12683 4 2 3 5 615 2691 111 2693
12684 4 2 3 5 110 615 111 2693
12685 4 2 3 5 2735 2702 2700 2699
12686 4 2 3 5 2703 2735 2700 2699
12687 4 2 3 5 2659 2702 2700 2660
12688 4 2 3 5 2719 2701 2698 2700
12689 4 2 3 5 2784 2783 2829 2828
12690 4 2 3 5 2721 2720 107 2705
12691 4 2 3 5 1809 2732 2253 2226
12692 4 2 3 5 1688 2714 2715 2253
12693 4 2 3 5 2752 2358 2753 2871
12694 4 2 3 5 137 6 2753 746
12695 4 2 3 5 2195 2218 2160 2159
12696 4 2 3 5 2222 2696 1685 1547
12697 4 2 3 5 2254 2755 2253 1688
12698 4 2 3 5 2229 1809 2226 2732
12699 4 2 3 5 2588 492 2777 129
12700 4 2 3 5 492 652 2777 129
12701 4 2 3 5 131 740 2422 130
12702 4 2 3 5 2724 131 2747 130
12703 4 2 3 5 1864 1865 1948 2878
12704 4 2 3 5 1971 2593 2588 2591
12705 4 2 3 5 2730 2777 129 2590
12706 4 2 3 5 1971 2588 1946 2591
12707 4 2 3 5 2876 2877 2587 2878
12708 4 2 3 5 2018 1946 1947 2591
12709 4 2 3 5 2568 2567 2840 2504
12710 4 2 3 5 1977 2843 2568 2877
12711 4 2 3 5 1744 1671 1563 1758
12712 4 2 3 5 2825 2792 2829 2795
12713 4 2 3 5 2836 707 717 730
12714 4 2 3 5 1709 1699 1712 1520
12715 4 2 3 5 2702 2735 2206 85
12716 4 2 3 5 1870 2086 2087 1855
12717 4 2 3 5 2777 2588 129 2590
12718 4 2 3 5 2724 2590 1947 2731
12719 4 2 3 5 1859 1858 2088 2087
12720 4 2 3 5 2423 2080 2426 2081
12721 4 2 3 5 550 2246 552 574
12722 4 2 3 5 2792 2825 2829 2793
12723 4 2 3 5 2011 2012 2053 2477
12724 4 2 3 5 2611 1535 2620 1909
12725 4 2 3 5 2679 99 100 2531
12726 4 2 3 5 100 99 610 2531
12727 4 2 3 5 2679 100 496 2531
12728 4 2 3 5 121 498 2603 2488
12729 4 2 3 5 498 121 122 2488
12730 4 2 3 5 1463 1489 2767 1614
12731 4 2 3 5 2150 2148 2493 2149
12732 4 2 3 5 2146 2150 639 2149
12733 4 2 3 5 1489 2764 2767 2765
12734 4 2 3 5 2765 1489 1524 2767
12735 4 2 3 5 1489 1614 1524 2767
12736 4 2 3 5 2589 2017 2731 2778
12737 4 2 3 5 2017 1956 2731 2778
12738 4 2 3 5 1506 1968 2634 2631
12739 4 2 3 5 2005 1604 2047 2642
12740 4 2 3 5 2798 703 2791 706
12741 4 2 3 5 1566 2782 2791 2784
12742 4 2 3 5 697 2803 2818 2789
12743 4 2 3 5 2789 701 699 700
12744 4 2 3 5 1710 2781 2798 2817
12745 4 2 3 5 1512 1561 2208 2817
12746 4 2 3 5 2792 1582 2789 2791
12747 4 2 3 5 1582 1710 2791 2800
12748 4 2 3 5 2380 2799 720 728
12749 4 2 3 5 2369 494 89 90
12750 4 2 3 5 572 571 1998 2656
12751 4 2 3 5 1786 1982 2366 2377
12752 4 2 3 5 572 676 634 1998
12753 4 2 3 5 2815 1582 2822 2821
12754 4 2 3 5 2815 1717 2822 2816
12755 4 2 3 5 2815 2821 2822 1717
12756 4 2 3 5 2681 2744 2543 2031
12757 4 2 3 5 1643 2744 2543 2539
12758 4 2 3 5 2832 2815 2833 1717
12759 4 2 3 5 1717 2815 2833 2816
12760 4 2 3 5 2681 2797 2833 2832
12761 4 2 3 5 2833 2552 2543 2030
12762 4 2 3 5 1560 1545 2321 2030
12763 4 2 3 5 2318 2530 1317 2030
12764 4 2 3 5 2030 2552 2543 2548
12765 4 2 3 5 2028 2550 1521 2548
12766 4 2 3 5 2029 2550 1521 1981
12767 4 2 3 5 2155 2527 1981 1716
12768 4 2 3 5 1516 2538 2539 2548
12769 4 2 3 5 2863 2854 2844 2846
12770 4 2 3 5 2266 2255 2871 2264
12771 4 2 3 5 748 747 2845 749
12772 4 2 3 5 2853 2849 1844 2846
12773 4 2 3 5 2256 749 2845 2846
12774 4 2 3 5 2746 1956 1947 2411
12775 4 2 3 5 2865 1900 1915 1943
12776 4 2 3 5 1693 1872 1862 2258
12777 4 2 3 5 1742 1901 2360 1943
12778 4 2 3 5 2864 2866 2862 2861
12779 4 2 3 5 2865 1898 1915 2867
12780 4 2 3 5 1879 2865 1898 1899
12781 4 2 3 5 2621 2043 2477 1910
12782 4 2 3 5 2853 2855 2839 2862
12783 4 2 3 5 2869 2875 2504 2868
12784 4 2 3 5 1638 1978 1865 2879
12785 4 2 3 5 2864 2863 2862 2854
12786 4 2 3 5 1899 1901 1943 2857
12787 4 2 3 5 1447 1448 1061 1062
12788 4 2 3 5 1309 2076 2262 1450
12789 4 2 3 5 1447 1442 2888 1062
12790 4 2 3 5 1309 1449 2888 1450
12791 4 2 3 5 2859 2860 2877 2840
12792 4 2 3 5 1454 1449 1455 1063
12793 4 2 3 5 2876 2568 2840 2877
12794 4 2 3 5 2594 2876 2840 2877
12795 4 2 3 5 2876 2594 2840 2568
12796 4 2 3 5 2852 2838 2839 2851
12797 4 2 3 5 749 758 2845 2846
12798 4 2 3 5 752 758 2846 2844
12799 4 2 3 5 2379 690 91 2378
12800 4 2 3 5 2456 1985 2465 2811
12801 4 2 3 5 1294 2211 1992 1784
12802 4 2 3 5 2457 1568 2465 2459
12803 4 2 3 5 729 92 2431 91
12804 4 2 3 5 690 90 91 2378
12805 4 2 3 5 2379 690 721 720
12806 4 2 3 5 2380 2379 721 720
12807 4 2 3 5 88 87 507 2371
12808 4 2 3 5 2839 2860 2850 2851
12809 4 2 3 5 646 2032 496 671
12810 4 2 3 5 647 511 655 2103
12811 4 2 3 5 689 2781 717 2796
12812 4 2 3 5 679 2699 5 107
12813 4 2 3 5 653 679 2157 512
12814 4 2 3 5 2690 2691 112 2666
12815 4 2 3 5 2691 2690 112 111
12816 4 2 3 5 2505 2506 123 771
12817 4 2 3 5 2859 2860 2839 2851
12818 4 2 3 5 2507 2505 124 2502
12819 4 2 3 5 2424 2478 133 134
12820 4 2 3 5 631 2423 133 134
12821 4 2 3 5 2423 631 2277 134
12822 4 2 3 5 2853 2839 2850 2851
12823 4 2 3 5 2853 2852 2839 2851
12824 4 2 3 5 2423 2424 133 134
12825 4 2 3 5 2424 2423 2277 134
12826 4 2 3 5 791 1038 1006 146
12827 4 2 3 5 982 955 959 1569
12828 4 2 3 5 1419 1666 1403 2326
12829 4 2 3 5 1419 1005 1013 945
12830 4 2 3 5 1319 790 1403 1012
12831 4 2 3 5 2838 2852 2862 2861
12832 4 2 3 5 1037 999 167 1410
12833 4 2 3 5 999 1037 167 7
12834 4 2 3 5 1383 1384 1411 167
12835 4 2 3 5 1384 1383 166 167
12836 4 2 3 5 1384 928 167 166
12837 4 2 3 5 928 1384 167 1410
12838 4 2 3 5 2852 2838 2862 2839
12839 4 2 3 5 121 122 2488 2623
12840 4 2 3 5 2843 2839 2878 2862
12841 4 2 3 5 2869 2843 2878 2862
12842 4 2 3 5 2052 1902 2471 2873
12843 4 2 3 5 1903 1646 2052 2873
12844 4 2 3 5 631 2713 672 577
12845 4 2 3 5 758 2844 2754 2846
12846 4 2 3 5 564 2280 557 601
12847 4 2 3 5 2238 2271 2242 2225
12848 4 2 3 5 642 2185 2242 2225
12849 4 2 3 5 2605 1646 1903 2873
12850 4 2 3 5 713 724 2823 2813
12851 4 2 3 5 956 1443 803 981
12852 4 2 3 5 503 2201 617 2196
12853 4 2 3 5 724 713 709 2813
12854 4 2 3 5 2770 2196 618 640
12855 4 2 3 5 2823 735 2678 2824
12856 4 2 3 5 1794 2596 2695 1881
12857 4 2 3 5 1788 2685 2688 2673
12858 4 2 3 5 2397 1788 2687 2673
12859 4 2 3 5 2037 525 2653 523
12860 4 2 3 5 525 2653 523 524
12861 4 2 3 5 584 608 2137 524
12862 4 2 3 5 525 2658 2653 562
12863 4 2 3 5 538 2643 535 599
12864 4 2 3 5 2793 1579 2824 2823
12865 4 2 3 5 597 2119 2098 596
12866 4 2 3 5 543 542 595 2481
12867 4 2 3 5 2632 547 546 2638
12868 4 2 3 5 548 2632 546 581
12869 4 2 3 5 1612 1587 1510 1588
12870 4 2 3 5 688 2793 2824 2823
12871 4 2 3 5 542 2119 596 2481
12872 4 2 3 5 2117 2481 595 596
12873 4 2 3 5 507 609 651 2780
12874 4 2 3 5 2735 2206 85 86
12875 4 2 3 5 1785 507 651 2780
12876 4 2 3 5 2346 654 650 683
12877 4 2 3 5 2736 2735 2737 86
12878 4 2 3 5 1938 2675 579 683
12879 4 2 3 5 1938 504 579 621
12880 4 2 3 5 505 2060 589 678
12881 4 2 3 5 2206 2735 2736 86
12882 4 2 3 5 2070 121 2603 2488
12883 4 2 3 5 2216 660 2625 97
12884 4 2 3 5 2678 2797 2824 2743
12885 4 2 3 5 121 2070 2623 2488
12886 4 2 3 5 2825 2797 2824 2678
12887 4 2 3 5 2202 2151 540 2640
12888 4 2 3 5 1579 2793 2824 2499
12889 4 2 3 5 2146 663 2149 639
12890 4 2 3 5 2793 688 2824 2499
12891 4 2 3 5 658 657 540 2202
12892 4 2 3 5 539 2205 540 2640
12893 4 2 3 5 786 741 2602 119
12894 4 2 3 5 2745 2430 611 2403
12895 4 2 3 5 2430 668 500 611
12896 4 2 3 5 2745 2430 500 611
12897 4 2 3 5 2144 786 2602 119
12898 4 2 3 5 2730 613 2628 612
12899 4 2 3 5 2123 499 2125 2138
12900 4 2 3 5 2124 499 2138 119
12901 4 2 3 5 1982 633 662 2377
12902 4 2 3 5 494 625 662 2365
12903 4 2 3 5 633 494 662 2377
12904 4 2 3 5 2804 2811 90 2378
12905 4 2 3 5 2805 2804 90 2378
12906 4 2 3 5 2244 2713 672 2273
12907 4 2 3 5 2847 2848 777 2256
12908 4 2 3 5 2600 757 2844 2754
12909 4 2 3 5 2125 2123 2138 2126
12910 4 2 3 5 2139 1878 2136 2138
12911 4 2 3 5 492 2777 687 645
12912 4 2 3 5 2590 652 130 129
12913 4 2 3 5 2724 652 130 2590
12914 4 2 3 5 2853 2854 2846 1844
12915 4 2 3 5 114 2659 2665 113
12916 4 2 3 5 2702 2735 5 2699
12917 4 2 3 5 2737 2213 85 2796
12918 4 2 3 5 2208 2781 2796 2817
12919 4 2 3 5 2665 2157 512 617
12920 4 2 3 5 2201 2666 112 113
12921 4 2 3 5 2626 2494 1510 2497
12922 4 2 3 5 493 2152 2381 677
12923 4 2 3 5 591 493 2381 677
12924 4 2 3 5 2591 2590 130 129
12925 4 2 3 5 2724 2590 130 2591
12926 4 2 3 5 688 726 2824 97
12927 4 2 3 5 2626 2150 95 96
12928 4 2 3 5 2216 505 660 97
12929 4 2 3 5 1566 2782 2784 2785
12930 4 2 3 5 1584 1593 2153 1546
12931 4 2 3 5 2786 1999 2807 1778
12932 4 2 3 5 1579 2829 2499 1586
12933 4 2 3 5 1584 2626 2153 96
12934 4 2 3 5 2832 2023 1981 1521
12935 4 2 3 5 2797 1513 2031 2816
12936 4 2 3 5 2810 2827 2800 2791
12937 4 2 3 5 1561 2799 2827 2208
12938 4 2 3 5 2797 2744 2031 2826
12939 4 2 3 5 2364 665 507 2370
12940 4 2 3 5 2395 2397 2687 2388
12941 4 2 3 5 624 88 507 2370
12942 4 2 3 5 2370 88 507 2371
12943 4 2 3 5 88 2805 2270 2372
12944 4 2 3 5 543 2632 595 546
12945 4 2 3 5 2832 2681 1521 2833
12946 4 2 3 5 2859 759 754 760
12947 4 2 3 5 2681 2832 1521 2023
12948 4 2 3 5 543 2638 546 545
12949 4 2 3 5 2632 543 595 2481
12950 4 2 3 5 1405 1408 926 952
12951 4 2 3 5 2123 1794 2596 2695
12952 4 2 3 5 2038 1884 1877 2000
12953 4 2 3 5 769 2256 739 2264
12954 4 2 3 5 584 562 2137 585
12955 4 2 3 5 2864 2599 2866 765
12956 4 2 3 5 768 2604 765 742
12957 4 2 3 5 2599 2604 765 768
12958 4 2 3 5 2604 742 2866 765
12959 4 2 3 5 2599 2604 2866 765
12960 4 2 3 5 2428 2429 2419 2421
12961 4 2 3 5 785 2406 2421 776
12962 4 2 3 5 2847 2089 785 2421
12963 4 2 3 5 2852 751 754 2851
12964 4 2 3 5 2428 2089 2429 2421
12965 4 2 3 5 745 2752 2754 2356
12966 4 2 3 5 2870 2363 2359 2356
12967 4 2 3 5 780 745 2709 787
12968 4 2 3 5 767 780 2709 787
12969 4 2 3 5 745 115 2356 116
12970 4 2 3 5 115 745 2356 2752
12971 4 2 3 5 2870 2709 2754 2356
12972 4 2 3 5 1092 934 798 1444
12973 4 2 3 5 1803 2685 2695 2667
12974 4 2 3 5 1889 1885 1877 1940
12975 4 2 3 5 1310 1393 1387 1446
12976 4 2 3 5 2172 2162 1651 2289
12977 4 2 3 5 974 2163 2165 2290
12978 4 2 3 5 1372 976 1391 163
12979 4 2 3 5 1372 976 788 895
12980 4 2 3 5 1370 1374 1391 163
12981 4 2 3 5 162 1370 1391 163
12982 4 2 3 5 1912 1883 1877 2667
12983 4 2 3 5 2687 2688 1802 1531
12984 4 2 3 5 2396 1787 1802 2650
12985 4 2 3 5 1372 895 788 972
12986 4 2 3 5 1793 2687 1802 1531
12987 4 2 3 5 1059 797 948 185
12988 4 2 3 5 978 797 948 1401
12989 4 2 3 5 1059 1060 1058 1401
12990 4 2 3 5 1557 2302 2301 1429
12991 4 2 3 5 1684 2107 1542 1697
12992 4 2 3 5 1359 823 1365 821
12993 4 2 3 5 823 1334 821 858
12994 4 2 3 5 823 1334 1365 821
12995 4 2 3 5 833 834 832 1346
12996 4 2 3 5 2884 1335 1970 1363
12997 4 2 3 5 1706 1707 1542 2110
12998 4 2 3 5 2468 641 2046 497
12999 4 2 3 5 1522 1516 1435 1439
13000 4 2 3 5 1516 1425 1435 1439
13001 4 2 3 5 2469 2500 124 497
13002 4 2 3 5 845 1329 842 919
13003 4 2 3 5 2500 2469 2046 497
13004 4 2 3 5 666 2517 2046 497
13005 4 2 3 5 978 1400 871 942
13006 4 2 3 5 637 2517 666 497
13007 4 2 3 5 2517 125 2046 497
13008 4 2 3 5 125 2517 637 497
13009 4 2 3 5 1707 1706 1542 1697
13010 4 2 3 5 2335 2819 695 105
13011 4 2 3 5 1684 1706 1542 2110
13012 4 2 3 5 1706 1684 1542 1697
13013 4 2 3 5 1344 1969 1970 1553
13014 4 2 3 5 2686 2672 519 2673
13015 4 2 3 5 1351 899 876 860
13016 4 2 3 5 1364 911 1350 876
13017 4 2 3 5 1437 791 1440 1347
13018 4 2 3 5 1407 1431 1440 1413
13019 4 2 3 5 2672 520 519 2673
13020 4 2 3 5 520 521 519 2673
13021 4 2 3 5 658 2202 541 2487
13022 4 2 3 5 2523 2250 627 2400
13023 4 2 3 5 2251 2402 2246 552
13024 4 2 3 5 553 2402 2251 552
13025 4 2 3 5 2245 2251 2246 552
13026 4 2 3 5 688 725 96 2499
13027 4 2 3 5 2793 725 688 2499
13028 4 2 3 5 971 1389 887 969
13029 4 2 3 5 1447 1400 1401 942
13030 4 2 3 5 2245 553 2251 552
13031 4 2 3 5 1362 2180 2279 1318
13032 4 2 3 5 2412 1957 2728 1959
13033 4 2 3 5 2324 2325 2327 1636
13034 4 2 3 5 553 2245 563 552
13035 4 2 3 5 906 956 981 1458
13036 4 2 3 5 2245 646 563 552
13037 4 2 3 5 1554 1299 1964 1963
13038 4 2 3 5 839 905 908 2882
13039 4 2 3 5 2825 1579 2823 2824
13040 4 2 3 5 98 2743 2824 2835
13041 4 2 3 5 2639 593 574 550
13042 4 2 3 5 2059 1573 1328 1476
13043 4 2 3 5 1329 845 1356 919
13044 4 2 3 5 2743 2744 2824 2835
13045 4 2 3 5 1408 1405 920 952
13046 4 2 3 5 923 1042 150 151
13047 4 2 3 5 1447 983 942 941
13048 4 2 3 5 797 1447 942 941
13049 4 2 3 5 1592 2744 2743 2835
13050 4 2 3 5 1827 1330 1337 925
13051 4 2 3 5 1827 891 853 925
13052 4 2 3 5 2747 1951 1958 2411
13053 4 2 3 5 1330 1827 853 925
13054 4 2 3 5 2410 2727 2411 2416
13055 4 2 3 5 1040 1008 1025 1435
13056 4 2 3 5 2017 2583 2411 2727
13057 4 2 3 5 918 1576 920 952
13058 4 2 3 5 2454 1493 2466 2455
13059 4 2 3 5 638 597 2098 596
13060 4 2 3 5 669 638 2098 596
13061 4 2 3 5 2457 2458 1991 2466
13062 4 2 3 5 1007 963 1417 799
13063 4 2 3 5 888 889 881 1674
13064 4 2 3 5 1766 1765 2108 1296
13065 4 2 3 5 1988 2268 1564 2269
13066 4 2 3 5 2268 1988 1564 1530
13067 4 2 3 5 2388 626 651 607
13068 4 2 3 5 2388 1785 607 651
13069 4 2 3 5 834 1472 1368 837
13070 4 2 3 5 586 2184 2159 618
13071 4 2 3 5 1518 1327 914 985
13072 4 2 3 5 1437 1038 970 1039
13073 4 2 3 5 916 834 1368 837
13074 4 2 3 5 1472 916 1368 837
13075 4 2 3 5 924 1472 837 1470
13076 4 2 3 5 1000 1045 1411 964
13077 4 2 3 5 586 2669 2184 618
13078 4 2 3 5 1000 159 1045 964
13079 4 2 3 5 1419 1031 801 1434
13080 4 2 3 5 1771 1430 1427 1296
13081 4 2 3 5 2196 2195 2159 618
13082 4 2 3 5 503 2195 2196 618
13083 4 2 3 5 987 142 796 1418
13084 4 2 3 5 1427 1028 1030 1041
13085 4 2 3 5 2314 1017 1429 1557
13086 4 2 3 5 1771 2111 1427 2116
13087 4 2 3 5 2211 2809 2802 1428
13088 4 2 3 5 2211 2462 2113 2802
13089 4 2 3 5 1565 1021 1028 1029
13090 4 2 3 5 1430 1565 1028 1029
13091 4 2 3 5 1427 1436 1417 1041
13092 4 2 3 5 1043 1007 1417 1041
13093 4 2 3 5 1043 1417 1030 1041
13094 4 2 3 5 1425 1022 1545 1025
13095 4 2 3 5 1022 1545 1578 1439
13096 4 2 3 5 1042 151 1002 1008
13097 4 2 3 5 1405 923 926 1435
13098 4 2 3 5 1016 1545 1019 2321
13099 4 2 3 5 2541 2026 1575 1980
13100 4 2 3 5 923 1042 1002 1435
13101 4 2 3 5 2026 2549 1575 1980
13102 4 2 3 5 2250 2523 661 629
13103 4 2 3 5 1077 1447 1061 1051
13104 4 2 3 5 1447 1060 1061 1051
13105 4 2 3 5 2250 2032 2523 629
13106 4 2 3 5 646 2250 661 629
13107 4 2 3 5 1442 1447 1060 1062
13108 4 2 3 5 1441 1071 2887 1068
13109 4 2 3 5 1441 1461 2889 2890
13110 4 2 3 5 646 2032 2250 629
13111 4 2 3 5 1442 1068 2889 2888
13112 4 2 3 5 2669 583 640 618
13113 4 2 3 5 2770 2669 640 618
13114 4 2 3 5 2303 2286 2287 1648
13115 4 2 3 5 2549 2026 1575 2541
13116 4 2 3 5 2549 2033 1575 1980
13117 4 2 3 5 1056 1389 1085 178
13118 4 2 3 5 2566 2076 2565 2261
13119 4 2 3 5 2033 2549 1575 2546
13120 4 2 3 5 1579 2744 2835 2824
13121 4 2 3 5 1961 1962 2574 2510
13122 4 2 3 5 1962 2006 2514 2510
13123 4 2 3 5 1462 1070 1095 1073
13124 4 2 3 5 994 176 805 1052
13125 4 2 3 5 1052 175 805 1096
13126 4 2 3 5 994 176 1052 1084
13127 4 2 3 5 175 954 805 1096
13128 4 2 3 5 2825 2744 2826 1586
13129 4 2 3 5 2797 2826 2031 1513
13130 4 2 3 5 1619 1588 1514 1620
13131 4 2 3 5 1619 1620 1514 1300
13132 4 2 3 5 1438 1437 1348 1514
13133 4 2 3 5 1437 1438 1433 1514
13134 4 2 3 5 2533 1519 1300 1514
13135 4 2 3 5 1962 1961 2006 2510
13136 4 2 3 5 936 965 1445 810
13137 4 2 3 5 1369 965 1386 1459
13138 4 2 3 5 965 1409 991 160
13139 4 2 3 5 1848 1831 2074 2350
13140 4 2 3 5 1373 2343 1817 2349
13141 4 2 3 5 2079 1340 2075 2073
13142 4 2 3 5 1792 1754 1678 1796
13143 4 2 3 5 2013 1973 1552 2559
13144 4 2 3 5 1346 1905 1488 1893
13145 4 2 3 5 1894 1895 2622 1552
13146 4 2 3 5 1894 2622 1503 1552
13147 4 2 3 5 1355 2607 1487 1893
13148 4 2 3 5 2045 2004 2568 2521
13149 4 2 3 5 2622 1551 2564 1552
13150 4 2 3 5 939 2885 904 903
13151 4 2 3 5 932 957 1375 859
13152 4 2 3 5 2682 2552 2543 2833
13153 4 2 3 5 1634 2417 1637 2727
13154 4 2 3 5 2584 2579 2585 1553
13155 4 2 3 5 889 940 958 1343
13156 4 2 3 5 1377 2662 2663 1397
13157 4 2 3 5 2661 2399 2662 2663
13158 4 2 3 5 1655 1343 2399 1746
13159 4 2 3 5 2661 1654 2663 2198
13160 4 2 3 5 1378 1655 1653 1766
13161 4 2 3 5 2662 2164 2663 1397
13162 4 2 3 5 2223 2164 2663 1834
13163 4 2 3 5 2390 1918 2399 2398
13164 4 2 3 5 2503 2011 2041 2477
13165 4 2 3 5 2490 1898 1899 1910
13166 4 2 3 5 1894 1342 1322 2008
13167 4 2 3 5 2475 2874 2624 2620
13168 4 2 3 5 1355 1351 1364 1487
13169 4 2 3 5 1346 1905 1353 830
13170 4 2 3 5 1905 1355 1353 830
13171 4 2 3 5 2048 2049 1358 1364
13172 4 2 3 5 911 899 876 1364
13173 4 2 3 5 804 1407 937 992
13174 4 2 3 5 1473 2048 1358 1364
13175 4 2 3 5 2634 1968 2247 2631
13176 4 2 3 5 850 848 849 1333
13177 4 2 3 5 2034 2033 2252 2631
13178 4 2 3 5 2034 2252 1318 1376
13179 4 2 3 5 1577 1319 995 953
13180 4 2 3 5 1386 2235 1456 1306
13181 4 2 3 5 977 1399 1380 1386
13182 4 2 3 5 977 1324 1399 1386
13183 4 2 3 5 1083 1076 1459 1089
13184 4 2 3 5 2235 2351 1456 1306
13185 4 2 3 5 1381 1383 2289 2290
13186 4 2 3 5 1627 2296 1702 2176
13187 4 2 3 5 2292 1695 2288 2171
13188 4 2 3 5 1320 2168 2171 2169
13189 4 2 3 5 2168 2161 2165 1812
13190 4 2 3 5 2173 2169 2171 2170
13191 4 2 3 5 2173 2170 2171 2176
13192 4 2 3 5 993 182 1094 794
13193 4 2 3 5 949 1308 1406 989
13194 4 2 3 5 2884 2886 863 1406
13195 4 2 3 5 2885 2884 863 1406
13196 4 2 3 5 1770 1765 2376 1296
13197 4 2 3 5 1427 1436 2108 1296
13198 4 2 3 5 1771 1427 2108 1296
13199 4 2 3 5 1436 1385 2108 1296
13200 4 2 3 5 1562 1430 1296 1417
13201 4 2 3 5 1771 1770 2376 1296
13202 4 2 3 5 2374 1562 2376 1296
13203 4 2 3 5 1765 2374 2376 1296
13204 4 2 3 5 1427 2111 1557 2116
13205 4 2 3 5 2112 2115 2116 2802
13206 4 2 3 5 2112 2111 2114 2116
13207 4 2 3 5 2314 1017 2116 1018
13208 4 2 3 5 1017 1427 1557 2116
13209 4 2 3 5 1048 1319 802 1439
13210 4 2 3 5 1048 1040 1439 1435
13211 4 2 3 5 2744 2797 2031 2681
13212 4 2 3 5 1405 923 1435 1519
13213 4 2 3 5 1593 1584 2153 1586
13214 4 2 3 5 2151 2202 1595 2203
13215 4 2 3 5 1408 802 1439 1435
13216 4 2 3 5 2892 1453 1455 1312
13217 4 2 3 5 1291 1452 1451 2565
13218 4 2 3 5 1453 1067 1455 1451
13219 4 2 3 5 2566 2076 1450 2565
13220 4 2 3 5 1452 1066 1451 1450
13221 4 2 3 5 2235 1369 1386 1456
13222 4 2 3 5 965 1369 1445 1459
13223 4 2 3 5 1076 1087 1454 1459
13224 4 2 3 5 2351 1454 1456 1306
13225 4 2 3 5 1324 1386 1456 1306
13226 4 2 3 5 1089 991 168 810
13227 4 2 3 5 2735 2703 5 2699
13228 4 2 3 5 1302 2095 2094 2261
13229 4 2 3 5 1448 1457 1456 1306
13230 4 2 3 5 1598 2049 1470 1358
13231 4 2 3 5 2511 2049 1470 1598
13232 4 2 3 5 2511 1472 1470 1368
13233 4 2 3 5 1368 916 1470 1358
13234 4 2 3 5 1472 916 1470 1368
13235 4 2 3 5 2049 1368 1470 1358
13236 4 2 3 5 2049 2511 1470 1368
13237 4 2 3 5 1996 1908 2762 1882
13238 4 2 3 5 2468 2605 2469 2873
13239 4 2 3 5 2610 2054 1903 2611
13240 4 2 3 5 2605 1646 2762 1903
13241 4 2 3 5 2762 2646 2716 1882
13242 4 2 3 5 1903 2610 1882 2762
13243 4 2 3 5 1773 1526 2367 1780
13244 4 2 3 5 1986 1984 1987 2454
13245 4 2 3 5 1995 1799 1492 1987
13246 4 2 3 5 1989 1988 2209 1987
13247 4 2 3 5 2396 2366 1526 2367
13248 4 2 3 5 1353 1346 1349 1893
13249 4 2 3 5 1905 1355 1364 1487
13250 4 2 3 5 1349 1342 1488 1392
13251 4 2 3 5 1342 1349 1488 1893
13252 4 2 3 5 2474 2473 2607 2609
13253 4 2 3 5 1599 1464 1616 1610
13254 4 2 3 5 1695 2296 1627 2176
13255 4 2 3 5 1464 1612 1616 1610
13256 4 2 3 5 1728 1731 1730 1703
13257 4 2 3 5 528 527 529 2657
13258 4 2 3 5 2491 2656 529 2657
13259 4 2 3 5 1908 1800 2657 2646
13260 4 2 3 5 2491 1908 2657 2646
13261 4 2 3 5 1874 1913 1914 1535
13262 4 2 3 5 2618 2065 1535 1914
13263 4 2 3 5 1890 2133 1891 1914
13264 4 2 3 5 2604 2599 2598 121
13265 4 2 3 5 2476 1503 2608 2609
13266 4 2 3 5 2145 1891 2066 1914
13267 4 2 3 5 2448 2837 1997 1580
13268 4 2 3 5 1619 1620 1515 1590
13269 4 2 3 5 1593 1620 1590 1515
13270 4 2 3 5 2108 2106 2105 2301
13271 4 2 3 5 2299 2309 1708 2300
13272 4 2 3 5 2300 1707 1542 1697
13273 4 2 3 5 1709 1699 2110 1712
13274 4 2 3 5 1427 1436 2301 2108
13275 4 2 3 5 1436 1427 2301 1429
13276 4 2 3 5 2740 92 2459 2741
13277 4 2 3 5 2147 2151 1595 2203
13278 4 2 3 5 2741 1570 2447 2459
13279 4 2 3 5 2825 2797 2678 2813
13280 4 2 3 5 2815 1582 2813 1513
13281 4 2 3 5 2680 2681 2832 2678
13282 4 2 3 5 2681 2797 2678 1585
13283 4 2 3 5 2496 2495 1510 1620
13284 4 2 3 5 2202 2214 1595 2215
13285 4 2 3 5 1467 1587 1466 1617
13286 4 2 3 5 1587 1616 1466 1617
13287 4 2 3 5 2534 2059 1572 2532
13288 4 2 3 5 2533 1616 1617 2532
13289 4 2 3 5 1597 1467 2642 1465
13290 4 2 3 5 2495 1612 1588 1616
13291 4 2 3 5 1597 1598 1616 1610
13292 4 2 3 5 913 933 1358 1599
13293 4 2 3 5 943 933 1471 1470
13294 4 2 3 5 1518 943 1471 1519
13295 4 2 3 5 2484 1598 1470 1471
13296 4 2 3 5 2058 1518 1616 1471
13297 4 2 3 5 1598 2058 1616 1471
13298 4 2 3 5 1599 1347 1471 1616
13299 4 2 3 5 1467 1587 1465 1616
13300 4 2 3 5 1601 1467 1466 1617
13301 4 2 3 5 1494 1486 1407 1350
13302 4 2 3 5 1358 1599 2642 1350
13303 4 2 3 5 1473 2048 2047 2642
13304 4 2 3 5 2483 1604 2510 2642
13305 4 2 3 5 663 2146 2149 600
13306 4 2 3 5 2765 2766 2149 2767
13307 4 2 3 5 2382 2767 573 2149
13308 4 2 3 5 2764 2494 2148 2149
13309 4 2 3 5 2148 2494 2493 2149
13310 4 2 3 5 2164 2223 2663 1397
13311 4 2 3 5 2162 2161 1632 1811
13312 4 2 3 5 2164 2662 2663 2198
13313 4 2 3 5 2164 2163 2662 2198
13314 4 2 3 5 1652 1654 2104 2198
13315 4 2 3 5 2662 2661 2663 2198
13316 4 2 3 5 1660 2161 1632 2164
13317 4 2 3 5 1955 2401 2403 1976
13318 4 2 3 5 2403 2401 2629 1976
13319 4 2 3 5 2516 2122 2121 2554
13320 4 2 3 5 2501 1615 2009 2554
13321 4 2 3 5 1955 1979 1976 2035
13322 4 2 3 5 1607 2486 2020 1606
13323 4 2 3 5 1953 1975 1954 1976
13324 4 2 3 5 1650 2701 1652 1662
13325 4 2 3 5 2701 1654 1652 1662
13326 4 2 3 5 2701 1650 1652 1668
13327 4 2 3 5 2161 1320 1664 1734
13328 4 2 3 5 1734 1320 1664 2169
13329 4 2 3 5 1744 2664 1662 1663
13330 4 2 3 5 1669 1734 1818 1834
13331 4 2 3 5 2223 2233 1834 2191
13332 4 2 3 5 1917 1918 2398 1926
13333 4 2 3 5 2146 2151 1595 2147
13334 4 2 3 5 1749 2707 1760 1536
13335 4 2 3 5 1810 1734 1811 1834
13336 4 2 3 5 1927 2188 1834 2191
13337 4 2 3 5 1967 1469 2020 2778
13338 4 2 3 5 2375 1415 1412 1805
13339 4 2 3 5 2221 2696 2714 2722
13340 4 2 3 5 2222 2218 1685 2220
13341 4 2 3 5 509 2221 110 2220
13342 4 2 3 5 2299 2309 2300 1697
13343 4 2 3 5 1731 1728 1702 1703
13344 4 2 3 5 1729 2324 1703 1730
13345 4 2 3 5 2298 2296 1702 1696
13346 4 2 3 5 1771 2111 2109 2108
13347 4 2 3 5 1770 1771 2109 2108
13348 4 2 3 5 2108 1385 2301 2105
13349 4 2 3 5 1555 2200 2301 2105
13350 4 2 3 5 1385 1436 2301 1429
13351 4 2 3 5 1436 1385 2301 2108
13352 4 2 3 5 1516 2538 2548 2537
13353 4 2 3 5 1699 1715 1713 1700
13354 4 2 3 5 2819 2836 1520 2721
13355 4 2 3 5 2156 1732 1713 1718
13356 4 2 3 5 2174 1737 2182 2774
13357 4 2 3 5 2297 2304 2305 1703
13358 4 2 3 5 1630 2324 2154 2325
13359 4 2 3 5 2325 2549 2328 2154
13360 4 2 3 5 2155 2527 2025 2028
13361 4 2 3 5 1740 2362 1795 2597
13362 4 2 3 5 1879 2145 2597 1890
13363 4 2 3 5 1889 1878 1740 2596
13364 4 2 3 5 1805 1804 1769 1806
13365 4 2 3 5 2392 1793 1757 1751
13366 4 2 3 5 2390 1918 2389 1921
13367 4 2 3 5 1804 1674 1412 1769
13368 4 2 3 5 1789 1751 1752 1769
13369 4 2 3 5 1805 1804 1412 1769
13370 4 2 3 5 1804 1790 1752 1769
13371 4 2 3 5 1527 1674 1752 1769
13372 4 2 3 5 2200 2107 1697 2301
13373 4 2 3 5 1748 1744 2104 1762
13374 4 2 3 5 1671 2707 1563 2779
13375 4 2 3 5 1743 2206 1758 86
13376 4 2 3 5 647 1743 2706 2708
13377 4 2 3 5 1776 1756 1768 1758
13378 4 2 3 5 1679 2660 2779 1563
13379 4 2 3 5 567 626 651 2780
13380 4 2 3 5 1786 1491 1779 2366
13381 4 2 3 5 2369 2804 2377 90
13382 4 2 3 5 1773 2366 2367 1526
13383 4 2 3 5 2364 2370 507 1785
13384 4 2 3 5 2396 2650 2366 2367
13385 4 2 3 5 1526 1787 2367 1780
13386 4 2 3 5 1782 2364 2365 2036
13387 4 2 3 5 2370 2369 2366 2365
13388 4 2 3 5 1775 1804 1780 1806
13389 4 2 3 5 2782 2799 2806 2827
13390 4 2 3 5 1781 2373 1774 2805
13391 4 2 3 5 2806 1512 1774 2807
13392 4 2 3 5 2837 2497 2448 2460
13393 4 2 3 5 1768 2212 2270 2372
13394 4 2 3 5 2362 1934 1795 1924
13395 4 2 3 5 1298 1749 1744 2389
13396 4 2 3 5 1365 1676 1675 1932
13397 4 2 3 5 1751 1527 1752 1769
13398 4 2 3 5 1527 1764 1769 1755
13399 4 2 3 5 1989 2209 1780 1987
13400 4 2 3 5 2467 2210 2209 1529
13401 4 2 3 5 1380 1369 1391 1370
13402 4 2 3 5 895 1372 1391 1813
13403 4 2 3 5 968 944 1920 815
13404 4 2 3 5 2348 2357 2354 2349
13405 4 2 3 5 1690 1323 1659 1747
13406 4 2 3 5 2175 855 2231 2170
13407 4 2 3 5 2271 2238 2272 1824
13408 4 2 3 5 2238 2229 1824 1736
13409 4 2 3 5 1819 1820 2236 1824
13410 4 2 3 5 2272 2271 1824 1828
13411 4 2 3 5 2756 1845 1846 1843
13412 4 2 3 5 1928 2189 2193 2344
13413 4 2 3 5 1846 2190 2193 2348
13414 4 2 3 5 1829 1830 2193 1839
13415 4 2 3 5 1689 2192 2193 1839
13416 4 2 3 5 1933 1754 1886 1796
13417 4 2 3 5 965 1004 936 1445
13418 4 2 3 5 1847 1694 1659 1747
13419 4 2 3 5 1845 1928 1937 1925
13420 4 2 3 5 1469 1607 2486 2020
13421 4 2 3 5 1847 1315 1796 1920
13422 4 2 3 5 2075 2858 1849 1551
13423 4 2 3 5 1302 2095 1832 1860
13424 4 2 3 5 2173 2177 2231 2175
13425 4 2 3 5 1373 1689 2348 1692
13426 4 2 3 5 2085 1856 1827 1860
13427 4 2 3 5 1821 1727 1631 2087
13428 4 2 3 5 1857 1841 2087 1828
13429 4 2 3 5 2423 1857 1852 1870
13430 4 2 3 5 2423 2424 2087 2427
13431 4 2 3 5 1629 2178 2180 1854
13432 4 2 3 5 2275 1629 2180 1854
13433 4 2 3 5 2240 2275 2180 1854
13434 4 2 3 5 2275 1814 1631 1855
13435 4 2 3 5 1950 2410 2411 2416
13436 4 2 3 5 2123 2596 2138 2126
13437 4 2 3 5 1911 1883 1877 2000
13438 4 2 3 5 2037 2397 523 2673
13439 4 2 3 5 1694 1315 1796 1847
13440 4 2 3 5 1393 2893 1387 2132
13441 4 2 3 5 2384 2385 1614 2052
13442 4 2 3 5 2384 1614 1902 2052
13443 4 2 3 5 2469 2500 2046 2873
13444 4 2 3 5 2760 1614 2052 1902
13445 4 2 3 5 2616 2622 2619 1503
13446 4 2 3 5 2604 2489 2624 2490
13447 4 2 3 5 2621 2066 1914 2624
13448 4 2 3 5 2353 1896 1925 1924
13449 4 2 3 5 1934 2353 1925 1924
13450 4 2 3 5 1896 2347 2353 1925
13451 4 2 3 5 1549 2347 1896 1925
13452 4 2 3 5 1929 1922 1925 1930
13453 4 2 3 5 1922 1929 1925 1924
13454 4 2 3 5 1936 2142 2132 2143
13455 4 2 3 5 2075 2079 2073 2074
13456 4 2 3 5 2892 1444 2143 1455
13457 4 2 3 5 946 866 1387 975
13458 4 2 3 5 2876 2594 2521 2581
13459 4 2 3 5 2729 2412 2584 2728
13460 4 2 3 5 2018 1957 1947 2411
13461 4 2 3 5 2584 2412 2018 2728
13462 4 2 3 5 1958 1949 2411 2416
13463 4 2 3 5 1957 1951 2728 1959
13464 4 2 3 5 2082 2084 2083 2416
13465 4 2 3 5 1870 1949 1958 2416
13466 4 2 3 5 2086 1870 1958 2416
13467 4 2 3 5 1852 1825 1854 1855
13468 4 2 3 5 2413 2430 2768 2425
13469 4 2 3 5 1949 2413 2768 2426
13470 4 2 3 5 1870 2086 1958 2427
13471 4 2 3 5 1363 2885 2883 1970
13472 4 2 3 5 2412 1957 2018 2728
13473 4 2 3 5 1964 1603 1344 1553
13474 4 2 3 5 1544 1559 2328 2331
13475 4 2 3 5 2524 2527 2024 2526
13476 4 2 3 5 2336 2522 2400 495
13477 4 2 3 5 2033 1635 1575 1980
13478 4 2 3 5 1635 2541 1575 1980
13479 4 2 3 5 2808 2211 2809 1991
13480 4 2 3 5 1426 2809 2463 1991
13481 4 2 3 5 2809 2462 2463 1991
13482 4 2 3 5 2461 2463 1991 2458
13483 4 2 3 5 2461 2462 1991 2463
13484 4 2 3 5 2004 2045 2569 2014
13485 4 2 3 5 2501 2040 2053 2009
13486 4 2 3 5 2010 2016 2579 2014
13487 4 2 3 5 2016 2010 2002 2014
13488 4 2 3 5 1971 2016 2002 2014
13489 4 2 3 5 2470 2040 2009 2053
13490 4 2 3 5 2607 1353 2608 1893
13491 4 2 3 5 2594 2876 2521 2568
13492 4 2 3 5 2045 2012 2014 2521
13493 4 2 3 5 1973 2013 2565 2559
13494 4 2 3 5 1444 1936 2132 2143
13495 4 2 3 5 1605 1601 2532 1617
13496 4 2 3 5 1979 2524 2024 1980
13497 4 2 3 5 2545 1979 2024 1980
13498 4 2 3 5 2029 2833 1981 1521
13499 4 2 3 5 2545 2022 2541 2024
13500 4 2 3 5 592 554 2284 576
13501 4 2 3 5 1601 1605 2532 1606
13502 4 2 3 5 1967 1968 1975 2020
13503 4 2 3 5 2017 1967 1953 2778
13504 4 2 3 5 2778 1953 1976 2020
13505 4 2 3 5 1357 1506 2631 1968
13506 4 2 3 5 2745 2731 1953 2629
13507 4 2 3 5 2760 2501 2046 1615
13508 4 2 3 5 1906 2040 2873 2471
13509 4 2 3 5 1902 2040 2471 2873
13510 4 2 3 5 1883 1912 2056 1996
13511 4 2 3 5 1912 1883 2056 2000
13512 4 2 3 5 1907 1883 2056 1996
13513 4 2 3 5 1911 1883 2056 1907
13514 4 2 3 5 1645 2386 2762 1903
13515 4 2 3 5 2386 1645 2762 1996
13516 4 2 3 5 2063 664 2125 585
13517 4 2 3 5 1803 2685 2137 2695
13518 4 2 3 5 2137 562 2647 585
13519 4 2 3 5 635 2610 2763 122
13520 4 2 3 5 2067 2611 2603 2488
13521 4 2 3 5 1500 2648 2646 2716
13522 4 2 3 5 2067 2062 2763 2488
13523 4 2 3 5 2534 2059 2532 1606
13524 4 2 3 5 2059 1602 2532 1606
13525 4 2 3 5 2023 1591 2542 2543
13526 4 2 3 5 1840 2424 1858 2087
13527 4 2 3 5 1840 2423 2424 2087
13528 4 2 3 5 1830 1325 1691 1689
13529 4 2 3 5 1815 1305 1822 1692
13530 4 2 3 5 2098 2097 2121 2099
13531 4 2 3 5 2122 1609 2099 2509
13532 4 2 3 5 1709 1684 2110 1706
13533 4 2 3 5 1697 2300 2295 2301
13534 4 2 3 5 2719 1667 1668 1697
13535 4 2 3 5 2309 1707 1708 2300
13536 4 2 3 5 1465 1463 2203 2641
13537 4 2 3 5 2214 2057 2215 2636
13538 4 2 3 5 1463 2151 2203 2641
13539 4 2 3 5 657 2146 1595 491
13540 4 2 3 5 506 637 2121 638
13541 4 2 3 5 1523 1463 2641 2767
13542 4 2 3 5 2643 2101 2641 1523
13543 4 2 3 5 1885 1889 2131 1940
13544 4 2 3 5 1889 2133 2131 1940
13545 4 2 3 5 2065 2615 1534 2131
13546 4 2 3 5 2615 2616 1534 2131
13547 4 2 3 5 2616 2615 2065 2131
13548 4 2 3 5 1352 1367 1339 825
13549 4 2 3 5 1393 2617 2893 2078
13550 4 2 3 5 1511 2837 1997 2460
13551 4 2 3 5 2497 95 2499 2153
13552 4 2 3 5 725 95 96 2499
13553 4 2 3 5 657 2151 1595 2146
13554 4 2 3 5 1622 1546 1499 1510
13555 4 2 3 5 1644 2167 1926 2663
13556 4 2 3 5 2224 1644 1926 2663
13557 4 2 3 5 2166 2223 1632 2164
13558 4 2 3 5 2162 2166 1632 2164
13559 4 2 3 5 809 2163 1381 1397
13560 4 2 3 5 166 1383 1381 809
13561 4 2 3 5 1385 1766 2105 2108
13562 4 2 3 5 2199 1651 2198 2289
13563 4 2 3 5 165 164 973 1397
13564 4 2 3 5 1826 2179 2175 2174
13565 4 2 3 5 1825 1826 2175 2174
13566 4 2 3 5 1826 1825 2175 2239
13567 4 2 3 5 2172 1320 2171 1664
13568 4 2 3 5 680 654 616 2186
13569 4 2 3 5 6 2358 2187 2753
13570 4 2 3 5 2338 2347 2187 2355
13571 4 2 3 5 2750 2714 2769 1763
13572 4 2 3 5 2733 2718 2674 2769
13573 4 2 3 5 115 2346 2338 654
13574 4 2 3 5 2338 2347 2345 2339
13575 4 2 3 5 2690 2201 2196 2197
13576 4 2 3 5 2201 2690 2692 2197
13577 4 2 3 5 2195 2690 2196 2197
13578 4 2 3 5 2185 642 2159 2218
13579 4 2 3 5 587 642 2159 2185
13580 4 2 3 5 652 2724 130 684
13581 4 2 3 5 2805 2380 2270 1774
13582 4 2 3 5 2798 2799 2208 715
13583 4 2 3 5 2781 2798 2208 715
13584 4 2 3 5 137 681 513 2226
13585 4 2 3 5 2538 2539 2548 2543
13586 4 2 3 5 2222 2219 2226 2225
13587 4 2 3 5 2538 1591 2539 2543
13588 4 2 3 5 569 685 643 2242
13589 4 2 3 5 1809 685 2242 2225
13590 4 2 3 5 2243 2244 2185 2242
13591 4 2 3 5 877 873 1625 2230
13592 4 2 3 5 873 877 1661 2230
13593 4 2 3 5 1661 2233 2230 1390
13594 4 2 3 5 1629 2275 2276 1854
13595 4 2 3 5 1852 1825 2174 1854
13596 4 2 3 5 1737 1852 1854 1724
13597 4 2 3 5 1857 1841 1852 1855
13598 4 2 3 5 2178 1737 2174 1854
13599 4 2 3 5 1975 1968 2247 2020
13600 4 2 3 5 1975 1548 2247 2631
13601 4 2 3 5 1548 2252 2631 2404
13602 4 2 3 5 1955 1863 1724 1954
13603 4 2 3 5 2252 2034 2631 1376
13604 4 2 3 5 2035 1955 1724 1954
13605 4 2 3 5 1953 1975 2410 1954
13606 4 2 3 5 137 746 2753 2263
13607 4 2 3 5 2752 2871 2753 2263
13608 4 2 3 5 2256 2257 2845 2264
13609 4 2 3 5 2731 2730 612 684
13610 4 2 3 5 2265 2479 769 2264
13611 4 2 3 5 2238 2243 2272 1824
13612 4 2 3 5 2244 2712 2713 2274
13613 4 2 3 5 631 2713 2080 2273
13614 4 2 3 5 2423 631 2080 2273
13615 4 2 3 5 2713 2423 2080 2273
13616 4 2 3 5 1857 1841 2274 1852
13617 4 2 3 5 1624 1819 1824 2169
13618 4 2 3 5 2283 2281 2284 1724
13619 4 2 3 5 1955 2401 2402 2284
13620 4 2 3 5 554 2251 551 2284
13621 4 2 3 5 2251 1955 2284 1724
13622 4 2 3 5 1955 1863 2284 1724
13623 4 2 3 5 1955 2402 2251 2284
13624 4 2 3 5 1701 1704 1696 1697
13625 4 2 3 5 2169 2173 2171 2176
13626 4 2 3 5 2162 2172 1651 2198
13627 4 2 3 5 2296 1695 1696 2294
13628 4 2 3 5 1695 2296 2293 2294
13629 4 2 3 5 1630 2249 2154 1722
13630 4 2 3 5 2028 2027 2024 2328
13631 4 2 3 5 2027 2549 2328 1544
13632 4 2 3 5 2307 2298 1703 1702
13633 4 2 3 5 1630 1729 2181 2154
13634 4 2 3 5 1728 1731 2025 2328
13635 4 2 3 5 2298 2296 1703 1702
13636 4 2 3 5 2286 653 2749 2315
13637 4 2 3 5 1731 2522 2323 1728
13638 4 2 3 5 2329 2308 1730 2330
13639 4 2 3 5 1630 2324 2327 2181
13640 4 2 3 5 2670 2669 1719 2774
13641 4 2 3 5 2669 2773 2749 2774
13642 4 2 3 5 2297 1395 2306 2176
13643 4 2 3 5 2298 2307 1703 2305
13644 4 2 3 5 1702 2183 1703 2182
13645 4 2 3 5 1395 2175 2306 2176
13646 4 2 3 5 2691 2710 1681 2717
13647 4 2 3 5 1922 1927 2339 1549
13648 4 2 3 5 1837 2347 2338 2339
13649 4 2 3 5 2186 2750 2187 2769
13650 4 2 3 5 504 2352 2345 116
13651 4 2 3 5 1916 504 2345 116
13652 4 2 3 5 2353 116 2355 2345
13653 4 2 3 5 1453 2892 2143 1312
13654 4 2 3 5 2095 2349 2073 1849
13655 4 2 3 5 2858 2095 1849 1832
13656 4 2 3 5 2354 2357 2360 1849
13657 4 2 3 5 2260 2357 1849 2601
13658 4 2 3 5 2858 2260 1849 2601
13659 4 2 3 5 2260 2858 1849 1832
13660 4 2 3 5 2075 1340 1849 2073
13661 4 2 3 5 1551 2858 1849 2072
13662 4 2 3 5 2145 1914 1899 1898
13663 4 2 3 5 2858 2601 1849 2072
13664 4 2 3 5 1936 2142 2073 1849
13665 4 2 3 5 2095 2858 1849 2073
13666 4 2 3 5 2095 1832 2349 1849
13667 4 2 3 5 1694 1848 2349 1849
13668 4 2 3 5 1789 1775 1780 1526
13669 4 2 3 5 1491 1786 2367 2366
13670 4 2 3 5 1985 1989 2209 2811
13671 4 2 3 5 2373 1775 1767 1780
13672 4 2 3 5 86 87 1758 2780
13673 4 2 3 5 2370 2371 507 1785
13674 4 2 3 5 2396 2395 2388 1785
13675 4 2 3 5 2206 1759 1680 1758
13676 4 2 3 5 2395 626 607 522
13677 4 2 3 5 1539 2643 2383 2767
13678 4 2 3 5 2724 2730 2731 684
13679 4 2 3 5 2102 2644 2383 533
13680 4 2 3 5 1524 1539 2383 2767
13681 4 2 3 5 534 2387 2492 2383
13682 4 2 3 5 534 533 2383 2492
13683 4 2 3 5 2730 652 612 684
13684 4 2 3 5 1923 1939 1791 2393
13685 4 2 3 5 1923 2392 1791 1881
13686 4 2 3 5 1656 940 1675 1343
13687 4 2 3 5 2392 2391 2393 1752
13688 4 2 3 5 1884 1939 2652 1533
13689 4 2 3 5 2064 2129 2068 2652
13690 4 2 3 5 1789 1750 1751 1769
13691 4 2 3 5 1674 2391 1752 1675
13692 4 2 3 5 1950 1634 2414 2410
13693 4 2 3 5 2414 2415 2631 1371
13694 4 2 3 5 2276 1336 2415 2083
13695 4 2 3 5 2034 1576 2546 2631
13696 4 2 3 5 2414 1634 2631 2410
13697 4 2 3 5 2724 652 2730 684
13698 4 2 3 5 1967 1469 2630 2020
13699 4 2 3 5 1362 1336 1371 2415
13700 4 2 3 5 1362 2276 1376 1318
13701 4 2 3 5 848 1332 849 1333
13702 4 2 3 5 1362 2415 1371 1376
13703 4 2 3 5 2049 2511 2642 1598
13704 4 2 3 5 2033 2546 1635 2631
13705 4 2 3 5 2429 2428 2427 2424
13706 4 2 3 5 2087 2086 2427 1871
13707 4 2 3 5 1858 2424 2480 1871
13708 4 2 3 5 1870 1949 2426 2427
13709 4 2 3 5 1857 2423 2427 1870
13710 4 2 3 5 2830 1517 2831 2449
13711 4 2 3 5 2458 2463 1413 2449
13712 4 2 3 5 1024 1049 1413 1440
13713 4 2 3 5 2462 2211 1992 1294
13714 4 2 3 5 2459 2457 2460 2465
13715 4 2 3 5 93 2741 2447 2459
13716 4 2 3 5 2228 93 2447 2459
13717 4 2 3 5 93 92 2741 2459
13718 4 2 3 5 92 93 2228 2459
13719 4 2 3 5 1570 2228 2459 2460
13720 4 2 3 5 1985 2456 2465 1568
13721 4 2 3 5 2556 2472 1475 2470
13722 4 2 3 5 2010 2572 2001 2053
13723 4 2 3 5 2556 1475 2007 2470
13724 4 2 3 5 2007 2556 2470 2053
13725 4 2 3 5 2483 1597 2642 1598
13726 4 2 3 5 2475 2041 2471 2608
13727 4 2 3 5 2501 1902 2040 2470
13728 4 2 3 5 2501 2050 1902 2470
13729 4 2 3 5 1467 1596 1504 1465
13730 4 2 3 5 2485 1607 1606 2486
13731 4 2 3 5 1524 2767 2383 2382
13732 4 2 3 5 2387 1537 1525 2492
13733 4 2 3 5 1537 1645 1525 2492
13734 4 2 3 5 1645 1539 2492 1524
13735 4 2 3 5 533 2644 2383 2492
13736 4 2 3 5 536 534 535 2383
13737 4 2 3 5 1537 1524 2492 2387
13738 4 2 3 5 1537 1645 2492 1524
13739 4 2 3 5 2475 2041 2477 1910
13740 4 2 3 5 2605 1906 2469 2873
13741 4 2 3 5 2049 2555 2514 1368
13742 4 2 3 5 2511 2049 2514 1368
13743 4 2 3 5 1604 1480 2642 1465
13744 4 2 3 5 2484 1468 2513 2510
13745 4 2 3 5 2511 2484 2513 2510
13746 4 2 3 5 2513 1961 2574 2510
13747 4 2 3 5 2529 101 102 2525
13748 4 2 3 5 2542 2023 1521 1981
13749 4 2 3 5 1716 2155 2331 1981
13750 4 2 3 5 2527 2528 2525 1981
13751 4 2 3 5 2542 2028 1521 2548
13752 4 2 3 5 1405 1522 1574 2534
13753 4 2 3 5 2542 2538 2548 2543
13754 4 2 3 5 1591 2023 2542 1642
13755 4 2 3 5 1545 2550 1578 2548
13756 4 2 3 5 1571 2059 1640 1642
13757 4 2 3 5 1591 2538 2542 2543
13758 4 2 3 5 2534 2536 1642 2537
13759 4 2 3 5 2549 2026 2541 2547
13760 4 2 3 5 2026 2549 2027 2547
13761 4 2 3 5 2550 2029 2543 2030
13762 4 2 3 5 2538 2542 2548 2537
13763 4 2 3 5 1487 2607 2608 1893
13764 4 2 3 5 1503 1894 1893 1887
13765 4 2 3 5 1554 1973 1299 2559
13766 4 2 3 5 1742 1846 1942 1943
13767 4 2 3 5 2579 2573 2014 1508
13768 4 2 3 5 2407 2260 2408 2856
13769 4 2 3 5 2855 1945 2878 2259
13770 4 2 3 5 1971 2016 2581 2002
13771 4 2 3 5 2875 2568 2504 2521
13772 4 2 3 5 2002 2878 2581 2014
13773 4 2 3 5 784 128 2592 129
13774 4 2 3 5 784 129 2592 2586
13775 4 2 3 5 127 126 2520 2519
13776 4 2 3 5 2567 126 2520 127
13777 4 2 3 5 632 127 128 2570
13778 4 2 3 5 2870 1879 2602 2359
13779 4 2 3 5 1879 2870 2602 2865
13780 4 2 3 5 2561 2562 2521 2554
13781 4 2 3 5 1366 818 820 821
13782 4 2 3 5 1931 1923 1921 1932
13783 4 2 3 5 1534 2129 1359 2614
13784 4 2 3 5 2472 2041 2477 2608
13785 4 2 3 5 2607 2051 2471 2052
13786 4 2 3 5 2043 2475 2624 2620
13787 4 2 3 5 1874 2070 2603 2620
13788 4 2 3 5 2627 2776 2628 2635
13789 4 2 3 5 2776 2627 2633 2635
13790 4 2 3 5 2520 2561 2521 2554
13791 4 2 3 5 2402 549 2635 2639
13792 4 2 3 5 2402 2401 2635 549
13793 4 2 3 5 2561 2520 2553 2554
13794 4 2 3 5 1607 1469 1641 2020
13795 4 2 3 5 2778 1469 2020 1641
13796 4 2 3 5 531 603 529 2492
13797 4 2 3 5 1616 2058 1617 2532
13798 4 2 3 5 2648 2069 2062 1873
13799 4 2 3 5 2761 2759 2762 1646
13800 4 2 3 5 2603 659 498 121
13801 4 2 3 5 571 2387 1525 2656
13802 4 2 3 5 571 2491 2387 2656
13803 4 2 3 5 1786 1525 2656 1998
13804 4 2 3 5 2464 1779 2377 1998
13805 4 2 3 5 1786 1491 1998 1779
13806 4 2 3 5 1491 2464 1998 1779
13807 4 2 3 5 571 1525 1998 2656
13808 4 2 3 5 2655 1786 2656 1998
13809 4 2 3 5 633 572 634 1998
13810 4 2 3 5 572 2655 2656 1998
13811 4 2 3 5 2059 1602 1572 2532
13812 4 2 3 5 1885 2128 1877 1940
13813 4 2 3 5 1803 2123 2125 2126
13814 4 2 3 5 120 2144 2138 119
13815 4 2 3 5 2667 1803 2137 2126
13816 4 2 3 5 2125 664 2063 2138
13817 4 2 3 5 1789 1790 1802 1801
13818 4 2 3 5 1643 2744 2539 2677
13819 4 2 3 5 1794 2676 1531 2695
13820 4 2 3 5 1739 2676 2688 1531
13821 4 2 3 5 1791 2038 1877 1802
13822 4 2 3 5 1939 1884 1877 1791
13823 4 2 3 5 718 736 2213 2796
13824 4 2 3 5 1671 1743 1563 1758
13825 4 2 3 5 2781 707 716 689
13826 4 2 3 5 679 114 5 2699
13827 4 2 3 5 2201 2692 2711 2698
13828 4 2 3 5 647 514 2706 2103
13829 4 2 3 5 2707 2779 1670 2711
13830 4 2 3 5 2718 650 2674 683
13831 4 2 3 5 2186 2750 2769 1763
13832 4 2 3 5 1326 2291 2295 1434
13833 4 2 3 5 1709 1712 2817 1520
13834 4 2 3 5 1712 2207 2817 1520
13835 4 2 3 5 1732 2156 1713 1700
13836 4 2 3 5 2821 1710 2822 1520
13837 4 2 3 5 1710 1709 2817 1520
13838 4 2 3 5 2207 1710 2817 1520
13839 4 2 3 5 2207 1712 1718 1520
13840 4 2 3 5 136 2254 137 2253
13841 4 2 3 5 513 2219 2226 656
13842 4 2 3 5 136 1809 2253 513
13843 4 2 3 5 137 2715 2253 2753
13844 4 2 3 5 2151 2202 2204 2640
13845 4 2 3 5 1463 1465 2203 1504
13846 4 2 3 5 1453 1291 1451 2565
13847 4 2 3 5 1452 1450 1451 2565
13848 4 2 3 5 1587 1588 1616 1617
13849 4 2 3 5 1587 1588 1617 1590
13850 4 2 3 5 136 2254 2265 2264
13851 4 2 3 5 2254 137 2753 2264
13852 4 2 3 5 2263 2871 2753 2264
13853 4 2 3 5 769 2479 2256 2264
13854 4 2 3 5 2266 2257 2872 2264
13855 4 2 3 5 2611 2610 1904 1909
13856 4 2 3 5 2607 2051 2052 1481
13857 4 2 3 5 653 675 2749 508
13858 4 2 3 5 1719 2316 2774 2749
13859 4 2 3 5 1668 2199 1664 1652
13860 4 2 3 5 2287 1667 1664 1558
13861 4 2 3 5 1729 1728 2182 2154
13862 4 2 3 5 2533 2534 2532 2535
13863 4 2 3 5 693 93 2828 722
13864 4 2 3 5 94 95 2498 2497
13865 4 2 3 5 2784 714 711 722
13866 4 2 3 5 2784 2431 722 2828
13867 4 2 3 5 2228 93 2828 2498
13868 4 2 3 5 2431 2228 722 2828
13869 4 2 3 5 1540 2794 2829 2499
13870 4 2 3 5 1511 2795 1580 2829
13871 4 2 3 5 2825 1582 2795 2826
13872 4 2 3 5 2825 2792 2795 1582
13873 4 2 3 5 1540 2837 2829 2828
13874 4 2 3 5 1511 2837 2785 2829
13875 4 2 3 5 2379 2810 2806 1783
13876 4 2 3 5 2461 2458 1992 1997
13877 4 2 3 5 2462 1294 1992 1991
13878 4 2 3 5 1512 1784 1774 2807
13879 4 2 3 5 2461 1997 1992 1580
13880 4 2 3 5 1512 2827 1778 2807
13881 4 2 3 5 1990 2457 1992 1991
13882 4 2 3 5 2837 1511 2785 2460
13883 4 2 3 5 2810 1566 2795 2785
13884 4 2 3 5 2819 2836 2821 1520
13885 4 2 3 5 2213 1512 2208 2817
13886 4 2 3 5 1711 1512 2213 2817
13887 4 2 3 5 2335 105 695 106
13888 4 2 3 5 734 725 2499 95
13889 4 2 3 5 94 734 2498 95
13890 4 2 3 5 94 734 693 2498
13891 4 2 3 5 1540 2837 2828 2498
13892 4 2 3 5 93 2228 2447 2498
13893 4 2 3 5 2841 2869 2840 2504
13894 4 2 3 5 2567 764 2840 2504
13895 4 2 3 5 2864 2854 2862 2867
13896 4 2 3 5 759 2859 754 2851
13897 4 2 3 5 2406 774 2851 2748
13898 4 2 3 5 1861 2090 2849 2850
13899 4 2 3 5 2090 2847 2849 2850
13900 4 2 3 5 2406 2847 2090 2850
13901 4 2 3 5 2039 2855 2259 1943
13902 4 2 3 5 2880 2407 1959 2420
13903 4 2 3 5 2852 753 2861 2838
13904 4 2 3 5 2852 2863 2861 753
13905 4 2 3 5 2489 2490 2868 2507
13906 4 2 3 5 1308 2886 2889 1406
13907 4 2 3 5 906 907 1458 2883
13908 4 2 3 5 1461 1308 2889 1406
13909 4 2 3 5 2015 1966 2576 2575
13910 4 2 3 5 1966 2015 2576 2578
13911 4 2 3 5 2574 1603 1600 2576
13912 4 2 3 5 1363 844 903 847
13913 4 2 3 5 1313 1361 2130 2132
13914 4 2 3 5 1338 1352 1887 1888
13915 4 2 3 5 1361 866 865 1387
13916 4 2 3 5 1361 1313 1393 2078
13917 4 2 3 5 737 106 2721 695
13918 4 2 3 5 85 689 5 2796
13919 4 2 3 5 2719 2720 2158 2311
13920 4 2 3 5 2699 2703 5 107
13921 4 2 3 5 2158 679 107 2699
13922 4 2 3 5 106 2335 2721 695
13923 4 2 3 5 679 653 2158 107
13924 4 2 3 5 95 2150 639 491
13925 4 2 3 5 663 657 491 2146
13926 4 2 3 5 721 2380 728 732
13927 4 2 3 5 2799 2380 694 728
13928 4 2 3 5 2737 2705 2796 5
13929 4 2 3 5 2380 720 721 728
13930 4 2 3 5 2736 2735 2705 2737
13931 4 2 3 5 114 2659 673 2702
13932 4 2 3 5 2596 1794 2361 1795
13933 4 2 3 5 499 2123 621 118
13934 4 2 3 5 2123 499 2124 118
13935 4 2 3 5 621 2352 117 118
13936 4 2 3 5 2352 2362 117 118
13937 4 2 3 5 2124 2596 2361 1795
13938 4 2 3 5 2352 1938 1794 2361
13939 4 2 3 5 1864 2406 2850 2748
13940 4 2 3 5 2725 2724 2747 130
13941 4 2 3 5 2725 2724 130 2591
13942 4 2 3 5 2724 131 130 684
13943 4 2 3 5 1864 2406 2748 2422
13944 4 2 3 5 2594 2876 2587 2592
13945 4 2 3 5 2747 131 2422 130
13946 4 2 3 5 2725 2591 130 129
13947 4 2 3 5 689 2705 2796 717
13948 4 2 3 5 1415 1007 1417 799
13949 4 2 3 5 879 888 881 1674
13950 4 2 3 5 1767 1750 1789 1769
13951 4 2 3 5 2705 2721 2796 717
13952 4 2 3 5 2505 2506 2868 2507
13953 4 2 3 5 1820 1828 2237 1628
13954 4 2 3 5 802 1048 1435 1002
13955 4 2 3 5 1830 1842 1691 2237
13956 4 2 3 5 1589 1425 1435 1519
13957 4 2 3 5 2845 2263 739 2264
13958 4 2 3 5 747 2263 739 2845
13959 4 2 3 5 2354 1797 1796 1892
13960 4 2 3 5 2256 2845 739 2264
13961 4 2 3 5 789 164 1374 163
13962 4 2 3 5 2256 747 739 2845
13963 4 2 3 5 2847 2848 750 777
13964 4 2 3 5 763 2847 750 777
13965 4 2 3 5 2847 763 750 2848
13966 4 2 3 5 759 763 2851 750
13967 4 2 3 5 763 2848 2851 750
13968 4 2 3 5 1308 1081 1068 1058
13969 4 2 3 5 1060 1442 1068 1058
13970 4 2 3 5 949 1081 1308 184
13971 4 2 3 5 1603 1479 1600 2576
13972 4 2 3 5 2679 2023 2677 2531
13973 4 2 3 5 2726 2725 2422 2587
13974 4 2 3 5 2591 2725 2587 2592
13975 4 2 3 5 2726 2725 2587 2591
13976 4 2 3 5 1914 2145 2598 1898
13977 4 2 3 5 2070 1914 2598 1898
13978 4 2 3 5 2541 2547 2542 2537
13979 4 2 3 5 1671 1743 1758 2780
13980 4 2 3 5 522 2395 606 607
13981 4 2 3 5 2396 2395 2687 2388
13982 4 2 3 5 1512 2213 2208 2270
13983 4 2 3 5 1821 2087 1628 1691
13984 4 2 3 5 2842 784 2586 783
13985 4 2 3 5 1821 1814 1628 2087
13986 4 2 3 5 2492 2644 2646 530
13987 4 2 3 5 532 580 2644 530
13988 4 2 3 5 531 532 2644 530
13989 4 2 3 5 580 602 2646 530
13990 4 2 3 5 2205 542 541 2487
13991 4 2 3 5 2202 2205 540 541
13992 4 2 3 5 2842 2859 2840 761
13993 4 2 3 5 554 2281 2284 2283
13994 4 2 3 5 2524 2523 2526 2400
13995 4 2 3 5 2734 2139 2598 1874
13996 4 2 3 5 550 2402 552 2246
13997 4 2 3 5 1803 2685 2667 2137
13998 4 2 3 5 521 2653 524 523
13999 4 2 3 5 499 2123 2125 584
14000 4 2 3 5 521 608 524 2673
14001 4 2 3 5 602 2658 562 2647
14002 4 2 3 5 1803 2125 2137 2126
14003 4 2 3 5 754 2859 760 761
14004 4 2 3 5 743 2842 761 783
14005 4 2 3 5 2381 573 639 2149
14006 4 2 3 5 573 663 639 2149
14007 4 2 3 5 2494 2432 2493 2149
14008 4 2 3 5 712 2783 711 704
14009 4 2 3 5 2626 2494 2493 2148
14010 4 2 3 5 2783 712 711 2784
14011 4 2 3 5 2087 1841 2241 1628
14012 4 2 3 5 659 2734 2603 2063
14013 4 2 3 5 2667 1873 2063 2647
14014 4 2 3 5 2864 2599 765 766
14015 4 2 3 5 2599 768 766 786
14016 4 2 3 5 2864 2600 766 755
14017 4 2 3 5 1814 2087 2241 1628
14018 4 2 3 5 1335 1363 1332 1637
14019 4 2 3 5 2632 581 595 546
14020 4 2 3 5 2567 126 127 772
14021 4 2 3 5 547 548 2635 546
14022 4 2 3 5 2395 626 2388 607
14023 4 2 3 5 2650 2396 2036 2687
14024 4 2 3 5 1782 2650 2036 2366
14025 4 2 3 5 1782 2395 2364 2036
14026 4 2 3 5 2201 2665 2666 113
14027 4 2 3 5 2665 2659 2666 113
14028 4 2 3 5 1335 1332 1333 1637
14029 4 2 3 5 2201 2665 113 617
14030 4 2 3 5 2665 512 113 617
14031 4 2 3 5 553 2281 2248 2251
14032 4 2 3 5 627 2250 661 2400
14033 4 2 3 5 2337 495 628 2400
14034 4 2 3 5 1727 1856 1333 1637
14035 4 2 3 5 2250 2523 627 661
14036 4 2 3 5 2764 2147 2767 2149
14037 4 2 3 5 2381 2382 573 2149
14038 4 2 3 5 1330 1335 1333 1637
14039 4 2 3 5 1335 1330 1868 1637
14040 4 2 3 5 1856 1330 1333 1637
14041 4 2 3 5 1330 1856 1868 1637
14042 4 2 3 5 993 1094 1458 794
14043 4 2 3 5 907 993 1458 794
14044 4 2 3 5 1458 907 794 1406
14045 4 2 3 5 2139 2734 2598 2138
14046 4 2 3 5 1308 1461 794 1406
14047 4 2 3 5 619 2671 2248 2278
14048 4 2 3 5 2144 2139 2598 2138
14049 4 2 3 5 1461 1308 794 1094
14050 4 2 3 5 1461 1458 794 1406
14051 4 2 3 5 1461 1094 794 1458
14052 4 2 3 5 2280 556 557 601
14053 4 2 3 5 577 2713 672 601
14054 4 2 3 5 994 1462 1052 805
14055 4 2 3 5 98 1592 2743 2835
14056 4 2 3 5 1916 1938 504 683
14057 4 2 3 5 510 615 2693 2717
14058 4 2 3 5 675 653 2749 1648
14059 4 2 3 5 2675 520 579 578
14060 4 2 3 5 1592 98 2834 2835
14061 4 2 3 5 1444 1936 1003 2132
14062 4 2 3 5 935 1444 1936 1003
14063 4 2 3 5 1933 1754 816 819
14064 4 2 3 5 944 1933 816 819
14065 4 2 3 5 1407 875 937 992
14066 4 2 3 5 1351 828 860 827
14067 4 2 3 5 1351 1355 827 1354
14068 4 2 3 5 720 2799 706 728
14069 4 2 3 5 828 1355 827 1351
14070 4 2 3 5 1329 841 838 1344
14071 4 2 3 5 2575 2578 1477 2576
14072 4 2 3 5 2669 2770 640 2749
14073 4 2 3 5 1817 1847 1659 1391
14074 4 2 3 5 1373 1817 1659 1391
14075 4 2 3 5 2799 715 706 728
14076 4 2 3 5 1374 1372 1659 1391
14077 4 2 3 5 718 2781 736 2796
14078 4 2 3 5 1372 1373 1659 1391
14079 4 2 3 5 2836 2721 717 2796
14080 4 2 3 5 1308 949 948 870
14081 4 2 3 5 813 1656 1747 1382
14082 4 2 3 5 1337 857 870 871
14083 4 2 3 5 978 1401 948 870
14084 4 2 3 5 857 1330 897 871
14085 4 2 3 5 727 2789 700 2813
14086 4 2 3 5 1582 2825 2813 1513
14087 4 2 3 5 701 2792 709 700
14088 4 2 3 5 2841 764 770 738
14089 4 2 3 5 2841 2506 738 770
14090 4 2 3 5 2594 2567 2521 2520
14091 4 2 3 5 1330 857 1337 871
14092 4 2 3 5 1370 1374 1747 1659
14093 4 2 3 5 2506 778 771 770
14094 4 2 3 5 1370 812 1920 1747
14095 4 2 3 5 1382 1374 1659 1747
14096 4 2 3 5 1694 1690 2349 1659
14097 4 2 3 5 2777 2627 687 645
14098 4 2 3 5 1847 1694 2349 1659
14099 4 2 3 5 2659 2666 1670 2711
14100 4 2 3 5 1743 647 2706 2103
14101 4 2 3 5 6 2697 108 681
14102 4 2 3 5 515 2710 2706 502
14103 4 2 3 5 2842 743 761 2840
14104 4 2 3 5 514 2659 2706 2103
14105 4 2 3 5 2710 2691 2706 502
14106 4 2 3 5 2666 2691 2706 2711
14107 4 2 3 5 2691 2666 2706 502
14108 4 2 3 5 2723 2696 1681 2722
14109 4 2 3 5 2696 2723 1681 1669
14110 4 2 3 5 2220 2696 2722 1681
14111 4 2 3 5 943 933 915 1471
14112 4 2 3 5 1685 2696 2220 1681
14113 4 2 3 5 2506 778 782 771
14114 4 2 3 5 2489 2506 782 771
14115 4 2 3 5 2506 2489 782 2866
14116 4 2 3 5 778 2506 782 2866
14117 4 2 3 5 2489 2604 782 2866
14118 4 2 3 5 175 954 1096 174
14119 4 2 3 5 922 1405 926 920
14120 4 2 3 5 1830 1862 1692 2092
14121 4 2 3 5 2324 2304 1703 2326
14122 4 2 3 5 1439 1425 1435 1025
14123 4 2 3 5 1405 922 926 923
14124 4 2 3 5 2326 2305 1703 1730
14125 4 2 3 5 2326 2304 1703 2305
14126 4 2 3 5 1006 1050 937 145
14127 4 2 3 5 1728 1702 2323 1714
14128 4 2 3 5 1033 1404 1050 804
14129 4 2 3 5 955 1404 1033 804
14130 4 2 3 5 1355 828 827 826
14131 4 2 3 5 824 1352 826 825
14132 4 2 3 5 804 1431 937 1407
14133 4 2 3 5 1315 1848 1796 1936
14134 4 2 3 5 1678 1797 1796 2354
14135 4 2 3 5 968 1004 1920 1369
14136 4 2 3 5 884 861 1341 898
14137 4 2 3 5 1352 1353 826 898
14138 4 2 3 5 1353 829 826 898
14139 4 2 3 5 1431 1006 937 1407
14140 4 2 3 5 1407 791 1440 937
14141 4 2 3 5 1006 1407 1440 937
14142 4 2 3 5 840 1603 838 1344
14143 4 2 3 5 1475 2472 1488 1487
14144 4 2 3 5 2145 2139 1914 2598
14145 4 2 3 5 2304 2324 2327 1636
14146 4 2 3 5 851 1362 849 859
14147 4 2 3 5 791 1006 1440 937
14148 4 2 3 5 1356 846 1331 1371
14149 4 2 3 5 1050 1431 937 804
14150 4 2 3 5 1362 851 849 1336
14151 4 2 3 5 1331 846 1332 1371
14152 4 2 3 5 1006 1431 937 1050
14153 4 2 3 5 1400 2886 1401 870
14154 4 2 3 5 978 1400 1401 870
14155 4 2 3 5 2886 1400 1337 870
14156 4 2 3 5 2306 2181 1703 2182
14157 4 2 3 5 2337 2671 1719 2182
14158 4 2 3 5 2884 2886 1337 870
14159 4 2 3 5 857 2884 1337 870
14160 4 2 3 5 966 1415 880 1412
14161 4 2 3 5 1731 1700 1714 2323
14162 4 2 3 5 2316 1720 2323 2322
14163 4 2 3 5 966 140 1046 799
14164 4 2 3 5 1820 2271 1828 1824
14165 4 2 3 5 2238 2229 1736 2225
14166 4 2 3 5 2271 2238 1736 2225
14167 4 2 3 5 1819 2271 1820 1824
14168 4 2 3 5 1819 2177 1624 1824
14169 4 2 3 5 836 837 838 1600
14170 4 2 3 5 1868 2729 1869 1970
14171 4 2 3 5 1678 1690 1796 1747
14172 4 2 3 5 1677 1676 1747 1678
14173 4 2 3 5 1676 1677 1747 1656
14174 4 2 3 5 1933 1920 1747 1796
14175 4 2 3 5 1437 985 970 914
14176 4 2 3 5 1437 148 970 985
14177 4 2 3 5 1347 1437 970 914
14178 4 2 3 5 1754 1933 1747 1796
14179 4 2 3 5 1694 1690 1659 1747
14180 4 2 3 5 1690 1694 1796 1747
14181 4 2 3 5 1398 1447 942 1400
14182 4 2 3 5 1398 1337 942 925
14183 4 2 3 5 894 1398 942 925
14184 4 2 3 5 1330 897 871 925
14185 4 2 3 5 2106 1762 1680 1758
14186 4 2 3 5 160 1083 991 8
14187 4 2 3 5 1087 1053 1444 1445
14188 4 2 3 5 2854 1900 2846 1844
14189 4 2 3 5 1900 2854 2846 2844
14190 4 2 3 5 2257 2845 1844 2846
14191 4 2 3 5 1765 2106 1680 1758
14192 4 2 3 5 855 852 854 2240
14193 4 2 3 5 2106 1765 1762 1758
14194 4 2 3 5 2849 2257 1844 2846
14195 4 2 3 5 956 1443 981 1458
14196 4 2 3 5 932 1394 931 1636
14197 4 2 3 5 807 1377 958 930
14198 4 2 3 5 1378 807 958 961
14199 4 2 3 5 1378 1377 958 807
14200 4 2 3 5 1874 2070 1914 2598
14201 4 2 3 5 2139 1874 1914 2598
14202 4 2 3 5 180 803 1090 179
14203 4 2 3 5 2043 2621 2476 2609
14204 4 2 3 5 1909 1904 2042 2609
14205 4 2 3 5 1554 1963 2008 2559
14206 4 2 3 5 869 1394 931 980
14207 4 2 3 5 1671 2686 2708 2780
14208 4 2 3 5 1394 869 931 1636
14209 4 2 3 5 1743 1671 2708 2780
14210 4 2 3 5 1089 1083 168 991
14211 4 2 3 5 8 1083 991 168
14212 4 2 3 5 1311 1454 1445 1459
14213 4 2 3 5 1672 1750 1767 1769
14214 4 2 3 5 1776 1767 1806 1769
14215 4 2 3 5 1756 1776 1806 1769
14216 4 2 3 5 923 1589 1435 1519
14217 4 2 3 5 153 1048 802 152
14218 4 2 3 5 1405 922 1573 920
14219 4 2 3 5 1405 1408 920 1573
14220 4 2 3 5 1666 1394 1403 2326
14221 4 2 3 5 1577 1394 1316 1403
14222 4 2 3 5 1776 1756 1767 1769
14223 4 2 3 5 1790 1804 1801 1780
14224 4 2 3 5 1733 2310 2312 2334
14225 4 2 3 5 1414 1022 1012 1014
14226 4 2 3 5 1022 1319 1012 1035
14227 4 2 3 5 1048 1040 1035 1439
14228 4 2 3 5 1319 1048 1035 1439
14229 4 2 3 5 1775 1804 1790 1780
14230 4 2 3 5 1361 1387 1003 2132
14231 4 2 3 5 1361 865 1003 1387
14232 4 2 3 5 1015 1419 1005 1014
14233 4 2 3 5 1787 1789 1801 1780
14234 4 2 3 5 142 987 141 1034
14235 4 2 3 5 1415 1007 1046 1029
14236 4 2 3 5 1034 1415 1046 1029
14237 4 2 3 5 1988 2452 1987 2453
14238 4 2 3 5 979 950 1402 793
14239 4 2 3 5 1442 1060 1401 1058
14240 4 2 3 5 2368 2268 1492 1987
14241 4 2 3 5 1789 1790 1801 1780
14242 4 2 3 5 1789 1775 1790 1780
14243 4 2 3 5 2043 1909 2042 2609
14244 4 2 3 5 1874 2611 2620 2603
14245 4 2 3 5 2611 2603 2488 2620
14246 4 2 3 5 2651 2368 1791 2394
14247 4 2 3 5 2368 2651 1791 1801
14248 4 2 3 5 2314 1420 1434 1036
14249 4 2 3 5 1420 1015 1434 1036
14250 4 2 3 5 1909 2611 2488 2620
14251 4 2 3 5 2368 1753 1295 2268
14252 4 2 3 5 1752 2393 1791 2394
14253 4 2 3 5 1911 2064 2068 2652
14254 4 2 3 5 2129 1534 2613 2614
14255 4 2 3 5 1015 1420 2314 1036
14256 4 2 3 5 2351 1454 1306 1449
14257 4 2 3 5 1448 2351 1306 1449
14258 4 2 3 5 1082 1076 1456 1055
14259 4 2 3 5 1448 1082 1061 1063
14260 4 2 3 5 1454 1455 2074 2143
14261 4 2 3 5 1076 1409 1459 1456
14262 4 2 3 5 1324 2235 1386 1306
14263 4 2 3 5 1324 2351 2235 1306
14264 4 2 3 5 2318 2320 1317 1718
14265 4 2 3 5 2539 2744 2543 2681
14266 4 2 3 5 2021 2530 1317 1718
14267 4 2 3 5 2320 2318 1317 2030
14268 4 2 3 5 2320 2156 1317 1718
14269 4 2 3 5 1422 2788 2684 2321
14270 4 2 3 5 2512 835 967 909
14271 4 2 3 5 1438 1023 1024 1047
14272 4 2 3 5 2064 1911 1885 2652
14273 4 2 3 5 2128 2129 1885 2652
14274 4 2 3 5 1939 2128 1885 2652
14275 4 2 3 5 1554 1867 2585 1964
14276 4 2 3 5 2078 2079 2132 1888
14277 4 2 3 5 1361 1313 1339 1393
14278 4 2 3 5 902 938 1339 1338
14279 4 2 3 5 1352 1338 1339 1888
14280 4 2 3 5 1366 2130 1886 1888
14281 4 2 3 5 1313 1393 2078 1339
14282 4 2 3 5 1895 2141 1892 1888
14283 4 2 3 5 1345 1346 1488 1392
14284 4 2 3 5 1552 1894 2008 1488
14285 4 2 3 5 2512 835 1600 1392
14286 4 2 3 5 2557 2555 1475 1488
14287 4 2 3 5 1926 2224 2663 1834
14288 4 2 3 5 2167 1926 2663 1834
14289 4 2 3 5 2398 2664 2663 2399
14290 4 2 3 5 1654 2664 2663 2398
14291 4 2 3 5 858 1334 864 1360
14292 4 2 3 5 1355 1502 1887 1354
14293 4 2 3 5 2474 2054 1482 2607
14294 4 2 3 5 806 1004 1370 951
14295 4 2 3 5 1815 895 1391 1813
14296 4 2 3 5 1815 1399 1817 1391
14297 4 2 3 5 1822 1815 1692 1813
14298 4 2 3 5 976 1380 1391 162
14299 4 2 3 5 162 1380 1391 1370
14300 4 2 3 5 1690 2343 1659 1323
14301 4 2 3 5 2161 2172 2198 1652
14302 4 2 3 5 1651 2199 2198 1652
14303 4 2 3 5 1644 2167 2663 2398
14304 4 2 3 5 1369 1847 1391 1370
14305 4 2 3 5 1847 1369 1391 1817
14306 4 2 3 5 1676 1754 1747 1678
14307 4 2 3 5 1078 2891 1057 1402
14308 4 2 3 5 946 1444 975 1446
14309 4 2 3 5 2892 1057 1446 1080
14310 4 2 3 5 950 173 1057 1402
14311 4 2 3 5 173 950 793 1402
14312 4 2 3 5 2892 1444 1446 1387
14313 4 2 3 5 950 866 1387 1446
14314 4 2 3 5 866 946 1387 1446
14315 4 2 3 5 172 1057 1080 1446
14316 4 2 3 5 1655 889 1412 1673
14317 4 2 3 5 1562 1673 1412 1417
14318 4 2 3 5 2374 1764 1769 1673
14319 4 2 3 5 2375 1805 1769 1806
14320 4 2 3 5 1673 2375 1562 1412
14321 4 2 3 5 1655 1674 1769 1412
14322 4 2 3 5 1655 1527 1769 1674
14323 4 2 3 5 2831 2463 2788 1423
14324 4 2 3 5 1581 2831 2788 1423
14325 4 2 3 5 2831 1581 2463 1423
14326 4 2 3 5 2462 2786 2788 1423
14327 4 2 3 5 2786 1581 2788 1423
14328 4 2 3 5 1581 2786 2462 1423
14329 4 2 3 5 1419 1420 1434 2308
14330 4 2 3 5 1666 1326 2298 1434
14331 4 2 3 5 1419 1666 2298 1434
14332 4 2 3 5 2298 2308 1434 2299
14333 4 2 3 5 1419 2308 1434 2298
14334 4 2 3 5 1444 1454 1445 1311
14335 4 2 3 5 1087 1454 1445 1444
14336 4 2 3 5 1409 1082 1456 1055
14337 4 2 3 5 1076 1409 1456 1055
14338 4 2 3 5 1449 1454 1306 1456
14339 4 2 3 5 1448 1449 1306 1456
14340 4 2 3 5 1039 1438 1024 1047
14341 4 2 3 5 1449 1064 1455 1063
14342 4 2 3 5 2049 2511 2510 2642
14343 4 2 3 5 2048 2049 2510 2642
14344 4 2 3 5 1358 1473 1364 2642
14345 4 2 3 5 660 491 1595 2625
14346 4 2 3 5 1505 1523 2204 2120
14347 4 2 3 5 2047 2048 2510 2642
14348 4 2 3 5 1364 1358 2642 1350
14349 4 2 3 5 1946 2017 1952 1965
14350 4 2 3 5 1357 1329 1476 2630
14351 4 2 3 5 2513 2575 1328 1477
14352 4 2 3 5 2630 2575 1477 1328
14353 4 2 3 5 2016 2578 2576 2579
14354 4 2 3 5 1966 1962 2576 2575
14355 4 2 3 5 921 924 1328 1476
14356 4 2 3 5 2555 1475 1487 2470
14357 4 2 3 5 2446 2440 1293 1498
14358 4 2 3 5 1495 2437 1498 2438
14359 4 2 3 5 2445 1621 1622 2438
14360 4 2 3 5 1495 2434 2437 2438
14361 4 2 3 5 1613 1509 1510 2433
14362 4 2 3 5 1463 2764 2148 2147
14363 4 2 3 5 2216 1583 2834 2625
14364 4 2 3 5 2626 1583 1509 2148
14365 4 2 3 5 660 2216 2625 1595
14366 4 2 3 5 1781 1985 2209 2811
14367 4 2 3 5 1498 2446 2444 2455
14368 4 2 3 5 1989 2450 2454 1984
14369 4 2 3 5 1986 2442 2444 2443
14370 4 2 3 5 1984 2450 2454 1986
14371 4 2 3 5 1985 1989 2454 1493
14372 4 2 3 5 1568 1985 2454 1493
14373 4 2 3 5 1759 1770 1541 1765
14374 4 2 3 5 2805 2373 1774 2372
14375 4 2 3 5 2804 2373 2372 2370
14376 4 2 3 5 2736 2106 1762 1680
14377 4 2 3 5 2582 2881 2564 2569
14378 4 2 3 5 1503 1894 1552 1488
14379 4 2 3 5 1355 1905 1353 1893
14380 4 2 3 5 1662 2660 1762 1563
14381 4 2 3 5 2702 2206 2779 2103
14382 4 2 3 5 1744 1662 1762 1563
14383 4 2 3 5 1744 2707 1662 1563
14384 4 2 3 5 2061 2634 1574 2486
14385 4 2 3 5 2634 1506 1574 2486
14386 4 2 3 5 2486 1506 1574 1476
14387 4 2 3 5 2059 2486 1574 1476
14388 4 2 3 5 99 735 2678 692
14389 4 2 3 5 709 2792 2813 700
14390 4 2 3 5 1939 2128 1877 1885
14391 4 2 3 5 713 735 2678 2823
14392 4 2 3 5 713 735 2823 726
14393 4 2 3 5 2797 2825 2815 2813
14394 4 2 3 5 1620 1643 2683 1300
14395 4 2 3 5 2005 1961 2019 1468
14396 4 2 3 5 2128 1939 1877 1881
14397 4 2 3 5 2742 1605 2215 2057
14398 4 2 3 5 2484 2058 2485 2019
14399 4 2 3 5 1607 2485 1965 2486
14400 4 2 3 5 2100 2643 2101 2641
14401 4 2 3 5 2640 2643 2641 2767
14402 4 2 3 5 1396 974 2290 882
14403 4 2 3 5 2288 2292 2290 2294
14404 4 2 3 5 1665 1695 1627 2176
14405 4 2 3 5 1544 2549 2328 2325
14406 4 2 3 5 2183 1702 1703 2176
14407 4 2 3 5 1705 2183 1627 1702
14408 4 2 3 5 1577 932 1375 1636
14409 4 2 3 5 1394 932 1577 1636
14410 4 2 3 5 1889 2596 1877 2127
14411 4 2 3 5 1362 859 931 1636
14412 4 2 3 5 2196 2770 1648 640
14413 4 2 3 5 2196 2157 1648 2197
14414 4 2 3 5 2157 2196 1648 640
14415 4 2 3 5 653 2157 1648 640
14416 4 2 3 5 2197 2771 1558 1648
14417 4 2 3 5 2669 1719 2774 2749
14418 4 2 3 5 2770 2771 1648 1647
14419 4 2 3 5 2287 2719 1558 1648
14420 4 2 3 5 653 2286 1648 2158
14421 4 2 3 5 1372 2233 1390 1658
14422 4 2 3 5 2341 2340 1373 1658
14423 4 2 3 5 2233 2341 1390 1658
14424 4 2 3 5 2233 2340 2341 1658
14425 4 2 3 5 2341 1372 1390 1658
14426 4 2 3 5 1372 2341 1373 1658
14427 4 2 3 5 1654 2167 1669 1663
14428 4 2 3 5 2167 1654 1669 1652
14429 4 2 3 5 2723 2167 1663 1669
14430 4 2 3 5 2723 1660 2167 1669
14431 4 2 3 5 1662 1654 1669 1663
14432 4 2 3 5 1654 1662 1669 1652
14433 4 2 3 5 1756 1759 1768 1758
14434 4 2 3 5 674 1743 2780 609
14435 4 2 3 5 1744 1748 1745 1758
14436 4 2 3 5 1765 1748 1758 2374
14437 4 2 3 5 2236 1820 2237 1628
14438 4 2 3 5 1302 1869 1866 2094
14439 4 2 3 5 1827 1822 1833 1860
14440 4 2 3 5 1373 1325 1689 1813
14441 4 2 3 5 1828 1842 2237 1628
14442 4 2 3 5 1661 1814 2239 2236
14443 4 2 3 5 2232 2234 2237 1816
14444 4 2 3 5 1695 1701 1702 1696
14445 4 2 3 5 2296 1695 1702 1696
14446 4 2 3 5 1705 1719 2182 2323
14447 4 2 3 5 1702 1728 2323 2182
14448 4 2 3 5 2286 106 2317 2311
14449 4 2 3 5 2156 2528 1713 1716
14450 4 2 3 5 2528 2527 2333 1716
14451 4 2 3 5 104 2522 2322 2333
14452 4 2 3 5 2179 1826 2240 1854
14453 4 2 3 5 1737 1852 2174 1854
14454 4 2 3 5 2218 2159 2225 1686
14455 4 2 3 5 2185 2238 1686 1735
14456 4 2 3 5 2229 2238 2169 1735
14457 4 2 3 5 2238 2229 1686 1735
14458 4 2 3 5 1705 2303 1647 2774
14459 4 2 3 5 2773 2771 1647 2774
14460 4 2 3 5 2238 2229 2225 1686
14461 4 2 3 5 2169 1734 1686 2160
14462 4 2 3 5 1748 1744 1745 1746
14463 4 2 3 5 1748 2664 1744 1746
14464 4 2 3 5 1918 1919 2399 2224
14465 4 2 3 5 1377 1343 2399 958
14466 4 2 3 5 2664 1748 1766 1746
14467 4 2 3 5 1748 1764 1766 1746
14468 4 2 3 5 1671 1760 2389 1744
14469 4 2 3 5 1793 2392 1757 1881
14470 4 2 3 5 1739 1793 1757 1881
14471 4 2 3 5 1918 2390 2389 2398
14472 4 2 3 5 1672 1671 2389 1745
14473 4 2 3 5 2392 1923 1757 1881
14474 4 2 3 5 1923 1880 1757 1881
14475 4 2 3 5 1759 1770 1768 1680
14476 4 2 3 5 2736 1711 1680 1768
14477 4 2 3 5 1759 2736 1680 1768
14478 4 2 3 5 2109 1772 1768 1680
14479 4 2 3 5 1777 1772 1768 2109
14480 4 2 3 5 1770 2109 1768 1680
14481 4 2 3 5 1770 1777 1768 2109
14482 4 2 3 5 1804 2267 1780 2269
14483 4 2 3 5 2464 633 634 1998
14484 4 2 3 5 2650 2655 2036 2366
14485 4 2 3 5 2369 2370 2366 1773
14486 4 2 3 5 1801 1787 1780 2367
14487 4 2 3 5 1786 1982 2655 2366
14488 4 2 3 5 1798 1912 1802 2650
14489 4 2 3 5 1989 1988 1987 2454
14490 4 2 3 5 1334 879 2394 1675
14491 4 2 3 5 1755 1672 1767 1769
14492 4 2 3 5 1939 2128 2652 1932
14493 4 2 3 5 2267 1528 1801 2268
14494 4 2 3 5 1528 2368 1801 2268
14495 4 2 3 5 2811 1989 2209 1780
14496 4 2 3 5 1775 1767 1780 1526
14497 4 2 3 5 1984 1798 2367 1491
14498 4 2 3 5 1734 1810 1811 1812
14499 4 2 3 5 1938 2675 2674 1761
14500 4 2 3 5 1916 1938 2674 1761
14501 4 2 3 5 2187 2750 2339 2769
14502 4 2 3 5 1836 1688 2192 1633
14503 4 2 3 5 1829 1830 2237 1842
14504 4 2 3 5 1836 2732 1633 1823
14505 4 2 3 5 1836 2192 1839 1633
14506 4 2 3 5 1867 2881 2094 1974
14507 4 2 3 5 1831 2351 2093 2262
14508 4 2 3 5 1815 1827 1822 1833
14509 4 2 3 5 1815 1399 1827 1833
14510 4 2 3 5 2408 1302 1860 1869
14511 4 2 3 5 2351 2096 2093 2262
14512 4 2 3 5 2871 2266 2257 1843
14513 4 2 3 5 2407 1872 2259 1865
14514 4 2 3 5 1835 1917 2339 2769
14515 4 2 3 5 2675 1938 2674 683
14516 4 2 3 5 1938 1916 2674 683
14517 4 2 3 5 1826 2240 1855 2241
14518 4 2 3 5 1357 1356 2631 1379
14519 4 2 3 5 1853 1852 1855 1870
14520 4 2 3 5 2880 1638 1865 2407
14521 4 2 3 5 2848 2849 2846 2257
14522 4 2 3 5 2092 2407 2420 1959
14523 4 2 3 5 2418 1639 1959 2420
14524 4 2 3 5 2429 1951 1864 1959
14525 4 2 3 5 1951 2429 1871 1959
14526 4 2 3 5 1872 2429 1865 1959
14527 4 2 3 5 2573 2582 2563 2014
14528 4 2 3 5 2855 2039 2259 2879
14529 4 2 3 5 2141 2135 1875 1876
14530 4 2 3 5 2135 2066 1876 2141
14531 4 2 3 5 2617 2077 1888 1338
14532 4 2 3 5 1895 2622 2141 1876
14533 4 2 3 5 2071 2066 2141 1876
14534 4 2 3 5 2622 2071 2141 1876
14535 4 2 3 5 2071 2622 2066 1876
14536 4 2 3 5 2622 1894 1503 1887
14537 4 2 3 5 1894 2622 2077 1887
14538 4 2 3 5 1355 2607 1353 2609
14539 4 2 3 5 1887 1503 2609 1893
14540 4 2 3 5 1503 2608 2609 1893
14541 4 2 3 5 2608 1353 2609 1893
14542 4 2 3 5 1905 1346 1353 1893
14543 4 2 3 5 2734 585 659 120
14544 4 2 3 5 2044 2621 1899 2622
14545 4 2 3 5 2490 2044 1899 2867
14546 4 2 3 5 1891 2141 2360 1899
14547 4 2 3 5 605 2069 2062 682
14548 4 2 3 5 1873 2069 2062 2063
14549 4 2 3 5 1793 1791 1877 1802
14550 4 2 3 5 2648 2069 1873 2647
14551 4 2 3 5 2611 1874 2620 1535
14552 4 2 3 5 121 2734 2603 659
14553 4 2 3 5 635 498 2763 682
14554 4 2 3 5 1794 1880 1931 1881
14555 4 2 3 5 1880 1794 1931 1795
14556 4 2 3 5 1924 1934 1795 1931
14557 4 2 3 5 1941 2134 1795 1931
14558 4 2 3 5 1934 1941 1795 1931
14559 4 2 3 5 1934 2134 1941 1931
14560 4 2 3 5 2189 1928 1937 2344
14561 4 2 3 5 1928 2189 1937 1925
14562 4 2 3 5 1941 1934 1925 1937
14563 4 2 3 5 1930 2189 1937 2344
14564 4 2 3 5 2190 1690 1937 2344
14565 4 2 3 5 1362 2034 1376 859
14566 4 2 3 5 1968 1967 1975 2410
14567 4 2 3 5 2276 1362 1376 2415
14568 4 2 3 5 905 839 1964 2882
14569 4 2 3 5 1974 1867 1970 2094
14570 4 2 3 5 1363 844 843 903
14571 4 2 3 5 1308 1401 948 1058
14572 4 2 3 5 2585 1867 1553 1964
14573 4 2 3 5 840 842 843 1344
14574 4 2 3 5 840 839 1603 1964
14575 4 2 3 5 905 839 840 1964
14576 4 2 3 5 2275 1854 1855 2083
14577 4 2 3 5 1944 1723 1724 1954
14578 4 2 3 5 1548 2252 2404 1954
14579 4 2 3 5 2017 1956 1953 2410
14580 4 2 3 5 1949 1956 2746 2411
14581 4 2 3 5 2511 2483 2642 1598
14582 4 2 3 5 2583 2018 2411 2728
14583 4 2 3 5 2442 2740 2444 1621
14584 4 2 3 5 1496 2452 1497 2443
14585 4 2 3 5 2268 2452 1492 1987
14586 4 2 3 5 2267 2268 1987 2269
14587 4 2 3 5 2269 2267 1780 1987
14588 4 2 3 5 1988 2452 2268 1987
14589 4 2 3 5 2268 1988 1987 2269
14590 4 2 3 5 2447 2228 2460 2498
14591 4 2 3 5 1293 2446 1413 2449
14592 4 2 3 5 2461 2463 2458 2449
14593 4 2 3 5 2446 2457 1997 2741
14594 4 2 3 5 2457 1990 1992 2460
14595 4 2 3 5 1498 2445 2438 2444
14596 4 2 3 5 2837 2448 1997 2460
14597 4 2 3 5 1299 2882 2559 1974
14598 4 2 3 5 1299 2882 1964 2559
14599 4 2 3 5 1973 2261 2565 2013
14600 4 2 3 5 1963 2008 2559 1392
14601 4 2 3 5 1346 1345 832 1392
14602 4 2 3 5 2346 2718 2674 683
14603 4 2 3 5 2058 1602 2485 2019
14604 4 2 3 5 2058 1601 1602 2019
14605 4 2 3 5 2331 2156 2029 2030
14606 4 2 3 5 2320 2156 2331 2030
14607 4 2 3 5 2550 2331 2029 2030
14608 4 2 3 5 2029 2021 2833 2030
14609 4 2 3 5 2472 1503 2608 2477
14610 4 2 3 5 2621 2066 2619 1914
14611 4 2 3 5 2615 2618 2609 2619
14612 4 2 3 5 2066 2621 2619 1876
14613 4 2 3 5 2472 2556 2557 2053
14614 4 2 3 5 2517 2553 2121 2554
14615 4 2 3 5 2622 1485 2563 2477
14616 4 2 3 5 2475 2043 2477 2476
14617 4 2 3 5 2384 2050 2051 2052
14618 4 2 3 5 2050 2384 1902 2052
14619 4 2 3 5 1646 2759 2762 2052
14620 4 2 3 5 2676 2123 2695 1794
14621 4 2 3 5 2702 114 2699 5
14622 4 2 3 5 2611 1874 2067 2603
14623 4 2 3 5 768 2598 786 2599
14624 4 2 3 5 1892 2072 1849 2360
14625 4 2 3 5 1340 1551 1849 2072
14626 4 2 3 5 1892 1340 2142 1849
14627 4 2 3 5 2357 2354 2349 1849
14628 4 2 3 5 1694 2354 1796 1849
14629 4 2 3 5 2404 2414 2083 2415
14630 4 2 3 5 2414 2404 2083 1954
14631 4 2 3 5 2086 2084 2082 2416
14632 4 2 3 5 1870 2086 2082 2416
14633 4 2 3 5 2084 2417 1303 2416
14634 4 2 3 5 2084 2417 2416 2088
14635 4 2 3 5 1867 1869 1970 2094
14636 4 2 3 5 1869 2881 1866 2094
14637 4 2 3 5 2409 1974 1970 2094
14638 4 2 3 5 1302 2408 1860 1832
14639 4 2 3 5 1832 2408 1860 2092
14640 4 2 3 5 2881 1867 2094 1869
14641 4 2 3 5 1748 1765 2105 1766
14642 4 2 3 5 1377 1378 2399 2662
14643 4 2 3 5 1668 2199 2104 2105
14644 4 2 3 5 872 877 2165 974
14645 4 2 3 5 1654 2167 2663 1652
14646 4 2 3 5 2661 2399 1653 2662
14647 4 2 3 5 2302 2313 1708 1557
14648 4 2 3 5 1771 1028 2116 1427
14649 4 2 3 5 1017 1028 2116 1018
14650 4 2 3 5 2207 1712 2312 1718
14651 4 2 3 5 1385 1555 2301 2105
14652 4 2 3 5 2299 2302 1708 2310
14653 4 2 3 5 2309 2299 1708 2310
14654 4 2 3 5 2319 2318 2312 1421
14655 4 2 3 5 1913 1883 2067 2668
14656 4 2 3 5 2676 1739 1794 1531
14657 4 2 3 5 1794 1739 1881 1531
14658 4 2 3 5 2139 1878 2138 2124
14659 4 2 3 5 2647 605 2063 585
14660 4 2 3 5 2687 1739 2688 1531
14661 4 2 3 5 1739 1793 1881 1531
14662 4 2 3 5 185 184 948 1058
14663 4 2 3 5 605 659 2063 585
14664 4 2 3 5 1059 185 948 1058
14665 4 2 3 5 2648 1873 2667 2647
14666 4 2 3 5 114 2702 673 5
14667 4 2 3 5 2038 2000 1877 1802
14668 4 2 3 5 2126 2125 2137 2063
14669 4 2 3 5 1465 1463 1509 2148
14670 4 2 3 5 2147 1463 1465 2148
14671 4 2 3 5 1467 1596 1465 2148
14672 4 2 3 5 1587 1467 1465 2148
14673 4 2 3 5 1467 1587 1596 2148
14674 4 2 3 5 2771 2772 2774 2160
14675 4 2 3 5 2218 2229 1547 1686
14676 4 2 3 5 2195 1685 2197 2160
14677 4 2 3 5 2229 2169 1686 1735
14678 4 2 3 5 2168 2169 1812 2231
14679 4 2 3 5 873 872 1625 2231
14680 4 2 3 5 2173 2175 2231 2170
14681 4 2 3 5 1661 2239 2231 2236
14682 4 2 3 5 2239 2177 2231 2236
14683 4 2 3 5 2304 2327 1703 2306
14684 4 2 3 5 2327 2180 2181 2306
14685 4 2 3 5 2033 1980 2279 2252
14686 4 2 3 5 2252 2404 2279 1318
14687 4 2 3 5 2174 2179 2175 2306
14688 4 2 3 5 2297 2298 1703 2305
14689 4 2 3 5 2140 1941 1942 1937
14690 4 2 3 5 2342 2189 1930 2344
14691 4 2 3 5 1928 2751 1838 2192
14692 4 2 3 5 1928 2189 2751 2192
14693 4 2 3 5 1325 1661 2237 1813
14694 4 2 3 5 1325 1830 1691 2237
14695 4 2 3 5 1916 2346 2674 683
14696 4 2 3 5 544 543 2487 541
14697 4 2 3 5 543 542 2481 2487
14698 4 2 3 5 2626 96 2834 2625
14699 4 2 3 5 2148 2150 2625 1595
14700 4 2 3 5 2151 2640 2641 2767
14701 4 2 3 5 2119 2100 2120 2204
14702 4 2 3 5 1523 1463 1465 2641
14703 4 2 3 5 2643 1523 2641 2767
14704 4 2 3 5 2205 539 540 541
14705 4 2 3 5 658 544 2487 541
14706 4 2 3 5 1940 2128 1877 1881
14707 4 2 3 5 2214 2202 2487 2215
14708 4 2 3 5 1608 1505 2487 2482
14709 4 2 3 5 658 2202 2487 2214
14710 4 2 3 5 2243 2244 2242 2273
14711 4 2 3 5 643 642 2242 2225
14712 4 2 3 5 569 642 2242 643
14713 4 2 3 5 685 569 644 2242
14714 4 2 3 5 2239 1814 2241 2236
14715 4 2 3 5 2174 2243 1735 1824
14716 4 2 3 5 2238 2243 1824 1735
14717 4 2 3 5 1825 2177 2239 2236
14718 4 2 3 5 1826 2239 2241 2236
14719 4 2 3 5 1825 1826 2241 2236
14720 4 2 3 5 1826 1825 2239 2236
14721 4 2 3 5 2035 1955 1954 1976
14722 4 2 3 5 1722 1723 2181 2279
14723 4 2 3 5 2404 2276 2279 1318
14724 4 2 3 5 2247 2035 1954 1976
14725 4 2 3 5 2831 1594 2684 1424
14726 4 2 3 5 1980 1635 1976 2247
14727 4 2 3 5 2629 2778 1976 2635
14728 4 2 3 5 1901 1742 1942 1943
14729 4 2 3 5 1551 2858 2857 2569
14730 4 2 3 5 2260 2856 2259 2857
14731 4 2 3 5 2071 1550 2072 2857
14732 4 2 3 5 2260 2258 1943 2857
14733 4 2 3 5 1901 2360 1943 2857
14734 4 2 3 5 2360 2601 1943 2857
14735 4 2 3 5 1416 1292 1418 1564
14736 4 2 3 5 2467 1292 1564 2466
14737 4 2 3 5 2467 1805 2269 1564
14738 4 2 3 5 1388 1412 1418 1564
14739 4 2 3 5 1412 1415 1418 1564
14740 4 2 3 5 1292 1388 1418 1564
14741 4 2 3 5 1805 1388 1564 1412
14742 4 2 3 5 628 619 2248 563
14743 4 2 3 5 619 553 2248 563
14744 4 2 3 5 2670 2671 2278 1725
14745 4 2 3 5 2671 2670 1719 1725
14746 4 2 3 5 1737 2712 2282 1725
14747 4 2 3 5 2774 1719 1725 2182
14748 4 2 3 5 2174 2183 2182 2306
14749 4 2 3 5 877 872 2165 1625
14750 4 2 3 5 1651 2172 1652 2198
14751 4 2 3 5 2230 1625 2165 1812
14752 4 2 3 5 165 1378 2662 1381
14753 4 2 3 5 2167 1660 2663 1652
14754 4 2 3 5 1654 1652 2663 2198
14755 4 2 3 5 2163 1381 2662 2198
14756 4 2 3 5 1377 1378 2662 165
14757 4 2 3 5 2199 2200 1668 1697
14758 4 2 3 5 1706 1684 1697 2720
14759 4 2 3 5 1704 2309 1696 1697
14760 4 2 3 5 2720 1706 2311 1697
14761 4 2 3 5 1427 1557 2301 1429
14762 4 2 3 5 2286 2303 2311 2317
14763 4 2 3 5 1716 2527 2333 1700
14764 4 2 3 5 2316 2315 2322 2317
14765 4 2 3 5 1700 1704 2317 1706
14766 4 2 3 5 2286 1683 2311 2303
14767 4 2 3 5 2322 2522 2323 2333
14768 4 2 3 5 104 105 2333 2322
14769 4 2 3 5 2286 2303 2315 2749
14770 4 2 3 5 2243 2244 1725 2185
14771 4 2 3 5 1815 1827 1813 1822
14772 4 2 3 5 2303 2287 1647 1648
14773 4 2 3 5 2337 1720 495 2322
14774 4 2 3 5 2522 2337 495 2322
14775 4 2 3 5 1699 2335 2311 2317
14776 4 2 3 5 1699 1706 2317 2311
14777 4 2 3 5 2335 105 2317 2333
14778 4 2 3 5 1700 1699 2317 2333
14779 4 2 3 5 2315 105 2322 2317
14780 4 2 3 5 1850 2357 2193 1689
14781 4 2 3 5 2255 1829 2193 1838
14782 4 2 3 5 1846 2756 2193 2190
14783 4 2 3 5 2870 2359 2709 2356
14784 4 2 3 5 2870 1845 2356 2752
14785 4 2 3 5 1897 2353 2356 2355
14786 4 2 3 5 2709 745 2356 787
14787 4 2 3 5 2365 1982 2377 2366
14788 4 2 3 5 2369 2365 2377 2366
14789 4 2 3 5 90 494 633 2377
14790 4 2 3 5 625 604 662 2365
14791 4 2 3 5 494 1982 2377 2365
14792 4 2 3 5 2369 494 2377 2365
14793 4 2 3 5 2850 2849 2846 2851
14794 4 2 3 5 522 626 519 2388
14795 4 2 3 5 1755 1672 2780 1767
14796 4 2 3 5 2371 87 2780 1758
14797 4 2 3 5 2370 2371 1785 1526
14798 4 2 3 5 1362 1336 849 1371
14799 4 2 3 5 846 1332 1371 849
14800 4 2 3 5 1379 1576 2034 2631
14801 4 2 3 5 131 132 2419 2421
14802 4 2 3 5 2726 1864 1948 2587
14803 4 2 3 5 2726 1864 2422 2747
14804 4 2 3 5 132 785 2421 776
14805 4 2 3 5 132 2089 2421 785
14806 4 2 3 5 2441 2740 1621 2738
14807 4 2 3 5 1613 2765 2436 2432
14808 4 2 3 5 2441 1537 2387 2738
14809 4 2 3 5 1537 2441 1621 2738
14810 4 2 3 5 1538 1621 2738 2432
14811 4 2 3 5 2740 1538 1621 2738
14812 4 2 3 5 1983 1995 2443 1986
14813 4 2 3 5 1993 1983 2443 1986
14814 4 2 3 5 1983 1993 2443 1995
14815 4 2 3 5 2457 1568 2455 1493
14816 4 2 3 5 2454 1989 2466 1493
14817 4 2 3 5 2269 2467 2466 2209
14818 4 2 3 5 2437 2442 2443 2444
14819 4 2 3 5 1799 2368 1492 1987
14820 4 2 3 5 1988 2269 2209 1987
14821 4 2 3 5 92 2228 2465 2459
14822 4 2 3 5 2228 92 2465 2431
14823 4 2 3 5 2464 2227 634 91
14824 4 2 3 5 2475 2043 2624 1910
14825 4 2 3 5 2874 2507 1910 2624
14826 4 2 3 5 2066 2065 2619 1914
14827 4 2 3 5 2012 1485 2477 2563
14828 4 2 3 5 2043 2475 2477 1910
14829 4 2 3 5 2472 2041 2053 2477
14830 4 2 3 5 505 2060 2057 588
14831 4 2 3 5 2119 2098 2481 2482
14832 4 2 3 5 2202 2203 2487 2215
14833 4 2 3 5 1608 1605 1504 2019
14834 4 2 3 5 95 2153 96 2499
14835 4 2 3 5 1579 2499 2824 2835
14836 4 2 3 5 2793 1579 2829 2499
14837 4 2 3 5 734 2828 2498 2499
14838 4 2 3 5 1609 2122 2099 2515
14839 4 2 3 5 1962 1961 2509 2006
14840 4 2 3 5 2571 1961 2509 1962
14841 4 2 3 5 2122 1609 2509 2515
14842 4 2 3 5 2516 2122 2509 2515
14843 4 2 3 5 2516 2122 2570 2121
14844 4 2 3 5 125 126 2561 2504
14845 4 2 3 5 2842 2859 2877 2840
14846 4 2 3 5 2594 127 2520 2580
14847 4 2 3 5 2594 2567 2520 127
14848 4 2 3 5 2831 2217 2684 1594
14849 4 2 3 5 2679 2544 2022 2531
14850 4 2 3 5 1594 2683 2684 1424
14851 4 2 3 5 2032 2545 2757 1979
14852 4 2 3 5 1594 2217 2684 2683
14853 4 2 3 5 2546 1522 2537 2536
14854 4 2 3 5 2676 2688 2695 2673
14855 4 2 3 5 2673 2653 2695 2689
14856 4 2 3 5 2541 2026 2542 2547
14857 4 2 3 5 2026 2541 2542 2024
14858 4 2 3 5 1544 1578 2548 1439
14859 4 2 3 5 2550 1544 1578 2548
14860 4 2 3 5 2572 2556 2053 2557
14861 4 2 3 5 2560 2472 2557 2053
14862 4 2 3 5 2408 2881 1866 1869
14863 4 2 3 5 1868 1869 1860 2094
14864 4 2 3 5 2575 2574 2576 1477
14865 4 2 3 5 2016 1966 2001 2576
14866 4 2 3 5 1470 2513 1328 1477
14867 4 2 3 5 1329 841 1477 838
14868 4 2 3 5 1600 1472 838 1477
14869 4 2 3 5 924 841 1477 1328
14870 4 2 3 5 678 99 98 2895
14871 4 2 3 5 2743 1592 98 2677
14872 4 2 3 5 1592 2834 98 2896
14873 4 2 3 5 678 98 505 2897
14874 4 2 3 5 2895 98 678 2897
14875 4 2 3 5 98 99 2677 2895
14876 4 2 3 5 2677 99 2531 2895
14877 4 2 3 5 99 678 610 2898
14878 4 2 3 5 2895 678 99 2898
14879 4 2 3 5 99 610 2531 2898
14880 4 2 3 5 2265 136 135 2899
14881 4 2 3 5 1851 2273 135 2900
14882 4 2 3 5 2272 2273 1851 2900
14883 4 2 3 5 135 2273 2277 2900
14884 4 2 3 5 136 620 135 1851
14885 4 2 3 5 1809 1851 136 2903
14886 4 2 3 5 2271 1851 1809 2903
14887 4 2 3 5 496 671 2032 2904
14888 4 2 3 5 496 2032 2544 2904
14889 4 2 3 5 496 2544 2531 2904
14890 4 2 3 5 2060 505 2057 2897
14891 4 2 3 5 2060 678 505 2897
14892 4 2 3 5 2405 2639 593 2905
14893 4 2 3 5 2246 2032 574 2906
14894 4 2 3 5 2757 2032 2246 2906
14895 4 2 3 5 646 671 574 2032
14896 4 2 3 5 2246 574 2639 2906
14897 4 2 3 5 1389 969 803 2907
14898 4 2 3 5 803 1090 1056 1443
14899 4 2 3 5 1096 954 805 2908
14900 4 2 3 5 883 885 805 1321
14901 4 2 3 5 960 990 954 2909
14902 4 2 3 5 1462 1052 805 1095
14903 4 2 3 5 1052 1096 805 1095
14904 4 2 3 5 990 883 805 2910
14905 4 2 3 5 884 883 990 2910
14906 4 2 3 5 824 1360 823 901
14907 4 2 3 5 901 827 824 2912
14908 4 2 3 5 874 827 901 2912
14909 4 2 3 5 839 909 2512 908
14910 4 2 3 5 883 884 861 2914
14911 4 2 3 5 2910 884 883 2914
14912 4 2 3 5 1349 1321 862 1341
14913 4 2 3 5 1321 885 862 883
14914 4 2 3 5 959 901 864 2916
14915 4 2 3 5 1569 959 864 2452
14916 4 2 3 5 864 901 1360 2916
14917 4 2 3 5 959 1496 874 2917
14918 4 2 3 5 2452 1496 959 2917
14919 4 2 3 5 967 887 886 2918
14920 4 2 3 5 969 887 967 2918
14921 4 2 3 5 900 967 886 2918
14922 4 2 3 5 2907 1389 969 2919
14923 4 2 3 5 1392 967 900 2918
14924 4 2 3 5 981 908 906 2920
14925 4 2 3 5 969 908 981 2920
14926 4 2 3 5 908 2882 906 2921
14927 4 2 3 5 981 906 1458 2921
14928 4 2 3 5 969 909 908 2922
14929 4 2 3 5 967 909 969 2922
14930 4 2 3 5 1393 2617 960 1402
14931 4 2 3 5 1392 2512 967 2559
14932 4 2 3 5 981 1458 1443 2921
14933 4 2 3 5 1072 1093 1056 2924
14934 4 2 3 5 1069 1093 1072 2924
14935 4 2 3 5 1090 1072 1056 1443
14936 4 2 3 5 1069 1072 1443 2924
14937 4 2 3 5 1069 1452 1460 1443
14938 4 2 3 5 1073 1095 1462 2891
14939 4 2 3 5 1453 2891 1073 1462
14940 4 2 3 5 1321 1460 1291 2925
14941 4 2 3 5 1389 1460 1321 2925
14942 4 2 3 5 1453 1462 1291 2926
14943 4 2 3 5 2891 1462 1453 2926
14944 4 2 3 5 1492 2268 1295 2452
14945 4 2 3 5 2651 2368 1295 1801
14946 4 2 3 5 2368 1799 1295 1801
14947 4 2 3 5 1799 1492 1295 2927
14948 4 2 3 5 1995 1492 1799 2927
14949 4 2 3 5 1441 2890 1307 1461
14950 4 2 3 5 1974 2566 1307 2559
14951 4 2 3 5 1443 1441 1307 1458
14952 4 2 3 5 1451 2076 1312 2565
14953 4 2 3 5 1453 1451 1312 2565
14954 4 2 3 5 2074 2143 1312 2079
14955 4 2 3 5 2076 2074 1312 2079
14956 4 2 3 5 2143 1453 1312 2928
14957 4 2 3 5 2893 1453 2143 2928
14958 4 2 3 5 2558 1392 1321 2559
14959 4 2 3 5 1322 2558 1321 2565
14960 4 2 3 5 1349 1342 1321 1341
14961 4 2 3 5 1895 1552 1894 2930
14962 4 2 3 5 2013 2558 1322 2565
14963 4 2 3 5 2614 2068 1360 2932
14964 4 2 3 5 2893 2617 1393 1402
14965 4 2 3 5 1402 2891 2893 2923
14966 4 2 3 5 2883 1974 1406 1307
14967 4 2 3 5 1461 1458 1406 1307
14968 4 2 3 5 1458 2883 1406 1307
14969 4 2 3 5 1458 1461 1441 1307
14970 4 2 3 5 2452 1994 1496 2933
14971 4 2 3 5 2056 2055 1482 2934
14972 4 2 3 5 2055 2474 1482 2613
14973 4 2 3 5 2474 1502 1482 2613
14974 4 2 3 5 2000 2068 1501 1295
14975 4 2 3 5 2068 2055 1501 2935
14976 4 2 3 5 2613 2055 2068 2935
14977 4 2 3 5 2056 2000 1501 1799
14978 4 2 3 5 1606 1618 1571 2637
14979 4 2 3 5 1571 1642 1640 2531
14980 4 2 3 5 1590 1617 1583 1619
14981 4 2 3 5 2834 1590 1583 1619
14982 4 2 3 5 2834 1583 2742 1619
14983 4 2 3 5 1617 2742 1583 1619
14984 4 2 3 5 2023 1642 1591 2531
14985 4 2 3 5 1642 2535 1591 2936
14986 4 2 3 5 1618 2535 1642 2936
14987 4 2 3 5 1591 2535 1592 2936
14988 4 2 3 5 2677 2023 1591 2531
14989 4 2 3 5 1592 2677 1591 2937
14990 4 2 3 5 1619 2834 1592 2742
14991 4 2 3 5 2532 1606 1605 1618
14992 4 2 3 5 2535 1618 2532 2936
14993 4 2 3 5 1839 1823 1633 2237
14994 4 2 3 5 1829 1839 1633 2237
14995 4 2 3 5 1688 2254 1633 2902
14996 4 2 3 5 2061 1642 1635 1640
14997 4 2 3 5 2541 2757 1635 1642
14998 4 2 3 5 1980 1976 1635 1979
14999 4 2 3 5 2020 2061 1635 1640
15000 4 2 3 5 2022 2541 1642 2757
15001 4 2 3 5 2022 2531 1642 2023
15002 4 2 3 5 1642 2531 2757 1640
15003 4 2 3 5 2253 2254 1688 2902
15004 4 2 3 5 1801 2000 1799 1295
15005 4 2 3 5 1995 1799 2056 2927
15006 4 2 3 5 2038 2000 1801 1295
15007 4 2 3 5 2651 2038 1801 1295
15008 4 2 3 5 1823 2237 1820 1829
15009 4 2 3 5 1820 2237 1828 1829
15010 4 2 3 5 2271 1820 1828 2939
15011 4 2 3 5 2237 1842 1828 1829
15012 4 2 3 5 1828 1842 1858 1829
15013 4 2 3 5 1840 2272 1828 2900
15014 4 2 3 5 1862 1859 1829 2480
15015 4 2 3 5 2255 1862 1829 2872
15016 4 2 3 5 1859 1842 1829 1858
15017 4 2 3 5 2277 2272 1840 2900
15018 4 2 3 5 2480 2424 1858 2940
15019 4 2 3 5 1862 2255 1843 2266
15020 4 2 3 5 1859 2480 1858 1829
15021 4 2 3 5 1862 2872 1861 2480
15022 4 2 3 5 2266 2872 1862 2255
15023 4 2 3 5 1888 1894 2077 2930
15024 4 2 3 5 1895 1894 1888 2930
15025 4 2 3 5 2079 1895 1888 2930
15026 4 2 3 5 1974 2559 1973 2566
15027 4 2 3 5 1974 2883 2882 1307
15028 4 2 3 5 2882 2559 1974 1307
15029 4 2 3 5 1979 2246 1976 2757
15030 4 2 3 5 2013 2075 2565 2931
15031 4 2 3 5 2216 2215 2057 2742
15032 4 2 3 5 2893 2143 2078 2928
15033 4 2 3 5 2216 2834 2742 2896
15034 4 2 3 5 2277 2273 2272 2900
15035 4 2 3 5 2478 2424 2480 2901
15036 4 2 3 5 2872 2479 2478 2901
15037 4 2 3 5 2480 2872 2478 2901
15038 4 2 3 5 135 136 1851 2899
15039 4 2 3 5 1443 1056 803 2924
15040 4 2 3 5 805 1321 1462 2929
15041 4 2 3 5 805 1462 1095 2929
15042 4 2 3 5 1096 805 1095 2908
15043 4 2 3 5 967 1392 2559 2918
15044 4 2 3 5 1072 1056 1443 2924
15045 4 2 3 5 1460 1069 1443 2924
15046 4 2 3 5 1095 1462 2891 2929
15047 4 2 3 5 1307 1443 1458 2921
15048 4 2 3 5 1312 1453 2565 2928
15049 4 2 3 5 1322 2013 2565 2931
15050 4 2 3 5 2893 2617 1402 2923
15051 4 2 3 5 1501 2000 1295 1799
15052 4 2 3 5 1501 2056 1799 2927
15053 4 2 3 5 1591 2677 2531 2937
15054 4 2 3 5 1592 2742 2834 2896
15055 4 2 3 5 2742 1592 1619 2936
15056 4 2 3 5 1633 2237 1823 1829
15057 4 2 3 5 1635 1640 1642 2757
15058 4 2 3 5 1635 2757 1979 1976
15059 4 2 3 5 2531 2757 1640 2906
15060 4 2 3 5 1820 1823 1829 2939
15061 4 2 3 5 1828 1820 1829 2939
15062 4 2 3 5 1862 2480 1829 2872
15063 4 2 3 5 1829 2255 2872 2938
15064 4 2 3 5 1858 1829 2480 2938
15065 4 2 3 5 2872 2255 2265 2938
15066 4 2 3 5 98 2834 2216 2896
15067 4 2 3 5 1295 1501 1799 2927
15068 4 2 3 5 2405 2060 2639 2905
15069 4 2 3 5 1829 2872 2480 2938
15070 4 2 3 5 2872 2480 2938 2940
15071 4 2 3 5 671 594 574 2941
15072 4 2 3 5 2893 2891 1453 2926
15073 4 2 3 5 1619 2532 1617 2936
15074 4 2 3 5 2253 2732 1809 2902
15075 4 2 3 5 2531 2895 99 2898
15076 4 2 3 5 135 1851 2900 2899
15077 4 2 3 5 2900 1851 2272 2899
15078 4 2 3 5 2277 135 2900 2901
15079 4 2 3 5 1851 136 2903 2899
15080 4 2 3 5 1809 2271 2903 2939
15081 4 2 3 5 2060 678 2897 2898
15082 4 2 3 5 2906 2757 2032 2904
15083 4 2 3 5 874 2912 901 2917
15084 4 2 3 5 2452 1496 2917 2933
15085 4 2 3 5 967 969 2918 2922
15086 4 2 3 5 906 981 2920 2921
15087 4 2 3 5 969 908 2920 2922
15088 4 2 3 5 908 2921 906 2920
15089 4 2 3 5 1321 2925 1291 2565
15090 4 2 3 5 1389 1460 2925 2907
15091 4 2 3 5 2891 1462 2926 2929
15092 4 2 3 5 2891 2893 2923 2926
15093 4 2 3 5 1501 2935 2055 2932
15094 4 2 3 5 2068 2935 1501 2932
15095 4 2 3 5 1617 2742 1619 2936
15096 4 2 3 5 1642 1591 2531 2937
15097 4 2 3 5 1591 1642 2936 2937
15098 4 2 3 5 1618 2936 1642 2937
15099 4 2 3 5 1592 1591 2936 2937
15100 4 2 3 5 1828 1840 2900 2938
15101 4 2 3 5 2480 2424 2940 2901
15102 4 2 3 5 2480 2940 1858 2938
15103 4 2 3 5 2265 2255 2899 2938
15104 4 2 3 5 2480 2872 2901 2940
15105 4 2 3 5 1095 805 2929 2908
15106 4 2 3 5 2559 2922 967 2918
15107 4 2 3 5 2893 2617 2923 2926
15108 4 2 3 5 1501 2056 2927 2932
15109 4 2 3 5 2531 2937 2677 2895
15110 4 2 3 5 1592 2742 2896 2936
15111 4 2 3 5 2531 2757 2906 2904
15112 4 2 3 5 1829 1828 2939 2938
15113 4 2 3 5 2895 2897 678 2898
15114 4 2 3 5 2914 2910 884 2915
15115 4 2 3 5 2907 2919 969 2894
15116 4 2 3 5 2896 2937 1592 2936
15117 4 2 3 5 2531 2895 2898 2937
15118 4 2 3 5 2897 2060 2898 2937
15119 4 2 3 5 901 2912 2911 2917
15120 4 2 3 5 908 2920 2922 2921
15121 4 2 3 5 2926 2891 2929 2923
15122 4 2 3 5 1482 2911 2913 2917
15123 4 2 3 5 2055 2934 2932 2935
15124 4 2 3 5 1618 2936 2937 2896
15125 4 2 3 5 1452 2907 1443 1307
15126 4 2 3 5 2923 2926 2617 2929
15127 4 2 3 5 2933 2916 1360 2917
15128 4 2 3 5 1360 2917 2911 2933
15129 4 2 3 5 2899 2940 2938 2900
15130 4 2 3 5 2900 135 2899 2940
15131 4 2 3 5 2900 2901 135 2940
15132 4 2 3 5 2895 2897 2898 2937
15133 4 2 3 5 2912 2913 2911 2917
15134 4 2 3 5 2637 1606 1641 2943
15135 4 2 3 5 1659 1372 2341 2343
15136 4 2 3 5 2614 1359 1352 1354
15137 4 2 3 5 822 1359 1352 1367
15138 4 2 3 5 822 1352 1359 1354
15139 4 2 3 5 604 1982 572 662
15140 4 2 3 5 604 572 1982 2655
15141 4 2 3 5 2793 709 2813 724
15142 4 2 3 5 2793 2813 709 2792
15143 4 2 3 5 1600 1488 2555 2557
15144 4 2 3 5 2274 1825 1738 1852
15145 4 2 3 5 2243 1825 1738 1824
15146 4 2 3 5 1465 2204 1523 2641
15147 4 2 3 5 1973 1866 2094 2261
15148 4 2 3 5 1973 2094 1866 2881
15149 4 2 3 5 2700 2736 1762 2735
15150 4 2 3 5 2700 1762 2736 2701
15151 4 2 3 5 872 1625 1396 2165
15152 4 2 3 5 872 1396 1625 2170
15153 4 2 3 5 1396 1625 2171 2165
15154 4 2 3 5 1396 2171 1625 2170
15155 4 2 3 5 2171 1625 2168 2165
15156 4 2 3 5 2171 2168 1625 2170
15157 4 2 3 5 2229 1736 1819 1824
15158 4 2 3 5 2271 1819 1736 1824
15159 4 2 3 5 1023 2831 1517 1020
15160 4 2 3 5 1023 1517 2831 1424
15161 4 2 3 5 1772 2705 1709 1711
15162 4 2 3 5 1709 2817 1772 1711
15163 4 2 3 5 1772 2817 1709 1712
15164 4 2 3 5 1865 1861 2429 1872
15165 4 2 3 5 1865 2429 1861 2090
15166 4 2 3 5 1600 2572 1478 1479
15167 4 2 3 5 1600 1478 2572 2514
15168 4 2 3 5 2450 2442 1567 1986
15169 4 2 3 5 2740 2442 1567 1621
15170 4 2 3 5 1850 1862 1844 2258
15171 4 2 3 5 1872 1862 1844 2257
15172 4 2 3 5 1872 1844 1862 2258
15173 4 2 3 5 1872 1844 2855 2849
15174 4 2 3 5 2855 1844 1872 2258
15175 4 2 3 5 1780 1779 1989 1984
15176 4 2 3 5 1780 1989 1779 2811
15177 4 2 3 5 986 1326 2297 1666
15178 4 2 3 5 986 2297 1326 882
15179 4 2 3 5 1780 2811 1781 2209
15180 4 2 3 5 2457 2741 1570 1997
15181 4 2 3 5 1771 2114 1028 1808
15182 4 2 3 5 1771 1028 2114 2116
15183 4 2 3 5 2809 1028 2114 1808
15184 4 2 3 5 2809 2114 1028 2116
15185 4 2 3 5 1800 1996 1798 1912
15186 4 2 3 5 1798 1996 1800 2657
15187 4 2 3 5 1692 2095 2073 1831
15188 4 2 3 5 2073 2095 1692 2349
15189 4 2 3 5 2073 1848 1692 1831
15190 4 2 3 5 1692 1848 2073 2349
15191 4 2 3 5 1778 2786 2787 2113
15192 4 2 3 5 2787 2786 1778 2801
15193 4 2 3 5 2787 2319 1778 2113
15194 4 2 3 5 1778 2319 2787 2801
15195 4 2 3 5 1677 1932 1929 1656
15196 4 2 3 5 1929 1932 1677 1931
15197 4 2 3 5 2448 1499 1546 1623
15198 4 2 3 5 1546 1499 2448 1622
15199 4 2 3 5 2448 2497 1546 1622
15200 4 2 3 5 2075 1866 2073 2858
15201 4 2 3 5 2075 2073 1866 2261
15202 4 2 3 5 2095 2073 1866 2858
15203 4 2 3 5 2095 1866 2073 2261
15204 4 2 3 5 1735 2160 2772 2169
15205 4 2 3 5 2772 2160 1735 2774
15206 4 2 3 5 2823 688 724 726
15207 4 2 3 5 2823 724 688 2793
15208 4 2 3 5 2433 1486 1347 2434
15209 4 2 3 5 2433 1347 1486 1350
15210 4 2 3 5 1495 1347 1486 2434
15211 4 2 3 5 1495 1486 1347 1350
15212 4 2 3 5 2520 2554 2516 2519
15213 4 2 3 5 2516 2554 2520 2521
15214 4 2 3 5 1635 2631 2252 2033
15215 4 2 3 5 2252 2631 1635 2247
15216 4 2 3 5 2252 1980 1635 2033
15217 4 2 3 5 1635 1980 2252 2247
15218 4 2 3 5 1846 2870 1900 1845
15219 4 2 3 5 1900 2871 1846 1845
15220 4 2 3 5 1846 2871 1900 1943
15221 4 2 3 5 1899 1879 1891 2145
15222 4 2 3 5 1899 1891 1879 1901
15223 4 2 3 5 2736 2700 2703 2735
15224 4 2 3 5 2703 2705 2736 2735
15225 4 2 3 5 2736 2705 2703 2704
15226 4 2 3 5 2229 1824 2169 2238
15227 4 2 3 5 2229 2169 1824 1819
15228 4 2 3 5 1948 1865 1959 1978
15229 4 2 3 5 1959 2412 1948 1978
15230 4 2 3 5 1948 2412 1959 2726
15231 4 2 3 5 1415 1564 2467 1416
15232 4 2 3 5 2467 1564 1415 1805
15233 4 2 3 5 2467 1808 1415 1416
15234 4 2 3 5 1415 1808 2467 1805
15235 4 2 3 5 2525 101 2544 2551
15236 4 2 3 5 1403 1419 2329 1414
15237 4 2 3 5 2329 1419 1403 2326
15238 4 2 3 5 2329 1559 1403 1414
15239 4 2 3 5 1403 1559 2329 2326
15240 4 2 3 5 2595 1971 2014 1972
15241 4 2 3 5 2014 1971 2595 2581
15242 4 2 3 5 2311 107 2721 2720
15243 4 2 3 5 2311 2721 107 106
15244 4 2 3 5 2004 2003 2879 2045
15245 4 2 3 5 2004 2879 2003 2878
15246 4 2 3 5 600 2149 573 2767
15247 4 2 3 5 600 573 2149 663
15248 4 2 3 5 1963 2573 1508 2582
15249 4 2 3 5 1963 1508 2573 1479
15250 4 2 3 5 1954 1949 2426 1950
15251 4 2 3 5 1954 2426 1949 2768
15252 4 2 3 5 133 2080 2423 631
15253 4 2 3 5 133 2423 2080 2425
15254 4 2 3 5 973 2163 2230 877
15255 4 2 3 5 2230 2163 973 1397
15256 4 2 3 5 2230 1390 973 877
15257 4 2 3 5 973 1390 2230 1397
15258 4 2 3 5 2870 1901 1900 1879
15259 4 2 3 5 2865 1900 1901 1879
15260 4 2 3 5 2865 1901 1900 1943
15261 4 2 3 5 1600 1478 2576 1479
15262 4 2 3 5 1600 2576 1478 2574
15263 4 2 3 5 1308 1086 1094 1461
15264 4 2 3 5 1308 1094 1086 1081
15265 4 2 3 5 1385 1766 1378 1653
15266 4 2 3 5 1378 2662 1385 1653
15267 4 2 3 5 2508 2003 2044 1910
15268 4 2 3 5 2868 2044 2003 1910
15269 4 2 3 5 700 2792 2789 701
15270 4 2 3 5 700 2789 2792 2813
15271 4 2 3 5 2110 1680 1772 2109
15272 4 2 3 5 2611 2054 1904 2610
15273 4 2 3 5 2500 2554 2502 2553
15274 4 2 3 5 2561 2502 2554 2553
15275 4 2 3 5 2131 2616 2135 2065
15276 4 2 3 5 2131 2135 2616 1875
15277 4 2 3 5 1668 2104 1652 2701
15278 4 2 3 5 1668 1652 2104 2199
15279 4 2 3 5 2721 2311 1709 1699
15280 4 2 3 5 2721 1709 2311 2720
15281 4 2 3 5 1706 1709 2311 1699
15282 4 2 3 5 1706 2311 1709 2720
15283 4 2 3 5 2391 1656 1675 1343
15284 4 2 3 5 2391 1675 1656 1932
15285 4 2 3 5 1932 2129 1676 2128
15286 4 2 3 5 1932 1676 2129 1365
15287 4 2 3 5 1741 1676 2129 2128
15288 4 2 3 5 1741 2129 1676 1365
15289 4 2 3 5 513 1851 136 1809
15290 4 2 3 5 513 136 1851 620
15291 4 2 3 5 2234 1372 1658 2233
15292 4 2 3 5 2234 1658 1372 1373
15293 4 2 3 5 1434 1429 2291 2295
15294 4 2 3 5 1031 945 1419 801
15295 4 2 3 5 1419 945 1031 1005
15296 4 2 3 5 1365 2394 1675 1334
15297 4 2 3 5 1675 2394 1365 1932
15298 4 2 3 5 2503 2011 2045 2003
15299 4 2 3 5 2562 2045 2011 2003
15300 4 2 3 5 1574 1576 2634 2061
15301 4 2 3 5 2631 1576 2634 1379
15302 4 2 3 5 2631 2634 1576 2061
15303 4 2 3 5 2652 1365 1932 2129
15304 4 2 3 5 2652 1932 1365 2394
15305 4 2 3 5 1461 1068 1308 1086
15306 4 2 3 5 1308 1068 1461 2889
15307 4 2 3 5 2530 1718 2319 2318
15308 4 2 3 5 2319 1718 2530 2822
15309 4 2 3 5 2479 744 777 2847
15310 4 2 3 5 777 744 2479 781
15311 4 2 3 5 1659 2341 1657 2340
15312 4 2 3 5 1659 1657 2341 1382
15313 4 2 3 5 1656 1657 2341 2340
15314 4 2 3 5 1656 2341 1657 1382
15315 4 2 3 5 1877 2667 2695 2685
15316 4 2 3 5 1877 2695 2667 2127
15317 4 2 3 5 1701 2287 1665 2303
15318 4 2 3 5 1701 1665 2287 1695
15319 4 2 3 5 2721 730 695 2836
15320 4 2 3 5 2721 695 730 737
15321 4 2 3 5 1726 2088 1860 1727
15322 4 2 3 5 1726 1860 2088 2092
15323 4 2 3 5 1856 1860 2088 1727
15324 4 2 3 5 1856 2088 1860 2092
15325 4 2 3 5 1821 1628 2237 1691
15326 4 2 3 5 2237 1628 1821 2236
15327 4 2 3 5 1372 1382 1659 2341
15328 4 2 3 5 1659 1382 1372 1374
15329 4 2 3 5 2833 2021 1718 2822
15330 4 2 3 5 2670 667 2337 1720
15331 4 2 3 5 2670 2337 667 575
15332 4 2 3 5 2750 2723 1818 1835
15333 4 2 3 5 2750 1818 2723 2714
15334 4 2 3 5 1613 2432 1510 2494
15335 4 2 3 5 1613 1510 2432 2439
15336 4 2 3 5 1524 1490 2738 1537
15337 4 2 3 5 2433 1465 1509 1612
15338 4 2 3 5 1435 1026 1025 1589
15339 4 2 3 5 1435 1025 1026 1008
15340 4 2 3 5 986 2304 2297 868
15341 4 2 3 5 986 2297 2304 1666
15342 4 2 3 5 1910 2621 1899 2044
15343 4 2 3 5 1910 1899 2621 2624
15344 4 2 3 5 2521 2012 2002 2011
15345 4 2 3 5 2521 2002 2012 2014
15346 4 2 3 5 2053 2002 2012 2011
15347 4 2 3 5 2053 2012 2002 2014
15348 4 2 3 5 1415 799 1412 966
15349 4 2 3 5 881 1412 799 966
15350 4 2 3 5 881 799 1412 997
15351 4 2 3 5 1888 1887 2622 2616
15352 4 2 3 5 1888 2622 1887 2077
15353 4 2 3 5 2557 2564 1485 2563
15354 4 2 3 5 1485 2564 2557 1488
15355 4 2 3 5 2009 2047 2470 2007
15356 4 2 3 5 2009 2470 2047 2501
15357 4 2 3 5 1664 2161 1652 2172
15358 4 2 3 5 1664 1652 2161 2772
15359 4 2 3 5 1063 1455 1074 1064
15360 4 2 3 5 1063 1074 1455 1454
15361 4 2 3 5 2658 2657 2646 602
15362 4 2 3 5 2646 2657 2658 1800
15363 4 2 3 5 2646 2069 2658 602
15364 4 2 3 5 2658 2069 2646 1800
15365 4 2 3 5 2509 2120 2047 1480
15366 4 2 3 5 1523 2120 2047 2101
15367 4 2 3 5 1523 2047 2120 1480
15368 4 2 3 5 2551 2544 2022 2679
15369 4 2 3 5 137 2226 2715 681
15370 4 2 3 5 2715 2226 137 2253
15371 4 2 3 5 2349 2343 1690 2348
15372 4 2 3 5 2349 1690 2343 1659
15373 4 2 3 5 1902 2384 2047 2760
15374 4 2 3 5 1902 2047 2384 2050
15375 4 2 3 5 2879 2039 2004 2045
15376 4 2 3 5 2879 2004 2039 2259
15377 4 2 3 5 2857 2004 2039 2045
15378 4 2 3 5 2857 2039 2004 2259
15379 4 2 3 5 2511 2574 1470 1472
15380 4 2 3 5 2511 1470 2574 2513
15381 4 2 3 5 1477 1470 2574 1472
15382 4 2 3 5 1477 2574 1470 2513
15383 4 2 3 5 128 2580 2570 127
15384 4 2 3 5 128 2570 2580 2593
15385 4 2 3 5 2571 2581 1966 2016
15386 4 2 3 5 1971 2581 1966 2593
15387 4 2 3 5 1971 1966 2581 2016
15388 4 2 3 5 774 2851 763 2406
15389 4 2 3 5 763 2851 774 759
15390 4 2 3 5 2774 1705 2174 1735
15391 4 2 3 5 2176 1705 2174 2183
15392 4 2 3 5 2176 2174 1705 1735
15393 4 2 3 5 1399 895 893 977
15394 4 2 3 5 893 895 1399 1815
15395 4 2 3 5 2532 1616 1518 2533
15396 4 2 3 5 2532 1518 1616 2058
15397 4 2 3 5 833 1905 1358 1368
15398 4 2 3 5 833 1358 1905 1364
15399 4 2 3 5 2049 1358 1905 1368
15400 4 2 3 5 2049 1905 1358 1364
15401 4 2 3 5 1906 2041 2605 2874
15402 4 2 3 5 1906 2605 2041 1904
15403 4 2 3 5 2475 2605 2041 2874
15404 4 2 3 5 2475 2041 2605 1904
15405 4 2 3 5 2034 1379 1375 1576
15406 4 2 3 5 2034 1375 1379 1376
15407 4 2 3 5 957 1375 1379 1576
15408 4 2 3 5 957 1379 1375 1376
15409 4 2 3 5 1871 1872 1859 2091
15410 4 2 3 5 2730 2731 2589 2590
15411 4 2 3 5 2589 2731 2730 2778
15412 4 2 3 5 1843 1846 2193 1850
15413 4 2 3 5 1843 2193 1846 2756
15414 4 2 3 5 1622 1997 2446 2448
15415 4 2 3 5 1622 2446 1997 2741
15416 4 2 3 5 1019 2831 1023 1020
15417 4 2 3 5 1019 1023 2831 2684
15418 4 2 3 5 783 2586 760 775
15419 4 2 3 5 783 760 2586 2842
15420 4 2 3 5 1921 1656 1932 2391
15421 4 2 3 5 1921 1932 1656 1929
15422 4 2 3 5 2749 583 640 2669
15423 4 2 3 5 2749 640 583 675
15424 4 2 3 5 1451 1073 1067 1066
15425 4 2 3 5 1451 1067 1073 1453
15426 4 2 3 5 2225 513 685 643
15427 4 2 3 5 2225 685 513 1809
15428 4 2 3 5 2386 1481 1351 1482
15429 4 2 3 5 2607 1481 1351 1474
15430 4 2 3 5 2607 1351 1481 1482
15431 4 2 3 5 563 2250 646 2245
15432 4 2 3 5 563 646 2250 661
15433 4 2 3 5 1465 1596 1463 2147
15434 4 2 3 5 1465 1463 1596 1504
15435 4 2 3 5 2203 1463 1596 2147
15436 4 2 3 5 2203 1596 1463 1504
15437 4 2 3 5 1569 955 804 1404
15438 4 2 3 5 1569 804 955 959
15439 4 2 3 5 2105 2289 1385 2291
15440 4 2 3 5 2662 1385 2289 2291
15441 4 2 3 5 2433 1347 1464 1348
15442 4 2 3 5 1616 1464 1347 1348
15443 4 2 3 5 1616 1347 1464 1599
15444 4 2 3 5 1001 1440 1347 1495
15445 4 2 3 5 1001 1347 1440 791
15446 4 2 3 5 2432 2439 1538 1613
15447 4 2 3 5 2432 1538 2439 1622
15448 4 2 3 5 2438 1538 2439 1613
15449 4 2 3 5 2438 2439 1538 1622
15450 4 2 3 5 2120 1480 1505 1523
15451 4 2 3 5 1505 1480 2204 1523
15452 4 2 3 5 2204 1480 1465 1523
15453 4 2 3 5 2532 1572 1471 2058
15454 4 2 3 5 1471 1572 2532 1519
15455 4 2 3 5 1471 1518 2532 2058
15456 4 2 3 5 2532 1518 1471 1519
15457 4 2 3 5 803 1056 179 971
15458 4 2 3 5 179 1056 803 1090
15459 4 2 3 5 2432 1621 2765 2436
15460 4 2 3 5 2432 2765 1621 2738
15461 4 2 3 5 1490 2765 1621 2436
15462 4 2 3 5 1490 1621 2765 2738
15463 4 2 3 5 2053 2041 2874 2503
15464 4 2 3 5 2873 2053 2874 2503
15465 4 2 3 5 2501 2053 2873 2503
15466 4 2 3 5 1577 790 953 932
15467 4 2 3 5 1577 953 790 1319
15468 4 2 3 5 2526 2026 2025 2024
15469 4 2 3 5 2526 2025 2026 2154
15470 4 2 3 5 2328 2025 2026 2024
15471 4 2 3 5 2328 2026 2025 2154
15472 4 2 3 5 1877 1885 1911 1884
15473 4 2 3 5 1877 1911 1885 2127
15474 4 2 3 5 2169 1664 1735 1665
15475 4 2 3 5 2169 1735 1664 2772
15476 4 2 3 5 2774 1664 1735 2772
15477 4 2 3 5 2316 2774 2303 1705
15478 4 2 3 5 2303 2774 2316 2749
15479 4 2 3 5 2614 1534 2616 1875
15480 4 2 3 5 2614 2616 1534 2613
15481 4 2 3 5 1540 2497 2837 2498
15482 4 2 3 5 1540 2837 2497 1580
15483 4 2 3 5 1960 2117 2482 2775
15484 4 2 3 5 2482 2117 1960 2118
15485 4 2 3 5 2457 2460 1570 2459
15486 4 2 3 5 1570 2460 2457 1997
15487 4 2 3 5 1362 1636 2240 2180
15488 4 2 3 5 1362 2240 1636 854
15489 4 2 3 5 1626 855 1814 2239
15490 4 2 3 5 1626 1814 855 2240
15491 4 2 3 5 2241 1626 1814 2239
15492 4 2 3 5 2241 1814 1626 2240
15493 4 2 3 5 1826 1626 2241 2239
15494 4 2 3 5 1826 2241 1626 2240
15495 4 2 3 5 1780 1773 2811 1779
15496 4 2 3 5 2377 1773 2811 2804
15497 4 2 3 5 2377 2811 1773 1779
15498 4 2 3 5 1614 2762 2052 2385
15499 4 2 3 5 1488 1368 1600 2555
15500 4 2 3 5 1488 1600 1368 1345
15501 4 2 3 5 2747 1958 2419 1949
15502 4 2 3 5 2747 2419 1958 1951
15503 4 2 3 5 2427 2419 1958 1949
15504 4 2 3 5 2427 1958 2419 1951
15505 4 2 3 5 1915 2867 2045 2003
15506 4 2 3 5 2045 2862 1915 2003
15507 4 2 3 5 1567 2454 2444 2740
15508 4 2 3 5 2444 2454 1567 1986
15509 4 2 3 5 2444 2442 1567 2740
15510 4 2 3 5 1567 2442 2444 1986
15511 4 2 3 5 2528 2822 1713 2820
15512 4 2 3 5 1580 2497 2448 2837
15513 4 2 3 5 1777 1807 1774 1784
15514 4 2 3 5 2210 1774 1807 1784
15515 4 2 3 5 2045 2862 2879 2855
15516 4 2 3 5 2878 2879 2862 2855
15517 4 2 3 5 1518 985 792 1327
15518 4 2 3 5 792 985 1518 915
15519 4 2 3 5 1439 1022 1319 1578
15520 4 2 3 5 987 1046 1415 966
15521 4 2 3 5 1415 1046 987 1034
15522 4 2 3 5 878 1418 982 1388
15523 4 2 3 5 982 1418 878 796
15524 4 2 3 5 1981 2542 2022 2545
15525 4 2 3 5 2022 2542 1981 2551
15526 4 2 3 5 2022 2544 1981 2545
15527 4 2 3 5 1981 2544 2022 2551
15528 4 2 3 5 2878 2869 1977 2843
15529 4 2 3 5 2878 1977 2869 2003
15530 4 2 3 5 2568 1977 2869 2843
15531 4 2 3 5 2568 2869 1977 2003
15532 4 2 3 5 1567 2454 2456 2450
15533 4 2 3 5 2456 2454 1567 1568
15534 4 2 3 5 1059 941 1447 797
15535 4 2 3 5 1447 941 1059 1051
15536 4 2 3 5 2426 1944 2768 1954
15537 4 2 3 5 2426 2768 1944 2081
15538 4 2 3 5 1853 2768 1944 1954
15539 4 2 3 5 1853 1944 2768 2081
15540 4 2 3 5 2024 2526 1980 2524
15541 4 2 3 5 2024 1980 2526 2026
15542 4 2 3 5 1768 1758 2371 1767
15543 4 2 3 5 2878 2014 2595 2581
15544 4 2 3 5 1946 2015 2588 1966
15545 4 2 3 5 2775 2588 2015 1966
15546 4 2 3 5 742 2866 782 2604
15547 4 2 3 5 742 782 2866 778
15548 4 2 3 5 1617 1583 2215 1587
15549 4 2 3 5 1617 2215 1583 2742
15550 4 2 3 5 1622 1510 2739 2497
15551 4 2 3 5 2420 1868 1639 1869
15552 4 2 3 5 2420 1639 1868 1637
15553 4 2 3 5 2728 1868 1639 1637
15554 4 2 3 5 1949 2747 2411 2746
15555 4 2 3 5 2411 2747 1949 1958
15556 4 2 3 5 2031 2217 2816 2826
15557 4 2 3 5 2031 2816 2217 2682
15558 4 2 3 5 2787 2816 2217 2826
15559 4 2 3 5 2787 2217 2816 2682
15560 4 2 3 5 2807 2210 1774 2805
15561 4 2 3 5 2807 1774 2210 1784
15562 4 2 3 5 2185 2280 559 564
15563 4 2 3 5 2185 559 2280 1725
15564 4 2 3 5 2001 2521 2554 2516
15565 4 2 3 5 2215 2487 1605 1504
15566 4 2 3 5 2215 1605 2487 2636
15567 4 2 3 5 1371 1331 1637 1332
15568 4 2 3 5 2493 2739 2494 2497
15569 4 2 3 5 2493 2494 2739 2432
15570 4 2 3 5 1510 2494 2739 2497
15571 4 2 3 5 1510 2739 2494 2432
15572 4 2 3 5 2297 872 882 868
15573 4 2 3 5 2297 882 872 2293
15574 4 2 3 5 86 1743 511 609
15575 4 2 3 5 86 511 1743 2206
15576 4 2 3 5 2029 2528 2833 2156
15577 4 2 3 5 1351 2385 1481 2386
15578 4 2 3 5 1351 1481 2385 1474
15579 4 2 3 5 2042 1904 2054 2473
15580 4 2 3 5 2042 2054 1904 2611
15581 4 2 3 5 1888 1352 1875 1367
15582 4 2 3 5 1888 1875 1352 1887
15583 4 2 3 5 2616 1352 1875 1887
15584 4 2 3 5 2509 1505 1480 1604
15585 4 2 3 5 2509 1480 1505 2120
15586 4 2 3 5 2588 2775 2570 1960
15587 4 2 3 5 2588 2570 2775 2777
15588 4 2 3 5 2518 2570 2775 1960
15589 4 2 3 5 2518 2775 2570 2777
15590 4 2 3 5 989 1308 870 949
15591 4 2 3 5 989 870 1308 2886
15592 4 2 3 5 500 2746 684 131
15593 4 2 3 5 500 684 2746 2745
15594 4 2 3 5 2724 684 2746 131
15595 4 2 3 5 2724 2746 684 2745
15596 4 2 3 5 2420 2088 1856 2092
15597 4 2 3 5 2420 1856 2088 2417
15598 4 2 3 5 2423 1853 2713 2081
15599 4 2 3 5 2423 2713 1853 2274
15600 4 2 3 5 2040 2053 2873 2501
15601 4 2 3 5 2040 2873 2053 2472
15602 4 2 3 5 88 2805 2804 89
15603 4 2 3 5 2804 2805 88 2372
15604 4 2 3 5 2816 2787 2021 2194
15605 4 2 3 5 2822 2021 2787 2194
15606 4 2 3 5 2822 2787 2021 2530
15607 4 2 3 5 2465 1990 1783 1985
15608 4 2 3 5 2465 1783 1990 1992
15609 4 2 3 5 2378 1783 1990 1985
15610 4 2 3 5 2378 1990 1783 1992
15611 4 2 3 5 1347 970 791 912
15612 4 2 3 5 1347 791 970 1437
15613 4 2 3 5 1714 1702 2316 1701
15614 4 2 3 5 1714 2316 1702 2323
15615 4 2 3 5 1659 1817 2349 1847
15616 4 2 3 5 1659 2349 1817 2343
15617 4 2 3 5 1383 1385 2662 2291
15618 4 2 3 5 1032 1565 1029 1021
15619 4 2 3 5 1032 1029 1565 1416
15620 4 2 3 5 1415 1029 1565 1430
15621 4 2 3 5 1565 1029 1415 1416
15622 4 2 3 5 1565 1808 1415 1430
15623 4 2 3 5 1415 1808 1565 1416
15624 4 2 3 5 1458 1072 1071 1054
15625 4 2 3 5 1458 1071 1072 1443
15626 4 2 3 5 2656 1786 1983 1525
15627 4 2 3 5 1491 1786 1983 1798
15628 4 2 3 5 1491 1983 1786 1525
15629 4 2 3 5 2760 2873 2501 1902
15630 4 2 3 5 2501 2873 2760 2046
15631 4 2 3 5 1524 2765 2738 1490
15632 4 2 3 5 1524 2738 2765 2766
15633 4 2 3 5 1697 1695 1683 1667
15634 4 2 3 5 1697 1683 1695 1701
15635 4 2 3 5 2287 1683 1695 1667
15636 4 2 3 5 2287 1695 1683 1701
15637 4 2 3 5 1609 1961 2482 2005
15638 4 2 3 5 1609 2482 1961 2118
15639 4 2 3 5 1962 2001 2509 2571
15640 4 2 3 5 2509 2001 1962 2006
15641 4 2 3 5 1697 1683 2311 2287
15642 4 2 3 5 1697 2311 1683 1706
15643 4 2 3 5 2482 2005 1505 1609
15644 4 2 3 5 2509 1505 2005 1609
15645 4 2 3 5 2509 2005 1505 1604
15646 4 2 3 5 2372 87 2270 88
15647 4 2 3 5 2372 2270 87 2212
15648 4 2 3 5 1871 1872 1959 2429
15649 4 2 3 5 1871 1959 1872 2091
15650 4 2 3 5 1952 2017 2778 1967
15651 4 2 3 5 1952 2778 2017 2589
15652 4 2 3 5 1992 2786 2113 2462
15653 4 2 3 5 2113 2786 1992 2807
15654 4 2 3 5 2113 2211 1992 2462
15655 4 2 3 5 1992 2211 2113 2807
15656 4 2 3 5 2022 2023 2551 2679
15657 4 2 3 5 2551 2023 2022 2542
15658 4 2 3 5 2624 2623 2874 2507
15659 4 2 3 5 2624 2874 2623 2620
15660 4 2 3 5 2605 2874 2623 2507
15661 4 2 3 5 2605 2623 2874 2620
15662 4 2 3 5 2011 2477 2045 2012
15663 4 2 3 5 2045 2477 2011 2503
15664 4 2 3 5 2509 1961 1609 2005
15665 4 2 3 5 2509 1609 1961 2515
15666 4 2 3 5 1861 1862 1859 1872
15667 4 2 3 5 1859 1862 1861 2480
15668 4 2 3 5 1859 1871 1861 1872
15669 4 2 3 5 1861 1871 1859 2480
15670 4 2 3 5 2867 2003 2044 2045
15671 4 2 3 5 2044 2003 2867 2868
15672 4 2 3 5 2504 764 738 779
15673 4 2 3 5 2504 738 764 2841
15674 4 2 3 5 2731 1947 2589 2590
15675 4 2 3 5 1780 1801 1987 2267
15676 4 2 3 5 1780 1987 1801 2367
15677 4 2 3 5 1966 2570 2581 2571
15678 4 2 3 5 1966 2581 2570 2593
15679 4 2 3 5 1617 1605 2215 2742
15680 4 2 3 5 1617 2215 1605 1601
15681 4 2 3 5 2367 1799 1787 1798
15682 4 2 3 5 2367 1787 1799 1801
15683 4 2 3 5 1802 1787 1799 1798
15684 4 2 3 5 1802 1799 1787 1801
15685 4 2 3 5 632 2588 492 2777
15686 4 2 3 5 632 492 2588 128
15687 4 2 3 5 2614 1352 1875 2616
15688 4 2 3 5 1504 1601 1617 1467
15689 4 2 3 5 1617 1601 1504 2215
15690 4 2 3 5 1617 1587 1504 1467
15691 4 2 3 5 1504 1587 1617 2215
15692 4 2 3 5 2702 511 85 2206
15693 4 2 3 5 85 511 2702 673
15694 4 2 3 5 100 2678 731 692
15695 4 2 3 5 100 731 2678 2680
15696 4 2 3 5 2704 1684 2701 2107
15697 4 2 3 5 1668 2701 1684 2107
15698 4 2 3 5 2835 2499 1584 1579
15699 4 2 3 5 2835 1584 2499 2153
15700 4 2 3 5 1586 1584 2499 1579
15701 4 2 3 5 1586 2499 1584 2153
15702 4 2 3 5 1664 1705 1735 1665
15703 4 2 3 5 1664 1735 1705 2774
15704 4 2 3 5 1347 1001 1350 912
15705 4 2 3 5 1347 1350 1001 1495
15706 4 2 3 5 1429 1383 1434 2291
15707 4 2 3 5 1429 1434 1383 1411
15708 4 2 3 5 1042 1044 1327 792
15709 4 2 3 5 1042 923 1327 1589
15710 4 2 3 5 1327 923 1042 792
15711 4 2 3 5 1410 1009 167 1037
15712 4 2 3 5 1410 167 1009 1411
15713 4 2 3 5 1505 2204 1467 1504
15714 4 2 3 5 1505 2019 1467 1604
15715 4 2 3 5 1467 2019 1505 1504
15716 4 2 3 5 922 1519 923 1405
15717 4 2 3 5 923 1519 922 984
15718 4 2 3 5 1489 2433 2764 2765
15719 4 2 3 5 2764 2433 1489 1611
15720 4 2 3 5 2836 1710 2796 2781
15721 4 2 3 5 2817 1710 2796 1709
15722 4 2 3 5 2817 2796 1710 2781
15723 4 2 3 5 1807 1781 1774 2210
15724 4 2 3 5 1807 1774 1781 2373
15725 4 2 3 5 2472 2873 1906 2040
15726 4 2 3 5 1906 2873 2472 2041
15727 4 2 3 5 1906 2471 2472 2040
15728 4 2 3 5 2472 2471 1906 2041
15729 4 2 3 5 2105 2106 1668 2107
15730 4 2 3 5 2105 1668 2106 1762
15731 4 2 3 5 2701 1668 2106 2107
15732 4 2 3 5 2701 2106 1668 1762
15733 4 2 3 5 2104 2289 1385 2105
15734 4 2 3 5 2212 1768 2736 1759
15735 4 2 3 5 2736 2206 2212 1759
15736 4 2 3 5 1844 1850 1943 2871
15737 4 2 3 5 1844 1943 1850 2258
15738 4 2 3 5 1882 2054 1996 1907
15739 4 2 3 5 1882 1996 2054 2762
15740 4 2 3 5 2133 2136 1878 1889
15741 4 2 3 5 1878 1740 2133 1889
15742 4 2 3 5 2133 1740 1878 1890
15743 4 2 3 5 2192 1688 2750 2755
15744 4 2 3 5 2192 2750 1688 1836
15745 4 2 3 5 1412 1562 2376 2375
15746 4 2 3 5 2376 1415 1412 2375
15747 4 2 3 5 1490 1994 1351 2437
15748 4 2 3 5 1538 2740 2739 2738
15749 4 2 3 5 93 2739 2740 2738
15750 4 2 3 5 93 2740 2739 2741
15751 4 2 3 5 1622 2432 1510 2439
15752 4 2 3 5 1622 1510 2432 2739
15753 4 2 3 5 2563 2573 2564 2582
15754 4 2 3 5 2563 2564 2573 2557
15755 4 2 3 5 1508 1963 2579 1479
15756 4 2 3 5 2579 1963 1508 2585
15757 4 2 3 5 2822 2833 2816 1717
15758 4 2 3 5 2822 2816 2833 2021
15759 4 2 3 5 2503 2003 2044 2508
15760 4 2 3 5 2503 2044 2003 2045
15761 4 2 3 5 1062 1450 1064 1065
15762 4 2 3 5 1062 1064 1450 1449
15763 4 2 3 5 1906 2471 2605 1904
15764 4 2 3 5 2605 2471 1906 2873
15765 4 2 3 5 2387 493 676 2441
15766 4 2 3 5 2387 676 493 622
15767 4 2 3 5 2387 591 493 2381
15768 4 2 3 5 2387 493 591 622
15769 4 2 3 5 2021 2833 2682 2031
15770 4 2 3 5 2682 2816 2021 2031
15771 4 2 3 5 732 2805 721 2380
15772 4 2 3 5 732 721 2805 89
15773 4 2 3 5 1637 1856 2420 2417
15774 4 2 3 5 1637 2420 1856 1868
15775 4 2 3 5 86 2780 1743 609
15776 4 2 3 5 1743 2780 86 1758
15777 4 2 3 5 2170 2297 868 872
15778 4 2 3 5 868 2297 2170 2175
15779 4 2 3 5 868 855 2170 872
15780 4 2 3 5 2170 855 868 2175
15781 4 2 3 5 1786 2657 1983 1798
15782 4 2 3 5 1983 2657 1786 2656
15783 4 2 3 5 1992 2210 2378 1990
15784 4 2 3 5 1992 2378 2210 2807
15785 4 2 3 5 1587 1509 1465 1612
15786 4 2 3 5 1465 1509 1587 2148
15787 4 2 3 5 1976 1641 1635 2639
15788 4 2 3 5 1976 1635 1641 2020
15789 4 2 3 5 1635 1641 1640 2639
15790 4 2 3 5 1635 1640 1641 2020
15791 4 2 3 5 1722 2526 2025 1721
15792 4 2 3 5 2025 2526 1722 2154
15793 4 2 3 5 2025 2182 1722 1721
15794 4 2 3 5 1722 2182 2025 2154
15795 4 2 3 5 2092 1859 1692 1830
15796 4 2 3 5 1691 1859 1692 1822
15797 4 2 3 5 1691 1692 1859 1830
15798 4 2 3 5 2385 2762 1903 1645
15799 4 2 3 5 1903 2762 2385 2052
15800 4 2 3 5 1903 1481 2385 1645
15801 4 2 3 5 2385 1481 1903 2052
15802 4 2 3 5 1910 2475 2874 2624
15803 4 2 3 5 1910 2874 2475 2041
15804 4 2 3 5 1339 856 1361 867
15805 4 2 3 5 1339 1361 856 2130
15806 4 2 3 5 2017 1947 2731 1956
15807 4 2 3 5 2017 2731 1947 2589
15808 4 2 3 5 1705 2182 2174 2183
15809 4 2 3 5 2174 2182 1705 2774
15810 4 2 3 5 2570 2580 2521 2520
15811 4 2 3 5 1980 2024 2541 2026
15812 4 2 3 5 1980 2541 2024 2545
15813 4 2 3 5 2873 2041 2053 2472
15814 4 2 3 5 2873 2053 2041 2874
15815 4 2 3 5 2120 2509 1609 1505
15816 4 2 3 5 1609 2509 2120 2099
15817 4 2 3 5 1609 2482 2120 1505
15818 4 2 3 5 2120 2482 1609 2099
15819 4 2 3 5 1680 2704 1772 2736
15820 4 2 3 5 1680 1772 2704 2110
15821 4 2 3 5 2187 115 2186 2346
15822 4 2 3 5 654 115 2186 680
15823 4 2 3 5 654 2186 115 2346
15824 4 2 3 5 2231 855 1661 873
15825 4 2 3 5 2231 1661 855 2239
15826 4 2 3 5 1814 1661 855 873
15827 4 2 3 5 1814 855 1661 2239
15828 4 2 3 5 877 1661 1390 972
15829 4 2 3 5 1390 1661 877 2230
15830 4 2 3 5 1943 1915 1899 2039
15831 4 2 3 5 1943 1899 1915 2865
15832 4 2 3 5 2727 1356 1634 1357
15833 4 2 3 5 2631 1634 1356 1357
15834 4 2 3 5 2631 1356 1634 1371
15835 4 2 3 5 2011 2554 2521 2562
15836 4 2 3 5 106 2158 2311 2286
15837 4 2 3 5 2311 2158 106 107
15838 4 2 3 5 1504 2204 1465 2203
15839 4 2 3 5 1504 1465 2204 1467
15840 4 2 3 5 2772 2774 1647 2771
15841 4 2 3 5 1647 2774 2772 1664
15842 4 2 3 5 1647 1558 2772 2771
15843 4 2 3 5 2772 1558 1647 1664
15844 4 2 3 5 1861 2257 1862 1872
15845 4 2 3 5 1862 2257 1861 2872
15846 4 2 3 5 1772 2704 1709 2705
15847 4 2 3 5 694 2799 715 2208
15848 4 2 3 5 694 715 2799 728
15849 4 2 3 5 760 2842 761 2859
15850 4 2 3 5 760 761 2842 783
15851 4 2 3 5 2567 743 127 2594
15852 4 2 3 5 127 743 2567 772
15853 4 2 3 5 101 2523 2525 2544
15854 4 2 3 5 101 2525 2523 102
15855 4 2 3 5 1692 1693 2092 1862
15856 4 2 3 5 1692 2092 1693 1832
15857 4 2 3 5 2323 1700 2522 1731
15858 4 2 3 5 2323 2522 1700 2333
15859 4 2 3 5 2527 2522 1700 1731
15860 4 2 3 5 2527 1700 2522 2333
15861 4 2 3 5 1403 869 980 1394
15862 4 2 3 5 1403 980 869 947
15863 4 2 3 5 799 1046 1415 1007
15864 4 2 3 5 799 1415 1046 966
15865 4 2 3 5 1412 997 889 881
15866 4 2 3 5 1412 889 997 1673
15867 4 2 3 5 1758 2212 2371 87
15868 4 2 3 5 1758 2371 2212 1768
15869 4 2 3 5 2662 1378 1383 1381
15870 4 2 3 5 166 1378 1383 1384
15871 4 2 3 5 166 1383 1378 1381
15872 4 2 3 5 804 1407 1497 1431
15873 4 2 3 5 1497 1407 804 992
15874 4 2 3 5 1439 1035 1022 1040
15875 4 2 3 5 1439 1022 1035 1319
15876 4 2 3 5 1359 1875 1352 1367
15877 4 2 3 5 1359 1352 1875 2614
15878 4 2 3 5 1380 976 895 808
15879 4 2 3 5 1380 895 976 1391
15880 4 2 3 5 1459 1087 1089 1076
15881 4 2 3 5 1459 1089 1087 1445
15882 4 2 3 5 1488 1905 1475 1487
15883 4 2 3 5 1488 1475 1905 1368
15884 4 2 3 5 2555 1475 1905 1487
15885 4 2 3 5 2555 1905 1475 1368
15886 4 2 3 5 1350 1464 1347 1599
15887 4 2 3 5 1350 1347 1464 2433
15888 4 2 3 5 1509 2764 2433 2494
15889 4 2 3 5 1762 2736 1679 2735
15890 4 2 3 5 1762 1679 2736 1680
15891 4 2 3 5 2206 1679 2736 2735
15892 4 2 3 5 2206 2736 1679 1680
15893 4 2 3 5 1377 2399 1382 2341
15894 4 2 3 5 1377 1382 2399 1343
15895 4 2 3 5 1656 1382 2399 2341
15896 4 2 3 5 1656 2399 1382 1343
15897 4 2 3 5 1396 882 1326 2293
15898 4 2 3 5 1326 882 1396 2290
15899 4 2 3 5 1396 1326 2294 2293
15900 4 2 3 5 2294 1326 1396 2290
15901 4 2 3 5 1396 2294 2292 2293
15902 4 2 3 5 2292 2294 1396 2290
15903 4 2 3 5 1843 2257 1862 2266
15904 4 2 3 5 2426 1944 1870 1853
15905 4 2 3 5 1855 1870 1944 1853
15906 4 2 3 5 1855 1944 1870 2082
15907 4 2 3 5 2620 1904 2605 2610
15908 4 2 3 5 2620 2605 1904 2475
15909 4 2 3 5 1311 1315 2350 1369
15910 4 2 3 5 1311 2350 1315 1936
15911 4 2 3 5 2350 1315 1848 1369
15912 4 2 3 5 2350 1848 1315 1936
15913 4 2 3 5 968 1920 1445 1369
15914 4 2 3 5 968 1445 1920 1936
15915 4 2 3 5 1920 1315 1311 1369
15916 4 2 3 5 1920 1311 1315 1936
15917 4 2 3 5 1445 1920 1311 1369
15918 4 2 3 5 1445 1311 1920 1936
15919 4 2 3 5 2030 2021 2682 2530
15920 4 2 3 5 2030 2682 2021 2833
15921 4 2 3 5 2052 2759 1614 2760
15922 4 2 3 5 2052 1614 2759 2762
15923 4 2 3 5 2759 2052 1902 2760
15924 4 2 3 5 1902 2052 2759 1646
15925 4 2 3 5 1902 2873 2759 2760
15926 4 2 3 5 2759 2873 1902 1646
15927 4 2 3 5 1950 2426 1870 1949
15928 4 2 3 5 1870 2416 1950 1949
15929 4 2 3 5 1950 2416 1870 2082
15930 4 2 3 5 873 1625 1661 2231
15931 4 2 3 5 873 1661 1625 2230
15932 4 2 3 5 1661 1625 2232 2231
15933 4 2 3 5 1661 2232 1625 2230
15934 4 2 3 5 2232 1625 1812 2231
15935 4 2 3 5 2232 1812 1625 2230
15936 4 2 3 5 1806 1529 1781 1776
15937 4 2 3 5 1781 1529 1806 2209
15938 4 2 3 5 1781 2373 1806 1776
15939 4 2 3 5 974 1381 1383 809
15940 4 2 3 5 1383 1381 974 2290
15941 4 2 3 5 2399 1919 1343 1656
15942 4 2 3 5 2399 1343 1919 1918
15943 4 2 3 5 1921 1343 1919 1656
15944 4 2 3 5 1921 1919 1343 1918
15945 4 2 3 5 2341 2224 1656 2340
15946 4 2 3 5 2341 1656 2224 2399
15947 4 2 3 5 1919 1656 2224 2340
15948 4 2 3 5 1919 2224 1656 2399
15949 4 2 3 5 2436 2432 1538 1613
15950 4 2 3 5 1538 2432 2436 1621
15951 4 2 3 5 1538 2438 2436 1613
15952 4 2 3 5 2436 2438 1538 1621
15953 4 2 3 5 92 2465 2456 2459
15954 4 2 3 5 2456 2465 92 91
15955 4 2 3 5 1488 2008 2557 1963
15956 4 2 3 5 1488 2557 2008 2564
15957 4 2 3 5 2008 1554 2582 1963
15958 4 2 3 5 2008 2582 1554 2564
15959 4 2 3 5 2573 2008 2582 1963
15960 4 2 3 5 2573 2582 2008 2564
15961 4 2 3 5 2557 2008 2573 1963
15962 4 2 3 5 2557 2573 2008 2564
15963 4 2 3 5 1973 1552 2261 2013
15964 4 2 3 5 1973 2261 1552 2564
15965 4 2 3 5 2075 2261 1552 2013
15966 4 2 3 5 2075 1552 2261 2564
15967 4 2 3 5 97 2216 98 2834
15968 4 2 3 5 98 2216 97 505
15969 4 2 3 5 2901 2479 781 135
15970 4 2 3 5 2901 781 2479 2478
15971 4 2 3 5 134 2901 781 135
15972 4 2 3 5 134 781 2901 2478
15973 4 2 3 5 2277 2901 134 135
15974 4 2 3 5 2405 2905 560 2060
15975 4 2 3 5 2905 589 560 2060
15976 4 2 3 5 560 589 2905 594
15977 4 2 3 5 589 610 2905 594
15978 4 2 3 5 1321 805 994 885
15979 4 2 3 5 1321 994 805 1462
15980 4 2 3 5 827 2913 860 1351
15981 4 2 3 5 827 860 2913 874
15982 4 2 3 5 1494 860 2913 1351
15983 4 2 3 5 1494 2913 860 874
15984 4 2 3 5 2268 864 1388 1753
15985 4 2 3 5 2268 1388 864 1569
15986 4 2 3 5 2910 884 2909 990
15987 4 2 3 5 960 2909 884 990
15988 4 2 3 5 960 884 2909 2617
15989 4 2 3 5 1069 2924 1070 1093
15990 4 2 3 5 1070 2924 1069 1460
15991 4 2 3 5 2924 1085 1070 1093
15992 4 2 3 5 1070 1085 2924 1460
15993 4 2 3 5 2924 1056 1085 1093
15994 4 2 3 5 2925 1291 1452 1460
15995 4 2 3 5 2925 1452 1291 2565
15996 4 2 3 5 2651 2038 2000 2652
15997 4 2 3 5 2000 2038 2651 1295
15998 4 2 3 5 2651 2000 2068 2652
15999 4 2 3 5 2068 2000 2651 1295
16000 4 2 3 5 2651 2068 1360 2652
16001 4 2 3 5 1360 2068 2651 1295
16002 4 2 3 5 2651 1360 1334 2652
16003 4 2 3 5 1334 1360 2651 1295
16004 4 2 3 5 1295 1753 864 2268
16005 4 2 3 5 1295 864 1753 1360
16006 4 2 3 5 1569 1295 864 2268
16007 4 2 3 5 2452 1295 1569 2268
16008 4 2 3 5 2565 1307 1450 2566
16009 4 2 3 5 2565 1450 1307 1452
16010 4 2 3 5 1450 1307 1441 2566
16011 4 2 3 5 1450 1441 1307 1452
16012 4 2 3 5 1307 1406 2890 1974
16013 4 2 3 5 1307 2890 1406 1461
16014 4 2 3 5 1618 1605 2637 1606
16015 4 2 3 5 2057 1618 1605 2637
16016 4 2 3 5 2057 1605 1618 2742
16017 4 2 3 5 1979 1635 2545 2757
16018 4 2 3 5 1979 2545 1635 1980
16019 4 2 3 5 1809 2939 1736 2271
16020 4 2 3 5 2927 1995 2933 2056
16021 4 2 3 5 1994 2933 1995 2056
16022 4 2 3 5 1994 1995 2933 2452
16023 4 2 3 5 2931 2075 2076 2079
16024 4 2 3 5 2931 2076 2075 2565
16025 4 2 3 5 1312 2076 2928 2565
16026 4 2 3 5 2928 2076 2931 2565
16027 4 2 3 5 2872 2255 2264 2265
16028 4 2 3 5 2872 2264 2255 2266
16029 4 2 3 5 2901 2424 134 2478
16030 4 2 3 5 2901 134 2424 2277
16031 4 2 3 5 505 2897 2216 2057
16032 4 2 3 5 2216 2897 505 98
16033 4 2 3 5 2897 2742 2216 2057
16034 4 2 3 5 2897 2896 2742 2057
16035 4 2 3 5 2918 886 795 887
16036 4 2 3 5 1389 795 2919 1321
16037 4 2 3 5 1085 2924 1389 1056
16038 4 2 3 5 1085 1389 2924 1460
16039 4 2 3 5 803 1389 2924 1056
16040 4 2 3 5 1964 2512 2882 839
16041 4 2 3 5 1964 2882 2512 2559
16042 4 2 3 5 908 2882 2512 839
16043 4 2 3 5 2913 1494 2917 874
16044 4 2 3 5 1496 2917 1494 874
16045 4 2 3 5 1307 2883 2921 1458
16046 4 2 3 5 1307 2921 2883 2882
16047 4 2 3 5 906 2921 2883 1458
16048 4 2 3 5 906 2883 2921 2882
16049 4 2 3 5 2922 908 2512 909
16050 4 2 3 5 2512 967 2922 909
16051 4 2 3 5 2922 967 2512 2559
16052 4 2 3 5 2929 2923 2909 2617
16053 4 2 3 5 1096 2908 1079 954
16054 4 2 3 5 1079 2908 1096 1095
16055 4 2 3 5 2928 1453 2926 2893
16056 4 2 3 5 2927 2932 2068 1501
16057 4 2 3 5 2068 2932 2927 1360
16058 4 2 3 5 2068 1295 2927 1501
16059 4 2 3 5 2927 1295 2068 1360
16060 4 2 3 5 2559 1307 2565 2566
16061 4 2 3 5 2559 2565 1307 2894
16062 4 2 3 5 2934 1354 1502 1482
16063 4 2 3 5 2934 2911 1354 1482
16064 4 2 3 5 2936 1619 2535 1592
16065 4 2 3 5 2936 2535 1619 2532
16066 4 2 3 5 2532 2936 2742 1617
16067 4 2 3 5 2742 2936 2532 1618
16068 4 2 3 5 2742 1605 2532 1617
16069 4 2 3 5 2532 1605 2742 1618
16070 4 2 3 5 2902 1688 2732 1633
16071 4 2 3 5 2902 2732 1688 2253
16072 4 2 3 5 1635 2639 2757 1976
16073 4 2 3 5 2246 2757 2639 1976
16074 4 2 3 5 2246 2639 2757 2906
16075 4 2 3 5 2938 1828 1858 1829
16076 4 2 3 5 2938 1858 1828 1840
16077 4 2 3 5 2904 2531 2022 2544
16078 4 2 3 5 2904 2022 2531 2757
16079 4 2 3 5 2545 2904 2022 2544
16080 4 2 3 5 2545 2022 2904 2757
16081 4 2 3 5 2032 2904 2545 2544
16082 4 2 3 5 2032 2545 2904 2757
16083 4 2 3 5 2216 2896 2897 98
16084 4 2 3 5 2897 2896 2216 2742
16085 4 2 3 5 1642 2937 1571 1618
16086 4 2 3 5 1642 1571 2937 2531
16087 4 2 3 5 2637 1571 2937 1618
16088 4 2 3 5 2757 1640 2639 1635
16089 4 2 3 5 2757 2639 1640 2906
16090 4 2 3 5 2639 593 2906 574
16091 4 2 3 5 2905 593 560 594
16092 4 2 3 5 2905 560 593 2405
16093 4 2 3 5 884 2915 1338 1341
16094 4 2 3 5 884 1338 2915 2617
16095 4 2 3 5 2077 1338 2915 1341
16096 4 2 3 5 2077 2915 1338 2617
16097 4 2 3 5 2254 2903 2253 136
16098 4 2 3 5 1809 2253 2903 136
16099 4 2 3 5 2941 2905 671 594
16100 4 2 3 5 2941 671 2905 2898
16101 4 2 3 5 610 671 2905 594
16102 4 2 3 5 610 2905 671 2898
16103 4 2 3 5 589 2905 678 2060
16104 4 2 3 5 589 678 2905 610
16105 4 2 3 5 2898 678 2905 2060
16106 4 2 3 5 2898 2905 678 610
16107 4 2 3 5 969 803 2920 981
16108 4 2 3 5 990 954 2910 805
16109 4 2 3 5 990 2910 954 2909
16110 4 2 3 5 2912 824 1354 827
16111 4 2 3 5 1351 2913 1354 827
16112 4 2 3 5 2913 2912 1354 827
16113 4 2 3 5 2913 1354 2912 2911
16114 4 2 3 5 1360 1354 824 2614
16115 4 2 3 5 1354 2934 2932 2911
16116 4 2 3 5 1360 2932 1354 2614
16117 4 2 3 5 1354 2932 1360 2911
16118 4 2 3 5 1354 2912 1360 824
16119 4 2 3 5 1354 1360 2912 2911
16120 4 2 3 5 901 1360 2912 824
16121 4 2 3 5 901 2912 1360 2911
16122 4 2 3 5 1341 1321 2914 2915
16123 4 2 3 5 1341 884 2914 861
16124 4 2 3 5 2914 884 1341 2915
16125 4 2 3 5 2917 959 901 874
16126 4 2 3 5 2917 901 959 2916
16127 4 2 3 5 864 2452 1295 1569
16128 4 2 3 5 2918 795 1389 887
16129 4 2 3 5 1389 795 2918 2919
16130 4 2 3 5 1389 969 2918 887
16131 4 2 3 5 2918 969 1389 2919
16132 4 2 3 5 954 2908 1402 2923
16133 4 2 3 5 1402 2908 954 1079
16134 4 2 3 5 1402 2891 1095 1079
16135 4 2 3 5 1402 1095 2908 1079
16136 4 2 3 5 1321 2559 2565 2558
16137 4 2 3 5 2915 1321 1342 1341
16138 4 2 3 5 1342 2077 2915 1341
16139 4 2 3 5 2913 1482 1354 2911
16140 4 2 3 5 2913 1354 1482 1351
16141 4 2 3 5 2068 2935 2614 2613
16142 4 2 3 5 2614 2935 2068 2932
16143 4 2 3 5 2911 2934 2917 1482
16144 4 2 3 5 2911 2917 2934 2933
16145 4 2 3 5 2934 2056 1994 1482
16146 4 2 3 5 2934 1994 2056 2933
16147 4 2 3 5 1496 2934 1994 1482
16148 4 2 3 5 1496 1994 2934 2933
16149 4 2 3 5 2917 2934 1496 1482
16150 4 2 3 5 2917 1496 2934 2933
16151 4 2 3 5 2932 2056 2055 1501
16152 4 2 3 5 2932 2055 2056 2934
16153 4 2 3 5 2935 2055 1482 2613
16154 4 2 3 5 2935 1482 2055 2934
16155 4 2 3 5 1502 2935 1482 2613
16156 4 2 3 5 1502 1482 2935 2934
16157 4 2 3 5 2614 2935 1502 2613
16158 4 2 3 5 2677 2895 1592 98
16159 4 2 3 5 1592 2895 2677 2937
16160 4 2 3 5 2895 2896 1592 98
16161 4 2 3 5 1592 2896 2895 2937
16162 4 2 3 5 2895 2897 2896 98
16163 4 2 3 5 2896 2897 2895 2937
16164 4 2 3 5 2255 2254 1829 1633
16165 4 2 3 5 2902 2732 1823 1633
16166 4 2 3 5 1829 2902 1823 1633
16167 4 2 3 5 1829 1823 2902 2939
16168 4 2 3 5 2254 2902 1829 1633
16169 4 2 3 5 2271 2272 2939 1828
16170 4 2 3 5 2901 2424 2900 2277
16171 4 2 3 5 2901 2900 2424 2940
16172 4 2 3 5 1840 2900 2424 2277
16173 4 2 3 5 2939 1851 2271 2903
16174 4 2 3 5 2939 2271 1851 2272
16175 4 2 3 5 2899 1851 2939 2903
16176 4 2 3 5 2899 2939 1851 2272
16177 4 2 3 5 2079 2078 2930 1888
16178 4 2 3 5 2057 2897 2937 2060
16179 4 2 3 5 2057 2637 2937 1618
16180 4 2 3 5 2937 2637 2057 2060
16181 4 2 3 5 1443 2907 2924 803
16182 4 2 3 5 1443 2924 2907 1460
16183 4 2 3 5 1389 2924 2907 803
16184 4 2 3 5 1389 2907 2924 1460
16185 4 2 3 5 883 805 2929 1321
16186 4 2 3 5 2929 805 883 2910
16187 4 2 3 5 2914 2910 2929 883
16188 4 2 3 5 2929 2910 2914 2915
16189 4 2 3 5 2929 1321 2914 883
16190 4 2 3 5 2914 1321 2929 2915
16191 4 2 3 5 2916 2917 2452 959
16192 4 2 3 5 2452 2917 2916 2933
16193 4 2 3 5 2452 864 2916 959
16194 4 2 3 5 2907 1460 1452 1443
16195 4 2 3 5 2907 1452 1460 2925
16196 4 2 3 5 795 2919 886 2918
16197 4 2 3 5 795 886 2919 1321
16198 4 2 3 5 2919 2559 1392 2918
16199 4 2 3 5 2919 1392 2559 1321
16200 4 2 3 5 900 2919 1392 2918
16201 4 2 3 5 900 1392 2919 1321
16202 4 2 3 5 886 2919 900 2918
16203 4 2 3 5 886 900 2919 1321
16204 4 2 3 5 2896 1618 2742 2057
16205 4 2 3 5 2896 2742 1618 2936
16206 4 2 3 5 2639 2906 2942 1640
16207 4 2 3 5 2906 2531 2942 1640
16208 4 2 3 5 1809 2902 1823 2939
16209 4 2 3 5 1823 2902 1809 2732
16210 4 2 3 5 1823 1736 1809 2939
16211 4 2 3 5 1809 1736 1823 2732
16212 4 2 3 5 2896 2057 2937 1618
16213 4 2 3 5 2896 2937 2057 2897
16214 4 2 3 5 2933 1360 1295 2927
16215 4 2 3 5 1492 2933 1295 2927
16216 4 2 3 5 1492 1295 2933 2452
16217 4 2 3 5 1995 2933 1492 2927
16218 4 2 3 5 1995 1492 2933 2452
16219 4 2 3 5 2916 2452 1295 864
16220 4 2 3 5 1295 2452 2916 2933
16221 4 2 3 5 1295 1360 2916 864
16222 4 2 3 5 2916 1360 1295 2933
16223 4 2 3 5 1453 2928 1291 2565
16224 4 2 3 5 1453 1291 2928 2926
16225 4 2 3 5 2919 2559 2565 1321
16226 4 2 3 5 2919 2565 2559 2894
16227 4 2 3 5 2925 2919 2565 1321
16228 4 2 3 5 2925 2565 2919 2894
16229 4 2 3 5 2907 2925 2919 2894
16230 4 2 3 5 2900 1828 2899 2272
16231 4 2 3 5 2900 2899 1828 2938
16232 4 2 3 5 2939 2899 1828 2272
16233 4 2 3 5 2939 1828 2899 2938
16234 4 2 3 5 2906 2904 2941 2531
16235 4 2 3 5 496 2904 610 671
16236 4 2 3 5 496 610 2904 2531
16237 4 2 3 5 2907 1307 2925 2894
16238 4 2 3 5 2907 2925 1307 1452
16239 4 2 3 5 2565 2925 1307 2894
16240 4 2 3 5 2565 1307 2925 1452
16241 4 2 3 5 2617 2944 2929 2926
16242 4 2 3 5 574 2941 2904 671
16243 4 2 3 5 2904 2941 574 2906
16244 4 2 3 5 2904 2032 574 671
16245 4 2 3 5 574 2032 2904 2906
16246 4 2 3 5 2907 2894 1443 1307
16247 4 2 3 5 2907 1443 2894 803
16248 4 2 3 5 2921 1443 2894 1307
16249 4 2 3 5 1809 2939 2253 2902
16250 4 2 3 5 1809 2253 2939 2903
16251 4 2 3 5 594 593 2941 2905
16252 4 2 3 5 2941 2639 593 2906
16253 4 2 3 5 2941 593 2639 2905
16254 4 2 3 5 969 2894 803 2907
16255 4 2 3 5 2923 2908 805 954
16256 4 2 3 5 2923 805 2908 2929
16257 4 2 3 5 2910 2909 805 954
16258 4 2 3 5 2910 805 2909 2929
16259 4 2 3 5 2909 2923 805 954
16260 4 2 3 5 2909 805 2923 2929
16261 4 2 3 5 2056 2933 2932 2934
16262 4 2 3 5 2911 2933 2932 1360
16263 4 2 3 5 2911 2932 2933 2934
16264 4 2 3 5 2912 2913 874 827
16265 4 2 3 5 874 2913 2912 2917
16266 4 2 3 5 2917 1360 901 2916
16267 4 2 3 5 2917 901 1360 2911
16268 4 2 3 5 2929 2909 2915 2617
16269 4 2 3 5 2929 2915 2909 2910
16270 4 2 3 5 884 2915 2909 2617
16271 4 2 3 5 884 2909 2915 2910
16272 4 2 3 5 2929 2908 2891 1095
16273 4 2 3 5 2929 2891 2908 2923
16274 4 2 3 5 1402 2891 2908 1095
16275 4 2 3 5 1402 2908 2891 2923
16276 4 2 3 5 2932 2935 1354 2614
16277 4 2 3 5 2932 1354 2935 2934
16278 4 2 3 5 1502 1354 2935 2614
16279 4 2 3 5 1502 2935 1354 2934
16280 4 2 3 5 2939 2899 1829 2938
16281 4 2 3 5 2939 1829 2899 2903
16282 4 2 3 5 2255 1829 2899 2938
16283 4 2 3 5 2927 2933 2932 2056
16284 4 2 3 5 2927 2932 2933 1360
16285 4 2 3 5 2559 2918 969 2922
16286 4 2 3 5 969 2918 2559 2919
16287 4 2 3 5 969 2894 2559 2922
16288 4 2 3 5 2559 2894 969 2919
16289 4 2 3 5 2639 2941 2942 2906
16290 4 2 3 5 2531 2942 2941 2906
16291 4 2 3 5 2531 2941 2942 2898
16292 4 2 3 5 2940 2938 2265 2899
16293 4 2 3 5 2265 2938 2940 2872
16294 4 2 3 5 2265 135 2940 2899
16295 4 2 3 5 2531 1571 2942 1640
16296 4 2 3 5 2020 1571 1641 1606
16297 4 2 3 5 2020 1641 1571 1640
16298 4 2 3 5 2059 1571 2020 1606
16299 4 2 3 5 2059 2020 1571 1640
16300 4 2 3 5 2942 1641 2639 1640
16301 4 2 3 5 1571 2942 1641 1606
16302 4 2 3 5 1571 1641 2942 1640
16303 4 2 3 5 2943 1641 2942 1606
16304 4 2 3 5 2943 2942 1641 2639
16305 4 2 3 5 2943 1606 1571 2637
16306 4 2 3 5 2943 1571 1606 2942
16307 4 2 3 5 2531 2943 1571 2637
16308 4 2 3 5 2531 1571 2943 2942
16309 4 2 3 5 2060 2943 2531 2637
16310 4 2 3 5 1462 2929 1291 2926
16311 4 2 3 5 1462 1291 2929 1321
16312 4 2 3 5 1322 2944 2565 1321
16313 4 2 3 5 1322 2565 2944 2931
16314 4 2 3 5 2928 2944 2565 2931
16315 4 2 3 5 1894 2945 2077 2930
16316 4 2 3 5 2077 2945 1894 2617
16317 4 2 3 5 2945 2946 2078 2930
16318 4 2 3 5 2947 2945 2078 2617
16319 4 2 3 5 2947 2078 2945 2946
16320 4 2 3 5 2078 2947 2893 2928
16321 4 2 3 5 2078 2893 2947 2617
16322 4 2 3 5 2947 2944 2945 2617
16323 4 2 3 5 2926 2947 2944 2928
16324 4 2 3 5 2926 2944 2947 2617
16325 4 2 3 5 2893 2947 2926 2928
16326 4 2 3 5 2893 2926 2947 2617
16327 4 2 3 5 2306 2327 1395 2304
16328 4 2 3 5 2306 1395 2327 1626
16329 4 2 3 5 1520 2721 1710 1709
16330 4 2 3 5 1520 1710 2721 2836
16331 4 2 3 5 2796 1710 2721 1709
16332 4 2 3 5 2796 2721 1710 2836
16333 4 2 3 5 831 1341 862 861
16334 4 2 3 5 831 862 1341 1349
16335 4 2 3 5 2878 2004 1978 2014
16336 4 2 3 5 2878 1978 2004 2879
16337 4 2 3 5 2570 2520 2516 2519
16338 4 2 3 5 2011 2521 2045 2562
16339 4 2 3 5 2045 2521 2011 2012
16340 4 2 3 5 2469 2507 2502 2874
16341 4 2 3 5 2469 2502 2507 124
16342 4 2 3 5 1864 1948 1959 2726
16343 4 2 3 5 1959 1948 1864 1865
16344 4 2 3 5 2243 2174 1725 2712
16345 4 2 3 5 1725 2174 2243 1735
16346 4 2 3 5 2002 2571 2016 2581
16347 4 2 3 5 1973 2564 2008 1554
16348 4 2 3 5 2008 2564 1973 1552
16349 4 2 3 5 2008 2559 1973 1554
16350 4 2 3 5 1973 2559 2008 1552
16351 4 2 3 5 2139 1878 2133 2136
16352 4 2 3 5 2139 2133 1878 1890
16353 4 2 3 5 1981 2024 2542 2545
16354 4 2 3 5 1981 2542 2024 2028
16355 4 2 3 5 2376 2374 2375 1562
16356 4 2 3 5 2376 2375 2374 1756
16357 4 2 3 5 1774 2373 1768 2372
16358 4 2 3 5 2003 2862 2879 2045
16359 4 2 3 5 2570 2581 2521 2580
16360 4 2 3 5 2090 1865 2850 1861
16361 4 2 3 5 2850 1865 2090 1864
16362 4 2 3 5 2002 2001 2053 2010
16363 4 2 3 5 2002 2053 2001 2521
16364 4 2 3 5 1552 2559 2558 2013
16365 4 2 3 5 2558 2559 1552 2008
16366 4 2 3 5 2558 1322 1552 2013
16367 4 2 3 5 1552 1322 2558 2008
16368 4 2 3 5 1546 1580 2448 1623
16369 4 2 3 5 1546 2448 1580 2497
16370 4 2 3 5 1580 1546 1586 1623
16371 4 2 3 5 1580 1586 1546 2153
16372 4 2 3 5 1593 1586 1546 1623
16373 4 2 3 5 1593 1546 1586 2153
16374 4 2 3 5 1351 1496 1994 1482
16375 4 2 3 5 2917 1351 1496 1494
16376 4 2 3 5 2917 1496 1351 1482
16377 4 2 3 5 2913 1351 2917 1494
16378 4 2 3 5 2913 2917 1351 1482
16379 4 2 3 5 1709 2110 1772 1712
16380 4 2 3 5 1772 2110 1709 2704
16381 4 2 3 5 1622 2740 2739 1538
16382 4 2 3 5 1622 2739 2740 2741
16383 4 2 3 5 1576 1476 1506 1379
16384 4 2 3 5 1506 1476 1576 1574
16385 4 2 3 5 1506 2634 1576 1379
16386 4 2 3 5 1576 2634 1506 1574
16387 4 2 3 5 1768 2371 2373 1767
16388 4 2 3 5 1768 2373 2371 2372
16389 4 2 3 5 2404 1548 2414 2631
16390 4 2 3 5 2404 2414 1548 1954
16391 4 2 3 5 1548 1975 2410 2631
16392 4 2 3 5 1548 2410 1975 1954
16393 4 2 3 5 1950 1548 2410 2631
16394 4 2 3 5 1950 2410 1548 1954
16395 4 2 3 5 2414 1548 1950 2631
16396 4 2 3 5 2414 1950 1548 1954
16397 4 2 3 5 1850 1689 1830 1862
16398 4 2 3 5 1830 1689 1850 2193
16399 4 2 3 5 1830 2255 1843 1862
16400 4 2 3 5 1843 2255 1830 2193
16401 4 2 3 5 1850 1830 1843 1862
16402 4 2 3 5 1843 1830 1850 2193
16403 4 2 3 5 2289 2662 2104 1385
16404 4 2 3 5 2289 2104 2662 2661
16405 4 2 3 5 1653 2104 2662 1385
16406 4 2 3 5 1653 2662 2104 2661
16407 4 2 3 5 2588 1946 2775 2015
16408 4 2 3 5 2588 2775 1946 2589
16409 4 2 3 5 1965 2775 1946 2015
16410 4 2 3 5 2386 1490 1351 2385
16411 4 2 3 5 2386 1351 1490 1994
16412 4 2 3 5 1781 1780 1806 2373
16413 4 2 3 5 1806 1780 1781 2209
16414 4 2 3 5 2438 2439 1499 2440
16415 4 2 3 5 1499 2439 2438 1622
16416 4 2 3 5 1499 2448 2438 2440
16417 4 2 3 5 2438 2448 1499 1622
16418 4 2 3 5 2500 2503 2874 2502
16419 4 2 3 5 2874 2503 2500 2873
16420 4 2 3 5 2874 2469 2500 2502
16421 4 2 3 5 2500 2469 2874 2873
16422 4 2 3 5 1923 1932 2393 1675
16423 4 2 3 5 1923 2393 1932 1939
16424 4 2 3 5 2394 2393 1932 1675
16425 4 2 3 5 2394 1932 2393 1939
16426 4 2 3 5 2519 637 506 126
16427 4 2 3 5 2519 506 637 2121
16428 4 2 3 5 1483 1490 1994 1993
16429 4 2 3 5 1994 1490 1483 2437
16430 4 2 3 5 1483 1994 2443 1993
16431 4 2 3 5 2443 1994 1483 2437
16432 4 2 3 5 1483 2443 2442 1993
16433 4 2 3 5 2442 2443 1483 2437
16434 4 2 3 5 2521 2001 2011 2053
16435 4 2 3 5 2521 2011 2001 2554
16436 4 2 3 5 1844 1843 1862 1850
16437 4 2 3 5 1844 1862 1843 2257
16438 4 2 3 5 1903 2873 2471 2605
16439 4 2 3 5 2471 2873 1903 2052
16440 4 2 3 5 2180 1626 1636 2240
16441 4 2 3 5 2180 1636 1626 2327
16442 4 2 3 5 854 1636 1626 2240
16443 4 2 3 5 1871 2424 2087 1858
16444 4 2 3 5 1871 2087 2424 2427
16445 4 2 3 5 2357 1692 1850 1693
16446 4 2 3 5 2357 1850 1692 1689
16447 4 2 3 5 1862 1850 1692 1693
16448 4 2 3 5 1862 1692 1850 1689
16449 4 2 3 5 1509 1463 2433 2764
16450 4 2 3 5 1509 2433 1463 1465
16451 4 2 3 5 1611 2433 1463 2764
16452 4 2 3 5 1611 1463 2433 1465
16453 4 2 3 5 2829 1540 1586 1580
16454 4 2 3 5 2829 1586 1540 2499
16455 4 2 3 5 2153 1586 1540 1580
16456 4 2 3 5 2153 1540 1586 2499
16457 4 2 3 5 2939 1736 1820 1823
16458 4 2 3 5 2939 1820 1736 2271
16459 4 2 3 5 1819 1820 1736 1823
16460 4 2 3 5 1819 1736 1820 2271
16461 4 2 3 5 1341 2914 862 861
16462 4 2 3 5 1341 862 2914 1321
16463 4 2 3 5 883 862 2914 861
16464 4 2 3 5 883 2914 862 1321
16465 4 2 3 5 2512 2922 2882 908
16466 4 2 3 5 2512 2882 2922 2559
16467 4 2 3 5 2921 2882 2922 908
16468 4 2 3 5 1389 2919 2925 1321
16469 4 2 3 5 2925 2919 1389 2907
16470 4 2 3 5 1307 2894 2882 2559
16471 4 2 3 5 1307 2882 2894 2921
16472 4 2 3 5 2922 2882 2894 2559
16473 4 2 3 5 2922 2894 2882 2921
16474 4 2 3 5 2712 1825 1738 2243
16475 4 2 3 5 2712 1738 1825 1852
16476 4 2 3 5 2447 1570 2448 2460
16477 4 2 3 5 2447 2448 1570 1622
16478 4 2 3 5 1997 2448 1570 2460
16479 4 2 3 5 1997 1570 2448 1622
16480 4 2 3 5 1841 1825 2272 2274
16481 4 2 3 5 1841 2272 1825 1824
16482 4 2 3 5 1738 2272 1825 2274
16483 4 2 3 5 1738 1825 2272 1824
16484 4 2 3 5 2229 2732 1823 1736
16485 4 2 3 5 1823 2732 2229 1810
16486 4 2 3 5 1823 1819 2229 1736
16487 4 2 3 5 2229 1819 1823 1810
16488 4 2 3 5 2442 1567 1993 2450
16489 4 2 3 5 2442 1993 1567 1621
16490 4 2 3 5 1537 1993 2441 2450
16491 4 2 3 5 1537 2441 1993 1621
16492 4 2 3 5 1993 1567 2441 2450
16493 4 2 3 5 1993 2441 1567 1621
16494 4 2 3 5 2457 2741 2459 1570
16495 4 2 3 5 2457 2459 2741 1568
16496 4 2 3 5 1868 2729 1639 1869
16497 4 2 3 5 1639 2729 1868 2728
16498 4 2 3 5 2521 2516 2570 2520
16499 4 2 3 5 1900 1846 1942 2870
16500 4 2 3 5 1942 1846 1900 1943
16501 4 2 3 5 1942 1901 1900 2870
16502 4 2 3 5 1900 1901 1942 1943
16503 4 2 3 5 2003 2878 2862 2869
16504 4 2 3 5 2862 2878 2003 2879
16505 4 2 3 5 1378 1385 1673 1766
16506 4 2 3 5 1673 1385 1378 1384
16507 4 2 3 5 1385 1378 1383 2662
16508 4 2 3 5 1383 1378 1385 1384
16509 4 2 3 5 2736 86 2212 2206
16510 4 2 3 5 1317 2156 2021 1718
16511 4 2 3 5 1317 2021 2156 2029
16512 4 2 3 5 2833 2021 2156 1718
16513 4 2 3 5 2833 2156 2021 2029
16514 4 2 3 5 2822 2820 1717 2821
16515 4 2 3 5 2529 1717 2820 2821
16516 4 2 3 5 1797 2141 1792 1892
16517 4 2 3 5 1797 1792 2141 2135
16518 4 2 3 5 799 1412 1417 1415
16519 4 2 3 5 799 1417 1412 997
16520 4 2 3 5 2120 2047 2099 2509
16521 4 2 3 5 2120 2099 2047 2101
16522 4 2 3 5 1615 2099 2047 2509
16523 4 2 3 5 1615 2047 2099 2101
16524 4 2 3 5 2050 2471 2606 2051
16525 4 2 3 5 2606 2471 2050 2470
16526 4 2 3 5 2050 2048 2606 2470
16527 4 2 3 5 2606 2048 1364 2049
16528 4 2 3 5 1505 1480 1465 2204
16529 4 2 3 5 1465 1480 1505 1604
16530 4 2 3 5 1465 1467 1505 2204
16531 4 2 3 5 1505 1467 1465 1604
16532 4 2 3 5 2045 1915 1899 2867
16533 4 2 3 5 1899 1915 2045 2039
16534 4 2 3 5 1915 2045 2855 2862
16535 4 2 3 5 2855 2045 1915 2039
16536 4 2 3 5 1807 1774 1768 1777
16537 4 2 3 5 1807 1768 1774 2373
16538 4 2 3 5 1726 1859 1860 2092
16539 4 2 3 5 1726 1860 1859 1691
16540 4 2 3 5 1822 1859 1860 1691
16541 4 2 3 5 1872 2849 2259 1865
16542 4 2 3 5 1872 2259 2849 2855
16543 4 2 3 5 1865 2878 1945 2259
16544 4 2 3 5 1945 2878 1865 1864
16545 4 2 3 5 1865 2850 1945 1864
16546 4 2 3 5 2855 2849 1945 2259
16547 4 2 3 5 1865 2849 1945 2850
16548 4 2 3 5 1865 1945 2849 2259
16549 4 2 3 5 2331 2029 1716 1981
16550 4 2 3 5 2331 1716 2029 2156
16551 4 2 3 5 2528 1716 2029 1981
16552 4 2 3 5 2528 2029 1716 2156
16553 4 2 3 5 1981 2528 2833 2029
16554 4 2 3 5 2833 2528 1981 2525
16555 4 2 3 5 1684 1697 1668 2107
16556 4 2 3 5 2014 2878 1977 2002
16557 4 2 3 5 1977 2878 2014 2004
16558 4 2 3 5 1977 2521 2014 2002
16559 4 2 3 5 2014 2521 1977 2004
16560 4 2 3 5 2787 2021 2682 2816
16561 4 2 3 5 2787 2682 2021 2530
16562 4 2 3 5 2562 2554 2503 2011
16563 4 2 3 5 2053 2001 2554 2009
16564 4 2 3 5 2554 2001 2053 2011
16565 4 2 3 5 2053 2503 2554 2011
16566 4 2 3 5 2554 2503 2500 2502
16567 4 2 3 5 2005 1505 2019 2482
16568 4 2 3 5 2005 2019 1505 1604
16569 4 2 3 5 2301 2107 1680 2106
16570 4 2 3 5 2301 1680 2107 1684
16571 4 2 3 5 2704 1680 2107 2106
16572 4 2 3 5 2704 2107 1680 1684
16573 4 2 3 5 2516 2571 2521 2570
16574 4 2 3 5 2516 2521 2571 2001
16575 4 2 3 5 2002 2571 2521 2001
16576 4 2 3 5 2571 2581 2521 2570
16577 4 2 3 5 2521 2581 2571 2002
16578 4 2 3 5 2001 2016 2002 2571
16579 4 2 3 5 2001 2002 2016 2010
16580 4 2 3 5 2719 2701 1682 1668
16581 4 2 3 5 2719 1682 2701 2700
16582 4 2 3 5 1684 1682 2701 1668
16583 4 2 3 5 1327 1042 1026 1044
16584 4 2 3 5 1026 1042 1327 1589
16585 4 2 3 5 2212 1512 1711 1768
16586 4 2 3 5 1711 1512 2212 2213
16587 4 2 3 5 1711 2736 2212 1768
16588 4 2 3 5 2376 1415 1562 1412
16589 4 2 3 5 2376 1562 1415 1430
16590 4 2 3 5 1417 1562 1415 1412
16591 4 2 3 5 1417 1415 1562 1430
16592 4 2 3 5 2609 1904 2043 1909
16593 4 2 3 5 2609 2043 1904 2475
16594 4 2 3 5 2620 2043 1904 1909
16595 4 2 3 5 2620 1904 2043 2475
16596 4 2 3 5 1474 1350 2642 2384
16597 4 2 3 5 2642 1350 1474 1364
16598 4 2 3 5 2642 1473 1474 2384
16599 4 2 3 5 1474 1473 2642 1364
16600 4 2 3 5 1364 2606 2050 2048
16601 4 2 3 5 1364 1473 2050 1474
16602 4 2 3 5 1364 2050 1473 2048
16603 4 2 3 5 2554 2503 2501 2500
16604 4 2 3 5 115 2186 6 2187
16605 4 2 3 5 115 6 2186 680
16606 4 2 3 5 1356 1634 1331 2727
16607 4 2 3 5 1356 1331 1634 1371
16608 4 2 3 5 1637 1331 1634 2727
16609 4 2 3 5 1637 1634 1331 1371
16610 4 2 3 5 1713 1718 2528 2156
16611 4 2 3 5 1713 2528 1718 2822
16612 4 2 3 5 2833 2528 1718 2156
16613 4 2 3 5 2833 1718 2528 2822
16614 4 2 3 5 1944 1870 1954 2426
16615 4 2 3 5 1944 1954 1870 2082
16616 4 2 3 5 1950 1954 1870 2426
16617 4 2 3 5 1950 1870 1954 2082
16618 4 2 3 5 954 2923 960 2909
16619 4 2 3 5 954 960 2923 1402
16620 4 2 3 5 2617 960 2923 2909
16621 4 2 3 5 2617 2923 960 1402
16622 4 2 3 5 2531 2060 2937 2898
16623 4 2 3 5 2941 574 593 594
16624 4 2 3 5 593 574 2941 2906
16625 4 2 3 5 136 2899 2254 2903
16626 4 2 3 5 136 2254 2899 2265
16627 4 2 3 5 2255 2899 2254 2265
16628 4 2 3 5 2077 2915 1894 1342
16629 4 2 3 5 2077 1894 2915 2617
16630 4 2 3 5 2929 2915 1894 2617
16631 4 2 3 5 2931 2075 1551 1552
16632 4 2 3 5 1551 1895 2930 1552
16633 4 2 3 5 2253 2903 2902 2939
16634 4 2 3 5 2253 2902 2903 2254
16635 4 2 3 5 1829 2902 2903 2939
16636 4 2 3 5 1829 2903 2902 2254
16637 4 2 3 5 1829 2254 2899 2903
16638 4 2 3 5 2899 2254 1829 2255
16639 4 2 3 5 2943 2639 2405 2060
16640 4 2 3 5 2405 2639 2943 1641
16641 4 2 3 5 2405 2637 2943 2060
16642 4 2 3 5 2943 2637 2405 1641
16643 4 2 3 5 2938 2900 1858 1840
16644 4 2 3 5 2938 1858 2900 2940
16645 4 2 3 5 2424 1858 2900 1840
16646 4 2 3 5 2424 2900 1858 2940
16647 4 2 3 5 2637 2937 2531 2060
16648 4 2 3 5 2637 2531 2937 1571
16649 4 2 3 5 2898 2531 2943 2942
16650 4 2 3 5 2898 2943 2531 2060
16651 4 2 3 5 2265 2479 2940 135
16652 4 2 3 5 2265 2940 2479 2872
16653 4 2 3 5 2901 2940 2479 135
16654 4 2 3 5 2901 2479 2940 2872
16655 4 2 3 5 2945 1894 2944 1322
16656 4 2 3 5 2945 2944 1894 2617
16657 4 2 3 5 2929 1894 2944 2617
16658 4 2 3 5 1894 1342 1321 1322
16659 4 2 3 5 1894 2944 1321 2929
16660 4 2 3 5 1321 2944 1894 1322
16661 4 2 3 5 2941 2905 2942 2898
16662 4 2 3 5 2942 2905 2941 2639
16663 4 2 3 5 2905 2943 2942 2898
16664 4 2 3 5 2942 2943 2905 2639
16665 4 2 3 5 2905 2060 2943 2898
16666 4 2 3 5 2943 2060 2905 2639
16667 4 2 3 5 2894 803 2920 969
16668 4 2 3 5 2894 2922 2920 2921
16669 4 2 3 5 2920 2922 2894 969
16670 4 2 3 5 2944 2565 1291 2928
16671 4 2 3 5 1291 2565 2944 1321
16672 4 2 3 5 2944 2929 1291 1321
16673 4 2 3 5 2930 2079 2946 2078
16674 4 2 3 5 2078 2930 2077 2945
16675 4 2 3 5 2077 2930 2078 1888
16676 4 2 3 5 2077 2617 2078 2945
16677 4 2 3 5 2078 2617 2077 1888
16678 4 2 3 5 2946 2931 1552 1322
16679 4 2 3 5 2944 1322 2946 2945
16680 4 2 3 5 2946 1322 2944 2931
16681 4 2 3 5 2946 2947 2944 2945
16682 4 2 3 5 1948 1972 2878 1978
16683 4 2 3 5 1948 2878 1972 2595
16684 4 2 3 5 2014 2878 1972 1978
16685 4 2 3 5 2014 1972 2878 2595
16686 4 2 3 5 2001 2516 2009 2509
16687 4 2 3 5 2001 2009 2516 2554
16688 4 2 3 5 1615 2009 2122 2509
16689 4 2 3 5 1615 2122 2009 2554
16690 4 2 3 5 2009 2516 2122 2509
16691 4 2 3 5 2009 2122 2516 2554
16692 4 2 3 5 2737 86 2212 2736
16693 4 2 3 5 2212 86 2737 2213
16694 4 2 3 5 2212 1711 2737 2736
16695 4 2 3 5 2737 1711 2212 2213
16696 4 2 3 5 1487 2608 2471 2606
16697 4 2 3 5 2471 2608 1487 2607
16698 4 2 3 5 2471 2051 1487 2606
16699 4 2 3 5 1487 2051 2471 2607
16700 4 2 3 5 1487 1474 2606 2051
16701 4 2 3 5 1487 2606 1474 1364
16702 4 2 3 5 2050 2606 1474 2051
16703 4 2 3 5 2050 1474 2606 1364
16704 4 2 3 5 2373 1773 1781 1780
16705 4 2 3 5 2373 1781 1773 2804
16706 4 2 3 5 2811 1781 1773 1780
16707 4 2 3 5 2811 1773 1781 2804
16708 4 2 3 5 1684 1697 2719 1668
16709 4 2 3 5 2719 1697 1684 2720
16710 4 2 3 5 2719 1682 1684 1668
16711 4 2 3 5 1684 1682 2719 2720
16712 4 2 3 5 2701 2704 1682 1684
16713 4 2 3 5 2529 1717 2525 2820
16714 4 2 3 5 2529 2525 1717 2832
16715 4 2 3 5 2501 2053 2554 2009
16716 4 2 3 5 2554 2053 2501 2503
16717 4 2 3 5 2013 1552 2931 1322
16718 4 2 3 5 2931 1552 2013 2075
16719 4 2 3 5 981 1443 2920 2921
16720 4 2 3 5 981 2920 1443 803
16721 4 2 3 5 2894 2920 1443 2921
16722 4 2 3 5 2894 1443 2920 803
16723 4 2 3 5 2531 610 671 2898
16724 4 2 3 5 671 610 2531 2904
16725 4 2 3 5 671 2941 2531 2898
16726 4 2 3 5 2531 2941 671 2904
16727 4 2 3 5 1291 2926 2944 2928
16728 4 2 3 5 2944 2926 1291 2929
16729 4 2 3 5 1351 1496 2437 1994
16730 4 2 3 5 2437 1496 1351 1494
16731 4 2 3 5 2775 1946 1952 1965
16732 4 2 3 5 2775 1952 1946 2589
16733 4 2 3 5 2304 1395 1636 2327
16734 4 2 3 5 1626 1395 1636 854
16735 4 2 3 5 1626 1636 1395 2327
16736 4 2 3 5 2561 2503 2554 2502
16737 4 2 3 5 2561 2554 2503 2562
16738 4 2 3 5 1792 1888 2141 2135
16739 4 2 3 5 1859 1860 1692 1822
16740 4 2 3 5 1859 1692 1860 2092
16741 4 2 3 5 2849 1945 2853 2855
16742 4 2 3 5 2849 2853 1945 2850
16743 4 2 3 5 2555 1487 2606 2470
16744 4 2 3 5 2606 2048 2555 2470
16745 4 2 3 5 2555 2048 2606 2049
16746 4 2 3 5 1321 1894 2915 1342
16747 4 2 3 5 2915 1894 1321 2929
16748 4 2 3 5 1552 1551 2946 2930
16749 4 2 3 5 1552 2946 1551 2931
16750 4 2 3 5 2931 2076 1312 2079
16751 4 2 3 5 1312 2076 2931 2928
16752 4 2 3 5 2946 2931 2078 2079
16753 4 2 3 5 2931 2143 2078 2079
16754 4 2 3 5 2078 2143 2931 2928
16755 4 2 3 5 2931 1312 2143 2079
16756 4 2 3 5 2143 1312 2931 2928
16757 4 2 3 5 1322 1894 2930 2945
16758 4 2 3 5 2930 1894 1322 1552
16759 4 2 3 5 2930 2946 1322 2945
16760 4 2 3 5 1322 2946 2930 1552
16761 4 2 3 5 2078 2931 2947 2928
16762 4 2 3 5 2078 2947 2931 2946
16763 4 2 3 5 2944 2947 2931 2928
16764 4 2 3 5 2944 2931 2947 2946
16765 4 2 3 5 2325 2034 1375 2549
16766 4 2 3 5 1375 2034 2325 1636
16767 4 2 3 5 1375 1577 2325 2549
16768 4 2 3 5 2325 1577 1375 1636
16769 4 2 3 5 2525 2833 1717 2832
16770 4 2 3 5 2833 2528 2820 2822
16771 4 2 3 5 2820 2528 2833 2525
16772 4 2 3 5 2820 1717 2833 2822
16773 4 2 3 5 2833 1717 2820 2525
16774 4 2 3 5 1792 1892 1888 1886
16775 4 2 3 5 1888 1892 1792 2141
16776 4 2 3 5 1682 2701 2736 2704
16777 4 2 3 5 2736 2701 1682 2700
16778 4 2 3 5 2736 2703 1682 2704
16779 4 2 3 5 1682 2703 2736 2700
16780 4 2 3 5 1395 1636 868 2304
16781 4 2 3 5 1395 868 1636 854
16782 4 2 3 5 869 868 1636 2304
16783 4 2 3 5 869 1636 868 854
16784 4 2 3 5 2606 2555 1905 1487
16785 4 2 3 5 1905 2555 2606 2049
16786 4 2 3 5 1905 1364 2606 1487
16787 4 2 3 5 2606 1364 1905 2049
16788 4 2 3 5 2946 1340 2930 1551
16789 4 2 3 5 2930 1340 2946 2079
16790 4 2 3 5 1340 1895 2930 1551
16791 4 2 3 5 2930 1895 1340 2079
16792 4 2 3 5 2931 2075 1340 1551
16793 4 2 3 5 1340 2075 2931 2079
16794 4 2 3 5 2946 2931 1340 1551
16795 4 2 3 5 1340 2931 2946 2079
$EndElements
