ELMER SOLVER (v 26.2) STARTED AT: 2026/09/14 14:18:19
ParCommInit: Initialize #PEs: 1
MAIN: 
MAIN: =============================================================
MAIN: ElmerSolver finite element software, Welcome!
MAIN: This program is free software licensed under (L)GPL
MAIN: Copyright 1st April 1995 - , CSC - IT Center for Science Ltd.
MAIN: Webpage http://www.csc.fi/elmer, Email elmeradm@csc.fi
MAIN: Version: 26.2-unknown (Rev: unknown, Compiled: 2026-09-12)
MAIN:  Running one task without MPI parallelization.
MAIN:  Running with just one thread per task.
MAIN: =============================================================
OpenIncludeFile: Trying to include file: circuits.definitions
MAIN: 
MAIN: 
MAIN: -------------------------------------
MAIN: Reading Model: case.sif
LoadInputFile: Scanning input file: case.sif
LoadInputFile: Scanning only size info
LoadInputFile: First time visiting
LoadInputFile: Reading base load of sif file
OpenIncludeFile: Trying to include file: circuits.definitions
CheckKeyword: Found keyword type assuming suffix 1 for: exported variable 2
CheckKeyword: Found keyword type assuming suffix 1 for: exported variable 2
CheckKeyword: Found keyword type assuming suffix 1 for: exported variable 3
CheckKeyword: Found keyword type assuming suffix 1 for: exported variable 3
CheckKeyword: Found keyword type assuming suffix 1 for: exported variable 4
CheckKeyword: Found keyword type assuming suffix 1 for: exported variable 4
CheckKeyword: Found keyword type assuming suffix 1 for: variable 2
CheckKeyword: Found keyword type assuming suffix 1 for: variable 2
CheckKeyword: Found keyword type assuming suffix 1 for: operator 2
CheckKeyword: Found keyword type assuming suffix 1 for: operator 2
LoadInputFile: Loading input file: case.sif
LoadInputFile: Reading base load of sif file
OpenIncludeFile: Trying to include file: circuits.definitions
CheckKeyword:  Unlisted keyword: [polar decomposition determinant tolerance] in section: [solver 7]
CheckKeyword:  Unlisted keyword: [polar decomposition max iterations] in section: [solver 7]
CheckKeyword: Found keyword type assuming suffix 1 for: exported variable 2
CheckKeyword: Found keyword type assuming suffix 1 for: exported variable 2
CheckKeyword: Found keyword type assuming suffix 1 for: exported variable 3
CheckKeyword: Found keyword type assuming suffix 1 for: exported variable 3
CheckKeyword: Found keyword type assuming suffix 1 for: exported variable 4
CheckKeyword: Found keyword type assuming suffix 1 for: exported variable 4
CheckKeyword:  Unlisted keyword: [export circuit variables] in section: [solver 10]
CheckKeyword: Found keyword type assuming suffix 1 for: variable 2
CheckKeyword: Found keyword type assuming suffix 1 for: variable 2
CheckKeyword: Found keyword type assuming suffix 1 for: operator 2
CheckKeyword: Found keyword type assuming suffix 1 for: operator 2
CheckKeyword:  Unlisted keyword: [alpha reference] in section: [body 1]
CheckKeyword:  Unlisted keyword: [beta reference] in section: [body 1]
CheckKeyword:  Unlisted keyword: [electrode boundaries] in section: [component 1]
CheckKeyword:  Unlisted keyword: [circuit current variable id] in section: [component 1]
CheckKeyword:  Unlisted keyword: [stranded coil n_j] in section: [component 1]
CheckKeyword:  Unlisted keyword: [testsource] in section: [body force 3]
CheckKeyword:  Unlisted keyword: [circuit current variable id] in section: [body force 3]
CheckKeyword:  Unlisted keyword: [stranded coil n_j] in section: [body force 3]
CheckKeyword:  Unlisted keyword: [w] in section: [boundary condition 3]
CheckKeyword:  Unlisted keyword: [w] in section: [boundary condition 4]
CheckKeyword:  Unlisted keyword: [body 1: alpha] in section: [boundary condition 5]
CheckKeyword:  Unlisted keyword: [body 1: alpha] in section: [boundary condition 6]
CheckKeyword:  Unlisted keyword: [body 1: beta] in section: [boundary condition 7]
CheckKeyword:  Unlisted keyword: [body 1: beta] in section: [boundary condition 8]
LoadInputFile: Number of BCs: 8
LoadInputFile: Number of Body Forces: 3
LoadInputFile: Number of Initial Conditions: 0
LoadInputFile: Number of Materials: 3
LoadInputFile: Number of Equations: 1
LoadInputFile: Number of Solvers: 11
LoadInputFile: Number of Bodies: 3
WARNING:: LoadInputFile: > Body Force 3 < not used in any Body!
Loading user function library: [RigidMeshMapper]...[RigidMeshMapper_Init0]
Loading user function library: [RigidMeshMapper]...[RigidMeshMapper_Init0]
Loading user function library: [MagnetoDynamics]...[WhitneyAVSolver_Init0]
WhitneyAVSolver_Init0: Setting element type to: "n:1 e:1"
Loading user function library: [MagnetoDynamics]...[MagnetoDynamicsCalcFields_Init0]
Loading user function library: [ResultOutputSolve]...[ResultOutputSolver_Init0]
Loading user function library: [ResultOutputSolve]...[ResultOutputSolver_Init0]
Loading user function library: [DirectionSolver]...[DirectionSolver_Init0]
Loading user function library: [DirectionSolver]...[DirectionSolver_Init0]
Loading user function library: [CoordinateTransform]...[RotMSolver_Init0]
Loading user function library: [CoordinateTransform]...[RotMSolver_Init0]
Loading user function library: [WPotentialSolver]...[Wsolve_Init0]
Loading user function library: [CircuitsAndDynamics]...[CircuitsAndDynamics_Init0]
Loading user function library: [CircuitsAndDynamics]...[CircuitsAndDynamics_Init0]
Loading user function library: [CircuitsAndDynamics]...[CircuitsOutput_Init0]
Loading user function library: [CircuitsAndDynamics]...[CircuitsOutput_Init0]
Loading user function library: [SaveData]...[SaveScalars_Init0]
Loading user function library: [SaveData]...[SaveScalars_Init0]
Loading user function library: [DirectionSolver]...[DirectionSolver_Dummy_Init0]
Loading user function library: [DirectionSolver]...[DirectionSolver_Dummy_Init0]
Loading user function library: [DirectionSolver]...[DirectionSolver_Dummy_Init0]
Loading user function library: [DirectionSolver]...[DirectionSolver_Dummy_Init0]
Loading user function library: [WPotentialSolver]...[Wsolve_Dummy_Init0]
Loading user function library: [WPotentialSolver]...[Wsolve_Dummy_Init0]
LoadMesh: Loading serial mesh!
ElmerMeshReader: Performing step: 1
ElmerMeshReader: Base mesh name: ./mesh
ReadHeaderFile: Reading header info from file: ./mesh/mesh.header
InitializeMesh: Number of nodes in mesh: 2917
InitializeMesh: Number of bulk elements in mesh: 16703
InitializeMesh: Number of boundary elements in mesh: 2040
InitializeMesh: Initial number of max element nodes: 4
ElmerMeshReader: Performing step: 2
ReadNodesFile: Reading nodes from file: ./mesh/mesh.nodes
MapCoordinates: Performing coordinate mapping
SetMeshDimension: Dimension of mesh is: 3
SetMeshDimension: Max dimension of mesh is: 3
ElmerMeshReader: Performing step: 3
ReadElementsFile: Reading bulk elements from file: ./mesh/mesh.elements
ElmerMeshReader: Performing step: 4
ReadBoundaryFile: Reading boundary elements from file: ./mesh/mesh.boundary
PermuteNodeNumbering: Performing node mapping
MapBodiesAndBCs: Skipping remapping of bodies
MapBodiesAndBCs: Remapping boundaries
MapBodiesAndBCs: Minimum initial boundary index: 1
MapBodiesAndBCs: Maximum initial boundary index: 8
ElmerMeshReader: Performing step: 5
ElmerMeshReader: Performing step: 6
LoadMesh: Loading mesh done
NonNodalElements: Requested elements require creation of edges
FindMeshEdges: Determining faces in 3D mesh
FindMeshFaces3D: Number of faces found: 33766
FindMeshEdges: Determining edges in 3D mesh
FindMeshEdges3D: Number of edges found: 19979
LoadMesh: Preparing mesh done
LoadMesh: Elapsed REAL time:     0.2746 (s)
MeshStabParams: Computing stabilization parameters
MeshStabParams: Elapsed REAL time:     0.0017 (s)
MAIN: -------------------------------------
AddMeshCoordinates: Setting mesh coordinates and time
AddSolvers: Setting up 14 solvers
AddSolvers: Setting up solver 1: meshdeform
AddEquationBasics: Using procedure: RigidMeshMapper RigidMeshMapper
AddEquationBasics: Setting up solver: meshdeform
Loading user function library: [RigidMeshMapper]...[RigidMeshMapper_Init]
Loading user function library: [RigidMeshMapper]...[RigidMeshMapper_Init]
Loading user function library: [RigidMeshMapper]...[RigidMeshMapper_bulk]
Loading user function library: [RigidMeshMapper]...[RigidMeshMapper_bulk]
Loading user function library: [RigidMeshMapper]...[RigidMeshMapper]
AddEquationBasics: Time stepping method is: bdf
AddEquationBasics: Creating standard variable: meshrelax
OptimizeBandwidth: ---------------------------------------------------------
OptimizeBandwidth: Computing matrix structure for: meshdeform
OptimizeBandwidth: Initial bandwidth for meshdeform: 2661
OptimizeBandwidth: Optimized bandwidth for meshdeform: 519
OptimizeBandwidth: ---------------------------------------------------------
AddSolvers: Setting up solver 2: mgdynamics
AddEquationBasics: Using procedure: MagnetoDynamics WhitneyAVSolver
AddEquationBasics: Setting up solver: mgdynamics
Loading user function library: [MagnetoDynamics]...[WhitneyAVSolver_Init]
WARNING:: ListFind: 
WARNING:: ListFind:  Requested property: [Linear System Preconditioning], not found
WARNING:: ListFind: 
Loading user function library: [MagnetoDynamics]...[WhitneyAVSolver_bulk]
Loading user function library: [MagnetoDynamics]...[WhitneyAVSolver_bulk]
Loading user function library: [MagnetoDynamics]...[WhitneyAVSolver]
AddEquationBasics: Time stepping method is: bdf
AddEquationBasics: Creating standard variable: magnetic vector potential
OptimizeBandwidth: ---------------------------------------------------------
OptimizeBandwidth: Computing matrix structure for: mgdynamics
OptimizeBandwidth: Initial bandwidth for mgdynamics: 22880
OptimizeBandwidth: Optimized bandwidth for mgdynamics: 3675
OptimizeBandwidth: ---------------------------------------------------------
AddSolvers: Setting up solver 3: mgdynamicscalc
AddEquationBasics: Using procedure: MagnetoDynamics MagnetoDynamicsCalcFields
AddEquationBasics: Setting up solver: mgdynamicscalc
Loading user function library: [MagnetoDynamics]...[MagnetoDynamicsCalcFields_Init]
Loading user function library: [MagnetoDynamics]...[MagnetoDynamicsCalcFields_bulk]
Loading user function library: [MagnetoDynamics]...[MagnetoDynamicsCalcFields_bulk]
Loading user function library: [MagnetoDynamics]...[MagnetoDynamicsCalcFields]
AddEquationBasics: Time stepping method is: bdf
AddEquationBasics: Creating standard variable: hr_dummy
OptimizeBandwidth: ---------------------------------------------------------
OptimizeBandwidth: Computing matrix structure for: mgdynamicscalc
OptimizeBandwidth: Initial bandwidth for mgdynamicscalc: 2661
OptimizeBandwidth: Optimized bandwidth for mgdynamicscalc: 519
OptimizeBandwidth: ---------------------------------------------------------
CreateDGPerm: Created permutation for DG nodes: 66812
CreateDGPerm: Created permutation for DG nodes: 66812
CreateDGPerm: Created permutation for DG nodes: 66812
AddSolvers: Setting up solver 4: resultoutput
AddEquationBasics: Using procedure: ResultOutputSolve ResultOutputSolver
AddEquationBasics: Setting up solver: resultoutput
Loading user function library: [ResultOutputSolve]...[ResultOutputSolver_Init]
Loading user function library: [ResultOutputSolve]...[ResultOutputSolver_Init]
Loading user function library: [ResultOutputSolve]...[ResultOutputSolver_bulk]
Loading user function library: [ResultOutputSolve]...[ResultOutputSolver_bulk]
Loading user function library: [ResultOutputSolve]...[ResultOutputSolver]
AddEquationBasics: Time stepping method is: bdf
AddSolvers: Setting up solver 5: direction alpha
AddEquationBasics: Using procedure: DirectionSolver DirectionSolver
AddEquationBasics: Setting up solver: direction alpha
Loading user function library: [DirectionSolver]...[DirectionSolver_Init]
Loading user function library: [DirectionSolver]...[DirectionSolver_Init]
Loading user function library: [DirectionSolver]...[DirectionSolver_bulk]
Loading user function library: [DirectionSolver]...[DirectionSolver_bulk]
Loading user function library: [DirectionSolver]...[DirectionSolver]
AddEquationBasics: Time stepping method is: bdf
AddEquationBasics: Creating standard variable: alpha
OptimizeBandwidth: ---------------------------------------------------------
OptimizeBandwidth: Computing matrix structure for: direction alpha
OptimizeBandwidth: Initial bandwidth for direction alpha: 2661
OptimizeBandwidth: Optimized bandwidth for direction alpha: 519
OptimizeBandwidth: ---------------------------------------------------------
AddSolvers: Setting up solver 6: direction beta
AddEquationBasics: Using procedure: DirectionSolver DirectionSolver
AddEquationBasics: Setting up solver: direction beta
Loading user function library: [DirectionSolver]...[DirectionSolver_Init]
Loading user function library: [DirectionSolver]...[DirectionSolver_Init]
Loading user function library: [DirectionSolver]...[DirectionSolver_bulk]
Loading user function library: [DirectionSolver]...[DirectionSolver_bulk]
Loading user function library: [DirectionSolver]...[DirectionSolver]
AddEquationBasics: Time stepping method is: bdf
AddEquationBasics: Creating standard variable: beta
OptimizeBandwidth: ---------------------------------------------------------
OptimizeBandwidth: Computing matrix structure for: direction beta
OptimizeBandwidth: Initial bandwidth for direction beta: 2661
OptimizeBandwidth: Optimized bandwidth for direction beta: 519
OptimizeBandwidth: ---------------------------------------------------------
AddSolvers: Setting up solver 7: transformation matrix
AddEquationBasics: Using procedure: CoordinateTransform RotMSolver
AddEquationBasics: Setting up solver: transformation matrix
Loading user function library: [CoordinateTransform]...[RotMSolver_Init]
Loading user function library: [CoordinateTransform]...[RotMSolver_bulk]
Loading user function library: [CoordinateTransform]...[RotMSolver_bulk]
Loading user function library: [CoordinateTransform]...[RotMSolver]
AddEquationBasics: Time stepping method is: bdf
AddEquationBasics: Creating standard variable: dummy
OptimizeBandwidth: ---------------------------------------------------------
OptimizeBandwidth: Computing matrix structure for: transformation matrix
OptimizeBandwidth: Initial bandwidth for transformation matrix: 59768
OptimizeBandwidth: ---------------------------------------------------------
AddSolvers: Setting up solver 8: wire direction
AddEquationBasics: Using procedure: WPotentialSolver Wsolve
AddEquationBasics: Setting up solver: wire direction
Loading user function library: [WPotentialSolver]...[Wsolve_Init]
Loading user function library: [WPotentialSolver]...[Wsolve_Init]
Loading user function library: [WPotentialSolver]...[Wsolve_bulk]
Loading user function library: [WPotentialSolver]...[Wsolve_bulk]
Loading user function library: [WPotentialSolver]...[Wsolve]
AddEquationBasics: Time stepping method is: bdf
AddEquationBasics: Creating standard variable: w
OptimizeBandwidth: ---------------------------------------------------------
OptimizeBandwidth: Computing matrix structure for: wire direction
OptimizeBandwidth: Initial bandwidth for wire direction: 2661
OptimizeBandwidth: Optimized bandwidth for wire direction: 519
OptimizeBandwidth: ---------------------------------------------------------
AddSolvers: Setting up solver 9: circuits
AddEquationBasics: Using procedure: CircuitsAndDynamics CircuitsAndDynamics
AddEquationBasics: Setting up solver: circuits
Loading user function library: [CircuitsAndDynamics]...[CircuitsAndDynamics_Init]
Loading user function library: [CircuitsAndDynamics]...[CircuitsAndDynamics_bulk]
Loading user function library: [CircuitsAndDynamics]...[CircuitsAndDynamics_bulk]
Loading user function library: [CircuitsAndDynamics]...[CircuitsAndDynamics]
AddEquationBasics: Time stepping method is: bdf
AddEquationBasics: Creating global variable: ckt
AddSolvers: Setting up solver 10: circuits output
AddEquationBasics: Using procedure: CircuitsAndDynamics CircuitsOutput
AddEquationBasics: Setting up solver: circuits output
Loading user function library: [CircuitsAndDynamics]...[CircuitsOutput_Init]
Loading user function library: [CircuitsAndDynamics]...[CircuitsOutput_Init]
Loading user function library: [CircuitsAndDynamics]...[CircuitsOutput_bulk]
Loading user function library: [CircuitsAndDynamics]...[CircuitsOutput_bulk]
Loading user function library: [CircuitsAndDynamics]...[CircuitsOutput]
AddEquationBasics: Time stepping method is: bdf
AddSolvers: Setting up solver 11: savescalars
AddEquationBasics: Using procedure: SaveData SaveScalars
AddEquationBasics: Setting up solver: savescalars
Loading user function library: [SaveData]...[SaveScalars_Init]
Loading user function library: [SaveData]...[SaveScalars_bulk]
Loading user function library: [SaveData]...[SaveScalars_bulk]
Loading user function library: [SaveData]...[SaveScalars]
AddEquationBasics: Time stepping method is: bdf
AddSolvers: Setting up solver 12: elementaladdalpha
AddEquationBasics: Using procedure: DirectionSolver DirectionSolver_Dummy
AddEquationBasics: Setting up solver: elementaladdalpha
Loading user function library: [DirectionSolver]...[DirectionSolver_Dummy_Init]
Loading user function library: [DirectionSolver]...[DirectionSolver_Dummy_Init]
Loading user function library: [DirectionSolver]...[DirectionSolver_Dummy_bulk]
Loading user function library: [DirectionSolver]...[DirectionSolver_Dummy_bulk]
Loading user function library: [DirectionSolver]...[DirectionSolver_Dummy]
AddEquationBasics: Time stepping method is: bdf
AddEquationBasics: Creating standard variable: alpha_dummy
AddSolvers: Setting up solver 13: elementaladdbeta
AddEquationBasics: Using procedure: DirectionSolver DirectionSolver_Dummy
AddEquationBasics: Setting up solver: elementaladdbeta
Loading user function library: [DirectionSolver]...[DirectionSolver_Dummy_Init]
Loading user function library: [DirectionSolver]...[DirectionSolver_Dummy_Init]
Loading user function library: [DirectionSolver]...[DirectionSolver_Dummy_bulk]
Loading user function library: [DirectionSolver]...[DirectionSolver_Dummy_bulk]
Loading user function library: [DirectionSolver]...[DirectionSolver_Dummy]
AddEquationBasics: Time stepping method is: bdf
AddEquationBasics: Creating standard variable: beta_dummy
AddSolvers: Setting up solver 14: elementaladd1
AddEquationBasics: Using procedure: WPotentialSolver Wsolve_Dummy
AddEquationBasics: Setting up solver: elementaladd1
Loading user function library: [WPotentialSolver]...[Wsolve_Dummy_Init]
Loading user function library: [WPotentialSolver]...[Wsolve_Dummy_Init]
Loading user function library: [WPotentialSolver]...[Wsolve_Dummy_bulk]
Loading user function library: [WPotentialSolver]...[Wsolve_Dummy_bulk]
Loading user function library: [WPotentialSolver]...[Wsolve_Dummy]
AddEquationBasics: Time stepping method is: bdf
AddEquationBasics: Creating standard variable: w_dummy
CreateDGPerm: Created permutation for DG nodes: 66812
AddTimeEtc: Setting time and other global variables
MAIN: Random seed initialized to: 314159265
SetInitialConditions: Setting up initial conditions (if any)
MAIN: Number of timesteps to be saved: 30
SingleSolver: Attempting to call solver: 5
SingleSolver: Solver Equation string is: direction alpha
DefUtils::DefaultDirichletBCs: Setting Dirichlet boundary conditions
EnforceDirichletConditions: Enforcing total of 281 Dirichlet conditions.
EnforceDirichletConditions: Applying Dirichlet conditions using scaled diagonal
ScaleLinearSystem: Creating > DiagScaling < vector of size 2917
EnforceDirichletConditions: Dirichlet conditions enforced for dofs: 281
DefaultSolve: Solving linear system with default routines
SolveSystem: Solving linear system
SolveLinearSystem: Assuming real valued linear system
SolveLinearSystem: Assuming serial linear system
ScaleLinearSystem: Creating > DiagScaling < vector of size 2917
SolveLinearSystem: Serial linear System Solver: iterative
IterSolver: Using iterative method: bicgstab
Prec-none: Elapsed REAL time:     0.0000 (s)
      70 0.1767E-10
ComputeNorm: Computing norm of solution
ComputeChange: NS (ITER=1) (NRM,RELC): ( 0.72486228      2.0000000     ) :: direction alpha
DefUtils::DefaultDirichletBCs: Setting Dirichlet boundary conditions
EnforceDirichletConditions: No Dirichlet conditions to enforce, exiting!
DefaultSolve: Solving linear system with default routines
SolveSystem: Solving linear system
SolveLinearSystem: Assuming real valued linear system
SolveLinearSystem: Assuming serial linear system
SolveLinearSystem: Solution trivially zero!
DefUtils::DefaultDirichletBCs: Setting Dirichlet boundary conditions
EnforceDirichletConditions: No Dirichlet conditions to enforce, exiting!
DefaultSolve: Solving linear system with default routines
SolveSystem: Solving linear system
SolveLinearSystem: Assuming real valued linear system
SolveLinearSystem: Assuming serial linear system
SolveLinearSystem: Solution trivially zero!
SingleSolver: Attempting to call solver: 6
SingleSolver: Solver Equation string is: direction beta
DefUtils::DefaultDirichletBCs: Setting Dirichlet boundary conditions
EnforceDirichletConditions: Enforcing total of 80 Dirichlet conditions.
EnforceDirichletConditions: Applying Dirichlet conditions using scaled diagonal
ScaleLinearSystem: Creating > DiagScaling < vector of size 2917
EnforceDirichletConditions: Dirichlet conditions enforced for dofs: 80
DefaultSolve: Solving linear system with default routines
SolveSystem: Solving linear system
SolveLinearSystem: Assuming real valued linear system
SolveLinearSystem: Assuming serial linear system
ScaleLinearSystem: Creating > DiagScaling < vector of size 2917
SolveLinearSystem: Serial linear System Solver: iterative
IterSolver: Using iterative method: bicgstab
Prec-none: Elapsed REAL time:     0.0000 (s)
      92 0.8181E-10
ComputeNorm: Computing norm of solution
ComputeChange: NS (ITER=1) (NRM,RELC): ( 0.63038155      2.0000000     ) :: direction beta
DefUtils::DefaultDirichletBCs: Setting Dirichlet boundary conditions
EnforceDirichletConditions: No Dirichlet conditions to enforce, exiting!
DefaultSolve: Solving linear system with default routines
SolveSystem: Solving linear system
SolveLinearSystem: Assuming real valued linear system
SolveLinearSystem: Assuming serial linear system
SolveLinearSystem: Solution trivially zero!
DefUtils::DefaultDirichletBCs: Setting Dirichlet boundary conditions
EnforceDirichletConditions: No Dirichlet conditions to enforce, exiting!
DefaultSolve: Solving linear system with default routines
SolveSystem: Solving linear system
SolveLinearSystem: Assuming real valued linear system
SolveLinearSystem: Assuming serial linear system
SolveLinearSystem: Solution trivially zero!
SingleSolver: Attempting to call solver: 7
SingleSolver: Solver Equation string is: transformation matrix
SingleSolver: Attempting to call solver: 8
SingleSolver: Solver Equation string is: wire direction
AddComponentsToBodyList: "Body 1" associated to "Component 1"
DefUtils::DefaultDirichletBCs: Setting Dirichlet boundary conditions
EnforceDirichletConditions: Enforcing total of 34 Dirichlet conditions.
EnforceDirichletConditions: Applying Dirichlet conditions using scaled diagonal
ScaleLinearSystem: Creating > DiagScaling < vector of size 2917
EnforceDirichletConditions: Dirichlet conditions enforced for dofs: 34
DefaultSolve: Solving linear system with default routines
SolveSystem: Solving linear system
SolveLinearSystem: Assuming real valued linear system
SolveLinearSystem: Assuming serial linear system
ScaleLinearSystem: Creating > DiagScaling < vector of size 2917
SolveLinearSystem: Serial linear System Solver: iterative
IterSolver: Using iterative method: cg
Prec-none: Elapsed REAL time:     0.0000 (s)
      80 0.5138E-10
ComputeNorm: Computing norm of solution
ComputeChange: NS (ITER=1) (NRM,RELC): ( 0.48388904      2.0000000     ) :: wire direction
GetWnormsForBodies: W norm computed in components.
MAIN: 
MAIN: -------------------------------------
MAIN: Time: 1/30:   2.000E-03
MAIN: -------------------------------------
MAIN: 
SingleSolver: Attempting to call solver: 9
SingleSolver: Solver Equation string is: circuits
CircuitsAndDynamics: Initializing electric circuits for transient simulation
CircuitsAndDynamics: Circuit equations associated with solver index: 2
CircuitsAndDynamics: Initializing circuit 1 with 6 variables!
Circuits_Init: Component 1 "Electrode Area" is  2.00615E-04
Circuits_Init: Component 2 is not a coil. Checking if it has a component type.
IHarmonic2D: Found Permutation vector for circuit 1
GetWPotentialVar: Using gradient of field to define direction: w potential
AddComponentEquationsAndCouplings: Writing resistor equation, component 2
SingleSolver: Attempting to call solver: 10
SingleSolver: Solver Equation string is: circuits output
DefaultStart: Starting solver: circuits output
CircuitsOutput: Writing Circuit Results
CircuitsOutput: Writing Circuit Variables for Circuit 1
CircuitsOutput: There are 6 Circuit Variables
CircuitsOutput: i_testsource            0.0000E+00
CircuitsOutput: v_testsource            0.0000E+00
CircuitsOutput: i_component(1)          0.0000E+00
CircuitsOutput: v_component(1)          0.0000E+00
CircuitsOutput: i_component(2)          0.0000E+00
CircuitsOutput: v_component(2)          0.0000E+00
CircuitsOutput: Writing Component Variables for Circuit 1
CircuitsOutput: r_component(1)          3.0169E-01
CircuitsOutput: p_dc_component(1)       0.0000E+00
CircuitsOutput: r_component(2)          1.0000E+01
CircuitsOutput: p_dc_component(2)       0.0000E+00
Circuit_ToMeshVariable: Adding circuit variables to be mesh variables
Circuits_ToMeshVariable: Creating variable: crt i
Circuits_ToMeshVariable: Creating variable: crt v
DefaultFinish: Finished solver: circuits output
SingleSolver: Attempting to call solver: 1
SingleSolver: Solver Equation string is: meshdeform
RigidMeshMapper: ---------------------------------------
RigidMeshMapper: Performing analytic mesh mapping
RigidMeshMapper: ---------------------------------------
RigidMeshMapper: Storing original coordinates
StoreOriginalCoordinates: Original coordinates already stored
StoreOriginalCoordinates: Original coordinates stored
RigidMeshMapper: Solving mesh relaxation field: meshrelax
RigidMeshMapper: Solving mesh relaxation field using Laplace
DefUtils::DefaultDirichletBCs: Setting Dirichlet boundary conditions
EnforceDirichletConditions: Enforcing total of 698 Dirichlet conditions.
EnforceDirichletConditions: Applying Dirichlet conditions using scaled diagonal
ScaleLinearSystem: Creating > DiagScaling < vector of size 2917
EnforceDirichletConditions: Dirichlet conditions enforced for dofs: 698
DefaultSolve: Solving linear system with default routines
SolveSystem: Solving linear system
SolveLinearSystem: Assuming real valued linear system
SolveLinearSystem: Assuming serial linear system
ScaleLinearSystem: Creating > DiagScaling < vector of size 2917
SolveLinearSystem: Linear System Preconditioning: ilu0
Prec0-ilu0: Elapsed REAL time:     0.0000 (s)
SolveLinearSystem: Serial linear System Solver: iterative
IterSolver: Using iterative method: bicgstab
CRS_IncompleteLU: ILU(0) (Real), Performing Factorization:
CRS_IncompleteLU: Allocated LU matrix of size: 42875
CRS_IncompleteLU: ILU(0) (Real), NOF nonzeros:     42876
CRS_IncompleteLU: ILU(0) (Real), filling (%) :       100
CRS_IncompleteLU: ILU(0) (Real), Factorization time (s):     0.00
Prec-ilu0: Elapsed REAL time:     0.0048 (s)
ComputeNorm: Computing norm of solution
ComputeChange: NS (ITER=1) (NRM,RELC): ( 0.57108888      2.0000000     ) :: meshdeform
RigidMeshMapper: Number of nodes mapped: 863
RigidMeshMapper: All done
DefaultFinish: Finished solver: meshdeform
SingleSolver: Attempting to call solver: 2
SingleSolver: Solver Equation string is: mgdynamics
WhitneyAVSolver: 
WhitneyAVSolver: -------------------------------------------------
WhitneyAVSolver: Solving transient AV equations with edge elements
DefaultStart: Starting solver: mgdynamics
WARNING:: GetPermittivity: Permittivity not defined in material, defaulting to that of vacuum
MGDynAssembly: Elapsed REAL time:     0.2989 (s)
DefUtils::DefaultDirichletBCs: Setting Dirichlet boundary conditions
EnforceDirichletConditions: No Dirichlet conditions to enforce, exiting!
WhitneyAVSolver: Volume tree edges: 2916 of total: 19979
DefaultSolve: Solving linear system with default routines
SolveSystem: Solving linear system
SolveSystem: Solving linear system with linear restrictions!
SolveWithLinearRestriction: Creating variable for Lagrange multiplier
SolveWithLinearRestriction: Reverting CollectionMatrix back to CRS matrix
List_ToCRSMatrix: Changing matrix type with number of non-zeros: 650873
SolveWithLinearRestriction: Collection matrix creation time (CPU,REAL):     0.05    0.08 (s)
SolveWithLinearRestriction: Collection matrix increased with 6 rows and 2693 non-zeros
SolveWithLinearRestriction: Now solving the linear system with constraints!
SolveLinearSystem: Assuming real valued linear system
SolveLinearSystem: Assuming serial linear system
ScaleLinearSystem: Creating > DiagScaling < vector of size 22902
SolveLinearSystem: Serial linear System Solver: direct
DirectSolver: Using direct method: umfpack
ComputeChange: WARNING: Possible mismatch in length of vectors (22902 vs. 22896)!
ComputeNorm: Computing norm of solution
ComputeChange: Nonlinear iteration did not converge to tolerance
ComputeChange: NS (ITER=1) (NRM,RELC): ( 0.17539986E-03  2.0000000     ) :: mgdynamics
SolveWithLinearRestriction: Picking solution from collection solution
SolveWithLinearRestriction: Separating Lagrange multiplier from collection solution
SolveWithLinearRestriction: All done
WhitneyAVSolver: Calculating lumped parameters
DefaultFinish: Finished solver: mgdynamics
WhitneyAVSolver: All done
WhitneyAVSolver: -------------------------------------------
SingleSolver: Attempting to call solver: 3
SingleSolver: Solver Equation string is: mgdynamicscalc
MagnetoDynamicsCalcFields: ------------------------------
MagnetoDynamicsCalcFields: Computing postprocessed fields
MagnetoDynamicsCalcFields: Using potential variable: magnetic vector potential
MagnetoDynamicsCalcFields: Number of components to compute: 12
WARNING:: GetPermittivity: Permittivity not defined in material, defaulting to that of vacuum
MagnetoDynamicsCalcFields: Solving for field: magnetic flux density[magnetic flux density:3]
DefaultSolve: Solving linear system with default routines
SolveSystem: Solving linear system
SolveLinearSystem: Assuming real valued linear system
SolveLinearSystem: Assuming serial linear system
ScaleLinearSystem: Creating > DiagScaling < vector of size 2917
SolveLinearSystem: Linear System Preconditioning: ilu0
Prec0-ilu0: Elapsed REAL time:     0.0000 (s)
SolveLinearSystem: Serial linear System Solver: iterative
IterSolver: Using iterative method: cg
CRS_IncompleteLU: ILU(0) (Real), Performing Factorization:
CRS_IncompleteLU: Allocated LU matrix of size: 42875
CRS_IncompleteLU: ILU(0) (Real), NOF nonzeros:     42876
CRS_IncompleteLU: ILU(0) (Real), filling (%) :       100
CRS_IncompleteLU: ILU(0) (Real), Factorization time (s):     0.00
Prec-ilu0: Elapsed REAL time:     0.0035 (s)
ComputeNorm: Computing norm of solution
ComputeChange: NS (ITER=1) (NRM,RELC): ( 0.10954749      2.0000000     ) :: mgdynamicscalc
DefaultSolve: Solving linear system with default routines
SolveSystem: Solving linear system
SolveLinearSystem: Assuming real valued linear system
SolveLinearSystem: Assuming serial linear system
ScaleLinearSystem: Creating > DiagScaling < vector of size 2917
SolveLinearSystem: Linear System Preconditioning: ilu0
Prec0-ilu0: Elapsed REAL time:     0.0000 (s)
SolveLinearSystem: Serial linear System Solver: iterative
IterSolver: Using iterative method: cg
Prec-ilu0: Elapsed REAL time:     0.0000 (s)
ComputeNorm: Computing norm of solution
ComputeChange: NS (ITER=2) (NRM,RELC): ( 0.10047812     0.86364434E-01 ) :: mgdynamicscalc
DefaultSolve: Solving linear system with default routines
SolveSystem: Solving linear system
SolveLinearSystem: Assuming real valued linear system
SolveLinearSystem: Assuming serial linear system
ScaleLinearSystem: Creating > DiagScaling < vector of size 2917
SolveLinearSystem: Linear System Preconditioning: ilu0
Prec0-ilu0: Elapsed REAL time:     0.0000 (s)
SolveLinearSystem: Serial linear System Solver: iterative
IterSolver: Using iterative method: cg
Prec-ilu0: Elapsed REAL time:     0.0000 (s)
ComputeNorm: Computing norm of solution
ComputeChange: NS (ITER=3) (NRM,RELC): ( 0.36909358      1.1440871     ) :: mgdynamicscalc
MagnetoDynamicsCalcFields: Solving for field: magnetic field strength[magnetic field strength:3]
DefaultSolve: Solving linear system with default routines
SolveSystem: Solving linear system
SolveLinearSystem: Assuming real valued linear system
SolveLinearSystem: Assuming serial linear system
ScaleLinearSystem: Creating > DiagScaling < vector of size 2917
SolveLinearSystem: Linear System Preconditioning: ilu0
Prec0-ilu0: Elapsed REAL time:     0.0000 (s)
SolveLinearSystem: Serial linear System Solver: iterative
IterSolver: Using iterative method: cg
Prec-ilu0: Elapsed REAL time:     0.0000 (s)
ComputeNorm: Computing norm of solution
ComputeChange: NS (ITER=4) (NRM,RELC): (  85888.581      1.9999828     ) :: mgdynamicscalc
DefaultSolve: Solving linear system with default routines
SolveSystem: Solving linear system
SolveLinearSystem: Assuming real valued linear system
SolveLinearSystem: Assuming serial linear system
ScaleLinearSystem: Creating > DiagScaling < vector of size 2917
SolveLinearSystem: Linear System Preconditioning: ilu0
Prec0-ilu0: Elapsed REAL time:     0.0000 (s)
SolveLinearSystem: Serial linear System Solver: iterative
IterSolver: Using iterative method: cg
Prec-ilu0: Elapsed REAL time:     0.0000 (s)
ComputeNorm: Computing norm of solution
ComputeChange: NS (ITER=5) (NRM,RELC): (  78840.458     0.85572322E-01 ) :: mgdynamicscalc
DefaultSolve: Solving linear system with default routines
SolveSystem: Solving linear system
SolveLinearSystem: Assuming real valued linear system
SolveLinearSystem: Assuming serial linear system
ScaleLinearSystem: Creating > DiagScaling < vector of size 2917
SolveLinearSystem: Linear System Preconditioning: ilu0
Prec0-ilu0: Elapsed REAL time:     0.0000 (s)
SolveLinearSystem: Serial linear System Solver: iterative
IterSolver: Using iterative method: cg
Prec-ilu0: Elapsed REAL time:     0.0000 (s)
ComputeNorm: Computing norm of solution
ComputeChange: NS (ITER=6) (NRM,RELC): (  177880.01     0.77157502     ) :: mgdynamicscalc
MagnetoDynamicsCalcFields: Solving for field: magnetic vector potential
DefaultSolve: Solving linear system with default routines
SolveSystem: Solving linear system
SolveLinearSystem: Assuming real valued linear system
SolveLinearSystem: Assuming serial linear system
ScaleLinearSystem: Creating > DiagScaling < vector of size 2917
SolveLinearSystem: Linear System Preconditioning: ilu0
Prec0-ilu0: Elapsed REAL time:     0.0000 (s)
SolveLinearSystem: Serial linear System Solver: iterative
IterSolver: Using iterative method: cg
Prec-ilu0: Elapsed REAL time:     0.0000 (s)
ComputeNorm: Computing norm of solution
ComputeChange: NS (ITER=7) (NRM,RELC): ( 0.29678862E-01  1.9999993     ) :: mgdynamicscalc
DefaultSolve: Solving linear system with default routines
SolveSystem: Solving linear system
SolveLinearSystem: Assuming real valued linear system
SolveLinearSystem: Assuming serial linear system
ScaleLinearSystem: Creating > DiagScaling < vector of size 2917
SolveLinearSystem: Linear System Preconditioning: ilu0
Prec0-ilu0: Elapsed REAL time:     0.0000 (s)
SolveLinearSystem: Serial linear System Solver: iterative
IterSolver: Using iterative method: cg
Prec-ilu0: Elapsed REAL time:     0.0000 (s)
ComputeNorm: Computing norm of solution
ComputeChange: NS (ITER=8) (NRM,RELC): ( 0.32167653E-01 0.80482811E-01 ) :: mgdynamicscalc
DefaultSolve: Solving linear system with default routines
SolveSystem: Solving linear system
SolveLinearSystem: Assuming real valued linear system
SolveLinearSystem: Assuming serial linear system
ScaleLinearSystem: Creating > DiagScaling < vector of size 2917
SolveLinearSystem: Linear System Preconditioning: ilu0
Prec0-ilu0: Elapsed REAL time:     0.0000 (s)
SolveLinearSystem: Serial linear System Solver: iterative
IterSolver: Using iterative method: cg
Prec-ilu0: Elapsed REAL time:     0.0000 (s)
ComputeNorm: Computing norm of solution
ComputeChange: NS (ITER=9) (NRM,RELC): ( 0.26066206E-01 0.20954980     ) :: mgdynamicscalc
MagnetoDynamicsCalcFields: Solving for field: current density[current density:3]
DefaultSolve: Solving linear system with default routines
SolveSystem: Solving linear system
SolveLinearSystem: Assuming real valued linear system
SolveLinearSystem: Assuming serial linear system
ScaleLinearSystem: Creating > DiagScaling < vector of size 2917
SolveLinearSystem: Linear System Preconditioning: ilu0
Prec0-ilu0: Elapsed REAL time:     0.0000 (s)
SolveLinearSystem: Serial linear System Solver: iterative
IterSolver: Using iterative method: cg
Prec-ilu0: Elapsed REAL time:     0.0000 (s)
ComputeNorm: Computing norm of solution
ComputeChange: NS (ITER=10) (NRM,RELC): ( 0.13981746E-01 0.60349954     ) :: mgdynamicscalc
DefaultSolve: Solving linear system with default routines
SolveSystem: Solving linear system
SolveLinearSystem: Assuming real valued linear system
SolveLinearSystem: Assuming serial linear system
ScaleLinearSystem: Creating > DiagScaling < vector of size 2917
SolveLinearSystem: Linear System Preconditioning: ilu0
Prec0-ilu0: Elapsed REAL time:     0.0000 (s)
SolveLinearSystem: Serial linear System Solver: iterative
IterSolver: Using iterative method: cg
Prec-ilu0: Elapsed REAL time:     0.0000 (s)
ComputeNorm: Computing norm of solution
ComputeChange: NS (ITER=11) (NRM,RELC): ( 0.15996501E-01 0.13441449     ) :: mgdynamicscalc
DefaultSolve: Solving linear system with default routines
SolveSystem: Solving linear system
SolveLinearSystem: Assuming real valued linear system
SolveLinearSystem: Assuming serial linear system
ScaleLinearSystem: Creating > DiagScaling < vector of size 2917
SolveLinearSystem: Linear System Preconditioning: ilu0
Prec0-ilu0: Elapsed REAL time:     0.0000 (s)
SolveLinearSystem: Serial linear System Solver: iterative
IterSolver: Using iterative method: cg
Prec-ilu0: Elapsed REAL time:     0.0000 (s)
ComputeNorm: Computing norm of solution
ComputeChange: NS (ITER=12) (NRM,RELC): ( 0.24709121E-03  1.9391536     ) :: mgdynamicscalc
MagnetoDynamicsCalcFields: Eddy current power:    6.481854E-14
MagnetoDynamicsCalcFields: ElectroMagnetic Field Energy:    1.332855E+01
SingleSolver: Attempting to call solver: 4
SingleSolver: Solver Equation string is: resultoutput
ResultOutputSolver: -------------------------------------
ResultOutputSolver: Saving with prefix: case
ResultOutputSolver: Dimension of mesh is: 3
ResultOutputSolver: Working on mesh 1: mesh with 2917 nodes
ResultOutputSolver: Creating list for saving - if not present
CreateListForSaving: Field Variables for Saving
CreateListForSaving: Scalar Field 1: meshrelax
CreateListForSaving: Scalar Field 2: magnetic vector potential
CreateListForSaving: Scalar Field 3: alpha
CreateListForSaving: Scalar Field 4: beta
CreateListForSaving: Scalar Field 5: w
CreateListForSaving: Scalar Field 6: alpha direction
CreateListForSaving: Scalar Field 7: beta direction
CreateListForSaving: Scalar Field 8: w potential
CreateListForSaving: Vector Field 1: magnetic flux density
CreateListForSaving: Vector Field 2: magnetic field strength
CreateListForSaving: Vector Field 3: current density
CreateListForSaving: Vector Field 4: magnetic flux density e
CreateListForSaving: Vector Field 5: magnetic field strength e
CreateListForSaving: Vector Field 6: current density e
CreateListForSaving: Vector Field 7: w vector e
ResultOutputSolver: Saving in unstructured VTK XML (.vtu) format
VtuOutputSolver: Saving results in VTK XML format with prefix: case
VtuOutputSolver: Saving number of partitions: 1
SolverOutputDirectory: Creating directory: results
VtuOutputSolver: Full filename base is: results/case
GenerateSaveMask: Number of active elements 18743 out of 18743
GenerateSaveMask: Number of geometry nodes 2917 out of 2917
VtuOutputSolver: Total number of elements to save: 18743
VtuOutputSolver: Total number of geometry nodes to save: 2917
VtuOutputSolver: Total number of dof nodes to save: 2917
VtuOutputSolver: Writing the vtu file: results/case_t0001.vtu
AscBinWriteInit: Initializing buffered ascii/binary writing
AscBinWriteInit: Writing in binary
AscBinWriteInit: Writing in double precision
AscBinWriteInit: Writing to unit number: 58
AscBinWriteInit: Size of buffer is: 2917
WriteVtuFile: Writing nodal fields
WriteVtuFile: Saving 1-component variable: meshrelax
WriteVtuFile: Saving 1-component variable: magnetic vector potential
WriteVtuFile: Saving 1-component variable: alpha
WriteVtuFile: Saving 1-component variable: beta
WriteVtuFile: Saving 1-component variable: w
WriteVtuFile: Saving 1-component variable: alpha direction
WriteVtuFile: Saving 1-component variable: beta direction
WriteVtuFile: Saving 1-component variable: w potential
WriteVtuFile: Saving 3-component variable: magnetic flux density
WriteVtuFile: Saving 3-component variable: magnetic field strength
WriteVtuFile: Saving 3-component variable: current density
WriteVtuFile: Saving 3-component variable: magnetic flux density e
WriteVtuFile: Saving 3-component variable: magnetic field strength e
WriteVtuFile: Saving 3-component variable: current density e
WriteVtuFile: Saving 3-component variable: w vector e
WriteVtuFile: Number of nodal fields written: 8
WriteVtuFile: Writing elemental fields
WriteVtuFile: Number of elemental fields written: 7
WriteVtuFile: Writing coordinates for each used node
WriteVtuFile: Writing the elemental connectivity data
WriteVtuFile: Writing nodal fields
WriteVtuFile: Saving 1-component variable: meshrelax
WriteVtuFile: Saving 1-component variable: magnetic vector potential
WriteVtuFile: Saving 1-component variable: alpha
WriteVtuFile: Saving 1-component variable: beta
WriteVtuFile: Saving 1-component variable: w
WriteVtuFile: Saving 1-component variable: alpha direction
WriteVtuFile: Saving 1-component variable: beta direction
WriteVtuFile: Saving 1-component variable: w potential
WriteVtuFile: Saving 3-component variable: magnetic flux density
WriteVtuFile: Saving 3-component variable: magnetic field strength
WriteVtuFile: Saving 3-component variable: current density
WriteVtuFile: Saving 3-component variable: magnetic flux density e
WriteVtuFile: Saving 3-component variable: magnetic field strength e
WriteVtuFile: Saving 3-component variable: current density e
WriteVtuFile: Saving 3-component variable: w vector e
WriteVtuFile: Writing elemental fields
AscBinWriteFree: Terminating buffered ascii/binary writing
VtuOutputSolver: All done for now
ResultOutputSolver: -------------------------------------
SingleSolver: Attempting to call solver: 11
SingleSolver: Solver Equation string is: savescalars
SaveScalars: -----------------------------------------
SaveScalars: Saving scalar values of various kinds
SolverOutputDirectory: Creating directory: results
SaveScalars: Performed 2 reduction operations
SaveScalars: Found 13 result scalars in simulation section
SaveScalars: Saving results from component - if any
SaveScalars: Found 17 values to save in total
SaveScalars: Saving names of values to file: results/circuit.csv.names
SaveScalars: Saving values to file: results/circuit.csv
SaveScalars: -----------------------------------------
MAIN: 
MAIN: -------------------------------------
MAIN: Time: 2/30:   4.000E-03
MAIN: Elapsed time: 10.5 seconds
MAIN: Estimated time left:  4.2 minutes
MAIN: -------------------------------------
MAIN: 
SingleSolver: Attempting to call solver: 9
SingleSolver: Solver Equation string is: circuits
CircuitsAndDynamics: Associating circuit variable to Lagrange values!
CircuitsAndDynamics: Add PrevValues to Lagrange multiplier!
AddComponentEquationsAndCouplings: Writing resistor equation, component 2
SingleSolver: Attempting to call solver: 10
SingleSolver: Solver Equation string is: circuits output
DefaultStart: Starting solver: circuits output
CircuitsOutput: Initializing Lagrange multipliers of size: 6
CircuitsOutput: Writing Circuit Results
CircuitsOutput: Writing Circuit Variables for Circuit 1
CircuitsOutput: There are 6 Circuit Variables
CircuitsOutput: i_testsource            4.6271E-07
CircuitsOutput: v_testsource            0.0000E+00
CircuitsOutput: i_component(1)          4.6271E-07
CircuitsOutput: v_component(1)         -4.6271E-06
CircuitsOutput: i_component(2)          4.6271E-07
CircuitsOutput: v_component(2)          4.6271E-06
CircuitsOutput: Writing Component Variables for Circuit 1
CircuitsOutput: r_component(1)          3.0169E-01
CircuitsOutput: p_dc_component(1)       6.4593E-14
CircuitsOutput: r_component(2)          1.0000E+01
CircuitsOutput: p_dc_component(2)       2.1410E-12
Circuit_ToMeshVariable: Adding circuit variables to be mesh variables
DefaultFinish: Finished solver: circuits output
SingleSolver: Attempting to call solver: 1
SingleSolver: Solver Equation string is: meshdeform
RigidMeshMapper: ---------------------------------------
RigidMeshMapper: Performing analytic mesh mapping
RigidMeshMapper: ---------------------------------------
DefaultFinish: Finished solver: meshdeform
SingleSolver: Attempting to call solver: 2
SingleSolver: Solver Equation string is: mgdynamics
WhitneyAVSolver: 
WhitneyAVSolver: -------------------------------------------------
WhitneyAVSolver: Solving transient AV equations with edge elements
DefaultStart: Starting solver: mgdynamics
MGDynAssembly: Elapsed REAL time:     0.3254 (s)
DefUtils::DefaultDirichletBCs: Setting Dirichlet boundary conditions
EnforceDirichletConditions: No Dirichlet conditions to enforce, exiting!
WhitneyAVSolver: Volume tree edges: 2916 of total: 19979
DefaultSolve: Solving linear system with default routines
SolveSystem: Solving linear system
SolveSystem: Solving linear system with linear restrictions!
SolveWithLinearRestriction: Freeing previous collection matrix structures
SolveWithLinearRestriction: Refactoring requested, creating fully new matrix
SolveWithLinearRestriction: Reverting CollectionMatrix back to CRS matrix
List_ToCRSMatrix: Changing matrix type with number of non-zeros: 650873
SolveWithLinearRestriction: Collection matrix creation time (CPU,REAL):     0.04    0.05 (s)
SolveWithLinearRestriction: Collection matrix increased with 6 rows and 2693 non-zeros
SolveWithLinearRestriction: Now solving the linear system with constraints!
SolveLinearSystem: Assuming real valued linear system
SolveLinearSystem: Assuming serial linear system
ScaleLinearSystem: Creating > DiagScaling < vector of size 22902
SolveLinearSystem: Serial linear System Solver: direct
DirectSolver: Using direct method: umfpack
ComputeChange: WARNING: Possible mismatch in length of vectors (22902 vs. 22896)!
ComputeNorm: Computing norm of solution
ComputeChange: Nonlinear iteration did not converge to tolerance
ComputeChange: NS (ITER=1) (NRM,RELC): ( 0.20228923E-03 0.14238891     ) :: mgdynamics
SolveWithLinearRestriction: Picking solution from collection solution
SolveWithLinearRestriction: Separating Lagrange multiplier from collection solution
SolveWithLinearRestriction: All done
WhitneyAVSolver: Calculating lumped parameters
DefaultFinish: Finished solver: mgdynamics
WhitneyAVSolver: All done
WhitneyAVSolver: -------------------------------------------
SingleSolver: Attempting to call solver: 3
SingleSolver: Solver Equation string is: mgdynamicscalc
MagnetoDynamicsCalcFields: ------------------------------
MagnetoDynamicsCalcFields: Computing postprocessed fields
MagnetoDynamicsCalcFields: Using potential variable: magnetic vector potential
MagnetoDynamicsCalcFields: Number of components to compute: 12
MagnetoDynamicsCalcFields: Solving for field: magnetic flux density[magnetic flux density:3]
DefaultSolve: Solving linear system with default routines
SolveSystem: Solving linear system
SolveLinearSystem: Assuming real valued linear system
SolveLinearSystem: Assuming serial linear system
ScaleLinearSystem: Creating > DiagScaling < vector of size 2917
SolveLinearSystem: Linear System Preconditioning: ilu0
Prec0-ilu0: Elapsed REAL time:     0.0000 (s)
SolveLinearSystem: Serial linear System Solver: iterative
IterSolver: Using iterative method: cg
Prec-ilu0: Elapsed REAL time:     0.0000 (s)
ComputeNorm: Computing norm of solution
ComputeChange: NS (ITER=1) (NRM,RELC): (  3.3173553      1.9997021     ) :: mgdynamicscalc
DefaultSolve: Solving linear system with default routines
SolveSystem: Solving linear system
SolveLinearSystem: Assuming real valued linear system
SolveLinearSystem: Assuming serial linear system
ScaleLinearSystem: Creating > DiagScaling < vector of size 2917
SolveLinearSystem: Linear System Preconditioning: ilu0
Prec0-ilu0: Elapsed REAL time:     0.0000 (s)
SolveLinearSystem: Serial linear System Solver: iterative
IterSolver: Using iterative method: cg
Prec-ilu0: Elapsed REAL time:     0.0000 (s)
ComputeNorm: Computing norm of solution
ComputeChange: NS (ITER=2) (NRM,RELC): (  3.6329276     0.90808472E-01 ) :: mgdynamicscalc
DefaultSolve: Solving linear system with default routines
SolveSystem: Solving linear system
SolveLinearSystem: Assuming real valued linear system
SolveLinearSystem: Assuming serial linear system
ScaleLinearSystem: Creating > DiagScaling < vector of size 2917
SolveLinearSystem: Linear System Preconditioning: ilu0
Prec0-ilu0: Elapsed REAL time:     0.0000 (s)
SolveLinearSystem: Serial linear System Solver: iterative
IterSolver: Using iterative method: cg
Prec-ilu0: Elapsed REAL time:     0.0000 (s)
ComputeNorm: Computing norm of solution
ComputeChange: NS (ITER=3) (NRM,RELC): (  5.3264344     0.37804182     ) :: mgdynamicscalc
MagnetoDynamicsCalcFields: Solving for field: magnetic field strength[magnetic field strength:3]
DefaultSolve: Solving linear system with default routines
SolveSystem: Solving linear system
SolveLinearSystem: Assuming real valued linear system
SolveLinearSystem: Assuming serial linear system
ScaleLinearSystem: Creating > DiagScaling < vector of size 2917
SolveLinearSystem: Linear System Preconditioning: ilu0
Prec0-ilu0: Elapsed REAL time:     0.0000 (s)
SolveLinearSystem: Serial linear System Solver: iterative
IterSolver: Using iterative method: cg
Prec-ilu0: Elapsed REAL time:     0.0000 (s)
ComputeNorm: Computing norm of solution
ComputeChange: NS (ITER=4) (NRM,RELC): (  2639838.2      1.9999919     ) :: mgdynamicscalc
DefaultSolve: Solving linear system with default routines
SolveSystem: Solving linear system
SolveLinearSystem: Assuming real valued linear system
SolveLinearSystem: Assuming serial linear system
ScaleLinearSystem: Creating > DiagScaling < vector of size 2917
SolveLinearSystem: Linear System Preconditioning: ilu0
Prec0-ilu0: Elapsed REAL time:     0.0000 (s)
SolveLinearSystem: Serial linear System Solver: iterative
IterSolver: Using iterative method: cg
Prec-ilu0: Elapsed REAL time:     0.0000 (s)
ComputeNorm: Computing norm of solution
ComputeChange: NS (ITER=5) (NRM,RELC): (  2890951.5     0.90805589E-01 ) :: mgdynamicscalc
DefaultSolve: Solving linear system with default routines
SolveSystem: Solving linear system
SolveLinearSystem: Assuming real valued linear system
SolveLinearSystem: Assuming serial linear system
ScaleLinearSystem: Creating > DiagScaling < vector of size 2917
SolveLinearSystem: Linear System Preconditioning: ilu0
Prec0-ilu0: Elapsed REAL time:     0.0000 (s)
SolveLinearSystem: Serial linear System Solver: iterative
IterSolver: Using iterative method: cg
Prec-ilu0: Elapsed REAL time:     0.0000 (s)
ComputeNorm: Computing norm of solution
ComputeChange: NS (ITER=6) (NRM,RELC): (  4224015.1     0.37472098     ) :: mgdynamicscalc
MagnetoDynamicsCalcFields: Solving for field: magnetic vector potential
DefaultSolve: Solving linear system with default routines
SolveSystem: Solving linear system
SolveLinearSystem: Assuming real valued linear system
SolveLinearSystem: Assuming serial linear system
ScaleLinearSystem: Creating > DiagScaling < vector of size 2917
SolveLinearSystem: Linear System Preconditioning: ilu0
Prec0-ilu0: Elapsed REAL time:     0.0000 (s)
SolveLinearSystem: Serial linear System Solver: iterative
IterSolver: Using iterative method: cg
Prec-ilu0: Elapsed REAL time:     0.0000 (s)
ComputeNorm: Computing norm of solution
ComputeChange: NS (ITER=7) (NRM,RELC): ( 0.32166585E-01  2.0000000     ) :: mgdynamicscalc
DefaultSolve: Solving linear system with default routines
SolveSystem: Solving linear system
SolveLinearSystem: Assuming real valued linear system
SolveLinearSystem: Assuming serial linear system
ScaleLinearSystem: Creating > DiagScaling < vector of size 2917
SolveLinearSystem: Linear System Preconditioning: ilu0
Prec0-ilu0: Elapsed REAL time:     0.0000 (s)
SolveLinearSystem: Serial linear System Solver: iterative
IterSolver: Using iterative method: cg
Prec-ilu0: Elapsed REAL time:     0.0000 (s)
ComputeNorm: Computing norm of solution
ComputeChange: NS (ITER=8) (NRM,RELC): ( 0.34337917E-01 0.65298794E-01 ) :: mgdynamicscalc
DefaultSolve: Solving linear system with default routines
SolveSystem: Solving linear system
SolveLinearSystem: Assuming real valued linear system
SolveLinearSystem: Assuming serial linear system
ScaleLinearSystem: Creating > DiagScaling < vector of size 2917
SolveLinearSystem: Linear System Preconditioning: ilu0
Prec0-ilu0: Elapsed REAL time:     0.0000 (s)
SolveLinearSystem: Serial linear System Solver: iterative
IterSolver: Using iterative method: cg
Prec-ilu0: Elapsed REAL time:     0.0000 (s)
ComputeNorm: Computing norm of solution
ComputeChange: NS (ITER=9) (NRM,RELC): ( 0.27246138E-01 0.23031218     ) :: mgdynamicscalc
MagnetoDynamicsCalcFields: Solving for field: current density[current density:3]
DefaultSolve: Solving linear system with default routines
SolveSystem: Solving linear system
SolveLinearSystem: Assuming real valued linear system
SolveLinearSystem: Assuming serial linear system
ScaleLinearSystem: Creating > DiagScaling < vector of size 2917
SolveLinearSystem: Linear System Preconditioning: ilu0
Prec0-ilu0: Elapsed REAL time:     0.0000 (s)
SolveLinearSystem: Serial linear System Solver: iterative
IterSolver: Using iterative method: cg
Prec-ilu0: Elapsed REAL time:     0.0000 (s)
ComputeNorm: Computing norm of solution
ComputeChange: NS (ITER=10) (NRM,RELC): (  20.329652      1.9946463     ) :: mgdynamicscalc
DefaultSolve: Solving linear system with default routines
SolveSystem: Solving linear system
SolveLinearSystem: Assuming real valued linear system
SolveLinearSystem: Assuming serial linear system
ScaleLinearSystem: Creating > DiagScaling < vector of size 2917
SolveLinearSystem: Linear System Preconditioning: ilu0
Prec0-ilu0: Elapsed REAL time:     0.0000 (s)
SolveLinearSystem: Serial linear System Solver: iterative
IterSolver: Using iterative method: cg
Prec-ilu0: Elapsed REAL time:     0.0000 (s)
ComputeNorm: Computing norm of solution
ComputeChange: NS (ITER=11) (NRM,RELC): (  23.255509     0.13425934     ) :: mgdynamicscalc
DefaultSolve: Solving linear system with default routines
SolveSystem: Solving linear system
SolveLinearSystem: Assuming real valued linear system
SolveLinearSystem: Assuming serial linear system
ScaleLinearSystem: Creating > DiagScaling < vector of size 2917
SolveLinearSystem: Linear System Preconditioning: ilu0
Prec0-ilu0: Elapsed REAL time:     0.0000 (s)
SolveLinearSystem: Serial linear System Solver: iterative
IterSolver: Using iterative method: cg
Prec-ilu0: Elapsed REAL time:     0.0000 (s)
ComputeNorm: Computing norm of solution
ComputeChange: NS (ITER=12) (NRM,RELC): ( 0.35922739      1.9391520     ) :: mgdynamicscalc
MagnetoDynamicsCalcFields: Eddy current power:    1.382797E-07
MagnetoDynamicsCalcFields: ElectroMagnetic Field Energy:    7.381542E+04
SingleSolver: Attempting to call solver: 4
SingleSolver: Solver Equation string is: resultoutput
ResultOutputSolver: -------------------------------------
ResultOutputSolver: Dimension of mesh is: 3
ResultOutputSolver: Working on mesh 1: mesh with 2917 nodes
ResultOutputSolver: Saving in unstructured VTK XML (.vtu) format
VtuOutputSolver: Full filename base is: results/case
GenerateSaveMask: Number of active elements 18743 out of 18743
GenerateSaveMask: Number of geometry nodes 2917 out of 2917
VtuOutputSolver: Writing the vtu file: results/case_t0002.vtu
AscBinWriteInit: Initializing buffered ascii/binary writing
AscBinWriteInit: Writing in binary
AscBinWriteInit: Writing in double precision
AscBinWriteInit: Writing to unit number: 58
AscBinWriteInit: Size of buffer is: 2917
WriteVtuFile: Writing nodal fields
WriteVtuFile: Saving 1-component variable: meshrelax
WriteVtuFile: Saving 1-component variable: magnetic vector potential
WriteVtuFile: Saving 1-component variable: alpha
WriteVtuFile: Saving 1-component variable: beta
WriteVtuFile: Saving 1-component variable: w
WriteVtuFile: Saving 1-component variable: alpha direction
WriteVtuFile: Saving 1-component variable: beta direction
WriteVtuFile: Saving 1-component variable: w potential
WriteVtuFile: Saving 3-component variable: magnetic flux density
WriteVtuFile: Saving 3-component variable: magnetic field strength
WriteVtuFile: Saving 3-component variable: current density
WriteVtuFile: Saving 3-component variable: magnetic flux density e
WriteVtuFile: Saving 3-component variable: magnetic field strength e
WriteVtuFile: Saving 3-component variable: current density e
WriteVtuFile: Saving 3-component variable: w vector e
WriteVtuFile: Number of nodal fields written: 8
WriteVtuFile: Writing elemental fields
WriteVtuFile: Number of elemental fields written: 7
WriteVtuFile: Writing coordinates for each used node
WriteVtuFile: Writing the elemental connectivity data
WriteVtuFile: Writing nodal fields
WriteVtuFile: Saving 1-component variable: meshrelax
WriteVtuFile: Saving 1-component variable: magnetic vector potential
WriteVtuFile: Saving 1-component variable: alpha
WriteVtuFile: Saving 1-component variable: beta
WriteVtuFile: Saving 1-component variable: w
WriteVtuFile: Saving 1-component variable: alpha direction
WriteVtuFile: Saving 1-component variable: beta direction
WriteVtuFile: Saving 1-component variable: w potential
WriteVtuFile: Saving 3-component variable: magnetic flux density
WriteVtuFile: Saving 3-component variable: magnetic field strength
WriteVtuFile: Saving 3-component variable: current density
WriteVtuFile: Saving 3-component variable: magnetic flux density e
WriteVtuFile: Saving 3-component variable: magnetic field strength e
WriteVtuFile: Saving 3-component variable: current density e
WriteVtuFile: Saving 3-component variable: w vector e
WriteVtuFile: Writing elemental fields
AscBinWriteFree: Terminating buffered ascii/binary writing
VtuOutputSolver: All done for now
ResultOutputSolver: -------------------------------------
SingleSolver: Attempting to call solver: 11
SingleSolver: Solver Equation string is: savescalars
SaveScalars: -----------------------------------------
SaveScalars: Saving scalar values of various kinds
SaveScalars: Performed 2 reduction operations
SaveScalars: Found 13 result scalars in simulation section
SaveScalars: Saving results from component - if any
SaveScalars: Found 17 values to save in total
SaveScalars: Saving values to file: results/circuit.csv
SaveScalars: -----------------------------------------
MAIN: 
MAIN: -------------------------------------
MAIN: Time: 3/30:   6.000E-03
MAIN: Elapsed time: 19.4 seconds
MAIN: Estimated time left:  4.1 minutes
MAIN: -------------------------------------
MAIN: 
SingleSolver: Attempting to call solver: 9
SingleSolver: Solver Equation string is: circuits
AddComponentEquationsAndCouplings: Writing resistor equation, component 2
SingleSolver: Attempting to call solver: 10
SingleSolver: Solver Equation string is: circuits output
DefaultStart: Starting solver: circuits output
CircuitsOutput: Initializing Lagrange multipliers of size: 6
CircuitsOutput: Writing Circuit Results
CircuitsOutput: Writing Circuit Variables for Circuit 1
CircuitsOutput: There are 6 Circuit Variables
CircuitsOutput: i_testsource            6.7253E-04
CircuitsOutput: v_testsource            0.0000E+00
CircuitsOutput: i_component(1)          6.7253E-04
CircuitsOutput: v_component(1)         -6.7253E-03
CircuitsOutput: i_component(2)          6.7253E-04
CircuitsOutput: v_component(2)          6.7253E-03
CircuitsOutput: Writing Component Variables for Circuit 1
CircuitsOutput: r_component(1)          3.0169E-01
CircuitsOutput: p_dc_component(1)       1.3646E-07
CircuitsOutput: r_component(2)          1.0000E+01
CircuitsOutput: p_dc_component(2)       4.5230E-06
Circuit_ToMeshVariable: Adding circuit variables to be mesh variables
DefaultFinish: Finished solver: circuits output
SingleSolver: Attempting to call solver: 1
SingleSolver: Solver Equation string is: meshdeform
RigidMeshMapper: ---------------------------------------
RigidMeshMapper: Performing analytic mesh mapping
RigidMeshMapper: ---------------------------------------
DefaultFinish: Finished solver: meshdeform
SingleSolver: Attempting to call solver: 2
SingleSolver: Solver Equation string is: mgdynamics
WhitneyAVSolver: 
WhitneyAVSolver: -------------------------------------------------
WhitneyAVSolver: Solving transient AV equations with edge elements
DefaultStart: Starting solver: mgdynamics
MGDynAssembly: Elapsed REAL time:     0.2454 (s)
DefUtils::DefaultDirichletBCs: Setting Dirichlet boundary conditions
EnforceDirichletConditions: No Dirichlet conditions to enforce, exiting!
WhitneyAVSolver: Volume tree edges: 2916 of total: 19979
DefaultSolve: Solving linear system with default routines
SolveSystem: Solving linear system
SolveSystem: Solving linear system with linear restrictions!
SolveWithLinearRestriction: Freeing previous collection matrix structures
SolveWithLinearRestriction: Refactoring requested, creating fully new matrix
SolveWithLinearRestriction: Reverting CollectionMatrix back to CRS matrix
List_ToCRSMatrix: Changing matrix type with number of non-zeros: 650873
SolveWithLinearRestriction: Collection matrix creation time (CPU,REAL):     0.04    0.06 (s)
SolveWithLinearRestriction: Collection matrix increased with 6 rows and 2693 non-zeros
SolveWithLinearRestriction: Now solving the linear system with constraints!
SolveLinearSystem: Assuming real valued linear system
SolveLinearSystem: Assuming serial linear system
ScaleLinearSystem: Creating > DiagScaling < vector of size 22902
SolveLinearSystem: Serial linear System Solver: direct
DirectSolver: Using direct method: umfpack
ComputeChange: WARNING: Possible mismatch in length of vectors (22902 vs. 22896)!
ComputeNorm: Computing norm of solution
ComputeChange: Nonlinear iteration did not converge to tolerance
ComputeChange: NS (ITER=1) (NRM,RELC): ( 0.24627371E-03 0.19611285     ) :: mgdynamics
SolveWithLinearRestriction: Picking solution from collection solution
SolveWithLinearRestriction: Separating Lagrange multiplier from collection solution
SolveWithLinearRestriction: All done
WhitneyAVSolver: Calculating lumped parameters
DefaultFinish: Finished solver: mgdynamics
WhitneyAVSolver: All done
WhitneyAVSolver: -------------------------------------------
SingleSolver: Attempting to call solver: 3
SingleSolver: Solver Equation string is: mgdynamicscalc
MagnetoDynamicsCalcFields: ------------------------------
MagnetoDynamicsCalcFields: Computing postprocessed fields
MagnetoDynamicsCalcFields: Using potential variable: magnetic vector potential
MagnetoDynamicsCalcFields: Number of components to compute: 12
MagnetoDynamicsCalcFields: Solving for field: magnetic flux density[magnetic flux density:3]
DefaultSolve: Solving linear system with default routines
SolveSystem: Solving linear system
SolveLinearSystem: Assuming real valued linear system
SolveLinearSystem: Assuming serial linear system
ScaleLinearSystem: Creating > DiagScaling < vector of size 2917
SolveLinearSystem: Linear System Preconditioning: ilu0
Prec0-ilu0: Elapsed REAL time:     0.0000 (s)
SolveLinearSystem: Serial linear System Solver: iterative
IterSolver: Using iterative method: cg
Prec-ilu0: Elapsed REAL time:     0.0000 (s)
ComputeNorm: Computing norm of solution
ComputeChange: NS (ITER=1) (NRM,RELC): (  5.6901668      1.7624705     ) :: mgdynamicscalc
DefaultSolve: Solving linear system with default routines
SolveSystem: Solving linear system
SolveLinearSystem: Assuming real valued linear system
SolveLinearSystem: Assuming serial linear system
ScaleLinearSystem: Creating > DiagScaling < vector of size 2917
SolveLinearSystem: Linear System Preconditioning: ilu0
Prec0-ilu0: Elapsed REAL time:     0.0000 (s)
SolveLinearSystem: Serial linear System Solver: iterative
IterSolver: Using iterative method: cg
Prec-ilu0: Elapsed REAL time:     0.0000 (s)
ComputeNorm: Computing norm of solution
ComputeChange: NS (ITER=2) (NRM,RELC): (  6.2312078     0.90768222E-01 ) :: mgdynamicscalc
DefaultSolve: Solving linear system with default routines
SolveSystem: Solving linear system
SolveLinearSystem: Assuming real valued linear system
SolveLinearSystem: Assuming serial linear system
ScaleLinearSystem: Creating > DiagScaling < vector of size 2917
SolveLinearSystem: Linear System Preconditioning: ilu0
Prec0-ilu0: Elapsed REAL time:     0.0000 (s)
SolveLinearSystem: Serial linear System Solver: iterative
IterSolver: Using iterative method: cg
Prec-ilu0: Elapsed REAL time:     0.0000 (s)
ComputeNorm: Computing norm of solution
ComputeChange: NS (ITER=3) (NRM,RELC): (  9.1174231     0.37608765     ) :: mgdynamicscalc
MagnetoDynamicsCalcFields: Solving for field: magnetic field strength[magnetic field strength:3]
DefaultSolve: Solving linear system with default routines
SolveSystem: Solving linear system
SolveLinearSystem: Assuming real valued linear system
SolveLinearSystem: Assuming serial linear system
ScaleLinearSystem: Creating > DiagScaling < vector of size 2917
SolveLinearSystem: Linear System Preconditioning: ilu0
Prec0-ilu0: Elapsed REAL time:     0.0000 (s)
SolveLinearSystem: Serial linear System Solver: iterative
IterSolver: Using iterative method: cg
Prec-ilu0: Elapsed REAL time:     0.0000 (s)
ComputeNorm: Computing norm of solution
ComputeChange: NS (ITER=4) (NRM,RELC): (  4528079.4      1.9999919     ) :: mgdynamicscalc
DefaultSolve: Solving linear system with default routines
SolveSystem: Solving linear system
SolveLinearSystem: Assuming real valued linear system
SolveLinearSystem: Assuming serial linear system
ScaleLinearSystem: Creating > DiagScaling < vector of size 2917
SolveLinearSystem: Linear System Preconditioning: ilu0
Prec0-ilu0: Elapsed REAL time:     0.0000 (s)
SolveLinearSystem: Serial linear System Solver: iterative
IterSolver: Using iterative method: cg
Prec-ilu0: Elapsed REAL time:     0.0000 (s)
ComputeNorm: Computing norm of solution
ComputeChange: NS (ITER=5) (NRM,RELC): (  4958609.9     0.90765162E-01 ) :: mgdynamicscalc
DefaultSolve: Solving linear system with default routines
SolveSystem: Solving linear system
SolveLinearSystem: Assuming real valued linear system
SolveLinearSystem: Assuming serial linear system
ScaleLinearSystem: Creating > DiagScaling < vector of size 2917
SolveLinearSystem: Linear System Preconditioning: ilu0
Prec0-ilu0: Elapsed REAL time:     0.0000 (s)
SolveLinearSystem: Serial linear System Solver: iterative
IterSolver: Using iterative method: cg
Prec-ilu0: Elapsed REAL time:     0.0000 (s)
ComputeNorm: Computing norm of solution
ComputeChange: NS (ITER=6) (NRM,RELC): (  7243472.9     0.37450377     ) :: mgdynamicscalc
MagnetoDynamicsCalcFields: Solving for field: magnetic vector potential
DefaultSolve: Solving linear system with default routines
SolveSystem: Solving linear system
SolveLinearSystem: Assuming real valued linear system
SolveLinearSystem: Assuming serial linear system
ScaleLinearSystem: Creating > DiagScaling < vector of size 2917
SolveLinearSystem: Linear System Preconditioning: ilu0
Prec0-ilu0: Elapsed REAL time:     0.0000 (s)
SolveLinearSystem: Serial linear System Solver: iterative
IterSolver: Using iterative method: cg
Prec-ilu0: Elapsed REAL time:     0.0000 (s)
ComputeNorm: Computing norm of solution
ComputeChange: NS (ITER=7) (NRM,RELC): ( 0.36424106E-01  2.0000000     ) :: mgdynamicscalc
DefaultSolve: Solving linear system with default routines
SolveSystem: Solving linear system
SolveLinearSystem: Assuming real valued linear system
SolveLinearSystem: Assuming serial linear system
ScaleLinearSystem: Creating > DiagScaling < vector of size 2917
SolveLinearSystem: Linear System Preconditioning: ilu0
Prec0-ilu0: Elapsed REAL time:     0.0000 (s)
SolveLinearSystem: Serial linear System Solver: iterative
IterSolver: Using iterative method: cg
Prec-ilu0: Elapsed REAL time:     0.0000 (s)
ComputeNorm: Computing norm of solution
ComputeChange: NS (ITER=8) (NRM,RELC): ( 0.38177985E-01 0.47019563E-01 ) :: mgdynamicscalc
DefaultSolve: Solving linear system with default routines
SolveSystem: Solving linear system
SolveLinearSystem: Assuming real valued linear system
SolveLinearSystem: Assuming serial linear system
ScaleLinearSystem: Creating > DiagScaling < vector of size 2917
SolveLinearSystem: Linear System Preconditioning: ilu0
Prec0-ilu0: Elapsed REAL time:     0.0000 (s)
SolveLinearSystem: Serial linear System Solver: iterative
IterSolver: Using iterative method: cg
Prec-ilu0: Elapsed REAL time:     0.0000 (s)
ComputeNorm: Computing norm of solution
ComputeChange: NS (ITER=9) (NRM,RELC): ( 0.29401935E-01 0.25972358     ) :: mgdynamicscalc
MagnetoDynamicsCalcFields: Solving for field: current density[current density:3]
DefaultSolve: Solving linear system with default routines
SolveSystem: Solving linear system
SolveLinearSystem: Assuming real valued linear system
SolveLinearSystem: Assuming serial linear system
ScaleLinearSystem: Creating > DiagScaling < vector of size 2917
SolveLinearSystem: Linear System Preconditioning: ilu0
Prec0-ilu0: Elapsed REAL time:     0.0000 (s)
SolveLinearSystem: Serial linear System Solver: iterative
IterSolver: Using iterative method: cg
Prec-ilu0: Elapsed REAL time:     0.0000 (s)
ComputeNorm: Computing norm of solution
ComputeChange: NS (ITER=10) (NRM,RELC): (  34.877984      1.9966309     ) :: mgdynamicscalc
DefaultSolve: Solving linear system with default routines
SolveSystem: Solving linear system
SolveLinearSystem: Assuming real valued linear system
SolveLinearSystem: Assuming serial linear system
ScaleLinearSystem: Creating > DiagScaling < vector of size 2917
SolveLinearSystem: Linear System Preconditioning: ilu0
Prec0-ilu0: Elapsed REAL time:     0.0000 (s)
SolveLinearSystem: Serial linear System Solver: iterative
IterSolver: Using iterative method: cg
Prec-ilu0: Elapsed REAL time:     0.0000 (s)
ComputeNorm: Computing norm of solution
ComputeChange: NS (ITER=11) (NRM,RELC): (  39.887154     0.13399745     ) :: mgdynamicscalc
DefaultSolve: Solving linear system with default routines
SolveSystem: Solving linear system
SolveLinearSystem: Assuming real valued linear system
SolveLinearSystem: Assuming serial linear system
ScaleLinearSystem: Creating > DiagScaling < vector of size 2917
SolveLinearSystem: Linear System Preconditioning: ilu0
Prec0-ilu0: Elapsed REAL time:     0.0000 (s)
SolveLinearSystem: Serial linear System Solver: iterative
IterSolver: Using iterative method: cg
Prec-ilu0: Elapsed REAL time:     0.0000 (s)
ComputeNorm: Computing norm of solution
ComputeChange: NS (ITER=12) (NRM,RELC): ( 0.61616169      1.9391495     ) :: mgdynamicscalc
MagnetoDynamicsCalcFields: Eddy current power:    4.006515E-07
MagnetoDynamicsCalcFields: ElectroMagnetic Field Energy:    2.169516E+05
SingleSolver: Attempting to call solver: 4
SingleSolver: Solver Equation string is: resultoutput
ResultOutputSolver: -------------------------------------
ResultOutputSolver: Dimension of mesh is: 3
ResultOutputSolver: Working on mesh 1: mesh with 2917 nodes
ResultOutputSolver: Saving in unstructured VTK XML (.vtu) format
VtuOutputSolver: Full filename base is: results/case
GenerateSaveMask: Number of active elements 18743 out of 18743
GenerateSaveMask: Number of geometry nodes 2917 out of 2917
VtuOutputSolver: Writing the vtu file: results/case_t0003.vtu
AscBinWriteInit: Initializing buffered ascii/binary writing
AscBinWriteInit: Writing in binary
AscBinWriteInit: Writing in double precision
AscBinWriteInit: Writing to unit number: 58
AscBinWriteInit: Size of buffer is: 2917
WriteVtuFile: Writing nodal fields
WriteVtuFile: Saving 1-component variable: meshrelax
WriteVtuFile: Saving 1-component variable: magnetic vector potential
WriteVtuFile: Saving 1-component variable: alpha
WriteVtuFile: Saving 1-component variable: beta
WriteVtuFile: Saving 1-component variable: w
WriteVtuFile: Saving 1-component variable: alpha direction
WriteVtuFile: Saving 1-component variable: beta direction
WriteVtuFile: Saving 1-component variable: w potential
WriteVtuFile: Saving 3-component variable: magnetic flux density
WriteVtuFile: Saving 3-component variable: magnetic field strength
WriteVtuFile: Saving 3-component variable: current density
WriteVtuFile: Saving 3-component variable: magnetic flux density e
WriteVtuFile: Saving 3-component variable: magnetic field strength e
WriteVtuFile: Saving 3-component variable: current density e
WriteVtuFile: Saving 3-component variable: w vector e
WriteVtuFile: Number of nodal fields written: 8
WriteVtuFile: Writing elemental fields
WriteVtuFile: Number of elemental fields written: 7
WriteVtuFile: Writing coordinates for each used node
WriteVtuFile: Writing the elemental connectivity data
WriteVtuFile: Writing nodal fields
WriteVtuFile: Saving 1-component variable: meshrelax
WriteVtuFile: Saving 1-component variable: magnetic vector potential
WriteVtuFile: Saving 1-component variable: alpha
WriteVtuFile: Saving 1-component variable: beta
WriteVtuFile: Saving 1-component variable: w
WriteVtuFile: Saving 1-component variable: alpha direction
WriteVtuFile: Saving 1-component variable: beta direction
WriteVtuFile: Saving 1-component variable: w potential
WriteVtuFile: Saving 3-component variable: magnetic flux density
WriteVtuFile: Saving 3-component variable: magnetic field strength
WriteVtuFile: Saving 3-component variable: current density
WriteVtuFile: Saving 3-component variable: magnetic flux density e
WriteVtuFile: Saving 3-component variable: magnetic field strength e
WriteVtuFile: Saving 3-component variable: current density e
WriteVtuFile: Saving 3-component variable: w vector e
WriteVtuFile: Writing elemental fields
AscBinWriteFree: Terminating buffered ascii/binary writing
VtuOutputSolver: All done for now
ResultOutputSolver: -------------------------------------
SingleSolver: Attempting to call solver: 11
SingleSolver: Solver Equation string is: savescalars
SaveScalars: -----------------------------------------
SaveScalars: Saving scalar values of various kinds
SaveScalars: Performed 2 reduction operations
SaveScalars: Found 13 result scalars in simulation section
SaveScalars: Saving results from component - if any
SaveScalars: Found 17 values to save in total
SaveScalars: Saving values to file: results/circuit.csv
SaveScalars: -----------------------------------------
MAIN: 
MAIN: -------------------------------------
MAIN: Time: 4/30:   8.000E-03
MAIN: Elapsed time: 27.8 seconds
MAIN: Estimated time left:  3.8 minutes
MAIN: -------------------------------------
MAIN: 
SingleSolver: Attempting to call solver: 9
SingleSolver: Solver Equation string is: circuits
AddComponentEquationsAndCouplings: Writing resistor equation, component 2
SingleSolver: Attempting to call solver: 10
SingleSolver: Solver Equation string is: circuits output
DefaultStart: Starting solver: circuits output
CircuitsOutput: Initializing Lagrange multipliers of size: 6
CircuitsOutput: Writing Circuit Results
CircuitsOutput: Writing Circuit Variables for Circuit 1
CircuitsOutput: There are 6 Circuit Variables
CircuitsOutput: i_testsource            1.1531E-03
CircuitsOutput: v_testsource            0.0000E+00
CircuitsOutput: i_component(1)          1.1531E-03
CircuitsOutput: v_component(1)         -1.1531E-02
CircuitsOutput: i_component(2)          1.1531E-03
CircuitsOutput: v_component(2)          1.1531E-02
CircuitsOutput: Writing Component Variables for Circuit 1
CircuitsOutput: r_component(1)          3.0169E-01
CircuitsOutput: p_dc_component(1)       4.0112E-07
CircuitsOutput: r_component(2)          1.0000E+01
CircuitsOutput: p_dc_component(2)       1.3296E-05
Circuit_ToMeshVariable: Adding circuit variables to be mesh variables
DefaultFinish: Finished solver: circuits output
SingleSolver: Attempting to call solver: 1
SingleSolver: Solver Equation string is: meshdeform
RigidMeshMapper: ---------------------------------------
RigidMeshMapper: Performing analytic mesh mapping
RigidMeshMapper: ---------------------------------------
DefaultFinish: Finished solver: meshdeform
SingleSolver: Attempting to call solver: 2
SingleSolver: Solver Equation string is: mgdynamics
WhitneyAVSolver: 
WhitneyAVSolver: -------------------------------------------------
WhitneyAVSolver: Solving transient AV equations with edge elements
DefaultStart: Starting solver: mgdynamics
MGDynAssembly: Elapsed REAL time:     0.3646 (s)
DefUtils::DefaultDirichletBCs: Setting Dirichlet boundary conditions
EnforceDirichletConditions: No Dirichlet conditions to enforce, exiting!
WhitneyAVSolver: Volume tree edges: 2916 of total: 19979
DefaultSolve: Solving linear system with default routines
SolveSystem: Solving linear system
SolveSystem: Solving linear system with linear restrictions!
SolveWithLinearRestriction: Freeing previous collection matrix structures
SolveWithLinearRestriction: Refactoring requested, creating fully new matrix
SolveWithLinearRestriction: Reverting CollectionMatrix back to CRS matrix
List_ToCRSMatrix: Changing matrix type with number of non-zeros: 650873
SolveWithLinearRestriction: Collection matrix creation time (CPU,REAL):     0.04    0.05 (s)
SolveWithLinearRestriction: Collection matrix increased with 6 rows and 2693 non-zeros
SolveWithLinearRestriction: Now solving the linear system with constraints!
SolveLinearSystem: Assuming real valued linear system
SolveLinearSystem: Assuming serial linear system
ScaleLinearSystem: Creating > DiagScaling < vector of size 22902
SolveLinearSystem: Serial linear System Solver: direct
DirectSolver: Using direct method: umfpack
ComputeChange: WARNING: Possible mismatch in length of vectors (22902 vs. 22896)!
ComputeNorm: Computing norm of solution
ComputeChange: Nonlinear iteration did not converge to tolerance
ComputeChange: NS (ITER=1) (NRM,RELC): ( 0.28436936E-03 0.14358294     ) :: mgdynamics
SolveWithLinearRestriction: Picking solution from collection solution
SolveWithLinearRestriction: Separating Lagrange multiplier from collection solution
SolveWithLinearRestriction: All done
WhitneyAVSolver: Calculating lumped parameters
DefaultFinish: Finished solver: mgdynamics
WhitneyAVSolver: All done
WhitneyAVSolver: -------------------------------------------
SingleSolver: Attempting to call solver: 3
SingleSolver: Solver Equation string is: mgdynamicscalc
MagnetoDynamicsCalcFields: ------------------------------
MagnetoDynamicsCalcFields: Computing postprocessed fields
MagnetoDynamicsCalcFields: Using potential variable: magnetic vector potential
MagnetoDynamicsCalcFields: Number of components to compute: 12
MagnetoDynamicsCalcFields: Solving for field: magnetic flux density[magnetic flux density:3]
DefaultSolve: Solving linear system with default routines
SolveSystem: Solving linear system
SolveLinearSystem: Assuming real valued linear system
SolveLinearSystem: Assuming serial linear system
ScaleLinearSystem: Creating > DiagScaling < vector of size 2917
SolveLinearSystem: Linear System Preconditioning: ilu0
Prec0-ilu0: Elapsed REAL time:     0.0000 (s)
SolveLinearSystem: Serial linear System Solver: iterative
IterSolver: Using iterative method: cg
Prec-ilu0: Elapsed REAL time:     0.0000 (s)
ComputeNorm: Computing norm of solution
ComputeChange: NS (ITER=1) (NRM,RELC): (  7.3784056      1.6917098     ) :: mgdynamicscalc
DefaultSolve: Solving linear system with default routines
SolveSystem: Solving linear system
SolveLinearSystem: Assuming real valued linear system
SolveLinearSystem: Assuming serial linear system
ScaleLinearSystem: Creating > DiagScaling < vector of size 2917
SolveLinearSystem: Linear System Preconditioning: ilu0
Prec0-ilu0: Elapsed REAL time:     0.0000 (s)
SolveLinearSystem: Serial linear System Solver: iterative
IterSolver: Using iterative method: cg
Prec-ilu0: Elapsed REAL time:     0.0000 (s)
ComputeNorm: Computing norm of solution
ComputeChange: NS (ITER=2) (NRM,RELC): (  8.0799450     0.90765108E-01 ) :: mgdynamicscalc
DefaultSolve: Solving linear system with default routines
SolveSystem: Solving linear system
SolveLinearSystem: Assuming real valued linear system
SolveLinearSystem: Assuming serial linear system
ScaleLinearSystem: Creating > DiagScaling < vector of size 2917
SolveLinearSystem: Linear System Preconditioning: ilu0
Prec0-ilu0: Elapsed REAL time:     0.0000 (s)
SolveLinearSystem: Serial linear System Solver: iterative
IterSolver: Using iterative method: cg
Prec-ilu0: Elapsed REAL time:     0.0000 (s)
ComputeNorm: Computing norm of solution
ComputeChange: NS (ITER=3) (NRM,RELC): (  11.815160     0.37549082     ) :: mgdynamicscalc
MagnetoDynamicsCalcFields: Solving for field: magnetic field strength[magnetic field strength:3]
DefaultSolve: Solving linear system with default routines
SolveSystem: Solving linear system
SolveLinearSystem: Assuming real valued linear system
SolveLinearSystem: Assuming serial linear system
ScaleLinearSystem: Creating > DiagScaling < vector of size 2917
SolveLinearSystem: Linear System Preconditioning: ilu0
Prec0-ilu0: Elapsed REAL time:     0.0000 (s)
SolveLinearSystem: Serial linear System Solver: iterative
IterSolver: Using iterative method: cg
Prec-ilu0: Elapsed REAL time:     0.0000 (s)
ComputeNorm: Computing norm of solution
ComputeChange: NS (ITER=4) (NRM,RELC): (  5871543.2      1.9999920     ) :: mgdynamicscalc
DefaultSolve: Solving linear system with default routines
SolveSystem: Solving linear system
SolveLinearSystem: Assuming real valued linear system
SolveLinearSystem: Assuming serial linear system
ScaleLinearSystem: Creating > DiagScaling < vector of size 2917
SolveLinearSystem: Linear System Preconditioning: ilu0
Prec0-ilu0: Elapsed REAL time:     0.0000 (s)
SolveLinearSystem: Serial linear System Solver: iterative
IterSolver: Using iterative method: cg
Prec-ilu0: Elapsed REAL time:     0.0000 (s)
ComputeNorm: Computing norm of solution
ComputeChange: NS (ITER=5) (NRM,RELC): (  6429792.2     0.90762344E-01 ) :: mgdynamicscalc
DefaultSolve: Solving linear system with default routines
SolveSystem: Solving linear system
SolveLinearSystem: Assuming real valued linear system
SolveLinearSystem: Assuming serial linear system
ScaleLinearSystem: Creating > DiagScaling < vector of size 2917
SolveLinearSystem: Linear System Preconditioning: ilu0
Prec0-ilu0: Elapsed REAL time:     0.0000 (s)
SolveLinearSystem: Serial linear System Solver: iterative
IterSolver: Using iterative method: cg
Prec-ilu0: Elapsed REAL time:     0.0000 (s)
ComputeNorm: Computing norm of solution
ComputeChange: NS (ITER=6) (NRM,RELC): (  9391137.4     0.37435792     ) :: mgdynamicscalc
MagnetoDynamicsCalcFields: Solving for field: magnetic vector potential
DefaultSolve: Solving linear system with default routines
SolveSystem: Solving linear system
SolveLinearSystem: Assuming real valued linear system
SolveLinearSystem: Assuming serial linear system
ScaleLinearSystem: Creating > DiagScaling < vector of size 2917
SolveLinearSystem: Linear System Preconditioning: ilu0
Prec0-ilu0: Elapsed REAL time:     0.0000 (s)
SolveLinearSystem: Serial linear System Solver: iterative
IterSolver: Using iterative method: cg
Prec-ilu0: Elapsed REAL time:     0.0000 (s)
ComputeNorm: Computing norm of solution
ComputeChange: NS (ITER=7) (NRM,RELC): ( 0.40312376E-01  2.0000000     ) :: mgdynamicscalc
DefaultSolve: Solving linear system with default routines
SolveSystem: Solving linear system
SolveLinearSystem: Assuming real valued linear system
SolveLinearSystem: Assuming serial linear system
ScaleLinearSystem: Creating > DiagScaling < vector of size 2917
SolveLinearSystem: Linear System Preconditioning: ilu0
Prec0-ilu0: Elapsed REAL time:     0.0000 (s)
SolveLinearSystem: Serial linear System Solver: iterative
IterSolver: Using iterative method: cg
Prec-ilu0: Elapsed REAL time:     0.0000 (s)
ComputeNorm: Computing norm of solution
ComputeChange: NS (ITER=8) (NRM,RELC): ( 0.41749746E-01 0.35031265E-01 ) :: mgdynamicscalc
DefaultSolve: Solving linear system with default routines
SolveSystem: Solving linear system
SolveLinearSystem: Assuming real valued linear system
SolveLinearSystem: Assuming serial linear system
ScaleLinearSystem: Creating > DiagScaling < vector of size 2917
SolveLinearSystem: Linear System Preconditioning: ilu0
Prec0-ilu0: Elapsed REAL time:     0.0000 (s)
SolveLinearSystem: Serial linear System Solver: iterative
IterSolver: Using iterative method: cg
Prec-ilu0: Elapsed REAL time:     0.0000 (s)
ComputeNorm: Computing norm of solution
ComputeChange: NS (ITER=9) (NRM,RELC): ( 0.31454008E-01 0.28128992     ) :: mgdynamicscalc
MagnetoDynamicsCalcFields: Solving for field: current density[current density:3]
DefaultSolve: Solving linear system with default routines
SolveSystem: Solving linear system
SolveLinearSystem: Assuming real valued linear system
SolveLinearSystem: Assuming serial linear system
ScaleLinearSystem: Creating > DiagScaling < vector of size 2917
SolveLinearSystem: Linear System Preconditioning: ilu0
Prec0-ilu0: Elapsed REAL time:     0.0000 (s)
SolveLinearSystem: Serial linear System Solver: iterative
IterSolver: Using iterative method: cg
Prec-ilu0: Elapsed REAL time:     0.0000 (s)
ComputeNorm: Computing norm of solution
ComputeChange: NS (ITER=10) (NRM,RELC): (  45.218579      1.9972195     ) :: mgdynamicscalc
DefaultSolve: Solving linear system with default routines
SolveSystem: Solving linear system
SolveLinearSystem: Assuming real valued linear system
SolveLinearSystem: Assuming serial linear system
ScaleLinearSystem: Creating > DiagScaling < vector of size 2917
SolveLinearSystem: Linear System Preconditioning: ilu0
Prec0-ilu0: Elapsed REAL time:     0.0000 (s)
SolveLinearSystem: Serial linear System Solver: iterative
IterSolver: Using iterative method: cg
Prec-ilu0: Elapsed REAL time:     0.0000 (s)
ComputeNorm: Computing norm of solution
ComputeChange: NS (ITER=11) (NRM,RELC): (  51.693435     0.13362340     ) :: mgdynamicscalc
DefaultSolve: Solving linear system with default routines
SolveSystem: Solving linear system
SolveLinearSystem: Assuming real valued linear system
SolveLinearSystem: Assuming serial linear system
ScaleLinearSystem: Creating > DiagScaling < vector of size 2917
SolveLinearSystem: Linear System Preconditioning: ilu0
Prec0-ilu0: Elapsed REAL time:     0.0000 (s)
SolveLinearSystem: Serial linear System Solver: iterative
IterSolver: Using iterative method: cg
Prec-ilu0: Elapsed REAL time:     0.0000 (s)
ComputeNorm: Computing norm of solution
ComputeChange: NS (ITER=12) (NRM,RELC): ( 0.79858413      1.9391462     ) :: mgdynamicscalc
MagnetoDynamicsCalcFields: Eddy current power:    6.705390E-07
MagnetoDynamicsCalcFields: ElectroMagnetic Field Energy:    3.639769E+05
SingleSolver: Attempting to call solver: 4
SingleSolver: Solver Equation string is: resultoutput
ResultOutputSolver: -------------------------------------
ResultOutputSolver: Dimension of mesh is: 3
ResultOutputSolver: Working on mesh 1: mesh with 2917 nodes
ResultOutputSolver: Saving in unstructured VTK XML (.vtu) format
VtuOutputSolver: Full filename base is: results/case
GenerateSaveMask: Number of active elements 18743 out of 18743
GenerateSaveMask: Number of geometry nodes 2917 out of 2917
VtuOutputSolver: Writing the vtu file: results/case_t0004.vtu
AscBinWriteInit: Initializing buffered ascii/binary writing
AscBinWriteInit: Writing in binary
AscBinWriteInit: Writing in double precision
AscBinWriteInit: Writing to unit number: 58
AscBinWriteInit: Size of buffer is: 2917
WriteVtuFile: Writing nodal fields
WriteVtuFile: Saving 1-component variable: meshrelax
WriteVtuFile: Saving 1-component variable: magnetic vector potential
WriteVtuFile: Saving 1-component variable: alpha
WriteVtuFile: Saving 1-component variable: beta
WriteVtuFile: Saving 1-component variable: w
WriteVtuFile: Saving 1-component variable: alpha direction
WriteVtuFile: Saving 1-component variable: beta direction
WriteVtuFile: Saving 1-component variable: w potential
WriteVtuFile: Saving 3-component variable: magnetic flux density
WriteVtuFile: Saving 3-component variable: magnetic field strength
WriteVtuFile: Saving 3-component variable: current density
WriteVtuFile: Saving 3-component variable: magnetic flux density e
WriteVtuFile: Saving 3-component variable: magnetic field strength e
WriteVtuFile: Saving 3-component variable: current density e
WriteVtuFile: Saving 3-component variable: w vector e
WriteVtuFile: Number of nodal fields written: 8
WriteVtuFile: Writing elemental fields
WriteVtuFile: Number of elemental fields written: 7
WriteVtuFile: Writing coordinates for each used node
WriteVtuFile: Writing the elemental connectivity data
WriteVtuFile: Writing nodal fields
WriteVtuFile: Saving 1-component variable: meshrelax
WriteVtuFile: Saving 1-component variable: magnetic vector potential
WriteVtuFile: Saving 1-component variable: alpha
WriteVtuFile: Saving 1-component variable: beta
WriteVtuFile: Saving 1-component variable: w
WriteVtuFile: Saving 1-component variable: alpha direction
WriteVtuFile: Saving 1-component variable: beta direction
WriteVtuFile: Saving 1-component variable: w potential
WriteVtuFile: Saving 3-component variable: magnetic flux density
WriteVtuFile: Saving 3-component variable: magnetic field strength
WriteVtuFile: Saving 3-component variable: current density
WriteVtuFile: Saving 3-component variable: magnetic flux density e
WriteVtuFile: Saving 3-component variable: magnetic field strength e
WriteVtuFile: Saving 3-component variable: current density e
WriteVtuFile: Saving 3-component variable: w vector e
WriteVtuFile: Writing elemental fields
AscBinWriteFree: Terminating buffered ascii/binary writing
VtuOutputSolver: All done for now
ResultOutputSolver: -------------------------------------
SingleSolver: Attempting to call solver: 11
SingleSolver: Solver Equation string is: savescalars
SaveScalars: -----------------------------------------
SaveScalars: Saving scalar values of various kinds
SaveScalars: Performed 2 reduction operations
SaveScalars: Found 13 result scalars in simulation section
SaveScalars: Saving results from component - if any
SaveScalars: Found 17 values to save in total
SaveScalars: Saving values to file: results/circuit.csv
SaveScalars: -----------------------------------------
MAIN: 
MAIN: -------------------------------------
MAIN: Time: 5/30:   1.000E-02
MAIN: Elapsed time: 36.3 seconds
MAIN: Estimated time left:  3.7 minutes
MAIN: -------------------------------------
MAIN: 
SingleSolver: Attempting to call solver: 9
SingleSolver: Solver Equation string is: circuits
AddComponentEquationsAndCouplings: Writing resistor equation, component 2
SingleSolver: Attempting to call solver: 10
SingleSolver: Solver Equation string is: circuits output
DefaultStart: Starting solver: circuits output
CircuitsOutput: Initializing Lagrange multipliers of size: 6
CircuitsOutput: Writing Circuit Results
CircuitsOutput: Writing Circuit Variables for Circuit 1
CircuitsOutput: There are 6 Circuit Variables
CircuitsOutput: i_testsource            1.4936E-03
CircuitsOutput: v_testsource            0.0000E+00
CircuitsOutput: i_component(1)          1.4936E-03
CircuitsOutput: v_component(1)         -1.4936E-02
CircuitsOutput: i_component(2)          1.4936E-03
CircuitsOutput: v_component(2)          1.4936E-02
CircuitsOutput: Writing Component Variables for Circuit 1
CircuitsOutput: r_component(1)          3.0169E-01
CircuitsOutput: p_dc_component(1)       6.7300E-07
CircuitsOutput: r_component(2)          1.0000E+01
CircuitsOutput: p_dc_component(2)       2.2307E-05
Circuit_ToMeshVariable: Adding circuit variables to be mesh variables
DefaultFinish: Finished solver: circuits output
SingleSolver: Attempting to call solver: 1
SingleSolver: Solver Equation string is: meshdeform
RigidMeshMapper: ---------------------------------------
RigidMeshMapper: Performing analytic mesh mapping
RigidMeshMapper: ---------------------------------------
DefaultFinish: Finished solver: meshdeform
SingleSolver: Attempting to call solver: 2
SingleSolver: Solver Equation string is: mgdynamics
WhitneyAVSolver: 
WhitneyAVSolver: -------------------------------------------------
WhitneyAVSolver: Solving transient AV equations with edge elements
DefaultStart: Starting solver: mgdynamics
MGDynAssembly: Elapsed REAL time:     0.3366 (s)
DefUtils::DefaultDirichletBCs: Setting Dirichlet boundary conditions
EnforceDirichletConditions: No Dirichlet conditions to enforce, exiting!
WhitneyAVSolver: Volume tree edges: 2916 of total: 19979
DefaultSolve: Solving linear system with default routines
SolveSystem: Solving linear system
SolveSystem: Solving linear system with linear restrictions!
SolveWithLinearRestriction: Freeing previous collection matrix structures
SolveWithLinearRestriction: Refactoring requested, creating fully new matrix
SolveWithLinearRestriction: Reverting CollectionMatrix back to CRS matrix
List_ToCRSMatrix: Changing matrix type with number of non-zeros: 650873
SolveWithLinearRestriction: Collection matrix creation time (CPU,REAL):     0.04    0.06 (s)
SolveWithLinearRestriction: Collection matrix increased with 6 rows and 2693 non-zeros
SolveWithLinearRestriction: Now solving the linear system with constraints!
SolveLinearSystem: Assuming real valued linear system
SolveLinearSystem: Assuming serial linear system
ScaleLinearSystem: Creating > DiagScaling < vector of size 22902
SolveLinearSystem: Serial linear System Solver: direct
DirectSolver: Using direct method: umfpack
ComputeChange: WARNING: Possible mismatch in length of vectors (22902 vs. 22896)!
ComputeNorm: Computing norm of solution
ComputeChange: Nonlinear iteration did not converge to tolerance
ComputeChange: NS (ITER=1) (NRM,RELC): ( 0.31298928E-03 0.95821556E-01 ) :: mgdynamics
SolveWithLinearRestriction: Picking solution from collection solution
SolveWithLinearRestriction: Separating Lagrange multiplier from collection solution
SolveWithLinearRestriction: All done
WhitneyAVSolver: Calculating lumped parameters
DefaultFinish: Finished solver: mgdynamics
WhitneyAVSolver: All done
WhitneyAVSolver: -------------------------------------------
SingleSolver: Attempting to call solver: 3
SingleSolver: Solver Equation string is: mgdynamicscalc
MagnetoDynamicsCalcFields: ------------------------------
MagnetoDynamicsCalcFields: Computing postprocessed fields
MagnetoDynamicsCalcFields: Using potential variable: magnetic vector potential
MagnetoDynamicsCalcFields: Number of components to compute: 12
MagnetoDynamicsCalcFields: Solving for field: magnetic flux density[magnetic flux density:3]
DefaultSolve: Solving linear system with default routines
SolveSystem: Solving linear system
SolveLinearSystem: Assuming real valued linear system
SolveLinearSystem: Assuming serial linear system
ScaleLinearSystem: Creating > DiagScaling < vector of size 2917
SolveLinearSystem: Linear System Preconditioning: ilu0
Prec0-ilu0: Elapsed REAL time:     0.0000 (s)
SolveLinearSystem: Serial linear System Solver: iterative
IterSolver: Using iterative method: cg
Prec-ilu0: Elapsed REAL time:     0.0000 (s)
ComputeNorm: Computing norm of solution
ComputeChange: NS (ITER=1) (NRM,RELC): (  8.5647077      1.6588447     ) :: mgdynamicscalc
DefaultSolve: Solving linear system with default routines
SolveSystem: Solving linear system
SolveLinearSystem: Assuming real valued linear system
SolveLinearSystem: Assuming serial linear system
ScaleLinearSystem: Creating > DiagScaling < vector of size 2917
SolveLinearSystem: Linear System Preconditioning: ilu0
Prec0-ilu0: Elapsed REAL time:     0.0000 (s)
SolveLinearSystem: Serial linear System Solver: iterative
IterSolver: Using iterative method: cg
Prec-ilu0: Elapsed REAL time:     0.0000 (s)
ComputeNorm: Computing norm of solution
ComputeChange: NS (ITER=2) (NRM,RELC): (  9.3793823     0.90801445E-01 ) :: mgdynamicscalc
DefaultSolve: Solving linear system with default routines
SolveSystem: Solving linear system
SolveLinearSystem: Assuming real valued linear system
SolveLinearSystem: Assuming serial linear system
ScaleLinearSystem: Creating > DiagScaling < vector of size 2917
SolveLinearSystem: Linear System Preconditioning: ilu0
Prec0-ilu0: Elapsed REAL time:     0.0000 (s)
SolveLinearSystem: Serial linear System Solver: iterative
IterSolver: Using iterative method: cg
Prec-ilu0: Elapsed REAL time:     0.0000 (s)
ComputeNorm: Computing norm of solution
ComputeChange: NS (ITER=3) (NRM,RELC): (  13.711056     0.37519198     ) :: mgdynamicscalc
MagnetoDynamicsCalcFields: Solving for field: magnetic field strength[magnetic field strength:3]
DefaultSolve: Solving linear system with default routines
SolveSystem: Solving linear system
SolveLinearSystem: Assuming real valued linear system
SolveLinearSystem: Assuming serial linear system
ScaleLinearSystem: Creating > DiagScaling < vector of size 2917
SolveLinearSystem: Linear System Preconditioning: ilu0
Prec0-ilu0: Elapsed REAL time:     0.0000 (s)
SolveLinearSystem: Serial linear System Solver: iterative
IterSolver: Using iterative method: cg
Prec-ilu0: Elapsed REAL time:     0.0000 (s)
ComputeNorm: Computing norm of solution
ComputeChange: NS (ITER=4) (NRM,RELC): (  6815575.6      1.9999920     ) :: mgdynamicscalc
DefaultSolve: Solving linear system with default routines
SolveSystem: Solving linear system
SolveLinearSystem: Assuming real valued linear system
SolveLinearSystem: Assuming serial linear system
ScaleLinearSystem: Creating > DiagScaling < vector of size 2917
SolveLinearSystem: Linear System Preconditioning: ilu0
Prec0-ilu0: Elapsed REAL time:     0.0000 (s)
SolveLinearSystem: Serial linear System Solver: iterative
IterSolver: Using iterative method: cg
Prec-ilu0: Elapsed REAL time:     0.0000 (s)
ComputeNorm: Computing norm of solution
ComputeChange: NS (ITER=5) (NRM,RELC): (  7463853.4     0.90798843E-01 ) :: mgdynamicscalc
DefaultSolve: Solving linear system with default routines
SolveSystem: Solving linear system
SolveLinearSystem: Assuming real valued linear system
SolveLinearSystem: Assuming serial linear system
ScaleLinearSystem: Creating > DiagScaling < vector of size 2917
SolveLinearSystem: Linear System Preconditioning: ilu0
Prec0-ilu0: Elapsed REAL time:     0.0000 (s)
SolveLinearSystem: Serial linear System Solver: iterative
IterSolver: Using iterative method: cg
Prec-ilu0: Elapsed REAL time:     0.0000 (s)
ComputeNorm: Computing norm of solution
ComputeChange: NS (ITER=6) (NRM,RELC): (  10900268.     0.37425306     ) :: mgdynamicscalc
MagnetoDynamicsCalcFields: Solving for field: magnetic vector potential
DefaultSolve: Solving linear system with default routines
SolveSystem: Solving linear system
SolveLinearSystem: Assuming real valued linear system
SolveLinearSystem: Assuming serial linear system
ScaleLinearSystem: Creating > DiagScaling < vector of size 2917
SolveLinearSystem: Linear System Preconditioning: ilu0
Prec0-ilu0: Elapsed REAL time:     0.0000 (s)
SolveLinearSystem: Serial linear System Solver: iterative
IterSolver: Using iterative method: cg
Prec-ilu0: Elapsed REAL time:     0.0000 (s)
ComputeNorm: Computing norm of solution
ComputeChange: NS (ITER=7) (NRM,RELC): ( 0.43334162E-01  2.0000000     ) :: mgdynamicscalc
DefaultSolve: Solving linear system with default routines
SolveSystem: Solving linear system
SolveLinearSystem: Assuming real valued linear system
SolveLinearSystem: Assuming serial linear system
ScaleLinearSystem: Creating > DiagScaling < vector of size 2917
SolveLinearSystem: Linear System Preconditioning: ilu0
Prec0-ilu0: Elapsed REAL time:     0.0000 (s)
SolveLinearSystem: Serial linear System Solver: iterative
IterSolver: Using iterative method: cg
Prec-ilu0: Elapsed REAL time:     0.0000 (s)
ComputeNorm: Computing norm of solution
ComputeChange: NS (ITER=8) (NRM,RELC): ( 0.44557120E-01 0.27828895E-01 ) :: mgdynamicscalc
DefaultSolve: Solving linear system with default routines
SolveSystem: Solving linear system
SolveLinearSystem: Assuming real valued linear system
SolveLinearSystem: Assuming serial linear system
ScaleLinearSystem: Creating > DiagScaling < vector of size 2917
SolveLinearSystem: Linear System Preconditioning: ilu0
Prec0-ilu0: Elapsed REAL time:     0.0000 (s)
SolveLinearSystem: Serial linear System Solver: iterative
IterSolver: Using iterative method: cg
Prec-ilu0: Elapsed REAL time:     0.0000 (s)
ComputeNorm: Computing norm of solution
ComputeChange: NS (ITER=9) (NRM,RELC): ( 0.33087617E-01 0.29543543     ) :: mgdynamicscalc
MagnetoDynamicsCalcFields: Solving for field: current density[current density:3]
DefaultSolve: Solving linear system with default routines
SolveSystem: Solving linear system
SolveLinearSystem: Assuming real valued linear system
SolveLinearSystem: Assuming serial linear system
ScaleLinearSystem: Creating > DiagScaling < vector of size 2917
SolveLinearSystem: Linear System Preconditioning: ilu0
Prec0-ilu0: Elapsed REAL time:     0.0000 (s)
SolveLinearSystem: Serial linear System Solver: iterative
IterSolver: Using iterative method: cg
Prec-ilu0: Elapsed REAL time:     0.0000 (s)
ComputeNorm: Computing norm of solution
ComputeChange: NS (ITER=10) (NRM,RELC): (  52.472650      1.9974793     ) :: mgdynamicscalc
DefaultSolve: Solving linear system with default routines
SolveSystem: Solving linear system
SolveLinearSystem: Assuming real valued linear system
SolveLinearSystem: Assuming serial linear system
ScaleLinearSystem: Creating > DiagScaling < vector of size 2917
SolveLinearSystem: Linear System Preconditioning: ilu0
Prec0-ilu0: Elapsed REAL time:     0.0000 (s)
SolveLinearSystem: Serial linear System Solver: iterative
IterSolver: Using iterative method: cg
Prec-ilu0: Elapsed REAL time:     0.0000 (s)
ComputeNorm: Computing norm of solution
ComputeChange: NS (ITER=11) (NRM,RELC): (  59.956434     0.13312897     ) :: mgdynamicscalc
DefaultSolve: Solving linear system with default routines
SolveSystem: Solving linear system
SolveLinearSystem: Assuming real valued linear system
SolveLinearSystem: Assuming serial linear system
ScaleLinearSystem: Creating > DiagScaling < vector of size 2917
SolveLinearSystem: Linear System Preconditioning: ilu0
Prec0-ilu0: Elapsed REAL time:     0.0000 (s)
SolveLinearSystem: Serial linear System Solver: iterative
IterSolver: Using iterative method: cg
Prec-ilu0: Elapsed REAL time:     0.0000 (s)
ComputeNorm: Computing norm of solution
ComputeChange: NS (ITER=12) (NRM,RELC): ( 0.92629318      1.9391425     ) :: mgdynamicscalc
MagnetoDynamicsCalcFields: Eddy current power:    9.000487E-07
MagnetoDynamicsCalcFields: ElectroMagnetic Field Energy:    4.889371E+05
SingleSolver: Attempting to call solver: 4
SingleSolver: Solver Equation string is: resultoutput
ResultOutputSolver: -------------------------------------
ResultOutputSolver: Dimension of mesh is: 3
ResultOutputSolver: Working on mesh 1: mesh with 2917 nodes
ResultOutputSolver: Saving in unstructured VTK XML (.vtu) format
VtuOutputSolver: Full filename base is: results/case
GenerateSaveMask: Number of active elements 18743 out of 18743
GenerateSaveMask: Number of geometry nodes 2917 out of 2917
VtuOutputSolver: Writing the vtu file: results/case_t0005.vtu
AscBinWriteInit: Initializing buffered ascii/binary writing
AscBinWriteInit: Writing in binary
AscBinWriteInit: Writing in double precision
AscBinWriteInit: Writing to unit number: 58
AscBinWriteInit: Size of buffer is: 2917
WriteVtuFile: Writing nodal fields
WriteVtuFile: Saving 1-component variable: meshrelax
WriteVtuFile: Saving 1-component variable: magnetic vector potential
WriteVtuFile: Saving 1-component variable: alpha
WriteVtuFile: Saving 1-component variable: beta
WriteVtuFile: Saving 1-component variable: w
WriteVtuFile: Saving 1-component variable: alpha direction
WriteVtuFile: Saving 1-component variable: beta direction
WriteVtuFile: Saving 1-component variable: w potential
WriteVtuFile: Saving 3-component variable: magnetic flux density
WriteVtuFile: Saving 3-component variable: magnetic field strength
WriteVtuFile: Saving 3-component variable: current density
WriteVtuFile: Saving 3-component variable: magnetic flux density e
WriteVtuFile: Saving 3-component variable: magnetic field strength e
WriteVtuFile: Saving 3-component variable: current density e
WriteVtuFile: Saving 3-component variable: w vector e
WriteVtuFile: Number of nodal fields written: 8
WriteVtuFile: Writing elemental fields
WriteVtuFile: Number of elemental fields written: 7
WriteVtuFile: Writing coordinates for each used node
WriteVtuFile: Writing the elemental connectivity data
WriteVtuFile: Writing nodal fields
WriteVtuFile: Saving 1-component variable: meshrelax
WriteVtuFile: Saving 1-component variable: magnetic vector potential
WriteVtuFile: Saving 1-component variable: alpha
WriteVtuFile: Saving 1-component variable: beta
WriteVtuFile: Saving 1-component variable: w
WriteVtuFile: Saving 1-component variable: alpha direction
WriteVtuFile: Saving 1-component variable: beta direction
WriteVtuFile: Saving 1-component variable: w potential
WriteVtuFile: Saving 3-component variable: magnetic flux density
WriteVtuFile: Saving 3-component variable: magnetic field strength
WriteVtuFile: Saving 3-component variable: current density
WriteVtuFile: Saving 3-component variable: magnetic flux density e
WriteVtuFile: Saving 3-component variable: magnetic field strength e
WriteVtuFile: Saving 3-component variable: current density e
WriteVtuFile: Saving 3-component variable: w vector e
WriteVtuFile: Writing elemental fields
AscBinWriteFree: Terminating buffered ascii/binary writing
VtuOutputSolver: All done for now
ResultOutputSolver: -------------------------------------
SingleSolver: Attempting to call solver: 11
SingleSolver: Solver Equation string is: savescalars
SaveScalars: -----------------------------------------
SaveScalars: Saving scalar values of various kinds
SaveScalars: Performed 2 reduction operations
SaveScalars: Found 13 result scalars in simulation section
SaveScalars: Saving results from component - if any
SaveScalars: Found 17 values to save in total
SaveScalars: Saving values to file: results/circuit.csv
SaveScalars: -----------------------------------------
MAIN: 
MAIN: -------------------------------------
MAIN: Time: 6/30:   1.200E-02
MAIN: Elapsed time: 44.5 seconds
MAIN: Estimated time left:  3.4 minutes
MAIN: -------------------------------------
MAIN: 
SingleSolver: Attempting to call solver: 9
SingleSolver: Solver Equation string is: circuits
AddComponentEquationsAndCouplings: Writing resistor equation, component 2
SingleSolver: Attempting to call solver: 10
SingleSolver: Solver Equation string is: circuits output
DefaultStart: Starting solver: circuits output
CircuitsOutput: Initializing Lagrange multipliers of size: 6
CircuitsOutput: Writing Circuit Results
CircuitsOutput: Writing Circuit Variables for Circuit 1
CircuitsOutput: There are 6 Circuit Variables
CircuitsOutput: i_testsource            1.7311E-03
CircuitsOutput: v_testsource            0.0000E+00
CircuitsOutput: i_component(1)          1.7311E-03
CircuitsOutput: v_component(1)         -1.7311E-02
CircuitsOutput: i_component(2)          1.7311E-03
CircuitsOutput: v_component(2)          1.7311E-02
CircuitsOutput: Writing Component Variables for Circuit 1
CircuitsOutput: r_component(1)          3.0169E-01
CircuitsOutput: p_dc_component(1)       9.0405E-07
CircuitsOutput: r_component(2)          1.0000E+01
CircuitsOutput: p_dc_component(2)       2.9966E-05
Circuit_ToMeshVariable: Adding circuit variables to be mesh variables
DefaultFinish: Finished solver: circuits output
SingleSolver: Attempting to call solver: 1
SingleSolver: Solver Equation string is: meshdeform
RigidMeshMapper: ---------------------------------------
RigidMeshMapper: Performing analytic mesh mapping
RigidMeshMapper: ---------------------------------------
DefaultFinish: Finished solver: meshdeform
SingleSolver: Attempting to call solver: 2
SingleSolver: Solver Equation string is: mgdynamics
WhitneyAVSolver: 
WhitneyAVSolver: -------------------------------------------------
WhitneyAVSolver: Solving transient AV equations with edge elements
DefaultStart: Starting solver: mgdynamics
MGDynAssembly: Elapsed REAL time:     0.3404 (s)
DefUtils::DefaultDirichletBCs: Setting Dirichlet boundary conditions
EnforceDirichletConditions: No Dirichlet conditions to enforce, exiting!
WhitneyAVSolver: Volume tree edges: 2916 of total: 19979
DefaultSolve: Solving linear system with default routines
SolveSystem: Solving linear system
SolveSystem: Solving linear system with linear restrictions!
SolveWithLinearRestriction: Freeing previous collection matrix structures
SolveWithLinearRestriction: Refactoring requested, creating fully new matrix
SolveWithLinearRestriction: Reverting CollectionMatrix back to CRS matrix
List_ToCRSMatrix: Changing matrix type with number of non-zeros: 650873
SolveWithLinearRestriction: Collection matrix creation time (CPU,REAL):     0.04    0.06 (s)
SolveWithLinearRestriction: Collection matrix increased with 6 rows and 2693 non-zeros
SolveWithLinearRestriction: Now solving the linear system with constraints!
SolveLinearSystem: Assuming real valued linear system
SolveLinearSystem: Assuming serial linear system
ScaleLinearSystem: Creating > DiagScaling < vector of size 22902
SolveLinearSystem: Serial linear System Solver: direct
DirectSolver: Using direct method: umfpack
ComputeChange: WARNING: Possible mismatch in length of vectors (22902 vs. 22896)!
ComputeNorm: Computing norm of solution
ComputeChange: Nonlinear iteration did not converge to tolerance
ComputeChange: NS (ITER=1) (NRM,RELC): ( 0.33300362E-03 0.61964600E-01 ) :: mgdynamics
SolveWithLinearRestriction: Picking solution from collection solution
SolveWithLinearRestriction: Separating Lagrange multiplier from collection solution
SolveWithLinearRestriction: All done
WhitneyAVSolver: Calculating lumped parameters
DefaultFinish: Finished solver: mgdynamics
WhitneyAVSolver: All done
WhitneyAVSolver: -------------------------------------------
SingleSolver: Attempting to call solver: 3
SingleSolver: Solver Equation string is: mgdynamicscalc
MagnetoDynamicsCalcFields: ------------------------------
MagnetoDynamicsCalcFields: Computing postprocessed fields
MagnetoDynamicsCalcFields: Using potential variable: magnetic vector potential
MagnetoDynamicsCalcFields: Number of components to compute: 12
MagnetoDynamicsCalcFields: Solving for field: magnetic flux density[magnetic flux density:3]
DefaultSolve: Solving linear system with default routines
SolveSystem: Solving linear system
SolveLinearSystem: Assuming real valued linear system
SolveLinearSystem: Assuming serial linear system
ScaleLinearSystem: Creating > DiagScaling < vector of size 2917
SolveLinearSystem: Linear System Preconditioning: ilu0
Prec0-ilu0: Elapsed REAL time:     0.0000 (s)
SolveLinearSystem: Serial linear System Solver: iterative
IterSolver: Using iterative method: cg
Prec-ilu0: Elapsed REAL time:     0.0000 (s)
ComputeNorm: Computing norm of solution
ComputeChange: NS (ITER=1) (NRM,RELC): (  9.3808113      1.6405224     ) :: mgdynamicscalc
DefaultSolve: Solving linear system with default routines
SolveSystem: Solving linear system
SolveLinearSystem: Assuming real valued linear system
SolveLinearSystem: Assuming serial linear system
ScaleLinearSystem: Creating > DiagScaling < vector of size 2917
SolveLinearSystem: Linear System Preconditioning: ilu0
Prec0-ilu0: Elapsed REAL time:     0.0000 (s)
SolveLinearSystem: Serial linear System Solver: iterative
IterSolver: Using iterative method: cg
Prec-ilu0: Elapsed REAL time:     0.0000 (s)
ComputeNorm: Computing norm of solution
ComputeChange: NS (ITER=2) (NRM,RELC): (  10.273996     0.90887162E-01 ) :: mgdynamicscalc
DefaultSolve: Solving linear system with default routines
SolveSystem: Solving linear system
SolveLinearSystem: Assuming real valued linear system
SolveLinearSystem: Assuming serial linear system
ScaleLinearSystem: Creating > DiagScaling < vector of size 2917
SolveLinearSystem: Linear System Preconditioning: ilu0
Prec0-ilu0: Elapsed REAL time:     0.0000 (s)
SolveLinearSystem: Serial linear System Solver: iterative
IterSolver: Using iterative method: cg
Prec-ilu0: Elapsed REAL time:     0.0000 (s)
ComputeNorm: Computing norm of solution
ComputeChange: NS (ITER=3) (NRM,RELC): (  15.017118     0.37508208     ) :: mgdynamicscalc
MagnetoDynamicsCalcFields: Solving for field: magnetic field strength[magnetic field strength:3]
DefaultSolve: Solving linear system with default routines
SolveSystem: Solving linear system
SolveLinearSystem: Assuming real valued linear system
SolveLinearSystem: Assuming serial linear system
ScaleLinearSystem: Creating > DiagScaling < vector of size 2917
SolveLinearSystem: Linear System Preconditioning: ilu0
Prec0-ilu0: Elapsed REAL time:     0.0000 (s)
SolveLinearSystem: Serial linear System Solver: iterative
IterSolver: Using iterative method: cg
Prec-ilu0: Elapsed REAL time:     0.0000 (s)
ComputeNorm: Computing norm of solution
ComputeChange: NS (ITER=4) (NRM,RELC): (  7465012.3      1.9999920     ) :: mgdynamicscalc
DefaultSolve: Solving linear system with default routines
SolveSystem: Solving linear system
SolveLinearSystem: Assuming real valued linear system
SolveLinearSystem: Assuming serial linear system
ScaleLinearSystem: Creating > DiagScaling < vector of size 2917
SolveLinearSystem: Linear System Preconditioning: ilu0
Prec0-ilu0: Elapsed REAL time:     0.0000 (s)
SolveLinearSystem: Serial linear System Solver: iterative
IterSolver: Using iterative method: cg
Prec-ilu0: Elapsed REAL time:     0.0000 (s)
ComputeNorm: Computing norm of solution
ComputeChange: NS (ITER=5) (NRM,RELC): (  8175765.3     0.90884618E-01 ) :: mgdynamicscalc
DefaultSolve: Solving linear system with default routines
SolveSystem: Solving linear system
SolveLinearSystem: Assuming real valued linear system
SolveLinearSystem: Assuming serial linear system
ScaleLinearSystem: Creating > DiagScaling < vector of size 2917
SolveLinearSystem: Linear System Preconditioning: ilu0
Prec0-ilu0: Elapsed REAL time:     0.0000 (s)
SolveLinearSystem: Serial linear System Solver: iterative
IterSolver: Using iterative method: cg
Prec-ilu0: Elapsed REAL time:     0.0000 (s)
ComputeNorm: Computing norm of solution
ComputeChange: NS (ITER=6) (NRM,RELC): (  11939848.     0.37424485     ) :: mgdynamicscalc
MagnetoDynamicsCalcFields: Solving for field: magnetic vector potential
DefaultSolve: Solving linear system with default routines
SolveSystem: Solving linear system
SolveLinearSystem: Assuming real valued linear system
SolveLinearSystem: Assuming serial linear system
ScaleLinearSystem: Creating > DiagScaling < vector of size 2917
SolveLinearSystem: Linear System Preconditioning: ilu0
Prec0-ilu0: Elapsed REAL time:     0.0000 (s)
SolveLinearSystem: Serial linear System Solver: iterative
IterSolver: Using iterative method: cg
Prec-ilu0: Elapsed REAL time:     0.0000 (s)
ComputeNorm: Computing norm of solution
ComputeChange: NS (ITER=7) (NRM,RELC): ( 0.45499432E-01  2.0000000     ) :: mgdynamicscalc
DefaultSolve: Solving linear system with default routines
SolveSystem: Solving linear system
SolveLinearSystem: Assuming real valued linear system
SolveLinearSystem: Assuming serial linear system
ScaleLinearSystem: Creating > DiagScaling < vector of size 2917
SolveLinearSystem: Linear System Preconditioning: ilu0
Prec0-ilu0: Elapsed REAL time:     0.0000 (s)
SolveLinearSystem: Serial linear System Solver: iterative
IterSolver: Using iterative method: cg
Prec-ilu0: Elapsed REAL time:     0.0000 (s)
ComputeNorm: Computing norm of solution
ComputeChange: NS (ITER=8) (NRM,RELC): ( 0.46583530E-01 0.23546119E-01 ) :: mgdynamicscalc
DefaultSolve: Solving linear system with default routines
SolveSystem: Solving linear system
SolveLinearSystem: Assuming real valued linear system
SolveLinearSystem: Assuming serial linear system
ScaleLinearSystem: Creating > DiagScaling < vector of size 2917
SolveLinearSystem: Linear System Preconditioning: ilu0
Prec0-ilu0: Elapsed REAL time:     0.0000 (s)
SolveLinearSystem: Serial linear System Solver: iterative
IterSolver: Using iterative method: cg
Prec-ilu0: Elapsed REAL time:     0.0000 (s)
ComputeNorm: Computing norm of solution
ComputeChange: NS (ITER=9) (NRM,RELC): ( 0.34271907E-01 0.30453421     ) :: mgdynamicscalc
MagnetoDynamicsCalcFields: Solving for field: current density[current density:3]
DefaultSolve: Solving linear system with default routines
SolveSystem: Solving linear system
SolveLinearSystem: Assuming real valued linear system
SolveLinearSystem: Assuming serial linear system
ScaleLinearSystem: Creating > DiagScaling < vector of size 2917
SolveLinearSystem: Linear System Preconditioning: ilu0
Prec0-ilu0: Elapsed REAL time:     0.0000 (s)
SolveLinearSystem: Serial linear System Solver: iterative
IterSolver: Using iterative method: cg
Prec-ilu0: Elapsed REAL time:     0.0000 (s)
ComputeNorm: Computing norm of solution
ComputeChange: NS (ITER=10) (NRM,RELC): (  57.447238      1.9976151     ) :: mgdynamicscalc
DefaultSolve: Solving linear system with default routines
SolveSystem: Solving linear system
SolveLinearSystem: Assuming real valued linear system
SolveLinearSystem: Assuming serial linear system
ScaleLinearSystem: Creating > DiagScaling < vector of size 2917
SolveLinearSystem: Linear System Preconditioning: ilu0
Prec0-ilu0: Elapsed REAL time:     0.0000 (s)
SolveLinearSystem: Serial linear System Solver: iterative
IterSolver: Using iterative method: cg
Prec-ilu0: Elapsed REAL time:     0.0000 (s)
ComputeNorm: Computing norm of solution
ComputeChange: NS (ITER=11) (NRM,RELC): (  65.599226     0.13250259     ) :: mgdynamicscalc
DefaultSolve: Solving linear system with default routines
SolveSystem: Solving linear system
SolveLinearSystem: Assuming real valued linear system
SolveLinearSystem: Assuming serial linear system
ScaleLinearSystem: Creating > DiagScaling < vector of size 2917
SolveLinearSystem: Linear System Preconditioning: ilu0
Prec0-ilu0: Elapsed REAL time:     0.0000 (s)
SolveLinearSystem: Serial linear System Solver: iterative
IterSolver: Using iterative method: cg
Prec-ilu0: Elapsed REAL time:     0.0000 (s)
ComputeNorm: Computing norm of solution
ComputeChange: NS (ITER=12) (NRM,RELC): (  1.0135376      1.9391385     ) :: mgdynamicscalc
MagnetoDynamicsCalcFields: Eddy current power:    1.075171E-06
MagnetoDynamicsCalcFields: ElectroMagnetic Field Energy:    5.842864E+05
SingleSolver: Attempting to call solver: 4
SingleSolver: Solver Equation string is: resultoutput
ResultOutputSolver: -------------------------------------
ResultOutputSolver: Dimension of mesh is: 3
ResultOutputSolver: Working on mesh 1: mesh with 2917 nodes
ResultOutputSolver: Saving in unstructured VTK XML (.vtu) format
VtuOutputSolver: Full filename base is: results/case
GenerateSaveMask: Number of active elements 18743 out of 18743
GenerateSaveMask: Number of geometry nodes 2917 out of 2917
VtuOutputSolver: Writing the vtu file: results/case_t0006.vtu
AscBinWriteInit: Initializing buffered ascii/binary writing
AscBinWriteInit: Writing in binary
AscBinWriteInit: Writing in double precision
AscBinWriteInit: Writing to unit number: 58
AscBinWriteInit: Size of buffer is: 2917
WriteVtuFile: Writing nodal fields
WriteVtuFile: Saving 1-component variable: meshrelax
WriteVtuFile: Saving 1-component variable: magnetic vector potential
WriteVtuFile: Saving 1-component variable: alpha
WriteVtuFile: Saving 1-component variable: beta
WriteVtuFile: Saving 1-component variable: w
WriteVtuFile: Saving 1-component variable: alpha direction
WriteVtuFile: Saving 1-component variable: beta direction
WriteVtuFile: Saving 1-component variable: w potential
WriteVtuFile: Saving 3-component variable: magnetic flux density
WriteVtuFile: Saving 3-component variable: magnetic field strength
WriteVtuFile: Saving 3-component variable: current density
WriteVtuFile: Saving 3-component variable: magnetic flux density e
WriteVtuFile: Saving 3-component variable: magnetic field strength e
WriteVtuFile: Saving 3-component variable: current density e
WriteVtuFile: Saving 3-component variable: w vector e
WriteVtuFile: Number of nodal fields written: 8
WriteVtuFile: Writing elemental fields
WriteVtuFile: Number of elemental fields written: 7
WriteVtuFile: Writing coordinates for each used node
WriteVtuFile: Writing the elemental connectivity data
WriteVtuFile: Writing nodal fields
WriteVtuFile: Saving 1-component variable: meshrelax
WriteVtuFile: Saving 1-component variable: magnetic vector potential
WriteVtuFile: Saving 1-component variable: alpha
WriteVtuFile: Saving 1-component variable: beta
WriteVtuFile: Saving 1-component variable: w
WriteVtuFile: Saving 1-component variable: alpha direction
WriteVtuFile: Saving 1-component variable: beta direction
WriteVtuFile: Saving 1-component variable: w potential
WriteVtuFile: Saving 3-component variable: magnetic flux density
WriteVtuFile: Saving 3-component variable: magnetic field strength
WriteVtuFile: Saving 3-component variable: current density
WriteVtuFile: Saving 3-component variable: magnetic flux density e
WriteVtuFile: Saving 3-component variable: magnetic field strength e
WriteVtuFile: Saving 3-component variable: current density e
WriteVtuFile: Saving 3-component variable: w vector e
WriteVtuFile: Writing elemental fields
AscBinWriteFree: Terminating buffered ascii/binary writing
VtuOutputSolver: All done for now
ResultOutputSolver: -------------------------------------
SingleSolver: Attempting to call solver: 11
SingleSolver: Solver Equation string is: savescalars
SaveScalars: -----------------------------------------
SaveScalars: Saving scalar values of various kinds
SaveScalars: Performed 2 reduction operations
SaveScalars: Found 13 result scalars in simulation section
SaveScalars: Saving results from component - if any
SaveScalars: Found 17 values to save in total
SaveScalars: Saving values to file: results/circuit.csv
SaveScalars: -----------------------------------------
MAIN: 
MAIN: -------------------------------------
MAIN: Time: 7/30:   1.400E-02
MAIN: Elapsed time: 52.9 seconds
MAIN: Estimated time left:  3.3 minutes
MAIN: -------------------------------------
MAIN: 
SingleSolver: Attempting to call solver: 9
SingleSolver: Solver Equation string is: circuits
AddComponentEquationsAndCouplings: Writing resistor equation, component 2
SingleSolver: Attempting to call solver: 10
SingleSolver: Solver Equation string is: circuits output
DefaultStart: Starting solver: circuits output
CircuitsOutput: Initializing Lagrange multipliers of size: 6
CircuitsOutput: Writing Circuit Results
CircuitsOutput: Writing Circuit Variables for Circuit 1
CircuitsOutput: There are 6 Circuit Variables
CircuitsOutput: i_testsource            1.8923E-03
CircuitsOutput: v_testsource            0.0000E+00
CircuitsOutput: i_component(1)          1.8923E-03
CircuitsOutput: v_component(1)         -1.8923E-02
CircuitsOutput: i_component(2)          1.8923E-03
CircuitsOutput: v_component(2)          1.8923E-02
CircuitsOutput: Writing Component Variables for Circuit 1
CircuitsOutput: r_component(1)          3.0169E-01
CircuitsOutput: p_dc_component(1)       1.0803E-06
CircuitsOutput: r_component(2)          1.0000E+01
CircuitsOutput: p_dc_component(2)       3.5807E-05
Circuit_ToMeshVariable: Adding circuit variables to be mesh variables
DefaultFinish: Finished solver: circuits output
SingleSolver: Attempting to call solver: 1
SingleSolver: Solver Equation string is: meshdeform
RigidMeshMapper: ---------------------------------------
RigidMeshMapper: Performing analytic mesh mapping
RigidMeshMapper: ---------------------------------------
DefaultFinish: Finished solver: meshdeform
SingleSolver: Attempting to call solver: 2
SingleSolver: Solver Equation string is: mgdynamics
WhitneyAVSolver: 
WhitneyAVSolver: -------------------------------------------------
WhitneyAVSolver: Solving transient AV equations with edge elements
DefaultStart: Starting solver: mgdynamics
MGDynAssembly: Elapsed REAL time:     0.3386 (s)
DefUtils::DefaultDirichletBCs: Setting Dirichlet boundary conditions
EnforceDirichletConditions: No Dirichlet conditions to enforce, exiting!
WhitneyAVSolver: Volume tree edges: 2916 of total: 19979
DefaultSolve: Solving linear system with default routines
SolveSystem: Solving linear system
SolveSystem: Solving linear system with linear restrictions!
SolveWithLinearRestriction: Freeing previous collection matrix structures
SolveWithLinearRestriction: Refactoring requested, creating fully new matrix
SolveWithLinearRestriction: Reverting CollectionMatrix back to CRS matrix
List_ToCRSMatrix: Changing matrix type with number of non-zeros: 650873
SolveWithLinearRestriction: Collection matrix creation time (CPU,REAL):     0.04    0.04 (s)
SolveWithLinearRestriction: Collection matrix increased with 6 rows and 2693 non-zeros
SolveWithLinearRestriction: Now solving the linear system with constraints!
SolveLinearSystem: Assuming real valued linear system
SolveLinearSystem: Assuming serial linear system
ScaleLinearSystem: Creating > DiagScaling < vector of size 22902
SolveLinearSystem: Serial linear System Solver: direct
DirectSolver: Using direct method: umfpack
ComputeChange: WARNING: Possible mismatch in length of vectors (22902 vs. 22896)!
ComputeNorm: Computing norm of solution
ComputeChange: Nonlinear iteration did not converge to tolerance
ComputeChange: NS (ITER=1) (NRM,RELC): ( 0.34599948E-03 0.38279222E-01 ) :: mgdynamics
SolveWithLinearRestriction: Picking solution from collection solution
SolveWithLinearRestriction: Separating Lagrange multiplier from collection solution
SolveWithLinearRestriction: All done
WhitneyAVSolver: Calculating lumped parameters
DefaultFinish: Finished solver: mgdynamics
WhitneyAVSolver: All done
WhitneyAVSolver: -------------------------------------------
SingleSolver: Attempting to call solver: 3
SingleSolver: Solver Equation string is: mgdynamicscalc
MagnetoDynamicsCalcFields: ------------------------------
MagnetoDynamicsCalcFields: Computing postprocessed fields
MagnetoDynamicsCalcFields: Using potential variable: magnetic vector potential
MagnetoDynamicsCalcFields: Number of components to compute: 12
MagnetoDynamicsCalcFields: Solving for field: magnetic flux density[magnetic flux density:3]
DefaultSolve: Solving linear system with default routines
SolveSystem: Solving linear system
SolveLinearSystem: Assuming real valued linear system
SolveLinearSystem: Assuming serial linear system
ScaleLinearSystem: Creating > DiagScaling < vector of size 2917
SolveLinearSystem: Linear System Preconditioning: ilu0
Prec0-ilu0: Elapsed REAL time:     0.0000 (s)
SolveLinearSystem: Serial linear System Solver: iterative
IterSolver: Using iterative method: cg
Prec-ilu0: Elapsed REAL time:     0.0000 (s)
ComputeNorm: Computing norm of solution
ComputeChange: NS (ITER=1) (NRM,RELC): (  9.9217150      1.6292586     ) :: mgdynamicscalc
DefaultSolve: Solving linear system with default routines
SolveSystem: Solving linear system
SolveLinearSystem: Assuming real valued linear system
SolveLinearSystem: Assuming serial linear system
ScaleLinearSystem: Creating > DiagScaling < vector of size 2917
SolveLinearSystem: Linear System Preconditioning: ilu0
Prec0-ilu0: Elapsed REAL time:     0.0000 (s)
SolveLinearSystem: Serial linear System Solver: iterative
IterSolver: Using iterative method: cg
Prec-ilu0: Elapsed REAL time:     0.0000 (s)
ComputeNorm: Computing norm of solution
ComputeChange: NS (ITER=2) (NRM,RELC): (  10.868089     0.91042079E-01 ) :: mgdynamicscalc
DefaultSolve: Solving linear system with default routines
SolveSystem: Solving linear system
SolveLinearSystem: Assuming real valued linear system
SolveLinearSystem: Assuming serial linear system
ScaleLinearSystem: Creating > DiagScaling < vector of size 2917
SolveLinearSystem: Linear System Preconditioning: ilu0
Prec0-ilu0: Elapsed REAL time:     0.0000 (s)
SolveLinearSystem: Serial linear System Solver: iterative
IterSolver: Using iterative method: cg
Prec-ilu0: Elapsed REAL time:     0.0000 (s)
ComputeNorm: Computing norm of solution
ComputeChange: NS (ITER=3) (NRM,RELC): (  15.886935     0.37517043     ) :: mgdynamicscalc
MagnetoDynamicsCalcFields: Solving for field: magnetic field strength[magnetic field strength:3]
DefaultSolve: Solving linear system with default routines
SolveSystem: Solving linear system
SolveLinearSystem: Assuming real valued linear system
SolveLinearSystem: Assuming serial linear system
ScaleLinearSystem: Creating > DiagScaling < vector of size 2917
SolveLinearSystem: Linear System Preconditioning: ilu0
Prec0-ilu0: Elapsed REAL time:     0.0000 (s)
SolveLinearSystem: Serial linear System Solver: iterative
IterSolver: Using iterative method: cg
Prec-ilu0: Elapsed REAL time:     0.0000 (s)
ComputeNorm: Computing norm of solution
ComputeChange: NS (ITER=4) (NRM,RELC): (  7895451.4      1.9999920     ) :: mgdynamicscalc
DefaultSolve: Solving linear system with default routines
SolveSystem: Solving linear system
SolveLinearSystem: Assuming real valued linear system
SolveLinearSystem: Assuming serial linear system
ScaleLinearSystem: Creating > DiagScaling < vector of size 2917
SolveLinearSystem: Linear System Preconditioning: ilu0
Prec0-ilu0: Elapsed REAL time:     0.0000 (s)
SolveLinearSystem: Serial linear System Solver: iterative
IterSolver: Using iterative method: cg
Prec-ilu0: Elapsed REAL time:     0.0000 (s)
ComputeNorm: Computing norm of solution
ComputeChange: NS (ITER=5) (NRM,RELC): (  8648529.4     0.91039522E-01 ) :: mgdynamicscalc
DefaultSolve: Solving linear system with default routines
SolveSystem: Solving linear system
SolveLinearSystem: Assuming real valued linear system
SolveLinearSystem: Assuming serial linear system
ScaleLinearSystem: Creating > DiagScaling < vector of size 2917
SolveLinearSystem: Linear System Preconditioning: ilu0
Prec0-ilu0: Elapsed REAL time:     0.0000 (s)
SolveLinearSystem: Serial linear System Solver: iterative
IterSolver: Using iterative method: cg
Prec-ilu0: Elapsed REAL time:     0.0000 (s)
ComputeNorm: Computing norm of solution
ComputeChange: NS (ITER=6) (NRM,RELC): (  12632193.     0.37439180     ) :: mgdynamicscalc
MagnetoDynamicsCalcFields: Solving for field: magnetic vector potential
DefaultSolve: Solving linear system with default routines
SolveSystem: Solving linear system
SolveLinearSystem: Assuming real valued linear system
SolveLinearSystem: Assuming serial linear system
ScaleLinearSystem: Creating > DiagScaling < vector of size 2917
SolveLinearSystem: Linear System Preconditioning: ilu0
Prec0-ilu0: Elapsed REAL time:     0.0000 (s)
SolveLinearSystem: Serial linear System Solver: iterative
IterSolver: Using iterative method: cg
Prec-ilu0: Elapsed REAL time:     0.0000 (s)
ComputeNorm: Computing norm of solution
ComputeChange: NS (ITER=7) (NRM,RELC): ( 0.46940892E-01  2.0000000     ) :: mgdynamicscalc
DefaultSolve: Solving linear system with default routines
SolveSystem: Solving linear system
SolveLinearSystem: Assuming real valued linear system
SolveLinearSystem: Assuming serial linear system
ScaleLinearSystem: Creating > DiagScaling < vector of size 2917
SolveLinearSystem: Linear System Preconditioning: ilu0
Prec0-ilu0: Elapsed REAL time:     0.0000 (s)
SolveLinearSystem: Serial linear System Solver: iterative
IterSolver: Using iterative method: cg
Prec-ilu0: Elapsed REAL time:     0.0000 (s)
ComputeNorm: Computing norm of solution
ComputeChange: NS (ITER=8) (NRM,RELC): ( 0.47939627E-01 0.21052473E-01 ) :: mgdynamicscalc
DefaultSolve: Solving linear system with default routines
SolveSystem: Solving linear system
SolveLinearSystem: Assuming real valued linear system
SolveLinearSystem: Assuming serial linear system
ScaleLinearSystem: Creating > DiagScaling < vector of size 2917
SolveLinearSystem: Linear System Preconditioning: ilu0
Prec0-ilu0: Elapsed REAL time:     0.0000 (s)
SolveLinearSystem: Serial linear System Solver: iterative
IterSolver: Using iterative method: cg
Prec-ilu0: Elapsed REAL time:     0.0000 (s)
ComputeNorm: Computing norm of solution
ComputeChange: NS (ITER=9) (NRM,RELC): ( 0.35063758E-01 0.31024926     ) :: mgdynamicscalc
MagnetoDynamicsCalcFields: Solving for field: current density[current density:3]
DefaultSolve: Solving linear system with default routines
SolveSystem: Solving linear system
SolveLinearSystem: Assuming real valued linear system
SolveLinearSystem: Assuming serial linear system
ScaleLinearSystem: Creating > DiagScaling < vector of size 2917
SolveLinearSystem: Linear System Preconditioning: ilu0
Prec0-ilu0: Elapsed REAL time:     0.0000 (s)
SolveLinearSystem: Serial linear System Solver: iterative
IterSolver: Using iterative method: cg
Prec-ilu0: Elapsed REAL time:     0.0000 (s)
ComputeNorm: Computing norm of solution
ComputeChange: NS (ITER=10) (NRM,RELC): (  60.723243      1.9976916     ) :: mgdynamicscalc
DefaultSolve: Solving linear system with default routines
SolveSystem: Solving linear system
SolveLinearSystem: Assuming real valued linear system
SolveLinearSystem: Assuming serial linear system
ScaleLinearSystem: Creating > DiagScaling < vector of size 2917
SolveLinearSystem: Linear System Preconditioning: ilu0
Prec0-ilu0: Elapsed REAL time:     0.0000 (s)
SolveLinearSystem: Serial linear System Solver: iterative
IterSolver: Using iterative method: cg
Prec-ilu0: Elapsed REAL time:     0.0000 (s)
ComputeNorm: Computing norm of solution
ComputeChange: NS (ITER=11) (NRM,RELC): (  69.286218     0.13172849     ) :: mgdynamicscalc
DefaultSolve: Solving linear system with default routines
SolveSystem: Solving linear system
SolveLinearSystem: Assuming real valued linear system
SolveLinearSystem: Assuming serial linear system
ScaleLinearSystem: Creating > DiagScaling < vector of size 2917
SolveLinearSystem: Linear System Preconditioning: ilu0
Prec0-ilu0: Elapsed REAL time:     0.0000 (s)
SolveLinearSystem: Serial linear System Solver: iterative
IterSolver: Using iterative method: cg
Prec-ilu0: Elapsed REAL time:     0.0000 (s)
ComputeNorm: Computing norm of solution
ComputeChange: NS (ITER=12) (NRM,RELC): (  1.0705670      1.9391350     ) :: mgdynamicscalc
MagnetoDynamicsCalcFields: Eddy current power:    1.196630E-06
MagnetoDynamicsCalcFields: ElectroMagnetic Field Energy:    6.504817E+05
SingleSolver: Attempting to call solver: 4
SingleSolver: Solver Equation string is: resultoutput
ResultOutputSolver: -------------------------------------
ResultOutputSolver: Dimension of mesh is: 3
ResultOutputSolver: Working on mesh 1: mesh with 2917 nodes
ResultOutputSolver: Saving in unstructured VTK XML (.vtu) format
VtuOutputSolver: Full filename base is: results/case
GenerateSaveMask: Number of active elements 18743 out of 18743
GenerateSaveMask: Number of geometry nodes 2917 out of 2917
VtuOutputSolver: Writing the vtu file: results/case_t0007.vtu
AscBinWriteInit: Initializing buffered ascii/binary writing
AscBinWriteInit: Writing in binary
AscBinWriteInit: Writing in double precision
AscBinWriteInit: Writing to unit number: 58
AscBinWriteInit: Size of buffer is: 2917
WriteVtuFile: Writing nodal fields
WriteVtuFile: Saving 1-component variable: meshrelax
WriteVtuFile: Saving 1-component variable: magnetic vector potential
WriteVtuFile: Saving 1-component variable: alpha
WriteVtuFile: Saving 1-component variable: beta
WriteVtuFile: Saving 1-component variable: w
WriteVtuFile: Saving 1-component variable: alpha direction
WriteVtuFile: Saving 1-component variable: beta direction
WriteVtuFile: Saving 1-component variable: w potential
WriteVtuFile: Saving 3-component variable: magnetic flux density
WriteVtuFile: Saving 3-component variable: magnetic field strength
WriteVtuFile: Saving 3-component variable: current density
WriteVtuFile: Saving 3-component variable: magnetic flux density e
WriteVtuFile: Saving 3-component variable: magnetic field strength e
WriteVtuFile: Saving 3-component variable: current density e
WriteVtuFile: Saving 3-component variable: w vector e
WriteVtuFile: Number of nodal fields written: 8
WriteVtuFile: Writing elemental fields
WriteVtuFile: Number of elemental fields written: 7
WriteVtuFile: Writing coordinates for each used node
WriteVtuFile: Writing the elemental connectivity data
WriteVtuFile: Writing nodal fields
WriteVtuFile: Saving 1-component variable: meshrelax
WriteVtuFile: Saving 1-component variable: magnetic vector potential
WriteVtuFile: Saving 1-component variable: alpha
WriteVtuFile: Saving 1-component variable: beta
WriteVtuFile: Saving 1-component variable: w
WriteVtuFile: Saving 1-component variable: alpha direction
WriteVtuFile: Saving 1-component variable: beta direction
WriteVtuFile: Saving 1-component variable: w potential
WriteVtuFile: Saving 3-component variable: magnetic flux density
WriteVtuFile: Saving 3-component variable: magnetic field strength
WriteVtuFile: Saving 3-component variable: current density
WriteVtuFile: Saving 3-component variable: magnetic flux density e
WriteVtuFile: Saving 3-component variable: magnetic field strength e
WriteVtuFile: Saving 3-component variable: current density e
WriteVtuFile: Saving 3-component variable: w vector e
WriteVtuFile: Writing elemental fields
AscBinWriteFree: Terminating buffered ascii/binary writing
VtuOutputSolver: All done for now
ResultOutputSolver: -------------------------------------
SingleSolver: Attempting to call solver: 11
SingleSolver: Solver Equation string is: savescalars
SaveScalars: -----------------------------------------
SaveScalars: Saving scalar values of various kinds
SaveScalars: Performed 2 reduction operations
SaveScalars: Found 13 result scalars in simulation section
SaveScalars: Saving results from component - if any
SaveScalars: Found 17 values to save in total
SaveScalars: Saving values to file: results/circuit.csv
SaveScalars: -----------------------------------------
MAIN: 
MAIN: -------------------------------------
MAIN: Time: 8/30:   1.600E-02
MAIN: Elapsed time:  1.0 minutes
MAIN: Estimated time left:  3.1 minutes
MAIN: -------------------------------------
MAIN: 
SingleSolver: Attempting to call solver: 9
SingleSolver: Solver Equation string is: circuits
AddComponentEquationsAndCouplings: Writing resistor equation, component 2
SingleSolver: Attempting to call solver: 10
SingleSolver: Solver Equation string is: circuits output
DefaultStart: Starting solver: circuits output
CircuitsOutput: Initializing Lagrange multipliers of size: 6
CircuitsOutput: Writing Circuit Results
CircuitsOutput: Writing Circuit Variables for Circuit 1
CircuitsOutput: There are 6 Circuit Variables
CircuitsOutput: i_testsource            1.9964E-03
CircuitsOutput: v_testsource            0.0000E+00
CircuitsOutput: i_component(1)          1.9964E-03
CircuitsOutput: v_component(1)         -1.9964E-02
CircuitsOutput: i_component(2)          1.9964E-03
CircuitsOutput: v_component(2)          1.9964E-02
CircuitsOutput: Writing Component Variables for Circuit 1
CircuitsOutput: r_component(1)          3.0169E-01
CircuitsOutput: p_dc_component(1)       1.2025E-06
CircuitsOutput: r_component(2)          1.0000E+01
CircuitsOutput: p_dc_component(2)       3.9857E-05
Circuit_ToMeshVariable: Adding circuit variables to be mesh variables
DefaultFinish: Finished solver: circuits output
SingleSolver: Attempting to call solver: 1
SingleSolver: Solver Equation string is: meshdeform
RigidMeshMapper: ---------------------------------------
RigidMeshMapper: Performing analytic mesh mapping
RigidMeshMapper: ---------------------------------------
DefaultFinish: Finished solver: meshdeform
SingleSolver: Attempting to call solver: 2
SingleSolver: Solver Equation string is: mgdynamics
WhitneyAVSolver: 
WhitneyAVSolver: -------------------------------------------------
WhitneyAVSolver: Solving transient AV equations with edge elements
DefaultStart: Starting solver: mgdynamics
MGDynAssembly: Elapsed REAL time:     0.2978 (s)
DefUtils::DefaultDirichletBCs: Setting Dirichlet boundary conditions
EnforceDirichletConditions: No Dirichlet conditions to enforce, exiting!
WhitneyAVSolver: Volume tree edges: 2916 of total: 19979
DefaultSolve: Solving linear system with default routines
SolveSystem: Solving linear system
SolveSystem: Solving linear system with linear restrictions!
SolveWithLinearRestriction: Freeing previous collection matrix structures
SolveWithLinearRestriction: Refactoring requested, creating fully new matrix
SolveWithLinearRestriction: Reverting CollectionMatrix back to CRS matrix
List_ToCRSMatrix: Changing matrix type with number of non-zeros: 650873
SolveWithLinearRestriction: Collection matrix creation time (CPU,REAL):     0.03    0.04 (s)
SolveWithLinearRestriction: Collection matrix increased with 6 rows and 2693 non-zeros
SolveWithLinearRestriction: Now solving the linear system with constraints!
SolveLinearSystem: Assuming real valued linear system
SolveLinearSystem: Assuming serial linear system
ScaleLinearSystem: Creating > DiagScaling < vector of size 22902
SolveLinearSystem: Serial linear System Solver: direct
DirectSolver: Using direct method: umfpack
ComputeChange: WARNING: Possible mismatch in length of vectors (22902 vs. 22896)!
ComputeNorm: Computing norm of solution
ComputeChange: Nonlinear iteration did not converge to tolerance
ComputeChange: NS (ITER=1) (NRM,RELC): ( 0.35342593E-03 0.21235866E-01 ) :: mgdynamics
SolveWithLinearRestriction: Picking solution from collection solution
SolveWithLinearRestriction: Separating Lagrange multiplier from collection solution
SolveWithLinearRestriction: All done
WhitneyAVSolver: Calculating lumped parameters
DefaultFinish: Finished solver: mgdynamics
WhitneyAVSolver: All done
WhitneyAVSolver: -------------------------------------------
SingleSolver: Attempting to call solver: 3
SingleSolver: Solver Equation string is: mgdynamicscalc
MagnetoDynamicsCalcFields: ------------------------------
MagnetoDynamicsCalcFields: Computing postprocessed fields
MagnetoDynamicsCalcFields: Using potential variable: magnetic vector potential
MagnetoDynamicsCalcFields: Number of components to compute: 12
MagnetoDynamicsCalcFields: Solving for field: magnetic flux density[magnetic flux density:3]
DefaultSolve: Solving linear system with default routines
SolveSystem: Solving linear system
SolveLinearSystem: Assuming real valued linear system
SolveLinearSystem: Assuming serial linear system
ScaleLinearSystem: Creating > DiagScaling < vector of size 2917
SolveLinearSystem: Linear System Preconditioning: ilu0
Prec0-ilu0: Elapsed REAL time:     0.0000 (s)
SolveLinearSystem: Serial linear System Solver: iterative
IterSolver: Using iterative method: cg
Prec-ilu0: Elapsed REAL time:     0.0000 (s)
ComputeNorm: Computing norm of solution
ComputeChange: NS (ITER=1) (NRM,RELC): (  10.255803      1.6219205     ) :: mgdynamicscalc
DefaultSolve: Solving linear system with default routines
SolveSystem: Solving linear system
SolveLinearSystem: Assuming real valued linear system
SolveLinearSystem: Assuming serial linear system
ScaleLinearSystem: Creating > DiagScaling < vector of size 2917
SolveLinearSystem: Linear System Preconditioning: ilu0
Prec0-ilu0: Elapsed REAL time:     0.0000 (s)
SolveLinearSystem: Serial linear System Solver: iterative
IterSolver: Using iterative method: cg
Prec-ilu0: Elapsed REAL time:     0.0000 (s)
ComputeNorm: Computing norm of solution
ComputeChange: NS (ITER=2) (NRM,RELC): (  11.236896     0.91295471E-01 ) :: mgdynamicscalc
DefaultSolve: Solving linear system with default routines
SolveSystem: Solving linear system
SolveLinearSystem: Assuming real valued linear system
SolveLinearSystem: Assuming serial linear system
ScaleLinearSystem: Creating > DiagScaling < vector of size 2917
SolveLinearSystem: Linear System Preconditioning: ilu0
Prec0-ilu0: Elapsed REAL time:     0.0000 (s)
SolveLinearSystem: Serial linear System Solver: iterative
IterSolver: Using iterative method: cg
Prec-ilu0: Elapsed REAL time:     0.0000 (s)
ComputeNorm: Computing norm of solution
ComputeChange: NS (ITER=3) (NRM,RELC): (  16.431406     0.37548456     ) :: mgdynamicscalc
MagnetoDynamicsCalcFields: Solving for field: magnetic field strength[magnetic field strength:3]
DefaultSolve: Solving linear system with default routines
SolveSystem: Solving linear system
SolveLinearSystem: Assuming real valued linear system
SolveLinearSystem: Assuming serial linear system
ScaleLinearSystem: Creating > DiagScaling < vector of size 2917
SolveLinearSystem: Linear System Preconditioning: ilu0
Prec0-ilu0: Elapsed REAL time:     0.0000 (s)
SolveLinearSystem: Serial linear System Solver: iterative
IterSolver: Using iterative method: cg
Prec-ilu0: Elapsed REAL time:     0.0000 (s)
ComputeNorm: Computing norm of solution
ComputeChange: NS (ITER=4) (NRM,RELC): (  8161311.4      1.9999919     ) :: mgdynamicscalc
DefaultSolve: Solving linear system with default routines
SolveSystem: Solving linear system
SolveLinearSystem: Assuming real valued linear system
SolveLinearSystem: Assuming serial linear system
ScaleLinearSystem: Creating > DiagScaling < vector of size 2917
SolveLinearSystem: Linear System Preconditioning: ilu0
Prec0-ilu0: Elapsed REAL time:     0.0000 (s)
SolveLinearSystem: Serial linear System Solver: iterative
IterSolver: Using iterative method: cg
Prec-ilu0: Elapsed REAL time:     0.0000 (s)
ComputeNorm: Computing norm of solution
ComputeChange: NS (ITER=5) (NRM,RELC): (  8942017.2     0.91292848E-01 ) :: mgdynamicscalc
DefaultSolve: Solving linear system with default routines
SolveSystem: Solving linear system
SolveLinearSystem: Assuming real valued linear system
SolveLinearSystem: Assuming serial linear system
ScaleLinearSystem: Creating > DiagScaling < vector of size 2917
SolveLinearSystem: Linear System Preconditioning: ilu0
Prec0-ilu0: Elapsed REAL time:     0.0000 (s)
SolveLinearSystem: Serial linear System Solver: iterative
IterSolver: Using iterative method: cg
Prec-ilu0: Elapsed REAL time:     0.0000 (s)
ComputeNorm: Computing norm of solution
ComputeChange: NS (ITER=6) (NRM,RELC): (  13065598.     0.37474123     ) :: mgdynamicscalc
MagnetoDynamicsCalcFields: Solving for field: magnetic vector potential
DefaultSolve: Solving linear system with default routines
SolveSystem: Solving linear system
SolveLinearSystem: Assuming real valued linear system
SolveLinearSystem: Assuming serial linear system
ScaleLinearSystem: Creating > DiagScaling < vector of size 2917
SolveLinearSystem: Linear System Preconditioning: ilu0
Prec0-ilu0: Elapsed REAL time:     0.0000 (s)
SolveLinearSystem: Serial linear System Solver: iterative
IterSolver: Using iterative method: cg
Prec-ilu0: Elapsed REAL time:     0.0000 (s)
ComputeNorm: Computing norm of solution
ComputeChange: NS (ITER=7) (NRM,RELC): ( 0.47800433E-01  2.0000000     ) :: mgdynamicscalc
DefaultSolve: Solving linear system with default routines
SolveSystem: Solving linear system
SolveLinearSystem: Assuming real valued linear system
SolveLinearSystem: Assuming serial linear system
ScaleLinearSystem: Creating > DiagScaling < vector of size 2917
SolveLinearSystem: Linear System Preconditioning: ilu0
Prec0-ilu0: Elapsed REAL time:     0.0000 (s)
SolveLinearSystem: Serial linear System Solver: iterative
IterSolver: Using iterative method: cg
Prec-ilu0: Elapsed REAL time:     0.0000 (s)
ComputeNorm: Computing norm of solution
ComputeChange: NS (ITER=8) (NRM,RELC): ( 0.48751662E-01 0.19703943E-01 ) :: mgdynamicscalc
DefaultSolve: Solving linear system with default routines
SolveSystem: Solving linear system
SolveLinearSystem: Assuming real valued linear system
SolveLinearSystem: Assuming serial linear system
ScaleLinearSystem: Creating > DiagScaling < vector of size 2917
SolveLinearSystem: Linear System Preconditioning: ilu0
Prec0-ilu0: Elapsed REAL time:     0.0000 (s)
SolveLinearSystem: Serial linear System Solver: iterative
IterSolver: Using iterative method: cg
Prec-ilu0: Elapsed REAL time:     0.0000 (s)
ComputeNorm: Computing norm of solution
ComputeChange: NS (ITER=9) (NRM,RELC): ( 0.35539084E-01 0.31350007     ) :: mgdynamicscalc
MagnetoDynamicsCalcFields: Solving for field: current density[current density:3]
DefaultSolve: Solving linear system with default routines
SolveSystem: Solving linear system
SolveLinearSystem: Assuming real valued linear system
SolveLinearSystem: Assuming serial linear system
ScaleLinearSystem: Creating > DiagScaling < vector of size 2917
SolveLinearSystem: Linear System Preconditioning: ilu0
Prec0-ilu0: Elapsed REAL time:     0.0000 (s)
SolveLinearSystem: Serial linear System Solver: iterative
IterSolver: Using iterative method: cg
Prec-ilu0: Elapsed REAL time:     0.0000 (s)
ComputeNorm: Computing norm of solution
ComputeChange: NS (ITER=10) (NRM,RELC): (  62.717360      1.9977347     ) :: mgdynamicscalc
DefaultSolve: Solving linear system with default routines
SolveSystem: Solving linear system
SolveLinearSystem: Assuming real valued linear system
SolveLinearSystem: Assuming serial linear system
ScaleLinearSystem: Creating > DiagScaling < vector of size 2917
SolveLinearSystem: Linear System Preconditioning: ilu0
Prec0-ilu0: Elapsed REAL time:     0.0000 (s)
SolveLinearSystem: Serial linear System Solver: iterative
IterSolver: Using iterative method: cg
Prec-ilu0: Elapsed REAL time:     0.0000 (s)
ComputeNorm: Computing norm of solution
ComputeChange: NS (ITER=11) (NRM,RELC): (  71.493790     0.13078540     ) :: mgdynamicscalc
DefaultSolve: Solving linear system with default routines
SolveSystem: Solving linear system
SolveLinearSystem: Assuming real valued linear system
SolveLinearSystem: Assuming serial linear system
ScaleLinearSystem: Creating > DiagScaling < vector of size 2917
SolveLinearSystem: Linear System Preconditioning: ilu0
Prec0-ilu0: Elapsed REAL time:     0.0000 (s)
SolveLinearSystem: Serial linear System Solver: iterative
IterSolver: Using iterative method: cg
Prec-ilu0: Elapsed REAL time:     0.0000 (s)
ComputeNorm: Computing norm of solution
ComputeChange: NS (ITER=12) (NRM,RELC): (  1.1047222      1.9391325     ) :: mgdynamicscalc
MagnetoDynamicsCalcFields: Eddy current power:    1.270648E-06
MagnetoDynamicsCalcFields: ElectroMagnetic Field Energy:    6.909584E+05
SingleSolver: Attempting to call solver: 4
SingleSolver: Solver Equation string is: resultoutput
ResultOutputSolver: -------------------------------------
ResultOutputSolver: Dimension of mesh is: 3
ResultOutputSolver: Working on mesh 1: mesh with 2917 nodes
ResultOutputSolver: Saving in unstructured VTK XML (.vtu) format
VtuOutputSolver: Full filename base is: results/case
GenerateSaveMask: Number of active elements 18743 out of 18743
GenerateSaveMask: Number of geometry nodes 2917 out of 2917
VtuOutputSolver: Writing the vtu file: results/case_t0008.vtu
AscBinWriteInit: Initializing buffered ascii/binary writing
AscBinWriteInit: Writing in binary
AscBinWriteInit: Writing in double precision
AscBinWriteInit: Writing to unit number: 58
AscBinWriteInit: Size of buffer is: 2917
WriteVtuFile: Writing nodal fields
WriteVtuFile: Saving 1-component variable: meshrelax
WriteVtuFile: Saving 1-component variable: magnetic vector potential
WriteVtuFile: Saving 1-component variable: alpha
WriteVtuFile: Saving 1-component variable: beta
WriteVtuFile: Saving 1-component variable: w
WriteVtuFile: Saving 1-component variable: alpha direction
WriteVtuFile: Saving 1-component variable: beta direction
WriteVtuFile: Saving 1-component variable: w potential
WriteVtuFile: Saving 3-component variable: magnetic flux density
WriteVtuFile: Saving 3-component variable: magnetic field strength
WriteVtuFile: Saving 3-component variable: current density
WriteVtuFile: Saving 3-component variable: magnetic flux density e
WriteVtuFile: Saving 3-component variable: magnetic field strength e
WriteVtuFile: Saving 3-component variable: current density e
WriteVtuFile: Saving 3-component variable: w vector e
WriteVtuFile: Number of nodal fields written: 8
WriteVtuFile: Writing elemental fields
WriteVtuFile: Number of elemental fields written: 7
WriteVtuFile: Writing coordinates for each used node
WriteVtuFile: Writing the elemental connectivity data
WriteVtuFile: Writing nodal fields
WriteVtuFile: Saving 1-component variable: meshrelax
WriteVtuFile: Saving 1-component variable: magnetic vector potential
WriteVtuFile: Saving 1-component variable: alpha
WriteVtuFile: Saving 1-component variable: beta
WriteVtuFile: Saving 1-component variable: w
WriteVtuFile: Saving 1-component variable: alpha direction
WriteVtuFile: Saving 1-component variable: beta direction
WriteVtuFile: Saving 1-component variable: w potential
WriteVtuFile: Saving 3-component variable: magnetic flux density
WriteVtuFile: Saving 3-component variable: magnetic field strength
WriteVtuFile: Saving 3-component variable: current density
WriteVtuFile: Saving 3-component variable: magnetic flux density e
WriteVtuFile: Saving 3-component variable: magnetic field strength e
WriteVtuFile: Saving 3-component variable: current density e
WriteVtuFile: Saving 3-component variable: w vector e
WriteVtuFile: Writing elemental fields
AscBinWriteFree: Terminating buffered ascii/binary writing
VtuOutputSolver: All done for now
ResultOutputSolver: -------------------------------------
SingleSolver: Attempting to call solver: 11
SingleSolver: Solver Equation string is: savescalars
SaveScalars: -----------------------------------------
SaveScalars: Saving scalar values of various kinds
SaveScalars: Performed 2 reduction operations
SaveScalars: Found 13 result scalars in simulation section
SaveScalars: Saving results from component - if any
SaveScalars: Found 17 values to save in total
SaveScalars: Saving values to file: results/circuit.csv
SaveScalars: -----------------------------------------
MAIN: 
MAIN: -------------------------------------
MAIN: Time: 9/30:   1.800E-02
MAIN: Elapsed time:  1.2 minutes
MAIN: Estimated time left:  2.9 minutes
MAIN: -------------------------------------
MAIN: 
SingleSolver: Attempting to call solver: 9
SingleSolver: Solver Equation string is: circuits
AddComponentEquationsAndCouplings: Writing resistor equation, component 2
SingleSolver: Attempting to call solver: 10
SingleSolver: Solver Equation string is: circuits output
DefaultStart: Starting solver: circuits output
CircuitsOutput: Initializing Lagrange multipliers of size: 6
CircuitsOutput: Writing Circuit Results
CircuitsOutput: Writing Circuit Variables for Circuit 1
CircuitsOutput: There are 6 Circuit Variables
CircuitsOutput: i_testsource            2.0573E-03
CircuitsOutput: v_testsource            0.0000E+00
CircuitsOutput: i_component(1)          2.0573E-03
CircuitsOutput: v_component(1)         -2.0573E-02
CircuitsOutput: i_component(2)          2.0573E-03
CircuitsOutput: v_component(2)          2.0573E-02
CircuitsOutput: Writing Component Variables for Circuit 1
CircuitsOutput: r_component(1)          3.0169E-01
CircuitsOutput: p_dc_component(1)       1.2769E-06
CircuitsOutput: r_component(2)          1.0000E+01
CircuitsOutput: p_dc_component(2)       4.2323E-05
Circuit_ToMeshVariable: Adding circuit variables to be mesh variables
DefaultFinish: Finished solver: circuits output
SingleSolver: Attempting to call solver: 1
SingleSolver: Solver Equation string is: meshdeform
RigidMeshMapper: ---------------------------------------
RigidMeshMapper: Performing analytic mesh mapping
RigidMeshMapper: ---------------------------------------
DefaultFinish: Finished solver: meshdeform
SingleSolver: Attempting to call solver: 2
SingleSolver: Solver Equation string is: mgdynamics
WhitneyAVSolver: 
WhitneyAVSolver: -------------------------------------------------
WhitneyAVSolver: Solving transient AV equations with edge elements
DefaultStart: Starting solver: mgdynamics
MGDynAssembly: Elapsed REAL time:     0.3171 (s)
DefUtils::DefaultDirichletBCs: Setting Dirichlet boundary conditions
EnforceDirichletConditions: No Dirichlet conditions to enforce, exiting!
WhitneyAVSolver: Volume tree edges: 2916 of total: 19979
DefaultSolve: Solving linear system with default routines
SolveSystem: Solving linear system
SolveSystem: Solving linear system with linear restrictions!
SolveWithLinearRestriction: Freeing previous collection matrix structures
SolveWithLinearRestriction: Refactoring requested, creating fully new matrix
SolveWithLinearRestriction: Reverting CollectionMatrix back to CRS matrix
List_ToCRSMatrix: Changing matrix type with number of non-zeros: 650873
SolveWithLinearRestriction: Collection matrix creation time (CPU,REAL):     0.04    0.05 (s)
SolveWithLinearRestriction: Collection matrix increased with 6 rows and 2693 non-zeros
SolveWithLinearRestriction: Now solving the linear system with constraints!
SolveLinearSystem: Assuming real valued linear system
SolveLinearSystem: Assuming serial linear system
ScaleLinearSystem: Creating > DiagScaling < vector of size 22902
SolveLinearSystem: Serial linear System Solver: direct
DirectSolver: Using direct method: umfpack
ComputeChange: WARNING: Possible mismatch in length of vectors (22902 vs. 22896)!
ComputeNorm: Computing norm of solution
ComputeChange: Nonlinear iteration did not converge to tolerance
ComputeChange: NS (ITER=1) (NRM,RELC): ( 0.35641800E-03 0.84302260E-02 ) :: mgdynamics
SolveWithLinearRestriction: Picking solution from collection solution
SolveWithLinearRestriction: Separating Lagrange multiplier from collection solution
SolveWithLinearRestriction: All done
WhitneyAVSolver: Calculating lumped parameters
DefaultFinish: Finished solver: mgdynamics
WhitneyAVSolver: All done
WhitneyAVSolver: -------------------------------------------
SingleSolver: Attempting to call solver: 3
SingleSolver: Solver Equation string is: mgdynamicscalc
MagnetoDynamicsCalcFields: ------------------------------
MagnetoDynamicsCalcFields: Computing postprocessed fields
MagnetoDynamicsCalcFields: Using potential variable: magnetic vector potential
MagnetoDynamicsCalcFields: Number of components to compute: 12
MagnetoDynamicsCalcFields: Solving for field: magnetic flux density[magnetic flux density:3]
DefaultSolve: Solving linear system with default routines
SolveSystem: Solving linear system
SolveLinearSystem: Assuming real valued linear system
SolveLinearSystem: Assuming serial linear system
ScaleLinearSystem: Creating > DiagScaling < vector of size 2917
SolveLinearSystem: Linear System Preconditioning: ilu0
Prec0-ilu0: Elapsed REAL time:     0.0000 (s)
SolveLinearSystem: Serial linear System Solver: iterative
IterSolver: Using iterative method: cg
Prec-ilu0: Elapsed REAL time:     0.0000 (s)
ComputeNorm: Computing norm of solution
ComputeChange: NS (ITER=1) (NRM,RELC): (  10.431882      1.6169680     ) :: mgdynamicscalc
DefaultSolve: Solving linear system with default routines
SolveSystem: Solving linear system
SolveLinearSystem: Assuming real valued linear system
SolveLinearSystem: Assuming serial linear system
ScaleLinearSystem: Creating > DiagScaling < vector of size 2917
SolveLinearSystem: Linear System Preconditioning: ilu0
Prec0-ilu0: Elapsed REAL time:     0.0000 (s)
SolveLinearSystem: Serial linear System Solver: iterative
IterSolver: Using iterative method: cg
Prec-ilu0: Elapsed REAL time:     0.0000 (s)
ComputeNorm: Computing norm of solution
ComputeChange: NS (ITER=2) (NRM,RELC): (  11.434312     0.91687572E-01 ) :: mgdynamicscalc
DefaultSolve: Solving linear system with default routines
SolveSystem: Solving linear system
SolveLinearSystem: Assuming real valued linear system
SolveLinearSystem: Assuming serial linear system
ScaleLinearSystem: Creating > DiagScaling < vector of size 2917
SolveLinearSystem: Linear System Preconditioning: ilu0
Prec0-ilu0: Elapsed REAL time:     0.0000 (s)
SolveLinearSystem: Serial linear System Solver: iterative
IterSolver: Using iterative method: cg
Prec-ilu0: Elapsed REAL time:     0.0000 (s)
ComputeNorm: Computing norm of solution
ComputeChange: NS (ITER=3) (NRM,RELC): (  16.729625     0.37603505     ) :: mgdynamicscalc
MagnetoDynamicsCalcFields: Solving for field: magnetic field strength[magnetic field strength:3]
DefaultSolve: Solving linear system with default routines
SolveSystem: Solving linear system
SolveLinearSystem: Assuming real valued linear system
SolveLinearSystem: Assuming serial linear system
ScaleLinearSystem: Creating > DiagScaling < vector of size 2917
SolveLinearSystem: Linear System Preconditioning: ilu0
Prec0-ilu0: Elapsed REAL time:     0.0000 (s)
SolveLinearSystem: Serial linear System Solver: iterative
IterSolver: Using iterative method: cg
Prec-ilu0: Elapsed REAL time:     0.0000 (s)
ComputeNorm: Computing norm of solution
ComputeChange: NS (ITER=4) (NRM,RELC): (  8301432.3      1.9999919     ) :: mgdynamicscalc
DefaultSolve: Solving linear system with default routines
SolveSystem: Solving linear system
SolveLinearSystem: Assuming real valued linear system
SolveLinearSystem: Assuming serial linear system
ScaleLinearSystem: Creating > DiagScaling < vector of size 2917
SolveLinearSystem: Linear System Preconditioning: ilu0
Prec0-ilu0: Elapsed REAL time:     0.0000 (s)
SolveLinearSystem: Serial linear System Solver: iterative
IterSolver: Using iterative method: cg
Prec-ilu0: Elapsed REAL time:     0.0000 (s)
ComputeNorm: Computing norm of solution
ComputeChange: NS (ITER=5) (NRM,RELC): (  9099115.5     0.91684839E-01 ) :: mgdynamicscalc
DefaultSolve: Solving linear system with default routines
SolveSystem: Solving linear system
SolveLinearSystem: Assuming real valued linear system
SolveLinearSystem: Assuming serial linear system
ScaleLinearSystem: Creating > DiagScaling < vector of size 2917
SolveLinearSystem: Linear System Preconditioning: ilu0
Prec0-ilu0: Elapsed REAL time:     0.0000 (s)
SolveLinearSystem: Serial linear System Solver: iterative
IterSolver: Using iterative method: cg
Prec-ilu0: Elapsed REAL time:     0.0000 (s)
ComputeNorm: Computing norm of solution
ComputeChange: NS (ITER=6) (NRM,RELC): (  13303026.     0.37531327     ) :: mgdynamicscalc
MagnetoDynamicsCalcFields: Solving for field: magnetic vector potential
DefaultSolve: Solving linear system with default routines
SolveSystem: Solving linear system
SolveLinearSystem: Assuming real valued linear system
SolveLinearSystem: Assuming serial linear system
ScaleLinearSystem: Creating > DiagScaling < vector of size 2917
SolveLinearSystem: Linear System Preconditioning: ilu0
Prec0-ilu0: Elapsed REAL time:     0.0000 (s)
SolveLinearSystem: Serial linear System Solver: iterative
IterSolver: Using iterative method: cg
Prec-ilu0: Elapsed REAL time:     0.0000 (s)
ComputeNorm: Computing norm of solution
ComputeChange: NS (ITER=7) (NRM,RELC): ( 0.48197533E-01  2.0000000     ) :: mgdynamicscalc
DefaultSolve: Solving linear system with default routines
SolveSystem: Solving linear system
SolveLinearSystem: Assuming real valued linear system
SolveLinearSystem: Assuming serial linear system
ScaleLinearSystem: Creating > DiagScaling < vector of size 2917
SolveLinearSystem: Linear System Preconditioning: ilu0
Prec0-ilu0: Elapsed REAL time:     0.0000 (s)
SolveLinearSystem: Serial linear System Solver: iterative
IterSolver: Using iterative method: cg
Prec-ilu0: Elapsed REAL time:     0.0000 (s)
ComputeNorm: Computing norm of solution
ComputeChange: NS (ITER=8) (NRM,RELC): ( 0.49127879E-01 0.19118243E-01 ) :: mgdynamicscalc
DefaultSolve: Solving linear system with default routines
SolveSystem: Solving linear system
SolveLinearSystem: Assuming real valued linear system
SolveLinearSystem: Assuming serial linear system
ScaleLinearSystem: Creating > DiagScaling < vector of size 2917
SolveLinearSystem: Linear System Preconditioning: ilu0
Prec0-ilu0: Elapsed REAL time:     0.0000 (s)
SolveLinearSystem: Serial linear System Solver: iterative
IterSolver: Using iterative method: cg
Prec-ilu0: Elapsed REAL time:     0.0000 (s)
ComputeNorm: Computing norm of solution
ComputeChange: NS (ITER=9) (NRM,RELC): ( 0.35771713E-01 0.31463439     ) :: mgdynamicscalc
MagnetoDynamicsCalcFields: Solving for field: current density[current density:3]
DefaultSolve: Solving linear system with default routines
SolveSystem: Solving linear system
SolveLinearSystem: Assuming real valued linear system
SolveLinearSystem: Assuming serial linear system
ScaleLinearSystem: Creating > DiagScaling < vector of size 2917
SolveLinearSystem: Linear System Preconditioning: ilu0
Prec0-ilu0: Elapsed REAL time:     0.0000 (s)
SolveLinearSystem: Serial linear System Solver: iterative
IterSolver: Using iterative method: cg
Prec-ilu0: Elapsed REAL time:     0.0000 (s)
ComputeNorm: Computing norm of solution
ComputeChange: NS (ITER=10) (NRM,RELC): (  63.724756      1.9977559     ) :: mgdynamicscalc
DefaultSolve: Solving linear system with default routines
SolveSystem: Solving linear system
SolveLinearSystem: Assuming real valued linear system
SolveLinearSystem: Assuming serial linear system
ScaleLinearSystem: Creating > DiagScaling < vector of size 2917
SolveLinearSystem: Linear System Preconditioning: ilu0
Prec0-ilu0: Elapsed REAL time:     0.0000 (s)
SolveLinearSystem: Serial linear System Solver: iterative
IterSolver: Using iterative method: cg
Prec-ilu0: Elapsed REAL time:     0.0000 (s)
ComputeNorm: Computing norm of solution
ComputeChange: NS (ITER=11) (NRM,RELC): (  72.558983     0.12964462     ) :: mgdynamicscalc
DefaultSolve: Solving linear system with default routines
SolveSystem: Solving linear system
SolveLinearSystem: Assuming real valued linear system
SolveLinearSystem: Assuming serial linear system
ScaleLinearSystem: Creating > DiagScaling < vector of size 2917
SolveLinearSystem: Linear System Preconditioning: ilu0
Prec0-ilu0: Elapsed REAL time:     0.0000 (s)
SolveLinearSystem: Serial linear System Solver: iterative
IterSolver: Using iterative method: cg
Prec-ilu0: Elapsed REAL time:     0.0000 (s)
ComputeNorm: Computing norm of solution
ComputeChange: NS (ITER=12) (NRM,RELC): (  1.1211863      1.9391323     ) :: mgdynamicscalc
MagnetoDynamicsCalcFields: Eddy current power:    1.304608E-06
MagnetoDynamicsCalcFields: ElectroMagnetic Field Energy:    7.097756E+05
SingleSolver: Attempting to call solver: 4
SingleSolver: Solver Equation string is: resultoutput
ResultOutputSolver: -------------------------------------
ResultOutputSolver: Dimension of mesh is: 3
ResultOutputSolver: Working on mesh 1: mesh with 2917 nodes
ResultOutputSolver: Saving in unstructured VTK XML (.vtu) format
VtuOutputSolver: Full filename base is: results/case
GenerateSaveMask: Number of active elements 18743 out of 18743
GenerateSaveMask: Number of geometry nodes 2917 out of 2917
VtuOutputSolver: Writing the vtu file: results/case_t0009.vtu
AscBinWriteInit: Initializing buffered ascii/binary writing
AscBinWriteInit: Writing in binary
AscBinWriteInit: Writing in double precision
AscBinWriteInit: Writing to unit number: 58
AscBinWriteInit: Size of buffer is: 2917
WriteVtuFile: Writing nodal fields
WriteVtuFile: Saving 1-component variable: meshrelax
WriteVtuFile: Saving 1-component variable: magnetic vector potential
WriteVtuFile: Saving 1-component variable: alpha
WriteVtuFile: Saving 1-component variable: beta
WriteVtuFile: Saving 1-component variable: w
WriteVtuFile: Saving 1-component variable: alpha direction
WriteVtuFile: Saving 1-component variable: beta direction
WriteVtuFile: Saving 1-component variable: w potential
WriteVtuFile: Saving 3-component variable: magnetic flux density
WriteVtuFile: Saving 3-component variable: magnetic field strength
WriteVtuFile: Saving 3-component variable: current density
WriteVtuFile: Saving 3-component variable: magnetic flux density e
WriteVtuFile: Saving 3-component variable: magnetic field strength e
WriteVtuFile: Saving 3-component variable: current density e
WriteVtuFile: Saving 3-component variable: w vector e
WriteVtuFile: Number of nodal fields written: 8
WriteVtuFile: Writing elemental fields
WriteVtuFile: Number of elemental fields written: 7
WriteVtuFile: Writing coordinates for each used node
WriteVtuFile: Writing the elemental connectivity data
WriteVtuFile: Writing nodal fields
WriteVtuFile: Saving 1-component variable: meshrelax
WriteVtuFile: Saving 1-component variable: magnetic vector potential
WriteVtuFile: Saving 1-component variable: alpha
WriteVtuFile: Saving 1-component variable: beta
WriteVtuFile: Saving 1-component variable: w
WriteVtuFile: Saving 1-component variable: alpha direction
WriteVtuFile: Saving 1-component variable: beta direction
WriteVtuFile: Saving 1-component variable: w potential
WriteVtuFile: Saving 3-component variable: magnetic flux density
WriteVtuFile: Saving 3-component variable: magnetic field strength
WriteVtuFile: Saving 3-component variable: current density
WriteVtuFile: Saving 3-component variable: magnetic flux density e
WriteVtuFile: Saving 3-component variable: magnetic field strength e
WriteVtuFile: Saving 3-component variable: current density e
WriteVtuFile: Saving 3-component variable: w vector e
WriteVtuFile: Writing elemental fields
AscBinWriteFree: Terminating buffered ascii/binary writing
VtuOutputSolver: All done for now
ResultOutputSolver: -------------------------------------
SingleSolver: Attempting to call solver: 11
SingleSolver: Solver Equation string is: savescalars
SaveScalars: -----------------------------------------
SaveScalars: Saving scalar values of various kinds
SaveScalars: Performed 2 reduction operations
SaveScalars: Found 13 result scalars in simulation section
SaveScalars: Saving results from component - if any
SaveScalars: Found 17 values to save in total
SaveScalars: Saving values to file: results/circuit.csv
SaveScalars: -----------------------------------------
MAIN: 
MAIN: -------------------------------------
MAIN: Time: 10/30:   2.000E-02
MAIN: Elapsed time:  1.3 minutes
MAIN: Estimated time left:  2.8 minutes
MAIN: -------------------------------------
MAIN: 
SingleSolver: Attempting to call solver: 9
SingleSolver: Solver Equation string is: circuits
AddComponentEquationsAndCouplings: Writing resistor equation, component 2
SingleSolver: Attempting to call solver: 10
SingleSolver: Solver Equation string is: circuits output
DefaultStart: Starting solver: circuits output
CircuitsOutput: Initializing Lagrange multipliers of size: 6
CircuitsOutput: Writing Circuit Results
CircuitsOutput: Writing Circuit Variables for Circuit 1
CircuitsOutput: There are 6 Circuit Variables
CircuitsOutput: i_testsource            2.0845E-03
CircuitsOutput: v_testsource            0.0000E+00
CircuitsOutput: i_component(1)          2.0845E-03
CircuitsOutput: v_component(1)         -2.0845E-02
CircuitsOutput: i_component(2)          2.0845E-03
CircuitsOutput: v_component(2)          2.0845E-02
CircuitsOutput: Writing Component Variables for Circuit 1
CircuitsOutput: r_component(1)          3.0169E-01
CircuitsOutput: p_dc_component(1)       1.3109E-06
CircuitsOutput: r_component(2)          1.0000E+01
CircuitsOutput: p_dc_component(2)       4.3452E-05
Circuit_ToMeshVariable: Adding circuit variables to be mesh variables
DefaultFinish: Finished solver: circuits output
SingleSolver: Attempting to call solver: 1
SingleSolver: Solver Equation string is: meshdeform
RigidMeshMapper: ---------------------------------------
RigidMeshMapper: Performing analytic mesh mapping
RigidMeshMapper: ---------------------------------------
DefaultFinish: Finished solver: meshdeform
SingleSolver: Attempting to call solver: 2
SingleSolver: Solver Equation string is: mgdynamics
WhitneyAVSolver: 
WhitneyAVSolver: -------------------------------------------------
WhitneyAVSolver: Solving transient AV equations with edge elements
DefaultStart: Starting solver: mgdynamics
MGDynAssembly: Elapsed REAL time:     0.2383 (s)
DefUtils::DefaultDirichletBCs: Setting Dirichlet boundary conditions
EnforceDirichletConditions: No Dirichlet conditions to enforce, exiting!
WhitneyAVSolver: Volume tree edges: 2916 of total: 19979
DefaultSolve: Solving linear system with default routines
SolveSystem: Solving linear system
SolveSystem: Solving linear system with linear restrictions!
SolveWithLinearRestriction: Freeing previous collection matrix structures
SolveWithLinearRestriction: Refactoring requested, creating fully new matrix
SolveWithLinearRestriction: Reverting CollectionMatrix back to CRS matrix
List_ToCRSMatrix: Changing matrix type with number of non-zeros: 650873
SolveWithLinearRestriction: Collection matrix creation time (CPU,REAL):     0.04    0.05 (s)
SolveWithLinearRestriction: Collection matrix increased with 6 rows and 2693 non-zeros
SolveWithLinearRestriction: Now solving the linear system with constraints!
SolveLinearSystem: Assuming real valued linear system
SolveLinearSystem: Assuming serial linear system
ScaleLinearSystem: Creating > DiagScaling < vector of size 22902
SolveLinearSystem: Serial linear System Solver: direct
DirectSolver: Using direct method: umfpack
ComputeChange: WARNING: Possible mismatch in length of vectors (22902 vs. 22896)!
ComputeNorm: Computing norm of solution
ComputeChange: Nonlinear iteration did not converge to tolerance
ComputeChange: NS (ITER=1) (NRM,RELC): ( 0.35578230E-03 0.17851927E-02 ) :: mgdynamics
SolveWithLinearRestriction: Picking solution from collection solution
SolveWithLinearRestriction: Separating Lagrange multiplier from collection solution
SolveWithLinearRestriction: All done
WhitneyAVSolver: Calculating lumped parameters
DefaultFinish: Finished solver: mgdynamics
WhitneyAVSolver: All done
WhitneyAVSolver: -------------------------------------------
SingleSolver: Attempting to call solver: 3
SingleSolver: Solver Equation string is: mgdynamicscalc
MagnetoDynamicsCalcFields: ------------------------------
MagnetoDynamicsCalcFields: Computing postprocessed fields
MagnetoDynamicsCalcFields: Using potential variable: magnetic vector potential
MagnetoDynamicsCalcFields: Number of components to compute: 12
MagnetoDynamicsCalcFields: Solving for field: magnetic flux density[magnetic flux density:3]
DefaultSolve: Solving linear system with default routines
SolveSystem: Solving linear system
SolveLinearSystem: Assuming real valued linear system
SolveLinearSystem: Assuming serial linear system
ScaleLinearSystem: Creating > DiagScaling < vector of size 2917
SolveLinearSystem: Linear System Preconditioning: ilu0
Prec0-ilu0: Elapsed REAL time:     0.0000 (s)
SolveLinearSystem: Serial linear System Solver: iterative
IterSolver: Using iterative method: cg
Prec-ilu0: Elapsed REAL time:     0.0000 (s)
ComputeNorm: Computing norm of solution
ComputeChange: NS (ITER=1) (NRM,RELC): (  10.483842      1.6135516     ) :: mgdynamicscalc
DefaultSolve: Solving linear system with default routines
SolveSystem: Solving linear system
SolveLinearSystem: Assuming real valued linear system
SolveLinearSystem: Assuming serial linear system
ScaleLinearSystem: Creating > DiagScaling < vector of size 2917
SolveLinearSystem: Linear System Preconditioning: ilu0
Prec0-ilu0: Elapsed REAL time:     0.0000 (s)
SolveLinearSystem: Serial linear System Solver: iterative
IterSolver: Using iterative method: cg
Prec-ilu0: Elapsed REAL time:     0.0000 (s)
ComputeNorm: Computing norm of solution
ComputeChange: NS (ITER=2) (NRM,RELC): (  11.497993     0.92271703E-01 ) :: mgdynamicscalc
DefaultSolve: Solving linear system with default routines
SolveSystem: Solving linear system
SolveLinearSystem: Assuming real valued linear system
SolveLinearSystem: Assuming serial linear system
ScaleLinearSystem: Creating > DiagScaling < vector of size 2917
SolveLinearSystem: Linear System Preconditioning: ilu0
Prec0-ilu0: Elapsed REAL time:     0.0000 (s)
SolveLinearSystem: Serial linear System Solver: iterative
IterSolver: Using iterative method: cg
Prec-ilu0: Elapsed REAL time:     0.0000 (s)
ComputeNorm: Computing norm of solution
ComputeChange: NS (ITER=3) (NRM,RELC): (  16.835883     0.37678505     ) :: mgdynamicscalc
MagnetoDynamicsCalcFields: Solving for field: magnetic field strength[magnetic field strength:3]
DefaultSolve: Solving linear system with default routines
SolveSystem: Solving linear system
SolveLinearSystem: Assuming real valued linear system
SolveLinearSystem: Assuming serial linear system
ScaleLinearSystem: Creating > DiagScaling < vector of size 2917
SolveLinearSystem: Linear System Preconditioning: ilu0
Prec0-ilu0: Elapsed REAL time:     0.0000 (s)
SolveLinearSystem: Serial linear System Solver: iterative
IterSolver: Using iterative method: cg
Prec-ilu0: Elapsed REAL time:     0.0000 (s)
ComputeNorm: Computing norm of solution
ComputeChange: NS (ITER=4) (NRM,RELC): (  8342781.6      1.9999919     ) :: mgdynamicscalc
DefaultSolve: Solving linear system with default routines
SolveSystem: Solving linear system
SolveLinearSystem: Assuming real valued linear system
SolveLinearSystem: Assuming serial linear system
ScaleLinearSystem: Creating > DiagScaling < vector of size 2917
SolveLinearSystem: Linear System Preconditioning: ilu0
Prec0-ilu0: Elapsed REAL time:     0.0000 (s)
SolveLinearSystem: Serial linear System Solver: iterative
IterSolver: Using iterative method: cg
Prec-ilu0: Elapsed REAL time:     0.0000 (s)
ComputeNorm: Computing norm of solution
ComputeChange: NS (ITER=5) (NRM,RELC): (  9149791.1     0.92268821E-01 ) :: mgdynamicscalc
DefaultSolve: Solving linear system with default routines
SolveSystem: Solving linear system
SolveLinearSystem: Assuming real valued linear system
SolveLinearSystem: Assuming serial linear system
ScaleLinearSystem: Creating > DiagScaling < vector of size 2917
SolveLinearSystem: Linear System Preconditioning: ilu0
Prec0-ilu0: Elapsed REAL time:     0.0000 (s)
SolveLinearSystem: Serial linear System Solver: iterative
IterSolver: Using iterative method: cg
Prec-ilu0: Elapsed REAL time:     0.0000 (s)
ComputeNorm: Computing norm of solution
ComputeChange: NS (ITER=6) (NRM,RELC): (  13387701.     0.37607643     ) :: mgdynamicscalc
MagnetoDynamicsCalcFields: Solving for field: magnetic vector potential
DefaultSolve: Solving linear system with default routines
SolveSystem: Solving linear system
SolveLinearSystem: Assuming real valued linear system
SolveLinearSystem: Assuming serial linear system
ScaleLinearSystem: Creating > DiagScaling < vector of size 2917
SolveLinearSystem: Linear System Preconditioning: ilu0
Prec0-ilu0: Elapsed REAL time:     0.0000 (s)
SolveLinearSystem: Serial linear System Solver: iterative
IterSolver: Using iterative method: cg
Prec-ilu0: Elapsed REAL time:     0.0000 (s)
ComputeNorm: Computing norm of solution
ComputeChange: NS (ITER=7) (NRM,RELC): ( 0.48221984E-01  2.0000000     ) :: mgdynamicscalc
DefaultSolve: Solving linear system with default routines
SolveSystem: Solving linear system
SolveLinearSystem: Assuming real valued linear system
SolveLinearSystem: Assuming serial linear system
ScaleLinearSystem: Creating > DiagScaling < vector of size 2917
SolveLinearSystem: Linear System Preconditioning: ilu0
Prec0-ilu0: Elapsed REAL time:     0.0000 (s)
SolveLinearSystem: Serial linear System Solver: iterative
IterSolver: Using iterative method: cg
Prec-ilu0: Elapsed REAL time:     0.0000 (s)
ComputeNorm: Computing norm of solution
ComputeChange: NS (ITER=8) (NRM,RELC): ( 0.49149236E-01 0.19045700E-01 ) :: mgdynamicscalc
DefaultSolve: Solving linear system with default routines
SolveSystem: Solving linear system
SolveLinearSystem: Assuming real valued linear system
SolveLinearSystem: Assuming serial linear system
ScaleLinearSystem: Creating > DiagScaling < vector of size 2917
SolveLinearSystem: Linear System Preconditioning: ilu0
Prec0-ilu0: Elapsed REAL time:     0.0000 (s)
SolveLinearSystem: Serial linear System Solver: iterative
IterSolver: Using iterative method: cg
Prec-ilu0: Elapsed REAL time:     0.0000 (s)
ComputeNorm: Computing norm of solution
ComputeChange: NS (ITER=9) (NRM,RELC): ( 0.35831816E-01 0.31342092     ) :: mgdynamicscalc
MagnetoDynamicsCalcFields: Solving for field: current density[current density:3]
DefaultSolve: Solving linear system with default routines
SolveSystem: Solving linear system
SolveLinearSystem: Assuming real valued linear system
SolveLinearSystem: Assuming serial linear system
ScaleLinearSystem: Creating > DiagScaling < vector of size 2917
SolveLinearSystem: Linear System Preconditioning: ilu0
Prec0-ilu0: Elapsed REAL time:     0.0000 (s)
SolveLinearSystem: Serial linear System Solver: iterative
IterSolver: Using iterative method: cg
Prec-ilu0: Elapsed REAL time:     0.0000 (s)
ComputeNorm: Computing norm of solution
ComputeChange: NS (ITER=10) (NRM,RELC): (  63.946773      1.9977599     ) :: mgdynamicscalc
DefaultSolve: Solving linear system with default routines
SolveSystem: Solving linear system
SolveLinearSystem: Assuming real valued linear system
SolveLinearSystem: Assuming serial linear system
ScaleLinearSystem: Creating > DiagScaling < vector of size 2917
SolveLinearSystem: Linear System Preconditioning: ilu0
Prec0-ilu0: Elapsed REAL time:     0.0000 (s)
SolveLinearSystem: Serial linear System Solver: iterative
IterSolver: Using iterative method: cg
Prec-ilu0: Elapsed REAL time:     0.0000 (s)
ComputeNorm: Computing norm of solution
ComputeChange: NS (ITER=11) (NRM,RELC): (  72.711133     0.12826716     ) :: mgdynamicscalc
DefaultSolve: Solving linear system with default routines
SolveSystem: Solving linear system
SolveLinearSystem: Assuming real valued linear system
SolveLinearSystem: Assuming serial linear system
ScaleLinearSystem: Creating > DiagScaling < vector of size 2917
SolveLinearSystem: Linear System Preconditioning: ilu0
Prec0-ilu0: Elapsed REAL time:     0.0000 (s)
SolveLinearSystem: Serial linear System Solver: iterative
IterSolver: Using iterative method: cg
Prec-ilu0: Elapsed REAL time:     0.0000 (s)
ComputeNorm: Computing norm of solution
ComputeChange: NS (ITER=12) (NRM,RELC): (  1.1234701      1.9391358     ) :: mgdynamicscalc
MagnetoDynamicsCalcFields: Eddy current power:    1.305097E-06
MagnetoDynamicsCalcFields: ElectroMagnetic Field Energy:    7.105462E+05
SingleSolver: Attempting to call solver: 4
SingleSolver: Solver Equation string is: resultoutput
ResultOutputSolver: -------------------------------------
ResultOutputSolver: Dimension of mesh is: 3
ResultOutputSolver: Working on mesh 1: mesh with 2917 nodes
ResultOutputSolver: Saving in unstructured VTK XML (.vtu) format
VtuOutputSolver: Full filename base is: results/case
GenerateSaveMask: Number of active elements 18743 out of 18743
GenerateSaveMask: Number of geometry nodes 2917 out of 2917
VtuOutputSolver: Writing the vtu file: results/case_t0010.vtu
AscBinWriteInit: Initializing buffered ascii/binary writing
AscBinWriteInit: Writing in binary
AscBinWriteInit: Writing in double precision
AscBinWriteInit: Writing to unit number: 58
AscBinWriteInit: Size of buffer is: 2917
WriteVtuFile: Writing nodal fields
WriteVtuFile: Saving 1-component variable: meshrelax
WriteVtuFile: Saving 1-component variable: magnetic vector potential
WriteVtuFile: Saving 1-component variable: alpha
WriteVtuFile: Saving 1-component variable: beta
WriteVtuFile: Saving 1-component variable: w
WriteVtuFile: Saving 1-component variable: alpha direction
WriteVtuFile: Saving 1-component variable: beta direction
WriteVtuFile: Saving 1-component variable: w potential
WriteVtuFile: Saving 3-component variable: magnetic flux density
WriteVtuFile: Saving 3-component variable: magnetic field strength
WriteVtuFile: Saving 3-component variable: current density
WriteVtuFile: Saving 3-component variable: magnetic flux density e
WriteVtuFile: Saving 3-component variable: magnetic field strength e
WriteVtuFile: Saving 3-component variable: current density e
WriteVtuFile: Saving 3-component variable: w vector e
WriteVtuFile: Number of nodal fields written: 8
WriteVtuFile: Writing elemental fields
WriteVtuFile: Number of elemental fields written: 7
WriteVtuFile: Writing coordinates for each used node
WriteVtuFile: Writing the elemental connectivity data
WriteVtuFile: Writing nodal fields
WriteVtuFile: Saving 1-component variable: meshrelax
WriteVtuFile: Saving 1-component variable: magnetic vector potential
WriteVtuFile: Saving 1-component variable: alpha
WriteVtuFile: Saving 1-component variable: beta
WriteVtuFile: Saving 1-component variable: w
WriteVtuFile: Saving 1-component variable: alpha direction
WriteVtuFile: Saving 1-component variable: beta direction
WriteVtuFile: Saving 1-component variable: w potential
WriteVtuFile: Saving 3-component variable: magnetic flux density
WriteVtuFile: Saving 3-component variable: magnetic field strength
WriteVtuFile: Saving 3-component variable: current density
WriteVtuFile: Saving 3-component variable: magnetic flux density e
WriteVtuFile: Saving 3-component variable: magnetic field strength e
WriteVtuFile: Saving 3-component variable: current density e
WriteVtuFile: Saving 3-component variable: w vector e
WriteVtuFile: Writing elemental fields
AscBinWriteFree: Terminating buffered ascii/binary writing
VtuOutputSolver: All done for now
ResultOutputSolver: -------------------------------------
SingleSolver: Attempting to call solver: 11
SingleSolver: Solver Equation string is: savescalars
SaveScalars: -----------------------------------------
SaveScalars: Saving scalar values of various kinds
SaveScalars: Performed 2 reduction operations
SaveScalars: Found 13 result scalars in simulation section
SaveScalars: Saving results from component - if any
SaveScalars: Found 17 values to save in total
SaveScalars: Saving values to file: results/circuit.csv
SaveScalars: -----------------------------------------
MAIN: 
MAIN: -------------------------------------
MAIN: Time: 11/30:   2.200E-02
MAIN: Elapsed time:  1.4 minutes
MAIN: Estimated time left:  2.7 minutes
MAIN: -------------------------------------
MAIN: 
SingleSolver: Attempting to call solver: 9
SingleSolver: Solver Equation string is: circuits
AddComponentEquationsAndCouplings: Writing resistor equation, component 2
SingleSolver: Attempting to call solver: 10
SingleSolver: Solver Equation string is: circuits output
DefaultStart: Starting solver: circuits output
CircuitsOutput: Initializing Lagrange multipliers of size: 6
CircuitsOutput: Writing Circuit Results
CircuitsOutput: Writing Circuit Variables for Circuit 1
CircuitsOutput: There are 6 Circuit Variables
CircuitsOutput: i_testsource            2.0848E-03
CircuitsOutput: v_testsource            0.0000E+00
CircuitsOutput: i_component(1)          2.0848E-03
CircuitsOutput: v_component(1)         -2.0848E-02
CircuitsOutput: i_component(2)          2.0848E-03
CircuitsOutput: v_component(2)          2.0848E-02
CircuitsOutput: Writing Component Variables for Circuit 1
CircuitsOutput: r_component(1)          3.0169E-01
CircuitsOutput: p_dc_component(1)       1.3113E-06
CircuitsOutput: r_component(2)          1.0000E+01
CircuitsOutput: p_dc_component(2)       4.3464E-05
Circuit_ToMeshVariable: Adding circuit variables to be mesh variables
DefaultFinish: Finished solver: circuits output
SingleSolver: Attempting to call solver: 1
SingleSolver: Solver Equation string is: meshdeform
RigidMeshMapper: ---------------------------------------
RigidMeshMapper: Performing analytic mesh mapping
RigidMeshMapper: ---------------------------------------
DefaultFinish: Finished solver: meshdeform
SingleSolver: Attempting to call solver: 2
SingleSolver: Solver Equation string is: mgdynamics
WhitneyAVSolver: 
WhitneyAVSolver: -------------------------------------------------
WhitneyAVSolver: Solving transient AV equations with edge elements
DefaultStart: Starting solver: mgdynamics
MGDynAssembly: Elapsed REAL time:     0.2589 (s)
DefUtils::DefaultDirichletBCs: Setting Dirichlet boundary conditions
EnforceDirichletConditions: No Dirichlet conditions to enforce, exiting!
WhitneyAVSolver: Volume tree edges: 2916 of total: 19979
DefaultSolve: Solving linear system with default routines
SolveSystem: Solving linear system
SolveSystem: Solving linear system with linear restrictions!
SolveWithLinearRestriction: Freeing previous collection matrix structures
SolveWithLinearRestriction: Refactoring requested, creating fully new matrix
SolveWithLinearRestriction: Reverting CollectionMatrix back to CRS matrix
List_ToCRSMatrix: Changing matrix type with number of non-zeros: 650873
SolveWithLinearRestriction: Collection matrix creation time (CPU,REAL):     0.04    0.05 (s)
SolveWithLinearRestriction: Collection matrix increased with 6 rows and 2693 non-zeros
SolveWithLinearRestriction: Now solving the linear system with constraints!
SolveLinearSystem: Assuming real valued linear system
SolveLinearSystem: Assuming serial linear system
ScaleLinearSystem: Creating > DiagScaling < vector of size 22902
SolveLinearSystem: Serial linear System Solver: direct
DirectSolver: Using direct method: umfpack
ComputeChange: WARNING: Possible mismatch in length of vectors (22902 vs. 22896)!
ComputeNorm: Computing norm of solution
ComputeChange: Nonlinear iteration did not converge to tolerance
ComputeChange: NS (ITER=1) (NRM,RELC): ( 0.35196448E-03 0.10788662E-01 ) :: mgdynamics
SolveWithLinearRestriction: Picking solution from collection solution
SolveWithLinearRestriction: Separating Lagrange multiplier from collection solution
SolveWithLinearRestriction: All done
WhitneyAVSolver: Calculating lumped parameters
DefaultFinish: Finished solver: mgdynamics
WhitneyAVSolver: All done
WhitneyAVSolver: -------------------------------------------
SingleSolver: Attempting to call solver: 3
SingleSolver: Solver Equation string is: mgdynamicscalc
MagnetoDynamicsCalcFields: ------------------------------
MagnetoDynamicsCalcFields: Computing postprocessed fields
MagnetoDynamicsCalcFields: Using potential variable: magnetic vector potential
MagnetoDynamicsCalcFields: Number of components to compute: 12
MagnetoDynamicsCalcFields: Solving for field: magnetic flux density[magnetic flux density:3]
DefaultSolve: Solving linear system with default routines
SolveSystem: Solving linear system
SolveLinearSystem: Assuming real valued linear system
SolveLinearSystem: Assuming serial linear system
ScaleLinearSystem: Creating > DiagScaling < vector of size 2917
SolveLinearSystem: Linear System Preconditioning: ilu0
Prec0-ilu0: Elapsed REAL time:     0.0000 (s)
SolveLinearSystem: Serial linear System Solver: iterative
IterSolver: Using iterative method: cg
Prec-ilu0: Elapsed REAL time:     0.0000 (s)
ComputeNorm: Computing norm of solution
ComputeChange: NS (ITER=1) (NRM,RELC): (  10.433244      1.6111455     ) :: mgdynamicscalc
DefaultSolve: Solving linear system with default routines
SolveSystem: Solving linear system
SolveLinearSystem: Assuming real valued linear system
SolveLinearSystem: Assuming serial linear system
ScaleLinearSystem: Creating > DiagScaling < vector of size 2917
SolveLinearSystem: Linear System Preconditioning: ilu0
Prec0-ilu0: Elapsed REAL time:     0.0000 (s)
SolveLinearSystem: Serial linear System Solver: iterative
IterSolver: Using iterative method: cg
Prec-ilu0: Elapsed REAL time:     0.0000 (s)
ComputeNorm: Computing norm of solution
ComputeChange: NS (ITER=2) (NRM,RELC): (  11.452168     0.93114457E-01 ) :: mgdynamicscalc
DefaultSolve: Solving linear system with default routines
SolveSystem: Solving linear system
SolveLinearSystem: Assuming real valued linear system
SolveLinearSystem: Assuming serial linear system
ScaleLinearSystem: Creating > DiagScaling < vector of size 2917
SolveLinearSystem: Linear System Preconditioning: ilu0
Prec0-ilu0: Elapsed REAL time:     0.0000 (s)
SolveLinearSystem: Serial linear System Solver: iterative
IterSolver: Using iterative method: cg
Prec-ilu0: Elapsed REAL time:     0.0000 (s)
ComputeNorm: Computing norm of solution
ComputeChange: NS (ITER=3) (NRM,RELC): (  16.783093     0.37760765     ) :: mgdynamicscalc
MagnetoDynamicsCalcFields: Solving for field: magnetic field strength[magnetic field strength:3]
DefaultSolve: Solving linear system with default routines
SolveSystem: Solving linear system
SolveLinearSystem: Assuming real valued linear system
SolveLinearSystem: Assuming serial linear system
ScaleLinearSystem: Creating > DiagScaling < vector of size 2917
SolveLinearSystem: Linear System Preconditioning: ilu0
Prec0-ilu0: Elapsed REAL time:     0.0000 (s)
SolveLinearSystem: Serial linear System Solver: iterative
IterSolver: Using iterative method: cg
Prec-ilu0: Elapsed REAL time:     0.0000 (s)
ComputeNorm: Computing norm of solution
ComputeChange: NS (ITER=4) (NRM,RELC): (  8302517.5      1.9999919     ) :: mgdynamicscalc
DefaultSolve: Solving linear system with default routines
SolveSystem: Solving linear system
SolveLinearSystem: Assuming real valued linear system
SolveLinearSystem: Assuming serial linear system
ScaleLinearSystem: Creating > DiagScaling < vector of size 2917
SolveLinearSystem: Linear System Preconditioning: ilu0
Prec0-ilu0: Elapsed REAL time:     0.0000 (s)
SolveLinearSystem: Serial linear System Solver: iterative
IterSolver: Using iterative method: cg
Prec-ilu0: Elapsed REAL time:     0.0000 (s)
ComputeNorm: Computing norm of solution
ComputeChange: NS (ITER=5) (NRM,RELC): (  9113324.1     0.93111390E-01 ) :: mgdynamicscalc
DefaultSolve: Solving linear system with default routines
SolveSystem: Solving linear system
SolveLinearSystem: Assuming real valued linear system
SolveLinearSystem: Assuming serial linear system
ScaleLinearSystem: Creating > DiagScaling < vector of size 2917
SolveLinearSystem: Linear System Preconditioning: ilu0
Prec0-ilu0: Elapsed REAL time:     0.0000 (s)
SolveLinearSystem: Serial linear System Solver: iterative
IterSolver: Using iterative method: cg
Prec-ilu0: Elapsed REAL time:     0.0000 (s)
ComputeNorm: Computing norm of solution
ComputeChange: NS (ITER=6) (NRM,RELC): (  13345836.     0.37690740     ) :: mgdynamicscalc
MagnetoDynamicsCalcFields: Solving for field: magnetic vector potential
DefaultSolve: Solving linear system with default routines
SolveSystem: Solving linear system
SolveLinearSystem: Assuming real valued linear system
SolveLinearSystem: Assuming serial linear system
ScaleLinearSystem: Creating > DiagScaling < vector of size 2917
SolveLinearSystem: Linear System Preconditioning: ilu0
Prec0-ilu0: Elapsed REAL time:     0.0000 (s)
SolveLinearSystem: Serial linear System Solver: iterative
IterSolver: Using iterative method: cg
Prec-ilu0: Elapsed REAL time:     0.0000 (s)
ComputeNorm: Computing norm of solution
ComputeChange: NS (ITER=7) (NRM,RELC): ( 0.47922045E-01  2.0000000     ) :: mgdynamicscalc
DefaultSolve: Solving linear system with default routines
SolveSystem: Solving linear system
SolveLinearSystem: Assuming real valued linear system
SolveLinearSystem: Assuming serial linear system
ScaleLinearSystem: Creating > DiagScaling < vector of size 2917
SolveLinearSystem: Linear System Preconditioning: ilu0
Prec0-ilu0: Elapsed REAL time:     0.0000 (s)
SolveLinearSystem: Serial linear System Solver: iterative
IterSolver: Using iterative method: cg
Prec-ilu0: Elapsed REAL time:     0.0000 (s)
ComputeNorm: Computing norm of solution
ComputeChange: NS (ITER=8) (NRM,RELC): ( 0.48861043E-01 0.19404167E-01 ) :: mgdynamicscalc
DefaultSolve: Solving linear system with default routines
SolveSystem: Solving linear system
SolveLinearSystem: Assuming real valued linear system
SolveLinearSystem: Assuming serial linear system
ScaleLinearSystem: Creating > DiagScaling < vector of size 2917
SolveLinearSystem: Linear System Preconditioning: ilu0
Prec0-ilu0: Elapsed REAL time:     0.0000 (s)
SolveLinearSystem: Serial linear System Solver: iterative
IterSolver: Using iterative method: cg
Prec-ilu0: Elapsed REAL time:     0.0000 (s)
ComputeNorm: Computing norm of solution
ComputeChange: NS (ITER=9) (NRM,RELC): ( 0.35755066E-01 0.30977499     ) :: mgdynamicscalc
MagnetoDynamicsCalcFields: Solving for field: current density[current density:3]
DefaultSolve: Solving linear system with default routines
SolveSystem: Solving linear system
SolveLinearSystem: Assuming real valued linear system
SolveLinearSystem: Assuming serial linear system
ScaleLinearSystem: Creating > DiagScaling < vector of size 2917
SolveLinearSystem: Linear System Preconditioning: ilu0
Prec0-ilu0: Elapsed REAL time:     0.0000 (s)
SolveLinearSystem: Serial linear System Solver: iterative
IterSolver: Using iterative method: cg
Prec-ilu0: Elapsed REAL time:     0.0000 (s)
ComputeNorm: Computing norm of solution
ComputeChange: NS (ITER=10) (NRM,RELC): (  63.505261      1.9977492     ) :: mgdynamicscalc
DefaultSolve: Solving linear system with default routines
SolveSystem: Solving linear system
SolveLinearSystem: Assuming real valued linear system
SolveLinearSystem: Assuming serial linear system
ScaleLinearSystem: Creating > DiagScaling < vector of size 2917
SolveLinearSystem: Linear System Preconditioning: ilu0
Prec0-ilu0: Elapsed REAL time:     0.0000 (s)
SolveLinearSystem: Serial linear System Solver: iterative
IterSolver: Using iterative method: cg
Prec-ilu0: Elapsed REAL time:     0.0000 (s)
ComputeNorm: Computing norm of solution
ComputeChange: NS (ITER=11) (NRM,RELC): (  72.087723     0.12659153     ) :: mgdynamicscalc
DefaultSolve: Solving linear system with default routines
SolveSystem: Solving linear system
SolveLinearSystem: Assuming real valued linear system
SolveLinearSystem: Assuming serial linear system
ScaleLinearSystem: Creating > DiagScaling < vector of size 2917
SolveLinearSystem: Linear System Preconditioning: ilu0
Prec0-ilu0: Elapsed REAL time:     0.0000 (s)
SolveLinearSystem: Serial linear System Solver: iterative
IterSolver: Using iterative method: cg
Prec-ilu0: Elapsed REAL time:     0.0000 (s)
ComputeNorm: Computing norm of solution
ComputeChange: NS (ITER=12) (NRM,RELC): (  1.1136587      1.9391455     ) :: mgdynamicscalc
MagnetoDynamicsCalcFields: Eddy current power:    1.276957E-06
MagnetoDynamicsCalcFields: ElectroMagnetic Field Energy:    6.959266E+05
SingleSolver: Attempting to call solver: 4
SingleSolver: Solver Equation string is: resultoutput
ResultOutputSolver: -------------------------------------
ResultOutputSolver: Dimension of mesh is: 3
ResultOutputSolver: Working on mesh 1: mesh with 2917 nodes
ResultOutputSolver: Saving in unstructured VTK XML (.vtu) format
VtuOutputSolver: Full filename base is: results/case
GenerateSaveMask: Number of active elements 18743 out of 18743
GenerateSaveMask: Number of geometry nodes 2917 out of 2917
VtuOutputSolver: Writing the vtu file: results/case_t0011.vtu
AscBinWriteInit: Initializing buffered ascii/binary writing
AscBinWriteInit: Writing in binary
AscBinWriteInit: Writing in double precision
AscBinWriteInit: Writing to unit number: 58
AscBinWriteInit: Size of buffer is: 2917
WriteVtuFile: Writing nodal fields
WriteVtuFile: Saving 1-component variable: meshrelax
WriteVtuFile: Saving 1-component variable: magnetic vector potential
WriteVtuFile: Saving 1-component variable: alpha
WriteVtuFile: Saving 1-component variable: beta
WriteVtuFile: Saving 1-component variable: w
WriteVtuFile: Saving 1-component variable: alpha direction
WriteVtuFile: Saving 1-component variable: beta direction
WriteVtuFile: Saving 1-component variable: w potential
WriteVtuFile: Saving 3-component variable: magnetic flux density
WriteVtuFile: Saving 3-component variable: magnetic field strength
WriteVtuFile: Saving 3-component variable: current density
WriteVtuFile: Saving 3-component variable: magnetic flux density e
WriteVtuFile: Saving 3-component variable: magnetic field strength e
WriteVtuFile: Saving 3-component variable: current density e
WriteVtuFile: Saving 3-component variable: w vector e
WriteVtuFile: Number of nodal fields written: 8
WriteVtuFile: Writing elemental fields
WriteVtuFile: Number of elemental fields written: 7
WriteVtuFile: Writing coordinates for each used node
WriteVtuFile: Writing the elemental connectivity data
WriteVtuFile: Writing nodal fields
WriteVtuFile: Saving 1-component variable: meshrelax
WriteVtuFile: Saving 1-component variable: magnetic vector potential
WriteVtuFile: Saving 1-component variable: alpha
WriteVtuFile: Saving 1-component variable: beta
WriteVtuFile: Saving 1-component variable: w
WriteVtuFile: Saving 1-component variable: alpha direction
WriteVtuFile: Saving 1-component variable: beta direction
WriteVtuFile: Saving 1-component variable: w potential
WriteVtuFile: Saving 3-component variable: magnetic flux density
WriteVtuFile: Saving 3-component variable: magnetic field strength
WriteVtuFile: Saving 3-component variable: current density
WriteVtuFile: Saving 3-component variable: magnetic flux density e
WriteVtuFile: Saving 3-component variable: magnetic field strength e
WriteVtuFile: Saving 3-component variable: current density e
WriteVtuFile: Saving 3-component variable: w vector e
WriteVtuFile: Writing elemental fields
AscBinWriteFree: Terminating buffered ascii/binary writing
VtuOutputSolver: All done for now
ResultOutputSolver: -------------------------------------
SingleSolver: Attempting to call solver: 11
SingleSolver: Solver Equation string is: savescalars
SaveScalars: -----------------------------------------
SaveScalars: Saving scalar values of various kinds
SaveScalars: Performed 2 reduction operations
SaveScalars: Found 13 result scalars in simulation section
SaveScalars: Saving results from component - if any
SaveScalars: Found 17 values to save in total
SaveScalars: Saving values to file: results/circuit.csv
SaveScalars: -----------------------------------------
MAIN: 
MAIN: -------------------------------------
MAIN: Time: 12/30:   2.400E-02
MAIN: Elapsed time:  1.6 minutes
MAIN: Estimated time left:  2.7 minutes
MAIN: -------------------------------------
MAIN: 
SingleSolver: Attempting to call solver: 9
SingleSolver: Solver Equation string is: circuits
AddComponentEquationsAndCouplings: Writing resistor equation, component 2
SingleSolver: Attempting to call solver: 10
SingleSolver: Solver Equation string is: circuits output
DefaultStart: Starting solver: circuits output
CircuitsOutput: Initializing Lagrange multipliers of size: 6
CircuitsOutput: Writing Circuit Results
CircuitsOutput: Writing Circuit Variables for Circuit 1
CircuitsOutput: There are 6 Circuit Variables
CircuitsOutput: i_testsource            2.0620E-03
CircuitsOutput: v_testsource            0.0000E+00
CircuitsOutput: i_component(1)          2.0620E-03
CircuitsOutput: v_component(1)         -2.0620E-02
CircuitsOutput: i_component(2)          2.0620E-03
CircuitsOutput: v_component(2)          2.0620E-02
CircuitsOutput: Writing Component Variables for Circuit 1
CircuitsOutput: r_component(1)          3.0169E-01
CircuitsOutput: p_dc_component(1)       1.2828E-06
CircuitsOutput: r_component(2)          1.0000E+01
CircuitsOutput: p_dc_component(2)       4.2520E-05
Circuit_ToMeshVariable: Adding circuit variables to be mesh variables
DefaultFinish: Finished solver: circuits output
SingleSolver: Attempting to call solver: 1
SingleSolver: Solver Equation string is: meshdeform
RigidMeshMapper: ---------------------------------------
RigidMeshMapper: Performing analytic mesh mapping
RigidMeshMapper: ---------------------------------------
DefaultFinish: Finished solver: meshdeform
SingleSolver: Attempting to call solver: 2
SingleSolver: Solver Equation string is: mgdynamics
WhitneyAVSolver: 
WhitneyAVSolver: -------------------------------------------------
WhitneyAVSolver: Solving transient AV equations with edge elements
DefaultStart: Starting solver: mgdynamics
MGDynAssembly: Elapsed REAL time:     0.3029 (s)
DefUtils::DefaultDirichletBCs: Setting Dirichlet boundary conditions
EnforceDirichletConditions: No Dirichlet conditions to enforce, exiting!
WhitneyAVSolver: Volume tree edges: 2916 of total: 19979
DefaultSolve: Solving linear system with default routines
SolveSystem: Solving linear system
SolveSystem: Solving linear system with linear restrictions!
SolveWithLinearRestriction: Freeing previous collection matrix structures
SolveWithLinearRestriction: Refactoring requested, creating fully new matrix
SolveWithLinearRestriction: Reverting CollectionMatrix back to CRS matrix
List_ToCRSMatrix: Changing matrix type with number of non-zeros: 650873
SolveWithLinearRestriction: Collection matrix creation time (CPU,REAL):     0.03    0.05 (s)
SolveWithLinearRestriction: Collection matrix increased with 6 rows and 2693 non-zeros
SolveWithLinearRestriction: Now solving the linear system with constraints!
SolveLinearSystem: Assuming real valued linear system
SolveLinearSystem: Assuming serial linear system
ScaleLinearSystem: Creating > DiagScaling < vector of size 22902
SolveLinearSystem: Serial linear System Solver: direct
DirectSolver: Using direct method: umfpack
ComputeChange: WARNING: Possible mismatch in length of vectors (22902 vs. 22896)!
ComputeNorm: Computing norm of solution
ComputeChange: Nonlinear iteration did not converge to tolerance
ComputeChange: NS (ITER=1) (NRM,RELC): ( 0.34475187E-03 0.20704583E-01 ) :: mgdynamics
SolveWithLinearRestriction: Picking solution from collection solution
SolveWithLinearRestriction: Separating Lagrange multiplier from collection solution
SolveWithLinearRestriction: All done
WhitneyAVSolver: Calculating lumped parameters
DefaultFinish: Finished solver: mgdynamics
WhitneyAVSolver: All done
WhitneyAVSolver: -------------------------------------------
SingleSolver: Attempting to call solver: 3
SingleSolver: Solver Equation string is: mgdynamicscalc
MagnetoDynamicsCalcFields: ------------------------------
MagnetoDynamicsCalcFields: Computing postprocessed fields
MagnetoDynamicsCalcFields: Using potential variable: magnetic vector potential
MagnetoDynamicsCalcFields: Number of components to compute: 12
MagnetoDynamicsCalcFields: Solving for field: magnetic flux density[magnetic flux density:3]
DefaultSolve: Solving linear system with default routines
SolveSystem: Solving linear system
SolveLinearSystem: Assuming real valued linear system
SolveLinearSystem: Assuming serial linear system
ScaleLinearSystem: Creating > DiagScaling < vector of size 2917
SolveLinearSystem: Linear System Preconditioning: ilu0
Prec0-ilu0: Elapsed REAL time:     0.0000 (s)
SolveLinearSystem: Serial linear System Solver: iterative
IterSolver: Using iterative method: cg
Prec-ilu0: Elapsed REAL time:     0.0000 (s)
ComputeNorm: Computing norm of solution
ComputeChange: NS (ITER=1) (NRM,RELC): (  10.275856      1.6088828     ) :: mgdynamicscalc
DefaultSolve: Solving linear system with default routines
SolveSystem: Solving linear system
SolveLinearSystem: Assuming real valued linear system
SolveLinearSystem: Assuming serial linear system
ScaleLinearSystem: Creating > DiagScaling < vector of size 2917
SolveLinearSystem: Linear System Preconditioning: ilu0
Prec0-ilu0: Elapsed REAL time:     0.0000 (s)
SolveLinearSystem: Serial linear System Solver: iterative
IterSolver: Using iterative method: cg
Prec-ilu0: Elapsed REAL time:     0.0000 (s)
ComputeNorm: Computing norm of solution
ComputeChange: NS (ITER=2) (NRM,RELC): (  11.292895     0.94306643E-01 ) :: mgdynamicscalc
DefaultSolve: Solving linear system with default routines
SolveSystem: Solving linear system
SolveLinearSystem: Assuming real valued linear system
SolveLinearSystem: Assuming serial linear system
ScaleLinearSystem: Creating > DiagScaling < vector of size 2917
SolveLinearSystem: Linear System Preconditioning: ilu0
Prec0-ilu0: Elapsed REAL time:     0.0000 (s)
SolveLinearSystem: Serial linear System Solver: iterative
IterSolver: Using iterative method: cg
Prec-ilu0: Elapsed REAL time:     0.0000 (s)
ComputeNorm: Computing norm of solution
ComputeChange: NS (ITER=3) (NRM,RELC): (  16.559992     0.37820837     ) :: mgdynamicscalc
MagnetoDynamicsCalcFields: Solving for field: magnetic field strength[magnetic field strength:3]
DefaultSolve: Solving linear system with default routines
SolveSystem: Solving linear system
SolveLinearSystem: Assuming real valued linear system
SolveLinearSystem: Assuming serial linear system
ScaleLinearSystem: Creating > DiagScaling < vector of size 2917
SolveLinearSystem: Linear System Preconditioning: ilu0
Prec0-ilu0: Elapsed REAL time:     0.0000 (s)
SolveLinearSystem: Serial linear System Solver: iterative
IterSolver: Using iterative method: cg
Prec-ilu0: Elapsed REAL time:     0.0000 (s)
ComputeNorm: Computing norm of solution
ComputeChange: NS (ITER=4) (NRM,RELC): (  8177273.2      1.9999919     ) :: mgdynamicscalc
DefaultSolve: Solving linear system with default routines
SolveSystem: Solving linear system
SolveLinearSystem: Assuming real valued linear system
SolveLinearSystem: Assuming serial linear system
ScaleLinearSystem: Creating > DiagScaling < vector of size 2917
SolveLinearSystem: Linear System Preconditioning: ilu0
Prec0-ilu0: Elapsed REAL time:     0.0000 (s)
SolveLinearSystem: Serial linear System Solver: iterative
IterSolver: Using iterative method: cg
Prec-ilu0: Elapsed REAL time:     0.0000 (s)
ComputeNorm: Computing norm of solution
ComputeChange: NS (ITER=5) (NRM,RELC): (  8986577.3     0.94303317E-01 ) :: mgdynamicscalc
DefaultSolve: Solving linear system with default routines
SolveSystem: Solving linear system
SolveLinearSystem: Assuming real valued linear system
SolveLinearSystem: Assuming serial linear system
ScaleLinearSystem: Creating > DiagScaling < vector of size 2917
SolveLinearSystem: Linear System Preconditioning: ilu0
Prec0-ilu0: Elapsed REAL time:     0.0000 (s)
SolveLinearSystem: Serial linear System Solver: iterative
IterSolver: Using iterative method: cg
Prec-ilu0: Elapsed REAL time:     0.0000 (s)
ComputeNorm: Computing norm of solution
ComputeChange: NS (ITER=6) (NRM,RELC): (  13168448.     0.37750989     ) :: mgdynamicscalc
MagnetoDynamicsCalcFields: Solving for field: magnetic vector potential
DefaultSolve: Solving linear system with default routines
SolveSystem: Solving linear system
SolveLinearSystem: Assuming real valued linear system
SolveLinearSystem: Assuming serial linear system
ScaleLinearSystem: Creating > DiagScaling < vector of size 2917
SolveLinearSystem: Linear System Preconditioning: ilu0
Prec0-ilu0: Elapsed REAL time:     0.0000 (s)
SolveLinearSystem: Serial linear System Solver: iterative
IterSolver: Using iterative method: cg
Prec-ilu0: Elapsed REAL time:     0.0000 (s)
ComputeNorm: Computing norm of solution
ComputeChange: NS (ITER=7) (NRM,RELC): ( 0.47273623E-01  2.0000000     ) :: mgdynamicscalc
DefaultSolve: Solving linear system with default routines
SolveSystem: Solving linear system
SolveLinearSystem: Assuming real valued linear system
SolveLinearSystem: Assuming serial linear system
ScaleLinearSystem: Creating > DiagScaling < vector of size 2917
SolveLinearSystem: Linear System Preconditioning: ilu0
Prec0-ilu0: Elapsed REAL time:     0.0000 (s)
SolveLinearSystem: Serial linear System Solver: iterative
IterSolver: Using iterative method: cg
Prec-ilu0: Elapsed REAL time:     0.0000 (s)
ComputeNorm: Computing norm of solution
ComputeChange: NS (ITER=8) (NRM,RELC): ( 0.48229934E-01 0.20026717E-01 ) :: mgdynamicscalc
DefaultSolve: Solving linear system with default routines
SolveSystem: Solving linear system
SolveLinearSystem: Assuming real valued linear system
SolveLinearSystem: Assuming serial linear system
ScaleLinearSystem: Creating > DiagScaling < vector of size 2917
SolveLinearSystem: Linear System Preconditioning: ilu0
Prec0-ilu0: Elapsed REAL time:     0.0000 (s)
SolveLinearSystem: Serial linear System Solver: iterative
IterSolver: Using iterative method: cg
Prec-ilu0: Elapsed REAL time:     0.0000 (s)
ComputeNorm: Computing norm of solution
ComputeChange: NS (ITER=9) (NRM,RELC): ( 0.35635954E-01 0.30033616     ) :: mgdynamicscalc
MagnetoDynamicsCalcFields: Solving for field: current density[current density:3]
DefaultSolve: Solving linear system with default routines
SolveSystem: Solving linear system
SolveLinearSystem: Assuming real valued linear system
SolveLinearSystem: Assuming serial linear system
ScaleLinearSystem: Creating > DiagScaling < vector of size 2917
SolveLinearSystem: Linear System Preconditioning: ilu0
Prec0-ilu0: Elapsed REAL time:     0.0000 (s)
SolveLinearSystem: Serial linear System Solver: iterative
IterSolver: Using iterative method: cg
Prec-ilu0: Elapsed REAL time:     0.0000 (s)
ComputeNorm: Computing norm of solution
ComputeChange: NS (ITER=10) (NRM,RELC): (  62.358782      1.9977154     ) :: mgdynamicscalc
DefaultSolve: Solving linear system with default routines
SolveSystem: Solving linear system
SolveLinearSystem: Assuming real valued linear system
SolveLinearSystem: Assuming serial linear system
ScaleLinearSystem: Creating > DiagScaling < vector of size 2917
SolveLinearSystem: Linear System Preconditioning: ilu0
Prec0-ilu0: Elapsed REAL time:     0.0000 (s)
SolveLinearSystem: Serial linear System Solver: iterative
IterSolver: Using iterative method: cg
Prec-ilu0: Elapsed REAL time:     0.0000 (s)
ComputeNorm: Computing norm of solution
ComputeChange: NS (ITER=11) (NRM,RELC): (  70.638215     0.12450556     ) :: mgdynamicscalc
DefaultSolve: Solving linear system with default routines
SolveSystem: Solving linear system
SolveLinearSystem: Assuming real valued linear system
SolveLinearSystem: Assuming serial linear system
ScaleLinearSystem: Creating > DiagScaling < vector of size 2917
SolveLinearSystem: Linear System Preconditioning: ilu0
Prec0-ilu0: Elapsed REAL time:     0.0000 (s)
SolveLinearSystem: Serial linear System Solver: iterative
IterSolver: Using iterative method: cg
Prec-ilu0: Elapsed REAL time:     0.0000 (s)
ComputeNorm: Computing norm of solution
ComputeChange: NS (ITER=12) (NRM,RELC): (  1.0909465      1.9391630     ) :: mgdynamicscalc
MagnetoDynamicsCalcFields: Eddy current power:    1.219439E-06
MagnetoDynamicsCalcFields: ElectroMagnetic Field Energy:    6.654931E+05
SingleSolver: Attempting to call solver: 4
SingleSolver: Solver Equation string is: resultoutput
ResultOutputSolver: -------------------------------------
ResultOutputSolver: Dimension of mesh is: 3
ResultOutputSolver: Working on mesh 1: mesh with 2917 nodes
ResultOutputSolver: Saving in unstructured VTK XML (.vtu) format
VtuOutputSolver: Full filename base is: results/case
GenerateSaveMask: Number of active elements 18743 out of 18743
GenerateSaveMask: Number of geometry nodes 2917 out of 2917
VtuOutputSolver: Writing the vtu file: results/case_t0012.vtu
AscBinWriteInit: Initializing buffered ascii/binary writing
AscBinWriteInit: Writing in binary
AscBinWriteInit: Writing in double precision
AscBinWriteInit: Writing to unit number: 58
AscBinWriteInit: Size of buffer is: 2917
WriteVtuFile: Writing nodal fields
WriteVtuFile: Saving 1-component variable: meshrelax
WriteVtuFile: Saving 1-component variable: magnetic vector potential
WriteVtuFile: Saving 1-component variable: alpha
WriteVtuFile: Saving 1-component variable: beta
WriteVtuFile: Saving 1-component variable: w
WriteVtuFile: Saving 1-component variable: alpha direction
WriteVtuFile: Saving 1-component variable: beta direction
WriteVtuFile: Saving 1-component variable: w potential
WriteVtuFile: Saving 3-component variable: magnetic flux density
WriteVtuFile: Saving 3-component variable: magnetic field strength
WriteVtuFile: Saving 3-component variable: current density
WriteVtuFile: Saving 3-component variable: magnetic flux density e
WriteVtuFile: Saving 3-component variable: magnetic field strength e
WriteVtuFile: Saving 3-component variable: current density e
WriteVtuFile: Saving 3-component variable: w vector e
WriteVtuFile: Number of nodal fields written: 8
WriteVtuFile: Writing elemental fields
WriteVtuFile: Number of elemental fields written: 7
WriteVtuFile: Writing coordinates for each used node
WriteVtuFile: Writing the elemental connectivity data
WriteVtuFile: Writing nodal fields
WriteVtuFile: Saving 1-component variable: meshrelax
WriteVtuFile: Saving 1-component variable: magnetic vector potential
WriteVtuFile: Saving 1-component variable: alpha
WriteVtuFile: Saving 1-component variable: beta
WriteVtuFile: Saving 1-component variable: w
WriteVtuFile: Saving 1-component variable: alpha direction
WriteVtuFile: Saving 1-component variable: beta direction
WriteVtuFile: Saving 1-component variable: w potential
WriteVtuFile: Saving 3-component variable: magnetic flux density
WriteVtuFile: Saving 3-component variable: magnetic field strength
WriteVtuFile: Saving 3-component variable: current density
WriteVtuFile: Saving 3-component variable: magnetic flux density e
WriteVtuFile: Saving 3-component variable: magnetic field strength e
WriteVtuFile: Saving 3-component variable: current density e
WriteVtuFile: Saving 3-component variable: w vector e
WriteVtuFile: Writing elemental fields
AscBinWriteFree: Terminating buffered ascii/binary writing
VtuOutputSolver: All done for now
ResultOutputSolver: -------------------------------------
SingleSolver: Attempting to call solver: 11
SingleSolver: Solver Equation string is: savescalars
SaveScalars: -----------------------------------------
SaveScalars: Saving scalar values of various kinds
SaveScalars: Performed 2 reduction operations
SaveScalars: Found 13 result scalars in simulation section
SaveScalars: Saving results from component - if any
SaveScalars: Found 17 values to save in total
SaveScalars: Saving values to file: results/circuit.csv
SaveScalars: -----------------------------------------
MAIN: 
MAIN: -------------------------------------
MAIN: Time: 13/30:   2.600E-02
MAIN: Elapsed time:  1.7 minutes
MAIN: Estimated time left:  2.4 minutes
MAIN: -------------------------------------
MAIN: 
SingleSolver: Attempting to call solver: 9
SingleSolver: Solver Equation string is: circuits
AddComponentEquationsAndCouplings: Writing resistor equation, component 2
SingleSolver: Attempting to call solver: 10
SingleSolver: Solver Equation string is: circuits output
DefaultStart: Starting solver: circuits output
CircuitsOutput: Initializing Lagrange multipliers of size: 6
CircuitsOutput: Writing Circuit Results
CircuitsOutput: Writing Circuit Variables for Circuit 1
CircuitsOutput: There are 6 Circuit Variables
CircuitsOutput: i_testsource            2.0148E-03
CircuitsOutput: v_testsource            0.0000E+00
CircuitsOutput: i_component(1)          2.0148E-03
CircuitsOutput: v_component(1)         -2.0148E-02
CircuitsOutput: i_component(2)          2.0148E-03
CircuitsOutput: v_component(2)          2.0148E-02
CircuitsOutput: Writing Component Variables for Circuit 1
CircuitsOutput: r_component(1)          3.0169E-01
CircuitsOutput: p_dc_component(1)       1.2247E-06
CircuitsOutput: r_component(2)          1.0000E+01
CircuitsOutput: p_dc_component(2)       4.0593E-05
Circuit_ToMeshVariable: Adding circuit variables to be mesh variables
DefaultFinish: Finished solver: circuits output
SingleSolver: Attempting to call solver: 1
SingleSolver: Solver Equation string is: meshdeform
RigidMeshMapper: ---------------------------------------
RigidMeshMapper: Performing analytic mesh mapping
RigidMeshMapper: ---------------------------------------
DefaultFinish: Finished solver: meshdeform
SingleSolver: Attempting to call solver: 2
SingleSolver: Solver Equation string is: mgdynamics
WhitneyAVSolver: 
WhitneyAVSolver: -------------------------------------------------
WhitneyAVSolver: Solving transient AV equations with edge elements
DefaultStart: Starting solver: mgdynamics
MGDynAssembly: Elapsed REAL time:     0.3001 (s)
DefUtils::DefaultDirichletBCs: Setting Dirichlet boundary conditions
EnforceDirichletConditions: No Dirichlet conditions to enforce, exiting!
WhitneyAVSolver: Volume tree edges: 2916 of total: 19979
DefaultSolve: Solving linear system with default routines
SolveSystem: Solving linear system
SolveSystem: Solving linear system with linear restrictions!
SolveWithLinearRestriction: Freeing previous collection matrix structures
SolveWithLinearRestriction: Refactoring requested, creating fully new matrix
SolveWithLinearRestriction: Reverting CollectionMatrix back to CRS matrix
List_ToCRSMatrix: Changing matrix type with number of non-zeros: 650873
SolveWithLinearRestriction: Collection matrix creation time (CPU,REAL):     0.05    0.05 (s)
SolveWithLinearRestriction: Collection matrix increased with 6 rows and 2693 non-zeros
SolveWithLinearRestriction: Now solving the linear system with constraints!
SolveLinearSystem: Assuming real valued linear system
SolveLinearSystem: Assuming serial linear system
ScaleLinearSystem: Creating > DiagScaling < vector of size 22902
SolveLinearSystem: Serial linear System Solver: direct
DirectSolver: Using direct method: umfpack
ComputeChange: WARNING: Possible mismatch in length of vectors (22902 vs. 22896)!
ComputeNorm: Computing norm of solution
ComputeChange: Nonlinear iteration did not converge to tolerance
ComputeChange: NS (ITER=1) (NRM,RELC): ( 0.33680374E-03 0.23323471E-01 ) :: mgdynamics
SolveWithLinearRestriction: Picking solution from collection solution
SolveWithLinearRestriction: Separating Lagrange multiplier from collection solution
SolveWithLinearRestriction: All done
WhitneyAVSolver: Calculating lumped parameters
DefaultFinish: Finished solver: mgdynamics
WhitneyAVSolver: All done
WhitneyAVSolver: -------------------------------------------
SingleSolver: Attempting to call solver: 3
SingleSolver: Solver Equation string is: mgdynamicscalc
MagnetoDynamicsCalcFields: ------------------------------
MagnetoDynamicsCalcFields: Computing postprocessed fields
MagnetoDynamicsCalcFields: Using potential variable: magnetic vector potential
MagnetoDynamicsCalcFields: Number of components to compute: 12
MagnetoDynamicsCalcFields: Solving for field: magnetic flux density[magnetic flux density:3]
DefaultSolve: Solving linear system with default routines
SolveSystem: Solving linear system
SolveLinearSystem: Assuming real valued linear system
SolveLinearSystem: Assuming serial linear system
ScaleLinearSystem: Creating > DiagScaling < vector of size 2917
SolveLinearSystem: Linear System Preconditioning: ilu0
Prec0-ilu0: Elapsed REAL time:     0.0000 (s)
SolveLinearSystem: Serial linear System Solver: iterative
IterSolver: Using iterative method: cg
Prec-ilu0: Elapsed REAL time:     0.0000 (s)
ComputeNorm: Computing norm of solution
ComputeChange: NS (ITER=1) (NRM,RELC): (  10.106646      1.6102925     ) :: mgdynamicscalc
DefaultSolve: Solving linear system with default routines
SolveSystem: Solving linear system
SolveLinearSystem: Assuming real valued linear system
SolveLinearSystem: Assuming serial linear system
ScaleLinearSystem: Creating > DiagScaling < vector of size 2917
SolveLinearSystem: Linear System Preconditioning: ilu0
Prec0-ilu0: Elapsed REAL time:     0.0000 (s)
SolveLinearSystem: Serial linear System Solver: iterative
IterSolver: Using iterative method: cg
Prec-ilu0: Elapsed REAL time:     0.0000 (s)
ComputeNorm: Computing norm of solution
ComputeChange: NS (ITER=2) (NRM,RELC): (  11.128000     0.96196928E-01 ) :: mgdynamicscalc
DefaultSolve: Solving linear system with default routines
SolveSystem: Solving linear system
SolveLinearSystem: Assuming real valued linear system
SolveLinearSystem: Assuming serial linear system
ScaleLinearSystem: Creating > DiagScaling < vector of size 2917
SolveLinearSystem: Linear System Preconditioning: ilu0
Prec0-ilu0: Elapsed REAL time:     0.0000 (s)
SolveLinearSystem: Serial linear System Solver: iterative
IterSolver: Using iterative method: cg
Prec-ilu0: Elapsed REAL time:     0.0000 (s)
ComputeNorm: Computing norm of solution
ComputeChange: NS (ITER=3) (NRM,RELC): (  16.317616     0.37817455     ) :: mgdynamicscalc
MagnetoDynamicsCalcFields: Solving for field: magnetic field strength[magnetic field strength:3]
DefaultSolve: Solving linear system with default routines
SolveSystem: Solving linear system
SolveLinearSystem: Assuming real valued linear system
SolveLinearSystem: Assuming serial linear system
ScaleLinearSystem: Creating > DiagScaling < vector of size 2917
SolveLinearSystem: Linear System Preconditioning: ilu0
Prec0-ilu0: Elapsed REAL time:     0.0000 (s)
SolveLinearSystem: Serial linear System Solver: iterative
IterSolver: Using iterative method: cg
Prec-ilu0: Elapsed REAL time:     0.0000 (s)
ComputeNorm: Computing norm of solution
ComputeChange: NS (ITER=4) (NRM,RELC): (  8042620.2      1.9999919     ) :: mgdynamicscalc
DefaultSolve: Solving linear system with default routines
SolveSystem: Solving linear system
SolveLinearSystem: Assuming real valued linear system
SolveLinearSystem: Assuming serial linear system
ScaleLinearSystem: Creating > DiagScaling < vector of size 2917
SolveLinearSystem: Linear System Preconditioning: ilu0
Prec0-ilu0: Elapsed REAL time:     0.0000 (s)
SolveLinearSystem: Serial linear System Solver: iterative
IterSolver: Using iterative method: cg
Prec-ilu0: Elapsed REAL time:     0.0000 (s)
ComputeNorm: Computing norm of solution
ComputeChange: NS (ITER=5) (NRM,RELC): (  8855355.8     0.96193256E-01 ) :: mgdynamicscalc
DefaultSolve: Solving linear system with default routines
SolveSystem: Solving linear system
SolveLinearSystem: Assuming real valued linear system
SolveLinearSystem: Assuming serial linear system
ScaleLinearSystem: Creating > DiagScaling < vector of size 2917
SolveLinearSystem: Linear System Preconditioning: ilu0
Prec0-ilu0: Elapsed REAL time:     0.0000 (s)
SolveLinearSystem: Serial linear System Solver: iterative
IterSolver: Using iterative method: cg
Prec-ilu0: Elapsed REAL time:     0.0000 (s)
ComputeNorm: Computing norm of solution
ComputeChange: NS (ITER=6) (NRM,RELC): (  12975691.     0.37747478     ) :: mgdynamicscalc
MagnetoDynamicsCalcFields: Solving for field: magnetic vector potential
DefaultSolve: Solving linear system with default routines
SolveSystem: Solving linear system
SolveLinearSystem: Assuming real valued linear system
SolveLinearSystem: Assuming serial linear system
ScaleLinearSystem: Creating > DiagScaling < vector of size 2917
SolveLinearSystem: Linear System Preconditioning: ilu0
Prec0-ilu0: Elapsed REAL time:     0.0000 (s)
SolveLinearSystem: Serial linear System Solver: iterative
IterSolver: Using iterative method: cg
Prec-ilu0: Elapsed REAL time:     0.0000 (s)
ComputeNorm: Computing norm of solution
ComputeChange: NS (ITER=7) (NRM,RELC): ( 0.46984296E-01  2.0000000     ) :: mgdynamicscalc
DefaultSolve: Solving linear system with default routines
SolveSystem: Solving linear system
SolveLinearSystem: Assuming real valued linear system
SolveLinearSystem: Assuming serial linear system
ScaleLinearSystem: Creating > DiagScaling < vector of size 2917
SolveLinearSystem: Linear System Preconditioning: ilu0
Prec0-ilu0: Elapsed REAL time:     0.0000 (s)
SolveLinearSystem: Serial linear System Solver: iterative
IterSolver: Using iterative method: cg
Prec-ilu0: Elapsed REAL time:     0.0000 (s)
ComputeNorm: Computing norm of solution
ComputeChange: NS (ITER=8) (NRM,RELC): ( 0.47423962E-01 0.93141259E-02 ) :: mgdynamicscalc
DefaultSolve: Solving linear system with default routines
SolveSystem: Solving linear system
SolveLinearSystem: Assuming real valued linear system
SolveLinearSystem: Assuming serial linear system
ScaleLinearSystem: Creating > DiagScaling < vector of size 2917
SolveLinearSystem: Linear System Preconditioning: ilu0
Prec0-ilu0: Elapsed REAL time:     0.0000 (s)
SolveLinearSystem: Serial linear System Solver: iterative
IterSolver: Using iterative method: cg
Prec-ilu0: Elapsed REAL time:     0.0000 (s)
ComputeNorm: Computing norm of solution
ComputeChange: NS (ITER=9) (NRM,RELC): ( 0.35175923E-01 0.29656310     ) :: mgdynamicscalc
MagnetoDynamicsCalcFields: Solving for field: current density[current density:3]
DefaultSolve: Solving linear system with default routines
SolveSystem: Solving linear system
SolveLinearSystem: Assuming real valued linear system
SolveLinearSystem: Assuming serial linear system
ScaleLinearSystem: Creating > DiagScaling < vector of size 2917
SolveLinearSystem: Linear System Preconditioning: ilu0
Prec0-ilu0: Elapsed REAL time:     0.0000 (s)
SolveLinearSystem: Serial linear System Solver: iterative
IterSolver: Using iterative method: cg
Prec-ilu0: Elapsed REAL time:     0.0000 (s)
ComputeNorm: Computing norm of solution
ComputeChange: NS (ITER=10) (NRM,RELC): (  61.072616      1.9976975     ) :: mgdynamicscalc
DefaultSolve: Solving linear system with default routines
SolveSystem: Solving linear system
SolveLinearSystem: Assuming real valued linear system
SolveLinearSystem: Assuming serial linear system
ScaleLinearSystem: Creating > DiagScaling < vector of size 2917
SolveLinearSystem: Linear System Preconditioning: ilu0
Prec0-ilu0: Elapsed REAL time:     0.0000 (s)
SolveLinearSystem: Serial linear System Solver: iterative
IterSolver: Using iterative method: cg
Prec-ilu0: Elapsed REAL time:     0.0000 (s)
ComputeNorm: Computing norm of solution
ComputeChange: NS (ITER=11) (NRM,RELC): (  69.004751     0.12196027     ) :: mgdynamicscalc
DefaultSolve: Solving linear system with default routines
SolveSystem: Solving linear system
SolveLinearSystem: Assuming real valued linear system
SolveLinearSystem: Assuming serial linear system
ScaleLinearSystem: Creating > DiagScaling < vector of size 2917
SolveLinearSystem: Linear System Preconditioning: ilu0
Prec0-ilu0: Elapsed REAL time:     0.0000 (s)
SolveLinearSystem: Serial linear System Solver: iterative
IterSolver: Using iterative method: cg
Prec-ilu0: Elapsed REAL time:     0.0000 (s)
ComputeNorm: Computing norm of solution
ComputeChange: NS (ITER=12) (NRM,RELC): (  1.0652904      1.9391871     ) :: mgdynamicscalc
MagnetoDynamicsCalcFields: Eddy current power:    1.156416E-06
MagnetoDynamicsCalcFields: ElectroMagnetic Field Energy:    6.324546E+05
SingleSolver: Attempting to call solver: 4
SingleSolver: Solver Equation string is: resultoutput
ResultOutputSolver: -------------------------------------
ResultOutputSolver: Dimension of mesh is: 3
ResultOutputSolver: Working on mesh 1: mesh with 2917 nodes
ResultOutputSolver: Saving in unstructured VTK XML (.vtu) format
VtuOutputSolver: Full filename base is: results/case
GenerateSaveMask: Number of active elements 18743 out of 18743
GenerateSaveMask: Number of geometry nodes 2917 out of 2917
VtuOutputSolver: Writing the vtu file: results/case_t0013.vtu
AscBinWriteInit: Initializing buffered ascii/binary writing
AscBinWriteInit: Writing in binary
AscBinWriteInit: Writing in double precision
AscBinWriteInit: Writing to unit number: 58
AscBinWriteInit: Size of buffer is: 2917
WriteVtuFile: Writing nodal fields
WriteVtuFile: Saving 1-component variable: meshrelax
WriteVtuFile: Saving 1-component variable: magnetic vector potential
WriteVtuFile: Saving 1-component variable: alpha
WriteVtuFile: Saving 1-component variable: beta
WriteVtuFile: Saving 1-component variable: w
WriteVtuFile: Saving 1-component variable: alpha direction
WriteVtuFile: Saving 1-component variable: beta direction
WriteVtuFile: Saving 1-component variable: w potential
WriteVtuFile: Saving 3-component variable: magnetic flux density
WriteVtuFile: Saving 3-component variable: magnetic field strength
WriteVtuFile: Saving 3-component variable: current density
WriteVtuFile: Saving 3-component variable: magnetic flux density e
WriteVtuFile: Saving 3-component variable: magnetic field strength e
WriteVtuFile: Saving 3-component variable: current density e
WriteVtuFile: Saving 3-component variable: w vector e
WriteVtuFile: Number of nodal fields written: 8
WriteVtuFile: Writing elemental fields
WriteVtuFile: Number of elemental fields written: 7
WriteVtuFile: Writing coordinates for each used node
WriteVtuFile: Writing the elemental connectivity data
WriteVtuFile: Writing nodal fields
WriteVtuFile: Saving 1-component variable: meshrelax
WriteVtuFile: Saving 1-component variable: magnetic vector potential
WriteVtuFile: Saving 1-component variable: alpha
WriteVtuFile: Saving 1-component variable: beta
WriteVtuFile: Saving 1-component variable: w
WriteVtuFile: Saving 1-component variable: alpha direction
WriteVtuFile: Saving 1-component variable: beta direction
WriteVtuFile: Saving 1-component variable: w potential
WriteVtuFile: Saving 3-component variable: magnetic flux density
WriteVtuFile: Saving 3-component variable: magnetic field strength
WriteVtuFile: Saving 3-component variable: current density
WriteVtuFile: Saving 3-component variable: magnetic flux density e
WriteVtuFile: Saving 3-component variable: magnetic field strength e
WriteVtuFile: Saving 3-component variable: current density e
WriteVtuFile: Saving 3-component variable: w vector e
WriteVtuFile: Writing elemental fields
AscBinWriteFree: Terminating buffered ascii/binary writing
VtuOutputSolver: All done for now
ResultOutputSolver: -------------------------------------
SingleSolver: Attempting to call solver: 11
SingleSolver: Solver Equation string is: savescalars
SaveScalars: -----------------------------------------
SaveScalars: Saving scalar values of various kinds
SaveScalars: Performed 2 reduction operations
SaveScalars: Found 13 result scalars in simulation section
SaveScalars: Saving results from component - if any
SaveScalars: Found 17 values to save in total
SaveScalars: Saving values to file: results/circuit.csv
SaveScalars: -----------------------------------------
MAIN: 
MAIN: -------------------------------------
MAIN: Time: 14/30:   2.800E-02
MAIN: Elapsed time:  1.8 minutes
MAIN: Estimated time left:  2.3 minutes
MAIN: -------------------------------------
MAIN: 
SingleSolver: Attempting to call solver: 9
SingleSolver: Solver Equation string is: circuits
AddComponentEquationsAndCouplings: Writing resistor equation, component 2
SingleSolver: Attempting to call solver: 10
SingleSolver: Solver Equation string is: circuits output
DefaultStart: Starting solver: circuits output
CircuitsOutput: Initializing Lagrange multipliers of size: 6
CircuitsOutput: Writing Circuit Results
CircuitsOutput: Writing Circuit Variables for Circuit 1
CircuitsOutput: There are 6 Circuit Variables
CircuitsOutput: i_testsource            1.9618E-03
CircuitsOutput: v_testsource            0.0000E+00
CircuitsOutput: i_component(1)          1.9618E-03
CircuitsOutput: v_component(1)         -1.9618E-02
CircuitsOutput: i_component(2)          1.9618E-03
CircuitsOutput: v_component(2)          1.9618E-02
CircuitsOutput: Writing Component Variables for Circuit 1
CircuitsOutput: r_component(1)          3.0169E-01
CircuitsOutput: p_dc_component(1)       1.1611E-06
CircuitsOutput: r_component(2)          1.0000E+01
CircuitsOutput: p_dc_component(2)       3.8486E-05
Circuit_ToMeshVariable: Adding circuit variables to be mesh variables
DefaultFinish: Finished solver: circuits output
SingleSolver: Attempting to call solver: 1
SingleSolver: Solver Equation string is: meshdeform
RigidMeshMapper: ---------------------------------------
RigidMeshMapper: Performing analytic mesh mapping
RigidMeshMapper: ---------------------------------------
DefaultFinish: Finished solver: meshdeform
SingleSolver: Attempting to call solver: 2
SingleSolver: Solver Equation string is: mgdynamics
WhitneyAVSolver: 
WhitneyAVSolver: -------------------------------------------------
WhitneyAVSolver: Solving transient AV equations with edge elements
DefaultStart: Starting solver: mgdynamics
MGDynAssembly: Elapsed REAL time:     0.3143 (s)
DefUtils::DefaultDirichletBCs: Setting Dirichlet boundary conditions
EnforceDirichletConditions: No Dirichlet conditions to enforce, exiting!
WhitneyAVSolver: Volume tree edges: 2916 of total: 19979
DefaultSolve: Solving linear system with default routines
SolveSystem: Solving linear system
SolveSystem: Solving linear system with linear restrictions!
SolveWithLinearRestriction: Freeing previous collection matrix structures
SolveWithLinearRestriction: Refactoring requested, creating fully new matrix
SolveWithLinearRestriction: Reverting CollectionMatrix back to CRS matrix
List_ToCRSMatrix: Changing matrix type with number of non-zeros: 650873
SolveWithLinearRestriction: Collection matrix creation time (CPU,REAL):     0.04    0.05 (s)
SolveWithLinearRestriction: Collection matrix increased with 6 rows and 2693 non-zeros
SolveWithLinearRestriction: Now solving the linear system with constraints!
SolveLinearSystem: Assuming real valued linear system
SolveLinearSystem: Assuming serial linear system
ScaleLinearSystem: Creating > DiagScaling < vector of size 22902
SolveLinearSystem: Serial linear System Solver: direct
DirectSolver: Using direct method: umfpack
ComputeChange: WARNING: Possible mismatch in length of vectors (22902 vs. 22896)!
ComputeNorm: Computing norm of solution
ComputeChange: Nonlinear iteration did not converge to tolerance
ComputeChange: NS (ITER=1) (NRM,RELC): ( 0.32224822E-03 0.44171087E-01 ) :: mgdynamics
SolveWithLinearRestriction: Picking solution from collection solution
SolveWithLinearRestriction: Separating Lagrange multiplier from collection solution
SolveWithLinearRestriction: All done
WhitneyAVSolver: Calculating lumped parameters
DefaultFinish: Finished solver: mgdynamics
WhitneyAVSolver: All done
WhitneyAVSolver: -------------------------------------------
SingleSolver: Attempting to call solver: 3
SingleSolver: Solver Equation string is: mgdynamicscalc
MagnetoDynamicsCalcFields: ------------------------------
MagnetoDynamicsCalcFields: Computing postprocessed fields
MagnetoDynamicsCalcFields: Using potential variable: magnetic vector potential
MagnetoDynamicsCalcFields: Number of components to compute: 12
MagnetoDynamicsCalcFields: Solving for field: magnetic flux density[magnetic flux density:3]
DefaultSolve: Solving linear system with default routines
SolveSystem: Solving linear system
SolveLinearSystem: Assuming real valued linear system
SolveLinearSystem: Assuming serial linear system
ScaleLinearSystem: Creating > DiagScaling < vector of size 2917
SolveLinearSystem: Linear System Preconditioning: ilu0
Prec0-ilu0: Elapsed REAL time:     0.0000 (s)
SolveLinearSystem: Serial linear System Solver: iterative
IterSolver: Using iterative method: cg
Prec-ilu0: Elapsed REAL time:     0.0000 (s)
ComputeNorm: Computing norm of solution
ComputeChange: NS (ITER=1) (NRM,RELC): (  9.6473270      1.6022296     ) :: mgdynamicscalc
DefaultSolve: Solving linear system with default routines
SolveSystem: Solving linear system
SolveLinearSystem: Assuming real valued linear system
SolveLinearSystem: Assuming serial linear system
ScaleLinearSystem: Creating > DiagScaling < vector of size 2917
SolveLinearSystem: Linear System Preconditioning: ilu0
Prec0-ilu0: Elapsed REAL time:     0.0000 (s)
SolveLinearSystem: Serial linear System Solver: iterative
IterSolver: Using iterative method: cg
Prec-ilu0: Elapsed REAL time:     0.0000 (s)
ComputeNorm: Computing norm of solution
ComputeChange: NS (ITER=2) (NRM,RELC): (  10.632878     0.97193390E-01 ) :: mgdynamicscalc
DefaultSolve: Solving linear system with default routines
SolveSystem: Solving linear system
SolveLinearSystem: Assuming real valued linear system
SolveLinearSystem: Assuming serial linear system
ScaleLinearSystem: Creating > DiagScaling < vector of size 2917
SolveLinearSystem: Linear System Preconditioning: ilu0
Prec0-ilu0: Elapsed REAL time:     0.0000 (s)
SolveLinearSystem: Serial linear System Solver: iterative
IterSolver: Using iterative method: cg
Prec-ilu0: Elapsed REAL time:     0.0000 (s)
ComputeNorm: Computing norm of solution
ComputeChange: NS (ITER=3) (NRM,RELC): (  15.604295     0.37895981     ) :: mgdynamicscalc
MagnetoDynamicsCalcFields: Solving for field: magnetic field strength[magnetic field strength:3]
DefaultSolve: Solving linear system with default routines
SolveSystem: Solving linear system
SolveLinearSystem: Assuming real valued linear system
SolveLinearSystem: Assuming serial linear system
ScaleLinearSystem: Creating > DiagScaling < vector of size 2917
SolveLinearSystem: Linear System Preconditioning: ilu0
Prec0-ilu0: Elapsed REAL time:     0.0000 (s)
SolveLinearSystem: Serial linear System Solver: iterative
IterSolver: Using iterative method: cg
Prec-ilu0: Elapsed REAL time:     0.0000 (s)
ComputeNorm: Computing norm of solution
ComputeChange: NS (ITER=4) (NRM,RELC): (  7677104.5      1.9999919     ) :: mgdynamicscalc
DefaultSolve: Solving linear system with default routines
SolveSystem: Solving linear system
SolveLinearSystem: Assuming real valued linear system
SolveLinearSystem: Assuming serial linear system
ScaleLinearSystem: Creating > DiagScaling < vector of size 2917
SolveLinearSystem: Linear System Preconditioning: ilu0
Prec0-ilu0: Elapsed REAL time:     0.0000 (s)
SolveLinearSystem: Serial linear System Solver: iterative
IterSolver: Using iterative method: cg
Prec-ilu0: Elapsed REAL time:     0.0000 (s)
ComputeNorm: Computing norm of solution
ComputeChange: NS (ITER=5) (NRM,RELC): (  8461346.8     0.97189297E-01 ) :: mgdynamicscalc
DefaultSolve: Solving linear system with default routines
SolveSystem: Solving linear system
SolveLinearSystem: Assuming real valued linear system
SolveLinearSystem: Assuming serial linear system
ScaleLinearSystem: Creating > DiagScaling < vector of size 2917
SolveLinearSystem: Linear System Preconditioning: ilu0
Prec0-ilu0: Elapsed REAL time:     0.0000 (s)
SolveLinearSystem: Serial linear System Solver: iterative
IterSolver: Using iterative method: cg
Prec-ilu0: Elapsed REAL time:     0.0000 (s)
ComputeNorm: Computing norm of solution
ComputeChange: NS (ITER=6) (NRM,RELC): (  12408310.     0.37824899     ) :: mgdynamicscalc
MagnetoDynamicsCalcFields: Solving for field: magnetic vector potential
DefaultSolve: Solving linear system with default routines
SolveSystem: Solving linear system
SolveLinearSystem: Assuming real valued linear system
SolveLinearSystem: Assuming serial linear system
ScaleLinearSystem: Creating > DiagScaling < vector of size 2917
SolveLinearSystem: Linear System Preconditioning: ilu0
Prec0-ilu0: Elapsed REAL time:     0.0000 (s)
SolveLinearSystem: Serial linear System Solver: iterative
IterSolver: Using iterative method: cg
Prec-ilu0: Elapsed REAL time:     0.0000 (s)
ComputeNorm: Computing norm of solution
ComputeChange: NS (ITER=7) (NRM,RELC): ( 0.45964786E-01  2.0000000     ) :: mgdynamicscalc
DefaultSolve: Solving linear system with default routines
SolveSystem: Solving linear system
SolveLinearSystem: Assuming real valued linear system
SolveLinearSystem: Assuming serial linear system
ScaleLinearSystem: Creating > DiagScaling < vector of size 2917
SolveLinearSystem: Linear System Preconditioning: ilu0
Prec0-ilu0: Elapsed REAL time:     0.0000 (s)
SolveLinearSystem: Serial linear System Solver: iterative
IterSolver: Using iterative method: cg
Prec-ilu0: Elapsed REAL time:     0.0000 (s)
ComputeNorm: Computing norm of solution
ComputeChange: NS (ITER=8) (NRM,RELC): ( 0.46085236E-01 0.26170615E-02 ) :: mgdynamicscalc
DefaultSolve: Solving linear system with default routines
SolveSystem: Solving linear system
SolveLinearSystem: Assuming real valued linear system
SolveLinearSystem: Assuming serial linear system
ScaleLinearSystem: Creating > DiagScaling < vector of size 2917
SolveLinearSystem: Linear System Preconditioning: ilu0
Prec0-ilu0: Elapsed REAL time:     0.0000 (s)
SolveLinearSystem: Serial linear System Solver: iterative
IterSolver: Using iterative method: cg
Prec-ilu0: Elapsed REAL time:     0.0000 (s)
ComputeNorm: Computing norm of solution
ComputeChange: NS (ITER=9) (NRM,RELC): ( 0.34329033E-01 0.29239097     ) :: mgdynamicscalc
MagnetoDynamicsCalcFields: Solving for field: current density[current density:3]
DefaultSolve: Solving linear system with default routines
SolveSystem: Solving linear system
SolveLinearSystem: Assuming real valued linear system
SolveLinearSystem: Assuming serial linear system
ScaleLinearSystem: Creating > DiagScaling < vector of size 2917
SolveLinearSystem: Linear System Preconditioning: ilu0
Prec0-ilu0: Elapsed REAL time:     0.0000 (s)
SolveLinearSystem: Serial linear System Solver: iterative
IterSolver: Using iterative method: cg
Prec-ilu0: Elapsed REAL time:     0.0000 (s)
ComputeNorm: Computing norm of solution
ComputeChange: NS (ITER=10) (NRM,RELC): (  57.904847      1.9976300     ) :: mgdynamicscalc
DefaultSolve: Solving linear system with default routines
SolveSystem: Solving linear system
SolveLinearSystem: Assuming real valued linear system
SolveLinearSystem: Assuming serial linear system
ScaleLinearSystem: Creating > DiagScaling < vector of size 2917
SolveLinearSystem: Linear System Preconditioning: ilu0
Prec0-ilu0: Elapsed REAL time:     0.0000 (s)
SolveLinearSystem: Serial linear System Solver: iterative
IterSolver: Using iterative method: cg
Prec-ilu0: Elapsed REAL time:     0.0000 (s)
ComputeNorm: Computing norm of solution
ComputeChange: NS (ITER=11) (NRM,RELC): (  65.282733     0.11978296     ) :: mgdynamicscalc
DefaultSolve: Solving linear system with default routines
SolveSystem: Solving linear system
SolveLinearSystem: Assuming real valued linear system
SolveLinearSystem: Assuming serial linear system
ScaleLinearSystem: Creating > DiagScaling < vector of size 2917
SolveLinearSystem: Linear System Preconditioning: ilu0
Prec0-ilu0: Elapsed REAL time:     0.0000 (s)
SolveLinearSystem: Serial linear System Solver: iterative
IterSolver: Using iterative method: cg
Prec-ilu0: Elapsed REAL time:     0.0000 (s)
ComputeNorm: Computing norm of solution
ComputeChange: NS (ITER=12) (NRM,RELC): (  1.0076591      1.9391973     ) :: mgdynamicscalc
MagnetoDynamicsCalcFields: Eddy current power:    1.030133E-06
MagnetoDynamicsCalcFields: ElectroMagnetic Field Energy:    5.652860E+05
SingleSolver: Attempting to call solver: 4
SingleSolver: Solver Equation string is: resultoutput
ResultOutputSolver: -------------------------------------
ResultOutputSolver: Dimension of mesh is: 3
ResultOutputSolver: Working on mesh 1: mesh with 2917 nodes
ResultOutputSolver: Saving in unstructured VTK XML (.vtu) format
VtuOutputSolver: Full filename base is: results/case
GenerateSaveMask: Number of active elements 18743 out of 18743
GenerateSaveMask: Number of geometry nodes 2917 out of 2917
VtuOutputSolver: Writing the vtu file: results/case_t0014.vtu
AscBinWriteInit: Initializing buffered ascii/binary writing
AscBinWriteInit: Writing in binary
AscBinWriteInit: Writing in double precision
AscBinWriteInit: Writing to unit number: 58
AscBinWriteInit: Size of buffer is: 2917
WriteVtuFile: Writing nodal fields
WriteVtuFile: Saving 1-component variable: meshrelax
WriteVtuFile: Saving 1-component variable: magnetic vector potential
WriteVtuFile: Saving 1-component variable: alpha
WriteVtuFile: Saving 1-component variable: beta
WriteVtuFile: Saving 1-component variable: w
WriteVtuFile: Saving 1-component variable: alpha direction
WriteVtuFile: Saving 1-component variable: beta direction
WriteVtuFile: Saving 1-component variable: w potential
WriteVtuFile: Saving 3-component variable: magnetic flux density
WriteVtuFile: Saving 3-component variable: magnetic field strength
WriteVtuFile: Saving 3-component variable: current density
WriteVtuFile: Saving 3-component variable: magnetic flux density e
WriteVtuFile: Saving 3-component variable: magnetic field strength e
WriteVtuFile: Saving 3-component variable: current density e
WriteVtuFile: Saving 3-component variable: w vector e
WriteVtuFile: Number of nodal fields written: 8
WriteVtuFile: Writing elemental fields
WriteVtuFile: Number of elemental fields written: 7
WriteVtuFile: Writing coordinates for each used node
WriteVtuFile: Writing the elemental connectivity data
WriteVtuFile: Writing nodal fields
WriteVtuFile: Saving 1-component variable: meshrelax
WriteVtuFile: Saving 1-component variable: magnetic vector potential
WriteVtuFile: Saving 1-component variable: alpha
WriteVtuFile: Saving 1-component variable: beta
WriteVtuFile: Saving 1-component variable: w
WriteVtuFile: Saving 1-component variable: alpha direction
WriteVtuFile: Saving 1-component variable: beta direction
WriteVtuFile: Saving 1-component variable: w potential
WriteVtuFile: Saving 3-component variable: magnetic flux density
WriteVtuFile: Saving 3-component variable: magnetic field strength
WriteVtuFile: Saving 3-component variable: current density
WriteVtuFile: Saving 3-component variable: magnetic flux density e
WriteVtuFile: Saving 3-component variable: magnetic field strength e
WriteVtuFile: Saving 3-component variable: current density e
WriteVtuFile: Saving 3-component variable: w vector e
WriteVtuFile: Writing elemental fields
AscBinWriteFree: Terminating buffered ascii/binary writing
VtuOutputSolver: All done for now
ResultOutputSolver: -------------------------------------
SingleSolver: Attempting to call solver: 11
SingleSolver: Solver Equation string is: savescalars
SaveScalars: -----------------------------------------
SaveScalars: Saving scalar values of various kinds
SaveScalars: Performed 2 reduction operations
SaveScalars: Found 13 result scalars in simulation section
SaveScalars: Saving results from component - if any
SaveScalars: Found 17 values to save in total
SaveScalars: Saving values to file: results/circuit.csv
SaveScalars: -----------------------------------------
MAIN: 
MAIN: -------------------------------------
MAIN: Time: 15/30:   3.000E-02
MAIN: Elapsed time:  2.0 minutes
MAIN: Estimated time left:  2.1 minutes
MAIN: -------------------------------------
MAIN: 
SingleSolver: Attempting to call solver: 9
SingleSolver: Solver Equation string is: circuits
AddComponentEquationsAndCouplings: Writing resistor equation, component 2
SingleSolver: Attempting to call solver: 10
SingleSolver: Solver Equation string is: circuits output
DefaultStart: Starting solver: circuits output
CircuitsOutput: Initializing Lagrange multipliers of size: 6
CircuitsOutput: Writing Circuit Results
CircuitsOutput: Writing Circuit Variables for Circuit 1
CircuitsOutput: There are 6 Circuit Variables
CircuitsOutput: i_testsource            1.8509E-03
CircuitsOutput: v_testsource            0.0000E+00
CircuitsOutput: i_component(1)          1.8509E-03
CircuitsOutput: v_component(1)         -1.8509E-02
CircuitsOutput: i_component(2)          1.8509E-03
CircuitsOutput: v_component(2)          1.8509E-02
CircuitsOutput: Writing Component Variables for Circuit 1
CircuitsOutput: r_component(1)          3.0169E-01
CircuitsOutput: p_dc_component(1)       1.0336E-06
CircuitsOutput: r_component(2)          1.0000E+01
CircuitsOutput: p_dc_component(2)       3.4258E-05
Circuit_ToMeshVariable: Adding circuit variables to be mesh variables
DefaultFinish: Finished solver: circuits output
SingleSolver: Attempting to call solver: 1
SingleSolver: Solver Equation string is: meshdeform
RigidMeshMapper: ---------------------------------------
RigidMeshMapper: Performing analytic mesh mapping
RigidMeshMapper: ---------------------------------------
DefaultFinish: Finished solver: meshdeform
SingleSolver: Attempting to call solver: 2
SingleSolver: Solver Equation string is: mgdynamics
WhitneyAVSolver: 
WhitneyAVSolver: -------------------------------------------------
WhitneyAVSolver: Solving transient AV equations with edge elements
DefaultStart: Starting solver: mgdynamics
MGDynAssembly: Elapsed REAL time:     0.3087 (s)
DefUtils::DefaultDirichletBCs: Setting Dirichlet boundary conditions
EnforceDirichletConditions: No Dirichlet conditions to enforce, exiting!
WhitneyAVSolver: Volume tree edges: 2916 of total: 19979
DefaultSolve: Solving linear system with default routines
SolveSystem: Solving linear system
SolveSystem: Solving linear system with linear restrictions!
SolveWithLinearRestriction: Freeing previous collection matrix structures
SolveWithLinearRestriction: Refactoring requested, creating fully new matrix
SolveWithLinearRestriction: Reverting CollectionMatrix back to CRS matrix
List_ToCRSMatrix: Changing matrix type with number of non-zeros: 650873
SolveWithLinearRestriction: Collection matrix creation time (CPU,REAL):     0.05    0.05 (s)
SolveWithLinearRestriction: Collection matrix increased with 6 rows and 2693 non-zeros
SolveWithLinearRestriction: Now solving the linear system with constraints!
SolveLinearSystem: Assuming real valued linear system
SolveLinearSystem: Assuming serial linear system
ScaleLinearSystem: Creating > DiagScaling < vector of size 22902
SolveLinearSystem: Serial linear System Solver: direct
DirectSolver: Using direct method: umfpack
ComputeChange: WARNING: Possible mismatch in length of vectors (22902 vs. 22896)!
ComputeNorm: Computing norm of solution
ComputeChange: Nonlinear iteration did not converge to tolerance
ComputeChange: NS (ITER=1) (NRM,RELC): ( 0.29077276E-03 0.10268966     ) :: mgdynamics
SolveWithLinearRestriction: Picking solution from collection solution
SolveWithLinearRestriction: Separating Lagrange multiplier from collection solution
SolveWithLinearRestriction: All done
WhitneyAVSolver: Calculating lumped parameters
DefaultFinish: Finished solver: mgdynamics
WhitneyAVSolver: All done
WhitneyAVSolver: -------------------------------------------
SingleSolver: Attempting to call solver: 3
SingleSolver: Solver Equation string is: mgdynamicscalc
MagnetoDynamicsCalcFields: ------------------------------
MagnetoDynamicsCalcFields: Computing postprocessed fields
MagnetoDynamicsCalcFields: Using potential variable: magnetic vector potential
MagnetoDynamicsCalcFields: Number of components to compute: 12
MagnetoDynamicsCalcFields: Solving for field: magnetic flux density[magnetic flux density:3]
DefaultSolve: Solving linear system with default routines
SolveSystem: Solving linear system
SolveLinearSystem: Assuming real valued linear system
SolveLinearSystem: Assuming serial linear system
ScaleLinearSystem: Creating > DiagScaling < vector of size 2917
SolveLinearSystem: Linear System Preconditioning: ilu0
Prec0-ilu0: Elapsed REAL time:     0.0000 (s)
SolveLinearSystem: Serial linear System Solver: iterative
IterSolver: Using iterative method: cg
Prec-ilu0: Elapsed REAL time:     0.0000 (s)
ComputeNorm: Computing norm of solution
ComputeChange: NS (ITER=1) (NRM,RELC): (  8.3387937      1.5687523     ) :: mgdynamicscalc
DefaultSolve: Solving linear system with default routines
SolveSystem: Solving linear system
SolveLinearSystem: Assuming real valued linear system
SolveLinearSystem: Assuming serial linear system
ScaleLinearSystem: Creating > DiagScaling < vector of size 2917
SolveLinearSystem: Linear System Preconditioning: ilu0
Prec0-ilu0: Elapsed REAL time:     0.0000 (s)
SolveLinearSystem: Serial linear System Solver: iterative
IterSolver: Using iterative method: cg
Prec-ilu0: Elapsed REAL time:     0.0000 (s)
ComputeNorm: Computing norm of solution
ComputeChange: NS (ITER=2) (NRM,RELC): (  9.2000473     0.98211009E-01 ) :: mgdynamicscalc
DefaultSolve: Solving linear system with default routines
SolveSystem: Solving linear system
SolveLinearSystem: Assuming real valued linear system
SolveLinearSystem: Assuming serial linear system
ScaleLinearSystem: Creating > DiagScaling < vector of size 2917
SolveLinearSystem: Linear System Preconditioning: ilu0
Prec0-ilu0: Elapsed REAL time:     0.0000 (s)
SolveLinearSystem: Serial linear System Solver: iterative
IterSolver: Using iterative method: cg
Prec-ilu0: Elapsed REAL time:     0.0000 (s)
ComputeNorm: Computing norm of solution
ComputeChange: NS (ITER=3) (NRM,RELC): (  13.704810     0.39334564     ) :: mgdynamicscalc
MagnetoDynamicsCalcFields: Solving for field: magnetic field strength[magnetic field strength:3]
DefaultSolve: Solving linear system with default routines
SolveSystem: Solving linear system
SolveLinearSystem: Assuming real valued linear system
SolveLinearSystem: Assuming serial linear system
ScaleLinearSystem: Creating > DiagScaling < vector of size 2917
SolveLinearSystem: Linear System Preconditioning: ilu0
Prec0-ilu0: Elapsed REAL time:     0.0000 (s)
SolveLinearSystem: Serial linear System Solver: iterative
IterSolver: Using iterative method: cg
Prec-ilu0: Elapsed REAL time:     0.0000 (s)
ComputeNorm: Computing norm of solution
ComputeChange: NS (ITER=4) (NRM,RELC): (  6635805.3      1.9999917     ) :: mgdynamicscalc
DefaultSolve: Solving linear system with default routines
SolveSystem: Solving linear system
SolveLinearSystem: Assuming real valued linear system
SolveLinearSystem: Assuming serial linear system
ScaleLinearSystem: Creating > DiagScaling < vector of size 2917
SolveLinearSystem: Linear System Preconditioning: ilu0
Prec0-ilu0: Elapsed REAL time:     0.0000 (s)
SolveLinearSystem: Serial linear System Solver: iterative
IterSolver: Using iterative method: cg
Prec-ilu0: Elapsed REAL time:     0.0000 (s)
ComputeNorm: Computing norm of solution
ComputeChange: NS (ITER=5) (NRM,RELC): (  7321132.8     0.98205999E-01 ) :: mgdynamicscalc
DefaultSolve: Solving linear system with default routines
SolveSystem: Solving linear system
SolveLinearSystem: Assuming real valued linear system
SolveLinearSystem: Assuming serial linear system
ScaleLinearSystem: Creating > DiagScaling < vector of size 2917
SolveLinearSystem: Linear System Preconditioning: ilu0
Prec0-ilu0: Elapsed REAL time:     0.0000 (s)
SolveLinearSystem: Serial linear System Solver: iterative
IterSolver: Using iterative method: cg
Prec-ilu0: Elapsed REAL time:     0.0000 (s)
ComputeNorm: Computing norm of solution
ComputeChange: NS (ITER=6) (NRM,RELC): (  10896319.     0.39250120     ) :: mgdynamicscalc
MagnetoDynamicsCalcFields: Solving for field: magnetic vector potential
DefaultSolve: Solving linear system with default routines
SolveSystem: Solving linear system
SolveLinearSystem: Assuming real valued linear system
SolveLinearSystem: Assuming serial linear system
ScaleLinearSystem: Creating > DiagScaling < vector of size 2917
SolveLinearSystem: Linear System Preconditioning: ilu0
Prec0-ilu0: Elapsed REAL time:     0.0000 (s)
SolveLinearSystem: Serial linear System Solver: iterative
IterSolver: Using iterative method: cg
Prec-ilu0: Elapsed REAL time:     0.0000 (s)
ComputeNorm: Computing norm of solution
ComputeChange: NS (ITER=7) (NRM,RELC): ( 0.42639614E-01  2.0000000     ) :: mgdynamicscalc
DefaultSolve: Solving linear system with default routines
SolveSystem: Solving linear system
SolveLinearSystem: Assuming real valued linear system
SolveLinearSystem: Assuming serial linear system
ScaleLinearSystem: Creating > DiagScaling < vector of size 2917
SolveLinearSystem: Linear System Preconditioning: ilu0
Prec0-ilu0: Elapsed REAL time:     0.0000 (s)
SolveLinearSystem: Serial linear System Solver: iterative
IterSolver: Using iterative method: cg
Prec-ilu0: Elapsed REAL time:     0.0000 (s)
ComputeNorm: Computing norm of solution
ComputeChange: NS (ITER=8) (NRM,RELC): ( 0.42837719E-01 0.46352849E-02 ) :: mgdynamicscalc
DefaultSolve: Solving linear system with default routines
SolveSystem: Solving linear system
SolveLinearSystem: Assuming real valued linear system
SolveLinearSystem: Assuming serial linear system
ScaleLinearSystem: Creating > DiagScaling < vector of size 2917
SolveLinearSystem: Linear System Preconditioning: ilu0
Prec0-ilu0: Elapsed REAL time:     0.0000 (s)
SolveLinearSystem: Serial linear System Solver: iterative
IterSolver: Using iterative method: cg
Prec-ilu0: Elapsed REAL time:     0.0000 (s)
ComputeNorm: Computing norm of solution
ComputeChange: NS (ITER=9) (NRM,RELC): ( 0.32505219E-01 0.27427920     ) :: mgdynamicscalc
MagnetoDynamicsCalcFields: Solving for field: current density[current density:3]
DefaultSolve: Solving linear system with default routines
SolveSystem: Solving linear system
SolveLinearSystem: Assuming real valued linear system
SolveLinearSystem: Assuming serial linear system
ScaleLinearSystem: Creating > DiagScaling < vector of size 2917
SolveLinearSystem: Linear System Preconditioning: ilu0
Prec0-ilu0: Elapsed REAL time:     0.0000 (s)
SolveLinearSystem: Serial linear System Solver: iterative
IterSolver: Using iterative method: cg
Prec-ilu0: Elapsed REAL time:     0.0000 (s)
ComputeNorm: Computing norm of solution
ComputeChange: NS (ITER=10) (NRM,RELC): (  50.144560      1.9974088     ) :: mgdynamicscalc
DefaultSolve: Solving linear system with default routines
SolveSystem: Solving linear system
SolveLinearSystem: Assuming real valued linear system
SolveLinearSystem: Assuming serial linear system
ScaleLinearSystem: Creating > DiagScaling < vector of size 2917
SolveLinearSystem: Linear System Preconditioning: ilu0
Prec0-ilu0: Elapsed REAL time:     0.0000 (s)
SolveLinearSystem: Serial linear System Solver: iterative
IterSolver: Using iterative method: cg
Prec-ilu0: Elapsed REAL time:     0.0000 (s)
ComputeNorm: Computing norm of solution
ComputeChange: NS (ITER=11) (NRM,RELC): (  56.652015     0.12186637     ) :: mgdynamicscalc
DefaultSolve: Solving linear system with default routines
SolveSystem: Solving linear system
SolveLinearSystem: Assuming real valued linear system
SolveLinearSystem: Assuming serial linear system
ScaleLinearSystem: Creating > DiagScaling < vector of size 2917
SolveLinearSystem: Linear System Preconditioning: ilu0
Prec0-ilu0: Elapsed REAL time:     0.0000 (s)
SolveLinearSystem: Serial linear System Solver: iterative
IterSolver: Using iterative method: cg
Prec-ilu0: Elapsed REAL time:     0.0000 (s)
ComputeNorm: Computing norm of solution
ComputeChange: NS (ITER=12) (NRM,RELC): ( 0.87548112      1.9391261     ) :: mgdynamicscalc
MagnetoDynamicsCalcFields: Eddy current power:    7.799390E-07
MagnetoDynamicsCalcFields: ElectroMagnetic Field Energy:    4.783982E+05
SingleSolver: Attempting to call solver: 4
SingleSolver: Solver Equation string is: resultoutput
ResultOutputSolver: -------------------------------------
ResultOutputSolver: Dimension of mesh is: 3
ResultOutputSolver: Working on mesh 1: mesh with 2917 nodes
ResultOutputSolver: Saving in unstructured VTK XML (.vtu) format
VtuOutputSolver: Full filename base is: results/case
GenerateSaveMask: Number of active elements 18743 out of 18743
GenerateSaveMask: Number of geometry nodes 2917 out of 2917
VtuOutputSolver: Writing the vtu file: results/case_t0015.vtu
AscBinWriteInit: Initializing buffered ascii/binary writing
AscBinWriteInit: Writing in binary
AscBinWriteInit: Writing in double precision
AscBinWriteInit: Writing to unit number: 58
AscBinWriteInit: Size of buffer is: 2917
WriteVtuFile: Writing nodal fields
WriteVtuFile: Saving 1-component variable: meshrelax
WriteVtuFile: Saving 1-component variable: magnetic vector potential
WriteVtuFile: Saving 1-component variable: alpha
WriteVtuFile: Saving 1-component variable: beta
WriteVtuFile: Saving 1-component variable: w
WriteVtuFile: Saving 1-component variable: alpha direction
WriteVtuFile: Saving 1-component variable: beta direction
WriteVtuFile: Saving 1-component variable: w potential
WriteVtuFile: Saving 3-component variable: magnetic flux density
WriteVtuFile: Saving 3-component variable: magnetic field strength
WriteVtuFile: Saving 3-component variable: current density
WriteVtuFile: Saving 3-component variable: magnetic flux density e
WriteVtuFile: Saving 3-component variable: magnetic field strength e
WriteVtuFile: Saving 3-component variable: current density e
WriteVtuFile: Saving 3-component variable: w vector e
WriteVtuFile: Number of nodal fields written: 8
WriteVtuFile: Writing elemental fields
WriteVtuFile: Number of elemental fields written: 7
WriteVtuFile: Writing coordinates for each used node
WriteVtuFile: Writing the elemental connectivity data
WriteVtuFile: Writing nodal fields
WriteVtuFile: Saving 1-component variable: meshrelax
WriteVtuFile: Saving 1-component variable: magnetic vector potential
WriteVtuFile: Saving 1-component variable: alpha
WriteVtuFile: Saving 1-component variable: beta
WriteVtuFile: Saving 1-component variable: w
WriteVtuFile: Saving 1-component variable: alpha direction
WriteVtuFile: Saving 1-component variable: beta direction
WriteVtuFile: Saving 1-component variable: w potential
WriteVtuFile: Saving 3-component variable: magnetic flux density
WriteVtuFile: Saving 3-component variable: magnetic field strength
WriteVtuFile: Saving 3-component variable: current density
WriteVtuFile: Saving 3-component variable: magnetic flux density e
WriteVtuFile: Saving 3-component variable: magnetic field strength e
WriteVtuFile: Saving 3-component variable: current density e
WriteVtuFile: Saving 3-component variable: w vector e
WriteVtuFile: Writing elemental fields
AscBinWriteFree: Terminating buffered ascii/binary writing
VtuOutputSolver: All done for now
ResultOutputSolver: -------------------------------------
SingleSolver: Attempting to call solver: 11
SingleSolver: Solver Equation string is: savescalars
SaveScalars: -----------------------------------------
SaveScalars: Saving scalar values of various kinds
SaveScalars: Performed 2 reduction operations
SaveScalars: Found 13 result scalars in simulation section
SaveScalars: Saving results from component - if any
SaveScalars: Found 17 values to save in total
SaveScalars: Saving values to file: results/circuit.csv
SaveScalars: -----------------------------------------
MAIN: 
MAIN: -------------------------------------
MAIN: Time: 16/30:   3.200E-02
MAIN: Elapsed time:  2.1 minutes
MAIN: Estimated time left:  2.1 minutes
MAIN: -------------------------------------
MAIN: 
SingleSolver: Attempting to call solver: 9
SingleSolver: Solver Equation string is: circuits
AddComponentEquationsAndCouplings: Writing resistor equation, component 2
SingleSolver: Attempting to call solver: 10
SingleSolver: Solver Equation string is: circuits output
DefaultStart: Starting solver: circuits output
CircuitsOutput: Initializing Lagrange multipliers of size: 6
CircuitsOutput: Writing Circuit Results
CircuitsOutput: Writing Circuit Variables for Circuit 1
CircuitsOutput: There are 6 Circuit Variables
CircuitsOutput: i_testsource            1.6090E-03
CircuitsOutput: v_testsource            0.0000E+00
CircuitsOutput: i_component(1)          1.6090E-03
CircuitsOutput: v_component(1)         -1.6090E-02
CircuitsOutput: i_component(2)          1.6090E-03
CircuitsOutput: v_component(2)          1.6090E-02
CircuitsOutput: Writing Component Variables for Circuit 1
CircuitsOutput: r_component(1)          3.0169E-01
CircuitsOutput: p_dc_component(1)       7.8104E-07
CircuitsOutput: r_component(2)          1.0000E+01
CircuitsOutput: p_dc_component(2)       2.5889E-05
Circuit_ToMeshVariable: Adding circuit variables to be mesh variables
DefaultFinish: Finished solver: circuits output
SingleSolver: Attempting to call solver: 1
SingleSolver: Solver Equation string is: meshdeform
RigidMeshMapper: ---------------------------------------
RigidMeshMapper: Performing analytic mesh mapping
RigidMeshMapper: ---------------------------------------
DefaultFinish: Finished solver: meshdeform
SingleSolver: Attempting to call solver: 2
SingleSolver: Solver Equation string is: mgdynamics
WhitneyAVSolver: 
WhitneyAVSolver: -------------------------------------------------
WhitneyAVSolver: Solving transient AV equations with edge elements
DefaultStart: Starting solver: mgdynamics
MGDynAssembly: Elapsed REAL time:     0.2941 (s)
DefUtils::DefaultDirichletBCs: Setting Dirichlet boundary conditions
EnforceDirichletConditions: No Dirichlet conditions to enforce, exiting!
WhitneyAVSolver: Volume tree edges: 2916 of total: 19979
DefaultSolve: Solving linear system with default routines
SolveSystem: Solving linear system
SolveSystem: Solving linear system with linear restrictions!
SolveWithLinearRestriction: Freeing previous collection matrix structures
SolveWithLinearRestriction: Refactoring requested, creating fully new matrix
SolveWithLinearRestriction: Reverting CollectionMatrix back to CRS matrix
List_ToCRSMatrix: Changing matrix type with number of non-zeros: 650873
SolveWithLinearRestriction: Collection matrix creation time (CPU,REAL):     0.05    0.05 (s)
SolveWithLinearRestriction: Collection matrix increased with 6 rows and 2693 non-zeros
SolveWithLinearRestriction: Now solving the linear system with constraints!
SolveLinearSystem: Assuming real valued linear system
SolveLinearSystem: Assuming serial linear system
ScaleLinearSystem: Creating > DiagScaling < vector of size 22902
SolveLinearSystem: Serial linear System Solver: direct
DirectSolver: Using direct method: umfpack
ComputeChange: WARNING: Possible mismatch in length of vectors (22902 vs. 22896)!
ComputeNorm: Computing norm of solution
ComputeChange: Nonlinear iteration did not converge to tolerance
ComputeChange: NS (ITER=1) (NRM,RELC): ( 0.26649493E-03 0.87131658E-01 ) :: mgdynamics
SolveWithLinearRestriction: Picking solution from collection solution
SolveWithLinearRestriction: Separating Lagrange multiplier from collection solution
SolveWithLinearRestriction: All done
WhitneyAVSolver: Calculating lumped parameters
DefaultFinish: Finished solver: mgdynamics
WhitneyAVSolver: All done
WhitneyAVSolver: -------------------------------------------
SingleSolver: Attempting to call solver: 3
SingleSolver: Solver Equation string is: mgdynamicscalc
MagnetoDynamicsCalcFields: ------------------------------
MagnetoDynamicsCalcFields: Computing postprocessed fields
MagnetoDynamicsCalcFields: Using potential variable: magnetic vector potential
MagnetoDynamicsCalcFields: Number of components to compute: 12
MagnetoDynamicsCalcFields: Solving for field: magnetic flux density[magnetic flux density:3]
DefaultSolve: Solving linear system with default routines
SolveSystem: Solving linear system
SolveLinearSystem: Assuming real valued linear system
SolveLinearSystem: Assuming serial linear system
ScaleLinearSystem: Creating > DiagScaling < vector of size 2917
SolveLinearSystem: Linear System Preconditioning: ilu0
Prec0-ilu0: Elapsed REAL time:     0.0000 (s)
SolveLinearSystem: Serial linear System Solver: iterative
IterSolver: Using iterative method: cg
Prec-ilu0: Elapsed REAL time:     0.0000 (s)
ComputeNorm: Computing norm of solution
ComputeChange: NS (ITER=1) (NRM,RELC): (  7.2182162      1.5673270     ) :: mgdynamicscalc
DefaultSolve: Solving linear system with default routines
SolveSystem: Solving linear system
SolveLinearSystem: Assuming real valued linear system
SolveLinearSystem: Assuming serial linear system
ScaleLinearSystem: Creating > DiagScaling < vector of size 2917
SolveLinearSystem: Linear System Preconditioning: ilu0
Prec0-ilu0: Elapsed REAL time:     0.0000 (s)
SolveLinearSystem: Serial linear System Solver: iterative
IterSolver: Using iterative method: cg
Prec-ilu0: Elapsed REAL time:     0.0000 (s)
ComputeNorm: Computing norm of solution
ComputeChange: NS (ITER=2) (NRM,RELC): (  7.7261415     0.67975535E-01 ) :: mgdynamicscalc
DefaultSolve: Solving linear system with default routines
SolveSystem: Solving linear system
SolveLinearSystem: Assuming real valued linear system
SolveLinearSystem: Assuming serial linear system
ScaleLinearSystem: Creating > DiagScaling < vector of size 2917
SolveLinearSystem: Linear System Preconditioning: ilu0
Prec0-ilu0: Elapsed REAL time:     0.0000 (s)
SolveLinearSystem: Serial linear System Solver: iterative
IterSolver: Using iterative method: cg
Prec-ilu0: Elapsed REAL time:     0.0000 (s)
ComputeNorm: Computing norm of solution
ComputeChange: NS (ITER=3) (NRM,RELC): (  12.249891     0.45291768     ) :: mgdynamicscalc
MagnetoDynamicsCalcFields: Solving for field: magnetic field strength[magnetic field strength:3]
DefaultSolve: Solving linear system with default routines
SolveSystem: Solving linear system
SolveLinearSystem: Assuming real valued linear system
SolveLinearSystem: Assuming serial linear system
ScaleLinearSystem: Creating > DiagScaling < vector of size 2917
SolveLinearSystem: Linear System Preconditioning: ilu0
Prec0-ilu0: Elapsed REAL time:     0.0000 (s)
SolveLinearSystem: Serial linear System Solver: iterative
IterSolver: Using iterative method: cg
Prec-ilu0: Elapsed REAL time:     0.0000 (s)
ComputeNorm: Computing norm of solution
ComputeChange: NS (ITER=4) (NRM,RELC): (  5744082.0      1.9999915     ) :: mgdynamicscalc
DefaultSolve: Solving linear system with default routines
SolveSystem: Solving linear system
SolveLinearSystem: Assuming real valued linear system
SolveLinearSystem: Assuming serial linear system
ScaleLinearSystem: Creating > DiagScaling < vector of size 2917
SolveLinearSystem: Linear System Preconditioning: ilu0
Prec0-ilu0: Elapsed REAL time:     0.0000 (s)
SolveLinearSystem: Serial linear System Solver: iterative
IterSolver: Using iterative method: cg
Prec-ilu0: Elapsed REAL time:     0.0000 (s)
ComputeNorm: Computing norm of solution
ComputeChange: NS (ITER=5) (NRM,RELC): (  6148241.3     0.67969782E-01 ) :: mgdynamicscalc
DefaultSolve: Solving linear system with default routines
SolveSystem: Solving linear system
SolveLinearSystem: Assuming real valued linear system
SolveLinearSystem: Assuming serial linear system
ScaleLinearSystem: Creating > DiagScaling < vector of size 2917
SolveLinearSystem: Linear System Preconditioning: ilu0
Prec0-ilu0: Elapsed REAL time:     0.0000 (s)
SolveLinearSystem: Serial linear System Solver: iterative
IterSolver: Using iterative method: cg
Prec-ilu0: Elapsed REAL time:     0.0000 (s)
ComputeNorm: Computing norm of solution
ComputeChange: NS (ITER=6) (NRM,RELC): (  9738010.3     0.45193405     ) :: mgdynamicscalc
MagnetoDynamicsCalcFields: Solving for field: magnetic vector potential
DefaultSolve: Solving linear system with default routines
SolveSystem: Solving linear system
SolveLinearSystem: Assuming real valued linear system
SolveLinearSystem: Assuming serial linear system
ScaleLinearSystem: Creating > DiagScaling < vector of size 2917
SolveLinearSystem: Linear System Preconditioning: ilu0
Prec0-ilu0: Elapsed REAL time:     0.0000 (s)
SolveLinearSystem: Serial linear System Solver: iterative
IterSolver: Using iterative method: cg
Prec-ilu0: Elapsed REAL time:     0.0000 (s)
ComputeNorm: Computing norm of solution
ComputeChange: NS (ITER=7) (NRM,RELC): ( 0.40183122E-01  2.0000000     ) :: mgdynamicscalc
DefaultSolve: Solving linear system with default routines
SolveSystem: Solving linear system
SolveLinearSystem: Assuming real valued linear system
SolveLinearSystem: Assuming serial linear system
ScaleLinearSystem: Creating > DiagScaling < vector of size 2917
SolveLinearSystem: Linear System Preconditioning: ilu0
Prec0-ilu0: Elapsed REAL time:     0.0000 (s)
SolveLinearSystem: Serial linear System Solver: iterative
IterSolver: Using iterative method: cg
Prec-ilu0: Elapsed REAL time:     0.0000 (s)
ComputeNorm: Computing norm of solution
ComputeChange: NS (ITER=8) (NRM,RELC): ( 0.40362837E-01 0.44624297E-02 ) :: mgdynamicscalc
DefaultSolve: Solving linear system with default routines
SolveSystem: Solving linear system
SolveLinearSystem: Assuming real valued linear system
SolveLinearSystem: Assuming serial linear system
ScaleLinearSystem: Creating > DiagScaling < vector of size 2917
SolveLinearSystem: Linear System Preconditioning: ilu0
Prec0-ilu0: Elapsed REAL time:     0.0000 (s)
SolveLinearSystem: Serial linear System Solver: iterative
IterSolver: Using iterative method: cg
Prec-ilu0: Elapsed REAL time:     0.0000 (s)
ComputeNorm: Computing norm of solution
ComputeChange: NS (ITER=9) (NRM,RELC): ( 0.30252970E-01 0.28633439     ) :: mgdynamicscalc
MagnetoDynamicsCalcFields: Solving for field: current density[current density:3]
DefaultSolve: Solving linear system with default routines
SolveSystem: Solving linear system
SolveLinearSystem: Assuming real valued linear system
SolveLinearSystem: Assuming serial linear system
ScaleLinearSystem: Creating > DiagScaling < vector of size 2917
SolveLinearSystem: Linear System Preconditioning: ilu0
Prec0-ilu0: Elapsed REAL time:     0.0000 (s)
SolveLinearSystem: Serial linear System Solver: iterative
IterSolver: Using iterative method: cg
Prec-ilu0: Elapsed REAL time:     0.0000 (s)
ComputeNorm: Computing norm of solution
ComputeChange: NS (ITER=10) (NRM,RELC): (  43.942804      1.9972480     ) :: mgdynamicscalc
DefaultSolve: Solving linear system with default routines
SolveSystem: Solving linear system
SolveLinearSystem: Assuming real valued linear system
SolveLinearSystem: Assuming serial linear system
ScaleLinearSystem: Creating > DiagScaling < vector of size 2917
SolveLinearSystem: Linear System Preconditioning: ilu0
Prec0-ilu0: Elapsed REAL time:     0.0000 (s)
SolveLinearSystem: Serial linear System Solver: iterative
IterSolver: Using iterative method: cg
Prec-ilu0: Elapsed REAL time:     0.0000 (s)
ComputeNorm: Computing norm of solution
ComputeChange: NS (ITER=11) (NRM,RELC): (  49.800964     0.12498240     ) :: mgdynamicscalc
DefaultSolve: Solving linear system with default routines
SolveSystem: Solving linear system
SolveLinearSystem: Assuming real valued linear system
SolveLinearSystem: Assuming serial linear system
ScaleLinearSystem: Creating > DiagScaling < vector of size 2917
SolveLinearSystem: Linear System Preconditioning: ilu0
Prec0-ilu0: Elapsed REAL time:     0.0000 (s)
SolveLinearSystem: Serial linear System Solver: iterative
IterSolver: Using iterative method: cg
Prec-ilu0: Elapsed REAL time:     0.0000 (s)
ComputeNorm: Computing norm of solution
ComputeChange: NS (ITER=12) (NRM,RELC): ( 0.76990100      1.9391032     ) :: mgdynamicscalc
MagnetoDynamicsCalcFields: Eddy current power:    6.066071E-07
MagnetoDynamicsCalcFields: ElectroMagnetic Field Energy:    3.339811E+05
SingleSolver: Attempting to call solver: 4
SingleSolver: Solver Equation string is: resultoutput
ResultOutputSolver: -------------------------------------
ResultOutputSolver: Dimension of mesh is: 3
ResultOutputSolver: Working on mesh 1: mesh with 2917 nodes
ResultOutputSolver: Saving in unstructured VTK XML (.vtu) format
VtuOutputSolver: Full filename base is: results/case
GenerateSaveMask: Number of active elements 18743 out of 18743
GenerateSaveMask: Number of geometry nodes 2917 out of 2917
VtuOutputSolver: Writing the vtu file: results/case_t0016.vtu
AscBinWriteInit: Initializing buffered ascii/binary writing
AscBinWriteInit: Writing in binary
AscBinWriteInit: Writing in double precision
AscBinWriteInit: Writing to unit number: 58
AscBinWriteInit: Size of buffer is: 2917
WriteVtuFile: Writing nodal fields
WriteVtuFile: Saving 1-component variable: meshrelax
WriteVtuFile: Saving 1-component variable: magnetic vector potential
WriteVtuFile: Saving 1-component variable: alpha
WriteVtuFile: Saving 1-component variable: beta
WriteVtuFile: Saving 1-component variable: w
WriteVtuFile: Saving 1-component variable: alpha direction
WriteVtuFile: Saving 1-component variable: beta direction
WriteVtuFile: Saving 1-component variable: w potential
WriteVtuFile: Saving 3-component variable: magnetic flux density
WriteVtuFile: Saving 3-component variable: magnetic field strength
WriteVtuFile: Saving 3-component variable: current density
WriteVtuFile: Saving 3-component variable: magnetic flux density e
WriteVtuFile: Saving 3-component variable: magnetic field strength e
WriteVtuFile: Saving 3-component variable: current density e
WriteVtuFile: Saving 3-component variable: w vector e
WriteVtuFile: Number of nodal fields written: 8
WriteVtuFile: Writing elemental fields
WriteVtuFile: Number of elemental fields written: 7
WriteVtuFile: Writing coordinates for each used node
WriteVtuFile: Writing the elemental connectivity data
WriteVtuFile: Writing nodal fields
WriteVtuFile: Saving 1-component variable: meshrelax
WriteVtuFile: Saving 1-component variable: magnetic vector potential
WriteVtuFile: Saving 1-component variable: alpha
WriteVtuFile: Saving 1-component variable: beta
WriteVtuFile: Saving 1-component variable: w
WriteVtuFile: Saving 1-component variable: alpha direction
WriteVtuFile: Saving 1-component variable: beta direction
WriteVtuFile: Saving 1-component variable: w potential
WriteVtuFile: Saving 3-component variable: magnetic flux density
WriteVtuFile: Saving 3-component variable: magnetic field strength
WriteVtuFile: Saving 3-component variable: current density
WriteVtuFile: Saving 3-component variable: magnetic flux density e
WriteVtuFile: Saving 3-component variable: magnetic field strength e
WriteVtuFile: Saving 3-component variable: current density e
WriteVtuFile: Saving 3-component variable: w vector e
WriteVtuFile: Writing elemental fields
AscBinWriteFree: Terminating buffered ascii/binary writing
VtuOutputSolver: All done for now
ResultOutputSolver: -------------------------------------
SingleSolver: Attempting to call solver: 11
SingleSolver: Solver Equation string is: savescalars
SaveScalars: -----------------------------------------
SaveScalars: Saving scalar values of various kinds
SaveScalars: Performed 2 reduction operations
SaveScalars: Found 13 result scalars in simulation section
SaveScalars: Saving results from component - if any
SaveScalars: Found 17 values to save in total
SaveScalars: Saving values to file: results/circuit.csv
SaveScalars: -----------------------------------------
MAIN: 
MAIN: -------------------------------------
MAIN: Time: 17/30:   3.400E-02
MAIN: Elapsed time:  2.2 minutes
MAIN: Estimated time left:  1.9 minutes
MAIN: -------------------------------------
MAIN: 
SingleSolver: Attempting to call solver: 9
SingleSolver: Solver Equation string is: circuits
AddComponentEquationsAndCouplings: Writing resistor equation, component 2
SingleSolver: Attempting to call solver: 10
SingleSolver: Solver Equation string is: circuits output
DefaultStart: Starting solver: circuits output
CircuitsOutput: Initializing Lagrange multipliers of size: 6
CircuitsOutput: Writing Circuit Results
CircuitsOutput: Writing Circuit Variables for Circuit 1
CircuitsOutput: There are 6 Circuit Variables
CircuitsOutput: i_testsource            1.4181E-03
CircuitsOutput: v_testsource            0.0000E+00
CircuitsOutput: i_component(1)          1.4181E-03
CircuitsOutput: v_component(1)         -1.4181E-02
CircuitsOutput: i_component(2)          1.4181E-03
CircuitsOutput: v_component(2)          1.4181E-02
CircuitsOutput: Writing Component Variables for Circuit 1
CircuitsOutput: r_component(1)          3.0169E-01
CircuitsOutput: p_dc_component(1)       6.0669E-07
CircuitsOutput: r_component(2)          1.0000E+01
CircuitsOutput: p_dc_component(2)       2.0110E-05
Circuit_ToMeshVariable: Adding circuit variables to be mesh variables
DefaultFinish: Finished solver: circuits output
SingleSolver: Attempting to call solver: 1
SingleSolver: Solver Equation string is: meshdeform
RigidMeshMapper: ---------------------------------------
RigidMeshMapper: Performing analytic mesh mapping
RigidMeshMapper: ---------------------------------------
DefaultFinish: Finished solver: meshdeform
SingleSolver: Attempting to call solver: 2
SingleSolver: Solver Equation string is: mgdynamics
WhitneyAVSolver: 
WhitneyAVSolver: -------------------------------------------------
WhitneyAVSolver: Solving transient AV equations with edge elements
DefaultStart: Starting solver: mgdynamics
MGDynAssembly: Elapsed REAL time:     0.3097 (s)
DefUtils::DefaultDirichletBCs: Setting Dirichlet boundary conditions
EnforceDirichletConditions: No Dirichlet conditions to enforce, exiting!
WhitneyAVSolver: Volume tree edges: 2916 of total: 19979
DefaultSolve: Solving linear system with default routines
SolveSystem: Solving linear system
SolveSystem: Solving linear system with linear restrictions!
SolveWithLinearRestriction: Freeing previous collection matrix structures
SolveWithLinearRestriction: Refactoring requested, creating fully new matrix
SolveWithLinearRestriction: Reverting CollectionMatrix back to CRS matrix
List_ToCRSMatrix: Changing matrix type with number of non-zeros: 650873
SolveWithLinearRestriction: Collection matrix creation time (CPU,REAL):     0.04    0.06 (s)
SolveWithLinearRestriction: Collection matrix increased with 6 rows and 2693 non-zeros
SolveWithLinearRestriction: Now solving the linear system with constraints!
SolveLinearSystem: Assuming real valued linear system
SolveLinearSystem: Assuming serial linear system
ScaleLinearSystem: Creating > DiagScaling < vector of size 22902
SolveLinearSystem: Serial linear System Solver: direct
DirectSolver: Using direct method: umfpack
ComputeChange: WARNING: Possible mismatch in length of vectors (22902 vs. 22896)!
ComputeNorm: Computing norm of solution
ComputeChange: Nonlinear iteration did not converge to tolerance
ComputeChange: NS (ITER=1) (NRM,RELC): ( 0.25893223E-03 0.28786888E-01 ) :: mgdynamics
SolveWithLinearRestriction: Picking solution from collection solution
SolveWithLinearRestriction: Separating Lagrange multiplier from collection solution
SolveWithLinearRestriction: All done
WhitneyAVSolver: Calculating lumped parameters
DefaultFinish: Finished solver: mgdynamics
WhitneyAVSolver: All done
WhitneyAVSolver: -------------------------------------------
SingleSolver: Attempting to call solver: 3
SingleSolver: Solver Equation string is: mgdynamicscalc
MagnetoDynamicsCalcFields: ------------------------------
MagnetoDynamicsCalcFields: Computing postprocessed fields
MagnetoDynamicsCalcFields: Using potential variable: magnetic vector potential
MagnetoDynamicsCalcFields: Number of components to compute: 12
MagnetoDynamicsCalcFields: Solving for field: magnetic flux density[magnetic flux density:3]
DefaultSolve: Solving linear system with default routines
SolveSystem: Solving linear system
SolveLinearSystem: Assuming real valued linear system
SolveLinearSystem: Assuming serial linear system
ScaleLinearSystem: Creating > DiagScaling < vector of size 2917
SolveLinearSystem: Linear System Preconditioning: ilu0
Prec0-ilu0: Elapsed REAL time:     0.0000 (s)
SolveLinearSystem: Serial linear System Solver: iterative
IterSolver: Using iterative method: cg
Prec-ilu0: Elapsed REAL time:     0.0000 (s)
ComputeNorm: Computing norm of solution
ComputeChange: NS (ITER=1) (NRM,RELC): (  6.9143466      1.5992315     ) :: mgdynamicscalc
DefaultSolve: Solving linear system with default routines
SolveSystem: Solving linear system
SolveLinearSystem: Assuming real valued linear system
SolveLinearSystem: Assuming serial linear system
ScaleLinearSystem: Creating > DiagScaling < vector of size 2917
SolveLinearSystem: Linear System Preconditioning: ilu0
Prec0-ilu0: Elapsed REAL time:     0.0000 (s)
SolveLinearSystem: Serial linear System Solver: iterative
IterSolver: Using iterative method: cg
Prec-ilu0: Elapsed REAL time:     0.0000 (s)
ComputeNorm: Computing norm of solution
ComputeChange: NS (ITER=2) (NRM,RELC): (  7.4037627     0.68363224E-01 ) :: mgdynamicscalc
DefaultSolve: Solving linear system with default routines
SolveSystem: Solving linear system
SolveLinearSystem: Assuming real valued linear system
SolveLinearSystem: Assuming serial linear system
ScaleLinearSystem: Creating > DiagScaling < vector of size 2917
SolveLinearSystem: Linear System Preconditioning: ilu0
Prec0-ilu0: Elapsed REAL time:     0.0000 (s)
SolveLinearSystem: Serial linear System Solver: iterative
IterSolver: Using iterative method: cg
Prec-ilu0: Elapsed REAL time:     0.0000 (s)
ComputeNorm: Computing norm of solution
ComputeChange: NS (ITER=3) (NRM,RELC): (  11.978234     0.47203302     ) :: mgdynamicscalc
MagnetoDynamicsCalcFields: Solving for field: magnetic field strength[magnetic field strength:3]
DefaultSolve: Solving linear system with default routines
SolveSystem: Solving linear system
SolveLinearSystem: Assuming real valued linear system
SolveLinearSystem: Assuming serial linear system
ScaleLinearSystem: Creating > DiagScaling < vector of size 2917
SolveLinearSystem: Linear System Preconditioning: ilu0
Prec0-ilu0: Elapsed REAL time:     0.0000 (s)
SolveLinearSystem: Serial linear System Solver: iterative
IterSolver: Using iterative method: cg
Prec-ilu0: Elapsed REAL time:     0.0000 (s)
ComputeNorm: Computing norm of solution
ComputeChange: NS (ITER=4) (NRM,RELC): (  5502269.3      1.9999913     ) :: mgdynamicscalc
DefaultSolve: Solving linear system with default routines
SolveSystem: Solving linear system
SolveLinearSystem: Assuming real valued linear system
SolveLinearSystem: Assuming serial linear system
ScaleLinearSystem: Creating > DiagScaling < vector of size 2917
SolveLinearSystem: Linear System Preconditioning: ilu0
Prec0-ilu0: Elapsed REAL time:     0.0000 (s)
SolveLinearSystem: Serial linear System Solver: iterative
IterSolver: Using iterative method: cg
Prec-ilu0: Elapsed REAL time:     0.0000 (s)
ComputeNorm: Computing norm of solution
ComputeChange: NS (ITER=5) (NRM,RELC): (  5891701.5     0.68357608E-01 ) :: mgdynamicscalc
DefaultSolve: Solving linear system with default routines
SolveSystem: Solving linear system
SolveLinearSystem: Assuming real valued linear system
SolveLinearSystem: Assuming serial linear system
ScaleLinearSystem: Creating > DiagScaling < vector of size 2917
SolveLinearSystem: Linear System Preconditioning: ilu0
Prec0-ilu0: Elapsed REAL time:     0.0000 (s)
SolveLinearSystem: Serial linear System Solver: iterative
IterSolver: Using iterative method: cg
Prec-ilu0: Elapsed REAL time:     0.0000 (s)
ComputeNorm: Computing norm of solution
ComputeChange: NS (ITER=6) (NRM,RELC): (  9521616.0     0.47101014     ) :: mgdynamicscalc
MagnetoDynamicsCalcFields: Solving for field: magnetic vector potential
DefaultSolve: Solving linear system with default routines
SolveSystem: Solving linear system
SolveLinearSystem: Assuming real valued linear system
SolveLinearSystem: Assuming serial linear system
ScaleLinearSystem: Creating > DiagScaling < vector of size 2917
SolveLinearSystem: Linear System Preconditioning: ilu0
Prec0-ilu0: Elapsed REAL time:     0.0000 (s)
SolveLinearSystem: Serial linear System Solver: iterative
IterSolver: Using iterative method: cg
Prec-ilu0: Elapsed REAL time:     0.0000 (s)
ComputeNorm: Computing norm of solution
ComputeChange: NS (ITER=7) (NRM,RELC): ( 0.39479517E-01  2.0000000     ) :: mgdynamicscalc
DefaultSolve: Solving linear system with default routines
SolveSystem: Solving linear system
SolveLinearSystem: Assuming real valued linear system
SolveLinearSystem: Assuming serial linear system
ScaleLinearSystem: Creating > DiagScaling < vector of size 2917
SolveLinearSystem: Linear System Preconditioning: ilu0
Prec0-ilu0: Elapsed REAL time:     0.0000 (s)
SolveLinearSystem: Serial linear System Solver: iterative
IterSolver: Using iterative method: cg
Prec-ilu0: Elapsed REAL time:     0.0000 (s)
ComputeNorm: Computing norm of solution
ComputeChange: NS (ITER=8) (NRM,RELC): ( 0.39549330E-01 0.17667728E-02 ) :: mgdynamicscalc
DefaultSolve: Solving linear system with default routines
SolveSystem: Solving linear system
SolveLinearSystem: Assuming real valued linear system
SolveLinearSystem: Assuming serial linear system
ScaleLinearSystem: Creating > DiagScaling < vector of size 2917
SolveLinearSystem: Linear System Preconditioning: ilu0
Prec0-ilu0: Elapsed REAL time:     0.0000 (s)
SolveLinearSystem: Serial linear System Solver: iterative
IterSolver: Using iterative method: cg
Prec-ilu0: Elapsed REAL time:     0.0000 (s)
ComputeNorm: Computing norm of solution
ComputeChange: NS (ITER=9) (NRM,RELC): ( 0.29101430E-01 0.30437829     ) :: mgdynamicscalc
MagnetoDynamicsCalcFields: Solving for field: current density[current density:3]
DefaultSolve: Solving linear system with default routines
SolveSystem: Solving linear system
SolveLinearSystem: Assuming real valued linear system
SolveLinearSystem: Assuming serial linear system
ScaleLinearSystem: Creating > DiagScaling < vector of size 2917
SolveLinearSystem: Linear System Preconditioning: ilu0
Prec0-ilu0: Elapsed REAL time:     0.0000 (s)
SolveLinearSystem: Serial linear System Solver: iterative
IterSolver: Using iterative method: cg
Prec-ilu0: Elapsed REAL time:     0.0000 (s)
ComputeNorm: Computing norm of solution
ComputeChange: NS (ITER=10) (NRM,RELC): (  42.100643      1.9972370     ) :: mgdynamicscalc
DefaultSolve: Solving linear system with default routines
SolveSystem: Solving linear system
SolveLinearSystem: Assuming real valued linear system
SolveLinearSystem: Assuming serial linear system
ScaleLinearSystem: Creating > DiagScaling < vector of size 2917
SolveLinearSystem: Linear System Preconditioning: ilu0
Prec0-ilu0: Elapsed REAL time:     0.0000 (s)
SolveLinearSystem: Serial linear System Solver: iterative
IterSolver: Using iterative method: cg
Prec-ilu0: Elapsed REAL time:     0.0000 (s)
ComputeNorm: Computing norm of solution
ComputeChange: NS (ITER=11) (NRM,RELC): (  47.859033     0.12802157     ) :: mgdynamicscalc
DefaultSolve: Solving linear system with default routines
SolveSystem: Solving linear system
SolveLinearSystem: Assuming real valued linear system
SolveLinearSystem: Assuming serial linear system
ScaleLinearSystem: Creating > DiagScaling < vector of size 2917
SolveLinearSystem: Linear System Preconditioning: ilu0
Prec0-ilu0: Elapsed REAL time:     0.0000 (s)
SolveLinearSystem: Serial linear System Solver: iterative
IterSolver: Using iterative method: cg
Prec-ilu0: Elapsed REAL time:     0.0000 (s)
ComputeNorm: Computing norm of solution
ComputeChange: NS (ITER=12) (NRM,RELC): ( 0.73994068      1.9390982     ) :: mgdynamicscalc
MagnetoDynamicsCalcFields: Eddy current power:    5.633346E-07
MagnetoDynamicsCalcFields: ElectroMagnetic Field Energy:    3.108657E+05
SingleSolver: Attempting to call solver: 4
SingleSolver: Solver Equation string is: resultoutput
ResultOutputSolver: -------------------------------------
ResultOutputSolver: Dimension of mesh is: 3
ResultOutputSolver: Working on mesh 1: mesh with 2917 nodes
ResultOutputSolver: Saving in unstructured VTK XML (.vtu) format
VtuOutputSolver: Full filename base is: results/case
GenerateSaveMask: Number of active elements 18743 out of 18743
GenerateSaveMask: Number of geometry nodes 2917 out of 2917
VtuOutputSolver: Writing the vtu file: results/case_t0017.vtu
AscBinWriteInit: Initializing buffered ascii/binary writing
AscBinWriteInit: Writing in binary
AscBinWriteInit: Writing in double precision
AscBinWriteInit: Writing to unit number: 58
AscBinWriteInit: Size of buffer is: 2917
WriteVtuFile: Writing nodal fields
WriteVtuFile: Saving 1-component variable: meshrelax
WriteVtuFile: Saving 1-component variable: magnetic vector potential
WriteVtuFile: Saving 1-component variable: alpha
WriteVtuFile: Saving 1-component variable: beta
WriteVtuFile: Saving 1-component variable: w
WriteVtuFile: Saving 1-component variable: alpha direction
WriteVtuFile: Saving 1-component variable: beta direction
WriteVtuFile: Saving 1-component variable: w potential
WriteVtuFile: Saving 3-component variable: magnetic flux density
WriteVtuFile: Saving 3-component variable: magnetic field strength
WriteVtuFile: Saving 3-component variable: current density
WriteVtuFile: Saving 3-component variable: magnetic flux density e
WriteVtuFile: Saving 3-component variable: magnetic field strength e
WriteVtuFile: Saving 3-component variable: current density e
WriteVtuFile: Saving 3-component variable: w vector e
WriteVtuFile: Number of nodal fields written: 8
WriteVtuFile: Writing elemental fields
WriteVtuFile: Number of elemental fields written: 7
WriteVtuFile: Writing coordinates for each used node
WriteVtuFile: Writing the elemental connectivity data
WriteVtuFile: Writing nodal fields
WriteVtuFile: Saving 1-component variable: meshrelax
WriteVtuFile: Saving 1-component variable: magnetic vector potential
WriteVtuFile: Saving 1-component variable: alpha
WriteVtuFile: Saving 1-component variable: beta
WriteVtuFile: Saving 1-component variable: w
WriteVtuFile: Saving 1-component variable: alpha direction
WriteVtuFile: Saving 1-component variable: beta direction
WriteVtuFile: Saving 1-component variable: w potential
WriteVtuFile: Saving 3-component variable: magnetic flux density
WriteVtuFile: Saving 3-component variable: magnetic field strength
WriteVtuFile: Saving 3-component variable: current density
WriteVtuFile: Saving 3-component variable: magnetic flux density e
WriteVtuFile: Saving 3-component variable: magnetic field strength e
WriteVtuFile: Saving 3-component variable: current density e
WriteVtuFile: Saving 3-component variable: w vector e
WriteVtuFile: Writing elemental fields
AscBinWriteFree: Terminating buffered ascii/binary writing
VtuOutputSolver: All done for now
ResultOutputSolver: -------------------------------------
SingleSolver: Attempting to call solver: 11
SingleSolver: Solver Equation string is: savescalars
SaveScalars: -----------------------------------------
SaveScalars: Saving scalar values of various kinds
SaveScalars: Performed 2 reduction operations
SaveScalars: Found 13 result scalars in simulation section
SaveScalars: Saving results from component - if any
SaveScalars: Found 17 values to save in total
SaveScalars: Saving values to file: results/circuit.csv
SaveScalars: -----------------------------------------
MAIN: 
MAIN: -------------------------------------
MAIN: Time: 18/30:   3.600E-02
MAIN: Elapsed time:  2.4 minutes
MAIN: Estimated time left:  1.9 minutes
MAIN: -------------------------------------
MAIN: 
SingleSolver: Attempting to call solver: 9
SingleSolver: Solver Equation string is: circuits
AddComponentEquationsAndCouplings: Writing resistor equation, component 2
SingleSolver: Attempting to call solver: 10
SingleSolver: Solver Equation string is: circuits output
DefaultStart: Starting solver: circuits output
CircuitsOutput: Initializing Lagrange multipliers of size: 6
CircuitsOutput: Writing Circuit Results
CircuitsOutput: Writing Circuit Variables for Circuit 1
CircuitsOutput: There are 6 Circuit Variables
CircuitsOutput: i_testsource            1.3667E-03
CircuitsOutput: v_testsource            0.0000E+00
CircuitsOutput: i_component(1)          1.3667E-03
CircuitsOutput: v_component(1)         -1.3667E-02
CircuitsOutput: i_component(2)          1.3667E-03
CircuitsOutput: v_component(2)          1.3667E-02
CircuitsOutput: Writing Component Variables for Circuit 1
CircuitsOutput: r_component(1)          3.0169E-01
CircuitsOutput: p_dc_component(1)       5.6351E-07
CircuitsOutput: r_component(2)          1.0000E+01
CircuitsOutput: p_dc_component(2)       1.8678E-05
Circuit_ToMeshVariable: Adding circuit variables to be mesh variables
DefaultFinish: Finished solver: circuits output
SingleSolver: Attempting to call solver: 1
SingleSolver: Solver Equation string is: meshdeform
RigidMeshMapper: ---------------------------------------
RigidMeshMapper: Performing analytic mesh mapping
RigidMeshMapper: ---------------------------------------
DefaultFinish: Finished solver: meshdeform
SingleSolver: Attempting to call solver: 2
SingleSolver: Solver Equation string is: mgdynamics
WhitneyAVSolver: 
WhitneyAVSolver: -------------------------------------------------
WhitneyAVSolver: Solving transient AV equations with edge elements
DefaultStart: Starting solver: mgdynamics
MGDynAssembly: Elapsed REAL time:     0.2652 (s)
DefUtils::DefaultDirichletBCs: Setting Dirichlet boundary conditions
EnforceDirichletConditions: No Dirichlet conditions to enforce, exiting!
WhitneyAVSolver: Volume tree edges: 2916 of total: 19979
DefaultSolve: Solving linear system with default routines
SolveSystem: Solving linear system
SolveSystem: Solving linear system with linear restrictions!
SolveWithLinearRestriction: Freeing previous collection matrix structures
SolveWithLinearRestriction: Refactoring requested, creating fully new matrix
SolveWithLinearRestriction: Reverting CollectionMatrix back to CRS matrix
List_ToCRSMatrix: Changing matrix type with number of non-zeros: 650873
SolveWithLinearRestriction: Collection matrix creation time (CPU,REAL):     0.04    0.05 (s)
SolveWithLinearRestriction: Collection matrix increased with 6 rows and 2693 non-zeros
SolveWithLinearRestriction: Now solving the linear system with constraints!
SolveLinearSystem: Assuming real valued linear system
SolveLinearSystem: Assuming serial linear system
ScaleLinearSystem: Creating > DiagScaling < vector of size 22902
SolveLinearSystem: Serial linear System Solver: direct
DirectSolver: Using direct method: umfpack
ComputeChange: WARNING: Possible mismatch in length of vectors (22902 vs. 22896)!
ComputeNorm: Computing norm of solution
ComputeChange: Nonlinear iteration did not converge to tolerance
ComputeChange: NS (ITER=1) (NRM,RELC): ( 0.25640952E-03 0.97904482E-02 ) :: mgdynamics
SolveWithLinearRestriction: Picking solution from collection solution
SolveWithLinearRestriction: Separating Lagrange multiplier from collection solution
SolveWithLinearRestriction: All done
WhitneyAVSolver: Calculating lumped parameters
DefaultFinish: Finished solver: mgdynamics
WhitneyAVSolver: All done
WhitneyAVSolver: -------------------------------------------
SingleSolver: Attempting to call solver: 3
SingleSolver: Solver Equation string is: mgdynamicscalc
MagnetoDynamicsCalcFields: ------------------------------
MagnetoDynamicsCalcFields: Computing postprocessed fields
MagnetoDynamicsCalcFields: Using potential variable: magnetic vector potential
MagnetoDynamicsCalcFields: Number of components to compute: 12
MagnetoDynamicsCalcFields: Solving for field: magnetic flux density[magnetic flux density:3]
DefaultSolve: Solving linear system with default routines
SolveSystem: Solving linear system
SolveLinearSystem: Assuming real valued linear system
SolveLinearSystem: Assuming serial linear system
ScaleLinearSystem: Creating > DiagScaling < vector of size 2917
SolveLinearSystem: Linear System Preconditioning: ilu0
Prec0-ilu0: Elapsed REAL time:     0.0000 (s)
SolveLinearSystem: Serial linear System Solver: iterative
IterSolver: Using iterative method: cg
Prec-ilu0: Elapsed REAL time:     0.0000 (s)
ComputeNorm: Computing norm of solution
ComputeChange: NS (ITER=1) (NRM,RELC): (  6.8068932      1.6078140     ) :: mgdynamicscalc
DefaultSolve: Solving linear system with default routines
SolveSystem: Solving linear system
SolveLinearSystem: Assuming real valued linear system
SolveLinearSystem: Assuming serial linear system
ScaleLinearSystem: Creating > DiagScaling < vector of size 2917
SolveLinearSystem: Linear System Preconditioning: ilu0
Prec0-ilu0: Elapsed REAL time:     0.0000 (s)
SolveLinearSystem: Serial linear System Solver: iterative
IterSolver: Using iterative method: cg
Prec-ilu0: Elapsed REAL time:     0.0000 (s)
ComputeNorm: Computing norm of solution
ComputeChange: NS (ITER=2) (NRM,RELC): (  7.2956690     0.69317310E-01 ) :: mgdynamicscalc
DefaultSolve: Solving linear system with default routines
SolveSystem: Solving linear system
SolveLinearSystem: Assuming real valued linear system
SolveLinearSystem: Assuming serial linear system
ScaleLinearSystem: Creating > DiagScaling < vector of size 2917
SolveLinearSystem: Linear System Preconditioning: ilu0
Prec0-ilu0: Elapsed REAL time:     0.0000 (s)
SolveLinearSystem: Serial linear System Solver: iterative
IterSolver: Using iterative method: cg
Prec-ilu0: Elapsed REAL time:     0.0000 (s)
ComputeNorm: Computing norm of solution
ComputeChange: NS (ITER=3) (NRM,RELC): (  12.051754     0.49165050     ) :: mgdynamicscalc
MagnetoDynamicsCalcFields: Solving for field: magnetic field strength[magnetic field strength:3]
DefaultSolve: Solving linear system with default routines
SolveSystem: Solving linear system
SolveLinearSystem: Assuming real valued linear system
SolveLinearSystem: Assuming serial linear system
ScaleLinearSystem: Creating > DiagScaling < vector of size 2917
SolveLinearSystem: Linear System Preconditioning: ilu0
Prec0-ilu0: Elapsed REAL time:     0.0000 (s)
SolveLinearSystem: Serial linear System Solver: iterative
IterSolver: Using iterative method: cg
Prec-ilu0: Elapsed REAL time:     0.0000 (s)
ComputeNorm: Computing norm of solution
ComputeChange: NS (ITER=4) (NRM,RELC): (  5416759.1      1.9999911     ) :: mgdynamicscalc
DefaultSolve: Solving linear system with default routines
SolveSystem: Solving linear system
SolveLinearSystem: Assuming real valued linear system
SolveLinearSystem: Assuming serial linear system
ScaleLinearSystem: Creating > DiagScaling < vector of size 2917
SolveLinearSystem: Linear System Preconditioning: ilu0
Prec0-ilu0: Elapsed REAL time:     0.0000 (s)
SolveLinearSystem: Serial linear System Solver: iterative
IterSolver: Using iterative method: cg
Prec-ilu0: Elapsed REAL time:     0.0000 (s)
ComputeNorm: Computing norm of solution
ComputeChange: NS (ITER=5) (NRM,RELC): (  5805686.3     0.69312382E-01 ) :: mgdynamicscalc
DefaultSolve: Solving linear system with default routines
SolveSystem: Solving linear system
SolveLinearSystem: Assuming real valued linear system
SolveLinearSystem: Assuming serial linear system
ScaleLinearSystem: Creating > DiagScaling < vector of size 2917
SolveLinearSystem: Linear System Preconditioning: ilu0
Prec0-ilu0: Elapsed REAL time:     0.0000 (s)
SolveLinearSystem: Serial linear System Solver: iterative
IterSolver: Using iterative method: cg
Prec-ilu0: Elapsed REAL time:     0.0000 (s)
ComputeNorm: Computing norm of solution
ComputeChange: NS (ITER=6) (NRM,RELC): (  9580071.2     0.49063362     ) :: mgdynamicscalc
MagnetoDynamicsCalcFields: Solving for field: magnetic vector potential
DefaultSolve: Solving linear system with default routines
SolveSystem: Solving linear system
SolveLinearSystem: Assuming real valued linear system
SolveLinearSystem: Assuming serial linear system
ScaleLinearSystem: Creating > DiagScaling < vector of size 2917
SolveLinearSystem: Linear System Preconditioning: ilu0
Prec0-ilu0: Elapsed REAL time:     0.0000 (s)
SolveLinearSystem: Serial linear System Solver: iterative
IterSolver: Using iterative method: cg
Prec-ilu0: Elapsed REAL time:     0.0000 (s)
ComputeNorm: Computing norm of solution
ComputeChange: NS (ITER=7) (NRM,RELC): ( 0.39303703E-01  2.0000000     ) :: mgdynamicscalc
DefaultSolve: Solving linear system with default routines
SolveSystem: Solving linear system
SolveLinearSystem: Assuming real valued linear system
SolveLinearSystem: Assuming serial linear system
ScaleLinearSystem: Creating > DiagScaling < vector of size 2917
SolveLinearSystem: Linear System Preconditioning: ilu0
Prec0-ilu0: Elapsed REAL time:     0.0000 (s)
SolveLinearSystem: Serial linear System Solver: iterative
IterSolver: Using iterative method: cg
Prec-ilu0: Elapsed REAL time:     0.0000 (s)
ComputeNorm: Computing norm of solution
ComputeChange: NS (ITER=8) (NRM,RELC): ( 0.39272298E-01 0.79934491E-03 ) :: mgdynamicscalc
DefaultSolve: Solving linear system with default routines
SolveSystem: Solving linear system
SolveLinearSystem: Assuming real valued linear system
SolveLinearSystem: Assuming serial linear system
ScaleLinearSystem: Creating > DiagScaling < vector of size 2917
SolveLinearSystem: Linear System Preconditioning: ilu0
Prec0-ilu0: Elapsed REAL time:     0.0000 (s)
SolveLinearSystem: Serial linear System Solver: iterative
IterSolver: Using iterative method: cg
Prec-ilu0: Elapsed REAL time:     0.0000 (s)
ComputeNorm: Computing norm of solution
ComputeChange: NS (ITER=9) (NRM,RELC): ( 0.28418364E-01 0.32069219     ) :: mgdynamicscalc
MagnetoDynamicsCalcFields: Solving for field: current density[current density:3]
DefaultSolve: Solving linear system with default routines
SolveSystem: Solving linear system
SolveLinearSystem: Assuming real valued linear system
SolveLinearSystem: Assuming serial linear system
ScaleLinearSystem: Creating > DiagScaling < vector of size 2917
SolveLinearSystem: Linear System Preconditioning: ilu0
Prec0-ilu0: Elapsed REAL time:     0.0000 (s)
SolveLinearSystem: Serial linear System Solver: iterative
IterSolver: Using iterative method: cg
Prec-ilu0: Elapsed REAL time:     0.0000 (s)
ComputeNorm: Computing norm of solution
ComputeChange: NS (ITER=10) (NRM,RELC): (  41.493074      1.9972623     ) :: mgdynamicscalc
DefaultSolve: Solving linear system with default routines
SolveSystem: Solving linear system
SolveLinearSystem: Assuming real valued linear system
SolveLinearSystem: Assuming serial linear system
ScaleLinearSystem: Creating > DiagScaling < vector of size 2917
SolveLinearSystem: Linear System Preconditioning: ilu0
Prec0-ilu0: Elapsed REAL time:     0.0000 (s)
SolveLinearSystem: Serial linear System Solver: iterative
IterSolver: Using iterative method: cg
Prec-ilu0: Elapsed REAL time:     0.0000 (s)
ComputeNorm: Computing norm of solution
ComputeChange: NS (ITER=11) (NRM,RELC): (  47.287769     0.13053931     ) :: mgdynamicscalc
DefaultSolve: Solving linear system with default routines
SolveSystem: Solving linear system
SolveLinearSystem: Assuming real valued linear system
SolveLinearSystem: Assuming serial linear system
ScaleLinearSystem: Creating > DiagScaling < vector of size 2917
SolveLinearSystem: Linear System Preconditioning: ilu0
Prec0-ilu0: Elapsed REAL time:     0.0000 (s)
SolveLinearSystem: Serial linear System Solver: iterative
IterSolver: Using iterative method: cg
Prec-ilu0: Elapsed REAL time:     0.0000 (s)
ComputeNorm: Computing norm of solution
ComputeChange: NS (ITER=12) (NRM,RELC): ( 0.73107907      1.9391007     ) :: mgdynamicscalc
MagnetoDynamicsCalcFields: Eddy current power:    5.537664E-07
MagnetoDynamicsCalcFields: ElectroMagnetic Field Energy:    3.068860E+05
SingleSolver: Attempting to call solver: 4
SingleSolver: Solver Equation string is: resultoutput
ResultOutputSolver: -------------------------------------
ResultOutputSolver: Dimension of mesh is: 3
ResultOutputSolver: Working on mesh 1: mesh with 2917 nodes
ResultOutputSolver: Saving in unstructured VTK XML (.vtu) format
VtuOutputSolver: Full filename base is: results/case
GenerateSaveMask: Number of active elements 18743 out of 18743
GenerateSaveMask: Number of geometry nodes 2917 out of 2917
VtuOutputSolver: Writing the vtu file: results/case_t0018.vtu
AscBinWriteInit: Initializing buffered ascii/binary writing
AscBinWriteInit: Writing in binary
AscBinWriteInit: Writing in double precision
AscBinWriteInit: Writing to unit number: 58
AscBinWriteInit: Size of buffer is: 2917
WriteVtuFile: Writing nodal fields
WriteVtuFile: Saving 1-component variable: meshrelax
WriteVtuFile: Saving 1-component variable: magnetic vector potential
WriteVtuFile: Saving 1-component variable: alpha
WriteVtuFile: Saving 1-component variable: beta
WriteVtuFile: Saving 1-component variable: w
WriteVtuFile: Saving 1-component variable: alpha direction
WriteVtuFile: Saving 1-component variable: beta direction
WriteVtuFile: Saving 1-component variable: w potential
WriteVtuFile: Saving 3-component variable: magnetic flux density
WriteVtuFile: Saving 3-component variable: magnetic field strength
WriteVtuFile: Saving 3-component variable: current density
WriteVtuFile: Saving 3-component variable: magnetic flux density e
WriteVtuFile: Saving 3-component variable: magnetic field strength e
WriteVtuFile: Saving 3-component variable: current density e
WriteVtuFile: Saving 3-component variable: w vector e
WriteVtuFile: Number of nodal fields written: 8
WriteVtuFile: Writing elemental fields
WriteVtuFile: Number of elemental fields written: 7
WriteVtuFile: Writing coordinates for each used node
WriteVtuFile: Writing the elemental connectivity data
WriteVtuFile: Writing nodal fields
WriteVtuFile: Saving 1-component variable: meshrelax
WriteVtuFile: Saving 1-component variable: magnetic vector potential
WriteVtuFile: Saving 1-component variable: alpha
WriteVtuFile: Saving 1-component variable: beta
WriteVtuFile: Saving 1-component variable: w
WriteVtuFile: Saving 1-component variable: alpha direction
WriteVtuFile: Saving 1-component variable: beta direction
WriteVtuFile: Saving 1-component variable: w potential
WriteVtuFile: Saving 3-component variable: magnetic flux density
WriteVtuFile: Saving 3-component variable: magnetic field strength
WriteVtuFile: Saving 3-component variable: current density
WriteVtuFile: Saving 3-component variable: magnetic flux density e
WriteVtuFile: Saving 3-component variable: magnetic field strength e
WriteVtuFile: Saving 3-component variable: current density e
WriteVtuFile: Saving 3-component variable: w vector e
WriteVtuFile: Writing elemental fields
AscBinWriteFree: Terminating buffered ascii/binary writing
VtuOutputSolver: All done for now
ResultOutputSolver: -------------------------------------
SingleSolver: Attempting to call solver: 11
SingleSolver: Solver Equation string is: savescalars
SaveScalars: -----------------------------------------
SaveScalars: Saving scalar values of various kinds
SaveScalars: Performed 2 reduction operations
SaveScalars: Found 13 result scalars in simulation section
SaveScalars: Saving results from component - if any
SaveScalars: Found 17 values to save in total
SaveScalars: Saving values to file: results/circuit.csv
SaveScalars: -----------------------------------------
MAIN: 
MAIN: -------------------------------------
MAIN: Time: 19/30:   3.800E-02
MAIN: Elapsed time:  2.5 minutes
MAIN: Estimated time left:  1.5 minutes
MAIN: -------------------------------------
MAIN: 
SingleSolver: Attempting to call solver: 9
SingleSolver: Solver Equation string is: circuits
AddComponentEquationsAndCouplings: Writing resistor equation, component 2
SingleSolver: Attempting to call solver: 10
SingleSolver: Solver Equation string is: circuits output
DefaultStart: Starting solver: circuits output
CircuitsOutput: Initializing Lagrange multipliers of size: 6
CircuitsOutput: Writing Circuit Results
CircuitsOutput: Writing Circuit Variables for Circuit 1
CircuitsOutput: There are 6 Circuit Variables
CircuitsOutput: i_testsource            1.3550E-03
CircuitsOutput: v_testsource            0.0000E+00
CircuitsOutput: i_component(1)          1.3550E-03
CircuitsOutput: v_component(1)         -1.3550E-02
CircuitsOutput: i_component(2)          1.3550E-03
CircuitsOutput: v_component(2)          1.3550E-02
CircuitsOutput: Writing Component Variables for Circuit 1
CircuitsOutput: r_component(1)          3.0169E-01
CircuitsOutput: p_dc_component(1)       5.5394E-07
CircuitsOutput: r_component(2)          1.0000E+01
CircuitsOutput: p_dc_component(2)       1.8361E-05
Circuit_ToMeshVariable: Adding circuit variables to be mesh variables
DefaultFinish: Finished solver: circuits output
SingleSolver: Attempting to call solver: 1
SingleSolver: Solver Equation string is: meshdeform
RigidMeshMapper: ---------------------------------------
RigidMeshMapper: Performing analytic mesh mapping
RigidMeshMapper: ---------------------------------------
DefaultFinish: Finished solver: meshdeform
SingleSolver: Attempting to call solver: 2
SingleSolver: Solver Equation string is: mgdynamics
WhitneyAVSolver: 
WhitneyAVSolver: -------------------------------------------------
WhitneyAVSolver: Solving transient AV equations with edge elements
DefaultStart: Starting solver: mgdynamics
MGDynAssembly: Elapsed REAL time:     0.2719 (s)
DefUtils::DefaultDirichletBCs: Setting Dirichlet boundary conditions
EnforceDirichletConditions: No Dirichlet conditions to enforce, exiting!
WhitneyAVSolver: Volume tree edges: 2916 of total: 19979
DefaultSolve: Solving linear system with default routines
SolveSystem: Solving linear system
SolveSystem: Solving linear system with linear restrictions!
SolveWithLinearRestriction: Freeing previous collection matrix structures
SolveWithLinearRestriction: Refactoring requested, creating fully new matrix
SolveWithLinearRestriction: Reverting CollectionMatrix back to CRS matrix
List_ToCRSMatrix: Changing matrix type with number of non-zeros: 650873
SolveWithLinearRestriction: Collection matrix creation time (CPU,REAL):     0.04    0.04 (s)
SolveWithLinearRestriction: Collection matrix increased with 6 rows and 2693 non-zeros
SolveWithLinearRestriction: Now solving the linear system with constraints!
SolveLinearSystem: Assuming real valued linear system
SolveLinearSystem: Assuming serial linear system
ScaleLinearSystem: Creating > DiagScaling < vector of size 22902
SolveLinearSystem: Serial linear System Solver: direct
DirectSolver: Using direct method: umfpack
ComputeChange: WARNING: Possible mismatch in length of vectors (22902 vs. 22896)!
ComputeNorm: Computing norm of solution
ComputeChange: Nonlinear iteration did not converge to tolerance
ComputeChange: NS (ITER=1) (NRM,RELC): ( 0.25570646E-03 0.27456962E-02 ) :: mgdynamics
SolveWithLinearRestriction: Picking solution from collection solution
SolveWithLinearRestriction: Separating Lagrange multiplier from collection solution
SolveWithLinearRestriction: All done
WhitneyAVSolver: Calculating lumped parameters
DefaultFinish: Finished solver: mgdynamics
WhitneyAVSolver: All done
WhitneyAVSolver: -------------------------------------------
SingleSolver: Attempting to call solver: 3
SingleSolver: Solver Equation string is: mgdynamicscalc
MagnetoDynamicsCalcFields: ------------------------------
MagnetoDynamicsCalcFields: Computing postprocessed fields
MagnetoDynamicsCalcFields: Using potential variable: magnetic vector potential
MagnetoDynamicsCalcFields: Number of components to compute: 12
MagnetoDynamicsCalcFields: Solving for field: magnetic flux density[magnetic flux density:3]
DefaultSolve: Solving linear system with default routines
SolveSystem: Solving linear system
SolveLinearSystem: Assuming real valued linear system
SolveLinearSystem: Assuming serial linear system
ScaleLinearSystem: Creating > DiagScaling < vector of size 2917
SolveLinearSystem: Linear System Preconditioning: ilu0
Prec0-ilu0: Elapsed REAL time:     0.0000 (s)
SolveLinearSystem: Serial linear System Solver: iterative
IterSolver: Using iterative method: cg
Prec-ilu0: Elapsed REAL time:     0.0000 (s)
ComputeNorm: Computing norm of solution
ComputeChange: NS (ITER=1) (NRM,RELC): (  6.7946551      1.6114245     ) :: mgdynamicscalc
DefaultSolve: Solving linear system with default routines
SolveSystem: Solving linear system
SolveLinearSystem: Assuming real valued linear system
SolveLinearSystem: Assuming serial linear system
ScaleLinearSystem: Creating > DiagScaling < vector of size 2917
SolveLinearSystem: Linear System Preconditioning: ilu0
Prec0-ilu0: Elapsed REAL time:     0.0000 (s)
SolveLinearSystem: Serial linear System Solver: iterative
IterSolver: Using iterative method: cg
Prec-ilu0: Elapsed REAL time:     0.0000 (s)
ComputeNorm: Computing norm of solution
ComputeChange: NS (ITER=2) (NRM,RELC): (  7.2886307     0.70150613E-01 ) :: mgdynamicscalc
DefaultSolve: Solving linear system with default routines
SolveSystem: Solving linear system
SolveLinearSystem: Assuming real valued linear system
SolveLinearSystem: Assuming serial linear system
ScaleLinearSystem: Creating > DiagScaling < vector of size 2917
SolveLinearSystem: Linear System Preconditioning: ilu0
Prec0-ilu0: Elapsed REAL time:     0.0000 (s)
SolveLinearSystem: Serial linear System Solver: iterative
IterSolver: Using iterative method: cg
Prec-ilu0: Elapsed REAL time:     0.0000 (s)
ComputeNorm: Computing norm of solution
ComputeChange: NS (ITER=3) (NRM,RELC): (  12.310264     0.51244043     ) :: mgdynamicscalc
MagnetoDynamicsCalcFields: Solving for field: magnetic field strength[magnetic field strength:3]
DefaultSolve: Solving linear system with default routines
SolveSystem: Solving linear system
SolveLinearSystem: Assuming real valued linear system
SolveLinearSystem: Assuming serial linear system
ScaleLinearSystem: Creating > DiagScaling < vector of size 2917
SolveLinearSystem: Linear System Preconditioning: ilu0
Prec0-ilu0: Elapsed REAL time:     0.0000 (s)
SolveLinearSystem: Serial linear System Solver: iterative
IterSolver: Using iterative method: cg
Prec-ilu0: Elapsed REAL time:     0.0000 (s)
ComputeNorm: Computing norm of solution
ComputeChange: NS (ITER=4) (NRM,RELC): (  5407019.6      1.9999909     ) :: mgdynamicscalc
DefaultSolve: Solving linear system with default routines
SolveSystem: Solving linear system
SolveLinearSystem: Assuming real valued linear system
SolveLinearSystem: Assuming serial linear system
ScaleLinearSystem: Creating > DiagScaling < vector of size 2917
SolveLinearSystem: Linear System Preconditioning: ilu0
Prec0-ilu0: Elapsed REAL time:     0.0000 (s)
SolveLinearSystem: Serial linear System Solver: iterative
IterSolver: Using iterative method: cg
Prec-ilu0: Elapsed REAL time:     0.0000 (s)
ComputeNorm: Computing norm of solution
ComputeChange: NS (ITER=5) (NRM,RELC): (  5800088.1     0.70146291E-01 ) :: mgdynamicscalc
DefaultSolve: Solving linear system with default routines
SolveSystem: Solving linear system
SolveLinearSystem: Assuming real valued linear system
SolveLinearSystem: Assuming serial linear system
ScaleLinearSystem: Creating > DiagScaling < vector of size 2917
SolveLinearSystem: Linear System Preconditioning: ilu0
Prec0-ilu0: Elapsed REAL time:     0.0000 (s)
SolveLinearSystem: Serial linear System Solver: iterative
IterSolver: Using iterative method: cg
Prec-ilu0: Elapsed REAL time:     0.0000 (s)
ComputeNorm: Computing norm of solution
ComputeChange: NS (ITER=6) (NRM,RELC): (  9785848.4     0.51145598     ) :: mgdynamicscalc
MagnetoDynamicsCalcFields: Solving for field: magnetic vector potential
DefaultSolve: Solving linear system with default routines
SolveSystem: Solving linear system
SolveLinearSystem: Assuming real valued linear system
SolveLinearSystem: Assuming serial linear system
ScaleLinearSystem: Creating > DiagScaling < vector of size 2917
SolveLinearSystem: Linear System Preconditioning: ilu0
Prec0-ilu0: Elapsed REAL time:     0.0000 (s)
SolveLinearSystem: Serial linear System Solver: iterative
IterSolver: Using iterative method: cg
Prec-ilu0: Elapsed REAL time:     0.0000 (s)
ComputeNorm: Computing norm of solution
ComputeChange: NS (ITER=7) (NRM,RELC): ( 0.39308660E-01  2.0000000     ) :: mgdynamicscalc
DefaultSolve: Solving linear system with default routines
SolveSystem: Solving linear system
SolveLinearSystem: Assuming real valued linear system
SolveLinearSystem: Assuming serial linear system
ScaleLinearSystem: Creating > DiagScaling < vector of size 2917
SolveLinearSystem: Linear System Preconditioning: ilu0
Prec0-ilu0: Elapsed REAL time:     0.0000 (s)
SolveLinearSystem: Serial linear System Solver: iterative
IterSolver: Using iterative method: cg
Prec-ilu0: Elapsed REAL time:     0.0000 (s)
ComputeNorm: Computing norm of solution
ComputeChange: NS (ITER=8) (NRM,RELC): ( 0.39194594E-01 0.29060273E-02 ) :: mgdynamicscalc
DefaultSolve: Solving linear system with default routines
SolveSystem: Solving linear system
SolveLinearSystem: Assuming real valued linear system
SolveLinearSystem: Assuming serial linear system
ScaleLinearSystem: Creating > DiagScaling < vector of size 2917
SolveLinearSystem: Linear System Preconditioning: ilu0
Prec0-ilu0: Elapsed REAL time:     0.0000 (s)
SolveLinearSystem: Serial linear System Solver: iterative
IterSolver: Using iterative method: cg
Prec-ilu0: Elapsed REAL time:     0.0000 (s)
ComputeNorm: Computing norm of solution
ComputeChange: NS (ITER=9) (NRM,RELC): ( 0.27948171E-01 0.33500029     ) :: mgdynamicscalc
MagnetoDynamicsCalcFields: Solving for field: current density[current density:3]
DefaultSolve: Solving linear system with default routines
SolveSystem: Solving linear system
SolveLinearSystem: Assuming real valued linear system
SolveLinearSystem: Assuming serial linear system
ScaleLinearSystem: Creating > DiagScaling < vector of size 2917
SolveLinearSystem: Linear System Preconditioning: ilu0
Prec0-ilu0: Elapsed REAL time:     0.0000 (s)
SolveLinearSystem: Serial linear System Solver: iterative
IterSolver: Using iterative method: cg
Prec-ilu0: Elapsed REAL time:     0.0000 (s)
ComputeNorm: Computing norm of solution
ComputeChange: NS (ITER=10) (NRM,RELC): (  41.438895      1.9973040     ) :: mgdynamicscalc
DefaultSolve: Solving linear system with default routines
SolveSystem: Solving linear system
SolveLinearSystem: Assuming real valued linear system
SolveLinearSystem: Assuming serial linear system
ScaleLinearSystem: Creating > DiagScaling < vector of size 2917
SolveLinearSystem: Linear System Preconditioning: ilu0
Prec0-ilu0: Elapsed REAL time:     0.0000 (s)
SolveLinearSystem: Serial linear System Solver: iterative
IterSolver: Using iterative method: cg
Prec-ilu0: Elapsed REAL time:     0.0000 (s)
ComputeNorm: Computing norm of solution
ComputeChange: NS (ITER=11) (NRM,RELC): (  47.333904     0.13281117     ) :: mgdynamicscalc
DefaultSolve: Solving linear system with default routines
SolveSystem: Solving linear system
SolveLinearSystem: Assuming real valued linear system
SolveLinearSystem: Assuming serial linear system
ScaleLinearSystem: Creating > DiagScaling < vector of size 2917
SolveLinearSystem: Linear System Preconditioning: ilu0
Prec0-ilu0: Elapsed REAL time:     0.0000 (s)
SolveLinearSystem: Serial linear System Solver: iterative
IterSolver: Using iterative method: cg
Prec-ilu0: Elapsed REAL time:     0.0000 (s)
ComputeNorm: Computing norm of solution
ComputeChange: NS (ITER=12) (NRM,RELC): ( 0.73164881      1.9391124     ) :: mgdynamicscalc
MagnetoDynamicsCalcFields: Eddy current power:    5.590943E-07
MagnetoDynamicsCalcFields: ElectroMagnetic Field Energy:    3.110127E+05
SingleSolver: Attempting to call solver: 4
SingleSolver: Solver Equation string is: resultoutput
ResultOutputSolver: -------------------------------------
ResultOutputSolver: Dimension of mesh is: 3
ResultOutputSolver: Working on mesh 1: mesh with 2917 nodes
ResultOutputSolver: Saving in unstructured VTK XML (.vtu) format
VtuOutputSolver: Full filename base is: results/case
GenerateSaveMask: Number of active elements 18743 out of 18743
GenerateSaveMask: Number of geometry nodes 2917 out of 2917
VtuOutputSolver: Writing the vtu file: results/case_t0019.vtu
AscBinWriteInit: Initializing buffered ascii/binary writing
AscBinWriteInit: Writing in binary
AscBinWriteInit: Writing in double precision
AscBinWriteInit: Writing to unit number: 58
AscBinWriteInit: Size of buffer is: 2917
WriteVtuFile: Writing nodal fields
WriteVtuFile: Saving 1-component variable: meshrelax
WriteVtuFile: Saving 1-component variable: magnetic vector potential
WriteVtuFile: Saving 1-component variable: alpha
WriteVtuFile: Saving 1-component variable: beta
WriteVtuFile: Saving 1-component variable: w
WriteVtuFile: Saving 1-component variable: alpha direction
WriteVtuFile: Saving 1-component variable: beta direction
WriteVtuFile: Saving 1-component variable: w potential
WriteVtuFile: Saving 3-component variable: magnetic flux density
WriteVtuFile: Saving 3-component variable: magnetic field strength
WriteVtuFile: Saving 3-component variable: current density
WriteVtuFile: Saving 3-component variable: magnetic flux density e
WriteVtuFile: Saving 3-component variable: magnetic field strength e
WriteVtuFile: Saving 3-component variable: current density e
WriteVtuFile: Saving 3-component variable: w vector e
WriteVtuFile: Number of nodal fields written: 8
WriteVtuFile: Writing elemental fields
WriteVtuFile: Number of elemental fields written: 7
WriteVtuFile: Writing coordinates for each used node
WriteVtuFile: Writing the elemental connectivity data
WriteVtuFile: Writing nodal fields
WriteVtuFile: Saving 1-component variable: meshrelax
WriteVtuFile: Saving 1-component variable: magnetic vector potential
WriteVtuFile: Saving 1-component variable: alpha
WriteVtuFile: Saving 1-component variable: beta
WriteVtuFile: Saving 1-component variable: w
WriteVtuFile: Saving 1-component variable: alpha direction
WriteVtuFile: Saving 1-component variable: beta direction
WriteVtuFile: Saving 1-component variable: w potential
WriteVtuFile: Saving 3-component variable: magnetic flux density
WriteVtuFile: Saving 3-component variable: magnetic field strength
WriteVtuFile: Saving 3-component variable: current density
WriteVtuFile: Saving 3-component variable: magnetic flux density e
WriteVtuFile: Saving 3-component variable: magnetic field strength e
WriteVtuFile: Saving 3-component variable: current density e
WriteVtuFile: Saving 3-component variable: w vector e
WriteVtuFile: Writing elemental fields
AscBinWriteFree: Terminating buffered ascii/binary writing
VtuOutputSolver: All done for now
ResultOutputSolver: -------------------------------------
SingleSolver: Attempting to call solver: 11
SingleSolver: Solver Equation string is: savescalars
SaveScalars: -----------------------------------------
SaveScalars: Saving scalar values of various kinds
SaveScalars: Performed 2 reduction operations
SaveScalars: Found 13 result scalars in simulation section
SaveScalars: Saving results from component - if any
SaveScalars: Found 17 values to save in total
SaveScalars: Saving values to file: results/circuit.csv
SaveScalars: -----------------------------------------
MAIN: 
MAIN: -------------------------------------
MAIN: Time: 20/30:   4.000E-02
MAIN: Elapsed time:  2.6 minutes
MAIN: Estimated time left:  1.4 minutes
MAIN: -------------------------------------
MAIN: 
SingleSolver: Attempting to call solver: 9
SingleSolver: Solver Equation string is: circuits
AddComponentEquationsAndCouplings: Writing resistor equation, component 2
SingleSolver: Attempting to call solver: 10
SingleSolver: Solver Equation string is: circuits output
DefaultStart: Starting solver: circuits output
CircuitsOutput: Initializing Lagrange multipliers of size: 6
CircuitsOutput: Writing Circuit Results
CircuitsOutput: Writing Circuit Variables for Circuit 1
CircuitsOutput: There are 6 Circuit Variables
CircuitsOutput: i_testsource            1.3604E-03
CircuitsOutput: v_testsource            0.0000E+00
CircuitsOutput: i_component(1)          1.3604E-03
CircuitsOutput: v_component(1)         -1.3604E-02
CircuitsOutput: i_component(2)          1.3604E-03
CircuitsOutput: v_component(2)          1.3604E-02
CircuitsOutput: Writing Component Variables for Circuit 1
CircuitsOutput: r_component(1)          3.0169E-01
CircuitsOutput: p_dc_component(1)       5.5837E-07
CircuitsOutput: r_component(2)          1.0000E+01
CircuitsOutput: p_dc_component(2)       1.8508E-05
Circuit_ToMeshVariable: Adding circuit variables to be mesh variables
DefaultFinish: Finished solver: circuits output
SingleSolver: Attempting to call solver: 1
SingleSolver: Solver Equation string is: meshdeform
RigidMeshMapper: ---------------------------------------
RigidMeshMapper: Performing analytic mesh mapping
RigidMeshMapper: ---------------------------------------
DefaultFinish: Finished solver: meshdeform
SingleSolver: Attempting to call solver: 2
SingleSolver: Solver Equation string is: mgdynamics
WhitneyAVSolver: 
WhitneyAVSolver: -------------------------------------------------
WhitneyAVSolver: Solving transient AV equations with edge elements
DefaultStart: Starting solver: mgdynamics
MGDynAssembly: Elapsed REAL time:     0.2265 (s)
DefUtils::DefaultDirichletBCs: Setting Dirichlet boundary conditions
EnforceDirichletConditions: No Dirichlet conditions to enforce, exiting!
WhitneyAVSolver: Volume tree edges: 2916 of total: 19979
DefaultSolve: Solving linear system with default routines
SolveSystem: Solving linear system
SolveSystem: Solving linear system with linear restrictions!
SolveWithLinearRestriction: Freeing previous collection matrix structures
SolveWithLinearRestriction: Refactoring requested, creating fully new matrix
SolveWithLinearRestriction: Reverting CollectionMatrix back to CRS matrix
List_ToCRSMatrix: Changing matrix type with number of non-zeros: 650873
SolveWithLinearRestriction: Collection matrix creation time (CPU,REAL):     0.03    0.04 (s)
SolveWithLinearRestriction: Collection matrix increased with 6 rows and 2693 non-zeros
SolveWithLinearRestriction: Now solving the linear system with constraints!
SolveLinearSystem: Assuming real valued linear system
SolveLinearSystem: Assuming serial linear system
ScaleLinearSystem: Creating > DiagScaling < vector of size 22902
SolveLinearSystem: Serial linear System Solver: direct
DirectSolver: Using direct method: umfpack
ComputeChange: WARNING: Possible mismatch in length of vectors (22902 vs. 22896)!
ComputeNorm: Computing norm of solution
ComputeChange: Nonlinear iteration did not converge to tolerance
ComputeChange: NS (ITER=1) (NRM,RELC): ( 0.25482128E-03 0.34676915E-02 ) :: mgdynamics
SolveWithLinearRestriction: Picking solution from collection solution
SolveWithLinearRestriction: Separating Lagrange multiplier from collection solution
SolveWithLinearRestriction: All done
WhitneyAVSolver: Calculating lumped parameters
DefaultFinish: Finished solver: mgdynamics
WhitneyAVSolver: All done
WhitneyAVSolver: -------------------------------------------
SingleSolver: Attempting to call solver: 3
SingleSolver: Solver Equation string is: mgdynamicscalc
MagnetoDynamicsCalcFields: ------------------------------
MagnetoDynamicsCalcFields: Computing postprocessed fields
MagnetoDynamicsCalcFields: Using potential variable: magnetic vector potential
MagnetoDynamicsCalcFields: Number of components to compute: 12
MagnetoDynamicsCalcFields: Solving for field: magnetic flux density[magnetic flux density:3]
DefaultSolve: Solving linear system with default routines
SolveSystem: Solving linear system
SolveLinearSystem: Assuming real valued linear system
SolveLinearSystem: Assuming serial linear system
ScaleLinearSystem: Creating > DiagScaling < vector of size 2917
SolveLinearSystem: Linear System Preconditioning: ilu0
Prec0-ilu0: Elapsed REAL time:     0.0000 (s)
SolveLinearSystem: Serial linear System Solver: iterative
IterSolver: Using iterative method: cg
Prec-ilu0: Elapsed REAL time:     0.0000 (s)
ComputeNorm: Computing norm of solution
ComputeChange: NS (ITER=1) (NRM,RELC): (  6.7882342      1.6108190     ) :: mgdynamicscalc
DefaultSolve: Solving linear system with default routines
SolveSystem: Solving linear system
SolveLinearSystem: Assuming real valued linear system
SolveLinearSystem: Assuming serial linear system
ScaleLinearSystem: Creating > DiagScaling < vector of size 2917
SolveLinearSystem: Linear System Preconditioning: ilu0
Prec0-ilu0: Elapsed REAL time:     0.0000 (s)
SolveLinearSystem: Serial linear System Solver: iterative
IterSolver: Using iterative method: cg
Prec-ilu0: Elapsed REAL time:     0.0000 (s)
ComputeNorm: Computing norm of solution
ComputeChange: NS (ITER=2) (NRM,RELC): (  7.2863150     0.70777511E-01 ) :: mgdynamicscalc
DefaultSolve: Solving linear system with default routines
SolveSystem: Solving linear system
SolveLinearSystem: Assuming real valued linear system
SolveLinearSystem: Assuming serial linear system
ScaleLinearSystem: Creating > DiagScaling < vector of size 2917
SolveLinearSystem: Linear System Preconditioning: ilu0
Prec0-ilu0: Elapsed REAL time:     0.0000 (s)
SolveLinearSystem: Serial linear System Solver: iterative
IterSolver: Using iterative method: cg
Prec-ilu0: Elapsed REAL time:     0.0000 (s)
ComputeNorm: Computing norm of solution
ComputeChange: NS (ITER=3) (NRM,RELC): (  12.600594     0.53444996     ) :: mgdynamicscalc
MagnetoDynamicsCalcFields: Solving for field: magnetic field strength[magnetic field strength:3]
DefaultSolve: Solving linear system with default routines
SolveSystem: Solving linear system
SolveLinearSystem: Assuming real valued linear system
SolveLinearSystem: Assuming serial linear system
ScaleLinearSystem: Creating > DiagScaling < vector of size 2917
SolveLinearSystem: Linear System Preconditioning: ilu0
Prec0-ilu0: Elapsed REAL time:     0.0000 (s)
SolveLinearSystem: Serial linear System Solver: iterative
IterSolver: Using iterative method: cg
Prec-ilu0: Elapsed REAL time:     0.0000 (s)
ComputeNorm: Computing norm of solution
ComputeChange: NS (ITER=4) (NRM,RELC): (  5401909.6      1.9999907     ) :: mgdynamicscalc
DefaultSolve: Solving linear system with default routines
SolveSystem: Solving linear system
SolveLinearSystem: Assuming real valued linear system
SolveLinearSystem: Assuming serial linear system
ScaleLinearSystem: Creating > DiagScaling < vector of size 2917
SolveLinearSystem: Linear System Preconditioning: ilu0
Prec0-ilu0: Elapsed REAL time:     0.0000 (s)
SolveLinearSystem: Serial linear System Solver: iterative
IterSolver: Using iterative method: cg
Prec-ilu0: Elapsed REAL time:     0.0000 (s)
ComputeNorm: Computing norm of solution
ComputeChange: NS (ITER=5) (NRM,RELC): (  5798247.9     0.70773693E-01 ) :: mgdynamicscalc
DefaultSolve: Solving linear system with default routines
SolveSystem: Solving linear system
SolveLinearSystem: Assuming real valued linear system
SolveLinearSystem: Assuming serial linear system
ScaleLinearSystem: Creating > DiagScaling < vector of size 2917
SolveLinearSystem: Linear System Preconditioning: ilu0
Prec0-ilu0: Elapsed REAL time:     0.0000 (s)
SolveLinearSystem: Serial linear System Solver: iterative
IterSolver: Using iterative method: cg
Prec-ilu0: Elapsed REAL time:     0.0000 (s)
ComputeNorm: Computing norm of solution
ComputeChange: NS (ITER=6) (NRM,RELC): (  10017005.     0.53350487     ) :: mgdynamicscalc
MagnetoDynamicsCalcFields: Solving for field: magnetic vector potential
DefaultSolve: Solving linear system with default routines
SolveSystem: Solving linear system
SolveLinearSystem: Assuming real valued linear system
SolveLinearSystem: Assuming serial linear system
ScaleLinearSystem: Creating > DiagScaling < vector of size 2917
SolveLinearSystem: Linear System Preconditioning: ilu0
Prec0-ilu0: Elapsed REAL time:     0.0000 (s)
SolveLinearSystem: Serial linear System Solver: iterative
IterSolver: Using iterative method: cg
Prec-ilu0: Elapsed REAL time:     0.0000 (s)
ComputeNorm: Computing norm of solution
ComputeChange: NS (ITER=7) (NRM,RELC): ( 0.39311351E-01  2.0000000     ) :: mgdynamicscalc
DefaultSolve: Solving linear system with default routines
SolveSystem: Solving linear system
SolveLinearSystem: Assuming real valued linear system
SolveLinearSystem: Assuming serial linear system
ScaleLinearSystem: Creating > DiagScaling < vector of size 2917
SolveLinearSystem: Linear System Preconditioning: ilu0
Prec0-ilu0: Elapsed REAL time:     0.0000 (s)
SolveLinearSystem: Serial linear System Solver: iterative
IterSolver: Using iterative method: cg
Prec-ilu0: Elapsed REAL time:     0.0000 (s)
ComputeNorm: Computing norm of solution
ComputeChange: NS (ITER=8) (NRM,RELC): ( 0.39136522E-01 0.44572010E-02 ) :: mgdynamicscalc
DefaultSolve: Solving linear system with default routines
SolveSystem: Solving linear system
SolveLinearSystem: Assuming real valued linear system
SolveLinearSystem: Assuming serial linear system
ScaleLinearSystem: Creating > DiagScaling < vector of size 2917
SolveLinearSystem: Linear System Preconditioning: ilu0
Prec0-ilu0: Elapsed REAL time:     0.0000 (s)
SolveLinearSystem: Serial linear System Solver: iterative
IterSolver: Using iterative method: cg
Prec-ilu0: Elapsed REAL time:     0.0000 (s)
ComputeNorm: Computing norm of solution
ComputeChange: NS (ITER=9) (NRM,RELC): ( 0.27482453E-01 0.34987235     ) :: mgdynamicscalc
MagnetoDynamicsCalcFields: Solving for field: current density[current density:3]
DefaultSolve: Solving linear system with default routines
SolveSystem: Solving linear system
SolveLinearSystem: Assuming real valued linear system
SolveLinearSystem: Assuming serial linear system
ScaleLinearSystem: Creating > DiagScaling < vector of size 2917
SolveLinearSystem: Linear System Preconditioning: ilu0
Prec0-ilu0: Elapsed REAL time:     0.0000 (s)
SolveLinearSystem: Serial linear System Solver: iterative
IterSolver: Using iterative method: cg
Prec-ilu0: Elapsed REAL time:     0.0000 (s)
ComputeNorm: Computing norm of solution
ComputeChange: NS (ITER=10) (NRM,RELC): (  41.398364      1.9973463     ) :: mgdynamicscalc
DefaultSolve: Solving linear system with default routines
SolveSystem: Solving linear system
SolveLinearSystem: Assuming real valued linear system
SolveLinearSystem: Assuming serial linear system
ScaleLinearSystem: Creating > DiagScaling < vector of size 2917
SolveLinearSystem: Linear System Preconditioning: ilu0
Prec0-ilu0: Elapsed REAL time:     0.0000 (s)
SolveLinearSystem: Serial linear System Solver: iterative
IterSolver: Using iterative method: cg
Prec-ilu0: Elapsed REAL time:     0.0000 (s)
ComputeNorm: Computing norm of solution
ComputeChange: NS (ITER=11) (NRM,RELC): (  47.386053     0.13488153     ) :: mgdynamicscalc
DefaultSolve: Solving linear system with default routines
SolveSystem: Solving linear system
SolveLinearSystem: Assuming real valued linear system
SolveLinearSystem: Assuming serial linear system
ScaleLinearSystem: Creating > DiagScaling < vector of size 2917
SolveLinearSystem: Linear System Preconditioning: ilu0
Prec0-ilu0: Elapsed REAL time:     0.0000 (s)
SolveLinearSystem: Serial linear System Solver: iterative
IterSolver: Using iterative method: cg
Prec-ilu0: Elapsed REAL time:     0.0000 (s)
ComputeNorm: Computing norm of solution
ComputeChange: NS (ITER=12) (NRM,RELC): ( 0.73221676      1.9391319     ) :: mgdynamicscalc
MagnetoDynamicsCalcFields: Eddy current power:    5.624909E-07
MagnetoDynamicsCalcFields: ElectroMagnetic Field Energy:    3.153683E+05
SingleSolver: Attempting to call solver: 4
SingleSolver: Solver Equation string is: resultoutput
ResultOutputSolver: -------------------------------------
ResultOutputSolver: Dimension of mesh is: 3
ResultOutputSolver: Working on mesh 1: mesh with 2917 nodes
ResultOutputSolver: Saving in unstructured VTK XML (.vtu) format
VtuOutputSolver: Full filename base is: results/case
GenerateSaveMask: Number of active elements 18743 out of 18743
GenerateSaveMask: Number of geometry nodes 2917 out of 2917
VtuOutputSolver: Writing the vtu file: results/case_t0020.vtu
AscBinWriteInit: Initializing buffered ascii/binary writing
AscBinWriteInit: Writing in binary
AscBinWriteInit: Writing in double precision
AscBinWriteInit: Writing to unit number: 58
AscBinWriteInit: Size of buffer is: 2917
WriteVtuFile: Writing nodal fields
WriteVtuFile: Saving 1-component variable: meshrelax
WriteVtuFile: Saving 1-component variable: magnetic vector potential
WriteVtuFile: Saving 1-component variable: alpha
WriteVtuFile: Saving 1-component variable: beta
WriteVtuFile: Saving 1-component variable: w
WriteVtuFile: Saving 1-component variable: alpha direction
WriteVtuFile: Saving 1-component variable: beta direction
WriteVtuFile: Saving 1-component variable: w potential
WriteVtuFile: Saving 3-component variable: magnetic flux density
WriteVtuFile: Saving 3-component variable: magnetic field strength
WriteVtuFile: Saving 3-component variable: current density
WriteVtuFile: Saving 3-component variable: magnetic flux density e
WriteVtuFile: Saving 3-component variable: magnetic field strength e
WriteVtuFile: Saving 3-component variable: current density e
WriteVtuFile: Saving 3-component variable: w vector e
WriteVtuFile: Number of nodal fields written: 8
WriteVtuFile: Writing elemental fields
WriteVtuFile: Number of elemental fields written: 7
WriteVtuFile: Writing coordinates for each used node
WriteVtuFile: Writing the elemental connectivity data
WriteVtuFile: Writing nodal fields
WriteVtuFile: Saving 1-component variable: meshrelax
WriteVtuFile: Saving 1-component variable: magnetic vector potential
WriteVtuFile: Saving 1-component variable: alpha
WriteVtuFile: Saving 1-component variable: beta
WriteVtuFile: Saving 1-component variable: w
WriteVtuFile: Saving 1-component variable: alpha direction
WriteVtuFile: Saving 1-component variable: beta direction
WriteVtuFile: Saving 1-component variable: w potential
WriteVtuFile: Saving 3-component variable: magnetic flux density
WriteVtuFile: Saving 3-component variable: magnetic field strength
WriteVtuFile: Saving 3-component variable: current density
WriteVtuFile: Saving 3-component variable: magnetic flux density e
WriteVtuFile: Saving 3-component variable: magnetic field strength e
WriteVtuFile: Saving 3-component variable: current density e
WriteVtuFile: Saving 3-component variable: w vector e
WriteVtuFile: Writing elemental fields
AscBinWriteFree: Terminating buffered ascii/binary writing
VtuOutputSolver: All done for now
ResultOutputSolver: -------------------------------------
SingleSolver: Attempting to call solver: 11
SingleSolver: Solver Equation string is: savescalars
SaveScalars: -----------------------------------------
SaveScalars: Saving scalar values of various kinds
SaveScalars: Performed 2 reduction operations
SaveScalars: Found 13 result scalars in simulation section
SaveScalars: Saving results from component - if any
SaveScalars: Found 17 values to save in total
SaveScalars: Saving values to file: results/circuit.csv
SaveScalars: -----------------------------------------
MAIN: 
MAIN: -------------------------------------
MAIN: Time: 21/30:   4.200E-02
MAIN: Elapsed time:  2.8 minutes
MAIN: Estimated time left:  1.3 minutes
MAIN: -------------------------------------
MAIN: 
SingleSolver: Attempting to call solver: 9
SingleSolver: Solver Equation string is: circuits
AddComponentEquationsAndCouplings: Writing resistor equation, component 2
SingleSolver: Attempting to call solver: 10
SingleSolver: Solver Equation string is: circuits output
DefaultStart: Starting solver: circuits output
CircuitsOutput: Initializing Lagrange multipliers of size: 6
CircuitsOutput: Writing Circuit Results
CircuitsOutput: Writing Circuit Variables for Circuit 1
CircuitsOutput: There are 6 Circuit Variables
CircuitsOutput: i_testsource            1.3656E-03
CircuitsOutput: v_testsource            0.0000E+00
CircuitsOutput: i_component(1)          1.3656E-03
CircuitsOutput: v_component(1)         -1.3656E-02
CircuitsOutput: i_component(2)          1.3656E-03
CircuitsOutput: v_component(2)          1.3656E-02
CircuitsOutput: Writing Component Variables for Circuit 1
CircuitsOutput: r_component(1)          3.0169E-01
CircuitsOutput: p_dc_component(1)       5.6260E-07
CircuitsOutput: r_component(2)          1.0000E+01
CircuitsOutput: p_dc_component(2)       1.8648E-05
Circuit_ToMeshVariable: Adding circuit variables to be mesh variables
DefaultFinish: Finished solver: circuits output
SingleSolver: Attempting to call solver: 1
SingleSolver: Solver Equation string is: meshdeform
RigidMeshMapper: ---------------------------------------
RigidMeshMapper: Performing analytic mesh mapping
RigidMeshMapper: ---------------------------------------
DefaultFinish: Finished solver: meshdeform
SingleSolver: Attempting to call solver: 2
SingleSolver: Solver Equation string is: mgdynamics
WhitneyAVSolver: 
WhitneyAVSolver: -------------------------------------------------
WhitneyAVSolver: Solving transient AV equations with edge elements
DefaultStart: Starting solver: mgdynamics
MGDynAssembly: Elapsed REAL time:     0.2248 (s)
DefUtils::DefaultDirichletBCs: Setting Dirichlet boundary conditions
EnforceDirichletConditions: No Dirichlet conditions to enforce, exiting!
WhitneyAVSolver: Volume tree edges: 2916 of total: 19979
DefaultSolve: Solving linear system with default routines
SolveSystem: Solving linear system
SolveSystem: Solving linear system with linear restrictions!
SolveWithLinearRestriction: Freeing previous collection matrix structures
SolveWithLinearRestriction: Refactoring requested, creating fully new matrix
SolveWithLinearRestriction: Reverting CollectionMatrix back to CRS matrix
List_ToCRSMatrix: Changing matrix type with number of non-zeros: 650873
SolveWithLinearRestriction: Collection matrix creation time (CPU,REAL):     0.03    0.04 (s)
SolveWithLinearRestriction: Collection matrix increased with 6 rows and 2693 non-zeros
SolveWithLinearRestriction: Now solving the linear system with constraints!
SolveLinearSystem: Assuming real valued linear system
SolveLinearSystem: Assuming serial linear system
ScaleLinearSystem: Creating > DiagScaling < vector of size 22902
SolveLinearSystem: Serial linear System Solver: direct
DirectSolver: Using direct method: umfpack
ComputeChange: WARNING: Possible mismatch in length of vectors (22902 vs. 22896)!
ComputeNorm: Computing norm of solution
ComputeChange: Nonlinear iteration did not converge to tolerance
ComputeChange: NS (ITER=1) (NRM,RELC): ( 0.25095427E-03 0.15291396E-01 ) :: mgdynamics
SolveWithLinearRestriction: Picking solution from collection solution
SolveWithLinearRestriction: Separating Lagrange multiplier from collection solution
SolveWithLinearRestriction: All done
WhitneyAVSolver: Calculating lumped parameters
DefaultFinish: Finished solver: mgdynamics
WhitneyAVSolver: All done
WhitneyAVSolver: -------------------------------------------
SingleSolver: Attempting to call solver: 3
SingleSolver: Solver Equation string is: mgdynamicscalc
MagnetoDynamicsCalcFields: ------------------------------
MagnetoDynamicsCalcFields: Computing postprocessed fields
MagnetoDynamicsCalcFields: Using potential variable: magnetic vector potential
MagnetoDynamicsCalcFields: Number of components to compute: 12
MagnetoDynamicsCalcFields: Solving for field: magnetic flux density[magnetic flux density:3]
DefaultSolve: Solving linear system with default routines
SolveSystem: Solving linear system
SolveLinearSystem: Assuming real valued linear system
SolveLinearSystem: Assuming serial linear system
ScaleLinearSystem: Creating > DiagScaling < vector of size 2917
SolveLinearSystem: Linear System Preconditioning: ilu0
Prec0-ilu0: Elapsed REAL time:     0.0000 (s)
SolveLinearSystem: Serial linear System Solver: iterative
IterSolver: Using iterative method: cg
Prec-ilu0: Elapsed REAL time:     0.0000 (s)
ComputeNorm: Computing norm of solution
ComputeChange: NS (ITER=1) (NRM,RELC): (  6.6696055      1.6043046     ) :: mgdynamicscalc
DefaultSolve: Solving linear system with default routines
SolveSystem: Solving linear system
SolveLinearSystem: Assuming real valued linear system
SolveLinearSystem: Assuming serial linear system
ScaleLinearSystem: Creating > DiagScaling < vector of size 2917
SolveLinearSystem: Linear System Preconditioning: ilu0
Prec0-ilu0: Elapsed REAL time:     0.0000 (s)
SolveLinearSystem: Serial linear System Solver: iterative
IterSolver: Using iterative method: cg
Prec-ilu0: Elapsed REAL time:     0.0000 (s)
ComputeNorm: Computing norm of solution
ComputeChange: NS (ITER=2) (NRM,RELC): (  7.1622407     0.71232022E-01 ) :: mgdynamicscalc
DefaultSolve: Solving linear system with default routines
SolveSystem: Solving linear system
SolveLinearSystem: Assuming real valued linear system
SolveLinearSystem: Assuming serial linear system
ScaleLinearSystem: Creating > DiagScaling < vector of size 2917
SolveLinearSystem: Linear System Preconditioning: ilu0
Prec0-ilu0: Elapsed REAL time:     0.0000 (s)
SolveLinearSystem: Serial linear System Solver: iterative
IterSolver: Using iterative method: cg
Prec-ilu0: Elapsed REAL time:     0.0000 (s)
ComputeNorm: Computing norm of solution
ComputeChange: NS (ITER=3) (NRM,RELC): (  12.700666     0.55766517     ) :: mgdynamicscalc
MagnetoDynamicsCalcFields: Solving for field: magnetic field strength[magnetic field strength:3]
DefaultSolve: Solving linear system with default routines
SolveSystem: Solving linear system
SolveLinearSystem: Assuming real valued linear system
SolveLinearSystem: Assuming serial linear system
ScaleLinearSystem: Creating > DiagScaling < vector of size 2917
SolveLinearSystem: Linear System Preconditioning: ilu0
Prec0-ilu0: Elapsed REAL time:     0.0000 (s)
SolveLinearSystem: Serial linear System Solver: iterative
IterSolver: Using iterative method: cg
Prec-ilu0: Elapsed REAL time:     0.0000 (s)
ComputeNorm: Computing norm of solution
ComputeChange: NS (ITER=4) (NRM,RELC): (  5307507.6      1.9999904     ) :: mgdynamicscalc
DefaultSolve: Solving linear system with default routines
SolveSystem: Solving linear system
SolveLinearSystem: Assuming real valued linear system
SolveLinearSystem: Assuming serial linear system
ScaleLinearSystem: Creating > DiagScaling < vector of size 2917
SolveLinearSystem: Linear System Preconditioning: ilu0
Prec0-ilu0: Elapsed REAL time:     0.0000 (s)
SolveLinearSystem: Serial linear System Solver: iterative
IterSolver: Using iterative method: cg
Prec-ilu0: Elapsed REAL time:     0.0000 (s)
ComputeNorm: Computing norm of solution
ComputeChange: NS (ITER=5) (NRM,RELC): (  5699514.9     0.71228582E-01 ) :: mgdynamicscalc
DefaultSolve: Solving linear system with default routines
SolveSystem: Solving linear system
SolveLinearSystem: Assuming real valued linear system
SolveLinearSystem: Assuming serial linear system
ScaleLinearSystem: Creating > DiagScaling < vector of size 2917
SolveLinearSystem: Linear System Preconditioning: ilu0
Prec0-ilu0: Elapsed REAL time:     0.0000 (s)
SolveLinearSystem: Serial linear System Solver: iterative
IterSolver: Using iterative method: cg
Prec-ilu0: Elapsed REAL time:     0.0000 (s)
ComputeNorm: Computing norm of solution
ComputeChange: NS (ITER=6) (NRM,RELC): (  10096778.     0.55674617     ) :: mgdynamicscalc
MagnetoDynamicsCalcFields: Solving for field: magnetic vector potential
DefaultSolve: Solving linear system with default routines
SolveSystem: Solving linear system
SolveLinearSystem: Assuming real valued linear system
SolveLinearSystem: Assuming serial linear system
ScaleLinearSystem: Creating > DiagScaling < vector of size 2917
SolveLinearSystem: Linear System Preconditioning: ilu0
Prec0-ilu0: Elapsed REAL time:     0.0000 (s)
SolveLinearSystem: Serial linear System Solver: iterative
IterSolver: Using iterative method: cg
Prec-ilu0: Elapsed REAL time:     0.0000 (s)
ComputeNorm: Computing norm of solution
ComputeChange: NS (ITER=7) (NRM,RELC): ( 0.38980307E-01  2.0000000     ) :: mgdynamicscalc
DefaultSolve: Solving linear system with default routines
SolveSystem: Solving linear system
SolveLinearSystem: Assuming real valued linear system
SolveLinearSystem: Assuming serial linear system
ScaleLinearSystem: Creating > DiagScaling < vector of size 2917
SolveLinearSystem: Linear System Preconditioning: ilu0
Prec0-ilu0: Elapsed REAL time:     0.0000 (s)
SolveLinearSystem: Serial linear System Solver: iterative
IterSolver: Using iterative method: cg
Prec-ilu0: Elapsed REAL time:     0.0000 (s)
ComputeNorm: Computing norm of solution
ComputeChange: NS (ITER=8) (NRM,RELC): ( 0.38795445E-01 0.47537026E-02 ) :: mgdynamicscalc
DefaultSolve: Solving linear system with default routines
SolveSystem: Solving linear system
SolveLinearSystem: Assuming real valued linear system
SolveLinearSystem: Assuming serial linear system
ScaleLinearSystem: Creating > DiagScaling < vector of size 2917
SolveLinearSystem: Linear System Preconditioning: ilu0
Prec0-ilu0: Elapsed REAL time:     0.0000 (s)
SolveLinearSystem: Serial linear System Solver: iterative
IterSolver: Using iterative method: cg
Prec-ilu0: Elapsed REAL time:     0.0000 (s)
ComputeNorm: Computing norm of solution
ComputeChange: NS (ITER=9) (NRM,RELC): ( 0.26936018E-01 0.36084478     ) :: mgdynamicscalc
MagnetoDynamicsCalcFields: Solving for field: current density[current density:3]
DefaultSolve: Solving linear system with default routines
SolveSystem: Solving linear system
SolveLinearSystem: Assuming real valued linear system
SolveLinearSystem: Assuming serial linear system
ScaleLinearSystem: Creating > DiagScaling < vector of size 2917
SolveLinearSystem: Linear System Preconditioning: ilu0
Prec0-ilu0: Elapsed REAL time:     0.0000 (s)
SolveLinearSystem: Serial linear System Solver: iterative
IterSolver: Using iterative method: cg
Prec-ilu0: Elapsed REAL time:     0.0000 (s)
ComputeNorm: Computing norm of solution
ComputeChange: NS (ITER=10) (NRM,RELC): (  40.658888      1.9973518     ) :: mgdynamicscalc
DefaultSolve: Solving linear system with default routines
SolveSystem: Solving linear system
SolveLinearSystem: Assuming real valued linear system
SolveLinearSystem: Assuming serial linear system
ScaleLinearSystem: Creating > DiagScaling < vector of size 2917
SolveLinearSystem: Linear System Preconditioning: ilu0
Prec0-ilu0: Elapsed REAL time:     0.0000 (s)
SolveLinearSystem: Serial linear System Solver: iterative
IterSolver: Using iterative method: cg
Prec-ilu0: Elapsed REAL time:     0.0000 (s)
ComputeNorm: Computing norm of solution
ComputeChange: NS (ITER=11) (NRM,RELC): (  46.625765     0.13672225     ) :: mgdynamicscalc
DefaultSolve: Solving linear system with default routines
SolveSystem: Solving linear system
SolveLinearSystem: Assuming real valued linear system
SolveLinearSystem: Assuming serial linear system
ScaleLinearSystem: Creating > DiagScaling < vector of size 2917
SolveLinearSystem: Linear System Preconditioning: ilu0
Prec0-ilu0: Elapsed REAL time:     0.0000 (s)
SolveLinearSystem: Serial linear System Solver: iterative
IterSolver: Using iterative method: cg
Prec-ilu0: Elapsed REAL time:     0.0000 (s)
ComputeNorm: Computing norm of solution
ComputeChange: NS (ITER=12) (NRM,RELC): ( 0.72020846      1.9391536     ) :: mgdynamicscalc
MagnetoDynamicsCalcFields: Eddy current power:    5.473331E-07
MagnetoDynamicsCalcFields: ElectroMagnetic Field Energy:    3.090980E+05
SingleSolver: Attempting to call solver: 4
SingleSolver: Solver Equation string is: resultoutput
ResultOutputSolver: -------------------------------------
ResultOutputSolver: Dimension of mesh is: 3
ResultOutputSolver: Working on mesh 1: mesh with 2917 nodes
ResultOutputSolver: Saving in unstructured VTK XML (.vtu) format
VtuOutputSolver: Full filename base is: results/case
GenerateSaveMask: Number of active elements 18743 out of 18743
GenerateSaveMask: Number of geometry nodes 2917 out of 2917
VtuOutputSolver: Writing the vtu file: results/case_t0021.vtu
AscBinWriteInit: Initializing buffered ascii/binary writing
AscBinWriteInit: Writing in binary
AscBinWriteInit: Writing in double precision
AscBinWriteInit: Writing to unit number: 58
AscBinWriteInit: Size of buffer is: 2917
WriteVtuFile: Writing nodal fields
WriteVtuFile: Saving 1-component variable: meshrelax
WriteVtuFile: Saving 1-component variable: magnetic vector potential
WriteVtuFile: Saving 1-component variable: alpha
WriteVtuFile: Saving 1-component variable: beta
WriteVtuFile: Saving 1-component variable: w
WriteVtuFile: Saving 1-component variable: alpha direction
WriteVtuFile: Saving 1-component variable: beta direction
WriteVtuFile: Saving 1-component variable: w potential
WriteVtuFile: Saving 3-component variable: magnetic flux density
WriteVtuFile: Saving 3-component variable: magnetic field strength
WriteVtuFile: Saving 3-component variable: current density
WriteVtuFile: Saving 3-component variable: magnetic flux density e
WriteVtuFile: Saving 3-component variable: magnetic field strength e
WriteVtuFile: Saving 3-component variable: current density e
WriteVtuFile: Saving 3-component variable: w vector e
WriteVtuFile: Number of nodal fields written: 8
WriteVtuFile: Writing elemental fields
WriteVtuFile: Number of elemental fields written: 7
WriteVtuFile: Writing coordinates for each used node
WriteVtuFile: Writing the elemental connectivity data
WriteVtuFile: Writing nodal fields
WriteVtuFile: Saving 1-component variable: meshrelax
WriteVtuFile: Saving 1-component variable: magnetic vector potential
WriteVtuFile: Saving 1-component variable: alpha
WriteVtuFile: Saving 1-component variable: beta
WriteVtuFile: Saving 1-component variable: w
WriteVtuFile: Saving 1-component variable: alpha direction
WriteVtuFile: Saving 1-component variable: beta direction
WriteVtuFile: Saving 1-component variable: w potential
WriteVtuFile: Saving 3-component variable: magnetic flux density
WriteVtuFile: Saving 3-component variable: magnetic field strength
WriteVtuFile: Saving 3-component variable: current density
WriteVtuFile: Saving 3-component variable: magnetic flux density e
WriteVtuFile: Saving 3-component variable: magnetic field strength e
WriteVtuFile: Saving 3-component variable: current density e
WriteVtuFile: Saving 3-component variable: w vector e
WriteVtuFile: Writing elemental fields
AscBinWriteFree: Terminating buffered ascii/binary writing
VtuOutputSolver: All done for now
ResultOutputSolver: -------------------------------------
SingleSolver: Attempting to call solver: 11
SingleSolver: Solver Equation string is: savescalars
SaveScalars: -----------------------------------------
SaveScalars: Saving scalar values of various kinds
SaveScalars: Performed 2 reduction operations
SaveScalars: Found 13 result scalars in simulation section
SaveScalars: Saving results from component - if any
SaveScalars: Found 17 values to save in total
SaveScalars: Saving values to file: results/circuit.csv
SaveScalars: -----------------------------------------
MAIN: 
MAIN: -------------------------------------
MAIN: Time: 22/30:   4.400E-02
MAIN: Elapsed time:  2.9 minutes
MAIN: Estimated time left:  1.1 minutes
MAIN: -------------------------------------
MAIN: 
SingleSolver: Attempting to call solver: 9
SingleSolver: Solver Equation string is: circuits
AddComponentEquationsAndCouplings: Writing resistor equation, component 2
SingleSolver: Attempting to call solver: 10
SingleSolver: Solver Equation string is: circuits output
DefaultStart: Starting solver: circuits output
CircuitsOutput: Initializing Lagrange multipliers of size: 6
CircuitsOutput: Writing Circuit Results
CircuitsOutput: Writing Circuit Variables for Circuit 1
CircuitsOutput: There are 6 Circuit Variables
CircuitsOutput: i_testsource            1.3470E-03
CircuitsOutput: v_testsource            0.0000E+00
CircuitsOutput: i_component(1)          1.3470E-03
CircuitsOutput: v_component(1)         -1.3470E-02
CircuitsOutput: i_component(2)          1.3470E-03
CircuitsOutput: v_component(2)          1.3470E-02
CircuitsOutput: Writing Component Variables for Circuit 1
CircuitsOutput: r_component(1)          3.0169E-01
CircuitsOutput: p_dc_component(1)       5.4737E-07
CircuitsOutput: r_component(2)          1.0000E+01
CircuitsOutput: p_dc_component(2)       1.8143E-05
Circuit_ToMeshVariable: Adding circuit variables to be mesh variables
DefaultFinish: Finished solver: circuits output
SingleSolver: Attempting to call solver: 1
SingleSolver: Solver Equation string is: meshdeform
RigidMeshMapper: ---------------------------------------
RigidMeshMapper: Performing analytic mesh mapping
RigidMeshMapper: ---------------------------------------
DefaultFinish: Finished solver: meshdeform
SingleSolver: Attempting to call solver: 2
SingleSolver: Solver Equation string is: mgdynamics
WhitneyAVSolver: 
WhitneyAVSolver: -------------------------------------------------
WhitneyAVSolver: Solving transient AV equations with edge elements
DefaultStart: Starting solver: mgdynamics
MGDynAssembly: Elapsed REAL time:     0.2291 (s)
DefUtils::DefaultDirichletBCs: Setting Dirichlet boundary conditions
EnforceDirichletConditions: No Dirichlet conditions to enforce, exiting!
WhitneyAVSolver: Volume tree edges: 2916 of total: 19979
DefaultSolve: Solving linear system with default routines
SolveSystem: Solving linear system
SolveSystem: Solving linear system with linear restrictions!
SolveWithLinearRestriction: Freeing previous collection matrix structures
SolveWithLinearRestriction: Refactoring requested, creating fully new matrix
SolveWithLinearRestriction: Reverting CollectionMatrix back to CRS matrix
List_ToCRSMatrix: Changing matrix type with number of non-zeros: 650873
SolveWithLinearRestriction: Collection matrix creation time (CPU,REAL):     0.03    0.04 (s)
SolveWithLinearRestriction: Collection matrix increased with 6 rows and 2693 non-zeros
SolveWithLinearRestriction: Now solving the linear system with constraints!
SolveLinearSystem: Assuming real valued linear system
SolveLinearSystem: Assuming serial linear system
ScaleLinearSystem: Creating > DiagScaling < vector of size 22902
SolveLinearSystem: Serial linear System Solver: direct
DirectSolver: Using direct method: umfpack
ComputeChange: WARNING: Possible mismatch in length of vectors (22902 vs. 22896)!
ComputeNorm: Computing norm of solution
ComputeChange: Nonlinear iteration did not converge to tolerance
ComputeChange: NS (ITER=1) (NRM,RELC): ( 0.25058130E-03 0.14873420E-02 ) :: mgdynamics
SolveWithLinearRestriction: Picking solution from collection solution
SolveWithLinearRestriction: Separating Lagrange multiplier from collection solution
SolveWithLinearRestriction: All done
WhitneyAVSolver: Calculating lumped parameters
DefaultFinish: Finished solver: mgdynamics
WhitneyAVSolver: All done
WhitneyAVSolver: -------------------------------------------
SingleSolver: Attempting to call solver: 3
SingleSolver: Solver Equation string is: mgdynamicscalc
MagnetoDynamicsCalcFields: ------------------------------
MagnetoDynamicsCalcFields: Computing postprocessed fields
MagnetoDynamicsCalcFields: Using potential variable: magnetic vector potential
MagnetoDynamicsCalcFields: Number of components to compute: 12
MagnetoDynamicsCalcFields: Solving for field: magnetic flux density[magnetic flux density:3]
DefaultSolve: Solving linear system with default routines
SolveSystem: Solving linear system
SolveLinearSystem: Assuming real valued linear system
SolveLinearSystem: Assuming serial linear system
ScaleLinearSystem: Creating > DiagScaling < vector of size 2917
SolveLinearSystem: Linear System Preconditioning: ilu0
Prec0-ilu0: Elapsed REAL time:     0.0000 (s)
SolveLinearSystem: Serial linear System Solver: iterative
IterSolver: Using iterative method: cg
Prec-ilu0: Elapsed REAL time:     0.0000 (s)
ComputeNorm: Computing norm of solution
ComputeChange: NS (ITER=1) (NRM,RELC): (  6.7008041      1.6118004     ) :: mgdynamicscalc
DefaultSolve: Solving linear system with default routines
SolveSystem: Solving linear system
SolveLinearSystem: Assuming real valued linear system
SolveLinearSystem: Assuming serial linear system
ScaleLinearSystem: Creating > DiagScaling < vector of size 2917
SolveLinearSystem: Linear System Preconditioning: ilu0
Prec0-ilu0: Elapsed REAL time:     0.0000 (s)
SolveLinearSystem: Serial linear System Solver: iterative
IterSolver: Using iterative method: cg
Prec-ilu0: Elapsed REAL time:     0.0000 (s)
ComputeNorm: Computing norm of solution
ComputeChange: NS (ITER=2) (NRM,RELC): (  7.1978423     0.71523255E-01 ) :: mgdynamicscalc
DefaultSolve: Solving linear system with default routines
SolveSystem: Solving linear system
SolveLinearSystem: Assuming real valued linear system
SolveLinearSystem: Assuming serial linear system
ScaleLinearSystem: Creating > DiagScaling < vector of size 2917
SolveLinearSystem: Linear System Preconditioning: ilu0
Prec0-ilu0: Elapsed REAL time:     0.0000 (s)
SolveLinearSystem: Serial linear System Solver: iterative
IterSolver: Using iterative method: cg
Prec-ilu0: Elapsed REAL time:     0.0000 (s)
ComputeNorm: Computing norm of solution
ComputeChange: NS (ITER=3) (NRM,RELC): (  13.106123     0.58198297     ) :: mgdynamicscalc
MagnetoDynamicsCalcFields: Solving for field: magnetic field strength[magnetic field strength:3]
DefaultSolve: Solving linear system with default routines
SolveSystem: Solving linear system
SolveLinearSystem: Assuming real valued linear system
SolveLinearSystem: Assuming serial linear system
ScaleLinearSystem: Creating > DiagScaling < vector of size 2917
SolveLinearSystem: Linear System Preconditioning: ilu0
Prec0-ilu0: Elapsed REAL time:     0.0000 (s)
SolveLinearSystem: Serial linear System Solver: iterative
IterSolver: Using iterative method: cg
Prec-ilu0: Elapsed REAL time:     0.0000 (s)
ComputeNorm: Computing norm of solution
ComputeChange: NS (ITER=4) (NRM,RELC): (  5332334.7      1.9999902     ) :: mgdynamicscalc
DefaultSolve: Solving linear system with default routines
SolveSystem: Solving linear system
SolveLinearSystem: Assuming real valued linear system
SolveLinearSystem: Assuming serial linear system
ScaleLinearSystem: Creating > DiagScaling < vector of size 2917
SolveLinearSystem: Linear System Preconditioning: ilu0
Prec0-ilu0: Elapsed REAL time:     0.0000 (s)
SolveLinearSystem: Serial linear System Solver: iterative
IterSolver: Using iterative method: cg
Prec-ilu0: Elapsed REAL time:     0.0000 (s)
ComputeNorm: Computing norm of solution
ComputeChange: NS (ITER=5) (NRM,RELC): (  5727848.1     0.71520213E-01 ) :: mgdynamicscalc
DefaultSolve: Solving linear system with default routines
SolveSystem: Solving linear system
SolveLinearSystem: Assuming real valued linear system
SolveLinearSystem: Assuming serial linear system
ScaleLinearSystem: Creating > DiagScaling < vector of size 2917
SolveLinearSystem: Linear System Preconditioning: ilu0
Prec0-ilu0: Elapsed REAL time:     0.0000 (s)
SolveLinearSystem: Serial linear System Solver: iterative
IterSolver: Using iterative method: cg
Prec-ilu0: Elapsed REAL time:     0.0000 (s)
ComputeNorm: Computing norm of solution
ComputeChange: NS (ITER=6) (NRM,RELC): (  10419647.     0.58111785     ) :: mgdynamicscalc
MagnetoDynamicsCalcFields: Solving for field: magnetic vector potential
DefaultSolve: Solving linear system with default routines
SolveSystem: Solving linear system
SolveLinearSystem: Assuming real valued linear system
SolveLinearSystem: Assuming serial linear system
ScaleLinearSystem: Creating > DiagScaling < vector of size 2917
SolveLinearSystem: Linear System Preconditioning: ilu0
Prec0-ilu0: Elapsed REAL time:     0.0000 (s)
SolveLinearSystem: Serial linear System Solver: iterative
IterSolver: Using iterative method: cg
Prec-ilu0: Elapsed REAL time:     0.0000 (s)
ComputeNorm: Computing norm of solution
ComputeChange: NS (ITER=7) (NRM,RELC): ( 0.39036048E-01  2.0000000     ) :: mgdynamicscalc
DefaultSolve: Solving linear system with default routines
SolveSystem: Solving linear system
SolveLinearSystem: Assuming real valued linear system
SolveLinearSystem: Assuming serial linear system
ScaleLinearSystem: Creating > DiagScaling < vector of size 2917
SolveLinearSystem: Linear System Preconditioning: ilu0
Prec0-ilu0: Elapsed REAL time:     0.0000 (s)
SolveLinearSystem: Serial linear System Solver: iterative
IterSolver: Using iterative method: cg
Prec-ilu0: Elapsed REAL time:     0.0000 (s)
ComputeNorm: Computing norm of solution
ComputeChange: NS (ITER=8) (NRM,RELC): ( 0.38801938E-01 0.60153012E-02 ) :: mgdynamicscalc
DefaultSolve: Solving linear system with default routines
SolveSystem: Solving linear system
SolveLinearSystem: Assuming real valued linear system
SolveLinearSystem: Assuming serial linear system
ScaleLinearSystem: Creating > DiagScaling < vector of size 2917
SolveLinearSystem: Linear System Preconditioning: ilu0
Prec0-ilu0: Elapsed REAL time:     0.0000 (s)
SolveLinearSystem: Serial linear System Solver: iterative
IterSolver: Using iterative method: cg
Prec-ilu0: Elapsed REAL time:     0.0000 (s)
ComputeNorm: Computing norm of solution
ComputeChange: NS (ITER=9) (NRM,RELC): ( 0.26544653E-01 0.37514687     ) :: mgdynamicscalc
MagnetoDynamicsCalcFields: Solving for field: current density[current density:3]
DefaultSolve: Solving linear system with default routines
SolveSystem: Solving linear system
SolveLinearSystem: Assuming real valued linear system
SolveLinearSystem: Assuming serial linear system
ScaleLinearSystem: Creating > DiagScaling < vector of size 2917
SolveLinearSystem: Linear System Preconditioning: ilu0
Prec0-ilu0: Elapsed REAL time:     0.0000 (s)
SolveLinearSystem: Serial linear System Solver: iterative
IterSolver: Using iterative method: cg
Prec-ilu0: Elapsed REAL time:     0.0000 (s)
ComputeNorm: Computing norm of solution
ComputeChange: NS (ITER=10) (NRM,RELC): (  40.823438      1.9974008     ) :: mgdynamicscalc
DefaultSolve: Solving linear system with default routines
SolveSystem: Solving linear system
SolveLinearSystem: Assuming real valued linear system
SolveLinearSystem: Assuming serial linear system
ScaleLinearSystem: Creating > DiagScaling < vector of size 2917
SolveLinearSystem: Linear System Preconditioning: ilu0
Prec0-ilu0: Elapsed REAL time:     0.0000 (s)
SolveLinearSystem: Serial linear System Solver: iterative
IterSolver: Using iterative method: cg
Prec-ilu0: Elapsed REAL time:     0.0000 (s)
ComputeNorm: Computing norm of solution
ComputeChange: NS (ITER=11) (NRM,RELC): (  46.893119     0.13839305     ) :: mgdynamicscalc
DefaultSolve: Solving linear system with default routines
SolveSystem: Solving linear system
SolveLinearSystem: Assuming real valued linear system
SolveLinearSystem: Assuming serial linear system
ScaleLinearSystem: Creating > DiagScaling < vector of size 2917
SolveLinearSystem: Linear System Preconditioning: ilu0
Prec0-ilu0: Elapsed REAL time:     0.0000 (s)
SolveLinearSystem: Serial linear System Solver: iterative
IterSolver: Using iterative method: cg
Prec-ilu0: Elapsed REAL time:     0.0000 (s)
ComputeNorm: Computing norm of solution
ComputeChange: NS (ITER=12) (NRM,RELC): ( 0.72403975      1.9391782     ) :: mgdynamicscalc
MagnetoDynamicsCalcFields: Eddy current power:    5.561365E-07
MagnetoDynamicsCalcFields: ElectroMagnetic Field Energy:    3.166959E+05
SingleSolver: Attempting to call solver: 4
SingleSolver: Solver Equation string is: resultoutput
ResultOutputSolver: -------------------------------------
ResultOutputSolver: Dimension of mesh is: 3
ResultOutputSolver: Working on mesh 1: mesh with 2917 nodes
ResultOutputSolver: Saving in unstructured VTK XML (.vtu) format
VtuOutputSolver: Full filename base is: results/case
GenerateSaveMask: Number of active elements 18743 out of 18743
GenerateSaveMask: Number of geometry nodes 2917 out of 2917
VtuOutputSolver: Writing the vtu file: results/case_t0022.vtu
AscBinWriteInit: Initializing buffered ascii/binary writing
AscBinWriteInit: Writing in binary
AscBinWriteInit: Writing in double precision
AscBinWriteInit: Writing to unit number: 58
AscBinWriteInit: Size of buffer is: 2917
WriteVtuFile: Writing nodal fields
WriteVtuFile: Saving 1-component variable: meshrelax
WriteVtuFile: Saving 1-component variable: magnetic vector potential
WriteVtuFile: Saving 1-component variable: alpha
WriteVtuFile: Saving 1-component variable: beta
WriteVtuFile: Saving 1-component variable: w
WriteVtuFile: Saving 1-component variable: alpha direction
WriteVtuFile: Saving 1-component variable: beta direction
WriteVtuFile: Saving 1-component variable: w potential
WriteVtuFile: Saving 3-component variable: magnetic flux density
WriteVtuFile: Saving 3-component variable: magnetic field strength
WriteVtuFile: Saving 3-component variable: current density
WriteVtuFile: Saving 3-component variable: magnetic flux density e
WriteVtuFile: Saving 3-component variable: magnetic field strength e
WriteVtuFile: Saving 3-component variable: current density e
WriteVtuFile: Saving 3-component variable: w vector e
WriteVtuFile: Number of nodal fields written: 8
WriteVtuFile: Writing elemental fields
WriteVtuFile: Number of elemental fields written: 7
WriteVtuFile: Writing coordinates for each used node
WriteVtuFile: Writing the elemental connectivity data
WriteVtuFile: Writing nodal fields
WriteVtuFile: Saving 1-component variable: meshrelax
WriteVtuFile: Saving 1-component variable: magnetic vector potential
WriteVtuFile: Saving 1-component variable: alpha
WriteVtuFile: Saving 1-component variable: beta
WriteVtuFile: Saving 1-component variable: w
WriteVtuFile: Saving 1-component variable: alpha direction
WriteVtuFile: Saving 1-component variable: beta direction
WriteVtuFile: Saving 1-component variable: w potential
WriteVtuFile: Saving 3-component variable: magnetic flux density
WriteVtuFile: Saving 3-component variable: magnetic field strength
WriteVtuFile: Saving 3-component variable: current density
WriteVtuFile: Saving 3-component variable: magnetic flux density e
WriteVtuFile: Saving 3-component variable: magnetic field strength e
WriteVtuFile: Saving 3-component variable: current density e
WriteVtuFile: Saving 3-component variable: w vector e
WriteVtuFile: Writing elemental fields
AscBinWriteFree: Terminating buffered ascii/binary writing
VtuOutputSolver: All done for now
ResultOutputSolver: -------------------------------------
SingleSolver: Attempting to call solver: 11
SingleSolver: Solver Equation string is: savescalars
SaveScalars: -----------------------------------------
SaveScalars: Saving scalar values of various kinds
SaveScalars: Performed 2 reduction operations
SaveScalars: Found 13 result scalars in simulation section
SaveScalars: Saving results from component - if any
SaveScalars: Found 17 values to save in total
SaveScalars: Saving values to file: results/circuit.csv
SaveScalars: -----------------------------------------
MAIN: 
MAIN: -------------------------------------
MAIN: Time: 23/30:   4.600E-02
MAIN: Elapsed time:  3.0 minutes
MAIN: Estimated time left: 59.6 seconds
MAIN: -------------------------------------
MAIN: 
SingleSolver: Attempting to call solver: 9
SingleSolver: Solver Equation string is: circuits
AddComponentEquationsAndCouplings: Writing resistor equation, component 2
SingleSolver: Attempting to call solver: 10
SingleSolver: Solver Equation string is: circuits output
DefaultStart: Starting solver: circuits output
CircuitsOutput: Initializing Lagrange multipliers of size: 6
CircuitsOutput: Writing Circuit Results
CircuitsOutput: Writing Circuit Variables for Circuit 1
CircuitsOutput: There are 6 Circuit Variables
CircuitsOutput: i_testsource            1.3578E-03
CircuitsOutput: v_testsource            0.0000E+00
CircuitsOutput: i_component(1)          1.3578E-03
CircuitsOutput: v_component(1)         -1.3578E-02
CircuitsOutput: i_component(2)          1.3578E-03
CircuitsOutput: v_component(2)          1.3578E-02
CircuitsOutput: Writing Component Variables for Circuit 1
CircuitsOutput: r_component(1)          3.0169E-01
CircuitsOutput: p_dc_component(1)       5.5617E-07
CircuitsOutput: r_component(2)          1.0000E+01
CircuitsOutput: p_dc_component(2)       1.8435E-05
Circuit_ToMeshVariable: Adding circuit variables to be mesh variables
DefaultFinish: Finished solver: circuits output
SingleSolver: Attempting to call solver: 1
SingleSolver: Solver Equation string is: meshdeform
RigidMeshMapper: ---------------------------------------
RigidMeshMapper: Performing analytic mesh mapping
RigidMeshMapper: ---------------------------------------
DefaultFinish: Finished solver: meshdeform
SingleSolver: Attempting to call solver: 2
SingleSolver: Solver Equation string is: mgdynamics
WhitneyAVSolver: 
WhitneyAVSolver: -------------------------------------------------
WhitneyAVSolver: Solving transient AV equations with edge elements
DefaultStart: Starting solver: mgdynamics
MGDynAssembly: Elapsed REAL time:     0.2287 (s)
DefUtils::DefaultDirichletBCs: Setting Dirichlet boundary conditions
EnforceDirichletConditions: No Dirichlet conditions to enforce, exiting!
WhitneyAVSolver: Volume tree edges: 2916 of total: 19979
DefaultSolve: Solving linear system with default routines
SolveSystem: Solving linear system
SolveSystem: Solving linear system with linear restrictions!
SolveWithLinearRestriction: Freeing previous collection matrix structures
SolveWithLinearRestriction: Refactoring requested, creating fully new matrix
SolveWithLinearRestriction: Reverting CollectionMatrix back to CRS matrix
List_ToCRSMatrix: Changing matrix type with number of non-zeros: 650873
SolveWithLinearRestriction: Collection matrix creation time (CPU,REAL):     0.04    0.04 (s)
SolveWithLinearRestriction: Collection matrix increased with 6 rows and 2693 non-zeros
SolveWithLinearRestriction: Now solving the linear system with constraints!
SolveLinearSystem: Assuming real valued linear system
SolveLinearSystem: Assuming serial linear system
ScaleLinearSystem: Creating > DiagScaling < vector of size 22902
SolveLinearSystem: Serial linear System Solver: direct
DirectSolver: Using direct method: umfpack
ComputeChange: WARNING: Possible mismatch in length of vectors (22902 vs. 22896)!
ComputeNorm: Computing norm of solution
ComputeChange: Nonlinear iteration did not converge to tolerance
ComputeChange: NS (ITER=1) (NRM,RELC): ( 0.25102426E-03 0.17661986E-02 ) :: mgdynamics
SolveWithLinearRestriction: Picking solution from collection solution
SolveWithLinearRestriction: Separating Lagrange multiplier from collection solution
SolveWithLinearRestriction: All done
WhitneyAVSolver: Calculating lumped parameters
DefaultFinish: Finished solver: mgdynamics
WhitneyAVSolver: All done
WhitneyAVSolver: -------------------------------------------
SingleSolver: Attempting to call solver: 3
SingleSolver: Solver Equation string is: mgdynamicscalc
MagnetoDynamicsCalcFields: ------------------------------
MagnetoDynamicsCalcFields: Computing postprocessed fields
MagnetoDynamicsCalcFields: Using potential variable: magnetic vector potential
MagnetoDynamicsCalcFields: Number of components to compute: 12
MagnetoDynamicsCalcFields: Solving for field: magnetic flux density[magnetic flux density:3]
DefaultSolve: Solving linear system with default routines
SolveSystem: Solving linear system
SolveLinearSystem: Assuming real valued linear system
SolveLinearSystem: Assuming serial linear system
ScaleLinearSystem: Creating > DiagScaling < vector of size 2917
SolveLinearSystem: Linear System Preconditioning: ilu0
Prec0-ilu0: Elapsed REAL time:     0.0000 (s)
SolveLinearSystem: Serial linear System Solver: iterative
IterSolver: Using iterative method: cg
Prec-ilu0: Elapsed REAL time:     0.0000 (s)
ComputeNorm: Computing norm of solution
ComputeChange: NS (ITER=1) (NRM,RELC): (  6.7686754      1.6134700     ) :: mgdynamicscalc
DefaultSolve: Solving linear system with default routines
SolveSystem: Solving linear system
SolveLinearSystem: Assuming real valued linear system
SolveLinearSystem: Assuming serial linear system
ScaleLinearSystem: Creating > DiagScaling < vector of size 2917
SolveLinearSystem: Linear System Preconditioning: ilu0
Prec0-ilu0: Elapsed REAL time:     0.0000 (s)
SolveLinearSystem: Serial linear System Solver: iterative
IterSolver: Using iterative method: cg
Prec-ilu0: Elapsed REAL time:     0.0000 (s)
ComputeNorm: Computing norm of solution
ComputeChange: NS (ITER=2) (NRM,RELC): (  7.2722706     0.71732367E-01 ) :: mgdynamicscalc
DefaultSolve: Solving linear system with default routines
SolveSystem: Solving linear system
SolveLinearSystem: Assuming real valued linear system
SolveLinearSystem: Assuming serial linear system
ScaleLinearSystem: Creating > DiagScaling < vector of size 2917
SolveLinearSystem: Linear System Preconditioning: ilu0
Prec0-ilu0: Elapsed REAL time:     0.0000 (s)
SolveLinearSystem: Serial linear System Solver: iterative
IterSolver: Using iterative method: cg
Prec-ilu0: Elapsed REAL time:     0.0000 (s)
ComputeNorm: Computing norm of solution
ComputeChange: NS (ITER=3) (NRM,RELC): (  13.613365     0.60722062     ) :: mgdynamicscalc
MagnetoDynamicsCalcFields: Solving for field: magnetic field strength[magnetic field strength:3]
DefaultSolve: Solving linear system with default routines
SolveSystem: Solving linear system
SolveLinearSystem: Assuming real valued linear system
SolveLinearSystem: Assuming serial linear system
ScaleLinearSystem: Creating > DiagScaling < vector of size 2917
SolveLinearSystem: Linear System Preconditioning: ilu0
Prec0-ilu0: Elapsed REAL time:     0.0000 (s)
SolveLinearSystem: Serial linear System Solver: iterative
IterSolver: Using iterative method: cg
Prec-ilu0: Elapsed REAL time:     0.0000 (s)
ComputeNorm: Computing norm of solution
ComputeChange: NS (ITER=4) (NRM,RELC): (  5386345.2      1.9999899     ) :: mgdynamicscalc
DefaultSolve: Solving linear system with default routines
SolveSystem: Solving linear system
SolveLinearSystem: Assuming real valued linear system
SolveLinearSystem: Assuming serial linear system
ScaleLinearSystem: Creating > DiagScaling < vector of size 2917
SolveLinearSystem: Linear System Preconditioning: ilu0
Prec0-ilu0: Elapsed REAL time:     0.0000 (s)
SolveLinearSystem: Serial linear System Solver: iterative
IterSolver: Using iterative method: cg
Prec-ilu0: Elapsed REAL time:     0.0000 (s)
ComputeNorm: Computing norm of solution
ComputeChange: NS (ITER=5) (NRM,RELC): (  5787078.4     0.71729703E-01 ) :: mgdynamicscalc
DefaultSolve: Solving linear system with default routines
SolveSystem: Solving linear system
SolveLinearSystem: Assuming real valued linear system
SolveLinearSystem: Assuming serial linear system
ScaleLinearSystem: Creating > DiagScaling < vector of size 2917
SolveLinearSystem: Linear System Preconditioning: ilu0
Prec0-ilu0: Elapsed REAL time:     0.0000 (s)
SolveLinearSystem: Serial linear System Solver: iterative
IterSolver: Using iterative method: cg
Prec-ilu0: Elapsed REAL time:     0.0000 (s)
ComputeNorm: Computing norm of solution
ComputeChange: NS (ITER=6) (NRM,RELC): (  10823547.     0.60641534     ) :: mgdynamicscalc
MagnetoDynamicsCalcFields: Solving for field: magnetic vector potential
DefaultSolve: Solving linear system with default routines
SolveSystem: Solving linear system
SolveLinearSystem: Assuming real valued linear system
SolveLinearSystem: Assuming serial linear system
ScaleLinearSystem: Creating > DiagScaling < vector of size 2917
SolveLinearSystem: Linear System Preconditioning: ilu0
Prec0-ilu0: Elapsed REAL time:     0.0000 (s)
SolveLinearSystem: Serial linear System Solver: iterative
IterSolver: Using iterative method: cg
Prec-ilu0: Elapsed REAL time:     0.0000 (s)
ComputeNorm: Computing norm of solution
ComputeChange: NS (ITER=7) (NRM,RELC): ( 0.39209663E-01  2.0000000     ) :: mgdynamicscalc
DefaultSolve: Solving linear system with default routines
SolveSystem: Solving linear system
SolveLinearSystem: Assuming real valued linear system
SolveLinearSystem: Assuming serial linear system
ScaleLinearSystem: Creating > DiagScaling < vector of size 2917
SolveLinearSystem: Linear System Preconditioning: ilu0
Prec0-ilu0: Elapsed REAL time:     0.0000 (s)
SolveLinearSystem: Serial linear System Solver: iterative
IterSolver: Using iterative method: cg
Prec-ilu0: Elapsed REAL time:     0.0000 (s)
ComputeNorm: Computing norm of solution
ComputeChange: NS (ITER=8) (NRM,RELC): ( 0.38913278E-01 0.75876533E-02 ) :: mgdynamicscalc
DefaultSolve: Solving linear system with default routines
SolveSystem: Solving linear system
SolveLinearSystem: Assuming real valued linear system
SolveLinearSystem: Assuming serial linear system
ScaleLinearSystem: Creating > DiagScaling < vector of size 2917
SolveLinearSystem: Linear System Preconditioning: ilu0
Prec0-ilu0: Elapsed REAL time:     0.0000 (s)
SolveLinearSystem: Serial linear System Solver: iterative
IterSolver: Using iterative method: cg
Prec-ilu0: Elapsed REAL time:     0.0000 (s)
ComputeNorm: Computing norm of solution
ComputeChange: NS (ITER=9) (NRM,RELC): ( 0.26240233E-01 0.38902110     ) :: mgdynamicscalc
MagnetoDynamicsCalcFields: Solving for field: current density[current density:3]
DefaultSolve: Solving linear system with default routines
SolveSystem: Solving linear system
SolveLinearSystem: Assuming real valued linear system
SolveLinearSystem: Assuming serial linear system
ScaleLinearSystem: Creating > DiagScaling < vector of size 2917
SolveLinearSystem: Linear System Preconditioning: ilu0
Prec0-ilu0: Elapsed REAL time:     0.0000 (s)
SolveLinearSystem: Serial linear System Solver: iterative
IterSolver: Using iterative method: cg
Prec-ilu0: Elapsed REAL time:     0.0000 (s)
ComputeNorm: Computing norm of solution
ComputeChange: NS (ITER=10) (NRM,RELC): (  41.203147      1.9974542     ) :: mgdynamicscalc
DefaultSolve: Solving linear system with default routines
SolveSystem: Solving linear system
SolveLinearSystem: Assuming real valued linear system
SolveLinearSystem: Assuming serial linear system
ScaleLinearSystem: Creating > DiagScaling < vector of size 2917
SolveLinearSystem: Linear System Preconditioning: ilu0
Prec0-ilu0: Elapsed REAL time:     0.0000 (s)
SolveLinearSystem: Serial linear System Solver: iterative
IterSolver: Using iterative method: cg
Prec-ilu0: Elapsed REAL time:     0.0000 (s)
ComputeNorm: Computing norm of solution
ComputeChange: NS (ITER=11) (NRM,RELC): (  47.402534     0.13993205     ) :: mgdynamicscalc
DefaultSolve: Solving linear system with default routines
SolveSystem: Solving linear system
SolveLinearSystem: Assuming real valued linear system
SolveLinearSystem: Assuming serial linear system
ScaleLinearSystem: Creating > DiagScaling < vector of size 2917
SolveLinearSystem: Linear System Preconditioning: ilu0
Prec0-ilu0: Elapsed REAL time:     0.0000 (s)
SolveLinearSystem: Serial linear System Solver: iterative
IterSolver: Using iterative method: cg
Prec-ilu0: Elapsed REAL time:     0.0000 (s)
ComputeNorm: Computing norm of solution
ComputeChange: NS (ITER=12) (NRM,RELC): ( 0.73156395      1.9392062     ) :: mgdynamicscalc
MagnetoDynamicsCalcFields: Eddy current power:    5.704284E-07
MagnetoDynamicsCalcFields: ElectroMagnetic Field Energy:    3.279993E+05
SingleSolver: Attempting to call solver: 4
SingleSolver: Solver Equation string is: resultoutput
ResultOutputSolver: -------------------------------------
ResultOutputSolver: Dimension of mesh is: 3
ResultOutputSolver: Working on mesh 1: mesh with 2917 nodes
ResultOutputSolver: Saving in unstructured VTK XML (.vtu) format
VtuOutputSolver: Full filename base is: results/case
GenerateSaveMask: Number of active elements 18743 out of 18743
GenerateSaveMask: Number of geometry nodes 2917 out of 2917
VtuOutputSolver: Writing the vtu file: results/case_t0023.vtu
AscBinWriteInit: Initializing buffered ascii/binary writing
AscBinWriteInit: Writing in binary
AscBinWriteInit: Writing in double precision
AscBinWriteInit: Writing to unit number: 58
AscBinWriteInit: Size of buffer is: 2917
WriteVtuFile: Writing nodal fields
WriteVtuFile: Saving 1-component variable: meshrelax
WriteVtuFile: Saving 1-component variable: magnetic vector potential
WriteVtuFile: Saving 1-component variable: alpha
WriteVtuFile: Saving 1-component variable: beta
WriteVtuFile: Saving 1-component variable: w
WriteVtuFile: Saving 1-component variable: alpha direction
WriteVtuFile: Saving 1-component variable: beta direction
WriteVtuFile: Saving 1-component variable: w potential
WriteVtuFile: Saving 3-component variable: magnetic flux density
WriteVtuFile: Saving 3-component variable: magnetic field strength
WriteVtuFile: Saving 3-component variable: current density
WriteVtuFile: Saving 3-component variable: magnetic flux density e
WriteVtuFile: Saving 3-component variable: magnetic field strength e
WriteVtuFile: Saving 3-component variable: current density e
WriteVtuFile: Saving 3-component variable: w vector e
WriteVtuFile: Number of nodal fields written: 8
WriteVtuFile: Writing elemental fields
WriteVtuFile: Number of elemental fields written: 7
WriteVtuFile: Writing coordinates for each used node
WriteVtuFile: Writing the elemental connectivity data
WriteVtuFile: Writing nodal fields
WriteVtuFile: Saving 1-component variable: meshrelax
WriteVtuFile: Saving 1-component variable: magnetic vector potential
WriteVtuFile: Saving 1-component variable: alpha
WriteVtuFile: Saving 1-component variable: beta
WriteVtuFile: Saving 1-component variable: w
WriteVtuFile: Saving 1-component variable: alpha direction
WriteVtuFile: Saving 1-component variable: beta direction
WriteVtuFile: Saving 1-component variable: w potential
WriteVtuFile: Saving 3-component variable: magnetic flux density
WriteVtuFile: Saving 3-component variable: magnetic field strength
WriteVtuFile: Saving 3-component variable: current density
WriteVtuFile: Saving 3-component variable: magnetic flux density e
WriteVtuFile: Saving 3-component variable: magnetic field strength e
WriteVtuFile: Saving 3-component variable: current density e
WriteVtuFile: Saving 3-component variable: w vector e
WriteVtuFile: Writing elemental fields
AscBinWriteFree: Terminating buffered ascii/binary writing
VtuOutputSolver: All done for now
ResultOutputSolver: -------------------------------------
SingleSolver: Attempting to call solver: 11
SingleSolver: Solver Equation string is: savescalars
SaveScalars: -----------------------------------------
SaveScalars: Saving scalar values of various kinds
SaveScalars: Performed 2 reduction operations
SaveScalars: Found 13 result scalars in simulation section
SaveScalars: Saving results from component - if any
SaveScalars: Found 17 values to save in total
SaveScalars: Saving values to file: results/circuit.csv
SaveScalars: -----------------------------------------
MAIN: 
MAIN: -------------------------------------
MAIN: Time: 24/30:   4.800E-02
MAIN: Elapsed time:  3.1 minutes
MAIN: Estimated time left: 51.8 seconds
MAIN: -------------------------------------
MAIN: 
SingleSolver: Attempting to call solver: 9
SingleSolver: Solver Equation string is: circuits
AddComponentEquationsAndCouplings: Writing resistor equation, component 2
SingleSolver: Attempting to call solver: 10
SingleSolver: Solver Equation string is: circuits output
DefaultStart: Starting solver: circuits output
CircuitsOutput: Initializing Lagrange multipliers of size: 6
CircuitsOutput: Writing Circuit Results
CircuitsOutput: Writing Circuit Variables for Circuit 1
CircuitsOutput: There are 6 Circuit Variables
CircuitsOutput: i_testsource            1.3753E-03
CircuitsOutput: v_testsource            0.0000E+00
CircuitsOutput: i_component(1)          1.3753E-03
CircuitsOutput: v_component(1)         -1.3753E-02
CircuitsOutput: i_component(2)          1.3753E-03
CircuitsOutput: v_component(2)          1.3753E-02
CircuitsOutput: Writing Component Variables for Circuit 1
CircuitsOutput: r_component(1)          3.0169E-01
CircuitsOutput: p_dc_component(1)       5.7066E-07
CircuitsOutput: r_component(2)          1.0000E+01
CircuitsOutput: p_dc_component(2)       1.8915E-05
Circuit_ToMeshVariable: Adding circuit variables to be mesh variables
DefaultFinish: Finished solver: circuits output
SingleSolver: Attempting to call solver: 1
SingleSolver: Solver Equation string is: meshdeform
RigidMeshMapper: ---------------------------------------
RigidMeshMapper: Performing analytic mesh mapping
RigidMeshMapper: ---------------------------------------
DefaultFinish: Finished solver: meshdeform
SingleSolver: Attempting to call solver: 2
SingleSolver: Solver Equation string is: mgdynamics
WhitneyAVSolver: 
WhitneyAVSolver: -------------------------------------------------
WhitneyAVSolver: Solving transient AV equations with edge elements
DefaultStart: Starting solver: mgdynamics
MGDynAssembly: Elapsed REAL time:     0.2203 (s)
DefUtils::DefaultDirichletBCs: Setting Dirichlet boundary conditions
EnforceDirichletConditions: No Dirichlet conditions to enforce, exiting!
WhitneyAVSolver: Volume tree edges: 2916 of total: 19979
DefaultSolve: Solving linear system with default routines
SolveSystem: Solving linear system
SolveSystem: Solving linear system with linear restrictions!
SolveWithLinearRestriction: Freeing previous collection matrix structures
SolveWithLinearRestriction: Refactoring requested, creating fully new matrix
SolveWithLinearRestriction: Reverting CollectionMatrix back to CRS matrix
List_ToCRSMatrix: Changing matrix type with number of non-zeros: 650873
SolveWithLinearRestriction: Collection matrix creation time (CPU,REAL):     0.04    0.04 (s)
SolveWithLinearRestriction: Collection matrix increased with 6 rows and 2693 non-zeros
SolveWithLinearRestriction: Now solving the linear system with constraints!
SolveLinearSystem: Assuming real valued linear system
SolveLinearSystem: Assuming serial linear system
ScaleLinearSystem: Creating > DiagScaling < vector of size 22902
SolveLinearSystem: Serial linear System Solver: direct
DirectSolver: Using direct method: umfpack
ComputeChange: WARNING: Possible mismatch in length of vectors (22902 vs. 22896)!
ComputeNorm: Computing norm of solution
ComputeChange: Nonlinear iteration did not converge to tolerance
ComputeChange: NS (ITER=1) (NRM,RELC): ( 0.24975918E-03 0.50524344E-02 ) :: mgdynamics
SolveWithLinearRestriction: Picking solution from collection solution
SolveWithLinearRestriction: Separating Lagrange multiplier from collection solution
SolveWithLinearRestriction: All done
WhitneyAVSolver: Calculating lumped parameters
DefaultFinish: Finished solver: mgdynamics
WhitneyAVSolver: All done
WhitneyAVSolver: -------------------------------------------
SingleSolver: Attempting to call solver: 3
SingleSolver: Solver Equation string is: mgdynamicscalc
MagnetoDynamicsCalcFields: ------------------------------
MagnetoDynamicsCalcFields: Computing postprocessed fields
MagnetoDynamicsCalcFields: Using potential variable: magnetic vector potential
MagnetoDynamicsCalcFields: Number of components to compute: 12
MagnetoDynamicsCalcFields: Solving for field: magnetic flux density[magnetic flux density:3]
DefaultSolve: Solving linear system with default routines
SolveSystem: Solving linear system
SolveLinearSystem: Assuming real valued linear system
SolveLinearSystem: Assuming serial linear system
ScaleLinearSystem: Creating > DiagScaling < vector of size 2917
SolveLinearSystem: Linear System Preconditioning: ilu0
Prec0-ilu0: Elapsed REAL time:     0.0000 (s)
SolveLinearSystem: Serial linear System Solver: iterative
IterSolver: Using iterative method: cg
Prec-ilu0: Elapsed REAL time:     0.0000 (s)
ComputeNorm: Computing norm of solution
ComputeChange: NS (ITER=1) (NRM,RELC): (  6.7736830      1.6101053     ) :: mgdynamicscalc
DefaultSolve: Solving linear system with default routines
SolveSystem: Solving linear system
SolveLinearSystem: Assuming real valued linear system
SolveLinearSystem: Assuming serial linear system
ScaleLinearSystem: Creating > DiagScaling < vector of size 2917
SolveLinearSystem: Linear System Preconditioning: ilu0
Prec0-ilu0: Elapsed REAL time:     0.0000 (s)
SolveLinearSystem: Serial linear System Solver: iterative
IterSolver: Using iterative method: cg
Prec-ilu0: Elapsed REAL time:     0.0000 (s)
ComputeNorm: Computing norm of solution
ComputeChange: NS (ITER=2) (NRM,RELC): (  7.2789443     0.71909867E-01 ) :: mgdynamicscalc
DefaultSolve: Solving linear system with default routines
SolveSystem: Solving linear system
SolveLinearSystem: Assuming real valued linear system
SolveLinearSystem: Assuming serial linear system
ScaleLinearSystem: Creating > DiagScaling < vector of size 2917
SolveLinearSystem: Linear System Preconditioning: ilu0
Prec0-ilu0: Elapsed REAL time:     0.0000 (s)
SolveLinearSystem: Serial linear System Solver: iterative
IterSolver: Using iterative method: cg
Prec-ilu0: Elapsed REAL time:     0.0000 (s)
ComputeNorm: Computing norm of solution
ComputeChange: NS (ITER=3) (NRM,RELC): (  14.024057     0.63325469     ) :: mgdynamicscalc
MagnetoDynamicsCalcFields: Solving for field: magnetic field strength[magnetic field strength:3]
DefaultSolve: Solving linear system with default routines
SolveSystem: Solving linear system
SolveLinearSystem: Assuming real valued linear system
SolveLinearSystem: Assuming serial linear system
ScaleLinearSystem: Creating > DiagScaling < vector of size 2917
SolveLinearSystem: Linear System Preconditioning: ilu0
Prec0-ilu0: Elapsed REAL time:     0.0000 (s)
SolveLinearSystem: Serial linear System Solver: iterative
IterSolver: Using iterative method: cg
Prec-ilu0: Elapsed REAL time:     0.0000 (s)
ComputeNorm: Computing norm of solution
ComputeChange: NS (ITER=4) (NRM,RELC): (  5390330.2      1.9999896     ) :: mgdynamicscalc
DefaultSolve: Solving linear system with default routines
SolveSystem: Solving linear system
SolveLinearSystem: Assuming real valued linear system
SolveLinearSystem: Assuming serial linear system
ScaleLinearSystem: Creating > DiagScaling < vector of size 2917
SolveLinearSystem: Linear System Preconditioning: ilu0
Prec0-ilu0: Elapsed REAL time:     0.0000 (s)
SolveLinearSystem: Serial linear System Solver: iterative
IterSolver: Using iterative method: cg
Prec-ilu0: Elapsed REAL time:     0.0000 (s)
ComputeNorm: Computing norm of solution
ComputeChange: NS (ITER=5) (NRM,RELC): (  5792391.1     0.71907526E-01 ) :: mgdynamicscalc
DefaultSolve: Solving linear system with default routines
SolveSystem: Solving linear system
SolveLinearSystem: Assuming real valued linear system
SolveLinearSystem: Assuming serial linear system
ScaleLinearSystem: Creating > DiagScaling < vector of size 2917
SolveLinearSystem: Linear System Preconditioning: ilu0
Prec0-ilu0: Elapsed REAL time:     0.0000 (s)
SolveLinearSystem: Serial linear System Solver: iterative
IterSolver: Using iterative method: cg
Prec-ilu0: Elapsed REAL time:     0.0000 (s)
ComputeNorm: Computing norm of solution
ComputeChange: NS (ITER=6) (NRM,RELC): (  11150623.     0.63250043     ) :: mgdynamicscalc
MagnetoDynamicsCalcFields: Solving for field: magnetic vector potential
DefaultSolve: Solving linear system with default routines
SolveSystem: Solving linear system
SolveLinearSystem: Assuming real valued linear system
SolveLinearSystem: Assuming serial linear system
ScaleLinearSystem: Creating > DiagScaling < vector of size 2917
SolveLinearSystem: Linear System Preconditioning: ilu0
Prec0-ilu0: Elapsed REAL time:     0.0000 (s)
SolveLinearSystem: Serial linear System Solver: iterative
IterSolver: Using iterative method: cg
Prec-ilu0: Elapsed REAL time:     0.0000 (s)
ComputeNorm: Computing norm of solution
ComputeChange: NS (ITER=7) (NRM,RELC): ( 0.39177323E-01  2.0000000     ) :: mgdynamicscalc
DefaultSolve: Solving linear system with default routines
SolveSystem: Solving linear system
SolveLinearSystem: Assuming real valued linear system
SolveLinearSystem: Assuming serial linear system
ScaleLinearSystem: Creating > DiagScaling < vector of size 2917
SolveLinearSystem: Linear System Preconditioning: ilu0
Prec0-ilu0: Elapsed REAL time:     0.0000 (s)
SolveLinearSystem: Serial linear System Solver: iterative
IterSolver: Using iterative method: cg
Prec-ilu0: Elapsed REAL time:     0.0000 (s)
ComputeNorm: Computing norm of solution
ComputeChange: NS (ITER=8) (NRM,RELC): ( 0.38887150E-01 0.74342039E-02 ) :: mgdynamicscalc
DefaultSolve: Solving linear system with default routines
SolveSystem: Solving linear system
SolveLinearSystem: Assuming real valued linear system
SolveLinearSystem: Assuming serial linear system
ScaleLinearSystem: Creating > DiagScaling < vector of size 2917
SolveLinearSystem: Linear System Preconditioning: ilu0
Prec0-ilu0: Elapsed REAL time:     0.0000 (s)
SolveLinearSystem: Serial linear System Solver: iterative
IterSolver: Using iterative method: cg
Prec-ilu0: Elapsed REAL time:     0.0000 (s)
ComputeNorm: Computing norm of solution
ComputeChange: NS (ITER=9) (NRM,RELC): ( 0.25800025E-01 0.40462811     ) :: mgdynamicscalc
MagnetoDynamicsCalcFields: Solving for field: current density[current density:3]
DefaultSolve: Solving linear system with default routines
SolveSystem: Solving linear system
SolveLinearSystem: Assuming real valued linear system
SolveLinearSystem: Assuming serial linear system
ScaleLinearSystem: Creating > DiagScaling < vector of size 2917
SolveLinearSystem: Linear System Preconditioning: ilu0
Prec0-ilu0: Elapsed REAL time:     0.0000 (s)
SolveLinearSystem: Serial linear System Solver: iterative
IterSolver: Using iterative method: cg
Prec-ilu0: Elapsed REAL time:     0.0000 (s)
ComputeNorm: Computing norm of solution
ComputeChange: NS (ITER=10) (NRM,RELC): (  41.196012      1.9974965     ) :: mgdynamicscalc
DefaultSolve: Solving linear system with default routines
SolveSystem: Solving linear system
SolveLinearSystem: Assuming real valued linear system
SolveLinearSystem: Assuming serial linear system
ScaleLinearSystem: Creating > DiagScaling < vector of size 2917
SolveLinearSystem: Linear System Preconditioning: ilu0
Prec0-ilu0: Elapsed REAL time:     0.0000 (s)
SolveLinearSystem: Serial linear System Solver: iterative
IterSolver: Using iterative method: cg
Prec-ilu0: Elapsed REAL time:     0.0000 (s)
ComputeNorm: Computing norm of solution
ComputeChange: NS (ITER=11) (NRM,RELC): (  47.461741     0.14134644     ) :: mgdynamicscalc
DefaultSolve: Solving linear system with default routines
SolveSystem: Solving linear system
SolveLinearSystem: Assuming real valued linear system
SolveLinearSystem: Assuming serial linear system
ScaleLinearSystem: Creating > DiagScaling < vector of size 2917
SolveLinearSystem: Linear System Preconditioning: ilu0
Prec0-ilu0: Elapsed REAL time:     0.0000 (s)
SolveLinearSystem: Serial linear System Solver: iterative
IterSolver: Using iterative method: cg
Prec-ilu0: Elapsed REAL time:     0.0000 (s)
ComputeNorm: Computing norm of solution
ComputeChange: NS (ITER=12) (NRM,RELC): ( 0.73210462      1.9392367     ) :: mgdynamicscalc
MagnetoDynamicsCalcFields: Eddy current power:    5.742030E-07
MagnetoDynamicsCalcFields: ElectroMagnetic Field Energy:    3.335108E+05
SingleSolver: Attempting to call solver: 4
SingleSolver: Solver Equation string is: resultoutput
ResultOutputSolver: -------------------------------------
ResultOutputSolver: Dimension of mesh is: 3
ResultOutputSolver: Working on mesh 1: mesh with 2917 nodes
ResultOutputSolver: Saving in unstructured VTK XML (.vtu) format
VtuOutputSolver: Full filename base is: results/case
GenerateSaveMask: Number of active elements 18743 out of 18743
GenerateSaveMask: Number of geometry nodes 2917 out of 2917
VtuOutputSolver: Writing the vtu file: results/case_t0024.vtu
AscBinWriteInit: Initializing buffered ascii/binary writing
AscBinWriteInit: Writing in binary
AscBinWriteInit: Writing in double precision
AscBinWriteInit: Writing to unit number: 58
AscBinWriteInit: Size of buffer is: 2917
WriteVtuFile: Writing nodal fields
WriteVtuFile: Saving 1-component variable: meshrelax
WriteVtuFile: Saving 1-component variable: magnetic vector potential
WriteVtuFile: Saving 1-component variable: alpha
WriteVtuFile: Saving 1-component variable: beta
WriteVtuFile: Saving 1-component variable: w
WriteVtuFile: Saving 1-component variable: alpha direction
WriteVtuFile: Saving 1-component variable: beta direction
WriteVtuFile: Saving 1-component variable: w potential
WriteVtuFile: Saving 3-component variable: magnetic flux density
WriteVtuFile: Saving 3-component variable: magnetic field strength
WriteVtuFile: Saving 3-component variable: current density
WriteVtuFile: Saving 3-component variable: magnetic flux density e
WriteVtuFile: Saving 3-component variable: magnetic field strength e
WriteVtuFile: Saving 3-component variable: current density e
WriteVtuFile: Saving 3-component variable: w vector e
WriteVtuFile: Number of nodal fields written: 8
WriteVtuFile: Writing elemental fields
WriteVtuFile: Number of elemental fields written: 7
WriteVtuFile: Writing coordinates for each used node
WriteVtuFile: Writing the elemental connectivity data
WriteVtuFile: Writing nodal fields
WriteVtuFile: Saving 1-component variable: meshrelax
WriteVtuFile: Saving 1-component variable: magnetic vector potential
WriteVtuFile: Saving 1-component variable: alpha
WriteVtuFile: Saving 1-component variable: beta
WriteVtuFile: Saving 1-component variable: w
WriteVtuFile: Saving 1-component variable: alpha direction
WriteVtuFile: Saving 1-component variable: beta direction
WriteVtuFile: Saving 1-component variable: w potential
WriteVtuFile: Saving 3-component variable: magnetic flux density
WriteVtuFile: Saving 3-component variable: magnetic field strength
WriteVtuFile: Saving 3-component variable: current density
WriteVtuFile: Saving 3-component variable: magnetic flux density e
WriteVtuFile: Saving 3-component variable: magnetic field strength e
WriteVtuFile: Saving 3-component variable: current density e
WriteVtuFile: Saving 3-component variable: w vector e
WriteVtuFile: Writing elemental fields
AscBinWriteFree: Terminating buffered ascii/binary writing
VtuOutputSolver: All done for now
ResultOutputSolver: -------------------------------------
SingleSolver: Attempting to call solver: 11
SingleSolver: Solver Equation string is: savescalars
SaveScalars: -----------------------------------------
SaveScalars: Saving scalar values of various kinds
SaveScalars: Performed 2 reduction operations
SaveScalars: Found 13 result scalars in simulation section
SaveScalars: Saving results from component - if any
SaveScalars: Found 17 values to save in total
SaveScalars: Saving values to file: results/circuit.csv
SaveScalars: -----------------------------------------
MAIN: 
MAIN: -------------------------------------
MAIN: Time: 25/30:   5.000E-02
MAIN: Elapsed time:  3.3 minutes
MAIN: Estimated time left: 43.7 seconds
MAIN: -------------------------------------
MAIN: 
SingleSolver: Attempting to call solver: 9
SingleSolver: Solver Equation string is: circuits
AddComponentEquationsAndCouplings: Writing resistor equation, component 2
SingleSolver: Attempting to call solver: 10
SingleSolver: Solver Equation string is: circuits output
DefaultStart: Starting solver: circuits output
CircuitsOutput: Initializing Lagrange multipliers of size: 6
CircuitsOutput: Writing Circuit Results
CircuitsOutput: Writing Circuit Variables for Circuit 1
CircuitsOutput: There are 6 Circuit Variables
CircuitsOutput: i_testsource            1.3796E-03
CircuitsOutput: v_testsource            0.0000E+00
CircuitsOutput: i_component(1)          1.3796E-03
CircuitsOutput: v_component(1)         -1.3796E-02
CircuitsOutput: i_component(2)          1.3796E-03
CircuitsOutput: v_component(2)          1.3796E-02
CircuitsOutput: Writing Component Variables for Circuit 1
CircuitsOutput: r_component(1)          3.0169E-01
CircuitsOutput: p_dc_component(1)       5.7424E-07
CircuitsOutput: r_component(2)          1.0000E+01
CircuitsOutput: p_dc_component(2)       1.9034E-05
Circuit_ToMeshVariable: Adding circuit variables to be mesh variables
DefaultFinish: Finished solver: circuits output
SingleSolver: Attempting to call solver: 1
SingleSolver: Solver Equation string is: meshdeform
RigidMeshMapper: ---------------------------------------
RigidMeshMapper: Performing analytic mesh mapping
RigidMeshMapper: ---------------------------------------
DefaultFinish: Finished solver: meshdeform
SingleSolver: Attempting to call solver: 2
SingleSolver: Solver Equation string is: mgdynamics
WhitneyAVSolver: 
WhitneyAVSolver: -------------------------------------------------
WhitneyAVSolver: Solving transient AV equations with edge elements
DefaultStart: Starting solver: mgdynamics
MGDynAssembly: Elapsed REAL time:     0.2254 (s)
DefUtils::DefaultDirichletBCs: Setting Dirichlet boundary conditions
EnforceDirichletConditions: No Dirichlet conditions to enforce, exiting!
WhitneyAVSolver: Volume tree edges: 2916 of total: 19979
DefaultSolve: Solving linear system with default routines
SolveSystem: Solving linear system
SolveSystem: Solving linear system with linear restrictions!
SolveWithLinearRestriction: Freeing previous collection matrix structures
SolveWithLinearRestriction: Refactoring requested, creating fully new matrix
SolveWithLinearRestriction: Reverting CollectionMatrix back to CRS matrix
List_ToCRSMatrix: Changing matrix type with number of non-zeros: 650873
SolveWithLinearRestriction: Collection matrix creation time (CPU,REAL):     0.03    0.04 (s)
SolveWithLinearRestriction: Collection matrix increased with 6 rows and 2693 non-zeros
SolveWithLinearRestriction: Now solving the linear system with constraints!
SolveLinearSystem: Assuming real valued linear system
SolveLinearSystem: Assuming serial linear system
ScaleLinearSystem: Creating > DiagScaling < vector of size 22902
SolveLinearSystem: Serial linear System Solver: direct
DirectSolver: Using direct method: umfpack
ComputeChange: WARNING: Possible mismatch in length of vectors (22902 vs. 22896)!
ComputeNorm: Computing norm of solution
ComputeChange: Nonlinear iteration did not converge to tolerance
ComputeChange: NS (ITER=1) (NRM,RELC): ( 0.25147429E-03 0.68435746E-02 ) :: mgdynamics
SolveWithLinearRestriction: Picking solution from collection solution
SolveWithLinearRestriction: Separating Lagrange multiplier from collection solution
SolveWithLinearRestriction: All done
WhitneyAVSolver: Calculating lumped parameters
DefaultFinish: Finished solver: mgdynamics
WhitneyAVSolver: All done
WhitneyAVSolver: -------------------------------------------
SingleSolver: Attempting to call solver: 3
SingleSolver: Solver Equation string is: mgdynamicscalc
MagnetoDynamicsCalcFields: ------------------------------
MagnetoDynamicsCalcFields: Computing postprocessed fields
MagnetoDynamicsCalcFields: Using potential variable: magnetic vector potential
MagnetoDynamicsCalcFields: Number of components to compute: 12
MagnetoDynamicsCalcFields: Solving for field: magnetic flux density[magnetic flux density:3]
DefaultSolve: Solving linear system with default routines
SolveSystem: Solving linear system
SolveLinearSystem: Assuming real valued linear system
SolveLinearSystem: Assuming serial linear system
ScaleLinearSystem: Creating > DiagScaling < vector of size 2917
SolveLinearSystem: Linear System Preconditioning: ilu0
Prec0-ilu0: Elapsed REAL time:     0.0000 (s)
SolveLinearSystem: Serial linear System Solver: iterative
IterSolver: Using iterative method: cg
Prec-ilu0: Elapsed REAL time:     0.0000 (s)
ComputeNorm: Computing norm of solution
ComputeChange: NS (ITER=1) (NRM,RELC): (  6.8960030      1.6161016     ) :: mgdynamicscalc
DefaultSolve: Solving linear system with default routines
SolveSystem: Solving linear system
SolveLinearSystem: Assuming real valued linear system
SolveLinearSystem: Assuming serial linear system
ScaleLinearSystem: Creating > DiagScaling < vector of size 2917
SolveLinearSystem: Linear System Preconditioning: ilu0
Prec0-ilu0: Elapsed REAL time:     0.0000 (s)
SolveLinearSystem: Serial linear System Solver: iterative
IterSolver: Using iterative method: cg
Prec-ilu0: Elapsed REAL time:     0.0000 (s)
ComputeNorm: Computing norm of solution
ComputeChange: NS (ITER=2) (NRM,RELC): (  7.4118390     0.72105348E-01 ) :: mgdynamicscalc
DefaultSolve: Solving linear system with default routines
SolveSystem: Solving linear system
SolveLinearSystem: Assuming real valued linear system
SolveLinearSystem: Assuming serial linear system
ScaleLinearSystem: Creating > DiagScaling < vector of size 2917
SolveLinearSystem: Linear System Preconditioning: ilu0
Prec0-ilu0: Elapsed REAL time:     0.0000 (s)
SolveLinearSystem: Serial linear System Solver: iterative
IterSolver: Using iterative method: cg
Prec-ilu0: Elapsed REAL time:     0.0000 (s)
ComputeNorm: Computing norm of solution
ComputeChange: NS (ITER=3) (NRM,RELC): (  14.711291     0.65989323     ) :: mgdynamicscalc
MagnetoDynamicsCalcFields: Solving for field: magnetic field strength[magnetic field strength:3]
DefaultSolve: Solving linear system with default routines
SolveSystem: Solving linear system
SolveLinearSystem: Assuming real valued linear system
SolveLinearSystem: Assuming serial linear system
ScaleLinearSystem: Creating > DiagScaling < vector of size 2917
SolveLinearSystem: Linear System Preconditioning: ilu0
Prec0-ilu0: Elapsed REAL time:     0.0000 (s)
SolveLinearSystem: Serial linear System Solver: iterative
IterSolver: Using iterative method: cg
Prec-ilu0: Elapsed REAL time:     0.0000 (s)
ComputeNorm: Computing norm of solution
ComputeChange: NS (ITER=4) (NRM,RELC): (  5487669.4      1.9999893     ) :: mgdynamicscalc
DefaultSolve: Solving linear system with default routines
SolveSystem: Solving linear system
SolveLinearSystem: Assuming real valued linear system
SolveLinearSystem: Assuming serial linear system
ScaleLinearSystem: Creating > DiagScaling < vector of size 2917
SolveLinearSystem: Linear System Preconditioning: ilu0
Prec0-ilu0: Elapsed REAL time:     0.0000 (s)
SolveLinearSystem: Serial linear System Solver: iterative
IterSolver: Using iterative method: cg
Prec-ilu0: Elapsed REAL time:     0.0000 (s)
ComputeNorm: Computing norm of solution
ComputeChange: NS (ITER=5) (NRM,RELC): (  5898147.1     0.72103344E-01 ) :: mgdynamicscalc
DefaultSolve: Solving linear system with default routines
SolveSystem: Solving linear system
SolveLinearSystem: Assuming real valued linear system
SolveLinearSystem: Assuming serial linear system
ScaleLinearSystem: Creating > DiagScaling < vector of size 2917
SolveLinearSystem: Linear System Preconditioning: ilu0
Prec0-ilu0: Elapsed REAL time:     0.0000 (s)
SolveLinearSystem: Serial linear System Solver: iterative
IterSolver: Using iterative method: cg
Prec-ilu0: Elapsed REAL time:     0.0000 (s)
ComputeNorm: Computing norm of solution
ComputeChange: NS (ITER=6) (NRM,RELC): (  11697798.     0.65920312     ) :: mgdynamicscalc
MagnetoDynamicsCalcFields: Solving for field: magnetic vector potential
DefaultSolve: Solving linear system with default routines
SolveSystem: Solving linear system
SolveLinearSystem: Assuming real valued linear system
SolveLinearSystem: Assuming serial linear system
ScaleLinearSystem: Creating > DiagScaling < vector of size 2917
SolveLinearSystem: Linear System Preconditioning: ilu0
Prec0-ilu0: Elapsed REAL time:     0.0000 (s)
SolveLinearSystem: Serial linear System Solver: iterative
IterSolver: Using iterative method: cg
Prec-ilu0: Elapsed REAL time:     0.0000 (s)
ComputeNorm: Computing norm of solution
ComputeChange: NS (ITER=7) (NRM,RELC): ( 0.39398804E-01  2.0000000     ) :: mgdynamicscalc
DefaultSolve: Solving linear system with default routines
SolveSystem: Solving linear system
SolveLinearSystem: Assuming real valued linear system
SolveLinearSystem: Assuming serial linear system
ScaleLinearSystem: Creating > DiagScaling < vector of size 2917
SolveLinearSystem: Linear System Preconditioning: ilu0
Prec0-ilu0: Elapsed REAL time:     0.0000 (s)
SolveLinearSystem: Serial linear System Solver: iterative
IterSolver: Using iterative method: cg
Prec-ilu0: Elapsed REAL time:     0.0000 (s)
ComputeNorm: Computing norm of solution
ComputeChange: NS (ITER=8) (NRM,RELC): ( 0.39173311E-01 0.57397842E-02 ) :: mgdynamicscalc
DefaultSolve: Solving linear system with default routines
SolveSystem: Solving linear system
SolveLinearSystem: Assuming real valued linear system
SolveLinearSystem: Assuming serial linear system
ScaleLinearSystem: Creating > DiagScaling < vector of size 2917
SolveLinearSystem: Linear System Preconditioning: ilu0
Prec0-ilu0: Elapsed REAL time:     0.0000 (s)
SolveLinearSystem: Serial linear System Solver: iterative
IterSolver: Using iterative method: cg
Prec-ilu0: Elapsed REAL time:     0.0000 (s)
ComputeNorm: Computing norm of solution
ComputeChange: NS (ITER=9) (NRM,RELC): ( 0.25561600E-01 0.42053694     ) :: mgdynamicscalc
MagnetoDynamicsCalcFields: Solving for field: current density[current density:3]
DefaultSolve: Solving linear system with default routines
SolveSystem: Solving linear system
SolveLinearSystem: Assuming real valued linear system
SolveLinearSystem: Assuming serial linear system
ScaleLinearSystem: Creating > DiagScaling < vector of size 2917
SolveLinearSystem: Linear System Preconditioning: ilu0
Prec0-ilu0: Elapsed REAL time:     0.0000 (s)
SolveLinearSystem: Serial linear System Solver: iterative
IterSolver: Using iterative method: cg
Prec-ilu0: Elapsed REAL time:     0.0000 (s)
ComputeNorm: Computing norm of solution
ComputeChange: NS (ITER=10) (NRM,RELC): (  41.902092      1.9975614     ) :: mgdynamicscalc
DefaultSolve: Solving linear system with default routines
SolveSystem: Solving linear system
SolveLinearSystem: Assuming real valued linear system
SolveLinearSystem: Assuming serial linear system
ScaleLinearSystem: Creating > DiagScaling < vector of size 2917
SolveLinearSystem: Linear System Preconditioning: ilu0
Prec0-ilu0: Elapsed REAL time:     0.0000 (s)
SolveLinearSystem: Serial linear System Solver: iterative
IterSolver: Using iterative method: cg
Prec-ilu0: Elapsed REAL time:     0.0000 (s)
ComputeNorm: Computing norm of solution
ComputeChange: NS (ITER=11) (NRM,RELC): (  48.337734     0.14263418     ) :: mgdynamicscalc
DefaultSolve: Solving linear system with default routines
SolveSystem: Solving linear system
SolveLinearSystem: Assuming real valued linear system
SolveLinearSystem: Assuming serial linear system
ScaleLinearSystem: Creating > DiagScaling < vector of size 2917
SolveLinearSystem: Linear System Preconditioning: ilu0
Prec0-ilu0: Elapsed REAL time:     0.0000 (s)
SolveLinearSystem: Serial linear System Solver: iterative
IterSolver: Using iterative method: cg
Prec-ilu0: Elapsed REAL time:     0.0000 (s)
ComputeNorm: Computing norm of solution
ComputeChange: NS (ITER=12) (NRM,RELC): ( 0.74520399      1.9392698     ) :: mgdynamicscalc
MagnetoDynamicsCalcFields: Eddy current power:    5.976056E-07
MagnetoDynamicsCalcFields: ElectroMagnetic Field Energy:    3.511534E+05
SingleSolver: Attempting to call solver: 4
SingleSolver: Solver Equation string is: resultoutput
ResultOutputSolver: -------------------------------------
ResultOutputSolver: Dimension of mesh is: 3
ResultOutputSolver: Working on mesh 1: mesh with 2917 nodes
ResultOutputSolver: Saving in unstructured VTK XML (.vtu) format
VtuOutputSolver: Full filename base is: results/case
GenerateSaveMask: Number of active elements 18743 out of 18743
GenerateSaveMask: Number of geometry nodes 2917 out of 2917
VtuOutputSolver: Writing the vtu file: results/case_t0025.vtu
AscBinWriteInit: Initializing buffered ascii/binary writing
AscBinWriteInit: Writing in binary
AscBinWriteInit: Writing in double precision
AscBinWriteInit: Writing to unit number: 58
AscBinWriteInit: Size of buffer is: 2917
WriteVtuFile: Writing nodal fields
WriteVtuFile: Saving 1-component variable: meshrelax
WriteVtuFile: Saving 1-component variable: magnetic vector potential
WriteVtuFile: Saving 1-component variable: alpha
WriteVtuFile: Saving 1-component variable: beta
WriteVtuFile: Saving 1-component variable: w
WriteVtuFile: Saving 1-component variable: alpha direction
WriteVtuFile: Saving 1-component variable: beta direction
WriteVtuFile: Saving 1-component variable: w potential
WriteVtuFile: Saving 3-component variable: magnetic flux density
WriteVtuFile: Saving 3-component variable: magnetic field strength
WriteVtuFile: Saving 3-component variable: current density
WriteVtuFile: Saving 3-component variable: magnetic flux density e
WriteVtuFile: Saving 3-component variable: magnetic field strength e
WriteVtuFile: Saving 3-component variable: current density e
WriteVtuFile: Saving 3-component variable: w vector e
WriteVtuFile: Number of nodal fields written: 8
WriteVtuFile: Writing elemental fields
WriteVtuFile: Number of elemental fields written: 7
WriteVtuFile: Writing coordinates for each used node
WriteVtuFile: Writing the elemental connectivity data
WriteVtuFile: Writing nodal fields
WriteVtuFile: Saving 1-component variable: meshrelax
WriteVtuFile: Saving 1-component variable: magnetic vector potential
WriteVtuFile: Saving 1-component variable: alpha
WriteVtuFile: Saving 1-component variable: beta
WriteVtuFile: Saving 1-component variable: w
WriteVtuFile: Saving 1-component variable: alpha direction
WriteVtuFile: Saving 1-component variable: beta direction
WriteVtuFile: Saving 1-component variable: w potential
WriteVtuFile: Saving 3-component variable: magnetic flux density
WriteVtuFile: Saving 3-component variable: magnetic field strength
WriteVtuFile: Saving 3-component variable: current density
WriteVtuFile: Saving 3-component variable: magnetic flux density e
WriteVtuFile: Saving 3-component variable: magnetic field strength e
WriteVtuFile: Saving 3-component variable: current density e
WriteVtuFile: Saving 3-component variable: w vector e
WriteVtuFile: Writing elemental fields
AscBinWriteFree: Terminating buffered ascii/binary writing
VtuOutputSolver: All done for now
ResultOutputSolver: -------------------------------------
SingleSolver: Attempting to call solver: 11
SingleSolver: Solver Equation string is: savescalars
SaveScalars: -----------------------------------------
SaveScalars: Saving scalar values of various kinds
SaveScalars: Performed 2 reduction operations
SaveScalars: Found 13 result scalars in simulation section
SaveScalars: Saving results from component - if any
SaveScalars: Found 17 values to save in total
SaveScalars: Saving values to file: results/circuit.csv
SaveScalars: -----------------------------------------
MAIN: 
MAIN: -------------------------------------
MAIN: Time: 26/30:   5.200E-02
MAIN: Elapsed time:  3.4 minutes
MAIN: Estimated time left: 37.7 seconds
MAIN: -------------------------------------
MAIN: 
SingleSolver: Attempting to call solver: 9
SingleSolver: Solver Equation string is: circuits
AddComponentEquationsAndCouplings: Writing resistor equation, component 2
SingleSolver: Attempting to call solver: 10
SingleSolver: Solver Equation string is: circuits output
DefaultStart: Starting solver: circuits output
CircuitsOutput: Initializing Lagrange multipliers of size: 6
CircuitsOutput: Writing Circuit Results
CircuitsOutput: Writing Circuit Variables for Circuit 1
CircuitsOutput: There are 6 Circuit Variables
CircuitsOutput: i_testsource            1.4076E-03
CircuitsOutput: v_testsource            0.0000E+00
CircuitsOutput: i_component(1)          1.4076E-03
CircuitsOutput: v_component(1)         -1.4076E-02
CircuitsOutput: i_component(2)          1.4076E-03
CircuitsOutput: v_component(2)          1.4076E-02
CircuitsOutput: Writing Component Variables for Circuit 1
CircuitsOutput: r_component(1)          3.0169E-01
CircuitsOutput: p_dc_component(1)       5.9772E-07
CircuitsOutput: r_component(2)          1.0000E+01
CircuitsOutput: p_dc_component(2)       1.9812E-05
Circuit_ToMeshVariable: Adding circuit variables to be mesh variables
DefaultFinish: Finished solver: circuits output
SingleSolver: Attempting to call solver: 1
SingleSolver: Solver Equation string is: meshdeform
RigidMeshMapper: ---------------------------------------
RigidMeshMapper: Performing analytic mesh mapping
RigidMeshMapper: ---------------------------------------
DefaultFinish: Finished solver: meshdeform
SingleSolver: Attempting to call solver: 2
SingleSolver: Solver Equation string is: mgdynamics
WhitneyAVSolver: 
WhitneyAVSolver: -------------------------------------------------
WhitneyAVSolver: Solving transient AV equations with edge elements
DefaultStart: Starting solver: mgdynamics
MGDynAssembly: Elapsed REAL time:     0.2986 (s)
DefUtils::DefaultDirichletBCs: Setting Dirichlet boundary conditions
EnforceDirichletConditions: No Dirichlet conditions to enforce, exiting!
WhitneyAVSolver: Volume tree edges: 2916 of total: 19979
DefaultSolve: Solving linear system with default routines
SolveSystem: Solving linear system
SolveSystem: Solving linear system with linear restrictions!
SolveWithLinearRestriction: Freeing previous collection matrix structures
SolveWithLinearRestriction: Refactoring requested, creating fully new matrix
SolveWithLinearRestriction: Reverting CollectionMatrix back to CRS matrix
List_ToCRSMatrix: Changing matrix type with number of non-zeros: 650873
SolveWithLinearRestriction: Collection matrix creation time (CPU,REAL):     0.03    0.04 (s)
SolveWithLinearRestriction: Collection matrix increased with 6 rows and 2693 non-zeros
SolveWithLinearRestriction: Now solving the linear system with constraints!
SolveLinearSystem: Assuming real valued linear system
SolveLinearSystem: Assuming serial linear system
ScaleLinearSystem: Creating > DiagScaling < vector of size 22902
SolveLinearSystem: Serial linear System Solver: direct
DirectSolver: Using direct method: umfpack
ComputeChange: WARNING: Possible mismatch in length of vectors (22902 vs. 22896)!
ComputeNorm: Computing norm of solution
ComputeChange: Nonlinear iteration did not converge to tolerance
ComputeChange: NS (ITER=1) (NRM,RELC): ( 0.25253545E-03 0.42108557E-02 ) :: mgdynamics
SolveWithLinearRestriction: Picking solution from collection solution
SolveWithLinearRestriction: Separating Lagrange multiplier from collection solution
SolveWithLinearRestriction: All done
WhitneyAVSolver: Calculating lumped parameters
DefaultFinish: Finished solver: mgdynamics
WhitneyAVSolver: All done
WhitneyAVSolver: -------------------------------------------
SingleSolver: Attempting to call solver: 3
SingleSolver: Solver Equation string is: mgdynamicscalc
MagnetoDynamicsCalcFields: ------------------------------
MagnetoDynamicsCalcFields: Computing postprocessed fields
MagnetoDynamicsCalcFields: Using potential variable: magnetic vector potential
MagnetoDynamicsCalcFields: Number of components to compute: 12
MagnetoDynamicsCalcFields: Solving for field: magnetic flux density[magnetic flux density:3]
DefaultSolve: Solving linear system with default routines
SolveSystem: Solving linear system
SolveLinearSystem: Assuming real valued linear system
SolveLinearSystem: Assuming serial linear system
ScaleLinearSystem: Creating > DiagScaling < vector of size 2917
SolveLinearSystem: Linear System Preconditioning: ilu0
Prec0-ilu0: Elapsed REAL time:     0.0000 (s)
SolveLinearSystem: Serial linear System Solver: iterative
IterSolver: Using iterative method: cg
Prec-ilu0: Elapsed REAL time:     0.0000 (s)
ComputeNorm: Computing norm of solution
ComputeChange: NS (ITER=1) (NRM,RELC): (  6.9922504      1.6147550     ) :: mgdynamicscalc
DefaultSolve: Solving linear system with default routines
SolveSystem: Solving linear system
SolveLinearSystem: Assuming real valued linear system
SolveLinearSystem: Assuming serial linear system
ScaleLinearSystem: Creating > DiagScaling < vector of size 2917
SolveLinearSystem: Linear System Preconditioning: ilu0
Prec0-ilu0: Elapsed REAL time:     0.0000 (s)
SolveLinearSystem: Serial linear System Solver: iterative
IterSolver: Using iterative method: cg
Prec-ilu0: Elapsed REAL time:     0.0000 (s)
ComputeNorm: Computing norm of solution
ComputeChange: NS (ITER=2) (NRM,RELC): (  7.5164733     0.72263133E-01 ) :: mgdynamicscalc
DefaultSolve: Solving linear system with default routines
SolveSystem: Solving linear system
SolveLinearSystem: Assuming real valued linear system
SolveLinearSystem: Assuming serial linear system
ScaleLinearSystem: Creating > DiagScaling < vector of size 2917
SolveLinearSystem: Linear System Preconditioning: ilu0
Prec0-ilu0: Elapsed REAL time:     0.0000 (s)
SolveLinearSystem: Serial linear System Solver: iterative
IterSolver: Using iterative method: cg
Prec-ilu0: Elapsed REAL time:     0.0000 (s)
ComputeNorm: Computing norm of solution
ComputeChange: NS (ITER=3) (NRM,RELC): (  15.382328     0.68701017     ) :: mgdynamicscalc
MagnetoDynamicsCalcFields: Solving for field: magnetic field strength[magnetic field strength:3]
DefaultSolve: Solving linear system with default routines
SolveSystem: Solving linear system
SolveLinearSystem: Assuming real valued linear system
SolveLinearSystem: Assuming serial linear system
ScaleLinearSystem: Creating > DiagScaling < vector of size 2917
SolveLinearSystem: Linear System Preconditioning: ilu0
Prec0-ilu0: Elapsed REAL time:     0.0000 (s)
SolveLinearSystem: Serial linear System Solver: iterative
IterSolver: Using iterative method: cg
Prec-ilu0: Elapsed REAL time:     0.0000 (s)
ComputeNorm: Computing norm of solution
ComputeChange: NS (ITER=4) (NRM,RELC): (  5564260.4      1.9999889     ) :: mgdynamicscalc
DefaultSolve: Solving linear system with default routines
SolveSystem: Solving linear system
SolveLinearSystem: Assuming real valued linear system
SolveLinearSystem: Assuming serial linear system
ScaleLinearSystem: Creating > DiagScaling < vector of size 2917
SolveLinearSystem: Linear System Preconditioning: ilu0
Prec0-ilu0: Elapsed REAL time:     0.0000 (s)
SolveLinearSystem: Serial linear System Solver: iterative
IterSolver: Using iterative method: cg
Prec-ilu0: Elapsed REAL time:     0.0000 (s)
ComputeNorm: Computing norm of solution
ComputeChange: NS (ITER=5) (NRM,RELC): (  5981414.0     0.72261437E-01 ) :: mgdynamicscalc
DefaultSolve: Solving linear system with default routines
SolveSystem: Solving linear system
SolveLinearSystem: Assuming real valued linear system
SolveLinearSystem: Assuming serial linear system
ScaleLinearSystem: Creating > DiagScaling < vector of size 2917
SolveLinearSystem: Linear System Preconditioning: ilu0
Prec0-ilu0: Elapsed REAL time:     0.0000 (s)
SolveLinearSystem: Serial linear System Solver: iterative
IterSolver: Using iterative method: cg
Prec-ilu0: Elapsed REAL time:     0.0000 (s)
ComputeNorm: Computing norm of solution
ComputeChange: NS (ITER=6) (NRM,RELC): (  12232076.     0.68637716     ) :: mgdynamicscalc
MagnetoDynamicsCalcFields: Solving for field: magnetic vector potential
DefaultSolve: Solving linear system with default routines
SolveSystem: Solving linear system
SolveLinearSystem: Assuming real valued linear system
SolveLinearSystem: Assuming serial linear system
ScaleLinearSystem: Creating > DiagScaling < vector of size 2917
SolveLinearSystem: Linear System Preconditioning: ilu0
Prec0-ilu0: Elapsed REAL time:     0.0000 (s)
SolveLinearSystem: Serial linear System Solver: iterative
IterSolver: Using iterative method: cg
Prec-ilu0: Elapsed REAL time:     0.0000 (s)
ComputeNorm: Computing norm of solution
ComputeChange: NS (ITER=7) (NRM,RELC): ( 0.39594435E-01  2.0000000     ) :: mgdynamicscalc
DefaultSolve: Solving linear system with default routines
SolveSystem: Solving linear system
SolveLinearSystem: Assuming real valued linear system
SolveLinearSystem: Assuming serial linear system
ScaleLinearSystem: Creating > DiagScaling < vector of size 2917
SolveLinearSystem: Linear System Preconditioning: ilu0
Prec0-ilu0: Elapsed REAL time:     0.0000 (s)
SolveLinearSystem: Serial linear System Solver: iterative
IterSolver: Using iterative method: cg
Prec-ilu0: Elapsed REAL time:     0.0000 (s)
ComputeNorm: Computing norm of solution
ComputeChange: NS (ITER=8) (NRM,RELC): ( 0.39400570E-01 0.49082970E-02 ) :: mgdynamicscalc
DefaultSolve: Solving linear system with default routines
SolveSystem: Solving linear system
SolveLinearSystem: Assuming real valued linear system
SolveLinearSystem: Assuming serial linear system
ScaleLinearSystem: Creating > DiagScaling < vector of size 2917
SolveLinearSystem: Linear System Preconditioning: ilu0
Prec0-ilu0: Elapsed REAL time:     0.0000 (s)
SolveLinearSystem: Serial linear System Solver: iterative
IterSolver: Using iterative method: cg
Prec-ilu0: Elapsed REAL time:     0.0000 (s)
ComputeNorm: Computing norm of solution
ComputeChange: NS (ITER=9) (NRM,RELC): ( 0.25289795E-01 0.43625582     ) :: mgdynamicscalc
MagnetoDynamicsCalcFields: Solving for field: current density[current density:3]
DefaultSolve: Solving linear system with default routines
SolveSystem: Solving linear system
SolveLinearSystem: Assuming real valued linear system
SolveLinearSystem: Assuming serial linear system
ScaleLinearSystem: Creating > DiagScaling < vector of size 2917
SolveLinearSystem: Linear System Preconditioning: ilu0
Prec0-ilu0: Elapsed REAL time:     0.0000 (s)
SolveLinearSystem: Serial linear System Solver: iterative
IterSolver: Using iterative method: cg
Prec-ilu0: Elapsed REAL time:     0.0000 (s)
ComputeNorm: Computing norm of solution
ComputeChange: NS (ITER=10) (NRM,RELC): (  42.447246      1.9976182     ) :: mgdynamicscalc
DefaultSolve: Solving linear system with default routines
SolveSystem: Solving linear system
SolveLinearSystem: Assuming real valued linear system
SolveLinearSystem: Assuming serial linear system
ScaleLinearSystem: Creating > DiagScaling < vector of size 2917
SolveLinearSystem: Linear System Preconditioning: ilu0
Prec0-ilu0: Elapsed REAL time:     0.0000 (s)
SolveLinearSystem: Serial linear System Solver: iterative
IterSolver: Using iterative method: cg
Prec-ilu0: Elapsed REAL time:     0.0000 (s)
ComputeNorm: Computing norm of solution
ComputeChange: NS (ITER=11) (NRM,RELC): (  49.022818     0.14377539     ) :: mgdynamicscalc
DefaultSolve: Solving linear system with default routines
SolveSystem: Solving linear system
SolveLinearSystem: Assuming real valued linear system
SolveLinearSystem: Assuming serial linear system
ScaleLinearSystem: Creating > DiagScaling < vector of size 2917
SolveLinearSystem: Linear System Preconditioning: ilu0
Prec0-ilu0: Elapsed REAL time:     0.0000 (s)
SolveLinearSystem: Serial linear System Solver: iterative
IterSolver: Using iterative method: cg
Prec-ilu0: Elapsed REAL time:     0.0000 (s)
ComputeNorm: Computing norm of solution
ComputeChange: NS (ITER=12) (NRM,RELC): ( 0.75532252      1.9393049     ) :: mgdynamicscalc
MagnetoDynamicsCalcFields: Eddy current power:    6.169540E-07
MagnetoDynamicsCalcFields: ElectroMagnetic Field Energy:    3.669672E+05
SingleSolver: Attempting to call solver: 4
SingleSolver: Solver Equation string is: resultoutput
ResultOutputSolver: -------------------------------------
ResultOutputSolver: Dimension of mesh is: 3
ResultOutputSolver: Working on mesh 1: mesh with 2917 nodes
ResultOutputSolver: Saving in unstructured VTK XML (.vtu) format
VtuOutputSolver: Full filename base is: results/case
GenerateSaveMask: Number of active elements 18743 out of 18743
GenerateSaveMask: Number of geometry nodes 2917 out of 2917
VtuOutputSolver: Writing the vtu file: results/case_t0026.vtu
AscBinWriteInit: Initializing buffered ascii/binary writing
AscBinWriteInit: Writing in binary
AscBinWriteInit: Writing in double precision
AscBinWriteInit: Writing to unit number: 58
AscBinWriteInit: Size of buffer is: 2917
WriteVtuFile: Writing nodal fields
WriteVtuFile: Saving 1-component variable: meshrelax
WriteVtuFile: Saving 1-component variable: magnetic vector potential
WriteVtuFile: Saving 1-component variable: alpha
WriteVtuFile: Saving 1-component variable: beta
WriteVtuFile: Saving 1-component variable: w
WriteVtuFile: Saving 1-component variable: alpha direction
WriteVtuFile: Saving 1-component variable: beta direction
WriteVtuFile: Saving 1-component variable: w potential
WriteVtuFile: Saving 3-component variable: magnetic flux density
WriteVtuFile: Saving 3-component variable: magnetic field strength
WriteVtuFile: Saving 3-component variable: current density
WriteVtuFile: Saving 3-component variable: magnetic flux density e
WriteVtuFile: Saving 3-component variable: magnetic field strength e
WriteVtuFile: Saving 3-component variable: current density e
WriteVtuFile: Saving 3-component variable: w vector e
WriteVtuFile: Number of nodal fields written: 8
WriteVtuFile: Writing elemental fields
WriteVtuFile: Number of elemental fields written: 7
WriteVtuFile: Writing coordinates for each used node
WriteVtuFile: Writing the elemental connectivity data
WriteVtuFile: Writing nodal fields
WriteVtuFile: Saving 1-component variable: meshrelax
WriteVtuFile: Saving 1-component variable: magnetic vector potential
WriteVtuFile: Saving 1-component variable: alpha
WriteVtuFile: Saving 1-component variable: beta
WriteVtuFile: Saving 1-component variable: w
WriteVtuFile: Saving 1-component variable: alpha direction
WriteVtuFile: Saving 1-component variable: beta direction
WriteVtuFile: Saving 1-component variable: w potential
WriteVtuFile: Saving 3-component variable: magnetic flux density
WriteVtuFile: Saving 3-component variable: magnetic field strength
WriteVtuFile: Saving 3-component variable: current density
WriteVtuFile: Saving 3-component variable: magnetic flux density e
WriteVtuFile: Saving 3-component variable: magnetic field strength e
WriteVtuFile: Saving 3-component variable: current density e
WriteVtuFile: Saving 3-component variable: w vector e
WriteVtuFile: Writing elemental fields
AscBinWriteFree: Terminating buffered ascii/binary writing
VtuOutputSolver: All done for now
ResultOutputSolver: -------------------------------------
SingleSolver: Attempting to call solver: 11
SingleSolver: Solver Equation string is: savescalars
SaveScalars: -----------------------------------------
SaveScalars: Saving scalar values of various kinds
SaveScalars: Performed 2 reduction operations
SaveScalars: Found 13 result scalars in simulation section
SaveScalars: Saving results from component - if any
SaveScalars: Found 17 values to save in total
SaveScalars: Saving values to file: results/circuit.csv
SaveScalars: -----------------------------------------
MAIN: 
MAIN: -------------------------------------
MAIN: Time: 27/30:   5.400E-02
MAIN: Elapsed time:  3.5 minutes
MAIN: Estimated time left: 30.4 seconds
MAIN: -------------------------------------
MAIN: 
SingleSolver: Attempting to call solver: 9
SingleSolver: Solver Equation string is: circuits
AddComponentEquationsAndCouplings: Writing resistor equation, component 2
SingleSolver: Attempting to call solver: 10
SingleSolver: Solver Equation string is: circuits output
DefaultStart: Starting solver: circuits output
CircuitsOutput: Initializing Lagrange multipliers of size: 6
CircuitsOutput: Writing Circuit Results
CircuitsOutput: Writing Circuit Variables for Circuit 1
CircuitsOutput: There are 6 Circuit Variables
CircuitsOutput: i_testsource            1.4299E-03
CircuitsOutput: v_testsource            0.0000E+00
CircuitsOutput: i_component(1)          1.4299E-03
CircuitsOutput: v_component(1)         -1.4299E-02
CircuitsOutput: i_component(2)          1.4299E-03
CircuitsOutput: v_component(2)          1.4299E-02
CircuitsOutput: Writing Component Variables for Circuit 1
CircuitsOutput: r_component(1)          3.0169E-01
CircuitsOutput: p_dc_component(1)       6.1684E-07
CircuitsOutput: r_component(2)          1.0000E+01
CircuitsOutput: p_dc_component(2)       2.0446E-05
Circuit_ToMeshVariable: Adding circuit variables to be mesh variables
DefaultFinish: Finished solver: circuits output
SingleSolver: Attempting to call solver: 1
SingleSolver: Solver Equation string is: meshdeform
RigidMeshMapper: ---------------------------------------
RigidMeshMapper: Performing analytic mesh mapping
RigidMeshMapper: ---------------------------------------
DefaultFinish: Finished solver: meshdeform
SingleSolver: Attempting to call solver: 2
SingleSolver: Solver Equation string is: mgdynamics
WhitneyAVSolver: 
WhitneyAVSolver: -------------------------------------------------
WhitneyAVSolver: Solving transient AV equations with edge elements
DefaultStart: Starting solver: mgdynamics
MGDynAssembly: Elapsed REAL time:     0.2349 (s)
DefUtils::DefaultDirichletBCs: Setting Dirichlet boundary conditions
EnforceDirichletConditions: No Dirichlet conditions to enforce, exiting!
WhitneyAVSolver: Volume tree edges: 2916 of total: 19979
DefaultSolve: Solving linear system with default routines
SolveSystem: Solving linear system
SolveSystem: Solving linear system with linear restrictions!
SolveWithLinearRestriction: Freeing previous collection matrix structures
SolveWithLinearRestriction: Refactoring requested, creating fully new matrix
SolveWithLinearRestriction: Reverting CollectionMatrix back to CRS matrix
List_ToCRSMatrix: Changing matrix type with number of non-zeros: 650873
SolveWithLinearRestriction: Collection matrix creation time (CPU,REAL):     0.04    0.04 (s)
SolveWithLinearRestriction: Collection matrix increased with 6 rows and 2693 non-zeros
SolveWithLinearRestriction: Now solving the linear system with constraints!
SolveLinearSystem: Assuming real valued linear system
SolveLinearSystem: Assuming serial linear system
ScaleLinearSystem: Creating > DiagScaling < vector of size 22902
SolveLinearSystem: Serial linear System Solver: direct
DirectSolver: Using direct method: umfpack
ComputeChange: WARNING: Possible mismatch in length of vectors (22902 vs. 22896)!
ComputeNorm: Computing norm of solution
ComputeChange: Nonlinear iteration did not converge to tolerance
ComputeChange: NS (ITER=1) (NRM,RELC): ( 0.25319255E-03 0.25986386E-02 ) :: mgdynamics
SolveWithLinearRestriction: Picking solution from collection solution
SolveWithLinearRestriction: Separating Lagrange multiplier from collection solution
SolveWithLinearRestriction: All done
WhitneyAVSolver: Calculating lumped parameters
DefaultFinish: Finished solver: mgdynamics
WhitneyAVSolver: All done
WhitneyAVSolver: -------------------------------------------
SingleSolver: Attempting to call solver: 3
SingleSolver: Solver Equation string is: mgdynamicscalc
MagnetoDynamicsCalcFields: ------------------------------
MagnetoDynamicsCalcFields: Computing postprocessed fields
MagnetoDynamicsCalcFields: Using potential variable: magnetic vector potential
MagnetoDynamicsCalcFields: Number of components to compute: 12
MagnetoDynamicsCalcFields: Solving for field: magnetic flux density[magnetic flux density:3]
DefaultSolve: Solving linear system with default routines
SolveSystem: Solving linear system
SolveLinearSystem: Assuming real valued linear system
SolveLinearSystem: Assuming serial linear system
ScaleLinearSystem: Creating > DiagScaling < vector of size 2917
SolveLinearSystem: Linear System Preconditioning: ilu0
Prec0-ilu0: Elapsed REAL time:     0.0000 (s)
SolveLinearSystem: Serial linear System Solver: iterative
IterSolver: Using iterative method: cg
Prec-ilu0: Elapsed REAL time:     0.0000 (s)
ComputeNorm: Computing norm of solution
ComputeChange: NS (ITER=1) (NRM,RELC): (  7.0726338      1.6140385     ) :: mgdynamicscalc
DefaultSolve: Solving linear system with default routines
SolveSystem: Solving linear system
SolveLinearSystem: Assuming real valued linear system
SolveLinearSystem: Assuming serial linear system
ScaleLinearSystem: Creating > DiagScaling < vector of size 2917
SolveLinearSystem: Linear System Preconditioning: ilu0
Prec0-ilu0: Elapsed REAL time:     0.0000 (s)
SolveLinearSystem: Serial linear System Solver: iterative
IterSolver: Using iterative method: cg
Prec-ilu0: Elapsed REAL time:     0.0000 (s)
ComputeNorm: Computing norm of solution
ComputeChange: NS (ITER=2) (NRM,RELC): (  7.6037359     0.72375138E-01 ) :: mgdynamicscalc
DefaultSolve: Solving linear system with default routines
SolveSystem: Solving linear system
SolveLinearSystem: Assuming real valued linear system
SolveLinearSystem: Assuming serial linear system
ScaleLinearSystem: Creating > DiagScaling < vector of size 2917
SolveLinearSystem: Linear System Preconditioning: ilu0
Prec0-ilu0: Elapsed REAL time:     0.0000 (s)
SolveLinearSystem: Serial linear System Solver: iterative
IterSolver: Using iterative method: cg
Prec-ilu0: Elapsed REAL time:     0.0000 (s)
ComputeNorm: Computing norm of solution
ComputeChange: NS (ITER=3) (NRM,RELC): (  16.055144     0.71443859     ) :: mgdynamicscalc
MagnetoDynamicsCalcFields: Solving for field: magnetic field strength[magnetic field strength:3]
DefaultSolve: Solving linear system with default routines
SolveSystem: Solving linear system
SolveLinearSystem: Assuming real valued linear system
SolveLinearSystem: Assuming serial linear system
ScaleLinearSystem: Creating > DiagScaling < vector of size 2917
SolveLinearSystem: Linear System Preconditioning: ilu0
Prec0-ilu0: Elapsed REAL time:     0.0000 (s)
SolveLinearSystem: Serial linear System Solver: iterative
IterSolver: Using iterative method: cg
Prec-ilu0: Elapsed REAL time:     0.0000 (s)
ComputeNorm: Computing norm of solution
ComputeChange: NS (ITER=4) (NRM,RELC): (  5628227.2      1.9999886     ) :: mgdynamicscalc
DefaultSolve: Solving linear system with default routines
SolveSystem: Solving linear system
SolveLinearSystem: Assuming real valued linear system
SolveLinearSystem: Assuming serial linear system
ScaleLinearSystem: Creating > DiagScaling < vector of size 2917
SolveLinearSystem: Linear System Preconditioning: ilu0
Prec0-ilu0: Elapsed REAL time:     0.0000 (s)
SolveLinearSystem: Serial linear System Solver: iterative
IterSolver: Using iterative method: cg
Prec-ilu0: Elapsed REAL time:     0.0000 (s)
ComputeNorm: Computing norm of solution
ComputeChange: NS (ITER=5) (NRM,RELC): (  6050856.6     0.72373716E-01 ) :: mgdynamicscalc
DefaultSolve: Solving linear system with default routines
SolveSystem: Solving linear system
SolveLinearSystem: Assuming real valued linear system
SolveLinearSystem: Assuming serial linear system
ScaleLinearSystem: Creating > DiagScaling < vector of size 2917
SolveLinearSystem: Linear System Preconditioning: ilu0
Prec0-ilu0: Elapsed REAL time:     0.0000 (s)
SolveLinearSystem: Serial linear System Solver: iterative
IterSolver: Using iterative method: cg
Prec-ilu0: Elapsed REAL time:     0.0000 (s)
ComputeNorm: Computing norm of solution
ComputeChange: NS (ITER=6) (NRM,RELC): (  12767765.     0.71385766     ) :: mgdynamicscalc
MagnetoDynamicsCalcFields: Solving for field: magnetic vector potential
DefaultSolve: Solving linear system with default routines
SolveSystem: Solving linear system
SolveLinearSystem: Assuming real valued linear system
SolveLinearSystem: Assuming serial linear system
ScaleLinearSystem: Creating > DiagScaling < vector of size 2917
SolveLinearSystem: Linear System Preconditioning: ilu0
Prec0-ilu0: Elapsed REAL time:     0.0000 (s)
SolveLinearSystem: Serial linear System Solver: iterative
IterSolver: Using iterative method: cg
Prec-ilu0: Elapsed REAL time:     0.0000 (s)
ComputeNorm: Computing norm of solution
ComputeChange: NS (ITER=7) (NRM,RELC): ( 0.39709433E-01  2.0000000     ) :: mgdynamicscalc
DefaultSolve: Solving linear system with default routines
SolveSystem: Solving linear system
SolveLinearSystem: Assuming real valued linear system
SolveLinearSystem: Assuming serial linear system
ScaleLinearSystem: Creating > DiagScaling < vector of size 2917
SolveLinearSystem: Linear System Preconditioning: ilu0
Prec0-ilu0: Elapsed REAL time:     0.0000 (s)
SolveLinearSystem: Serial linear System Solver: iterative
IterSolver: Using iterative method: cg
Prec-ilu0: Elapsed REAL time:     0.0000 (s)
ComputeNorm: Computing norm of solution
ComputeChange: NS (ITER=8) (NRM,RELC): ( 0.39502673E-01 0.52204067E-02 ) :: mgdynamicscalc
DefaultSolve: Solving linear system with default routines
SolveSystem: Solving linear system
SolveLinearSystem: Assuming real valued linear system
SolveLinearSystem: Assuming serial linear system
ScaleLinearSystem: Creating > DiagScaling < vector of size 2917
SolveLinearSystem: Linear System Preconditioning: ilu0
Prec0-ilu0: Elapsed REAL time:     0.0000 (s)
SolveLinearSystem: Serial linear System Solver: iterative
IterSolver: Using iterative method: cg
Prec-ilu0: Elapsed REAL time:     0.0000 (s)
ComputeNorm: Computing norm of solution
ComputeChange: NS (ITER=9) (NRM,RELC): ( 0.24957400E-01 0.45129556     ) :: mgdynamicscalc
MagnetoDynamicsCalcFields: Solving for field: current density[current density:3]
DefaultSolve: Solving linear system with default routines
SolveSystem: Solving linear system
SolveLinearSystem: Assuming real valued linear system
SolveLinearSystem: Assuming serial linear system
ScaleLinearSystem: Creating > DiagScaling < vector of size 2917
SolveLinearSystem: Linear System Preconditioning: ilu0
Prec0-ilu0: Elapsed REAL time:     0.0000 (s)
SolveLinearSystem: Serial linear System Solver: iterative
IterSolver: Using iterative method: cg
Prec-ilu0: Elapsed REAL time:     0.0000 (s)
ComputeNorm: Computing norm of solution
ComputeChange: NS (ITER=10) (NRM,RELC): (  42.892715      1.9976739     ) :: mgdynamicscalc
DefaultSolve: Solving linear system with default routines
SolveSystem: Solving linear system
SolveLinearSystem: Assuming real valued linear system
SolveLinearSystem: Assuming serial linear system
ScaleLinearSystem: Creating > DiagScaling < vector of size 2917
SolveLinearSystem: Linear System Preconditioning: ilu0
Prec0-ilu0: Elapsed REAL time:     0.0000 (s)
SolveLinearSystem: Serial linear System Solver: iterative
IterSolver: Using iterative method: cg
Prec-ilu0: Elapsed REAL time:     0.0000 (s)
ComputeNorm: Computing norm of solution
ComputeChange: NS (ITER=11) (NRM,RELC): (  49.589880     0.14483082     ) :: mgdynamicscalc
DefaultSolve: Solving linear system with default routines
SolveSystem: Solving linear system
SolveLinearSystem: Assuming real valued linear system
SolveLinearSystem: Assuming serial linear system
ScaleLinearSystem: Creating > DiagScaling < vector of size 2917
SolveLinearSystem: Linear System Preconditioning: ilu0
Prec0-ilu0: Elapsed REAL time:     0.0000 (s)
SolveLinearSystem: Serial linear System Solver: iterative
IterSolver: Using iterative method: cg
Prec-ilu0: Elapsed REAL time:     0.0000 (s)
ComputeNorm: Computing norm of solution
ComputeChange: NS (ITER=12) (NRM,RELC): ( 0.76360018      1.9393408     ) :: mgdynamicscalc
MagnetoDynamicsCalcFields: Eddy current power:    6.337432E-07
MagnetoDynamicsCalcFields: ElectroMagnetic Field Energy:    3.818440E+05
SingleSolver: Attempting to call solver: 4
SingleSolver: Solver Equation string is: resultoutput
ResultOutputSolver: -------------------------------------
ResultOutputSolver: Dimension of mesh is: 3
ResultOutputSolver: Working on mesh 1: mesh with 2917 nodes
ResultOutputSolver: Saving in unstructured VTK XML (.vtu) format
VtuOutputSolver: Full filename base is: results/case
GenerateSaveMask: Number of active elements 18743 out of 18743
GenerateSaveMask: Number of geometry nodes 2917 out of 2917
VtuOutputSolver: Writing the vtu file: results/case_t0027.vtu
AscBinWriteInit: Initializing buffered ascii/binary writing
AscBinWriteInit: Writing in binary
AscBinWriteInit: Writing in double precision
AscBinWriteInit: Writing to unit number: 58
AscBinWriteInit: Size of buffer is: 2917
WriteVtuFile: Writing nodal fields
WriteVtuFile: Saving 1-component variable: meshrelax
WriteVtuFile: Saving 1-component variable: magnetic vector potential
WriteVtuFile: Saving 1-component variable: alpha
WriteVtuFile: Saving 1-component variable: beta
WriteVtuFile: Saving 1-component variable: w
WriteVtuFile: Saving 1-component variable: alpha direction
WriteVtuFile: Saving 1-component variable: beta direction
WriteVtuFile: Saving 1-component variable: w potential
WriteVtuFile: Saving 3-component variable: magnetic flux density
WriteVtuFile: Saving 3-component variable: magnetic field strength
WriteVtuFile: Saving 3-component variable: current density
WriteVtuFile: Saving 3-component variable: magnetic flux density e
WriteVtuFile: Saving 3-component variable: magnetic field strength e
WriteVtuFile: Saving 3-component variable: current density e
WriteVtuFile: Saving 3-component variable: w vector e
WriteVtuFile: Number of nodal fields written: 8
WriteVtuFile: Writing elemental fields
WriteVtuFile: Number of elemental fields written: 7
WriteVtuFile: Writing coordinates for each used node
WriteVtuFile: Writing the elemental connectivity data
WriteVtuFile: Writing nodal fields
WriteVtuFile: Saving 1-component variable: meshrelax
WriteVtuFile: Saving 1-component variable: magnetic vector potential
WriteVtuFile: Saving 1-component variable: alpha
WriteVtuFile: Saving 1-component variable: beta
WriteVtuFile: Saving 1-component variable: w
WriteVtuFile: Saving 1-component variable: alpha direction
WriteVtuFile: Saving 1-component variable: beta direction
WriteVtuFile: Saving 1-component variable: w potential
WriteVtuFile: Saving 3-component variable: magnetic flux density
WriteVtuFile: Saving 3-component variable: magnetic field strength
WriteVtuFile: Saving 3-component variable: current density
WriteVtuFile: Saving 3-component variable: magnetic flux density e
WriteVtuFile: Saving 3-component variable: magnetic field strength e
WriteVtuFile: Saving 3-component variable: current density e
WriteVtuFile: Saving 3-component variable: w vector e
WriteVtuFile: Writing elemental fields
AscBinWriteFree: Terminating buffered ascii/binary writing
VtuOutputSolver: All done for now
ResultOutputSolver: -------------------------------------
SingleSolver: Attempting to call solver: 11
SingleSolver: Solver Equation string is: savescalars
SaveScalars: -----------------------------------------
SaveScalars: Saving scalar values of various kinds
SaveScalars: Performed 2 reduction operations
SaveScalars: Found 13 result scalars in simulation section
SaveScalars: Saving results from component - if any
SaveScalars: Found 17 values to save in total
SaveScalars: Saving values to file: results/circuit.csv
SaveScalars: -----------------------------------------
MAIN: 
MAIN: -------------------------------------
MAIN: Time: 28/30:   5.600E-02
MAIN: Elapsed time:  3.7 minutes
MAIN: Estimated time left: 25.2 seconds
MAIN: -------------------------------------
MAIN: 
SingleSolver: Attempting to call solver: 9
SingleSolver: Solver Equation string is: circuits
AddComponentEquationsAndCouplings: Writing resistor equation, component 2
SingleSolver: Attempting to call solver: 10
SingleSolver: Solver Equation string is: circuits output
DefaultStart: Starting solver: circuits output
CircuitsOutput: Initializing Lagrange multipliers of size: 6
CircuitsOutput: Writing Circuit Results
CircuitsOutput: Writing Circuit Variables for Circuit 1
CircuitsOutput: There are 6 Circuit Variables
CircuitsOutput: i_testsource            1.4487E-03
CircuitsOutput: v_testsource            0.0000E+00
CircuitsOutput: i_component(1)          1.4487E-03
CircuitsOutput: v_component(1)         -1.4487E-02
CircuitsOutput: i_component(2)          1.4487E-03
CircuitsOutput: v_component(2)          1.4487E-02
CircuitsOutput: Writing Component Variables for Circuit 1
CircuitsOutput: r_component(1)          3.0169E-01
CircuitsOutput: p_dc_component(1)       6.3314E-07
CircuitsOutput: r_component(2)          1.0000E+01
CircuitsOutput: p_dc_component(2)       2.0986E-05
Circuit_ToMeshVariable: Adding circuit variables to be mesh variables
DefaultFinish: Finished solver: circuits output
SingleSolver: Attempting to call solver: 1
SingleSolver: Solver Equation string is: meshdeform
RigidMeshMapper: ---------------------------------------
RigidMeshMapper: Performing analytic mesh mapping
RigidMeshMapper: ---------------------------------------
DefaultFinish: Finished solver: meshdeform
SingleSolver: Attempting to call solver: 2
SingleSolver: Solver Equation string is: mgdynamics
WhitneyAVSolver: 
WhitneyAVSolver: -------------------------------------------------
WhitneyAVSolver: Solving transient AV equations with edge elements
DefaultStart: Starting solver: mgdynamics
MGDynAssembly: Elapsed REAL time:     0.2564 (s)
DefUtils::DefaultDirichletBCs: Setting Dirichlet boundary conditions
EnforceDirichletConditions: No Dirichlet conditions to enforce, exiting!
WhitneyAVSolver: Volume tree edges: 2916 of total: 19979
DefaultSolve: Solving linear system with default routines
SolveSystem: Solving linear system
SolveSystem: Solving linear system with linear restrictions!
SolveWithLinearRestriction: Freeing previous collection matrix structures
SolveWithLinearRestriction: Refactoring requested, creating fully new matrix
SolveWithLinearRestriction: Reverting CollectionMatrix back to CRS matrix
List_ToCRSMatrix: Changing matrix type with number of non-zeros: 650873
SolveWithLinearRestriction: Collection matrix creation time (CPU,REAL):     0.03    0.04 (s)
SolveWithLinearRestriction: Collection matrix increased with 6 rows and 2693 non-zeros
SolveWithLinearRestriction: Now solving the linear system with constraints!
SolveLinearSystem: Assuming real valued linear system
SolveLinearSystem: Assuming serial linear system
ScaleLinearSystem: Creating > DiagScaling < vector of size 22902
SolveLinearSystem: Serial linear System Solver: direct
DirectSolver: Using direct method: umfpack
ComputeChange: WARNING: Possible mismatch in length of vectors (22902 vs. 22896)!
ComputeNorm: Computing norm of solution
ComputeChange: Nonlinear iteration did not converge to tolerance
ComputeChange: NS (ITER=1) (NRM,RELC): ( 0.25334997E-03 0.62154154E-03 ) :: mgdynamics
SolveWithLinearRestriction: Picking solution from collection solution
SolveWithLinearRestriction: Separating Lagrange multiplier from collection solution
SolveWithLinearRestriction: All done
WhitneyAVSolver: Calculating lumped parameters
DefaultFinish: Finished solver: mgdynamics
WhitneyAVSolver: All done
WhitneyAVSolver: -------------------------------------------
SingleSolver: Attempting to call solver: 3
SingleSolver: Solver Equation string is: mgdynamicscalc
MagnetoDynamicsCalcFields: ------------------------------
MagnetoDynamicsCalcFields: Computing postprocessed fields
MagnetoDynamicsCalcFields: Using potential variable: magnetic vector potential
MagnetoDynamicsCalcFields: Number of components to compute: 12
MagnetoDynamicsCalcFields: Solving for field: magnetic flux density[magnetic flux density:3]
DefaultSolve: Solving linear system with default routines
SolveSystem: Solving linear system
SolveLinearSystem: Assuming real valued linear system
SolveLinearSystem: Assuming serial linear system
ScaleLinearSystem: Creating > DiagScaling < vector of size 2917
SolveLinearSystem: Linear System Preconditioning: ilu0
Prec0-ilu0: Elapsed REAL time:     0.0000 (s)
SolveLinearSystem: Serial linear System Solver: iterative
IterSolver: Using iterative method: cg
Prec-ilu0: Elapsed REAL time:     0.0000 (s)
ComputeNorm: Computing norm of solution
ComputeChange: NS (ITER=1) (NRM,RELC): (  7.1330559      1.6132033     ) :: mgdynamicscalc
DefaultSolve: Solving linear system with default routines
SolveSystem: Solving linear system
SolveLinearSystem: Assuming real valued linear system
SolveLinearSystem: Assuming serial linear system
ScaleLinearSystem: Creating > DiagScaling < vector of size 2917
SolveLinearSystem: Linear System Preconditioning: ilu0
Prec0-ilu0: Elapsed REAL time:     0.0000 (s)
SolveLinearSystem: Serial linear System Solver: iterative
IterSolver: Using iterative method: cg
Prec-ilu0: Elapsed REAL time:     0.0000 (s)
ComputeNorm: Computing norm of solution
ComputeChange: NS (ITER=2) (NRM,RELC): (  7.6692761     0.72450778E-01 ) :: mgdynamicscalc
DefaultSolve: Solving linear system with default routines
SolveSystem: Solving linear system
SolveLinearSystem: Assuming real valued linear system
SolveLinearSystem: Assuming serial linear system
ScaleLinearSystem: Creating > DiagScaling < vector of size 2917
SolveLinearSystem: Linear System Preconditioning: ilu0
Prec0-ilu0: Elapsed REAL time:     0.0000 (s)
SolveLinearSystem: Serial linear System Solver: iterative
IterSolver: Using iterative method: cg
Prec-ilu0: Elapsed REAL time:     0.0000 (s)
ComputeNorm: Computing norm of solution
ComputeChange: NS (ITER=3) (NRM,RELC): (  16.716642     0.74201558     ) :: mgdynamicscalc
MagnetoDynamicsCalcFields: Solving for field: magnetic field strength[magnetic field strength:3]
DefaultSolve: Solving linear system with default routines
SolveSystem: Solving linear system
SolveLinearSystem: Assuming real valued linear system
SolveLinearSystem: Assuming serial linear system
ScaleLinearSystem: Creating > DiagScaling < vector of size 2917
SolveLinearSystem: Linear System Preconditioning: ilu0
Prec0-ilu0: Elapsed REAL time:     0.0000 (s)
SolveLinearSystem: Serial linear System Solver: iterative
IterSolver: Using iterative method: cg
Prec-ilu0: Elapsed REAL time:     0.0000 (s)
ComputeNorm: Computing norm of solution
ComputeChange: NS (ITER=4) (NRM,RELC): (  5676309.2      1.9999882     ) :: mgdynamicscalc
DefaultSolve: Solving linear system with default routines
SolveSystem: Solving linear system
SolveLinearSystem: Assuming real valued linear system
SolveLinearSystem: Assuming serial linear system
ScaleLinearSystem: Creating > DiagScaling < vector of size 2917
SolveLinearSystem: Linear System Preconditioning: ilu0
Prec0-ilu0: Elapsed REAL time:     0.0000 (s)
SolveLinearSystem: Serial linear System Solver: iterative
IterSolver: Using iterative method: cg
Prec-ilu0: Elapsed REAL time:     0.0000 (s)
ComputeNorm: Computing norm of solution
ComputeChange: NS (ITER=5) (NRM,RELC): (  6103012.8     0.72449599E-01 ) :: mgdynamicscalc
DefaultSolve: Solving linear system with default routines
SolveSystem: Solving linear system
SolveLinearSystem: Assuming real valued linear system
SolveLinearSystem: Assuming serial linear system
ScaleLinearSystem: Creating > DiagScaling < vector of size 2917
SolveLinearSystem: Linear System Preconditioning: ilu0
Prec0-ilu0: Elapsed REAL time:     0.0000 (s)
SolveLinearSystem: Serial linear System Solver: iterative
IterSolver: Using iterative method: cg
Prec-ilu0: Elapsed REAL time:     0.0000 (s)
ComputeNorm: Computing norm of solution
ComputeChange: NS (ITER=6) (NRM,RELC): (  13294442.     0.74148174     ) :: mgdynamicscalc
MagnetoDynamicsCalcFields: Solving for field: magnetic vector potential
DefaultSolve: Solving linear system with default routines
SolveSystem: Solving linear system
SolveLinearSystem: Assuming real valued linear system
SolveLinearSystem: Assuming serial linear system
ScaleLinearSystem: Creating > DiagScaling < vector of size 2917
SolveLinearSystem: Linear System Preconditioning: ilu0
Prec0-ilu0: Elapsed REAL time:     0.0000 (s)
SolveLinearSystem: Serial linear System Solver: iterative
IterSolver: Using iterative method: cg
Prec-ilu0: Elapsed REAL time:     0.0000 (s)
ComputeNorm: Computing norm of solution
ComputeChange: NS (ITER=7) (NRM,RELC): ( 0.39774049E-01  2.0000000     ) :: mgdynamicscalc
DefaultSolve: Solving linear system with default routines
SolveSystem: Solving linear system
SolveLinearSystem: Assuming real valued linear system
SolveLinearSystem: Assuming serial linear system
ScaleLinearSystem: Creating > DiagScaling < vector of size 2917
SolveLinearSystem: Linear System Preconditioning: ilu0
Prec0-ilu0: Elapsed REAL time:     0.0000 (s)
SolveLinearSystem: Serial linear System Solver: iterative
IterSolver: Using iterative method: cg
Prec-ilu0: Elapsed REAL time:     0.0000 (s)
ComputeNorm: Computing norm of solution
ComputeChange: NS (ITER=8) (NRM,RELC): ( 0.39675378E-01 0.24838855E-02 ) :: mgdynamicscalc
DefaultSolve: Solving linear system with default routines
SolveSystem: Solving linear system
SolveLinearSystem: Assuming real valued linear system
SolveLinearSystem: Assuming serial linear system
ScaleLinearSystem: Creating > DiagScaling < vector of size 2917
SolveLinearSystem: Linear System Preconditioning: ilu0
Prec0-ilu0: Elapsed REAL time:     0.0000 (s)
SolveLinearSystem: Serial linear System Solver: iterative
IterSolver: Using iterative method: cg
Prec-ilu0: Elapsed REAL time:     0.0000 (s)
ComputeNorm: Computing norm of solution
ComputeChange: NS (ITER=9) (NRM,RELC): ( 0.24659114E-01 0.46681846     ) :: mgdynamicscalc
MagnetoDynamicsCalcFields: Solving for field: current density[current density:3]
DefaultSolve: Solving linear system with default routines
SolveSystem: Solving linear system
SolveLinearSystem: Assuming real valued linear system
SolveLinearSystem: Assuming serial linear system
ScaleLinearSystem: Creating > DiagScaling < vector of size 2917
SolveLinearSystem: Linear System Preconditioning: ilu0
Prec0-ilu0: Elapsed REAL time:     0.0000 (s)
SolveLinearSystem: Serial linear System Solver: iterative
IterSolver: Using iterative method: cg
Prec-ilu0: Elapsed REAL time:     0.0000 (s)
ComputeNorm: Computing norm of solution
ComputeChange: NS (ITER=10) (NRM,RELC): (  43.214553      1.9977188     ) :: mgdynamicscalc
DefaultSolve: Solving linear system with default routines
SolveSystem: Solving linear system
SolveLinearSystem: Assuming real valued linear system
SolveLinearSystem: Assuming serial linear system
ScaleLinearSystem: Creating > DiagScaling < vector of size 2917
SolveLinearSystem: Linear System Preconditioning: ilu0
Prec0-ilu0: Elapsed REAL time:     0.0000 (s)
SolveLinearSystem: Serial linear System Solver: iterative
IterSolver: Using iterative method: cg
Prec-ilu0: Elapsed REAL time:     0.0000 (s)
ComputeNorm: Computing norm of solution
ComputeChange: NS (ITER=11) (NRM,RELC): (  50.010938     0.14580529     ) :: mgdynamicscalc
DefaultSolve: Solving linear system with default routines
SolveSystem: Solving linear system
SolveLinearSystem: Assuming real valued linear system
SolveLinearSystem: Assuming serial linear system
ScaleLinearSystem: Creating > DiagScaling < vector of size 2917
SolveLinearSystem: Linear System Preconditioning: ilu0
Prec0-ilu0: Elapsed REAL time:     0.0000 (s)
SolveLinearSystem: Serial linear System Solver: iterative
IterSolver: Using iterative method: cg
Prec-ilu0: Elapsed REAL time:     0.0000 (s)
ComputeNorm: Computing norm of solution
ComputeChange: NS (ITER=12) (NRM,RELC): ( 0.76961301      1.9393773     ) :: mgdynamicscalc
MagnetoDynamicsCalcFields: Eddy current power:    6.463492E-07
MagnetoDynamicsCalcFields: ElectroMagnetic Field Energy:    3.952510E+05
SingleSolver: Attempting to call solver: 4
SingleSolver: Solver Equation string is: resultoutput
ResultOutputSolver: -------------------------------------
ResultOutputSolver: Dimension of mesh is: 3
ResultOutputSolver: Working on mesh 1: mesh with 2917 nodes
ResultOutputSolver: Saving in unstructured VTK XML (.vtu) format
VtuOutputSolver: Full filename base is: results/case
GenerateSaveMask: Number of active elements 18743 out of 18743
GenerateSaveMask: Number of geometry nodes 2917 out of 2917
VtuOutputSolver: Writing the vtu file: results/case_t0028.vtu
AscBinWriteInit: Initializing buffered ascii/binary writing
AscBinWriteInit: Writing in binary
AscBinWriteInit: Writing in double precision
AscBinWriteInit: Writing to unit number: 58
AscBinWriteInit: Size of buffer is: 2917
WriteVtuFile: Writing nodal fields
WriteVtuFile: Saving 1-component variable: meshrelax
WriteVtuFile: Saving 1-component variable: magnetic vector potential
WriteVtuFile: Saving 1-component variable: alpha
WriteVtuFile: Saving 1-component variable: beta
WriteVtuFile: Saving 1-component variable: w
WriteVtuFile: Saving 1-component variable: alpha direction
WriteVtuFile: Saving 1-component variable: beta direction
WriteVtuFile: Saving 1-component variable: w potential
WriteVtuFile: Saving 3-component variable: magnetic flux density
WriteVtuFile: Saving 3-component variable: magnetic field strength
WriteVtuFile: Saving 3-component variable: current density
WriteVtuFile: Saving 3-component variable: magnetic flux density e
WriteVtuFile: Saving 3-component variable: magnetic field strength e
WriteVtuFile: Saving 3-component variable: current density e
WriteVtuFile: Saving 3-component variable: w vector e
WriteVtuFile: Number of nodal fields written: 8
WriteVtuFile: Writing elemental fields
WriteVtuFile: Number of elemental fields written: 7
WriteVtuFile: Writing coordinates for each used node
WriteVtuFile: Writing the elemental connectivity data
WriteVtuFile: Writing nodal fields
WriteVtuFile: Saving 1-component variable: meshrelax
WriteVtuFile: Saving 1-component variable: magnetic vector potential
WriteVtuFile: Saving 1-component variable: alpha
WriteVtuFile: Saving 1-component variable: beta
WriteVtuFile: Saving 1-component variable: w
WriteVtuFile: Saving 1-component variable: alpha direction
WriteVtuFile: Saving 1-component variable: beta direction
WriteVtuFile: Saving 1-component variable: w potential
WriteVtuFile: Saving 3-component variable: magnetic flux density
WriteVtuFile: Saving 3-component variable: magnetic field strength
WriteVtuFile: Saving 3-component variable: current density
WriteVtuFile: Saving 3-component variable: magnetic flux density e
WriteVtuFile: Saving 3-component variable: magnetic field strength e
WriteVtuFile: Saving 3-component variable: current density e
WriteVtuFile: Saving 3-component variable: w vector e
WriteVtuFile: Writing elemental fields
AscBinWriteFree: Terminating buffered ascii/binary writing
VtuOutputSolver: All done for now
ResultOutputSolver: -------------------------------------
SingleSolver: Attempting to call solver: 11
SingleSolver: Solver Equation string is: savescalars
SaveScalars: -----------------------------------------
SaveScalars: Saving scalar values of various kinds
SaveScalars: Performed 2 reduction operations
SaveScalars: Found 13 result scalars in simulation section
SaveScalars: Saving results from component - if any
SaveScalars: Found 17 values to save in total
SaveScalars: Saving values to file: results/circuit.csv
SaveScalars: -----------------------------------------
MAIN: 
MAIN: -------------------------------------
MAIN: Time: 29/30:   5.800E-02
MAIN: Elapsed time:  3.8 minutes
MAIN: Estimated time left: 15.3 seconds
MAIN: -------------------------------------
MAIN: 
SingleSolver: Attempting to call solver: 9
SingleSolver: Solver Equation string is: circuits
AddComponentEquationsAndCouplings: Writing resistor equation, component 2
SingleSolver: Attempting to call solver: 10
SingleSolver: Solver Equation string is: circuits output
DefaultStart: Starting solver: circuits output
CircuitsOutput: Initializing Lagrange multipliers of size: 6
CircuitsOutput: Writing Circuit Results
CircuitsOutput: Writing Circuit Variables for Circuit 1
CircuitsOutput: There are 6 Circuit Variables
CircuitsOutput: i_testsource            1.4630E-03
CircuitsOutput: v_testsource            0.0000E+00
CircuitsOutput: i_component(1)          1.4630E-03
CircuitsOutput: v_component(1)         -1.4630E-02
CircuitsOutput: i_component(2)          1.4630E-03
CircuitsOutput: v_component(2)          1.4630E-02
CircuitsOutput: Writing Component Variables for Circuit 1
CircuitsOutput: r_component(1)          3.0169E-01
CircuitsOutput: p_dc_component(1)       6.4576E-07
CircuitsOutput: r_component(2)          1.0000E+01
CircuitsOutput: p_dc_component(2)       2.1405E-05
Circuit_ToMeshVariable: Adding circuit variables to be mesh variables
DefaultFinish: Finished solver: circuits output
SingleSolver: Attempting to call solver: 1
SingleSolver: Solver Equation string is: meshdeform
RigidMeshMapper: ---------------------------------------
RigidMeshMapper: Performing analytic mesh mapping
RigidMeshMapper: ---------------------------------------
DefaultFinish: Finished solver: meshdeform
SingleSolver: Attempting to call solver: 2
SingleSolver: Solver Equation string is: mgdynamics
WhitneyAVSolver: 
WhitneyAVSolver: -------------------------------------------------
WhitneyAVSolver: Solving transient AV equations with edge elements
DefaultStart: Starting solver: mgdynamics
MGDynAssembly: Elapsed REAL time:     0.2246 (s)
DefUtils::DefaultDirichletBCs: Setting Dirichlet boundary conditions
EnforceDirichletConditions: No Dirichlet conditions to enforce, exiting!
WhitneyAVSolver: Volume tree edges: 2916 of total: 19979
DefaultSolve: Solving linear system with default routines
SolveSystem: Solving linear system
SolveSystem: Solving linear system with linear restrictions!
SolveWithLinearRestriction: Freeing previous collection matrix structures
SolveWithLinearRestriction: Refactoring requested, creating fully new matrix
SolveWithLinearRestriction: Reverting CollectionMatrix back to CRS matrix
List_ToCRSMatrix: Changing matrix type with number of non-zeros: 650873
SolveWithLinearRestriction: Collection matrix creation time (CPU,REAL):     0.04    0.05 (s)
SolveWithLinearRestriction: Collection matrix increased with 6 rows and 2693 non-zeros
SolveWithLinearRestriction: Now solving the linear system with constraints!
SolveLinearSystem: Assuming real valued linear system
SolveLinearSystem: Assuming serial linear system
ScaleLinearSystem: Creating > DiagScaling < vector of size 22902
SolveLinearSystem: Serial linear System Solver: direct
DirectSolver: Using direct method: umfpack
ComputeChange: WARNING: Possible mismatch in length of vectors (22902 vs. 22896)!
ComputeNorm: Computing norm of solution
ComputeChange: Nonlinear iteration did not converge to tolerance
ComputeChange: NS (ITER=1) (NRM,RELC): ( 0.25296726E-03 0.15117298E-02 ) :: mgdynamics
SolveWithLinearRestriction: Picking solution from collection solution
SolveWithLinearRestriction: Separating Lagrange multiplier from collection solution
SolveWithLinearRestriction: All done
WhitneyAVSolver: Calculating lumped parameters
DefaultFinish: Finished solver: mgdynamics
WhitneyAVSolver: All done
WhitneyAVSolver: -------------------------------------------
SingleSolver: Attempting to call solver: 3
SingleSolver: Solver Equation string is: mgdynamicscalc
MagnetoDynamicsCalcFields: ------------------------------
MagnetoDynamicsCalcFields: Computing postprocessed fields
MagnetoDynamicsCalcFields: Using potential variable: magnetic vector potential
MagnetoDynamicsCalcFields: Number of components to compute: 12
MagnetoDynamicsCalcFields: Solving for field: magnetic flux density[magnetic flux density:3]
DefaultSolve: Solving linear system with default routines
SolveSystem: Solving linear system
SolveLinearSystem: Assuming real valued linear system
SolveLinearSystem: Assuming serial linear system
ScaleLinearSystem: Creating > DiagScaling < vector of size 2917
SolveLinearSystem: Linear System Preconditioning: ilu0
Prec0-ilu0: Elapsed REAL time:     0.0000 (s)
SolveLinearSystem: Serial linear System Solver: iterative
IterSolver: Using iterative method: cg
Prec-ilu0: Elapsed REAL time:     0.0000 (s)
ComputeNorm: Computing norm of solution
ComputeChange: NS (ITER=1) (NRM,RELC): (  7.1704314      1.6122878     ) :: mgdynamicscalc
DefaultSolve: Solving linear system with default routines
SolveSystem: Solving linear system
SolveLinearSystem: Assuming real valued linear system
SolveLinearSystem: Assuming serial linear system
ScaleLinearSystem: Creating > DiagScaling < vector of size 2917
SolveLinearSystem: Linear System Preconditioning: ilu0
Prec0-ilu0: Elapsed REAL time:     0.0000 (s)
SolveLinearSystem: Serial linear System Solver: iterative
IterSolver: Using iterative method: cg
Prec-ilu0: Elapsed REAL time:     0.0000 (s)
ComputeNorm: Computing norm of solution
ComputeChange: NS (ITER=2) (NRM,RELC): (  7.7075790     0.72206911E-01 ) :: mgdynamicscalc
DefaultSolve: Solving linear system with default routines
SolveSystem: Solving linear system
SolveLinearSystem: Assuming real valued linear system
SolveLinearSystem: Assuming serial linear system
ScaleLinearSystem: Creating > DiagScaling < vector of size 2917
SolveLinearSystem: Linear System Preconditioning: ilu0
Prec0-ilu0: Elapsed REAL time:     0.0000 (s)
SolveLinearSystem: Serial linear System Solver: iterative
IterSolver: Using iterative method: cg
Prec-ilu0: Elapsed REAL time:     0.0000 (s)
ComputeNorm: Computing norm of solution
ComputeChange: NS (ITER=3) (NRM,RELC): (  17.347673     0.76950684     ) :: mgdynamicscalc
MagnetoDynamicsCalcFields: Solving for field: magnetic field strength[magnetic field strength:3]
DefaultSolve: Solving linear system with default routines
SolveSystem: Solving linear system
SolveLinearSystem: Assuming real valued linear system
SolveLinearSystem: Assuming serial linear system
ScaleLinearSystem: Creating > DiagScaling < vector of size 2917
SolveLinearSystem: Linear System Preconditioning: ilu0
Prec0-ilu0: Elapsed REAL time:     0.0000 (s)
SolveLinearSystem: Serial linear System Solver: iterative
IterSolver: Using iterative method: cg
Prec-ilu0: Elapsed REAL time:     0.0000 (s)
ComputeNorm: Computing norm of solution
ComputeChange: NS (ITER=4) (NRM,RELC): (  5706051.2      1.9999878     ) :: mgdynamicscalc
DefaultSolve: Solving linear system with default routines
SolveSystem: Solving linear system
SolveLinearSystem: Assuming real valued linear system
SolveLinearSystem: Assuming serial linear system
ScaleLinearSystem: Creating > DiagScaling < vector of size 2917
SolveLinearSystem: Linear System Preconditioning: ilu0
Prec0-ilu0: Elapsed REAL time:     0.0000 (s)
SolveLinearSystem: Serial linear System Solver: iterative
IterSolver: Using iterative method: cg
Prec-ilu0: Elapsed REAL time:     0.0000 (s)
ComputeNorm: Computing norm of solution
ComputeChange: NS (ITER=5) (NRM,RELC): (  6133494.0     0.72205954E-01 ) :: mgdynamicscalc
DefaultSolve: Solving linear system with default routines
SolveSystem: Solving linear system
SolveLinearSystem: Assuming real valued linear system
SolveLinearSystem: Assuming serial linear system
ScaleLinearSystem: Creating > DiagScaling < vector of size 2917
SolveLinearSystem: Linear System Preconditioning: ilu0
Prec0-ilu0: Elapsed REAL time:     0.0000 (s)
SolveLinearSystem: Serial linear System Solver: iterative
IterSolver: Using iterative method: cg
Prec-ilu0: Elapsed REAL time:     0.0000 (s)
ComputeNorm: Computing norm of solution
ComputeChange: NS (ITER=6) (NRM,RELC): (  13796852.     0.76901404     ) :: mgdynamicscalc
MagnetoDynamicsCalcFields: Solving for field: magnetic vector potential
DefaultSolve: Solving linear system with default routines
SolveSystem: Solving linear system
SolveLinearSystem: Assuming real valued linear system
SolveLinearSystem: Assuming serial linear system
ScaleLinearSystem: Creating > DiagScaling < vector of size 2917
SolveLinearSystem: Linear System Preconditioning: ilu0
Prec0-ilu0: Elapsed REAL time:     0.0000 (s)
SolveLinearSystem: Serial linear System Solver: iterative
IterSolver: Using iterative method: cg
Prec-ilu0: Elapsed REAL time:     0.0000 (s)
ComputeNorm: Computing norm of solution
ComputeChange: NS (ITER=7) (NRM,RELC): ( 0.39881688E-01  2.0000000     ) :: mgdynamicscalc
DefaultSolve: Solving linear system with default routines
SolveSystem: Solving linear system
SolveLinearSystem: Assuming real valued linear system
SolveLinearSystem: Assuming serial linear system
ScaleLinearSystem: Creating > DiagScaling < vector of size 2917
SolveLinearSystem: Linear System Preconditioning: ilu0
Prec0-ilu0: Elapsed REAL time:     0.0000 (s)
SolveLinearSystem: Serial linear System Solver: iterative
IterSolver: Using iterative method: cg
Prec-ilu0: Elapsed REAL time:     0.0000 (s)
ComputeNorm: Computing norm of solution
ComputeChange: NS (ITER=8) (NRM,RELC): ( 0.39696238E-01 0.46608276E-02 ) :: mgdynamicscalc
DefaultSolve: Solving linear system with default routines
SolveSystem: Solving linear system
SolveLinearSystem: Assuming real valued linear system
SolveLinearSystem: Assuming serial linear system
ScaleLinearSystem: Creating > DiagScaling < vector of size 2917
SolveLinearSystem: Linear System Preconditioning: ilu0
Prec0-ilu0: Elapsed REAL time:     0.0000 (s)
SolveLinearSystem: Serial linear System Solver: iterative
IterSolver: Using iterative method: cg
Prec-ilu0: Elapsed REAL time:     0.0000 (s)
ComputeNorm: Computing norm of solution
ComputeChange: NS (ITER=9) (NRM,RELC): ( 0.24311667E-01 0.48070847     ) :: mgdynamicscalc
MagnetoDynamicsCalcFields: Solving for field: current density[current density:3]
DefaultSolve: Solving linear system with default routines
SolveSystem: Solving linear system
SolveLinearSystem: Assuming real valued linear system
SolveLinearSystem: Assuming serial linear system
ScaleLinearSystem: Creating > DiagScaling < vector of size 2917
SolveLinearSystem: Linear System Preconditioning: ilu0
Prec0-ilu0: Elapsed REAL time:     0.0000 (s)
SolveLinearSystem: Serial linear System Solver: iterative
IterSolver: Using iterative method: cg
Prec-ilu0: Elapsed REAL time:     0.0000 (s)
ComputeNorm: Computing norm of solution
ComputeChange: NS (ITER=10) (NRM,RELC): (  43.404579      1.9977608     ) :: mgdynamicscalc
DefaultSolve: Solving linear system with default routines
SolveSystem: Solving linear system
SolveLinearSystem: Assuming real valued linear system
SolveLinearSystem: Assuming serial linear system
ScaleLinearSystem: Creating > DiagScaling < vector of size 2917
SolveLinearSystem: Linear System Preconditioning: ilu0
Prec0-ilu0: Elapsed REAL time:     0.0000 (s)
SolveLinearSystem: Serial linear System Solver: iterative
IterSolver: Using iterative method: cg
Prec-ilu0: Elapsed REAL time:     0.0000 (s)
ComputeNorm: Computing norm of solution
ComputeChange: NS (ITER=11) (NRM,RELC): (  50.276175     0.14670241     ) :: mgdynamicscalc
DefaultSolve: Solving linear system with default routines
SolveSystem: Solving linear system
SolveLinearSystem: Assuming real valued linear system
SolveLinearSystem: Assuming serial linear system
ScaleLinearSystem: Creating > DiagScaling < vector of size 2917
SolveLinearSystem: Linear System Preconditioning: ilu0
Prec0-ilu0: Elapsed REAL time:     0.0000 (s)
SolveLinearSystem: Serial linear System Solver: iterative
IterSolver: Using iterative method: cg
Prec-ilu0: Elapsed REAL time:     0.0000 (s)
ComputeNorm: Computing norm of solution
ComputeChange: NS (ITER=12) (NRM,RELC): ( 0.77322901      1.9394133     ) :: mgdynamicscalc
MagnetoDynamicsCalcFields: Eddy current power:    6.554591E-07
MagnetoDynamicsCalcFields: ElectroMagnetic Field Energy:    4.069444E+05
SingleSolver: Attempting to call solver: 4
SingleSolver: Solver Equation string is: resultoutput
ResultOutputSolver: -------------------------------------
ResultOutputSolver: Dimension of mesh is: 3
ResultOutputSolver: Working on mesh 1: mesh with 2917 nodes
ResultOutputSolver: Saving in unstructured VTK XML (.vtu) format
VtuOutputSolver: Full filename base is: results/case
GenerateSaveMask: Number of active elements 18743 out of 18743
GenerateSaveMask: Number of geometry nodes 2917 out of 2917
VtuOutputSolver: Writing the vtu file: results/case_t0029.vtu
AscBinWriteInit: Initializing buffered ascii/binary writing
AscBinWriteInit: Writing in binary
AscBinWriteInit: Writing in double precision
AscBinWriteInit: Writing to unit number: 58
AscBinWriteInit: Size of buffer is: 2917
WriteVtuFile: Writing nodal fields
WriteVtuFile: Saving 1-component variable: meshrelax
WriteVtuFile: Saving 1-component variable: magnetic vector potential
WriteVtuFile: Saving 1-component variable: alpha
WriteVtuFile: Saving 1-component variable: beta
WriteVtuFile: Saving 1-component variable: w
WriteVtuFile: Saving 1-component variable: alpha direction
WriteVtuFile: Saving 1-component variable: beta direction
WriteVtuFile: Saving 1-component variable: w potential
WriteVtuFile: Saving 3-component variable: magnetic flux density
WriteVtuFile: Saving 3-component variable: magnetic field strength
WriteVtuFile: Saving 3-component variable: current density
WriteVtuFile: Saving 3-component variable: magnetic flux density e
WriteVtuFile: Saving 3-component variable: magnetic field strength e
WriteVtuFile: Saving 3-component variable: current density e
WriteVtuFile: Saving 3-component variable: w vector e
WriteVtuFile: Number of nodal fields written: 8
WriteVtuFile: Writing elemental fields
WriteVtuFile: Number of elemental fields written: 7
WriteVtuFile: Writing coordinates for each used node
WriteVtuFile: Writing the elemental connectivity data
WriteVtuFile: Writing nodal fields
WriteVtuFile: Saving 1-component variable: meshrelax
WriteVtuFile: Saving 1-component variable: magnetic vector potential
WriteVtuFile: Saving 1-component variable: alpha
WriteVtuFile: Saving 1-component variable: beta
WriteVtuFile: Saving 1-component variable: w
WriteVtuFile: Saving 1-component variable: alpha direction
WriteVtuFile: Saving 1-component variable: beta direction
WriteVtuFile: Saving 1-component variable: w potential
WriteVtuFile: Saving 3-component variable: magnetic flux density
WriteVtuFile: Saving 3-component variable: magnetic field strength
WriteVtuFile: Saving 3-component variable: current density
WriteVtuFile: Saving 3-component variable: magnetic flux density e
WriteVtuFile: Saving 3-component variable: magnetic field strength e
WriteVtuFile: Saving 3-component variable: current density e
WriteVtuFile: Saving 3-component variable: w vector e
WriteVtuFile: Writing elemental fields
AscBinWriteFree: Terminating buffered ascii/binary writing
VtuOutputSolver: All done for now
ResultOutputSolver: -------------------------------------
SingleSolver: Attempting to call solver: 11
SingleSolver: Solver Equation string is: savescalars
SaveScalars: -----------------------------------------
SaveScalars: Saving scalar values of various kinds
SaveScalars: Performed 2 reduction operations
SaveScalars: Found 13 result scalars in simulation section
SaveScalars: Saving results from component - if any
SaveScalars: Found 17 values to save in total
SaveScalars: Saving values to file: results/circuit.csv
SaveScalars: -----------------------------------------
MAIN: 
MAIN: -------------------------------------
MAIN: Time: 30/30:   6.000E-02
MAIN: Elapsed time:  3.9 minutes
MAIN: Estimated time left:  7.5 seconds
MAIN: -------------------------------------
MAIN: 
SingleSolver: Attempting to call solver: 9
SingleSolver: Solver Equation string is: circuits
AddComponentEquationsAndCouplings: Writing resistor equation, component 2
SingleSolver: Attempting to call solver: 10
SingleSolver: Solver Equation string is: circuits output
DefaultStart: Starting solver: circuits output
CircuitsOutput: Initializing Lagrange multipliers of size: 6
CircuitsOutput: Writing Circuit Results
CircuitsOutput: Writing Circuit Variables for Circuit 1
CircuitsOutput: There are 6 Circuit Variables
CircuitsOutput: i_testsource            1.4728E-03
CircuitsOutput: v_testsource            0.0000E+00
CircuitsOutput: i_component(1)          1.4728E-03
CircuitsOutput: v_component(1)         -1.4728E-02
CircuitsOutput: i_component(2)          1.4728E-03
CircuitsOutput: v_component(2)          1.4728E-02
CircuitsOutput: Writing Component Variables for Circuit 1
CircuitsOutput: r_component(1)          3.0169E-01
CircuitsOutput: p_dc_component(1)       6.5441E-07
CircuitsOutput: r_component(2)          1.0000E+01
CircuitsOutput: p_dc_component(2)       2.1691E-05
Circuit_ToMeshVariable: Adding circuit variables to be mesh variables
DefaultFinish: Finished solver: circuits output
SingleSolver: Attempting to call solver: 1
SingleSolver: Solver Equation string is: meshdeform
RigidMeshMapper: ---------------------------------------
RigidMeshMapper: Performing analytic mesh mapping
RigidMeshMapper: ---------------------------------------
DefaultFinish: Finished solver: meshdeform
SingleSolver: Attempting to call solver: 2
SingleSolver: Solver Equation string is: mgdynamics
WhitneyAVSolver: 
WhitneyAVSolver: -------------------------------------------------
WhitneyAVSolver: Solving transient AV equations with edge elements
DefaultStart: Starting solver: mgdynamics
MGDynAssembly: Elapsed REAL time:     0.2200 (s)
DefUtils::DefaultDirichletBCs: Setting Dirichlet boundary conditions
EnforceDirichletConditions: No Dirichlet conditions to enforce, exiting!
WhitneyAVSolver: Volume tree edges: 2916 of total: 19979
DefaultSolve: Solving linear system with default routines
SolveSystem: Solving linear system
SolveSystem: Solving linear system with linear restrictions!
SolveWithLinearRestriction: Freeing previous collection matrix structures
SolveWithLinearRestriction: Refactoring requested, creating fully new matrix
SolveWithLinearRestriction: Reverting CollectionMatrix back to CRS matrix
List_ToCRSMatrix: Changing matrix type with number of non-zeros: 650873
SolveWithLinearRestriction: Collection matrix creation time (CPU,REAL):     0.04    0.04 (s)
SolveWithLinearRestriction: Collection matrix increased with 6 rows and 2693 non-zeros
SolveWithLinearRestriction: Now solving the linear system with constraints!
SolveLinearSystem: Assuming real valued linear system
SolveLinearSystem: Assuming serial linear system
ScaleLinearSystem: Creating > DiagScaling < vector of size 22902
SolveLinearSystem: Serial linear System Solver: direct
DirectSolver: Using direct method: umfpack
ComputeChange: WARNING: Possible mismatch in length of vectors (22902 vs. 22896)!
ComputeNorm: Computing norm of solution
ComputeChange: Nonlinear iteration did not converge to tolerance
ComputeChange: NS (ITER=1) (NRM,RELC): ( 0.25417725E-03 0.47717922E-02 ) :: mgdynamics
SolveWithLinearRestriction: Picking solution from collection solution
SolveWithLinearRestriction: Separating Lagrange multiplier from collection solution
SolveWithLinearRestriction: All done
WhitneyAVSolver: Calculating lumped parameters
DefaultFinish: Finished solver: mgdynamics
WhitneyAVSolver: All done
WhitneyAVSolver: -------------------------------------------
SingleSolver: Attempting to call solver: 3
SingleSolver: Solver Equation string is: mgdynamicscalc
MagnetoDynamicsCalcFields: ------------------------------
MagnetoDynamicsCalcFields: Computing postprocessed fields
MagnetoDynamicsCalcFields: Using potential variable: magnetic vector potential
MagnetoDynamicsCalcFields: Number of components to compute: 12
MagnetoDynamicsCalcFields: Solving for field: magnetic flux density[magnetic flux density:3]
DefaultSolve: Solving linear system with default routines
SolveSystem: Solving linear system
SolveLinearSystem: Assuming real valued linear system
SolveLinearSystem: Assuming serial linear system
ScaleLinearSystem: Creating > DiagScaling < vector of size 2917
SolveLinearSystem: Linear System Preconditioning: ilu0
Prec0-ilu0: Elapsed REAL time:     0.0000 (s)
SolveLinearSystem: Serial linear System Solver: iterative
IterSolver: Using iterative method: cg
Prec-ilu0: Elapsed REAL time:     0.0000 (s)
ComputeNorm: Computing norm of solution
ComputeChange: NS (ITER=1) (NRM,RELC): (  7.2633879      1.6151470     ) :: mgdynamicscalc
DefaultSolve: Solving linear system with default routines
SolveSystem: Solving linear system
SolveLinearSystem: Assuming real valued linear system
SolveLinearSystem: Assuming serial linear system
ScaleLinearSystem: Creating > DiagScaling < vector of size 2917
SolveLinearSystem: Linear System Preconditioning: ilu0
Prec0-ilu0: Elapsed REAL time:     0.0000 (s)
SolveLinearSystem: Serial linear System Solver: iterative
IterSolver: Using iterative method: cg
Prec-ilu0: Elapsed REAL time:     0.0000 (s)
ComputeNorm: Computing norm of solution
ComputeChange: NS (ITER=2) (NRM,RELC): (  7.8048524     0.71868312E-01 ) :: mgdynamicscalc
DefaultSolve: Solving linear system with default routines
SolveSystem: Solving linear system
SolveLinearSystem: Assuming real valued linear system
SolveLinearSystem: Assuming serial linear system
ScaleLinearSystem: Creating > DiagScaling < vector of size 2917
SolveLinearSystem: Linear System Preconditioning: ilu0
Prec0-ilu0: Elapsed REAL time:     0.0000 (s)
SolveLinearSystem: Serial linear System Solver: iterative
IterSolver: Using iterative method: cg
Prec-ilu0: Elapsed REAL time:     0.0000 (s)
ComputeNorm: Computing norm of solution
ComputeChange: NS (ITER=3) (NRM,RELC): (  18.141416     0.79676688     ) :: mgdynamicscalc
MagnetoDynamicsCalcFields: Solving for field: magnetic field strength[magnetic field strength:3]
DefaultSolve: Solving linear system with default routines
SolveSystem: Solving linear system
SolveLinearSystem: Assuming real valued linear system
SolveLinearSystem: Assuming serial linear system
ScaleLinearSystem: Creating > DiagScaling < vector of size 2917
SolveLinearSystem: Linear System Preconditioning: ilu0
Prec0-ilu0: Elapsed REAL time:     0.0000 (s)
SolveLinearSystem: Serial linear System Solver: iterative
IterSolver: Using iterative method: cg
Prec-ilu0: Elapsed REAL time:     0.0000 (s)
ComputeNorm: Computing norm of solution
ComputeChange: NS (ITER=4) (NRM,RELC): (  5780023.1      1.9999874     ) :: mgdynamicscalc
DefaultSolve: Solving linear system with default routines
SolveSystem: Solving linear system
SolveLinearSystem: Assuming real valued linear system
SolveLinearSystem: Assuming serial linear system
ScaleLinearSystem: Creating > DiagScaling < vector of size 2917
SolveLinearSystem: Linear System Preconditioning: ilu0
Prec0-ilu0: Elapsed REAL time:     0.0000 (s)
SolveLinearSystem: Serial linear System Solver: iterative
IterSolver: Using iterative method: cg
Prec-ilu0: Elapsed REAL time:     0.0000 (s)
ComputeNorm: Computing norm of solution
ComputeChange: NS (ITER=5) (NRM,RELC): (  6210902.4     0.71867562E-01 ) :: mgdynamicscalc
DefaultSolve: Solving linear system with default routines
SolveSystem: Solving linear system
SolveLinearSystem: Assuming real valued linear system
SolveLinearSystem: Assuming serial linear system
ScaleLinearSystem: Creating > DiagScaling < vector of size 2917
SolveLinearSystem: Linear System Preconditioning: ilu0
Prec0-ilu0: Elapsed REAL time:     0.0000 (s)
SolveLinearSystem: Serial linear System Solver: iterative
IterSolver: Using iterative method: cg
Prec-ilu0: Elapsed REAL time:     0.0000 (s)
ComputeNorm: Computing norm of solution
ComputeChange: NS (ITER=6) (NRM,RELC): (  14428733.     0.79631547     ) :: mgdynamicscalc
MagnetoDynamicsCalcFields: Solving for field: magnetic vector potential
DefaultSolve: Solving linear system with default routines
SolveSystem: Solving linear system
SolveLinearSystem: Assuming real valued linear system
SolveLinearSystem: Assuming serial linear system
ScaleLinearSystem: Creating > DiagScaling < vector of size 2917
SolveLinearSystem: Linear System Preconditioning: ilu0
Prec0-ilu0: Elapsed REAL time:     0.0000 (s)
SolveLinearSystem: Serial linear System Solver: iterative
IterSolver: Using iterative method: cg
Prec-ilu0: Elapsed REAL time:     0.0000 (s)
ComputeNorm: Computing norm of solution
ComputeChange: NS (ITER=7) (NRM,RELC): ( 0.40155597E-01  2.0000000     ) :: mgdynamicscalc
DefaultSolve: Solving linear system with default routines
SolveSystem: Solving linear system
SolveLinearSystem: Assuming real valued linear system
SolveLinearSystem: Assuming serial linear system
ScaleLinearSystem: Creating > DiagScaling < vector of size 2917
SolveLinearSystem: Linear System Preconditioning: ilu0
Prec0-ilu0: Elapsed REAL time:     0.0000 (s)
SolveLinearSystem: Serial linear System Solver: iterative
IterSolver: Using iterative method: cg
Prec-ilu0: Elapsed REAL time:     0.0000 (s)
ComputeNorm: Computing norm of solution
ComputeChange: NS (ITER=8) (NRM,RELC): ( 0.39966006E-01 0.47325763E-02 ) :: mgdynamicscalc
DefaultSolve: Solving linear system with default routines
SolveSystem: Solving linear system
SolveLinearSystem: Assuming real valued linear system
SolveLinearSystem: Assuming serial linear system
ScaleLinearSystem: Creating > DiagScaling < vector of size 2917
SolveLinearSystem: Linear System Preconditioning: ilu0
Prec0-ilu0: Elapsed REAL time:     0.0000 (s)
SolveLinearSystem: Serial linear System Solver: iterative
IterSolver: Using iterative method: cg
Prec-ilu0: Elapsed REAL time:     0.0000 (s)
ComputeNorm: Computing norm of solution
ComputeChange: NS (ITER=9) (NRM,RELC): ( 0.24078595E-01 0.49613585     ) :: mgdynamicscalc
MagnetoDynamicsCalcFields: Solving for field: current density[current density:3]
DefaultSolve: Solving linear system with default routines
SolveSystem: Solving linear system
SolveLinearSystem: Assuming real valued linear system
SolveLinearSystem: Assuming serial linear system
ScaleLinearSystem: Creating > DiagScaling < vector of size 2917
SolveLinearSystem: Linear System Preconditioning: ilu0
Prec0-ilu0: Elapsed REAL time:     0.0000 (s)
SolveLinearSystem: Serial linear System Solver: iterative
IterSolver: Using iterative method: cg
Prec-ilu0: Elapsed REAL time:     0.0000 (s)
ComputeNorm: Computing norm of solution
ComputeChange: NS (ITER=10) (NRM,RELC): (  43.933527      1.9978089     ) :: mgdynamicscalc
DefaultSolve: Solving linear system with default routines
SolveSystem: Solving linear system
SolveLinearSystem: Assuming real valued linear system
SolveLinearSystem: Assuming serial linear system
ScaleLinearSystem: Creating > DiagScaling < vector of size 2917
SolveLinearSystem: Linear System Preconditioning: ilu0
Prec0-ilu0: Elapsed REAL time:     0.0000 (s)
SolveLinearSystem: Serial linear System Solver: iterative
IterSolver: Using iterative method: cg
Prec-ilu0: Elapsed REAL time:     0.0000 (s)
ComputeNorm: Computing norm of solution
ComputeChange: NS (ITER=11) (NRM,RELC): (  50.931319     0.14753183     ) :: mgdynamicscalc
DefaultSolve: Solving linear system with default routines
SolveSystem: Solving linear system
SolveLinearSystem: Assuming real valued linear system
SolveLinearSystem: Assuming serial linear system
ScaleLinearSystem: Creating > DiagScaling < vector of size 2917
SolveLinearSystem: Linear System Preconditioning: ilu0
Prec0-ilu0: Elapsed REAL time:     0.0000 (s)
SolveLinearSystem: Serial linear System Solver: iterative
IterSolver: Using iterative method: cg
Prec-ilu0: Elapsed REAL time:     0.0000 (s)
ComputeNorm: Computing norm of solution
ComputeChange: NS (ITER=12) (NRM,RELC): ( 0.78282658      1.9394497     ) :: mgdynamicscalc
MagnetoDynamicsCalcFields: Eddy current power:    6.733383E-07
MagnetoDynamicsCalcFields: ElectroMagnetic Field Energy:    4.258301E+05
SingleSolver: Attempting to call solver: 4
SingleSolver: Solver Equation string is: resultoutput
ResultOutputSolver: -------------------------------------
ResultOutputSolver: Dimension of mesh is: 3
ResultOutputSolver: Working on mesh 1: mesh with 2917 nodes
ResultOutputSolver: Saving in unstructured VTK XML (.vtu) format
VtuOutputSolver: Full filename base is: results/case
GenerateSaveMask: Number of active elements 18743 out of 18743
GenerateSaveMask: Number of geometry nodes 2917 out of 2917
VtuOutputSolver: Writing the vtu file: results/case_t0030.vtu
AscBinWriteInit: Initializing buffered ascii/binary writing
AscBinWriteInit: Writing in binary
AscBinWriteInit: Writing in double precision
AscBinWriteInit: Writing to unit number: 58
AscBinWriteInit: Size of buffer is: 2917
WriteVtuFile: Writing nodal fields
WriteVtuFile: Saving 1-component variable: meshrelax
WriteVtuFile: Saving 1-component variable: magnetic vector potential
WriteVtuFile: Saving 1-component variable: alpha
WriteVtuFile: Saving 1-component variable: beta
WriteVtuFile: Saving 1-component variable: w
WriteVtuFile: Saving 1-component variable: alpha direction
WriteVtuFile: Saving 1-component variable: beta direction
WriteVtuFile: Saving 1-component variable: w potential
WriteVtuFile: Saving 3-component variable: magnetic flux density
WriteVtuFile: Saving 3-component variable: magnetic field strength
WriteVtuFile: Saving 3-component variable: current density
WriteVtuFile: Saving 3-component variable: magnetic flux density e
WriteVtuFile: Saving 3-component variable: magnetic field strength e
WriteVtuFile: Saving 3-component variable: current density e
WriteVtuFile: Saving 3-component variable: w vector e
WriteVtuFile: Number of nodal fields written: 8
WriteVtuFile: Writing elemental fields
WriteVtuFile: Number of elemental fields written: 7
WriteVtuFile: Writing coordinates for each used node
WriteVtuFile: Writing the elemental connectivity data
WriteVtuFile: Writing nodal fields
WriteVtuFile: Saving 1-component variable: meshrelax
WriteVtuFile: Saving 1-component variable: magnetic vector potential
WriteVtuFile: Saving 1-component variable: alpha
WriteVtuFile: Saving 1-component variable: beta
WriteVtuFile: Saving 1-component variable: w
WriteVtuFile: Saving 1-component variable: alpha direction
WriteVtuFile: Saving 1-component variable: beta direction
WriteVtuFile: Saving 1-component variable: w potential
WriteVtuFile: Saving 3-component variable: magnetic flux density
WriteVtuFile: Saving 3-component variable: magnetic field strength
WriteVtuFile: Saving 3-component variable: current density
WriteVtuFile: Saving 3-component variable: magnetic flux density e
WriteVtuFile: Saving 3-component variable: magnetic field strength e
WriteVtuFile: Saving 3-component variable: current density e
WriteVtuFile: Saving 3-component variable: w vector e
WriteVtuFile: Writing elemental fields
AscBinWriteFree: Terminating buffered ascii/binary writing
VtuOutputSolver: All done for now
ResultOutputSolver: -------------------------------------
SingleSolver: Attempting to call solver: 11
SingleSolver: Solver Equation string is: savescalars
SaveScalars: -----------------------------------------
SaveScalars: Saving scalar values of various kinds
SaveScalars: Performed 2 reduction operations
SaveScalars: Found 13 result scalars in simulation section
SaveScalars: Saving results from component - if any
SaveScalars: Found 17 values to save in total
SaveScalars: Saving values to file: results/circuit.csv
SaveScalars: -----------------------------------------
ReloadInputFile: Reloading input file
LoadInputFile: Loading input file:
MAIN: Reporting unused list entries for sif improvement!
MAIN: If you do not want these lines undefine > DEVEL_LISTUSAGE < !
   Unused keywords:
       Simulation            max output level
       Equation 1            mesh update
       Body Force 3          testsource
       Body Force 3          circuit current variable id
       Body Force 3          stranded coil n_j
       Boundary Condition 1  magnetic vector potential 1
       Boundary Condition 1  magnetic vector potential 2
       Boundary Condition 1  magnetic vector potential 3
       Boundary Condition 3  coil start
       Boundary Condition 4  coil end
       Solver 2              calculate current density
       Solver 2              calculate magnetic flux density
       Solver 2              calculate magnetic field strength
       Solver 2              linear system convergence tolerance
       Solver 2              linear system max iterations
       Solver 2              steady state convergence tolerance
       Solver 3              steady state convergence tolerance
       Solver 5              linear system abort not converged
       Solver 6              linear system abort not converged
       Solver 8              linear system abort not converged
       Solver 11             output format
       Solver 11             operator 1
       Solver 11             operator 2
MAIN: *** Elmer Solver: ALL DONE ***
ReleaseMeshFaceTables: Releasing number of faces: 33766
Loading user function library: [RigidMeshMapper]...[RigidMeshMapper_Finalize]
Loading user function library: [RigidMeshMapper]...[RigidMeshMapper_Finalize]
Loading user function library: [MagnetoDynamics]...[WhitneyAVSolver_Finalize]
Loading user function library: [MagnetoDynamics]...[WhitneyAVSolver_Finalize]
Loading user function library: [MagnetoDynamics]...[MagnetoDynamicsCalcFields_Finalize]
Loading user function library: [MagnetoDynamics]...[MagnetoDynamicsCalcFields_Finalize]
Loading user function library: [ResultOutputSolve]...[ResultOutputSolver_Finalize]
Loading user function library: [ResultOutputSolve]...[ResultOutputSolver_Finalize]
Loading user function library: [DirectionSolver]...[DirectionSolver_Finalize]
Loading user function library: [DirectionSolver]...[DirectionSolver_Finalize]
Loading user function library: [DirectionSolver]...[DirectionSolver_Finalize]
Loading user function library: [DirectionSolver]...[DirectionSolver_Finalize]
Loading user function library: [CoordinateTransform]...[RotMSolver_Finalize]
Loading user function library: [CoordinateTransform]...[RotMSolver_Finalize]
Loading user function library: [WPotentialSolver]...[Wsolve_Finalize]
Loading user function library: [WPotentialSolver]...[Wsolve_Finalize]
Loading user function library: [CircuitsAndDynamics]...[CircuitsAndDynamics_Finalize]
Loading user function library: [CircuitsAndDynamics]...[CircuitsAndDynamics_Finalize]
Loading user function library: [CircuitsAndDynamics]...[CircuitsOutput_Finalize]
Loading user function library: [CircuitsAndDynamics]...[CircuitsOutput_Finalize]
Loading user function library: [SaveData]...[SaveScalars_Finalize]
Loading user function library: [SaveData]...[SaveScalars_Finalize]
Loading user function library: [DirectionSolver]...[DirectionSolver_Dummy_Finalize]
Loading user function library: [DirectionSolver]...[DirectionSolver_Dummy_Finalize]
Loading user function library: [DirectionSolver]...[DirectionSolver_Dummy_Finalize]
Loading user function library: [DirectionSolver]...[DirectionSolver_Dummy_Finalize]
Loading user function library: [WPotentialSolver]...[Wsolve_Dummy_Finalize]
Loading user function library: [WPotentialSolver]...[Wsolve_Dummy_Finalize]
MAIN: The end
SOLVER TOTAL TIME(CPU,REAL):       227.49      241.81
ELMER SOLVER FINISHED AT: 2026/09/14 14:22:21
