$MeshFormat
2.2 0 8
$EndMeshFormat
$PhysicalNames
5
2 1001 "MagneticInfinity"
2 1002 "MagnetSurface"
3 1 "AirInside"
3 2 "Magnet"
3 3 "Air"
$EndPhysicalNames
$Nodes
2719
1 0.025 -6.123233995736766e-18 0.04
2 0.025 -6.123233995736766e-18 0
3 0.02 -4.898587196589413e-18 0.04
4 0.02 -4.898587196589413e-18 0
5 0.015 -3.673940397442059e-18 0.06
6 0.015 -3.673940397442059e-18 0.03
7 0.08 -1.959434878635765e-17 0.11
8 0.08 -1.959434878635765e-17 -0.08
9 0.02377641290737884 0.00772542485937368 0.04
10 0.02022542485937369 0.01469463130731182 0.04
11 0.01469463130731184 0.02022542485937368 0.04
12 0.007725424859373698 0.02377641290737884 0.04
13 1.818415386831154e-17 0.025 0.04
14 -0.007725424859373668 0.02377641290737885 0.04
15 -0.01469463130731182 0.0202254248593737 0.04
16 -0.02022542485937368 0.01469463130731185 0.04
17 -0.02377641290737884 0.00772542485937371 0.04
18 -0.025 4.747053798287464e-17 0.04
19 -0.02377641290737886 -0.00772542485937362 0.04
20 -0.02022542485937373 -0.01469463130731176 0.04
21 -0.01469463130731189 -0.02022542485937365 0.04
22 -0.007725424859373796 -0.02377641290737881 0.04
23 -1.378191884518214e-16 -0.025 0.04
24 0.007725424859373534 -0.02377641290737889 0.04
25 0.01469463130731172 -0.02022542485937377 0.04
26 0.02022542485937364 -0.01469463130731189 0.04
27 0.02377641290737883 -0.007725424859373733 0.04
28 0.025 -6.123233995736766e-18 0.007999999999999997
29 0.025 -6.123233995736766e-18 0.016
30 0.025 -6.123233995736766e-18 0.024
31 0.025 -6.123233995736766e-18 0.032
32 0.02377641290737884 0.00772542485937368 0
33 0.02022542485937369 0.01469463130731182 0
34 0.01469463130731184 0.02022542485937368 0
35 0.007725424859373698 0.02377641290737884 0
36 1.818415386831154e-17 0.025 0
37 -0.007725424859373668 0.02377641290737885 0
38 -0.01469463130731182 0.0202254248593737 0
39 -0.02022542485937368 0.01469463130731185 0
40 -0.02377641290737884 0.00772542485937371 0
41 -0.025 4.747053798287464e-17 0
42 -0.02377641290737886 -0.00772542485937362 0
43 -0.02022542485937373 -0.01469463130731176 0
44 -0.01469463130731189 -0.02022542485937365 0
45 -0.007725424859373796 -0.02377641290737881 0
46 -1.378191884518214e-16 -0.025 0
47 0.007725424859373534 -0.02377641290737889 0
48 0.01469463130731172 -0.02022542485937377 0
49 0.02022542485937364 -0.01469463130731189 0
50 0.02377641290737883 -0.007725424859373733 0
51 0.01246979603717465 0.01563662964936061 0.04
52 -0.004450418679126343 0.01949855824363646 0.04
53 -0.01801937735804842 0.008677674782351076 0.04
54 -0.01801937735804833 -0.008677674782351272 0.04
55 -0.004450418679126153 -0.0194985582436365 0.04
56 0.01246979603717472 -0.01563662964936055 0.04
57 0.02 -4.898587196589413e-18 0.01999999999999998
58 0.01246979603717465 0.01563662964936061 0
59 -0.004450418679126343 0.01949855824363646 0
60 -0.01801937735804842 0.008677674782351076 0
61 -0.01801937735804833 -0.008677674782351272 0
62 -0.004450418679126153 -0.0194985582436365 0
63 0.01246979603717472 -0.01563662964936055 0
64 0.01448888739433603 0.003882285676537805 0.06
65 0.01299038105676658 0.007499999999999989 0.06
66 0.01060660171779823 0.0106066017177982 0.06
67 0.007500000000000021 0.01299038105676657 0.06
68 0.003882285676537837 0.01448888739433602 0.06
69 3.089450676423974e-17 0.015 0.06
70 -0.00388228567653778 0.01448888739433603 0.06
71 -0.007499999999999968 0.0129903810567666 0.06
72 -0.01060660171779818 0.01060660171779825 0.06
73 -0.01299038105676655 0.007500000000000056 0.06
74 -0.014488887394336 0.003882285676537893 0.06
75 -0.015 1.017570424149851e-16 0.06
76 -0.01448888739433605 -0.003882285676537696 0.06
77 -0.01299038105676665 -0.007499999999999881 0.06
78 -0.01060660171779832 -0.01060660171779811 0.06
79 -0.007500000000000145 -0.01299038105676649 0.06
80 -0.003882285676537964 -0.01448888739433598 0.06
81 -1.359822182531003e-16 -0.015 0.06
82 0.003882285676537714 -0.01448888739433605 0.06
83 0.00749999999999992 -0.01299038105676662 0.06
84 0.01060660171779816 -0.01060660171779826 0.06
85 0.01299038105676656 -0.007500000000000041 0.06
86 0.01448888739433602 -0.003882285676537823 0.06
87 0.015 -3.673940397442059e-18 0.03375000000000001
88 0.015 -3.673940397442059e-18 0.03750000000000002
89 0.015 -3.673940397442059e-18 0.04125000000000004
90 0.015 -3.673940397442059e-18 0.04500000000000005
91 0.015 -3.673940397442059e-18 0.04875000000000004
92 0.015 -3.673940397442059e-18 0.05250000000000003
93 0.015 -3.673940397442059e-18 0.05625000000000001
94 0.01448888739433603 0.003882285676537805 0.03
95 0.01299038105676658 0.007499999999999989 0.03
96 0.01060660171779823 0.0106066017177982 0.03
97 0.007500000000000021 0.01299038105676657 0.03
98 0.003882285676537837 0.01448888739433602 0.03
99 3.089450676423974e-17 0.015 0.03
100 -0.00388228567653778 0.01448888739433603 0.03
101 -0.007499999999999968 0.0129903810567666 0.03
102 -0.01060660171779818 0.01060660171779825 0.03
103 -0.01299038105676655 0.007500000000000056 0.03
104 -0.014488887394336 0.003882285676537893 0.03
105 -0.015 1.017570424149851e-16 0.03
106 -0.01448888739433605 -0.003882285676537696 0.03
107 -0.01299038105676665 -0.007499999999999881 0.03
108 -0.01060660171779832 -0.01060660171779811 0.03
109 -0.007500000000000145 -0.01299038105676649 0.03
110 -0.003882285676537964 -0.01448888739433598 0.03
111 -1.359822182531003e-16 -0.015 0.03
112 0.003882285676537714 -0.01448888739433605 0.03
113 0.00749999999999992 -0.01299038105676662 0.03
114 0.01060660171779816 -0.01060660171779826 0.03
115 0.01299038105676656 -0.007500000000000041 0.03
116 0.01448888739433602 -0.003882285676537823 0.03
117 0.07703338298782395 0.02158374169256197 0.11
118 0.06835355236371907 0.04156671600283473 0.11
119 0.05460425145749227 0.05846687714224998 0.11
120 0.03680520301849206 0.07103081747219007 0.11
121 0.01627648104421054 0.07832672701458586 0.11
122 -0.005459393069173884 0.07981350153524312 0.11
123 -0.02679036897367913 0.07538087376950556 0.11
124 -0.0461344257691896 0.06535759144083519 0.11
125 -0.0620569032563538 0.05048703554608396 0.11
126 -0.07337690412043639 0.03187208718769899 0.11
127 -0.07925487568290651 0.01089333192769931 0.11
128 -0.0792548756829064 -0.01089333192770017 0.11
129 -0.07337690412043604 -0.03187208718769978 0.11
130 -0.06205690325635325 -0.05048703554608464 0.11
131 -0.04613442576918891 -0.06535759144083569 0.11
132 -0.02679036897367831 -0.07538087376950585 0.11
133 -0.00545939306917307 -0.07981350153524318 0.11
134 0.01627648104421115 -0.07832672701458573 0.11
135 0.03680520301849257 -0.07103081747218981 0.11
136 0.05460425145749249 -0.05846687714224977 0.11
137 0.06835355236371919 -0.04156671600283451 0.11
138 0.07703338298782396 -0.02158374169256188 0.11
139 0.08 -1.959434878635765e-17 -0.05888888888888887
140 0.08 -1.959434878635765e-17 -0.03777777777777773
141 0.08 -1.959434878635765e-17 -0.01666666666666657
142 0.08 -1.959434878635765e-17 0.004444444444444556
143 0.08 -1.959434878635765e-17 0.02555555555555565
144 0.08 -1.959434878635765e-17 0.04666666666666673
145 0.08 -1.959434878635765e-17 0.06777777777777781
146 0.08 -1.959434878635765e-17 0.08888888888888892
147 0.07703338298782395 0.02158374169256197 -0.08
148 0.06835355236371907 0.04156671600283473 -0.08
149 0.05460425145749227 0.05846687714224998 -0.08
150 0.03680520301849206 0.07103081747219007 -0.08
151 0.01627648104421054 0.07832672701458586 -0.08
152 -0.005459393069173884 0.07981350153524312 -0.08
153 -0.02679036897367913 0.07538087376950556 -0.08
154 -0.0461344257691896 0.06535759144083519 -0.08
155 -0.0620569032563538 0.05048703554608396 -0.08
156 -0.07337690412043639 0.03187208718769899 -0.08
157 -0.07925487568290651 0.01089333192769931 -0.08
158 -0.0792548756829064 -0.01089333192770017 -0.08
159 -0.07337690412043604 -0.03187208718769978 -0.08
160 -0.06205690325635325 -0.05048703554608464 -0.08
161 -0.04613442576918891 -0.06535759144083569 -0.08
162 -0.02679036897367831 -0.07538087376950585 -0.08
163 -0.00545939306917307 -0.07981350153524318 -0.08
164 0.01627648104421115 -0.07832672701458573 -0.08
165 0.03680520301849257 -0.07103081747218981 -0.08
166 0.05460425145749249 -0.05846687714224977 -0.08
167 0.06835355236371919 -0.04156671600283451 -0.08
168 0.07703338298782396 -0.02158374169256188 -0.08
169 -0.01147322233830406 -0.02221182498526046 0.006270009869095739
170 -0.02468896372833752 0.003931293682852274 0.008533636787318291
171 0.003910861626005614 -0.02469220851487847 0.03323318535978856
172 -0.02227516310470923 -0.01134976249348861 0.03323318535978855
173 -0.01779130725016092 0.01756329656785341 0.0339278416530516
174 0.01134976249348868 0.02227516310470919 0.03323318535978854
175 -0.003287533534339984 0.02478289981540881 0.03161854007753484
176 0.02403999999999984 -0.006861370125565871 0.02
177 0.01134976249348853 -0.02227516310470927 0.006766814640211462
178 0.01767766952966369 0.01767766952966368 0.006766814640211461
179 0.00391086162600579 0.02469220851487844 0.00676681464021146
180 -0.01218090651369776 0.02183175477382786 0.007226040509841981
181 -0.01134976249348875 -0.02227516310470916 0.03323318535978857
182 -0.02465700793834724 0.00412697946787736 0.03412136840836812
183 -0.02227516310470923 -0.0113497624934886 0.00676681464021145
184 0.02404 0.006861370125565303 0.02
185 0.01767766952966361 -0.01767766952966377 0.03323318535978573
186 0.02209588102645434 0.0116949579590854 0.03246133524862502
187 0.02209541240520002 -0.0116958433062406 0.0075259762640231
188 0.02403999999999899 0.006861370125568846 0.012
189 0.02124458691236362 0.01317829757301862 0.01766604109768195
190 0.0212574715500411 0.01315750368797947 0.02392296332660273
191 0.01691210363281658 0.01841142989321775 0.01995511022779858
192 0.01689983059556199 0.01842269594389775 0.0278252182291642
193 0.01133926639832127 0.02228050801817369 0.02455252122503691
194 0.01134767278636831 0.02227622774020584 0.01571808626300224
195 0.004913985716442055 0.02451229781922951 0.01994016992323164
196 0.004897902038959948 0.02451551662961138 0.02777213207162399
197 -0.002744978106145121 0.02484884494693433 0.02443821600472258
198 -0.009281401812396346 0.02321326302777888 0.02651080847728515
199 -0.008201000532244648 0.02361659565369495 0.01923481129381158
200 -0.01466257795929776 0.02024867421802019 0.02216715607614169
201 -0.0137547482647292 0.02087598860351119 0.01483639930708732
202 -0.01922520350939216 0.01598097462680094 0.01708816747898589
203 -0.01847425778920092 0.01684344973982911 0.01088062177417447
204 -0.02250266046229998 0.01089175248150826 0.01249708575405507
205 -0.02296771077545508 0.009873411858878599 0.02023871827940343
206 -0.02468336278252274 0.003966308327194345 0.01540687051905546
207 -0.02483618178888845 0.002857284401190374 0.02314828717817575
208 -0.02478209952945183 -0.003293560825663259 0.01831653852347152
209 -0.02463548685474134 -0.004253561734578053 0.02655247683141846
210 -0.02281092990796748 -0.0102304191866118 0.02175946709864292
211 0.02403999999999715 -0.006861370125575309 0.028
212 0.02125175510629727 -0.01316673478513058 0.02399999999999162
213 0.02125015724614173 -0.01316931346024728 0.01605332968722385
214 0.01688473659498112 -0.01843653085908803 0.02002925238967587
215 0.01687782945306912 -0.01844285425179933 0.01213984392432043
216 0.01127743407399233 -0.02231186860634396 0.01609255786647712
217 0.004691563707027623 -0.02455583902013737 0.0124037096826845
218 0.004389591326032781 -0.02461161286853053 0.01928681948239797
219 -0.002279039206824749 -0.02489590288167424 0.01570185367775469
220 -0.002658578537646283 -0.02485823726974957 0.02269553947951925
221 -0.008963165658117844 -0.02333798751788888 0.01831376908817002
222 0.0112830822799814 -0.02230901284824521 0.02395094910916646
223 -0.01768638143927932 -0.01766895332452706 0.006716850916925209
224 -0.02022542485937478 -0.01469463130731032 0.01353362928042392
225 -0.01767766952966368 -0.01767766952966369 0.03323318535978859
226 -0.01469463130731189 -0.02022542485937365 0.02646637071957715
227 0.01133190018048649 -0.02228425539028599 0.0313152102397047
228 -0.02223470205458587 0.01142882428527952 0.03336072943251991
229 -0.01998686223023566 0.01501750106341196 0.02524684794941286
230 -0.003909915970860463 0.02469235827337701 0.006530726879931803
231 5.660176148963346e-05 0.02499993592472981 0.01280234945665445
232 -0.003680539420366067 -0.0247275884302358 0.007402662756891228
233 0.0113535746845741 0.0222732202853965 0.008625707760247486
234 -0.02469220851487845 -0.003910861626005747 0.006766814640211428
235 -0.004107603535013506 -0.02466024316991105 0.03398732346373087
236 -0.01433776183595591 -0.02047995570150009 0.01469960496543815
237 -0.02004557414255144 -0.01493904137806283 0.0268692512077439
238 -0.0177982240995137 -0.01755628716168341 0.02034695358367299
239 -0.02467553239022767 -0.004014735515426316 0.03197218639034122
240 0.0241048478099237 0.006629955660516636 0.02758748145133995
241 0.02410484780992074 -0.006629955660527422 0.0124125185486462
242 0.02217096399159452 0.01155198492396086 0.005222513693756536
243 0.02206621248999488 -0.01175084109101957 0.03212180286857758
244 -0.02357782678914088 -0.008311803889726382 0.01375136642105725
245 -0.01129638075391031 0.02230228198778512 0.03344110274430611
246 -0.008429134185015754 -0.02353613598046627 0.02572808659575292
247 0.004806330704939978 -0.02453363375357901 0.0257877624877003
248 -0.02356763384433231 0.008340661543275949 0.02627102794021143
249 -0.02227516310470919 0.01134976249348869 0.005633610883572198
250 -0.007700289362735208 0.02378456524156258 0.01347436248950654
251 0.00391086162600579 0.02469220851487844 0.03448410585766173
252 0.01767766952966369 0.01767766952966368 0.0345069025182074
253 0.01767766952966362 -0.01767766952966376 0.005476601430823637
254 0.01655936585007328 0.01872931933209071 0.01382610584501986
255 0.01648961660248907 -0.01879075688478027 0.02586090051108537
256 -0.007966405736486364 -0.02369675884254379 0.01253158202782021
257 0.003910861626005636 -0.02469220851487847 0.005043318801338782
258 0.006272903463231891 0.0242002207043856 0.01267487151486538
259 -0.01465445355876138 0.02025455481846259 0.02841532925363214
260 -0.02494207319820363 -0.001700877589790636 0.01264074382882589
261 0.02429508045497076 0.005894833813306194 0.005886469785547547
262 0.02425532907020811 -0.006056319979650812 0.03354226337573281
263 0.02435136374331314 0.005657833847052623 0.03424448989174379
264 0.02435136374331314 -0.005657833847052636 0.005755510108256243
265 -0.0009419371115645649 -0.02498224878744621 0.02814297796216751
266 -0.02297743197376992 -0.009850767477246423 0.0275802134187352
267 -0.02497755911411611 0.001059028186988136 0.02835131854054406
268 -0.01779768992174728 0.01755682868428508 0.0048599030053373
269 -0.01335204299060759 -0.0211358214407902 0.02106358424074094
270 -0.002836445495194021 0.02483857034840761 0.01834303964455606
271 0.02036911341048099 0.01449479971820803 0.01120246300307058
272 -0.002803054923734271 -0.017697792270444 0.04
273 0.002803054923734184 0.01769779227044399 0.04
274 -0.01817770504901593 0.002961832465794663 0.04
275 0.01792750125940969 -0.002664446001801007 0.04
276 -0.01180889975131055 0.01175433181753592 0.04
277 0.01267022036416995 -0.01267022036417005 0.04
278 -0.01267022036417007 -0.01267022036417 0.04
279 0.01317778257993506 0.0126049202118343 0.04
280 0.009017475561656881 -0.01769779227044401 0.04
281 0.004662877681850816 -0.01238522687850702 0.04
282 0.01098736290854455 -0.004878237742107632 0.04
283 0.002675802629899932 -0.004002045606632559 0.04
284 0.006473475374340801 0.00168882140128161 0.04
285 -0.000158239713445903 0.003401427140169585 0.04
286 -0.004830059310393455 -0.002189783146885962 0.04
287 -0.00736429611345696 0.004836606397028312 0.04
288 -0.002914332909896289 0.01196552071718052 0.04
289 -0.004533885539702945 -0.01050391874854688 0.04
290 0.005989209997280779 0.009921556498000266 0.04
291 -0.007880620543314265 0.01753302583444567 0.04
292 -0.01183327279571726 7.719905464050668e-05 0.04
293 -0.01767247788483262 -0.003559157587857281 0.04
294 -0.01064808848275089 -0.006656886864463385 0.04
295 -0.01755459253373436 0.008809221264149533 0.04
296 0.01960621444908965 0.003321279145424269 0.04
297 0.01711738445977533 -0.008526592054952865 0.04
298 0.008878020733527113 0.01684522134940622 0.04
299 -0.008485443398858592 -0.01697475382998267 0.04
300 0.003720544635829364 -0.01931144486535478 0.04
301 0.01795809621447226 0.00868226116027228 0.04
302 0.01343016222492012 0.00431704235398272 0.04
303 -0.01736384590094216 -0.009595852245345727 0.04
304 -0.01334775324864701 0.005687838199829787 0.04
305 -0.002710656128011146 0.01956135288868305 0.04
306 -0.002803054923734271 -0.017697792270444 0
307 0.002803054923734184 0.01769779227044399 0
308 -0.01817770504901593 0.002961832465794663 0
309 0.01792750125940969 -0.002664446001801007 0
310 -0.01180889975131055 0.01175433181753592 0
311 0.01267022036416995 -0.01267022036417005 0
312 -0.01267022036417007 -0.01267022036417 0
313 0.01317778257993506 0.0126049202118343 0
314 0.009017475561656881 -0.01769779227044401 0
315 0.004662877681850816 -0.01238522687850702 0
316 0.01098736290854455 -0.004878237742107632 0
317 0.002675802629899932 -0.004002045606632559 0
318 0.006473475374340801 0.00168882140128161 0
319 -0.000158239713445903 0.003401427140169585 0
320 -0.004830059310393455 -0.002189783146885962 0
321 -0.00736429611345696 0.004836606397028312 0
322 -0.002914332909896289 0.01196552071718052 0
323 -0.004533885539702945 -0.01050391874854688 0
324 0.005989209997280779 0.009921556498000266 0
325 -0.007880620543314265 0.01753302583444567 0
326 -0.01183327279571726 7.719905464050668e-05 0
327 -0.01767247788483262 -0.003559157587857281 0
328 -0.01064808848275089 -0.006656886864463385 0
329 -0.01755459253373436 0.008809221264149533 0
330 0.01960621444908965 0.003321279145424269 0
331 0.01711738445977533 -0.008526592054952865 0
332 0.008878020733527113 0.01684522134940622 0
333 -0.008485443398858592 -0.01697475382998267 0
334 0.003720544635829364 -0.01931144486535478 0
335 0.01795809621447226 0.00868226116027228 0
336 0.01343016222492012 0.00431704235398272 0
337 -0.01736384590094216 -0.009595852245345727 0
338 -0.01334775324864701 0.005687838199829787 0
339 -0.002710656128011146 0.01956135288868305 0
340 0.004450418679126388 -0.01949855824363645 0.02510089758290866
341 -0.02 -1.130139009627216e-16 0.02510089758290859
342 0.00445041867912625 0.01949855824363648 0.02510089758290858
343 -0.01246979603717456 -0.01563662964936068 0.01489910241709036
344 -0.01246979603717473 0.01563662964936055 0.01489910241709041
345 -0.01246979603717456 -0.01563662964936068 0.02923512838383575
346 -0.01246979603717473 0.01563662964936055 0.02923512838383579
347 0.004450418679126388 -0.01949855824363645 0.01076487161616372
348 -0.02 -1.130139009627216e-16 0.01076487161616364
349 0.00445041867912625 0.01949855824363648 0.01076487161616364
350 0.01628259829595667 0.01161365544230192 0.02679673358981449
351 0.01585039866975566 0.01219692018543238 0.01308132527020092
352 0.01628259829590034 -0.01161365544238089 0.02679673358978395
353 0.01591645538395466 -0.01211059238892056 0.01289481698336408
354 1.734723475976807e-17 -2.676430505792788e-17 0.04
355 1.734723475976807e-17 -2.676430505792788e-17 0
356 -0.01377983284253766 -0.005925892914297425 0.05619880925674555
357 -0.01368421907221425 0.006143463875017721 0.05600191813129608
358 -0.00558709546242818 0.01392064525421557 0.03336499508964366
359 -0.0056028686152804 -0.01391430426862608 0.03320032237936026
360 0.005740251485476368 0.01385819298766929 0.05661125896708911
361 0.005675719920096848 -0.01388474714889024 0.05666964768350316
362 -0.01488176547344232 0.001879642623867663 0.03309926867801807
363 0.009131421435130828 0.01190030010436851 0.03338874103291088
364 0.009131421435130745 -0.01190030010436858 0.0333887410329109
365 -0.005624666176666711 0.01390550719682894 0.05655043270760626
366 -0.005591613026246269 -0.01391883126432363 0.05654813056430742
367 0.01464843749997089 -0.003228510308090471 0.04687500000000004
368 0.01464841626453789 0.003228606656256197 0.04687371242087879
369 -0.01385819298766935 -0.005740251485476228 0.0333887410329109
370 -0.01200308047657703 0.008995891232824871 0.03334222100402661
371 0.002032258726364254 0.01486169318984605 0.03309852446543382
372 0.002035972890192842 -0.01486118482458245 0.03333861701580663
373 0.01187118708351 0.009169237548908053 0.05611791997027613
374 0.01190030010436849 -0.009131421435130856 0.05661125896708899
375 0.01464843749999828 -0.003228510307966208 0.03937500000000003
376 0.01464843749999995 0.003228510307958624 0.03937500000000003
377 0.0146484375 0.003228510307958401 0.05437500000000002
378 0.0146484375 -0.003228510307958428 0.05437500000000002
379 0.01382223126357451 0.005826312976167991 0.03374833104760755
380 0.01382685425438176 -0.005815333303266893 0.03374732066524974
381 0.01464860958698449 0.003227729413706506 0.05062362313361513
382 0.01359785376445293 0.006332327613172995 0.04875000645250552
383 0.01360015577514142 0.006327381993517333 0.04495868090327175
384 0.0118833747349818 0.009153436781231193 0.04684961874435965
385 0.01188715416980989 0.009148528064293808 0.04302377982005407
386 0.00957039015991734 0.01155022217045877 0.04493133415687982
387 0.009569410599694001 0.0115510337534986 0.04878444216224484
388 0.006766425748006739 0.0133871387008842 0.04685678861779014
389 0.006771366711193562 0.01338464018427614 0.04298576329782489
390 0.003618776349364736 0.01455693847391265 0.04491649931330442
391 0.003615450842805858 0.01455776477359263 0.04879832226203208
392 0.0002760289381817728 0.01499746005246509 0.04686118355853383
393 0.0002817330087600752 0.01499735398367909 0.04296234882721135
394 -0.003084503591866211 0.01467943587443892 0.04490252871844823
395 0.0002728493437304747 0.01499751823588242 0.05075003346029759
396 -0.003076044844208805 0.01468121071698163 0.04100112708728436
397 -0.006289921830053723 0.01361752119043013 0.04294438547361773
398 -0.006296239841823145 0.01361460112725448 0.04685488898172444
399 -0.009185192640794641 0.01185884632464271 0.04489090928350966
400 -0.009190963553237067 0.01185437425438677 0.04879782277588158
401 -0.01161322847374146 0.009493836127545105 0.04683842600194346
402 -0.01160855660304699 0.009499548073137692 0.04292776022121136
403 -0.01344592615875422 0.006648839728353295 0.0448763175174009
404 -0.01344247303074295 0.006655818418327554 0.04096397099478079
405 -0.01459439757327177 0.003464615342758697 0.042913442946133
406 -0.01459613865850266 0.00345727295158544 0.04682655770915813
407 -0.01499969514600916 9.56322476431527e-05 0.04486350586483154
408 -0.0149997407917608 8.818265128108457e-05 0.04877876777851577
409 -0.01463721741686584 -0.00327900385656973 0.04681414672139909
410 -0.0146388932283614 -0.003271514182857058 0.04289933228886605
411 -0.01352852915132424 -0.006479112516523411 0.04485013506079109
412 -0.0135252848187702 -0.006485882404973454 0.0487661666758993
413 -0.01172534990928035 -0.009355007723403511 0.04680158751645618
414 -0.01173010361295397 -0.009349046434228691 0.04288587426868597
415 -0.009327579867995185 -0.01174718067479048 0.04483714529253831
416 -0.01172062332216568 -0.009360928850274742 0.05071707103208872
417 -0.009333578673662284 -0.01174241496211731 0.04092150715952542
418 -0.006454134615288718 -0.01354046329959695 0.04287258329464153
419 -0.006447235753918617 -0.01354374952269103 0.04678829788237838
420 -0.003244055747808451 -0.01464500263930024 0.04482373479877486
421 -0.003236592441974695 -0.01464665386238619 0.04873954391724988
422 0.0001322800502741831 -0.01499941672160286 0.04677494845095503
423 0.0001245961471396804 -0.01499948251774433 0.04285927083506697
424 0.003494401651703009 -0.01458729437204087 0.04481049754194951
425 0.003482127355551505 -0.01459022923328211 0.04090330664444529
426 0.006661433271773719 -0.01343969146839711 0.04284607058373231
427 0.006670422524391313 -0.01343523216569379 0.04673352194182025
428 0.009488060426916009 -0.01161794772475717 0.04480012211008551
429 0.0094956241544606 -0.01161176652870804 0.04865303186391529
430 0.000131708006332663 -0.01499942175555671 0.05017198046040552
431 0.009478363345753745 -0.01162586032454682 0.04091330219090902
432 0.0118202137088258 -0.009234855054503372 0.04289662545987548
433 -0.01161737957903657 0.009488756067925029 0.05075196661680792
434 0.01181328055934629 -0.009243722325241658 0.03897948792006955
435 -0.0117349501840725 -0.009342962280633303 0.03897045645718161
436 0.000113932610965068 -0.01499956730576448 0.03945656626741093
437 -0.01459769971840066 0.003450675720986435 0.05074099747811082
438 -0.01499978157490323 8.094878129780473e-05 0.05269253195318737
439 -0.006440377598857414 -0.01354701208326528 0.05070371507735763
440 0.006685383582907596 -0.01342779380052395 0.05060941915109674
441 -0.006301045612808831 0.01361237760956191 0.05075744768270031
442 0.0002835330065422834 0.01499732006173773 0.03977006965514852
443 -0.006282082182881415 0.01362113957962123 0.0390389334392349
444 -0.01160276350775617 0.009506622901066478 0.03901491620678339
445 -0.01459072712759758 0.003480040500912022 0.03978273700416893
446 -0.006461086601793635 -0.01353714740719487 0.03895707386445382
447 0.009514358769081311 -0.01159642087944403 0.05253362652486189
448 0.0118480985511303 -0.009199052164364766 0.05057250657844232
449 0.003621726898394098 0.01455620466582717 0.05269717608205292
450 0.000272264013232204 0.01499752887335439 0.05371428342709381
451 -0.01352204439103617 -0.006492635480823417 0.05268057836595974
452 -0.01172334270376946 -0.009357522954819576 0.05389430253312237
453 0.01182790703354466 -0.009224999469150381 0.04668325071767961
454 0.0135594252032537 -0.006414202067082726 0.04488423260948846
455 0.003480025209217154 -0.01459073077481773 0.03699509601313695
456 0.006653805856764835 -0.01344346932977057 0.0389473475864975
457 -0.003258675902116182 -0.01464175643032513 0.04106148741499383
458 -0.009321656913776032 -0.01175188122735469 0.04875241108237185
459 -0.01353146240938299 -0.006472984247119344 0.04093647411029056
460 -0.01464023490319294 -0.003265504858261751 0.03898410424084236
461 -0.01499981977390944 7.353060747338901e-05 0.04173584095277844
462 -0.01463578595262775 -0.003285387275324509 0.05072741972582315
463 -0.009316498354846972 -0.01175597118081418 0.05266607703076712
464 -0.01344910402823025 0.006642409264554596 0.04878960898970548
465 -0.009179380679560582 0.01186334566383825 0.04098081736120333
466 -0.003086534375868966 0.01467900901105314 0.04879889602566166
467 -0.003090930285733363 0.01467808400196484 0.05270020212135493
468 0.003643834598758042 0.01455068621807555 0.04182521598339452
469 0.006792894095969797 0.01337372759558601 0.03909734387003284
470 0.0067689008290551 0.01338588740302327 0.05074220944883494
471 0.009588440402979166 0.01153524211442988 0.05192512227307983
472 0.01464833631290212 0.003228969381104937 0.0431233951761203
473 0.009577810348798428 0.01154406985956208 0.04106383737600532
474 0.01190873437192769 0.009120419160261656 0.03915953163047247
475 0.01464809485979212 -0.003230064547115383 0.05062353457016802
476 0.01360220115524329 -0.006322983768150769 0.0515107681986394
477 0.003533563286443709 -0.0145778575415147 0.04808655276459883
478 0.01191082321745853 -0.009117691060923857 0.03337891611906207
479 0.01190030010436854 0.0091314214351308 0.03338874103291087
480 0.009160285207484497 0.01187809643493185 0.05592896027609016
481 0.01246850125174815 0.008338853430487599 0.05286851507496372
482 0.009269430667073931 -0.01179311897287182 0.05574734030906552
483 0.009604403485528873 0.01152195442132804 0.03720350755145219
484 0.005625464276030188 -0.01390518434538385 0.03317036645791658
485 -0.001970929339045685 -0.01486995082508644 0.03340469995667129
486 -0.001957892883300933 -0.01487167292060713 0.05661125896708909
487 0.002015565262140328 -0.01486396638431523 0.05686100735661109
488 0.003882280957443231 -0.01448888865881278 0.05322252216824035
489 0.005672456328646184 0.01388608077175132 0.03317106237899502
490 0.003882285676537859 0.01448888739433601 0.03675693073964501
491 -0.001957892883300751 0.01487167292060716 0.03338874103291087
492 -0.003074207785898279 0.01468159550216264 0.03711129049667819
493 -0.009131421435130778 0.01190030010436855 0.05661125896708911
494 -0.009193815784376915 0.01185216230579644 0.05270331353471659
495 -0.01162527704009637 0.009479078739044647 0.05385371503606693
496 -0.01345534216366262 0.00662976374079522 0.05188404970713552
497 -0.009128386203721223 0.01190262850448219 0.03423681139417881
498 -0.0120086492562809 -0.00898845609877604 0.03352240995113281
499 -0.009219608978215055 -0.01183210929161898 0.03428665103048838
500 -0.00913142143513093 -0.01190030010436843 0.05661125896708888
501 -0.01487568247195998 0.001927192515921178 0.05657851216333142
502 -0.01488373513790024 -0.001863981852066638 0.05658213833878803
503 -0.01385819298766927 0.00574025148547641 0.03338874103291087
504 -0.01488111098334989 -0.001884817206315593 0.03309189831840745
505 -0.015 1.017570424149851e-16 0.03677748206582174
506 -0.003278593695967709 -0.01463730929429179 0.03703001693315126
507 0.01355830343198481 -0.006416572920666361 0.04812365071345534
508 0.01465019920753607 -0.003220506665031089 0.04312500000000004
509 -0.01342479532971733 0.006691402719549898 0.03710504908393984
510 0.01354809704340855 -0.006438094943567108 0.04098744351436194
511 0.01367232256250938 -0.006169894305958313 0.03800570731969589
512 -0.003229147561626048 -0.01464829703498822 0.05265505484817094
513 0.01359525892633647 0.006337896711517826 0.04119596190688742
514 -0.01351169985258634 -0.006514135943747135 0.0371159999663737
515 0.009508732474015378 -0.01160103472702351 0.03713683748659319
516 -0.009118252838370242 0.01191039315789168 0.03718669758228059
517 -0.009379477289087489 -0.01170578514169349 0.03765640142841037
518 0.01363323956773795 0.006255779638755209 0.03828349540159876
519 0.01378845062141001 0.005905813192180904 0.05612578059962591
520 0.01377448116536158 -0.005938322037840236 0.05673354308492468
521 0.01466567766352139 0.003149269545416825 0.03576467499395436
522 0.01468556782453036 -0.003055175554877109 0.03562500000000002
523 -0.002345414045320144 0.01481549975383939 0.05638755127498449
524 0.002510087766915269 0.01478849077500413 0.05645161816239524
525 -5.820500908825169e-10 -0.01499999999999999 0.05397800475772254
526 -0.01450251907035256 0.00383104954471489 0.05397338138514437
527 -0.0145369601923965 -0.00369821421292488 0.05392057570205935
528 0.01390215412737287 0.005632948661116087 0.05249877673452585
529 0.007067242801279653 -0.01323080039860631 0.0537737153420246
530 9.184850993605148e-19 0.015 0.03588805550524638
531 0.007167881711352186 0.01317655007094281 0.05387200919017411
532 -0.01451120186599245 0.003798028489152905 0.03639991844096346
533 -0.01450985079387139 -0.003803186813659027 0.03589828555174486
534 -1.493048945486022e-16 -0.015 0.03582140366513882
535 0.007226775911299638 0.01314434136531227 0.03602659359111639
536 0.01214910672597319 -0.008797681840173176 0.05358386839183202
537 -0.006816377089274627 -0.01336177396069893 0.05352300190410543
538 0.01473208332401827 0.002822360879508998 0.03279021592261772
539 -0.006710763648598866 0.01341512770168976 0.05357102562395699
540 0.01156824777971554 0.009548593786893782 0.04981970980982558
541 -0.01190030010436862 -0.009131421435130693 0.05767026368088476
542 0.007184158367194029 -0.01316768273292898 0.03597066009311716
543 -0.01185420839167864 0.009191177476616137 0.05713692199280507
544 0.01474553088417764 0.002751239528605868 0.0572849957206923
545 0.0147455308841775 -0.002751239528606608 0.05728499572069284
546 -0.007072254352895976 -0.01322812225404437 0.03602134109407111
547 0.0147480696151634 -0.002737597966519937 0.03269999345423036
548 0.01228025948923394 0.008613665124503024 0.03627410510555013
549 -0.01122360904689679 0.009951411958230679 0.03627956266907728
550 -0.006699780171513145 0.01342061644088673 0.03633645860420091
551 0.01232421776555697 -0.008550652400087965 0.03619936299957598
552 -0.01141967846166516 -0.009725787568736056 0.0363790766215682
553 -0.01060660171779821 0.004393398282201847 0.06
554 0.01060660171779819 -0.004393398282201802 0.06
555 -0.004393398282201902 -0.01060660171779817 0.06
556 0.004431897727899956 0.01038607001708762 0.06
557 -0.00435197521055816 0.01072051746706626 0.06
558 -0.01067962457943973 -0.004508292303082716 0.06
559 0.004393398282201717 -0.01060660171779823 0.06
560 0.01089380006029809 0.004644681142782194 0.06
561 0.01221469709802697 -0.001608095380228772 0.06
562 0.008504856324519855 -0.001529956456143393 0.06
563 0.006746421354364695 -0.004632225951412721 0.06
564 0.004581730268302119 -0.00155078663518066 0.06
565 0.002836248475462658 -0.004874158867362663 0.06
566 0.0006676145169042013 -0.001764111655143131 0.06
567 0.002403241294605972 0.001721889573428342 0.06
568 -0.001507902941890557 0.001469813255008823 0.06
569 -0.003239341047152313 -0.002041823356852383 0.06
570 0.0001754341504825378 0.004891361529021223 0.06
571 -0.003475836795304816 0.004544369286506427 0.06
572 0.004248552579376772 0.005550775009374481 0.06
573 0.006314022815809454 0.001680536744985519 0.06
574 -0.0009487971017356207 -0.005184947580437811 0.06
575 -0.004746604599582097 -0.006056423045671264 0.06
576 -0.007257497672410955 -0.00234580995981225 0.06
577 -0.005299776427296407 0.001124478819154362 0.06
578 0.001511346569793398 -0.008613219476648497 0.06
579 -0.009062326649207818 0.001329877988936799 0.06
580 -0.001920239177212855 0.007884306001625742 0.06
581 0.001539133954343718 0.008506085308642632 0.06
582 0.007452248206137707 0.008338813108401762 0.06
583 -0.001076713401715112 0.01148108431856813 0.06
584 0.008874346156381958 -0.007430539912279158 0.06
585 -0.007035273785949395 0.0044058654532184 0.06
586 -0.008927043068746216 0.007418114252901999 0.06
587 -0.01145479123008315 -0.001267182907861585 0.06
588 0.01063738482302199 0.001429847903980915 0.06
589 -0.001847882169864952 -0.008402555295304715 0.06
590 -0.007533325971658754 -0.00871722385110562 0.06
591 -0.001087061377851938 -0.0115648975585145 0.06
592 0.005129259493002348 -0.007573461027787816 0.06
593 -0.005368249398041445 0.007516224786312807 0.06
594 -0.01215620416594769 0.001706457720923937 0.06
595 0.00777294000691124 0.004746421470448113 0.06
596 0.007312616802285602 -0.009920240543382568 0.06
597 -0.007330804488330617 0.009910191817744423 0.06
598 -0.007942604032181765 -0.005576824707767549 0.06
599 -0.01000343675992981 -0.007355156211719083 0.06
600 0.00191135258682045 -0.01216414175396895 0.06
601 0.001951124011786065 0.01212636059075279 0.06
602 0.01008001049860417 0.007161756696949931 0.06
603 -0.01060660171779821 0.004393398282201847 0.03
604 0.01060660171779819 -0.004393398282201802 0.03
605 -0.004393398282201902 -0.01060660171779817 0.03
606 0.004431897727899956 0.01038607001708762 0.03
607 -0.00435197521055816 0.01072051746706626 0.03
608 -0.01067962457943973 -0.004508292303082716 0.03
609 0.004393398282201717 -0.01060660171779823 0.03
610 0.01089380006029809 0.004644681142782194 0.03
611 0.01221469709802697 -0.001608095380228772 0.03
612 0.008504856324519855 -0.001529956456143393 0.03
613 0.006746421354364695 -0.004632225951412721 0.03
614 0.004581730268302119 -0.00155078663518066 0.03
615 0.002836248475462658 -0.004874158867362663 0.03
616 0.0006676145169042013 -0.001764111655143131 0.03
617 0.002403241294605972 0.001721889573428342 0.03
618 -0.001507902941890557 0.001469813255008823 0.03
619 -0.003239341047152313 -0.002041823356852383 0.03
620 0.0001754341504825378 0.004891361529021223 0.03
621 -0.003475836795304816 0.004544369286506427 0.03
622 0.004248552579376772 0.005550775009374481 0.03
623 0.006314022815809454 0.001680536744985519 0.03
624 -0.0009487971017356207 -0.005184947580437811 0.03
625 -0.004746604599582097 -0.006056423045671264 0.03
626 -0.007257497672410955 -0.00234580995981225 0.03
627 -0.005299776427296407 0.001124478819154362 0.03
628 0.001511346569793398 -0.008613219476648497 0.03
629 -0.009062326649207818 0.001329877988936799 0.03
630 -0.001920239177212855 0.007884306001625742 0.03
631 0.001539133954343718 0.008506085308642632 0.03
632 0.007452248206137707 0.008338813108401762 0.03
633 -0.001076713401715112 0.01148108431856813 0.03
634 0.008874346156381958 -0.007430539912279158 0.03
635 -0.007035273785949395 0.0044058654532184 0.03
636 -0.008927043068746216 0.007418114252901999 0.03
637 -0.01145479123008315 -0.001267182907861585 0.03
638 0.01063738482302199 0.001429847903980915 0.03
639 -0.001847882169864952 -0.008402555295304715 0.03
640 -0.007533325971658754 -0.00871722385110562 0.03
641 -0.001087061377851938 -0.0115648975585145 0.03
642 0.005129259493002348 -0.007573461027787816 0.03
643 -0.005368249398041445 0.007516224786312807 0.03
644 -0.01215620416594769 0.001706457720923937 0.03
645 0.00777294000691124 0.004746421470448113 0.03
646 0.007312616802285602 -0.009920240543382568 0.03
647 -0.007330804488330617 0.009910191817744423 0.03
648 -0.007942604032181765 -0.005576824707767549 0.03
649 -0.01000343675992981 -0.007355156211719083 0.03
650 0.00191135258682045 -0.01216414175396895 0.03
651 0.001951124011786065 0.01212636059075279 0.03
652 0.01008001049860417 0.007161756696949931 0.03
653 0.07790917656677075 -0.01817031113348749 0.01501239468209316
654 0.07791087962962698 0.01816300733187588 0.01500000000000011
655 0.008226288992930306 -0.07957592707222955 0.08959721746062167
656 -0.068323326504061 0.04161637965296206 -0.06022787361121953
657 -0.06835355236371882 -0.04156671600283512 -0.0611469145439479
658 -0.01552935781749079 0.07847827116964502 -0.0605253594300945
659 -0.08 -4.165284670628813e-16 0.09114691454394787
660 -0.01894125152287539 -0.07772534329771193 -0.05883268821702262
661 -0.05522618112498497 0.05787977987475724 0.09047451237499836
662 -0.05460425145749191 -0.05846687714225032 0.0911469145439479
663 0.002777124562523634 0.07995178283918519 0.08919372650451364
664 0.0461344257691893 0.06535759144083542 -0.06114691454388485
665 0.04639601203493404 -0.06517215714746794 -0.06241947887533009
666 0.06269651859825101 0.04969050770176498 0.08578426500866364
667 0.0620569032563537 -0.05048703554608408 0.09114691454394792
668 -0.07999739674267194 0.0006453792648837635 -0.06109037639751312
669 0.0779108796296292 0.01816300733186632 -0.02722222222222215
670 0.07800187355646887 -0.01776816596277291 -0.02620977225389583
671 0.07791087962962964 0.01816300733186445 0.05722222222222227
672 0.07791087962962955 -0.01816300733186483 0.05722222222222227
673 0.07337690412043622 0.03187208718769935 -0.0611469145439479
674 0.07328334857587811 -0.03208661436652898 -0.06203059470246132
675 0.07793698534006872 -0.01805065971375877 -0.005613464057500836
676 0.07171850677768669 -0.03544652007713743 0.004569055377674117
677 0.07173512809253087 -0.03541287050703727 0.0256317727903997
678 0.06161869449343706 -0.05102094167030308 0.01510574523677445
679 0.06171616293205422 -0.05090299827067298 -0.005484566708945302
680 0.04818082342217021 -0.06386398244990407 0.004397054151452917
681 0.0481814704128563 -0.06386349433639732 0.02588816258630301
682 0.03207579092246678 -0.07328808659460416 0.0151527820709725
683 0.03207786214572362 -0.07328718005326683 -0.006420160211983245
684 0.01416414903260216 -0.078736121838596 0.004371303873654198
685 0.0141838229029612 -0.07873258009145537 0.02600862096496229
686 -0.004563613886428303 -0.07986972785915575 0.01520636446274558
687 -0.004384898468821466 -0.07987973876658666 0.03550960015845907
688 -0.02305956789660267 -0.07660454508984418 0.02607032487817294
689 -0.02307744402063927 -0.0765991617282739 0.004362994662508696
690 -0.04032373896062753 -0.0690941102861537 0.01523668229459815
691 -0.04031524254029979 -0.06909906814796277 -0.006548262092861953
692 -0.05536064952272521 -0.05775117734230174 0.004379367904682463
693 -0.05534830366498117 -0.05776300962907865 0.02612633079708113
694 -0.06732657058405629 -0.04321033317842025 0.01527189573044846
695 -0.0673174574914909 -0.04322452911115766 0.03702321408814858
696 -0.07556401618786224 -0.02626936347840377 0.02616781773490387
697 -0.07556978536685764 -0.02625276251382069 0.004405978761652718
698 -0.07961384895645404 -0.007850799598698329 0.01530201533923094
699 -0.07961556044302115 -0.007833424241265562 -0.006465699152914353
700 -0.07923888352801063 0.01100905705473298 0.004432083615616478
701 -0.0792414216145063 0.01099077342647247 0.02620527525990805
702 -0.07446327613648462 0.02924415338185803 0.01533519420586088
703 -0.07447023924375774 0.02922641727919252 0.03711337528157896
704 -0.0655518873915808 0.04585793344015308 0.02624067253067018
705 -0.06554138120266448 0.04587294791101854 0.004459926251458649
706 -0.05298260469018438 0.05994033366810408 0.01536176713693677
707 -0.05297105634392796 0.05995053952891841 -0.006416364329896562
708 -0.03747185735795962 0.07068139717170797 0.004492019455428001
709 -0.03748657230641989 0.07067359405545719 0.02626296159135032
710 -0.01990846816198194 0.07748324267506718 0.01540240330359205
711 -0.01992145244014867 0.07747990534761187 0.03715307189376985
712 -0.001255943339121136 0.07999014068201729 0.02628237351388772
713 -0.00119992031085134 0.07999100068912507 0.004647358663835727
714 0.01742968654589284 0.07807820455743025 0.01549856047414069
715 0.01740113282665252 0.07808457322896244 0.0371073480555192
716 0.03507115030993428 0.07190281229505559 0.02633501552263927
717 0.03511509377419742 0.07188136190438604 0.004756659342353517
718 -0.02320533234100133 -0.07656051561309966 0.04626420025477175
719 0.03504320418658368 0.07191643651028189 0.04793232773504418
720 0.05078330639537169 0.06181468912446136 0.03717587746390306
721 0.0141742083035081 -0.07873431157360025 -0.0172767109992327
722 -0.07923651498234226 0.0110260914857918 -0.01734202063804061
723 -0.07555689718244409 -0.02628983241029836 0.04793256941138878
724 0.01432541749622843 -0.0787069400596844 0.04747939852808954
725 -0.03745478957241884 0.07069044304632575 -0.01728671605337646
726 -0.05537801408733221 -0.05773452654818636 -0.01738526593938515
727 -0.03749841814996525 0.07066730953029382 0.04802885674465905
728 -0.06553623077812881 0.04588030574653838 -0.01732220233359333
729 -0.0230227918056377 -0.07661560583506641 -0.01734410982282475
730 -0.05532635735873537 -0.05778403050509292 0.04788744123528864
731 -0.0792445297405691 0.01096834108678516 0.04798438107412596
732 -0.07447782362010323 0.02920708456544052 0.05889386163311534
733 -0.07556716421932018 -0.02626030639292498 -0.01735883968112266
734 -0.01992106008418375 0.07748000622820278 0.05891282434255991
735 0.03224937712904696 -0.07321186840115818 -0.02531009653604108
736 0.01418422670924952 -0.07873250734392125 -0.03892685606242675
737 0.05089680628021195 0.06172126951444354 0.05687630025710703
738 0.03501473949033366 0.07193029972427523 0.06953517313622283
739 0.06366824468772199 0.0484391847411201 0.04793973515903598
740 0.06365045231175069 0.04846256205061336 0.0264320361779732
741 -0.03719985154601262 0.0708249323681613 0.06924610356943371
742 -0.05286263148979853 0.06004616717138373 0.05663806549800669
743 -0.01960549218792181 0.0775604581991967 0.07714959992837624
744 0.07287365591237324 0.03300651865866844 0.03683798640229426
745 -0.07924768129938557 0.01094554743587611 0.06976596428650912
746 -0.07447318558270351 0.02921890876066736 0.0767421197223201
747 -0.001026434492474885 0.07999341493043448 0.0674543022891201
748 0.06354678995825143 0.04859841032381487 0.06721665680166584
749 0.05080833515215455 0.0617941184828001 0.0156202341763511
750 0.05087853377856191 0.06173633290489268 -0.005924306765996049
751 0.03520472416564829 0.0718375068917388 -0.01682819899455983
752 0.05107243878050526 0.06157601803471497 -0.0258529186573248
753 0.06377842090027837 0.04829402683010536 -0.01652569958085809
754 0.0634269236887062 0.04875474696259884 -0.03432405411667318
755 0.03529335457417249 0.07179400478383789 -0.03843177415014561
756 0.01756519781333595 0.07804783037201213 -0.02771508519454977
757 0.01763182783676375 0.07803280494211856 -0.0455621121158296
758 -0.001084043287149761 0.07999265497626383 -0.03863739655500435
759 0.06365820928026179 0.04845237240043455 0.004931368976686681
760 0.07312463645391916 0.03244668771203245 -0.005792482199417109
761 -0.001167584061281818 0.0799914792178507 0.04694645325950596
762 -0.019882906923346 0.07748980586036824 -0.006331368205106436
763 -0.06556287343546571 0.04584222537012251 0.04802147853210091
764 -0.06557452254001911 0.04582556048373577 0.06980334411394419
765 -0.0744592502928022 0.02925440216162066 -0.006436094508651
766 -0.0796116095760336 -0.007873475770788731 0.03707141938752109
767 -0.07959216946986822 -0.008067624128563352 0.05709680466893187
768 -0.07554281555891133 -0.0263302680850823 0.06970398569044735
769 -0.06733585808273734 -0.04319585878601624 -0.0064900566667207
770 -0.05293461818649987 0.05998271582255572 0.03612441042028197
771 -0.04021455127772557 -0.06915771732446915 0.03648967852155217
772 -0.004552889782371865 -0.07987033989303897 -0.006469189365265596
773 -0.06730867965002156 -0.04323819658323845 0.05877175898538807
774 -0.06748432833126095 -0.04296353604719438 0.07716103672739223
775 0.01748665966591464 0.07806546441114966 -0.00611084355454887
776 0.01720313692710208 0.07812843323571372 0.0569081510692301
777 0.07791201934007652 0.01815811780861499 0.07832469433385307
778 0.07791087962963143 -0.01816300733185674 0.07833333333333335
779 0.07217534617540138 -0.03450680229260564 0.06365582793566256
780 0.07791022025296336 -0.01816583551986359 0.03612524220421207
781 -0.001151057376528026 0.07999171873960417 -0.01701473283403754
782 -0.004688129317465792 -0.07986251588513048 -0.02667241717613752
783 -0.02294581094268619 -0.07663869623227226 -0.03910752289664553
784 -0.04025386250596794 -0.0691348432655389 -0.02828581873395728
785 -0.03990656970225998 -0.06933589037863916 -0.04660505905574333
786 -0.05505642513578625 -0.05804127885623786 -0.03806569885834614
787 -0.06723336776833023 -0.04335521028121595 -0.02608034733993309
788 -0.07556150290665602 -0.02627659183546099 -0.03913309568186056
789 -0.07960044019867495 -0.007985607063785035 -0.02658228932807677
790 -0.07923399479689201 0.01104418709213541 -0.03911754787483695
791 -0.07439632281725325 0.02941406383468705 -0.02660929547155542
792 -0.06553737133363675 0.0458786765140082 -0.03910593276876779
793 -0.05282444564569497 0.06007976316718482 -0.02605077384185241
794 -0.03721036294318002 0.07081941040164635 -0.03795645033026349
795 0.06253990655451623 0.04988747426110463 -0.05508706776852638
796 0.06208835080616634 -0.05044835670436078 -0.06142567272967406
797 0.05487641566706303 -0.05821150233017286 -0.04690135898756402
798 0.0683832775127137 -0.04151779566185065 -0.04702636621608463
799 -0.05537799964648826 -0.05773454039960434 0.0695217033428439
800 -0.03987838359482587 -0.06935210538883389 0.07941254833333151
801 0.03214729981275917 -0.07325674791272524 0.03678159933346921
802 0.03221607003551477 -0.07322653092607083 0.05845992959248629
803 0.01403859702764801 -0.07875860456797919 0.06656952654449076
804 0.03200143912258287 -0.07332058301789221 0.07718102101354839
805 -0.007569804104329201 -0.07964105766388391 0.07315661754342929
806 0.04845902203788938 -0.0636531474723077 0.06922187748583676
807 0.04830164961432853 -0.06377264809096951 0.04754957050672064
808 0.06163746169750436 -0.0509982677694908 0.03643181270333662
809 -0.02002397350000036 0.07745347303556686 -0.02606015782395418
810 0.04801935843984596 -0.06398547659450225 -0.0134667382998441
811 0.04565556863760244 0.06569299089231037 0.09071184946541354
812 0.02685427205369877 0.07535813209246853 0.09113953553341216
813 0.02616544054277991 -0.07560006429363833 -0.06182694537017367
814 0.005519944953590367 -0.07980933659484542 -0.06113734304761885
815 0.07183175805099955 -0.03521645262235622 -0.01406344359278484
816 -0.07703338298782382 -0.0215837416925624 0.09114691454394784
817 -0.07703338298782382 -0.0215837416925624 -0.06114691454394601
818 -0.07717961991620396 0.02105483957645587 -0.06093207189882985
819 -0.05534444900262806 0.0577667029057008 -0.05983474984259018
820 -0.03695242586480853 0.07095433899844202 -0.05494014212530975
821 0.07186383847544107 -0.03515094194435924 0.04447223805398789
822 -0.05481987266923163 -0.05826475401586478 -0.06131456317590456
823 -0.03714993943794982 0.07085112560684312 0.09136746532311828
824 -0.04013483801906733 -0.06920400838956677 0.05803670207843288
825 0.0618389229554003 -0.05075379402287149 0.05474432680278245
826 -0.01875399290385365 -0.0777707383928056 0.08795710095881347
827 0.07290933735958563 0.03292762557164018 0.09180250184985596
828 0.07277395903390831 -0.03322575637259498 0.0883170450442816
829 0.07802171471206504 0.01768083802847404 -0.04748172563027564
830 0.07798874204764726 -0.01782571495972981 -0.04605722141109098
831 0.04735981459731727 -0.06447517321657797 0.08825703770138769
832 0.06209832740298649 -0.05043607571720361 -0.02602086245535744
833 -0.06739118390630755 0.04310949236196403 0.09044111142270105
834 0.003657428047928536 0.07991635139365552 -0.05913189219224869
835 -0.02449296508516095 -0.07615835253822845 0.06569933622548373
836 0.07168354381693083 0.03551717254858779 0.0157826115545454
837 0.07178576860673783 0.03531010373165015 0.0580680491249126
838 0.07859017369223562 0.01495274553465814 0.03611111111111119
839 0.03680879598167345 -0.07102895563345657 -0.0460152341519993
840 0.07860550169817195 0.01487195692498761 -0.006111111111110998
841 0.02943300681457897 0.07438883054500151 -0.06008448524177128
842 0.07171482813840674 0.03545396205050692 -0.02730533236253282
843 -0.003255422041056619 -0.0799337364780016 0.0538062092993299
844 -0.005435540470935779 -0.07981512951683295 -0.04644432641909595
845 0.01630493353704379 0.07832080912728484 0.07677004549154996
846 -0.07362900852101373 0.03128528574605779 -0.04620605203661241
847 0.05241793984356843 0.0604347547571432 -0.04291639412445572
848 -0.07941120336867254 -0.009688177307385132 -0.04390021824403045
849 -0.07938853185376926 -0.009872234301467107 0.07436310013597737
850 -0.07797710166293657 0.01787656612014887 0.09188453765851202
851 0.05236043044787798 0.06048458748568046 0.07362162164785245
852 -0.03680520301849165 -0.0710308174721903 0.09647817608380409
853 0.02745920307971101 -0.07513981744872149 0.09531085237205518
854 0.07258409783452406 0.03363850088140433 -0.0440212624932341
855 -0.02206197003848487 0.07689778591104555 -0.04317452372430731
856 0.06213315441527308 -0.05039316543349735 0.07418614859082244
857 -0.0372611898370469 -0.07079268134438441 -0.06484890892202759
858 0.07840667356740759 0.01588689837866371 -0.06421196703134309
859 0.07840667356741002 -0.01588689837865175 -0.06421196703136217
860 -0.05113643042281035 0.06152288585244581 -0.0425653910792836
861 -0.06605285923646063 -0.04513335558861448 -0.04290373020872101
862 -0.01677330572023056 0.07822183975857178 0.09512002487836584
863 0.07849249462424737 0.01545730531698514 0.09466156342729722
864 0.07838301584372792 -0.01600321302869826 0.09288845652836474
865 0.07262105528660656 0.03355864015510213 0.07521751815509208
866 -0.06835355236371882 -0.04156671600283512 0.09724784768610308
867 -0.05099590982345308 0.06163941256435075 0.07355121633307894
868 0.04524456965686497 -0.06597673011422356 -0.03242938734083382
869 0.07328206885987246 -0.03208953698040704 -0.03151289462450634
870 0.03482403574063261 -0.0493344191958561 0.11
871 -0.0427259718778292 0.04441227153294303 0.11
872 0.04684293303582149 0.03810955270347355 0.11
873 -0.04163628540702772 -0.04363129877810025 0.11
874 0.06047879481686398 -0.007646988907322726 0.11
875 -0.06092814258330671 -0.002323683825498308 0.11
876 0.005297645713839122 0.05873201162505921 0.11
877 0.004120959482930262 -0.06024629511926315 0.11
878 0.02142580118212511 -0.06055482358600273 0.11
879 0.01571450868968831 -0.0434320012019634 0.11
880 0.03025905245595381 -0.02821254955319315 0.11
881 0.01030507549923009 -0.02208931832944769 0.11
882 0.02607809672856857 -0.006911620703148992 0.11
883 0.006255704654662993 0.0005093440464439547 0.11
884 -0.01023949772846942 -0.01368424166040003 0.11
885 -0.0141221746939609 0.008136607416680899 0.11
886 0.002312779984547746 0.02183985200923607 0.11
887 -0.006809214785694868 -0.03969481158957883 0.11
888 -0.02959411614783823 -0.005884527605661141 0.11
889 -0.03513954978429155 0.01979115199778618 0.11
890 -0.0267763657890057 -0.02741403178583843 0.11
891 -0.04692822908001038 -0.01950895448129598 0.11
892 -0.0149163021481716 0.02697455381137471 0.11
893 0.02248155049262504 0.0138608997386876 0.11
894 0.02194568407709572 0.03827168965560391 0.11
895 0.0437692092105679 0.007362398137050431 0.11
896 0.04868147435020519 -0.03609643809338303 0.11
897 -0.004573634481878187 0.04104820451859304 0.11
898 -0.01540339609030798 0.05865895201665407 0.11
899 0.02375734770242924 0.05689792284092005 0.11
900 -0.01513810321923902 -0.05983757236871397 0.11
901 0.04374295369490419 -0.01510400284889575 0.11
902 0.06418568563520988 0.009677914556890994 0.11
903 -0.05572905455260434 0.03388958881563717 0.11
904 -0.0540456122486568 0.01616323320852178 0.11
905 -0.02420349899100571 -0.04535355996285056 0.11
906 0.03766783866392959 0.02369872471496633 0.11
907 -0.0565500974937923 -0.0343888760886811 0.11
908 0.0563087669828453 0.023666507967963 0.11
909 -0.0637698365136686 -0.0186077750674648 0.11
910 0.06054696916694826 -0.02439897741690499 0.11
911 0.03757341549572824 0.05255558243674304 0.11
912 -0.04532712996882074 0.001647443858770505 0.11
913 -0.03093536374290784 -0.05830701614124878 0.11
914 -0.02419385387030662 0.04142846611939005 0.11
915 -0.03143665060857642 0.05722992579390093 0.11
916 0.03482403574063261 -0.0493344191958561 -0.08
917 -0.0427259718778292 0.04441227153294303 -0.08
918 0.04684293303582149 0.03810955270347355 -0.08
919 -0.04163628540702772 -0.04363129877810025 -0.08
920 0.06047879481686398 -0.007646988907322726 -0.08
921 -0.06092814258330671 -0.002323683825498308 -0.08
922 0.005297645713839122 0.05873201162505921 -0.08
923 0.004120959482930262 -0.06024629511926315 -0.08
924 0.02142580118212511 -0.06055482358600273 -0.08
925 0.01571450868968831 -0.0434320012019634 -0.08
926 0.03025905245595381 -0.02821254955319315 -0.08
927 0.01030507549923009 -0.02208931832944769 -0.08
928 0.02607809672856857 -0.006911620703148992 -0.08
929 0.006255704654662993 0.0005093440464439547 -0.08
930 -0.01023949772846942 -0.01368424166040003 -0.08
931 -0.0141221746939609 0.008136607416680899 -0.08
932 0.002312779984547746 0.02183985200923607 -0.08
933 -0.006809214785694868 -0.03969481158957883 -0.08
934 -0.02959411614783823 -0.005884527605661141 -0.08
935 -0.03513954978429155 0.01979115199778618 -0.08
936 -0.0267763657890057 -0.02741403178583843 -0.08
937 -0.04692822908001038 -0.01950895448129598 -0.08
938 -0.0149163021481716 0.02697455381137471 -0.08
939 0.02248155049262504 0.0138608997386876 -0.08
940 0.02194568407709572 0.03827168965560391 -0.08
941 0.0437692092105679 0.007362398137050431 -0.08
942 0.04868147435020519 -0.03609643809338303 -0.08
943 -0.004573634481878187 0.04104820451859304 -0.08
944 -0.01540339609030798 0.05865895201665407 -0.08
945 0.02375734770242924 0.05689792284092005 -0.08
946 -0.01513810321923902 -0.05983757236871397 -0.08
947 0.04374295369490419 -0.01510400284889575 -0.08
948 0.06418568563520988 0.009677914556890994 -0.08
949 -0.05572905455260434 0.03388958881563717 -0.08
950 -0.0540456122486568 0.01616323320852178 -0.08
951 -0.02420349899100571 -0.04535355996285056 -0.08
952 0.03766783866392959 0.02369872471496633 -0.08
953 -0.0565500974937923 -0.0343888760886811 -0.08
954 0.0563087669828453 0.023666507967963 -0.08
955 -0.0637698365136686 -0.0186077750674648 -0.08
956 0.06054696916694826 -0.02439897741690499 -0.08
957 0.03757341549572824 0.05255558243674304 -0.08
958 -0.04532712996882074 0.001647443858770505 -0.08
959 -0.03093536374290784 -0.05830701614124878 -0.08
960 -0.02419385387030662 0.04142846611939005 -0.08
961 -0.03143665060857642 0.05722992579390093 -0.08
962 0.0004359371960163116 -0.01248218864202499 0.02869218774139881
963 0.0004359371960163116 0.0130871869623661 0.02869218774139881
964 0.0004359371960163116 0.004564061760902405 0.02869218774139881
965 0.0004359371960163116 0.0130871869623661 0.02016906253993511
966 0.0004359371960163116 0.0130871869623661 0.01164593733847141
967 0.0004359371960163116 -0.01248218864202499 0.01164593733847141
968 0.008959062397480011 -0.01248218864202499 0.02016906253993511
969 -0.008087188005447388 -0.01248218864202499 0.02016906253993511
970 0.008959062397480011 0.004564061760902405 0.02869218774139881
971 -0.008087188005447388 0.004564061760902405 0.01164593733847141
972 0.0004359371960163116 0.004564061760902405 0.01164593733847141
973 0.008959062397480011 0.004564061760902405 0.01164593733847141
974 0.0004359371960163116 -0.01248218864202499 0.02016906253993511
975 0.008959062397480011 -0.003959063440561295 0.02016906253993511
976 0.0004359371960163116 0.004564061760902405 0.02016906253993511
977 0.008959062397480011 0.004564061760902405 0.02016906253993511
978 -0.008087188005447388 -0.003959063440561295 0.02016906253993511
979 -0.008087188005447388 0.004564061760902405 0.02016906253993511
980 -0.008087188005447388 -0.003959063440561295 0.01164593733847141
981 0.008959062397480011 -0.003959063440561295 0.01164593733847141
982 0.0004359371960163116 -0.003959063440561295 0.01164593733847141
983 -0.008087188005447388 -0.003959063440561295 0.02869218774139881
984 0.0004359371960163116 -0.003959063440561295 0.02869218774139881
985 -0.008087188005447388 0.004564061760902405 0.02869218774139881
986 0.008959062397480011 -0.003959063440561295 0.02869218774139881
987 -0.01021796930581331 0.00243328046053648 0.03508453443646431
988 -0.01447953190654516 0.00669484306126833 0.03508453443646431
989 0.01535140629857779 0.00669484306126833 0.03508453443646431
990 -0.01021796930581331 0.00243328046053648 0.005253593437373638
991 -0.01447953190654516 0.00669484306126833 0.005253593437373638
992 0.01535140629857779 0.00669484306126833 0.005253593437373638
993 -0.00229537533596158 0.005295374896377325 0.04765837639570236
994 0.001545836594760445 0.006883687749122955 0.05521917514283579
995 0.0007615742620299718 0.007905538235767158 0.05016812132442164
996 -0.00229537533596158 -0.004932375159114599 0.04765837639570236
997 0.005375436507165432 0.002738437382504344 0.05532918497920036
998 0.005375436507165432 0.007852312177419662 0.05021531507372856
999 -0.004852312617003918 -0.007489312440156937 0.05532918497920036
1000 0.0002759703606528619 -0.007708142609149073 0.05490750019767251
1001 0.005375436507165432 -0.002375437645241618 0.05532918497920036
1002 0.005375436507165432 -0.007489312440156937 0.05021531507372856
1003 0.005921220498673278 0.002313589764501328 0.04980774129575856
1004 0.0002615621779114008 0.002738437382504344 0.05021531507372856
1005 0.005375436507165432 -0.002375437645241618 0.05021531507372856
1006 0.005375436507165432 0.002738437382504344 0.04510143771767616
1007 0.01048931200057268 0.002738437382504344 0.04510143771767616
1008 0.005375436507165432 -0.007489312440156937 0.03487368300557137
1009 0.005375436507165432 -0.002375437645241618 0.03487368300557137
1010 0.005375436507165432 -0.007489312440156937 0.03998756036162376
1011 0.005375436507165432 0.002738437382504344 0.03487368300557137
1012 0.005375436507165432 0.007852312177419662 0.03998756036162376
1013 -0.004852312617003918 0.007852312177419662 0.05021531507372856
1014 -0.004852312617003918 -0.007489312440156937 0.05021531507372856
1015 0.0002615621779114008 -0.007489312440156937 0.05021531507372856
1016 0.0002615621779114008 -0.002375437645241618 0.05021531507372856
1017 0.0002615621779114008 -0.007489312440156937 0.04510143771767616
1018 0.0002615621779114008 -0.002375437645241618 0.05532918497920036
1019 -0.004852312617003918 -0.002375437645241618 0.05532918497920036
1020 -0.003310078859394355 0.002226587726274832 0.05531441526049567
1021 -0.009966188110411167 0.002738437382504344 0.05021531507372856
1022 0.0002615621779114008 -0.007489312440156937 0.03487368300557137
1023 -0.004514416448188182 -0.002811080236168412 0.03559986664997623
1024 -0.004852312617003918 -0.007489312440156937 0.03998756036162376
1025 -0.009966188110411167 -0.002375437645241618 0.03998756036162376
1026 -0.004480249736612279 0.003302095106835649 0.05102954190352914
1027 -0.004852312617003918 0.007852312177419662 0.04510143771767616
1028 -0.004852312617003918 -0.002375437645241618 0.05021531507372856
1029 -0.009966188110411167 -0.002375437645241618 0.05021531507372856
1030 -0.009966188110411167 -0.002375437645241618 0.04510143771767616
1031 -0.009966188110411167 0.002738437382504344 0.04510143771767616
1032 0.0002615621779114008 0.007852312177419662 0.03487368300557137
1033 -0.004852312617003918 0.002738437382504344 0.03487368300557137
1034 -0.00574561478137153 0.007093966787201246 0.04028462750021116
1035 0.0002615621779114008 0.002738437382504344 0.03487368300557137
1036 0.0002615621779114008 0.007852312177419662 0.03998756036162376
1037 0.005375436507165432 -0.007489312440156937 0.04510143771767616
1038 0.005375436507165432 0.002738437382504344 0.03998756036162376
1039 0.005375436507165432 0.007852312177419662 0.04510143771767616
1040 -0.0003890870196018966 -0.001909239519573949 0.03464296284704466
1041 0.0002615621779114008 -0.007489312440156937 0.03998756036162376
1042 -0.005435367594660004 0.002355818311542867 0.03943395962814271
1043 -0.004852312617003918 0.002738437382504344 0.04510143771767616
1044 0.005375436507165432 -0.002375437645241618 0.04510143771767616
1045 0.0002615621779114008 -0.002375437645241618 0.04510143771767616
1046 0.005375436507165432 -0.002375437645241618 0.03998756036162376
1047 0.0002615621779114008 -0.002375437645241618 0.03998756036162376
1048 0.0002615621779114008 0.007852312177419662 0.04510143771767616
1049 -0.01124465651810169 0.001459968625567853 0.05405071750283241
1050 0.009210843592882156 -0.006210843566805124 0.04637990519404411
1051 -0.004852312617003918 -0.007489312440156937 0.04510143771767616
1052 -0.01124465651810169 -0.001096968888305128 0.04126602783799171
1053 -0.004852312617003918 -0.002375437645241618 0.03998756036162376
1054 -0.004852312617003918 -0.002375437645241618 0.04510143771767616
1055 -0.01124465651810169 -0.001096968888305128 0.03359521552920341
1056 0.0002615621779114008 0.002738437382504344 0.04510143771767616
1057 -0.01124465651810169 -0.001096968888305128 0.04382297024130821
1058 -0.01124465651810169 -0.003653906285762787 0.04126602783799171
1059 -0.01124465651810169 -0.003653906285762787 0.04382297024130821
1060 -0.01124465651810169 0.001459968625567853 0.04893684759736061
1061 -0.01098048526541546 -0.0006689589865598383 0.04709417568210829
1062 -0.01124465651810169 0.001459968625567853 0.05149378255009651
1063 -0.01124465651810169 0.004016906023025513 0.04893684759736061
1064 -0.01021402215633247 0.002380778903614309 0.04003296652273561
1065 0.0002615621779114008 0.002738437382504344 0.03998756036162376
1066 0.006653905380517244 0.009130780585110188 0.04893684759736061
1067 -0.00101690657902509 0.01168771833181381 0.05405071750283241
1068 0.0002615621779114008 0.002738437382504344 0.05532918497920036
1069 0.01176778040826321 -0.001096968888305128 0.04637990519404411
1070 0.01176778040826321 0.001459968625567853 0.05149378255009651
1071 0.01176778040826321 -0.001096968888305128 0.05149378255009651
1072 0.01176778040826321 -0.001096968888305128 0.03870909288525581
1073 0.01176778040826321 -0.001096968888305128 0.04382297024130821
1074 0.01176778040826321 -0.001096968888305128 0.04893684759736061
1075 0.01046488207562658 0.00262269565504622 0.04880489171867811
1076 0.01176778040826321 -0.001096968888305128 0.04126602783799171
1077 0.01176778040826321 0.001459968625567853 0.03615215048193932
1078 -0.01124465651810169 -0.001096968888305128 0.03615215048193932
1079 -0.00613078149035573 0.009130780585110188 0.03615215048193932
1080 -0.01124465651810169 0.004016906023025513 0.05149378255009651
1081 -0.00613078149035573 -0.008767780847847462 0.03615215048193932
1082 0.005975780345145765 0.009842215884571431 0.05186090481316229
1083 0.006653905380517244 0.009130780585110188 0.05405071750283241
1084 -0.01124465651810169 -0.003653906285762787 0.03615215048193932
1085 -0.00613078149035573 0.009130780585110188 0.05149378255009651
1086 0.01176778040826321 0.001459968625567853 0.03359521552920341
1087 0.00409696763381362 0.001459968625567853 0.05660765245556831
1088 0.001588690065103895 -0.003900037678329502 0.0564423337327039
1089 -0.00613078149035573 -0.001096968888305128 0.05660765245556831
1090 -0.003573843743652105 -0.003653906285762787 0.05660765245556831
1091 -0.003573843743652105 0.009130780585110188 0.05660765245556831
1092 -0.003573843743652105 -0.006210843566805124 0.05660765245556831
1093 -0.00613078149035573 0.00657384330406785 0.05660765245556831
1094 -0.008887623558748892 0.003634020912197661 0.05558494722046822
1095 -0.00613078149035573 0.001459968625567853 0.05660765245556831
1096 0.00409696763381362 -0.008767780847847462 0.05660765245556831
1097 0.006653905380517244 -0.006210843566805124 0.05660765245556831
1098 0.001540030934847891 -0.01132471859455109 0.05660765245556831
1099 0.00257527355946021 0.009679627896154262 0.05643103838427205
1100 -0.008687719702720642 0.00657384330406785 0.05660765245556831
1101 -0.01124465651810169 0.001459968625567853 0.05660765245556831
1102 -0.003573843743652105 0.00657384330406785 0.05660765245556831
1103 -0.008687719702720642 -0.006210843566805124 0.05660765245556831
1104 -0.00613078149035573 -0.006210843566805124 0.05660765245556831
1105 -0.008687719702720642 -0.006210843566805124 0.05405071750283241
1106 0.00409696763381362 0.001459968625567853 0.03359521552920341
1107 0.001540030934847891 -0.003653906285762787 0.03359521552920341
1108 -0.00613078149035573 -0.001096968888305128 0.03359521552920341
1109 -0.003573843743652105 0.009130780585110188 0.03359521552920341
1110 -0.003573843743652105 -0.006210843566805124 0.03359521552920341
1111 -0.00613078149035573 0.00657384330406785 0.03359521552920341
1112 -0.008687719702720642 0.004016906023025513 0.03359521552920341
1113 -0.00613078149035573 0.001459968625567853 0.03359521552920341
1114 -0.00101690657902509 0.00657384330406785 0.03359521552920341
1115 0.001540030934847891 -0.01132471859455109 0.03359521552920341
1116 0.001540030934847891 0.009130780585110188 0.03359521552920341
1117 -0.009604820287110835 0.007377830611076774 0.03426699954125447
1118 0.009210843592882156 -0.001096968888305128 0.03359521552920341
1119 -0.01124465651810169 0.001459968625567853 0.03359521552920341
1120 -0.00613078149035573 -0.006210843566805124 0.03359521552920341
1121 -0.003573843743652105 0.00657384330406785 0.03359521552920341
1122 -0.008687719702720642 -0.006210843566805124 0.03359521552920341
1123 -0.008687719702720642 -0.003653906285762787 0.03359521552920341
1124 -0.008687719702720642 -0.006210843566805124 0.03615215048193932
1125 0.001656562089920044 -0.04740247502923012 0.0804181843996048
1126 0.001656562089920044 -0.01501460000872612 0.0804181843996048
1127 0.001656562089920044 0.01737327501177788 0.0804181843996048
1128 0.001656562089920044 -0.04740247502923012 0.0480303131043911
1129 0.03404444083571434 -0.01501460000872612 0.0804181843996048
1130 0.03404444083571434 0.01737327501177788 0.0804181843996048
1131 0.03404444083571434 0.01737327501177788 0.0480303131043911
1132 0.03404444083571434 -0.01501460000872612 0.0480303131043911
1133 -0.03073131293058395 -0.01501460000872612 0.0804181843996048
1134 -0.03073131293058395 0.01737327501177788 0.0804181843996048
1135 0.001656562089920044 -0.04740247502923012 -0.0491333119571209
1136 0.03404444083571434 -0.01501460000872612 -0.0491333119571209
1137 0.03404444083571434 0.01737327501177788 -0.0491333119571209
1138 -0.03073131293058395 -0.01501460000872612 -0.0491333119571209
1139 0.001656562089920044 -0.01501460000872612 -0.0491333119571209
1140 0.001656562089920044 0.01737327501177788 -0.0491333119571209
1141 0.001656562089920044 -0.01501460000872612 -0.0167454369366169
1142 0.001656562089920044 -0.04740247502923012 -0.0167454369366169
1143 0.001656562089920044 -0.04740247502923012 0.0156424380838871
1144 -0.02263434417545795 -0.05549944192171097 -0.04103634506464005
1145 -0.03073131293058395 0.01737327501177788 -0.0491333119571209
1146 -0.03073131293058395 -0.01501460000872612 -0.0167454369366169
1147 -0.03073131293058395 0.01737327501177788 -0.0167454369366169
1148 0.001656562089920044 0.04976115003228188 0.0804181843996048
1149 0.001656562089920044 0.04976115003228188 -0.0491333119571209
1150 0.001656562089920044 0.04976115003228188 -0.0167454369366169
1151 0.001656562089920044 0.01737327501177788 -0.0167454369366169
1152 0.001656562089920044 0.04976115003228188 0.0480303131043911
1153 -0.006440406665205956 0.05785811692476273 0.07232121378183365
1154 0.001656562089920044 0.04976115003228188 0.0156424380838871
1155 0.03404444083571434 -0.01501460000872612 -0.0167454369366169
1156 -0.02263434417545795 -0.05549944192171097 0.05612727999687195
1157 0.03404444083571434 0.01737327501177788 -0.0167454369366169
1158 0.03404444083571434 0.01737327501177788 0.0156424380838871
1159 -0.0550222173333168 0.009276306256651878 -0.05723027884960175
1160 0.03404444083571434 -0.01501460000872612 0.0156424380838871
1161 -0.0550222173333168 -0.02311156876385212 0.07232121378183365
1162 0.04214140772819519 0.02547024376690388 -0.04103634506464005
1163 0.04214140772819519 0.02547024376690388 0.07232121378183365
1164 0.009753530845046043 -0.05549944192171097 0.07232121378183365
1165 -0.0550222173333168 0.009276306256651878 0.08851515501737595
1166 0.009753530845046043 0.05785811692476273 -0.04103634506464005
1167 -0.006440406665205956 0.05785811692476273 -0.008648468181490898
1168 -0.02263434417545795 0.05785811692476273 0.05612727999687195
1169 -0.00912416295082997 0.06694533051503113 0.05326858181518423
1170 0.04214140772819519 -0.03930550813674927 0.03993334621191025
1171 0.04214140772819519 0.02547024376690388 0.0237394068390131
1172 0.009753530845046043 0.05785811692476273 0.007545469328761101
1173 -0.006440406665205956 0.05785811692476273 0.0237394068390131
1174 -0.006440406665205956 0.05785811692476273 0.007545469328761101
1175 -0.02263434417545795 0.05785811692476273 0.007545469328761101
1176 0.009753530845046043 0.05785811692476273 0.05612727999687195
1177 0.009753530845046043 0.05785811692476273 0.0237394068390131
1178 -0.02263434417545795 0.05785811692476273 0.0237394068390131
1179 -0.007963997503192956 0.06150278457078752 0.0375106060601012
1180 -0.0550222173333168 -0.02311156876385212 -0.0248424056917429
1181 -0.0388282835483551 -0.02311156876385212 -0.0248424056917429
1182 -0.006440406665205956 -0.05549944192171097 0.007545469328761101
1183 0.009753530845046043 -0.05549944192171097 0.007545469328761101
1184 -0.0550222173333168 0.009276306256651878 0.007545469328761101
1185 -0.006440406665205956 0.05785811692476273 -0.0248424056917429
1186 -0.0550222173333168 0.009276306256651878 0.03993334621191025
1187 -0.0388282835483551 0.009276306256651878 0.03993334621191025
1188 -0.05876501309405258 0.01571459881314762 0.02434108190873012
1189 -0.06016002450840206 0.01382182772430261 0.05625959244707617
1190 -0.02263434417545795 0.05785811692476273 -0.008648468181490898
1191 -0.0550222173333168 -0.02311156876385212 -0.008648468181490898
1192 -0.05904148903660727 -0.008057865454391914 0.02397710143831174
1193 -0.04120591114416526 -0.01041378167335495 0.02248384631193805
1194 -0.0550222173333168 -0.02311156876385212 0.007545469328761101
1195 -0.0550222173333168 -0.006917631253600121 -0.0248424056917429
1196 -0.0550222173333168 0.009276306256651878 -0.008648468181490898
1197 -0.03530059789440589 0.006790222252184222 -0.007341554534019062
1198 -0.0550222173333168 -0.02311156876385212 0.03993334621191025
1199 -0.05907574258406949 -0.005502981937419021 0.005814992290460676
1200 -0.02263434417545795 0.05785811692476273 0.07232121378183365
1201 -0.0550222173333168 -0.006917631253600121 0.03993334621191025
1202 -0.02263434417545795 -0.05549944192171097 -0.008648468181490898
1203 -0.02263434417545795 -0.05549944192171097 0.03993334621191025
1204 -0.02263434417545795 -0.05549944192171097 -0.0248424056917429
1205 -0.02263434417545795 -0.05549944192171097 0.007545469328761101
1206 -0.006440406665205956 -0.05549944192171097 0.0237394068390131
1207 0.009753530845046043 -0.05549944192171097 0.0237394068390131
1208 0.009753530845046043 0.05785811692476273 0.03993334621191025
1209 0.009753530845046043 -0.05549944192171097 -0.008648468181490898
1210 0.009753530845046043 0.05785811692476273 -0.008648468181490898
1211 0.05833534151315689 -0.02311156876385212 0.007545469328761101
1212 0.04214140772819519 -0.03930550813674927 0.0237394068390131
1213 0.05833534151315689 -0.02311156876385212 0.0237394068390131
1214 0.04214140772819519 -0.006917631253600121 -0.0248424056917429
1215 0.05833534151315689 0.009276306256651878 -0.0248424056917429
1216 0.05833534151315689 -0.006917631253600121 -0.008648468181490898
1217 0.05833534151315689 -0.006917631253600121 0.007545469328761101
1218 0.05833534151315689 0.009276306256651878 0.007545469328761101
1219 0.04214140772819519 -0.03930550813674927 0.007545469328761101
1220 -0.006440406665205956 -0.05549944192171097 -0.0248424056917429
1221 0.05833534151315689 -0.006917631253600121 0.03993334621191025
1222 0.05984801277419117 -0.01089424093625098 0.05612202873181325
1223 0.05833534151315689 0.009276306256651878 0.05612727999687195
1224 0.009753530845046043 -0.05549944192171097 -0.0248424056917429
1225 0.05833534151315689 -0.006917631253600121 0.0237394068390131
1226 0.06062649128513168 -0.009788477479938487 0.07230803444732284
1227 0.04214140772819519 -0.006917631253600121 0.07232121378183365
1228 0.05833534151315689 0.009276306256651878 0.07232121378183365
1229 0.02594747208058834 -0.03930550813674927 0.03993334621191025
1230 0.04214140772819519 -0.03930550813674927 0.05612727999687195
1231 0.05833534151315689 -0.02311156876385212 0.03993334621191025
1232 0.009753530845046043 -0.05549944192171097 -0.04103634506464005
1233 0.05833534151315689 0.009276306256651878 -0.04103634506464005
1234 -0.006440406665205956 -0.05549944192171097 0.07232121378183365
1235 0.05833534151315689 0.009276306256651878 0.0237394068390131
1236 0.009753530845046043 -0.05549944192171097 0.05612727999687195
1237 0.05833534151315689 0.009276306256651878 -0.008648468181490898
1238 0.06143867590808443 0.01312709959668197 0.04218717177249565
1239 0.04214140772819519 -0.03930550813674927 -0.008648468181490898
1240 0.02594747208058834 0.04166418313980103 0.05612727999687195
1241 0.04214140772819519 0.02547024376690388 0.05612727999687195
1242 0.02594747208058834 0.04166418313980103 -0.0248424056917429
1243 0.04214140772819519 0.02547024376690388 -0.0248424056917429
1244 0.01403061800625778 0.06003647525895779 0.07391054890649827
1245 -0.0550222173333168 -0.006917631253600121 0.08851515501737595
1246 -0.0550222173333168 -0.006917631253600121 0.07232121378183365
1247 0.05833534151315689 0.009276306256651878 -0.05723027884960175
1248 0.05833534151315689 -0.006917631253600121 0.08851515501737595
1249 0.05833534151315689 0.009276306256651878 0.08851515501737595
1250 0.04214140772819519 0.02547024376690388 -0.05723027884960175
1251 -0.006440406665205956 -0.02311156876385212 0.08851515501737595
1252 -0.02263434417545795 0.02547024376690388 0.08851515501737595
1253 0.04214140772819519 0.02547024376690388 0.08851515501737595
1254 -0.0388282835483551 -0.02311156876385212 0.08851515501737595
1255 0.02594747208058834 0.04166418313980103 0.08851515501737595
1256 0.02594747208058834 -0.03930550813674927 0.08851515501737595
1257 0.02594747208058834 -0.02311156876385212 0.08851515501737595
1258 0.009753530845046043 -0.02311156876385212 0.08851515501737595
1259 -0.006440406665205956 -0.006917631253600121 0.08851515501737595
1260 -0.006440406665205956 0.009276306256651878 0.08851515501737595
1261 -0.02263434417545795 -0.006917631253600121 0.08851515501737595
1262 -0.02263434417545795 -0.02311156876385212 0.08851515501737595
1263 -0.006440406665205956 0.02547024376690388 0.08851515501737595
1264 0.02594747208058834 0.009276306256651878 0.08851515501737595
1265 0.008404036052525043 0.008601558860391378 0.08851515501737595
1266 0.02594747208058834 0.02547024376690388 0.08851515501737595
1267 -0.02263434417545795 0.04166418313980103 0.08851515501737595
1268 -0.006440406665205956 0.05785811692476273 0.08851515501737595
1269 -0.0388282835483551 -0.006917631253600121 0.08851515501737595
1270 0.04214140772819519 -0.03930550813674927 0.08851515501737595
1271 0.04214140772819519 -0.02311156876385212 0.08851515501737595
1272 -0.0388282835483551 -0.03930550813674927 0.08851515501737595
1273 0.04214140772819519 0.009276306256651878 0.08851515501737595
1274 0.009753530845046043 0.05785811692476273 0.08851515501737595
1275 -0.0388282835483551 0.009276306256651878 0.08851515501737595
1276 -0.02263434417545795 -0.03930550813674927 0.08851515501737595
1277 -0.006440406665205956 -0.05549944192171097 0.08851515501737595
1278 -0.02263434417545795 -0.05549944192171097 0.07232121378183365
1279 -0.0388282835483551 0.02547024376690388 0.08851515501737595
1280 -0.0388282835483551 0.04166418313980103 0.07232121378183365
1281 -0.02263434417545795 0.02547024376690388 -0.05723027884960175
1282 0.009753530845046043 -0.03930550813674927 -0.05723027884960175
1283 -0.0388282835483551 -0.02311156876385212 -0.05723027884960175
1284 0.02594747208058834 0.04166418313980103 -0.05723027884960175
1285 0.009753530845046043 0.05785811692476273 -0.05723027884960175
1286 0.02594747208058834 -0.03930550813674927 -0.05723027884960175
1287 0.02594747208058834 -0.02311156876385212 -0.05723027884960175
1288 0.009753530845046043 -0.006917631253600121 -0.05723027884960175
1289 -0.006440406665205956 -0.006917631253600121 -0.05723027884960175
1290 -0.006440406665205956 0.009276306256651878 -0.05723027884960175
1291 -0.02263434417545795 -0.006917631253600121 -0.05723027884960175
1292 -0.02263434417545795 -0.02311156876385212 -0.05723027884960175
1293 -0.006440406665205956 0.02547024376690388 -0.05723027884960175
1294 0.02594747208058834 0.009276306256651878 -0.05723027884960175
1295 0.009753530845046043 0.009276306256651878 -0.05723027884960175
1296 -0.0550222173333168 -0.006917631253600121 -0.05723027884960175
1297 0.04214140772819519 -0.006917631253600121 -0.05723027884960175
1298 0.02594747208058834 0.02547024376690388 -0.05723027884960175
1299 -0.02263434417545795 0.04166418313980103 -0.05723027884960175
1300 -0.006440406665205956 0.05785811692476273 -0.05723027884960175
1301 -0.0388282835483551 -0.006917631253600121 -0.05723027884960175
1302 -0.006440406665205956 -0.05549944192171097 -0.05723027884960175
1303 0.04214140772819519 -0.02311156876385212 -0.05723027884960175
1304 0.009753530845046043 -0.05549944192171097 -0.05723027884960175
1305 -0.0388282835483551 -0.03930550813674927 -0.05723027884960175
1306 0.04214140772819519 0.009276306256651878 -0.05723027884960175
1307 -0.0388282835483551 0.009276306256651878 -0.05723027884960175
1308 -0.02263434417545795 -0.03930550813674927 -0.05723027884960175
1309 -0.0388282835483551 0.02547024376690388 -0.05723027884960175
1310 -0.0388282835483551 0.04166418313980103 -0.04103634506464005
1311 0.02594747208058834 0.009276306256651878 0.05612727999687195
1312 0.02189898863434792 0.01332479063421488 0.05207879468798637
1313 0.01987474597990513 0.01130054891109467 0.05410303547978401
1314 0.02189898863434792 0.005227821879088879 0.05207879468798637
1315 0.02999595552682877 0.005227821879088879 0.05207879468798637
1316 0.04214140772819519 0.009276306256651878 0.05612727999687195
1317 0.03809292241930962 0.005227821879088879 0.05207879468798637
1318 0.04214140772819519 -0.006917631253600121 0.05612727999687195
1319 0.02594747208058834 -0.006917631253600121 0.05612727999687195
1320 0.02594747208058834 -0.02311156876385212 0.05612727999687195
1321 0.02594747208058834 -0.03930550813674927 0.05612727999687195
1322 0.02594747208058834 -0.006917631253600121 0.07232121378183365
1323 0.02594747208058834 -0.006917631253600121 0.03993334621191025
1324 0.04214140772819519 -0.02311156876385212 0.05612727999687195
1325 0.04214140772819519 -0.02311156876385212 0.07232121378183365
1326 0.04214140772819519 -0.02311156876385212 0.03993334621191025
1327 0.04214140772819519 0.009276306256651878 0.07232121378183365
1328 0.04214140772819519 -0.006917631253600121 0.08851515501737595
1329 0.04214140772819519 -0.006917631253600121 0.03993334621191025
1330 0.04214140772819519 0.009276306256651878 0.03993334621191025
1331 0.04214140772819519 -0.006917631253600121 0.0237394068390131
1332 0.02594747208058834 0.009276306256651878 0.03993334621191025
1333 0.0255426237359643 0.02506539542227984 0.0395284976810217
1334 0.02594747208058834 0.009276306256651878 0.0237394068390131
1335 0.04837575495917668 0.03360766323833666 0.03992504292640475
1336 0.04214140772819519 0.009276306256651878 0.0237394068390131
1337 0.04214140772819519 0.009276306256651878 0.007545469328761101
1338 0.02999595552682877 -0.002869146876037121 0.05207879468798637
1339 0.009753530845046043 -0.006917631253600121 0.07232121378183365
1340 0.02594747208058834 -0.02311156876385212 0.07232121378183365
1341 0.02594747208058834 -0.02311156876385212 0.03993334621191025
1342 0.02594747208058834 0.009276306256651878 0.07232121378183365
1343 0.02594747208058834 -0.006917631253600121 0.08851515501737595
1344 0.02594747208058834 -0.006917631253600121 0.0237394068390131
1345 0.02594747208058834 -0.02311156876385212 0.0237394068390131
1346 0.02594747208058834 -0.006917631253600121 0.007545469328761101
1347 0.02999595552682877 0.005227821879088879 0.04398183152079582
1348 0.009753530845046043 0.02547024376690388 0.03993334621191025
1349 0.02594747208058834 0.04166418313980103 0.03993334621191025
1350 0.02594747208058834 0.02547024376690388 0.05612727999687195
1351 0.0255426237359643 0.02506539542227984 0.02414425518363714
1352 0.02594747208058834 0.009276306256651878 0.007545469328761101
1353 -0.006440406665205956 -0.006917631253600121 0.07232121378183365
1354 0.009753530845046043 -0.03930550813674927 0.05612727999687195
1355 0.009753530845046043 -0.02311156876385212 0.07232121378183365
1356 0.009753530845046043 0.009276306256651878 0.07232121378183365
1357 0.009753530845046043 -0.006917631253600121 0.08851515501737595
1358 0.009753530845046043 -0.03930550813674927 0.03993334621191025
1359 0.009753530845046043 -0.006917631253600121 0.007545469328761101
1360 0.009753530845046043 -0.006917631253600121 -0.008648468181490898
1361 -0.006440406665205956 0.02547024376690388 0.03993334621191025
1362 0.009753530845046043 0.04166418313980103 0.03993334621191025
1363 0.009753530845046043 0.02547024376690388 0.05612727999687195
1364 0.009753530845046043 0.02547024376690388 0.0237394068390131
1365 0.009753530845046043 0.009276306256651878 0.007545469328761101
1366 0.02189898863434792 -0.002869146876037121 0.05207879468798637
1367 0.02189898863434792 0.005227821879088879 0.06017576530575752
1368 0.02189898863434792 0.005227821879088879 0.06827273219823837
1369 -0.006440406665205956 0.009276306256651878 0.07232121378183365
1370 0.009753530845046043 0.02547024376690388 0.07232121378183365
1371 0.02701057093466473 0.02767721786944259 0.07520242396242356
1372 0.02594747208058834 0.04166418313980103 0.07232121378183365
1373 -0.02263434417545795 0.009276306256651878 0.07232121378183365
1374 -0.006440406665205956 0.02547024376690388 0.07232121378183365
1375 0.009753530845046043 0.04166418313980103 0.07232121378183365
1376 0.009753530845046043 0.02547024376690388 0.08851515501737595
1377 0.02594747208058834 -0.03930550813674927 0.07232121378183365
1378 0.02189898863434792 0.005227821879088879 0.04398183152079582
1379 0.02189898863434792 0.01332479063421488 0.06017576530575752
1380 0.02883728729115569 0.01182737068440517 0.06199409898652838
1381 0.02999595552682877 0.02142176032066345 0.06017576530575752
1382 -0.006440406665205956 0.02547024376690388 0.05612727999687195
1383 0.009753530845046043 0.04166418313980103 0.05612727999687195
1384 0.01380201522260904 0.02142176032066345 0.06017576530575752
1385 -0.02263434417545795 0.02547024376690388 0.05612727999687195
1386 -0.006035558227449655 0.04125933460891246 0.0565321285277605
1387 -0.02221909814764571 0.02559801802436679 0.07244898852933919
1388 -0.006440406665205956 0.04166418313980103 0.07232121378183365
1389 0.009753530845046043 0.04166418313980103 0.08851515501737595
1390 0.02189898863434792 0.02142176032066345 0.06017576530575752
1391 0.02189898863434792 0.01332479063421488 0.06827273219823837
1392 -0.0388282835483551 0.009276306256651878 0.05612727999687195
1393 -0.0388282835483551 -0.006917631253600121 0.05612727999687195
1394 -0.02236417496436215 -0.02052889800745138 0.05681636289118013
1395 -0.02263434417545795 -0.006917631253600121 0.07232121378183365
1396 -0.006440406665205956 -0.03930550813674927 0.05612727999687195
1397 -0.006440406665205956 -0.02311156876385212 0.07232121378183365
1398 -0.02263434417545795 0.02547024376690388 0.03993334621191025
1399 -0.006440406665205956 0.04166418313980103 0.03993334621191025
1400 -0.006440406665205956 0.02547024376690388 0.0237394068390131
1401 -0.006440406665205956 0.009276306256651878 0.007545469328761101
1402 0.01380201522260904 -0.002869146876037121 0.06827273219823837
1403 0.009753530845046043 -0.03930550813674927 0.07232121378183365
1404 0.013464641602089 0.00455307448282838 0.06827273219823837
1405 0.01380201522260904 0.01332479063421488 0.06827273219823837
1406 -0.002391922287642956 0.005227821879088879 0.06827273219823837
1407 -0.04161556025909665 0.01325032854502218 0.07699838192013807
1408 -0.0550222173333168 0.009276306256651878 0.07232121378183365
1409 -0.02263434417545795 0.009276306256651878 0.08851515501737595
1410 -0.0388282835483551 -0.006917631253600121 0.07232121378183365
1411 -0.02263434417545795 -0.02311156876385212 0.07232121378183365
1412 -0.006440406665205956 -0.03930550813674927 0.07232121378183365
1413 0.005705046467483044 0.005227821879088879 0.06827273219823837
1414 -0.002391922287642956 0.02142176032066345 0.06017576530575752
1415 -0.0388282835483551 0.02547024376690388 0.05612727999687195
1416 -0.02263434417545795 0.04166418313980103 0.05612727999687195
1417 -0.0388282835483551 0.02547024376690388 0.07232121378183365
1418 -0.02263434417545795 0.04166418313980103 0.07232121378183365
1419 -0.006563267341337868 0.04217230341897019 0.09416465418835462
1420 0.005705046467483044 0.02142176032066345 0.06017576530575752
1421 0.005705046467483044 0.01332479063421488 0.06827273219823837
1422 0.01380201522260904 0.02142176032066345 0.05207879468798637
1423 0.01177777349948883 0.01939751766622066 0.05410303547978401
1424 0.005705046467483044 0.02142176032066345 0.05207879468798637
1425 -0.002391922287642956 0.02142176032066345 0.05207879468798637
1426 -0.002391922287642956 0.02142176032066345 0.04398183152079582
1427 0.009753530845046043 0.04166418313980103 0.0237394068390131
1428 0.009753530845046043 0.02547024376690388 0.007545469328761101
1429 -0.0388282835483551 0.02547024376690388 0.03993334621191025
1430 -0.02263434417545795 0.04166418313980103 0.03993334621191025
1431 -0.02263434417545795 0.02547024376690388 0.0237394068390131
1432 -0.006440406665205956 0.04166418313980103 0.0237394068390131
1433 -0.006440406665205956 0.02547024376690388 0.007545469328761101
1434 0.005705046467483044 0.0295187272131443 0.05207879468798637
1435 0.005705046467483044 0.03761569783091545 0.05207879468798637
1436 -0.0388282835483551 0.04166418313980103 0.05612727999687195
1437 0.02594747208058834 0.04166418313980103 0.0237394068390131
1438 0.009753530845046043 0.04166418313980103 0.007545469328761101
1439 0.005705046467483044 0.02142176032066345 0.04398183152079582
1440 0.01380201522260904 0.0295187272131443 0.06017576530575752
1441 0.01380201522260904 0.02142176032066345 0.06827273219823837
1442 0.009753530845046043 0.009276306256651878 -0.008648468181490898
1443 -0.04049932006258408 0.01326895141937376 0.02215499615785269
1444 -0.02446327409648156 0.01263609492437986 0.006719447014942666
1445 -0.006440406665205956 -0.006917631253600121 0.007545469328761101
1446 -0.006440406665205956 0.009276306256651878 -0.008648468181490898
1447 0.02594747208058834 0.02547024376690388 0.007545469328761101
1448 0.009753530845046043 0.02547024376690388 -0.008648468181490898
1449 0.02189898863434792 -0.01096611563116312 0.05207879468798637
1450 0.01987474597990513 -0.008941873908042908 0.05410303547978401
1451 0.03809292241930962 -0.002869146876037121 0.05207879468798637
1452 0.03589043396203355 -0.002768754205829156 0.04506565885540992
1453 0.02999595552682877 -0.01096611563116312 0.05207879468798637
1454 0.02999595552682877 -0.01906308531761169 0.05207879468798637
1455 0.02999595552682877 -0.002869146876037121 0.06017576530575752
1456 0.02999595552682877 -0.002869146876037121 0.04398183152079582
1457 0.02189898863434792 -0.002869146876037121 0.06017576530575752
1458 0.02189898863434792 -0.01096611563116312 0.06017576530575752
1459 0.02189898863434792 -0.01906308531761169 0.06017576530575752
1460 0.02189898863434792 -0.002869146876037121 0.06827273219823837
1461 0.02189898863434792 -0.002869146876037121 0.04398183152079582
1462 0.02189898863434792 -0.01096611563116312 0.04398183152079582
1463 0.02189898863434792 -0.01906308531761169 0.04398183152079582
1464 0.02189898863434792 -0.002869146876037121 0.03588486090302467
1465 0.02189898863434792 -0.002869146876037121 0.02778789028525352
1466 0.02999595552682877 -0.01096611563116312 0.06017576530575752
1467 0.03809292241930962 -0.01096611563116312 0.06017576530575752
1468 0.03809292241930962 -0.01906308531761169 0.06017576530575752
1469 0.04214140772819519 -0.03930550813674927 0.07232121378183365
1470 0.03809292241930962 -0.01096611563116312 0.06827273219823837
1471 0.02999595552682877 -0.01906308531761169 0.06017576530575752
1472 0.02999595552682877 -0.02716005221009254 0.06017576530575752
1473 0.02594747208058834 -0.03930550813674927 0.0237394068390131
1474 0.02999595552682877 -0.01906308531761169 0.06827273219823837
1475 0.02999595552682877 -0.01096611563116312 0.06827273219823837
1476 0.01380201522260904 -0.01906308531761169 0.06017576530575752
1477 0.01380201522260904 -0.02716005221009254 0.06017576530575752
1478 0.01380201522260904 -0.01906308531761169 0.06827273219823837
1479 0.01380201522260904 -0.01906308531761169 0.05207879468798637
1480 0.01380201522260904 -0.01096611563116312 0.06827273219823837
1481 0.02189898863434792 -0.02716005221009254 0.06017576530575752
1482 0.02189898863434792 -0.02716005221009254 0.06827273219823837
1483 0.02189898863434792 -0.02716005221009254 0.05207879468798637
1484 0.02189898863434792 -0.01906308531761169 0.06827273219823837
1485 0.02189898863434792 -0.01906308531761169 0.07636969536542892
1486 0.02189898863434792 -0.01906308531761169 0.05207879468798637
1487 0.02189898863434792 -0.01096611563116312 0.06827273219823837
1488 0.02189898863434792 -0.01096611563116312 0.07636969536542892
1489 0.02189898863434792 -0.01096611563116312 0.08446667343378067
1490 0.005705046467483044 -0.002869146876037121 0.06827273219823837
1491 0.01380201522260904 -0.002869146876037121 0.07636969536542892
1492 0.01380201522260904 -0.002869146876037121 0.08446667343378067
1493 0.005705046467483044 -0.01096611563116312 0.06827273219823837
1494 0.005705046467483044 -0.01906308531761169 0.06827273219823837
1495 0.01462788122728268 -0.01080246148052909 0.07693732785497412
1496 0.01380201522260904 -0.01906308531761169 0.07636969536542892
1497 -0.006440406665205956 -0.03930550813674927 0.08851515501737595
1498 0.009753530845046043 -0.03930550813674927 0.08851515501737595
1499 0.009753530845046043 -0.05549944192171097 0.08851515501737595
1500 0.01380201522260904 -0.01096611563116312 0.08446667343378067
1501 -0.0550222173333168 -0.006917631253600121 0.05612727999687195
1502 -0.0550222173333168 -0.02311156876385212 0.05612727999687195
1503 -0.0388282835483551 -0.02311156876385212 0.05612727999687195
1504 -0.0388282835483551 -0.03930550813674927 0.05612727999687195
1505 -0.0388282835483551 -0.02311156876385212 0.07232121378183365
1506 -0.0388282835483551 -0.02311156876385212 0.03993334621191025
1507 -0.0388282835483551 -0.006917631253600121 0.03993334621191025
1508 -0.02500750739029521 -0.04141664866017091 0.05856405672418715
1509 -0.02263434417545795 -0.03930550813674927 0.07232121378183365
1510 -0.02710577180235284 -0.04069313121100381 0.04646250339791468
1511 -0.02263434417545795 -0.02311156876385212 0.03993334621191025
1512 -0.02263434417545795 -0.02311156876385212 0.0237394068390131
1513 -0.006440406665205956 -0.03930550813674927 0.03993334621191025
1514 -0.006440406665205956 -0.05549944192171097 0.03993334621191025
1515 -0.006440406665205956 -0.03930550813674927 0.0237394068390131
1516 -0.01252812631641016 -0.02755994817115771 0.05164910590907509
1517 -0.006440406665205956 -0.05549944192171097 0.05612727999687195
1518 -0.002391922287642956 -0.02716005221009254 0.05207879468798637
1519 0.005705046467483044 -0.02716005221009254 0.05207879468798637
1520 -0.003394842270323072 -0.02783786829715792 0.06230735217342522
1521 -0.002391922287642956 -0.01096611563116312 0.06827273219823837
1522 -0.002030961212173018 -0.02151307790284122 0.06806304175120492
1523 -0.0388282835483551 -0.02311156876385212 0.0237394068390131
1524 -0.02263434417545795 -0.03930550813674927 0.0237394068390131
1525 -0.02263434417545795 -0.02311156876385212 0.007545469328761101
1526 0.009753530845046043 -0.03930550813674927 0.0237394068390131
1527 -0.005845855427007422 -0.04023779469870963 0.004615421277187477
1528 -0.006440406665205956 -0.02311156876385212 0.007545469328761101
1529 0.01662248078634814 -0.02984745633754417 0.002469474876175598
1530 -0.006440406665205956 -0.02311156876385212 -0.008648468181490898
1531 0.01380201522260904 -0.01906308531761169 0.04398183152079582
1532 0.009753530845046043 -0.03930550813674927 0.007545469328761101
1533 0.02843978481966497 -0.02451716376187003 0.007624305568150347
1534 0.009753530845046043 -0.02311156876385212 -0.008648468181490898
1535 0.005705046467483044 -0.02716005221009254 0.06017576530575752
1536 0.005434567120358339 -0.02682547532005462 0.06662378767638039
1537 0.004271208815259164 -0.01161274768952549 0.07656650177783707
1538 0.005705046467483044 -0.01906308531761169 0.07636969536542892
1539 0.006603096557427743 -0.0121843127151367 0.08230544625862576
1540 0.01177777349948883 -0.01703884266316891 0.05410303547978401
1541 0.01380201522260904 -0.02716005221009254 0.05207879468798637
1542 0.01380201522260904 -0.03525702282786369 0.05207879468798637
1543 0.01380201522260904 -0.03525702282786369 0.04398183152079582
1544 0.0112722819333479 -0.0637760473477961 0.04288383117107243
1545 0.02594747208058834 -0.03930550813674927 0.007545469328761101
1546 0.01384490353879459 -0.02627659193842038 0.04411048878791449
1547 0.02189898863434792 -0.02716005221009254 0.04398183152079582
1548 0.005705046467483044 -0.02716005221009254 0.04398183152079582
1549 0.01380201522260904 -0.02716005221009254 0.03588486090302467
1550 0.01380201522260904 -0.01906308531761169 0.03588486090302467
1551 0.02189898863434792 -0.01906308531761169 0.03588486090302467
1552 0.04214140772819519 -0.02311156876385212 0.0237394068390131
1553 0.04214140772819519 -0.02311156876385212 0.007545469328761101
1554 0.02594747208058834 -0.02311156876385212 -0.008648468181490898
1555 0.005705046467483044 -0.03525702282786369 0.05207879468798637
1556 0.01448229506469289 -0.03694942078811384 0.06264799237339522
1557 0.01380201522260904 -0.02716005221009254 0.06827273219823837
1558 0.01380201522260904 -0.02716005221009254 0.07636969536542892
1559 0.02999595552682877 -0.01096611563116312 0.04398183152079582
1560 0.03809292241930962 -0.01096611563116312 0.04398183152079582
1561 0.02999595552682877 -0.01906308531761169 0.04398183152079582
1562 0.02189898863434792 -0.01096611563116312 0.03588486090302467
1563 0.02189898863434792 -0.01096611563116312 0.02778789028525352
1564 0.01423409403098357 -0.01079534792832071 0.02107182930679959
1565 0.02327257807199567 -0.006411570537721348 -0.005973576738786913
1566 -0.006440406665205956 -0.006917631253600121 -0.008648468181490898
1567 0.009753530845046043 -0.006917631253600121 -0.0248424056917429
1568 0.01987474597990513 0.007252064067870378 0.05410303547978401
1569 0.01987474597990513 0.007252064067870378 0.05815152451395988
1570 0.02999595552682877 0.005227821879088879 0.06017576530575752
1571 0.01177777349948883 0.007252064067870378 0.06624849140644073
1572 0.01380201522260904 0.005227821879088879 0.07636969536542892
1573 0.01380201522260904 0.005227821879088879 0.08446667343378067
1574 0.005705046467483044 0.005227821879088879 0.07636969536542892
1575 0.01380201522260904 0.01332479063421488 0.07636969536542892
1576 0.01987474597990513 -0.008941873908042908 0.03386062011122704
1577 0.02999595552682877 -0.01096611563116312 0.03588486090302467
1578 0.03809292241930962 -0.01096611563116312 0.03588486090302467
1579 0.04618989303708076 -0.01096611563116312 0.03588486090302467
1580 0.04214140772819519 -0.006917631253600121 0.007545469328761101
1581 0.04214140772819519 -0.006917631253600121 -0.008648468181490898
1582 0.03809292241930962 -0.002869146876037121 0.03588486090302467
1583 0.02999595552682877 -0.01906308531761169 0.03588486090302467
1584 0.02999595552682877 -0.02716005221009254 0.03588486090302467
1585 0.02999595552682877 -0.01096611563116312 0.02778789028525352
1586 0.02999595552682877 -0.002869146876037121 0.02778789028525352
1587 0.02999595552682877 -0.01096611563116312 0.01969092339277267
1588 0.02189898863434792 -0.02716005221009254 0.03588486090302467
1589 0.02189898863434792 -0.01906308531761169 0.02778789028525352
1590 0.02099314261491613 -0.01209605192783956 0.0199714240542398
1591 0.02189898863434792 -0.002869146876037121 0.01969092339277267
1592 0.02999595552682877 -0.002869146876037121 0.03588486090302467
1593 0.02189898863434792 0.005227821879088879 0.03588486090302467
1594 0.02189898863434792 0.005227821879088879 0.02778789028525352
1595 0.02999595552682877 0.005227821879088879 0.02778789028525352
1596 0.02189898863434792 0.01332479063421488 0.02778789028525352
1597 0.02189898863434792 0.005227821879088879 0.01969092339277267
1598 0.02594747208058834 0.009276306256651878 -0.008648468181490898
1599 0.04214140772819519 0.009276306256651878 -0.008648468181490898
1600 0.02594747208058834 0.02547024376690388 -0.008648468181490898
1601 0.02594747208058834 0.009276306256651878 -0.0248424056917429
1602 0.03809292241930962 -0.01096611563116312 0.02778789028525352
1603 0.03809292241930962 -0.01906308531761169 0.02778789028525352
1604 0.02999595552682877 -0.01906308531761169 0.02778789028525352
1605 0.01380201522260904 -0.01906308531761169 0.02778789028525352
1606 0.02189898863434792 -0.02716005221009254 0.02778789028525352
1607 0.02189898863434792 -0.03525702282786369 0.02778789028525352
1608 0.02189898863434792 -0.01906308531761169 0.01969092339277267
1609 0.02112723592387017 -0.0186374180489602 0.01123435891871409
1610 0.02189898863434792 -0.01096611563116312 0.0115939537063241
1611 0.01380201522260904 -0.002869146876037121 0.01969092339277267
1612 0.005705046467483044 -0.002869146876037121 0.01969092339277267
1613 -0.0388282835483551 -0.006917631253600121 0.007545469328761101
1614 -0.02263434417545795 -0.006917631253600121 0.007545469328761101
1615 -0.02263434417545795 -0.006917631253600121 -0.008648468181490898
1616 -0.002391922287642956 -0.002869146876037121 0.01969092339277267
1617 0.01380201522260904 -0.002869146876037121 0.0115939537063241
1618 0.01456525578681096 0.006057429305569119 0.01235719280006695
1619 0.01582625694572926 -0.01299035735428333 0.03386062011122704
1620 0.005705046467483044 -0.02716005221009254 0.03588486090302467
1621 0.01380201522260904 -0.03525702282786369 0.03588486090302467
1622 0.01380201522260904 -0.02716005221009254 0.02778789028525352
1623 0.01380201522260904 -0.01906308531761169 0.01969092339277267
1624 0.005705046467483044 -0.01096611563116312 0.01969092339277267
1625 -0.002391922287642956 -0.01096611563116312 0.01969092339277267
1626 0.01380201522260904 -0.01096611563116312 0.0115939537063241
1627 -0.01858586072921753 -0.01906308531761169 0.03588486090302467
1628 -0.01048889104276896 -0.01096611563116312 0.01969092339277267
1629 -0.002391922287642956 -0.02716005221009254 0.03588486090302467
1630 -0.002391922287642956 -0.03525702282786369 0.03588486090302467
1631 0.005705046467483044 -0.02716005221009254 0.02778789028525352
1632 0.005705046467483044 -0.01906308531761169 0.01969092339277267
1633 0.005390723135994857 -0.009928848899439657 0.01201514736309098
1634 0.02189898863434792 0.01332479063421488 0.03588486090302467
1635 0.01987474597990513 0.01130054891109467 0.03386062011122704
1636 0.02999595552682877 0.005227821879088879 0.03588486090302467
1637 0.02999595552682877 0.01332479063421488 0.02778789028525352
1638 0.03809292241930962 0.01332479063421488 0.02778789028525352
1639 0.04618989303708076 0.01332479063421488 0.02778789028525352
1640 0.04214140772819519 0.02547024376690388 0.007545469328761101
1641 0.04214140772819519 0.02547024376690388 -0.008648468181490898
1642 0.03809292241930962 0.005227821879088879 0.02778789028525352
1643 0.03809292241930962 0.01332479063421488 0.01969092339277267
1644 0.04214140772819519 0.009276306256651878 -0.0248424056917429
1645 0.02999595552682877 0.02142176032066345 0.02778789028525352
1646 0.02189898863434792 0.02142176032066345 0.02778789028525352
1647 0.02999595552682877 0.0295187272131443 0.02778789028525352
1648 0.02594747208058834 0.04166418313980103 0.007545469328761101
1649 0.02594747208058834 0.04166418313980103 -0.008648468181490898
1650 0.02999595552682877 0.02142176032066345 0.03588486090302467
1651 0.02999595552682877 0.02142176032066345 0.01969092339277267
1652 0.02594747208058834 0.02547024376690388 -0.0248424056917429
1653 0.02999595552682877 0.01332479063421488 0.01969092339277267
1654 0.02189898863434792 0.01332479063421488 0.01969092339277267
1655 0.02999595552682877 0.005227821879088879 0.01969092339277267
1656 0.02189898863434792 0.0295187272131443 0.02778789028525352
1657 0.02189898863434792 0.0295187272131443 0.03588486090302467
1658 0.02189898863434792 0.0295187272131443 0.01969092339277267
1659 0.02189898863434792 0.02142176032066345 0.03588486090302467
1660 0.02127310101781416 0.02021208660831535 0.04380931478061242
1661 0.02189898863434792 0.02142176032066345 0.01969092339277267
1662 0.02189898863434792 0.01332479063421488 0.0115939537063241
1663 0.01218162548692762 0.01352049305014661 0.01234102874582345
1664 0.01535115753730708 0.003207134762906415 0.01755433846283186
1665 0.01503183848504456 0.02167991892585633 0.02755510370839824
1666 0.01380201522260904 0.01332479063421488 0.01969092339277267
1667 -0.01858586072921753 0.01332479063421488 0.03588486090302467
1668 -0.0178809138094241 0.02214228004287778 0.03474822228210852
1669 -0.0388282835483551 0.02547024376690388 0.0237394068390131
1670 -0.0388282835483551 0.04166418313980103 0.0237394068390131
1671 -0.0388282835483551 0.02547024376690388 0.007545469328761101
1672 -0.02286534043627919 0.04237516309620819 0.0206876311132808
1673 -0.02263434417545795 0.04166418313980103 0.007545469328761101
1674 -0.02263434417545795 0.02547024376690388 0.007545469328761101
1675 -0.02263434417545795 0.02547024376690388 -0.008648468181490898
1676 -0.01858586072921753 0.01332479063421488 0.02778789028525352
1677 -0.001702361454132619 0.02294069267314909 0.03653158530052678
1678 -0.002391922287642956 0.02142176032066345 0.02778789028525352
1679 -0.01048889104276896 0.02142176032066345 0.02778789028525352
1680 -0.002391922287642956 0.0295187272131443 0.02778789028525352
1681 -0.006440406665205956 0.04166418313980103 0.007545469328761101
1682 -0.006440406665205956 0.04166418313980103 -0.008648468181490898
1683 -0.002391922287642956 0.02142176032066345 0.01969092339277267
1684 -0.006440406665205956 0.02547024376690388 -0.008648468181490898
1685 -0.006440406665205956 0.02547024376690388 -0.0248424056917429
1686 0.005705046467483044 0.02142176032066345 0.03588486090302467
1687 0.005705046467483044 0.02142176032066345 0.02778789028525352
1688 0.005705046467483044 0.01332479063421488 0.01969092339277267
1689 0.005705046467483044 0.01332479063421488 0.0115939537063241
1690 -0.002391922287642956 0.01332479063421488 0.0115939537063241
1691 0.005705046467483044 0.02142176032066345 0.0115939537063241
1692 0.005705046467483044 0.005227821879088879 0.0115939537063241
1693 0.005705046467483044 0.01332479063421488 0.003496984951198101
1694 0.009753530845046043 0.009276306256651878 -0.0248424056917429
1695 -0.006440406665205956 0.009276306256651878 -0.0248424056917429
1696 0.009753530845046043 0.02547024376690388 -0.0248424056917429
1697 0.009753530845046043 0.009276306256651878 -0.04103634506464005
1698 0.01380201522260904 0.02142176032066345 0.03588486090302467
1699 0.01177777349948883 0.01939751766622066 0.03386062011122704
1700 0.005705046467483044 0.0295187272131443 0.03588486090302467
1701 0.01420645647966545 0.02887849986876473 0.02836307475773051
1702 0.01380201522260904 0.03761569783091545 0.02778789028525352
1703 0.005705046467483044 0.03761569783091545 0.02778789028525352
1704 0.01380201522260904 0.0457126684486866 0.02778789028525352
1705 0.01380201522260904 0.03761569783091545 0.01969092339277267
1706 0.00913241940117228 0.03906868461091121 -0.00820109196354806
1707 0.009753530845046043 0.04166418313980103 -0.0248424056917429
1708 0.01380201522260904 0.02142176032066345 0.01969092339277267
1709 0.01380201522260904 0.02142176032066345 0.0115939537063241
1710 0.01380201522260904 0.0295187272131443 0.0115939537063241
1711 0.01750019919340799 0.02219442703157872 0.0003207654347219607
1712 0.009753530845046043 0.02547024376690388 -0.04103634506464005
1713 -0.01048889104276896 0.02142176032066345 0.06017576530575752
1714 -0.01918584779973761 0.02165895770211435 0.062010834420282
1715 -0.002391922287642956 0.0295187272131443 0.06017576530575752
1716 -0.002391922287642956 0.02142176032066345 0.06827273219823837
1717 0.005705046467483044 0.0295187272131443 0.06017576530575752
1718 0.005705046467483044 0.03761569783091545 0.06017576530575752
1719 0.005705046467483044 0.03761569783091545 0.06827273219823837
1720 0.005705046467483044 0.0295187272131443 0.06827273219823837
1721 0.005705046467483044 0.02142176032066345 0.06827273219823837
1722 0.005705046467483044 0.02142176032066345 0.07636969536542892
1723 0.005705046467483044 0.02142176032066345 0.08446667343378067
1724 -0.01858586072921753 0.01332479063421488 0.06017576530575752
1725 -0.01858586072921753 0.01332479063421488 0.06827273219823837
1726 -0.01048889104276896 0.01332479063421488 0.06827273219823837
1727 -0.002391922287642956 0.01332479063421488 0.06827273219823837
1728 -0.002646573656719764 0.01296283796058204 0.07702627055594721
1729 -0.002391922287642956 0.01332479063421488 0.08446667343378067
1730 0.005286869385567668 0.01182106986813703 0.07754503005588737
1731 0.005705046467483044 0.01332479063421488 0.08446667343378067
1732 -0.02668282762169838 0.01332479063421488 0.06017576530575752
1733 -0.03477979823946953 0.01332479063421488 0.06017576530575752
1734 -0.02668282762169838 0.02142176032066345 0.06017576530575752
1735 -0.02668282762169838 0.01332479063421488 0.06827273219823837
1736 -0.01858586072921753 0.005227821879088879 0.06827273219823837
1737 -0.01858586072921753 0.01332479063421488 0.05207879468798637
1738 -0.01858586072921753 0.02142176032066345 0.05207879468798637
1739 -0.01048889104276896 0.0295187272131443 0.06017576530575752
1740 -0.01858586072921753 0.0295187272131443 0.06017576530575752
1741 -0.01048889104276896 0.02142176032066345 0.06827273219823837
1742 -0.01858586072921753 0.02142176032066345 0.06827273219823837
1743 -0.01048889104276896 0.02142176032066345 0.05207879468798637
1744 -0.01048889104276896 0.005227821879088879 0.06827273219823837
1745 -0.01048889104276896 0.01332479063421488 0.07636969536542892
1746 -0.01858586072921753 0.01332479063421488 0.07636969536542892
1747 -0.01048889104276896 0.01332479063421488 0.08446667343378067
1748 -0.01048889104276896 0.03761569783091545 0.06017576530575752
1749 -0.01858586072921753 0.03761569783091545 0.06017576530575752
1750 -0.01048889104276896 0.03761569783091545 0.06827273219823837
1751 -0.01048889104276896 0.0295187272131443 0.06827273219823837
1752 -0.01858586072921753 0.0295187272131443 0.06827273219823837
1753 -0.01048889104276896 0.0295187272131443 0.05207879468798637
1754 -0.01858586072921753 0.0295187272131443 0.05207879468798637
1755 -0.01048889104276896 0.02142176032066345 0.07636969536542892
1756 -0.01858586072921753 0.02142176032066345 0.07636969536542892
1757 -0.01048889104276896 0.02142176032066345 0.08446667343378067
1758 -0.01048889104276896 0.02142176032066345 0.04398183152079582
1759 -0.01858586072921753 0.02142176032066345 0.04398183152079582
1760 -0.02668282762169838 0.01332479063421488 0.05207879468798637
1761 -0.03477979823946953 0.01332479063421488 0.05207879468798637
1762 -0.02668282762169838 0.02142176032066345 0.05207879468798637
1763 -0.01858586072921753 0.01332479063421488 0.04398183152079582
1764 -0.004416164476424456 0.01939751766622066 0.05815152451395988
1765 -0.002391922287642956 0.03761569783091545 0.06017576530575752
1766 -0.002391922287642956 0.03761569783091545 0.06827273219823837
1767 -0.002391922287642956 0.0295187272131443 0.06827273219823837
1768 -0.002391922287642956 0.0295187272131443 0.05207879468798637
1769 -0.002391922287642956 0.02142176032066345 0.07636969536542892
1770 -0.002391922287642956 0.02142176032066345 0.08446667343378067
1771 -0.002391922287642956 0.03761569783091545 0.05207879468798637
1772 -0.002391922287642956 0.03761569783091545 0.04398183152079582
1773 -0.002391922287642956 0.0295187272131443 0.04398183152079582
1774 -0.0003676800988614559 0.01939751766622066 0.05815152451395988
1775 -0.001190704513884867 0.01596138686708999 0.06534959282811129
1776 -0.002391922287642956 -0.002869146876037121 0.06827273219823837
1777 -0.002391922287642956 0.005227821879088879 0.07636969536542892
1778 -0.002391922287642956 0.005227821879088879 0.08446667343378067
1779 -0.002391922287642956 0.0295187272131443 0.07636969536542892
1780 -0.002391922287642956 0.03761569783091545 0.07636969536542892
1781 -0.002391922287642956 0.0295187272131443 0.08446667343378067
1782 -0.01959626103084295 -0.01957156815493797 0.04660548100546601
1783 -0.01015553087938715 -0.02701978813544335 0.04407330510428749
1784 -0.002391922287642956 -0.02716005221009254 0.04398183152079582
1785 -0.002391922287642956 -0.03525702282786369 0.04398183152079582
1786 0.005705046467483044 -0.03525702282786369 0.04398183152079582
1787 0.003680804278701544 0.01939751766622066 0.05410303547978401
1788 -0.0003676800988614559 0.01939751766622066 0.05410303547978401
1789 -0.01858586072921753 -0.01906308531761169 0.06827273219823837
1790 -0.0388282835483551 -0.03930550813674927 0.07232121378183365
1791 -0.01048889104276896 -0.02716005221009254 0.06017576530575752
1792 -0.01048889104276896 -0.02716005221009254 0.06827273219823837
1793 -0.01048889104276896 -0.01906308531761169 0.06827273219823837
1794 -0.01048889104276896 -0.01906308531761169 0.07636969536542892
1795 -0.002391922287642956 -0.03525702282786369 0.06017576530575752
1796 -0.002391922287642956 -0.02716005221009254 0.06827273219823837
1797 -0.002391922287642956 -0.02716005221009254 0.07636969536542892
1798 -0.002391922287642956 -0.01906308531761169 0.07636969536542892
1799 -0.01048889104276896 -0.01096611563116312 0.06827273219823837
1800 -0.01858586072921753 -0.01096611563116312 0.06827273219823837
1801 -0.002391922287642956 -0.01096611563116312 0.07636969536542892
1802 -0.0005898312144502247 -0.01280192882837871 0.08467250672249119
1803 -0.03477979823946953 -0.01096611563116312 0.05207879468798637
1804 -0.03477979823946953 -0.01906308531761169 0.05207879468798637
1805 -0.0388282835483551 -0.03930550813674927 0.03993334621191025
1806 -0.0388282835483551 -0.03930550813674927 0.0237394068390131
1807 -0.0550222173333168 -0.02311156876385212 0.0237394068390131
1808 -0.0388282835483551 -0.02311156876385212 0.007545469328761101
1809 -0.03477979823946953 -0.01096611563116312 0.04398183152079582
1810 -0.02668282762169838 -0.002869146876037121 0.05207879468798637
1811 -0.02668282762169838 -0.002869146876037121 0.06017576530575752
1812 -0.02667121363086818 -0.018087574639374 0.05174294842377673
1813 -0.02668282762169838 -0.01096611563116312 0.06827273219823837
1814 -0.02668282762169838 -0.01096611563116312 0.04398183152079582
1815 -0.01858586072921753 -0.002869146876037121 0.06827273219823837
1816 -0.01858586072921753 -0.02716005221009254 0.05207879468798637
1817 -0.01976078752508198 -0.03532401372557287 0.05218848878026181
1818 -0.02263434417545795 -0.05549944192171097 0.0237394068390131
1819 -0.02263434417545795 -0.03930550813674927 0.007545469328761101
1820 -0.01167675663200147 -0.03855848374873769 0.05250931967473198
1821 -0.01069131521508097 -0.00307157109491527 0.06807030811905861
1822 -0.01032458617692256 -0.01084562553889771 0.07639818085814074
1823 -0.01858586072921753 -0.01096611563116312 0.07636969536542892
1824 -0.01048889104276896 -0.01096611563116312 0.08446667343378067
1825 -0.001526607974369248 -0.001113112114387484 0.07620207334578097
1826 -0.002391922287642956 -0.002869146876037121 0.08446667343378067
1827 -0.004416164476424456 -0.02108732797205448 0.05410303547978401
1828 -0.002391922287642956 -0.03525702282786369 0.05207879468798637
1829 -0.005030917533454174 -0.04434742138520138 0.05241411262377692
1830 -0.00305394268858918 -0.04933920673246737 0.05008644548271853
1831 -0.02668282762169838 0.005227821879088879 0.05207879468798637
1832 -0.03477979823946953 0.005227821879088879 0.05207879468798637
1833 -0.02743432454429767 0.006479044711474743 0.05874756676620486
1834 -0.03456882277710837 0.005265902526118293 0.06014008239193312
1835 -0.02790332796006988 0.006785694542194031 0.06852079961955211
1836 -0.01858586072921753 0.005227821879088879 0.07636969536542892
1837 -0.01048889104276896 0.005227821879088879 0.07636969536542892
1838 -0.01048889104276896 0.005227821879088879 0.08446667343378067
1839 -0.02061010338366032 0.007252064067870378 0.05410303547978401
1840 -0.04287676885724068 0.005227821879088879 0.05207879468798637
1841 -0.04986996144096504 0.005638075196483021 0.0505735582812166
1842 -0.04287676885724068 0.01332479063421488 0.05207879468798637
1843 -0.04287676885724068 0.005227821879088879 0.06017576530575752
1844 -0.04287676885724068 0.005227821879088879 0.04398183152079582
1845 -0.03477979823946953 0.01332479063421488 0.04398183152079582
1846 -0.0388282835483551 0.04166418313980103 0.03993334621191025
1847 -0.03477979823946953 -0.002869146876037121 0.05207879468798637
1848 -0.03396350044150839 0.003189207192021477 0.04311786515379204
1849 -0.03477979823946953 0.005227821879088879 0.03588486090302467
1850 -0.04007844256399162 0.01163026561084497 0.006216903374118912
1851 -0.02668282762169838 0.0295187272131443 0.05207879468798637
1852 -0.02668282762169838 0.02142176032066345 0.04398183152079582
1853 -0.02668282762169838 0.01332479063421488 0.04398183152079582
1854 -0.02668282762169838 -0.002869146876037121 0.04398183152079582
1855 -0.02668282762169838 0.005227821879088879 0.04398183152079582
1856 -0.02668282762169838 0.005227821879088879 0.03588486090302467
1857 -0.02668282762169838 0.005227821879088879 0.02778789028525352
1858 -0.01858586072921753 0.03761569783091545 0.05207879468798637
1859 -0.02422262511177699 0.05562414788591947 0.04150059469000589
1860 -0.01858586072921753 0.0295187272131443 0.04398183152079582
1861 -0.01062535712649955 0.03947107299736498 0.05306920230962627
1862 -0.01048889104276896 0.03761569783091545 0.04398183152079582
1863 -0.01048889104276896 0.0295187272131443 0.04398183152079582
1864 -0.01174317612134317 0.02208383354799377 0.03452913929001896
1865 -0.04287676885724068 0.01332479063421488 0.06017576530575752
1866 -0.02668282762169838 0.0295187272131443 0.06017576530575752
1867 -0.02668282762169838 0.02142176032066345 0.06827273219823837
1868 -0.02668282762169838 0.01332479063421488 0.07636969536542892
1869 -0.01048889104276896 -0.002869146876037121 0.01969092339277267
1870 -0.00135589301667506 -0.02741906094269311 0.02728980065220521
1871 -0.002391922287642956 -0.01906308531761169 0.01969092339277267
1872 -0.003022278429224867 -0.01752714623792987 0.01282803179915061
1873 -0.02263434417545795 -0.02311156876385212 -0.008648468181490898
1874 -0.005993190473506553 -0.03384476019515446 -0.009966579440389563
1875 -0.006440406665205956 -0.02311156876385212 -0.0248424056917429
1876 -0.002391922287642956 -0.01096611563116312 0.0115939537063241
1877 -0.02668282762169838 -0.002869146876037121 0.03588486090302467
1878 -0.02668282762169838 -0.002869146876037121 0.02778789028525352
1879 -0.03477979823946953 -0.002869146876037121 0.02778789028525352
1880 -0.0388282835483551 -0.006917631253600121 -0.008648468181490898
1881 -0.01858586072921753 -0.002869146876037121 0.01969092339277267
1882 -0.01858586072921753 0.005227821879088879 0.01969092339277267
1883 -0.02369842713210207 0.01314481184555115 -0.009390314903014519
1884 -0.02263434417545795 0.009276306256651878 -0.0248424056917429
1885 -0.01858586072921753 -0.002869146876037121 0.0115939537063241
1886 -0.02263434417545795 -0.006917631253600121 -0.0248424056917429
1887 -0.01048889104276896 0.005227821879088879 0.01969092339277267
1888 -0.01020270535173105 0.004487926466418175 0.01123098643658866
1889 -0.01122881420931413 -0.001134728288758586 0.0108000780658334
1890 -0.02668282762169838 -0.01096611563116312 0.03588486090302467
1891 -0.01048889104276896 -0.02716005221009254 0.03588486090302467
1892 -0.02668282762169838 -0.01906308531761169 0.03588486090302467
1893 -0.01858586072921753 -0.02716005221009254 0.03588486090302467
1894 -0.01083191025525346 -0.0358087271730587 0.0364525258745431
1895 -0.01048889104276896 -0.02716005221009254 0.02778789028525352
1896 -0.009217386066921164 -0.0191286418639353 0.01936995870203552
1897 -0.01858586072921753 -0.01096611563116312 0.01969092339277267
1898 -0.01048889104276896 -0.01096611563116312 0.0115939537063241
1899 -0.02061010338366032 -0.008941873908042908 0.03386062011122704
1900 -0.03477979823946953 -0.01096611563116312 0.03588486090302467
1901 -0.04287676885724068 -0.01096611563116312 0.03588486090302467
1902 -0.05097373202443123 -0.01096611563116312 0.03588486090302467
1903 -0.03400429461823046 -0.002371084668534802 0.0356926976910661
1904 -0.03477979823946953 -0.01906308531761169 0.03588486090302467
1905 -0.03477979823946953 -0.01906308531761169 0.02778789028525352
1906 -0.0388282835483551 -0.03930550813674927 0.007545469328761101
1907 -0.0388282835483551 -0.02311156876385212 -0.008648468181490898
1908 -0.03477979823946953 -0.01096611563116312 0.02778789028525352
1909 -0.02668282762169838 -0.02716005221009254 0.03588486090302467
1910 -0.02668282762169838 -0.01906308531761169 0.04398183152079582
1911 -0.02433393897345858 -0.01693591302660619 0.02807588595635961
1912 -0.02668282762169838 -0.01096611563116312 0.01969092339277267
1913 -0.01858586072921753 -0.02716005221009254 0.02778789028525352
1914 -0.01858586072921753 -0.03525702282786369 0.02778789028525352
1915 -0.02263434417545795 -0.03930550813674927 -0.008648468181490898
1916 -0.01858586072921753 -0.01906308531761169 0.01969092339277267
1917 -0.01858586072921753 -0.01906308531761169 0.0115939537063241
1918 -0.02263434417545795 -0.02311156876385212 -0.0248424056917429
1919 -0.01858586072921753 -0.01096611563116312 0.0115939537063241
1920 -0.004416164476424456 0.01939751766622066 0.05410303547978401
1921 -0.02668282762169838 -0.002869146876037121 0.06827273219823837
1922 -0.01048889104276896 -0.002869146876037121 0.07636969536542892
1923 -0.01048889104276896 -0.002869146876037121 0.08446667343378067
1924 -0.02061010338366032 -0.000844904687255621 0.05410303547978401
1925 -0.02465858496725559 -0.000844904687255621 0.05410303547978401
1926 -0.03036667710506985 -0.0006209162277742559 0.053543313528406
1927 -0.04287676885724068 -0.002869146876037121 0.05207879468798637
1928 -0.05097373202443123 -0.002869146876037121 0.05207879468798637
1929 -0.04689462963249229 -0.01412775148712892 0.05367114587310311
1930 -0.04287676885724068 -0.002869146876037121 0.06017576530575752
1931 -0.04287676885724068 -0.002869146876037121 0.04398183152079582
1932 -0.03477979823946953 -0.002869146876037121 0.06017576530575752
1933 -0.03477979823946953 -0.01096611563116312 0.06017576530575752
1934 -0.03477979823946953 -0.002869146876037121 0.06827273219823837
1935 -0.03462985448861204 -0.00279417506959524 0.04555623923186897
1936 -0.02532087636413161 -0.004869165962242733 0.05471448581934542
1937 -0.02465858496725559 -0.000844904687255621 0.05005455389618874
1938 -0.01928839981056477 -0.004069639400705522 0.05436240975072103
1939 -0.02061010338366032 -0.004893389064818621 0.05815152451395988
1940 -0.02061010338366032 -0.004893389064818621 0.05005455389618874
1941 -0.02061010338366032 -0.000844904687255621 0.05815152451395988
1942 -0.02061010338366032 -0.000844904687255621 0.06220000609755516
1943 -0.01858586072921753 -0.002869146876037121 0.07636969536542892
1944 -0.01858586072921753 -0.002869146876037121 0.08446667343378067
1945 -0.02061010338366032 -0.000844904687255621 0.05005455389618874
1946 -0.02061010338366032 -0.000844904687255621 0.04600607231259346
1947 -0.002391922287642956 0.005227821879088879 0.01969092339277267
1948 -0.00267808054783011 0.004692057623071114 0.01131404621856785
1949 0.005705046467483044 0.005227821879088879 0.01969092339277267
1950 -0.002391922287642956 0.01332479063421488 0.01969092339277267
1951 -0.02609801656155807 0.01292230260300099 0.03690015852479828
1952 -0.03477979823946953 0.01332479063421488 0.03588486090302467
1953 -0.02648459148925668 0.02004912090063243 0.0351411868347883
1954 -0.02668282762169838 0.01332479063421488 0.02778789028525352
1955 -0.01858586072921753 0.0295187272131443 0.03588486090302467
1956 -0.01740570022428502 0.01248499224353627 0.02000306292463778
1957 -0.01110003106372324 0.02962370508781495 0.03553626162312774
1958 -0.01048889104276896 0.03761569783091545 0.03588486090302467
1959 -0.01048889104276896 0.0295187272131443 0.02778789028525352
1960 -0.01048889104276896 0.02142176032066345 0.01969092339277267
1961 -0.01048889104276896 0.01332479063421488 0.01969092339277267
1962 -0.01048889104276896 0.01332479063421488 0.0115939537063241
1963 -0.01728044262162172 0.02106373727302387 0.02693149621201082
1964 -0.02061010338366032 0.007252064067870378 0.03386062011122704
1965 -0.04287676885724068 0.005227821879088879 0.03588486090302467
1966 -0.04287676885724068 0.01332479063421488 0.03588486090302467
1967 -0.03477979823946953 0.005227821879088879 0.02778789028525352
1968 -0.02668282762169838 0.005227821879088879 0.01969092339277267
1969 -0.02668282762169838 0.01332479063421488 0.01969092339277267
1970 -0.01858586072921753 0.005227821879088879 0.0115939537063241
1971 -0.0003676800988614559 0.01939751766622066 0.03386062011122704
1972 -0.002391922287642956 0.0295187272131443 0.03588486090302467
1973 -0.002391922287642956 0.03761569783091545 0.03588486090302467
1974 -0.002391922287642956 0.0457126684486866 0.03588486090302467
1975 -0.002391922287642956 0.0295187272131443 0.01969092339277267
1976 0.005705046467483044 0.0295187272131443 0.02778789028525352
1977 -0.002391922287642956 0.03761569783091545 0.02778789028525352
1978 0.005705046467483044 0.02142176032066345 0.01969092339277267
1979 -0.002391922287642956 0.02142176032066345 0.0115939537063241
1980 -0.002391922287642956 0.01332479063421488 0.003496984951198101
1981 -0.006440406665205956 -0.006917631253600121 -0.0248424056917429
1982 -0.006440406665205956 0.009276306256651878 -0.04103634506464005
1983 -0.008139085303921056 0.01774993043557032 0.0345856651666868
1984 -0.02668282762169838 0.02142176032066345 0.02778789028525352
1985 -0.03477979823946953 0.02142176032066345 0.02778789028525352
1986 -0.0388282835483551 0.04166418313980103 0.007545469328761101
1987 -0.0388282835483551 0.02547024376690388 -0.008648468181490898
1988 -0.01858586072921753 0.0295187272131443 0.02778789028525352
1989 -0.01858586072921753 0.03761569783091545 0.02778789028525352
1990 -0.02263434417545795 0.04166418313980103 -0.008648468181490898
1991 -0.01858586072921753 0.02142176032066345 0.01969092339277267
1992 -0.01858586072921753 0.02142176032066345 0.0115939537063241
1993 -0.02263434417545795 0.02547024376690388 -0.0248424056917429
1994 -0.01048889104276896 0.03761569783091545 0.02778789028525352
1995 -0.01048889104276896 0.0295187272131443 0.01969092339277267
1996 -0.01048889104276896 0.02142176032066345 0.0115939537063241
1997 -0.004487919421107844 0.01917114553294936 0.0346796868984568
1998 0.005705046467483044 0.0295187272131443 0.04398183152079582
1999 -0.002391922287642956 0.0457126684486866 0.04398183152079582
2000 0.003680804278701544 0.01939751766622066 0.03790910169482231
2001 0.003680804278701544 0.01939751766622066 0.04195759072899818
2002 0.01380201522260904 0.02142176032066345 0.04398183152079582
2003 0.007729288656264544 0.01939751766622066 0.05410303547978401
2004 0.003680804278701544 0.02344600297510624 0.05410303547978401
2005 0.01380201522260904 0.0295187272131443 0.05207879468798637
2006 0.02072252175283072 0.02906992392364972 0.05301462032865312
2007 0.02189898863434792 0.03761569783091545 0.05207879468798637
2008 0.02189898863434792 0.0295187272131443 0.04398183152079582
2009 0.01214888628675713 0.03980862396484655 0.0509654645334618
2010 0.01380201522260904 0.0295187272131443 0.04398183152079582
2011 0.004071145491132157 0.04530604980279516 0.05272305245664322
2012 0.005705046467483044 0.05380963161587715 0.05207879468798637
2013 0.005705046467483044 0.03761569783091545 0.04398183152079582
2014 0.003680804278701544 0.01939751766622066 0.05815152451395988
2015 0.003680804278701544 0.01939751766622066 0.05005455389618874
2016 0.005705046467483044 -0.03525702282786369 0.03588486090302467
2017 -0.002391922287642956 -0.03525702282786369 0.02778789028525352
2018 -0.002391922287642956 -0.02716005221009254 0.01969092339277267
2019 -0.02061010338366032 0.003203579690307379 0.03790910169482231
2020 0.005705046467483044 -0.002869146876037121 0.0115939537063241
2021 0.003680804278701544 -0.01299035735428333 0.02576364763081074
2022 0.003680804278701544 -0.01299035735428333 0.02171516604721546
2023 0.005705046467483044 -0.02716005221009254 0.01969092339277267
2024 0.01380201522260904 -0.02716005221009254 0.01969092339277267
2025 0.005705046467483044 -0.03525702282786369 0.01969092339277267
2026 0.02594747208058834 -0.03930550813674927 -0.008648468181490898
2027 0.009753530845046043 -0.03930550813674927 -0.008648468181490898
2028 0.009753530845046043 -0.03930550813674927 -0.0248424056917429
2029 0.005705046467483044 -0.02716005221009254 0.0115939537063241
2030 0.005705046467483044 -0.01906308531761169 0.0115939537063241
2031 0.01339528981985972 -0.02009514843545606 0.01223863170385672
2032 0.008734025815031694 -0.02113105597598949 0.0002541889676267506
2033 0.04214140772819519 -0.02311156876385212 -0.008648468181490898
2034 0.02594747208058834 -0.02311156876385212 -0.0248424056917429
2035 0.009753530845046043 -0.02311156876385212 -0.0248424056917429
2036 0.009753530845046043 -0.02311156876385212 -0.04103634506464005
2037 0.01987474597990513 -0.004893389064818621 0.05410303547978401
2038 0.01987474597990513 -0.004893389064818621 0.05815152451395988
2039 -0.02061010338366032 -0.000844904687255621 0.03790910169482231
2040 -0.02515668733854334 0.0003561432621651875 0.03812430217292897
2041 -0.02061010338366032 -0.000844904687255621 0.04195759072899818
2042 -0.02668282762169838 -0.01906308531761169 0.06017576530575752
2043 -0.01858586072921753 -0.02716005221009254 0.06017576530575752
2044 -0.01112796090792146 -0.03613795996740227 0.0596028631930117
2045 0.01987474597990513 -0.008941873908042908 0.04600607231259346
2046 0.0239232312887907 -0.008941873908042908 0.04600607231259346
2047 0.04618989303708076 -0.01096611563116312 0.04398183152079582
2048 0.04618989303708076 -0.002869146876037121 0.04398183152079582
2049 0.03809292241930962 -0.01906308531761169 0.04398183152079582
2050 0.03809292241930962 -0.01906308531761169 0.05207879468798637
2051 0.03809292241930962 -0.01096611563116312 0.05207879468798637
2052 0.02999595552682877 -0.02716005221009254 0.04398183152079582
2053 0.02999595552682877 -0.02716005221009254 0.05207879468798637
2054 0.01582625694572926 -0.01299035735428333 0.04600607231259346
2055 0.01582625694572926 -0.01703884266316891 0.04600607231259346
2056 0.02189898863434792 -0.03525702282786369 0.04398183152079582
2057 0.01987474597990513 -0.004893389064818621 0.05005455389618874
2058 0.01987474597990513 0.007252064067870378 0.03790910169482231
2059 0.03809292241930962 0.005227821879088879 0.04398183152079582
2060 0.02999595552682877 0.01332479063421488 0.04398183152079582
2061 0.02804374832085401 0.0208190459903774 0.04544894851346212
2062 0.02307508501624672 0.0149579663762151 0.04244820973370661
2063 0.005705046467483044 0.005227821879088879 0.003496984951198101
2064 0.01987474597990513 -0.000844904687255621 0.04195759072899818
2065 0.01987474597990513 -0.000844904687255621 0.03790910169482231
2066 0.01987474597990513 -0.004893389064818621 0.03790910169482231
2067 0.0239232312887907 -0.004893389064818621 0.03790910169482231
2068 0.04618989303708076 -0.002869146876037121 0.03588486090302467
2069 0.03809292241930962 0.005227821879088879 0.03588486090302467
2070 0.03809292241930962 -0.002869146876037121 0.02778789028525352
2071 0.02999595552682877 -0.002869146876037121 0.01969092339277267
2072 0.01987474597990513 -0.008941873908042908 0.03790910169482231
2073 0.01987474597990513 -0.004893389064818621 0.03386062011122704
2074 0.02189898863434792 -0.002869146876037121 0.0115939537063241
2075 0.0239232312887907 -0.008941873908042908 0.03790910169482231
2076 0.03809292241930962 -0.01906308531761169 0.03588486090302467
2077 0.01987474597990513 -0.01299035735428333 0.03790910169482231
2078 0.02189898863434792 -0.03525702282786369 0.03588486090302467
2079 0.01582625694572926 -0.01299035735428333 0.03790910169482231
2080 0.01582625694572926 -0.01703884266316891 0.03790910169482231
2081 0.01582625694572926 -0.01299035735428333 0.04195759072899818
2082 0.01177777349948883 -0.01703884266316891 0.03790910169482231
2083 0.01582625694572926 -0.01299035735428333 0.05005455389618874
2084 0.01177777349948883 -0.01703884266316891 0.05005455389618874
2085 -0.02061010338366032 0.003203579690307379 0.05410303547978401
2086 -0.02465858496725559 0.003203579690307379 0.05410303547978401
2087 -0.02465858496725559 0.003203579690307379 0.05815152451395988
2088 -0.02061010338366032 0.003203579690307379 0.05815152451395988
2089 -0.02061010338366032 0.003203579690307379 0.05005455389618874
2090 -0.01656161807477474 0.003203579690307379 0.06624849140644073
2091 0.01987474597990513 0.007252064067870378 0.03386062011122704
2092 0.01987474597990513 0.007252064067870378 0.02981213293969631
2093 0.01177777349948883 0.007252064067870378 0.02576364763081074
2094 0.01177777349948883 0.007252064067870378 0.02171516604721546
2095 0.02189898863434792 0.005227821879088879 0.0115939537063241
2096 0.01380201522260904 0.005227821879088879 0.003496984951198101
2097 -0.008464649319648743 0.01130054891109467 0.06624849140644073
2098 -0.0003676800988614559 -0.02108732797205448 0.05005455389618874
2099 -0.004416164476424456 -0.02108732797205448 0.05005455389618874
2100 -0.01858586072921753 -0.02716005221009254 0.04398183152079582
2101 -0.009622684150501555 -0.03947133555841668 0.04534516557610966
2102 -0.0003676800988614559 -0.02108732797205448 0.05410303547978401
2103 -0.0003676800988614559 -0.02108732797205448 0.04600607231259346
2104 -0.002391922287642956 -0.04335399344563484 0.04398183152079582
2105 0.01987474597990513 -0.004893389064818621 0.02981213293969631
2106 0.01582625694572926 -0.004893389064818621 0.02576364763081074
2107 0.01582625694572926 -0.004893389064818621 0.02171516604721546
2108 0.007729288656264544 -0.004893389064818621 0.02576364763081074
2109 0.007729288656264544 -0.004893389064818621 0.02171516604721546
2110 -0.002391922287642956 -0.002869146876037121 0.0115939537063241
2111 0.005705046467483044 -0.002869146876037121 0.003496984951198101
2112 0.02594747208058834 -0.006917631253600121 -0.0248424056917429
2113 0.009753530845046043 -0.006917631253600121 -0.04103634506464005
2114 0.01177777349948883 -0.000844904687255621 0.02576364763081074
2115 0.01177777349948883 -0.004893389064818621 0.02576364763081074
2116 0.01177777349948883 -0.008941873908042908 0.02576364763081074
2117 0.01177777349948883 -0.004893389064818621 0.02171516604721546
2118 0.01582625694572926 0.007252064067870378 0.02576364763081074
2119 0.007729288656264544 0.007252064067870378 0.02576364763081074
2120 0.007729288656264544 0.007252064067870378 0.02171516604721546
2121 0.01177777349948883 0.003203579690307379 0.02576364763081074
2122 0.01177777349948883 0.01130054891109467 0.02576364763081074
2123 0.01987474597990513 -0.01299035735428333 0.03386062011122704
2124 0.01582625694572926 -0.01703884266316891 0.03386062011122704
2125 0.01582625694572926 -0.01299035735428333 0.02981213293969631
2126 0.01177777349948883 -0.01703884266316891 0.03386062011122704
2127 0.01177777349948883 -0.02108732797205448 0.03386062011122704
2128 0.01380201522260904 -0.04335399344563484 0.03588486090302467
2129 0.01984210049446123 -0.05478327600587993 0.03881765605323636
2130 0.01380201522260904 -0.03525702282786369 0.02778789028525352
2131 0.01177777349948883 -0.01703884266316891 0.02981213293969631
2132 0.01177777349948883 -0.01299035735428333 0.02576364763081074
2133 0.007729288656264544 -0.02108732797205448 0.04600607231259346
2134 0.005705046467483044 -0.04335399344563484 0.04398183152079582
2135 0.003680804278701544 -0.02108732797205448 0.04600607231259346
2136 0.007729288656264544 -0.02108732797205448 0.04195759072899818
2137 0.003680804278701544 -0.02108732797205448 0.04195759072899818
2138 -0.0003676800988614559 -0.02108732797205448 0.04195759072899818
2139 0.01987474597990513 -0.008941873908042908 0.05815152451395988
2140 0.01582625694572926 -0.01299035735428333 0.05815152451395988
2141 0.01582625694572926 -0.008941873908042908 0.06624849140644073
2142 0.02999595552682877 -0.002869146876037121 0.06827273219823837
2143 0.03809292241930962 -0.002869146876037121 0.06827273219823837
2144 0.02999595552682877 -0.01096611563116312 0.07636969536542892
2145 0.03809292241930962 -0.01096611563116312 0.07636969536542892
2146 0.02999595552682877 -0.01906308531761169 0.07636969536542892
2147 0.02999595552682877 -0.01096611563116312 0.08446667343378067
2148 0.02189898863434792 -0.002869146876037121 0.07636969536542892
2149 0.02189898863434792 -0.002869146876037121 0.08446667343378067
2150 0.005705046467483044 -0.002869146876037121 0.07636969536542892
2151 0.005705046467483044 -0.002869146876037121 0.08446667343378067
2152 0.005705046467483044 -0.03525702282786369 0.06017576530575752
2153 0.01177777349948883 -0.01703884266316891 0.05815152451395988
2154 0.007729288656264544 -0.008941873908042908 0.06624849140644073
2155 0.01177777349948883 -0.008941873908042908 0.06624849140644073
2156 0.007729288656264544 0.01939751766622066 0.05815152451395988
2157 0.00770882885521054 0.01134868028516358 0.06547238223744541
2158 0.01987474597990513 0.01130054891109467 0.05815152451395988
2159 0.01582625694572926 0.01534903235733509 0.05815152451395988
2160 0.01177777349948883 0.01939751766622066 0.05815152451395988
2161 0.007729288656264544 0.01939751766622066 0.03386062011122704
2162 0.005705046467483044 0.0457126684486866 0.02778789028525352
2163 0.005705046467483044 0.03761569783091545 0.01969092339277267
2164 0.005705046467483044 0.0295187272131443 0.01969092339277267
2165 0.005705046467483044 0.0295187272131443 0.0115939537063241
2166 0.005705046467483044 0.02142176032066345 0.003496984951198101
2167 0.01987474597990513 0.01130054891109467 0.02981213293969631
2168 0.01582625694572926 0.01534903235733509 0.02981213293969631
2169 0.01582625694572926 0.01130054891109467 0.02576364763081074
2170 0.01177777349948883 0.01939751766622066 0.02981213293969631
2171 0.01177777349948883 0.01534903235733509 0.02576364763081074
2172 0.003680804278701544 -0.02108732797205448 0.05410303547978401
2173 0.003380459176546705 -0.02606153300225637 0.05423058244697251
2174 0.003680804278701544 -0.02108732797205448 0.03790910169482231
2175 0.003680804278701544 -0.02513580955564976 0.03790910169482231
2176 0.005705046467483044 -0.04335399344563484 0.03588486090302467
2177 0.005705046467483044 -0.03525702282786369 0.02778789028525352
2178 -0.002391922287642956 -0.04335399344563484 0.03588486090302467
2179 -0.01656161807477474 -0.01299035735428333 0.04195759072899818
2180 -0.03477979823946953 -0.01906308531761169 0.04398183152079582
2181 -0.02668282762169838 -0.02716005221009254 0.04398183152079582
2182 -0.01833260572348436 -0.03286914932740761 0.04400118409006044
2183 -0.004416164476424456 -0.02108732797205448 0.04195759072899818
2184 -0.004416164476424456 -0.02108732797205448 0.04600607231259346
2185 -0.02465858496725559 -0.000844904687255621 0.04195759072899818
2186 -0.02465858496725559 0.003203579690307379 0.04195759072899818
2187 -0.02061010338366032 -0.004893389064818621 0.04195759072899818
2188 -0.02465858496725559 -0.004893389064818621 0.05005455389618874
2189 -0.02668282762169838 -0.02716005221009254 0.05207879468798637
2190 -0.02061010338366032 -0.004893389064818621 0.04600607231259346
2191 -0.01048889104276896 0.01332479063421488 0.09256363660097122
2192 -0.008464649319648743 0.01939751766622066 0.05815152451395988
2193 -0.01656161807477474 0.01130054891109467 0.05815152451395988
2194 -0.01400380170154283 0.01824961199223556 0.05844641655641886
2195 -0.03477979823946953 0.02142176032066345 0.06017576530575752
2196 -0.02668282762169838 0.03761569783091545 0.06017576530575752
2197 -0.01858586072921753 0.0457126684486866 0.06017576530575752
2198 -0.02668282762169838 0.0295187272131443 0.06827273219823837
2199 -0.0193598338132516 0.03172158087449869 0.07857255234119601
2200 -0.02668282762169838 0.02142176032066345 0.07636969536542892
2201 -0.008464649319648743 0.02344600297510624 0.05815152451395988
2202 -0.009973962874956112 0.04474348057671228 0.05938393743730909
2203 -0.01346617833173875 0.05453065985500676 0.05763632790349141
2204 -0.01048889104276896 0.0457126684486866 0.06827273219823837
2205 -0.01048889104276896 0.03761569783091545 0.07636969536542892
2206 -0.01048889104276896 0.0295187272131443 0.07636969536542892
2207 -0.01048889104276896 0.0295187272131443 0.08446667343378067
2208 -0.008464649319648743 0.01939751766622066 0.06220000609755516
2209 -0.01048889104276896 0.02142176032066345 0.09256363660097122
2210 -0.002391922287642956 0.005227821879088879 0.09256363660097122
2211 -0.004416164476424456 0.01130054891109467 0.06624849140644073
2212 -0.008464649319648743 0.007252064067870378 0.06624849140644073
2213 -0.02061010338366032 -0.000844904687255621 0.03386062011122704
2214 -0.02465858496725559 -0.000844904687255621 0.03386062011122704
2215 -0.04287676885724068 -0.002869146876037121 0.02778789028525352
2216 -0.03477979823946953 -0.002869146876037121 0.01969092339277267
2217 -0.0550222173333168 -0.006917631253600121 -0.008648468181490898
2218 -0.0388282835483551 -0.006917631253600121 -0.0248424056917429
2219 -0.0388282835483551 -0.006917631253600121 -0.04103634506464005
2220 -0.02578652289667722 -0.002484518248044785 0.01986772890994525
2221 -0.02668282762169838 -0.002869146876037121 0.0115939537063241
2222 -0.02061010338366032 0.003203579690307379 0.03386062011122704
2223 -0.02061010338366032 -0.004893389064818621 0.03386062011122704
2224 -0.02061010338366032 -0.000844904687255621 0.02981213293969631
2225 -0.01656161807477474 -0.000844904687255621 0.02576364763081074
2226 -0.01858586072921753 -0.002869146876037121 0.003496984951198101
2227 -0.02263434417545795 -0.006917631253600121 -0.04103634506464005
2228 -0.02263434417545795 -0.02311156876385212 -0.04103634506464005
2229 -0.004416164476424456 0.01939751766622066 0.05005455389618874
2230 -0.0003676800988614559 0.01939751766622066 0.05005455389618874
2231 -0.004416164476424456 0.02344600297510624 0.05005455389618874
2232 -0.002391922287642956 0.0457126684486866 0.05207879468798637
2233 -0.002391922287642956 0.05380963161587715 0.05207879468798637
2234 -0.01251313276588917 0.01534903235733509 0.05005455389618874
2235 -0.008464649319648743 0.01939751766622066 0.05005455389618874
2236 -0.008464649319648743 0.01939751766622066 0.04600607231259346
2237 -0.004416164476424456 0.01939751766622066 0.04600607231259346
2238 -0.02061010338366032 0.003203579690307379 0.06220000609755516
2239 -0.02465858496725559 0.003203579690307379 0.06220000609755516
2240 -0.03477979823946953 0.005227821879088879 0.06827273219823837
2241 -0.02668282762169838 0.005227821879088879 0.07636969536542892
2242 -0.04287676885724068 0.005227821879088879 0.06827273219823837
2243 -0.05097373202443123 0.005227821879088879 0.06827273219823837
2244 -0.03477979823946953 0.01332479063421488 0.06827273219823837
2245 -0.03347144569594419 0.004511931841995648 0.07540695160153096
2246 -0.03477979823946953 0.005227821879088879 0.08446667343378067
2247 -0.02668282762169838 -0.002869146876037121 0.07636969536542892
2248 -0.02668282762169838 0.005227821879088879 0.08446667343378067
2249 -0.02061010338366032 0.003203579690307379 0.06624849140644073
2250 -0.01858586072921753 0.005227821879088879 0.08446667343378067
2251 -0.01656161807477474 -0.000844904687255621 0.06624849140644073
2252 -0.01656161807477474 0.01130054891109467 0.04600607231259346
2253 -0.02061010338366032 0.007252064067870378 0.04600607231259346
2254 -0.02465858496725559 0.007252064067870378 0.04600607231259346
2255 -0.04287676885724068 0.01332479063421488 0.04398183152079582
2256 -0.03477979823946953 0.02142176032066345 0.04398183152079582
2257 -0.02668282762169838 0.0295187272131443 0.04398183152079582
2258 -0.02668282762169838 0.0295187272131443 0.03588486090302467
2259 -0.01251313276588917 0.01534903235733509 0.04600607231259346
2260 -0.03477979823946953 -0.01096611563116312 0.06827273219823837
2261 -0.02668282762169838 -0.01906308531761169 0.06827273219823837
2262 -0.01858586072921753 -0.02716005221009254 0.06827273219823837
2263 -0.01858586072921753 -0.01906308531761169 0.07636969536542892
2264 -0.01858586072921753 -0.01096611563116312 0.08446667343378067
2265 -0.01251313276588917 -0.008941873908042908 0.06624849140644073
2266 -0.01251313276588917 -0.004893389064818621 0.06624849140644073
2267 -0.008464649319648743 -0.008941873908042908 0.02576364763081074
2268 -0.008464649319648743 -0.008941873908042908 0.02171516604721546
2269 -0.02465858496725559 -0.008941873908042908 0.02981213293969631
2270 -0.01733532022446032 -0.01679872988451681 0.02679041094853256
2271 -0.01656161807477474 -0.008941873908042908 0.02576364763081074
2272 -0.01656161807477474 -0.008941873908042908 0.02171516604721546
2273 -0.01251313276588917 -0.004893389064818621 0.02576364763081074
2274 -0.01251313276588917 -0.004893389064818621 0.02171516604721546
2275 -0.01251313276588917 -0.01703884266316891 0.02981213293969631
2276 -0.01251313276588917 -0.02108732797205448 0.02981213293969631
2277 -0.01048889104276896 -0.03525702282786369 0.02778789028525352
2278 -0.01048889104276896 -0.04335399344563484 0.02778789028525352
2279 -0.006440406665205956 -0.05549944192171097 -0.008648468181490898
2280 -0.01048889104276896 -0.03525702282786369 0.01969092339277267
2281 -0.006440406665205956 -0.03930550813674927 -0.0248424056917429
2282 -0.01048889104276896 -0.02716005221009254 0.01969092339277267
2283 -0.01858586072921753 -0.02716005221009254 0.01969092339277267
2284 -0.01048889104276896 -0.02716005221009254 0.0115939537063241
2285 -0.01251313276588917 -0.01703884266316891 0.02576364763081074
2286 -0.01048889104276896 -0.01906308531761169 0.0115939537063241
2287 -0.01048889104276896 -0.01906308531761169 0.003496984951198101
2288 -0.006440406665205956 -0.02311156876385212 -0.04103634506464005
2289 -0.01251313276588917 -0.01299035735428333 0.02576364763081074
2290 -0.01251313276588917 -0.01299035735428333 0.02171516604721546
2291 -0.01251313276588917 -0.008941873908042908 0.02576364763081074
2292 -0.01251313276588917 -0.008941873908042908 0.02171516604721546
2293 -0.0143924239441459 -0.009585257313184352 0.01609763882463775
2294 -0.01048889104276896 -0.01096611563116312 0.003496984951198101
2295 -0.002391922287642956 -0.01096611563116312 0.003496984951198101
2296 -0.006440406665205956 -0.006917631253600121 -0.04103634506464005
2297 -0.01858586072921753 -0.01096611563116312 0.003496984951198101
2298 -0.01048889104276896 -0.002869146876037121 0.003496984951198101
2299 -0.03886797239916047 -0.01749528864926206 0.06172371282247075
2300 -0.02668282762169838 -0.02716005221009254 0.06017576530575752
2301 -0.01903095880175478 -0.03809993566684113 0.06327044086175836
2302 -0.008464649319648743 -0.01299035735428333 0.06624849140644073
2303 -0.01048889104276896 -0.03525702282786369 0.06827273219823837
2304 -0.01048889104276896 -0.02716005221009254 0.07636969536542892
2305 -0.01048889104276896 -0.01906308531761169 0.08446667343378067
2306 -0.01251313276588917 -0.01703884266316891 0.05815152451395988
2307 -0.008464649319648743 -0.02108732797205448 0.02981213293969631
2308 -0.008464649319648743 -0.01299035735428333 0.02576364763081074
2309 -0.008864170486633741 -0.01349641866124183 0.02110256480860553
2310 -0.0003676800988614559 -0.02108732797205448 0.05815152451395988
2311 -0.0003676800988614559 -0.02513580955564976 0.05815152451395988
2312 0.005705046467483044 -0.04335399344563484 0.06017576530575752
2313 0.005705046467483044 -0.03525702282786369 0.06827273219823837
2314 0.005705046467483044 -0.02716005221009254 0.07636969536542892
2315 -0.002391922287642956 -0.04335399344563484 0.06017576530575752
2316 -0.002391922287642956 -0.03525702282786369 0.06827273219823837
2317 -0.0003676800988614559 -0.01703884266316891 0.06624849140644073
2318 0.005152903586209216 -0.02020770810226292 0.08215299273479768
2319 -0.001954328275416291 -0.01908392206534852 0.08159601493761022
2320 -0.0003676800988614559 -0.01299035735428333 0.06624849140644073
2321 0.003680804278701544 -0.02108732797205448 0.05815152451395988
2322 -0.01656161807477474 0.01130054891109467 0.02981213293969631
2323 -0.03477979823946953 0.01332479063421488 0.02778789028525352
2324 -0.01858586072921753 0.01332479063421488 0.0115939537063241
2325 -0.008464649319648743 0.01130054891109467 0.02576364763081074
2326 -0.008464649319648743 0.01130054891109467 0.02171516604721546
2327 -0.01048889104276896 0.01332479063421488 0.003496984951198101
2328 -0.01048889104276896 0.005227821879088879 0.003496984951198101
2329 0.007729288656264544 -0.02108732797205448 0.02981213293969631
2330 0.005705046467483044 -0.04335399344563484 0.02778789028525352
2331 0.007729288656264544 -0.01703884266316891 0.02576364763081074
2332 0.007729288656264544 -0.01299035735428333 0.02576364763081074
2333 0.007729288656264544 -0.008941873908042908 0.02576364763081074
2334 0.007729288656264544 -0.01299035735428333 0.02171516604721546
2335 0.003680804278701544 -0.02108732797205448 0.02981213293969631
2336 0.003680804278701544 -0.02108732797205448 0.02576364763081074
2337 0.003680804278701544 -0.01703884266316891 0.02576364763081074
2338 0.003680804278701544 -0.01703884266316891 0.02171516604721546
2339 -0.002391922287642956 -0.03525702282786369 0.01969092339277267
2340 -0.001568389941620037 -0.02819103619995368 0.0110537868438616
2341 -0.002391922287642956 -0.01906308531761169 0.003496984951198101
2342 -0.01534160942369509 0.01097459073229881 0.03466628257960955
2343 -0.02061010338366032 -0.004893389064818621 0.02981213293969631
2344 -0.02465858496725559 -0.004893389064818621 0.02981213293969631
2345 -0.01656161807477474 -0.004893389064818621 0.02576364763081074
2346 -0.01656161807477474 -0.004893389064818621 0.02171516604721546
2347 -0.0003676800988614559 0.01939751766622066 0.02981213293969631
2348 -0.0003676800988614559 0.01534903235733509 0.02576364763081074
2349 0.003680804278701544 0.01534903235733509 0.02576364763081074
2350 0.003680804278701544 0.01130054891109467 0.02576364763081074
2351 0.007729288656264544 0.01130054891109467 0.02576364763081074
2352 0.003680804278701544 0.01130054891109467 0.02171516604721546
2353 0.003680804278701544 0.01939751766622066 0.03386062011122704
2354 0.004806212042594122 0.02471075801432735 0.03274909356697552
2355 0.01299884186966838 0.02907547273784951 0.03638367524090576
2356 0.02999595552682877 0.0295187272131443 0.03588486090302467
2357 0.02189898863434792 0.03761569783091545 0.03588486090302467
2358 0.01380201522260904 0.03761569783091545 0.03588486090302467
2359 0.005705046467483044 0.03761569783091545 0.03588486090302467
2360 0.005705046467483044 0.0457126684486866 0.03588486090302467
2361 0.005705046467483044 0.05380963161587715 0.03588486090302467
2362 -0.008464649319648743 0.007252064067870378 0.02576364763081074
2363 -0.01313016227175045 0.007883511819314799 0.0244704914410783
2364 -0.01251313276588917 0.01130054891109467 0.02576364763081074
2365 -0.0003676800988614559 -0.02108732797205448 0.03386062011122704
2366 -0.0003676800988614559 -0.01299035735428333 0.02576364763081074
2367 0.007729288656264544 0.02344600297510624 0.05815152451395988
2368 0.01380201522260904 0.03761569783091545 0.06017576530575752
2369 0.02400914271056008 0.0368104732996454 0.06257991140055191
2370 0.01117390208021237 0.0400894108227396 0.06705559549994848
2371 0.005166555239706863 0.04356871041711268 0.06154609519236411
2372 0.006771931407022035 0.0537114484675579 0.06244379231038312
2373 0.005705046467483044 0.0457126684486866 0.06827273219823837
2374 0.005705046467483044 0.03761569783091545 0.07636969536542892
2375 0.01380201522260904 0.0295187272131443 0.06827273219823837
2376 0.005332907384496361 0.02913666876622194 0.07587048024869657
2377 0.005705046467483044 0.0295187272131443 0.08446667343378067
2378 0.007796994308770388 0.01856315283786587 0.06378292155865718
2379 0.01380201522260904 0.02142176032066345 0.07636969536542892
2380 0.01299907589062882 0.02139566556178011 0.08636891663076318
2381 0.005705046467483044 0.02142176032066345 0.09256363660097122
2382 0.007729288656264544 0.01534903235733509 0.06624849140644073
2383 0.003680804278701544 0.02344600297510624 0.05815152451395988
2384 0.003680804278701544 0.01939751766622066 0.06220000609755516
2385 0.003680804278701544 0.01534903235733509 0.06624849140644073
2386 0.01582625694572926 0.01534903235733509 0.06220000609755516
2387 0.01177777349948883 0.01939751766622066 0.06220000609755516
2388 0.02189898863434792 0.02142176032066345 0.06827273219823837
2389 0.03088860615122356 0.0163748106375792 0.06926443955975221
2390 0.03809292241930962 0.02142176032066345 0.06827273219823837
2391 0.02189898863434792 0.0295187272131443 0.06827273219823837
2392 0.02189898863434792 0.03761569783091545 0.06827273219823837
2393 0.02189898863434792 0.02142176032066345 0.07636969536542892
2394 0.02189898863434792 0.02142176032066345 0.08446667343378067
2395 0.01380201522260904 0.0295187272131443 0.07636969536542892
2396 0.01380201522260904 0.03761569783091545 0.07636969536542892
2397 0.01380201522260904 0.0295187272131443 0.08446667343378067
2398 0.01177777349948883 0.01534903235733509 0.06624849140644073
2399 0.006998821029101947 0.02465734109756058 0.06418990043554323
2400 0.007729288656264544 0.01534903235733509 0.07029697299003601
2401 0.01380201522260904 0.01332479063421488 0.08446667343378067
2402 -0.002391922287642956 0.01332479063421488 0.09256363660097122
2403 0.005705046467483044 0.005227821879088879 0.08446667343378067
2404 0.004331549290186095 0.01268004720914475 0.09039938259217792
2405 0.005705046467483044 0.01332479063421488 0.100660614669323
2406 -0.004416164476424456 -0.01299035735428333 0.02576364763081074
2407 -0.004416164476424456 -0.01299035735428333 0.02171516604721546
2408 -0.004416164476424456 -0.02108732797205448 0.02981213293969631
2409 -0.004416164476424456 -0.02513580955564976 0.02981213293969631
2410 -0.002391922287642956 -0.04335399344563484 0.02778789028525352
2411 -0.004416164476424456 -0.01703884266316891 0.02576364763081074
2412 -0.008464649319648743 -0.01703884266316891 0.02576364763081074
2413 -0.01251313276588917 -0.000844904687255621 0.02576364763081074
2414 -0.01251313276588917 -0.000844904687255621 0.02171516604721546
2415 -0.004416164476424456 0.02344600297510624 0.05815152451395988
2416 -0.002391922287642956 0.0457126684486866 0.06017576530575752
2417 -0.002391922287642956 0.05380963161587715 0.06017576530575752
2418 -0.002391922287642956 0.0457126684486866 0.06827273219823837
2419 -0.004416164476424456 0.01939751766622066 0.06220000609755516
2420 -0.0003676800988614559 0.01939751766622066 0.06220000609755516
2421 -0.004416164476424456 0.02344600297510624 0.06220000609755516
2422 -0.004416164476424456 0.01939751766622066 0.06624849140644073
2423 -0.004416164476424456 0.01534903235733509 0.06624849140644073
2424 -0.005459225146269494 0.01714303020915288 0.0716674011854911
2425 -0.002391922287642956 0.02142176032066345 0.09256363660097122
2426 -0.01251313276588917 0.003203579690307379 0.02576364763081074
2427 -0.02061010338366032 0.003203579690307379 0.02981213293969631
2428 -0.04201348303858216 0.007513136584540359 0.02570885176778893
2429 -0.05097373202443123 0.005227821879088879 0.02778789028525352
2430 -0.03231551281057417 0.004059371704999191 0.02146071617936257
2431 -0.03477979823946953 0.005227821879088879 0.0115939537063241
2432 -0.02516067578878117 0.004561382499057796 0.01241352997563397
2433 -0.01656161807477474 0.003203579690307379 0.02576364763081074
2434 -0.02062898378701333 0.007643717488132475 0.004396203692997573
2435 -0.01858586072921753 0.005227821879088879 -0.004599983803927898
2436 -0.0388282835483551 0.009276306256651878 -0.0248424056917429
2437 -0.02263434417545795 0.009276306256651878 -0.04103634506464005
2438 0.007729288656264544 0.01534903235733509 0.02576364763081074
2439 0.007729288656264544 0.01130054891109467 0.02171516604721546
2440 0.007823595816498117 0.01935373836304952 0.02967062910102365
2441 0.007729288656264544 0.01534903235733509 0.02171516604721546
2442 0.01380201522260904 0.0295187272131443 0.01969092339277267
2443 -0.004416164476424456 0.01939751766622066 0.02981213293969631
2444 -0.004416164476424456 0.01534903235733509 0.02576364763081074
2445 -0.008464649319648743 0.01939751766622066 0.02981213293969631
2446 -0.008464649319648743 0.01534903235733509 0.02576364763081074
2447 -0.004416164476424456 0.01130054891109467 0.02576364763081074
2448 -0.01251313276588917 -0.01703884266316891 0.04195759072899818
2449 -0.02061010338366032 0.003203579690307379 0.04195759072899818
2450 -0.02061010338366032 0.003203579690307379 0.04600607231259346
2451 -0.02465858496725559 -0.004893389064818621 0.04600607231259346
2452 -0.04287676885724068 -0.01096611563116312 0.04398183152079582
2453 -0.02465858496725559 -0.000844904687255621 0.04600607231259346
2454 -0.01251313276588917 0.01534903235733509 0.04195759072899818
2455 -0.008464649319648743 0.01939751766622066 0.04195759072899818
2456 -0.02061010338366032 0.007252064067870378 0.04195759072899818
2457 -0.01656161807477474 0.01130054891109467 0.04195759072899818
2458 -0.01656161807477474 0.01130054891109467 0.05005455389618874
2459 -0.01656161807477474 0.01130054891109467 0.03790910169482231
2460 -0.01251313276588917 0.01534903235733509 0.03790910169482231
2461 0.007729288656264544 0.01939751766622066 0.05005455389618874
2462 0.007729288656264544 0.02344600297510624 0.05005455389618874
2463 0.007729288656264544 0.01939751766622066 0.04600607231259346
2464 0.02240861697911871 0.02062152777367856 0.05092024056153537
2465 0.01380201522260904 0.03761569783091545 0.04398183152079582
2466 0.02205238240019902 0.03926729403914117 0.04591843692346499
2467 -0.01656161807477474 0.01130054891109467 0.05410303547978401
2468 -0.0003676800988614559 0.01939751766622066 0.04195759072899818
2469 -0.004416164476424456 0.01939751766622066 0.04195759072899818
2470 0.007729288656264544 0.01939751766622066 0.04195759072899818
2471 0.003680804278701544 0.02344600297510624 0.04195759072899818
2472 0.004190215915115003 0.04365041818744441 0.04349489354479166
2473 0.005916134487958178 0.05347872964539432 0.04452303639444642
2474 0.003680804278701544 0.01939751766622066 0.04600607231259346
2475 0.003680804278701544 0.02344600297510624 0.04600607231259346
2476 0.007729288656264544 -0.02108732797205448 0.05005455389618874
2477 0.005705046467483044 -0.04335399344563484 0.05207879468798637
2478 -0.0003676800988614559 0.02344600297510624 0.05005455389618874
2479 0.003680804278701544 0.02344600297510624 0.05005455389618874
2480 -0.0003676800988614559 0.01939751766622066 0.04600607231259346
2481 0.01177777349948883 0.01939751766622066 0.04195759072899818
2482 0.007729288656264544 0.02344600297510624 0.04195759072899818
2483 0.007729288656264544 0.01939751766622066 0.03790910169482231
2484 -0.0003676800988614559 0.01939751766622066 0.03790910169482231
2485 0.007729288656264544 0.02344600297510624 0.04600607231259346
2486 0.01987474597990513 -0.000844904687255621 0.04600607231259346
2487 0.0239232312887907 -0.000844904687255621 0.04600607231259346
2488 0.02797171287238598 -0.000844904687255621 0.04600607231259346
2489 0.01987474597990513 0.003203579690307379 0.04600607231259346
2490 0.01987474597990513 -0.004893389064818621 0.04600607231259346
2491 0.01987474597990513 -0.000844904687255621 0.05005455389618874
2492 0.0239232312887907 -0.000844904687255621 0.05005455389618874
2493 0.02797171287238598 -0.000844904687255621 0.05005455389618874
2494 0.02999595552682877 0.01332479063421488 0.05207879468798637
2495 0.01987474597990513 0.003203579690307379 0.05005455389618874
2496 0.01987474597990513 -0.000844904687255621 0.05410303547978401
2497 0.01987474597990513 0.01130054891109467 0.04600607231259346
2498 0.03809292241930962 0.01332479063421488 0.04398183152079582
2499 0.03809292241930962 0.02142176032066345 0.04398183152079582
2500 0.02999595552682877 0.01332479063421488 0.03588486090302467
2501 0.01987474597990513 0.003203579690307379 0.04195759072899818
2502 0.0239232312887907 0.003203579690307379 0.04195759072899818
2503 0.02797171287238598 0.003203579690307379 0.04195759072899818
2504 0.01987474597990513 0.007252064067870378 0.04195759072899818
2505 0.01987474597990513 0.003203579690307379 0.03790910169482231
2506 0.0239232312887907 -0.000844904687255621 0.03790910169482231
2507 0.01987474597990513 -0.000844904687255621 0.03386062011122704
2508 -0.004416164476424456 0.01939751766622066 0.03790910169482231
2509 0.0239232312887907 -0.000844904687255621 0.05410303547978401
2510 0.02797171287238598 -0.000844904687255621 0.05410303547978401
2511 0.03809292241930962 -0.002869146876037121 0.06017576530575752
2512 0.01987474597990513 0.003203579690307379 0.05410303547978401
2513 0.01987474597990513 -0.000844904687255621 0.05815152451395988
2514 0.0239232312887907 0.003203579690307379 0.05410303547978401
2515 0.01987474597990513 0.003203579690307379 0.05815152451395988
2516 0.0239232312887907 -0.000844904687255621 0.05815152451395988
2517 0.01987474597990513 -0.000844904687255621 0.06220000609755516
2518 0.01987474597990513 -0.000844904687255621 0.06624849140644073
2519 0.02999595552682877 0.005227821879088879 0.06827273219823837
2520 0.03809292241930962 0.005227821879088879 0.06827273219823837
2521 0.02189898863434792 0.005227821879088879 0.07636969536542892
2522 0.01582625694572926 -0.000844904687255621 0.06624849140644073
2523 0.01987474597990513 0.007252064067870378 0.04600607231259346
2524 0.0239232312887907 0.007252064067870378 0.04600607231259346
2525 0.02797171287238598 0.007252064067870378 0.04600607231259346
2526 0.01987474597990513 0.007252064067870378 0.05005455389618874
2527 0.0239232312887907 0.003203579690307379 0.04600607231259346
2528 0.02797171287238598 0.003203579690307379 0.04600607231259346
2529 0.0239232312887907 0.007252064067870378 0.05005455389618874
2530 0.0239232312887907 0.003203579690307379 0.05005455389618874
2531 0.0239232312887907 -0.004893389064818621 0.05815152451395988
2532 0.01987474597990513 -0.004893389064818621 0.06220000609755516
2533 0.02999595552682877 -0.002869146876037121 0.07636969536542892
2534 0.03809292241930962 -0.002869146876037121 0.07636969536542892
2535 0.02999595552682877 -0.002869146876037121 0.08446667343378067
2536 0.01177777349948883 -0.004893389064818621 0.06624849140644073
2537 0.0239232312887907 -0.000844904687255621 0.03386062011122704
2538 0.01987474597990513 0.003203579690307379 0.03386062011122704
2539 0.01987474597990513 -0.000844904687255621 0.02981213293969631
2540 0.01582625694572926 -0.000844904687255621 0.02576364763081074
2541 0.0239232312887907 0.003203579690307379 0.03386062011122704
2542 0.01987474597990513 0.003203579690307379 0.02981213293969631
2543 0.01582625694572926 0.003203579690307379 0.02576364763081074
2544 0.0239232312887907 0.007252064067870378 0.03790910169482231
2545 0.0239232312887907 -0.004893389064818621 0.03386062011122704
2546 0.01582625694572926 -0.01299035735428333 0.05410303547978401
2547 0.01582625694572926 -0.01703884266316891 0.05410303547978401
2548 0.02189898863434792 -0.03525702282786369 0.05207879468798637
2549 0.01177777349948883 -0.02108732797205448 0.05410303547978401
2550 0.01380201522260904 -0.04335399344563484 0.05207879468798637
2551 -0.02465858496725559 -0.008941873908042908 0.05815152451395988
2552 0.01582625694572926 0.01534903235733509 0.05410303547978401
2553 -0.02061010338366032 -0.004893389064818621 0.03790910169482231
2554 -0.02465858496725559 -0.004893389064818621 0.03790910169482231
2555 0.01987474597990513 0.003203579690307379 0.06220000609755516
2556 0.02513166270065459 0.003337043830237825 0.06383052824986736
2557 0.03809292241930962 0.005227821879088879 0.06017576530575752
2558 0.04711311379847317 0.001619948219054887 0.06263209645700661
2559 0.05428685620427132 0.005227821879088879 0.06017576530575752
2560 0.03830424502370825 0.01351386824963069 0.06036484163932546
2561 0.01987474597990513 0.007252064067870378 0.06220000609755516
2562 0.01987474597990513 0.003203579690307379 0.06624849140644073
2563 0.01582625694572926 0.003203579690307379 0.06624849140644073
2564 0.01177777349948883 0.003203579690307379 0.06624849140644073
2565 0.01582625694572926 0.007252064067870378 0.06624849140644073
2566 0.01582625694572926 0.003203579690307379 0.07029697299003601
2567 0.02189898863434792 0.005227821879088879 0.08446667343378067
2568 0.01380201522260904 0.005227821879088879 0.09256363660097122
2569 0.01380201522260904 -0.002869146876037121 0.09256363660097122
2570 -0.01656161807477474 -0.01299035735428333 0.03790910169482231
2571 -0.02061010338366032 -0.01299035735428333 0.03790910169482231
2572 -0.02061010338366032 -0.01703884266316891 0.03790910169482231
2573 -0.01656161807477474 -0.01703884266316891 0.03790910169482231
2574 -0.01656161807477474 -0.02108732797205448 0.03790910169482231
2575 -0.01858586072921753 -0.03525702282786369 0.03588486090302467
2576 -0.02668282762169838 -0.03525702282786369 0.03588486090302467
2577 -0.01898343345376423 -0.04538646243206349 0.03803153007055942
2578 -0.01616703421009507 -0.01602427712959387 0.03424300130386511
2579 -0.0147725650749912 -0.01192578063214121 0.03337918103558821
2580 -0.01251313276588917 -0.01703884266316891 0.03790910169482231
2581 -0.01251313276588917 -0.02108732797205448 0.03790910169482231
2582 -0.01251313276588917 -0.02513580955564976 0.03790910169482231
2583 -0.01251313276588917 -0.01703884266316891 0.03386062011122704
2584 -0.02105319326358784 -0.006596316949447604 0.06375740479349855
2585 -0.01656161807477474 -0.01703884266316891 0.05410303547978401
2586 -0.007914842765343724 0.0182515272699703 0.03792641683275803
2587 -0.01193064985772849 0.01841877384609796 0.03690324686468137
2588 -0.01656161807477474 0.01939751766622066 0.03790910169482231
2589 -0.008464649319648743 0.02344600297510624 0.03790910169482231
2590 -0.008464649319648743 0.02749448455870152 0.03790910169482231
2591 -0.02465858496725559 0.007252064067870378 0.03386062011122704
2592 -0.03477979823946953 0.02142176032066345 0.03588486090302467
2593 -0.02061010338366032 0.01130054891109467 0.03386062011122704
2594 -0.02061010338366032 0.007252064067870378 0.03790910169482231
2595 -0.02061010338366032 0.007252064067870378 0.02981213293969631
2596 0.0239232312887907 0.007252064067870378 0.05410303547978401
2597 0.0239232312887907 0.007252064067870378 0.03386062011122704
2598 0.003680804278701544 0.007252064067870378 0.06624849140644073
2599 -0.004416164476424456 -0.000844904687255621 0.06624849140644073
2600 -0.00824115666778937 0.0002884526079836024 0.06688495072719502
2601 0.007729288656264544 0.003203579690307379 0.06624849140644073
2602 0.003680804278701544 0.003203579690307379 0.06624849140644073
2603 -0.0003676800988614559 -0.000844904687255621 0.06624849140644073
2604 0.003680804278701544 -0.000844904687255621 0.06624849140644073
2605 0.0008556530532877751 -0.004778412846194505 0.0668770065990993
2606 0.003003580331185074 0.01083417421306791 0.06671601811742538
2607 -0.0009497433888109849 0.00265631628644276 0.06662757798503928
2608 0.007729288656264544 -0.004893389064818621 0.06624849140644073
2609 -0.00048368123520043 0.01091861559568712 0.06662057842076705
2610 -0.004416164476424456 0.007252064067870378 0.06624849140644073
2611 -0.004416164476424456 0.01130054891109467 0.07029697299003601
2612 -0.008464649319648743 0.003203579690307379 0.06624849140644073
2613 -0.01251313276588917 0.007252064067870378 0.06624849140644073
2614 -0.007830960873602076 0.006547933073797951 0.06926925153781542
2615 -0.008464649319648743 0.007252064067870378 0.07434545457363129
2616 0.003680804278701544 -0.008941873908042908 0.06624849140644073
2617 0.007729288656264544 0.007252064067870378 0.06624849140644073
2618 -0.01251313276588917 -0.000844904687255621 0.06624849140644073
2619 -0.01251313276588917 -0.000844904687255621 0.07029697299003601
2620 -0.01048889104276896 -0.002869146876037121 0.09256363660097122
2621 -0.01048889104276896 0.005227821879088879 0.09256363660097122
2622 -0.01090943654780494 -0.004188865350107785 0.09879487423474861
2623 0.01177777349948883 -0.000844904687255621 0.06624849140644073
2624 0.007729288656264544 -0.000844904687255621 0.06624849140644073
2625 0.01177777349948883 -0.000844904687255621 0.07029697299003601
2626 0.01177777349948883 -0.000844904687255621 0.07434545457363129
2627 0.007729288656264544 -0.01299035735428333 0.06624849140644073
2628 0.007729288656264544 -0.008941873908042908 0.07029697299003601
2629 0.007729288656264544 -0.008941873908042908 0.07434545457363129
2630 -0.004416164476424456 -0.008941873908042908 0.06624849140644073
2631 -0.0003676800988614559 -0.008941873908042908 0.06624849140644073
2632 -0.008464649319648743 -0.008941873908042908 0.06624849140644073
2633 -0.004416164476424456 -0.004893389064818621 0.06624849140644073
2634 -0.004416164476424456 -0.01299035735428333 0.06624849140644073
2635 -0.005188292673132593 -0.008134135381470096 0.06972094222581923
2636 -0.004416164476424456 -0.008941873908042908 0.07434545457363129
2637 -0.0003676800988614559 0.007252064067870378 0.06624849140644073
2638 -0.004416164476424456 0.003203579690307379 0.06624849140644073
2639 -0.004102888983798947 0.007709928505257819 0.069308950718336
2640 -0.004350336190240773 0.006674785798178181 0.07417716790505512
2641 -0.008464649319648743 -0.004893389064818621 0.06624849140644073
2642 -0.008464649319648743 -0.004893389064818621 0.07029697299003601
2643 -0.01251313276588917 0.003203579690307379 0.06624849140644073
2644 0.01177777349948883 0.01130054891109467 0.06624849140644073
2645 0.01177777349948883 0.007252064067870378 0.07029697299003601
2646 -0.01656161807477474 -0.004893389064818621 0.06624849140644073
2647 -0.01251313276588917 -0.004893389064818621 0.07029697299003601
2648 0.003680804278701544 0.007252064067870378 0.02576364763081074
2649 -0.004416164476424456 -0.008941873908042908 0.02576364763081074
2650 -0.004416164476424456 -0.008941873908042908 0.02171516604721546
2651 -0.002391922287642956 -0.002869146876037121 0.003496984951198101
2652 -0.004416164476424456 -0.000844904687255621 0.02576364763081074
2653 -0.008464649319648743 -0.000844904687255621 0.02576364763081074
2654 -0.008464649319648743 0.003203579690307379 0.02576364763081074
2655 -0.008464649319648743 -0.004893389064818621 0.02576364763081074
2656 -0.007072982399404288 -0.001679904702032255 0.02214531620862542
2657 0.007729288656264544 0.003203579690307379 0.02576364763081074
2658 0.003680804278701544 0.003203579690307379 0.02576364763081074
2659 0.007729288656264544 -0.000844904687255621 0.02576364763081074
2660 -0.0003676800988614559 0.003203579690307379 0.02576364763081074
2661 -0.0003676800988614559 0.003203579690307379 0.02171516604721546
2662 0.003680804278701544 -0.000844904687255621 0.02576364763081074
2663 0.003680804278701544 -0.008941873908042908 0.02576364763081074
2664 0.003680804278701544 -0.004893389064818621 0.02576364763081074
2665 0.003680804278701544 -0.004893389064818621 0.02171516604721546
2666 -0.0003676800988614559 -0.004893389064818621 0.02576364763081074
2667 -0.0003676800988614559 -0.008941873908042908 0.02576364763081074
2668 -0.0003676800988614559 -0.004893389064818621 0.02171516604721546
2669 -0.0003676800988614559 -0.000844904687255621 0.02576364763081074
2670 -0.0003676800988614559 -0.000844904687255621 0.02171516604721546
2671 -0.004416164476424456 -0.004893389064818621 0.02576364763081074
2672 -0.004416164476424456 0.003203579690307379 0.02576364763081074
2673 -0.004416164476424456 0.003203579690307379 0.02171516604721546
2674 -0.002391922287642956 0.005227821879088879 0.003496984951198101
2675 -0.0003676800988614559 0.007252064067870378 0.02576364763081074
2676 -0.004416164476424456 0.007252064067870378 0.02576364763081074
2677 -0.0003676800988614559 0.01130054891109467 0.02576364763081074
2678 -0.001063513348829788 0.01043602835044216 0.02163082092576787
2679 -0.004416164476424456 0.007252064067870378 0.02171516604721546
2680 -0.008464649319648743 0.003203579690307379 0.02171516604721546
2681 0.01177777349948883 -0.000844904687255621 0.02171516604721546
2682 0.007729288656264544 -0.008941873908042908 0.02171516604721546
2683 -0.008464649319648743 -0.004893389064818621 0.02171516604721546
2684 -0.004416164476424456 -0.004893389064818621 0.02171516604721546
2685 -0.006985136655007408 -0.005802789471453043 0.01748282459285381
2686 -0.008464649319648743 -0.004893389064818621 0.01361819542944431
2687 -0.006440406665205956 -0.02311156876385212 -0.05723027884960175
2688 0.009753530845046043 -0.02311156876385212 -0.05723027884960175
2689 -0.006440406665205956 -0.03930550813674927 -0.05723027884960175
2690 -0.006440406665205956 0.04166418313980103 -0.05723027884960175
2691 0.009753530845046043 0.04166418313980103 -0.05723027884960175
2692 -0.006440406665205956 0.04166418313980103 -0.04103634506464005
2693 -0.006440406665205956 0.04166418313980103 -0.0248424056917429
2694 -0.02263434417545795 0.04166418313980103 -0.0248424056917429
2695 -0.01956194843724201 -0.01154241346140412 0.06045662356442987
2696 -0.01571838346119911 -0.009234371359785765 0.05783123184451245
2697 -0.01456114982883498 -0.0124242113682932 0.05930672262888252
2698 -0.0134116673410313 -0.01095056280654357 0.05626529048927697
2699 -0.01883031849615618 -0.0118540210981376 0.02999192427224756
2700 -0.01561722843479152 -0.01116446412905891 0.05364651561116408
2701 -0.01704885420843525 -0.00715704201174082 0.05546347236111782
2702 -0.01950096531061499 -0.008870231230546193 0.05004692020999738
2703 -0.01357815242850682 -0.01282805231429417 0.05242872674667672
2704 -0.0174293168022938 -0.007690083768551658 0.05470481915775738
2705 -0.01366273051784864 -0.0134396399074489 0.05567653087197164
2706 -0.02143879488122416 -0.01775013084818305 0.06236816909415134
2707 -0.01926261693855331 -0.02194417170809953 0.06263418708007767
2708 -0.01789010623720572 -0.01842573910655611 0.03247372180519468
2709 -0.01381730415285364 -0.02427476861477491 0.06350417677038787
2710 -0.02110890708395706 -0.00705216635277069 0.05416219056316227
2711 -0.01733741342007711 0.002263661358985963 0.01689088539302752
2712 -0.02192051490510165 -0.006245799123835865 0.0243790371715333
2713 -0.01470767088527229 0.004971276103890538 0.01983120583991795
2714 -0.02171442382832618 -0.00826763531324776 0.02552397755375669
2715 -0.02010706490766507 -0.002354137080689381 0.02678169578367972
2716 -0.01448397472724875 -0.01011940127883005 0.02803299616146479
2717 -0.01458039427979549 -0.01016455977529344 0.04935023418683791
2718 -0.01656328055443832 -0.01180636842716409 0.05655858611817566
2719 -0.01915583124702647 -0.01092567744986417 0.05549152805872702
$EndNodes
$Elements
15877
1 2 2 1002 10 373 481 471
2 2 2 1002 10 447 536 482
3 2 2 1002 10 482 536 374
4 2 2 1002 10 373 519 481
5 2 2 1002 10 471 480 373
6 2 2 1002 10 519 528 481
7 2 2 1002 10 478 515 364
8 2 2 1002 10 478 551 515
9 2 2 1002 10 363 483 479
10 2 2 1002 10 69 524 523
11 2 2 1002 10 483 548 479
12 2 2 1002 10 477 488 430
13 2 2 1002 10 523 524 450
14 2 2 1002 10 366 512 486
15 2 2 1002 10 495 496 357
16 2 2 1002 10 498 514 369
17 2 2 1002 10 365 523 467
18 2 2 1002 10 438 502 501
19 2 2 1002 10 451 452 356
20 2 2 1002 10 503 509 370
21 2 2 1002 10 358 492 491
22 2 2 1002 10 498 552 514
23 2 2 1002 10 440 488 477
24 2 2 1002 10 467 539 365
25 2 2 1002 10 468 490 442
26 2 2 1002 10 357 543 495
27 2 2 1002 10 449 524 360
28 2 2 1002 10 520 536 476
29 2 2 1002 10 366 537 512
30 2 2 1002 10 509 549 370
31 2 2 1002 10 485 506 359
32 2 2 1002 10 452 541 356
33 2 2 1002 10 445 505 461
34 2 2 1002 10 358 550 492
35 2 2 1002 10 372 484 455
36 2 2 1002 10 488 525 430
37 2 2 1002 10 469 490 468
38 2 2 1002 10 378 520 476
39 2 2 1002 10 461 505 460
40 2 2 1002 10 374 536 520
41 2 2 1002 10 360 531 449
42 2 2 1002 10 506 546 359
43 2 2 1002 10 463 500 452
44 2 2 1002 10 481 528 382
45 2 2 1002 10 382 540 481
46 2 2 1002 10 367 507 454
47 2 2 1002 10 476 507 475
48 2 2 1002 10 379 548 518
49 2 2 1002 10 508 510 375
50 2 2 1002 10 438 527 502
51 2 2 1002 10 434 511 510
52 2 2 1002 10 454 510 508
53 2 2 1002 10 450 524 449
54 2 2 1002 10 475 507 367
55 2 2 1002 10 454 508 367
56 2 2 1002 10 448 507 476
57 2 2 1002 10 429 453 448
58 2 2 1002 10 501 526 438
59 2 2 1002 10 95 479 379
60 2 2 1002 10 494 495 493
61 2 2 1002 10 422 477 430
62 2 2 1002 10 432 454 453
63 2 2 1002 10 116 380 115
64 2 2 1002 10 95 379 94
65 2 2 1002 10 114 478 364
66 2 2 1002 10 426 428 427
67 2 2 1002 10 425 426 424
68 2 2 1002 10 431 432 428
69 2 2 1002 10 432 453 428
70 2 2 1002 10 380 478 115
71 2 2 1002 10 65 373 66
72 2 2 1002 10 84 374 85
73 2 2 1002 10 429 448 447
74 2 2 1002 10 425 456 426
75 2 2 1002 10 428 453 429
76 2 2 1002 10 454 507 453
77 2 2 1002 10 67 480 360
78 2 2 1002 10 361 482 83
79 2 2 1002 10 373 480 66
80 2 2 1002 10 84 482 374
81 2 2 1002 10 426 427 424
82 2 2 1002 10 363 479 96
83 2 2 1002 10 96 479 95
84 2 2 1002 10 423 424 422
85 2 2 1002 10 426 456 431
86 2 2 1002 10 423 425 424
87 2 2 1002 10 484 542 455
88 2 2 1002 10 428 429 427
89 2 2 1002 10 426 431 428
90 2 2 1002 10 487 488 361
91 2 2 1002 10 431 434 432
92 2 2 1002 10 115 478 114
93 2 2 1002 10 455 456 425
94 2 2 1002 10 66 480 67
95 2 2 1002 10 83 482 84
96 2 2 1002 10 446 457 418
97 2 2 1002 10 410 461 460
98 2 2 1002 10 451 462 412
99 2 2 1002 10 71 493 72
100 2 2 1002 10 365 493 71
101 2 2 1002 10 504 505 362
102 2 2 1002 10 441 466 398
103 2 2 1002 10 357 501 74
104 2 2 1002 10 74 501 75
105 2 2 1002 10 403 464 401
106 2 2 1002 10 76 502 356
107 2 2 1002 10 501 502 75
108 2 2 1002 10 108 499 498
109 2 2 1002 10 108 498 107
110 2 2 1002 10 107 498 369
111 2 2 1002 10 78 500 79
112 2 2 1002 10 79 500 366
113 2 2 1002 10 109 499 108
114 2 2 1002 10 359 499 109
115 2 2 1002 10 75 502 76
116 2 2 1002 10 80 486 81
117 2 2 1002 10 366 486 80
118 2 2 1002 10 82 487 361
119 2 2 1002 10 486 487 81
120 2 2 1002 10 439 458 419
121 2 2 1002 10 81 487 82
122 2 2 1002 10 102 497 101
123 2 2 1002 10 113 484 112
124 2 2 1002 10 112 484 372
125 2 2 1002 10 370 497 102
126 2 2 1002 10 364 484 113
127 2 2 1002 10 101 497 358
128 2 2 1002 10 112 372 111
129 2 2 1002 10 110 485 359
130 2 2 1002 10 107 369 106
131 2 2 1002 10 99 371 98
132 2 2 1002 10 103 370 102
133 2 2 1002 10 371 489 98
134 2 2 1002 10 372 485 111
135 2 2 1002 10 99 491 371
136 2 2 1002 10 103 503 370
137 2 2 1002 10 369 504 106
138 2 2 1002 10 79 366 80
139 2 2 1002 10 111 485 110
140 2 2 1002 10 98 489 97
141 2 2 1002 10 67 360 68
142 2 2 1002 10 110 359 109
143 2 2 1002 10 105 504 362
144 2 2 1002 10 97 489 363
145 2 2 1002 10 106 504 105
146 2 2 1002 10 76 356 77
147 2 2 1002 10 70 365 71
148 2 2 1002 10 114 364 113
149 2 2 1002 10 73 357 74
150 2 2 1002 10 82 361 83
151 2 2 1002 10 105 362 104
152 2 2 1002 10 97 363 96
153 2 2 1002 10 101 358 100
154 2 2 1002 10 104 503 103
155 2 2 1002 10 100 491 99
156 2 2 1002 10 362 503 104
157 2 2 1002 10 358 491 100
158 2 2 1002 10 419 458 415
159 2 2 1002 10 430 512 421
160 2 2 1002 10 421 512 439
161 2 2 1002 10 420 423 422
162 2 2 1002 10 421 439 419
163 2 2 1002 10 422 430 421
164 2 2 1002 10 420 422 421
165 2 2 1002 10 415 458 413
166 2 2 1002 10 418 419 415
167 2 2 1002 10 411 414 413
168 2 2 1002 10 420 421 419
169 2 2 1002 10 407 461 410
170 2 2 1002 10 414 435 417
171 2 2 1002 10 417 446 418
172 2 2 1002 10 417 418 415
173 2 2 1002 10 418 420 419
174 2 2 1002 10 414 417 415
175 2 2 1002 10 410 460 459
176 2 2 1002 10 414 415 413
177 2 2 1002 10 416 452 451
178 2 2 1002 10 416 451 412
179 2 2 1002 10 405 461 407
180 2 2 1002 10 413 416 412
181 2 2 1002 10 411 412 409
182 2 2 1002 10 411 413 412
183 2 2 1002 10 410 411 409
184 2 2 1002 10 413 458 416
185 2 2 1002 10 406 464 403
186 2 2 1002 10 407 410 409
187 2 2 1002 10 408 437 406
188 2 2 1002 10 436 455 425
189 2 2 1002 10 407 409 408
190 2 2 1002 10 408 438 437
191 2 2 1002 10 397 465 399
192 2 2 1002 10 437 464 406
193 2 2 1002 10 405 406 403
194 2 2 1002 10 407 408 406
195 2 2 1002 10 418 457 420
196 2 2 1002 10 404 405 403
197 2 2 1002 10 453 507 448
198 2 2 1002 10 402 444 404
199 2 2 1002 10 404 445 405
200 2 2 1002 10 410 459 411
201 2 2 1002 10 414 459 435
202 2 2 1002 10 405 407 406
203 2 2 1002 10 439 463 458
204 2 2 1002 10 445 461 405
205 2 2 1002 10 412 462 409
206 2 2 1002 10 416 463 452
207 2 2 1002 10 408 462 438
208 2 2 1002 10 402 404 403
209 2 2 1002 10 420 457 423
210 2 2 1002 10 411 459 414
211 2 2 1002 10 399 402 401
212 2 2 1002 10 401 464 433
213 2 2 1002 10 409 462 408
214 2 2 1002 10 399 401 400
215 2 2 1002 10 402 403 401
216 2 2 1002 10 401 433 400
217 2 2 1002 10 458 463 416
218 2 2 1002 10 400 441 398
219 2 2 1002 10 399 465 402
220 2 2 1002 10 437 496 464
221 2 2 1002 10 433 496 495
222 2 2 1002 10 402 465 444
223 2 2 1002 10 399 400 398
224 2 2 1002 10 397 398 394
225 2 2 1002 10 470 471 387
226 2 2 1002 10 433 495 494
227 2 2 1002 10 396 397 394
228 2 2 1002 10 424 477 422
229 2 2 1002 10 443 465 397
230 2 2 1002 10 397 399 398
231 2 2 1002 10 464 496 433
232 2 2 1002 10 385 474 473
233 2 2 1002 10 396 443 397
234 2 2 1002 10 393 442 396
235 2 2 1002 10 423 436 425
236 2 2 1002 10 390 468 393
237 2 2 1002 10 423 457 436
238 2 2 1002 10 433 494 400
239 2 2 1002 10 393 396 394
240 2 2 1002 10 388 470 387
241 2 2 1002 10 389 468 390
242 2 2 1002 10 398 466 394
243 2 2 1002 10 429 447 440
244 2 2 1002 10 391 470 388
245 2 2 1002 10 395 450 449
246 2 2 1002 10 441 467 466
247 2 2 1002 10 395 449 391
248 2 2 1002 10 395 467 450
249 2 2 1002 10 393 394 392
250 2 2 1002 10 394 466 392
251 2 2 1002 10 400 494 441
252 2 2 1002 10 389 469 468
253 2 2 1002 10 390 393 392
254 2 2 1002 10 392 466 395
255 2 2 1002 10 393 468 442
256 2 2 1002 10 490 530 442
257 2 2 1002 10 392 395 391
258 2 2 1002 10 479 548 379
259 2 2 1002 10 466 467 395
260 2 2 1002 10 467 523 450
261 2 2 1002 10 434 510 432
262 2 2 1002 10 386 473 389
263 2 2 1002 10 386 389 388
264 2 2 1002 10 390 392 391
265 2 2 1002 10 390 391 388
266 2 2 1002 10 389 390 388
267 2 2 1002 10 449 470 391
268 2 2 1002 10 385 473 386
269 2 2 1002 10 429 440 427
270 2 2 1002 10 371 490 489
271 2 2 1002 10 442 492 396
272 2 2 1002 10 457 506 436
273 2 2 1002 10 91 367 90
274 2 2 1002 10 90 368 91
275 2 2 1002 10 389 473 469
276 2 2 1002 10 386 388 387
277 2 2 1002 10 386 387 384
278 2 2 1002 10 89 472 90
279 2 2 1002 10 91 381 92
280 2 2 1002 10 92 475 91
281 2 2 1002 10 89 375 88
282 2 2 1002 10 88 376 89
283 2 2 1002 10 396 492 443
284 2 2 1002 10 90 508 89
285 2 2 1002 10 427 477 424
286 2 2 1002 10 92 377 93
287 2 2 1002 10 93 378 92
288 2 2 1002 10 474 483 473
289 2 2 1002 10 385 386 384
290 2 2 1002 10 368 383 382
291 2 2 1002 10 404 509 445
292 2 2 1002 10 440 477 427
293 2 2 1002 10 383 385 384
294 2 2 1002 10 518 521 379
295 2 2 1002 10 481 540 471
296 2 2 1002 10 383 384 382
297 2 2 1002 10 367 508 90
298 2 2 1002 10 90 472 368
299 2 2 1002 10 91 475 367
300 2 2 1002 10 446 506 457
301 2 2 1002 10 368 381 91
302 2 2 1002 10 473 483 469
303 2 2 1002 10 89 508 375
304 2 2 1002 10 376 472 89
305 2 2 1002 10 385 513 474
306 2 2 1002 10 432 510 454
307 2 2 1002 10 92 381 377
308 2 2 1002 10 368 382 381
309 2 2 1002 10 376 513 472
310 2 2 1002 10 378 475 92
311 2 2 1002 10 460 514 459
312 2 2 1002 10 368 472 383
313 2 2 1002 10 378 476 475
314 2 2 1002 10 472 513 383
315 2 2 1002 10 377 528 519
316 2 2 1002 10 510 511 375
317 2 2 1002 10 444 509 404
318 2 2 1002 10 465 516 444
319 2 2 1002 10 85 520 86
320 2 2 1002 10 64 519 65
321 2 2 1002 10 417 517 446
322 2 2 1002 10 456 515 431
323 2 2 1002 10 383 513 385
324 2 2 1002 10 459 514 435
325 2 2 1002 10 87 521 88
326 2 2 1002 10 513 518 474
327 2 2 1002 10 511 551 380
328 2 2 1002 10 431 515 434
329 2 2 1002 10 376 518 513
330 2 2 1002 10 380 551 478
331 2 2 1002 10 445 532 505
332 2 2 1002 10 443 516 465
333 2 2 1002 10 375 522 88
334 2 2 1002 10 511 522 375
335 2 2 1002 10 435 517 417
336 2 2 1002 10 500 541 452
337 2 2 1002 10 374 520 85
338 2 2 1002 10 65 519 373
339 2 2 1002 10 515 551 434
340 2 2 1002 10 69 523 70
341 2 2 1002 10 88 522 87
342 2 2 1002 10 88 521 376
343 2 2 1002 10 376 521 518
344 2 2 1002 10 380 522 511
345 2 2 1002 10 446 546 506
346 2 2 1002 10 94 538 6
347 2 2 1002 10 68 524 69
348 2 2 1002 10 482 529 447
349 2 2 1002 10 487 525 488
350 2 2 1002 10 6 538 87
351 2 2 1002 10 455 542 456
352 2 2 1002 10 495 543 493
353 2 2 1002 10 438 526 437
354 2 2 1002 10 462 527 438
355 2 2 1002 10 444 549 509
356 2 2 1002 10 505 532 362
357 2 2 1002 10 371 530 490
358 2 2 1002 10 448 536 447
359 2 2 1002 10 512 537 439
360 2 2 1002 10 493 543 72
361 2 2 1002 10 78 541 500
362 2 2 1002 10 356 541 77
363 2 2 1002 10 73 543 357
364 2 2 1002 10 449 531 470
365 2 2 1002 10 474 548 483
366 2 2 1002 10 471 540 387
367 2 2 1002 10 441 539 467
368 2 2 1002 10 499 552 498
369 2 2 1002 10 505 533 460
370 2 2 1002 10 384 540 382
371 2 2 1002 10 5 544 64
372 2 2 1002 10 86 545 5
373 2 2 1002 10 512 525 486
374 2 2 1002 10 382 528 381
375 2 2 1002 10 492 550 443
376 2 2 1002 10 5 545 93
377 2 2 1002 10 93 544 5
378 2 2 1002 10 6 547 116
379 2 2 1002 10 365 539 493
380 2 2 1002 10 493 539 494
381 2 2 1002 10 504 533 505
382 2 2 1002 10 463 537 500
383 2 2 1002 10 87 547 6
384 2 2 1002 10 500 537 366
385 2 2 1002 10 517 552 499
386 2 2 1002 10 514 552 435
387 2 2 1002 10 361 529 482
388 2 2 1002 10 471 531 480
389 2 2 1002 10 497 550 358
390 2 2 1002 10 370 549 497
391 2 2 1002 10 70 523 365
392 2 2 1002 10 455 534 372
393 2 2 1002 10 436 534 455
394 2 2 1002 10 480 531 360
395 2 2 1002 10 356 527 451
396 2 2 1002 10 469 535 490
397 2 2 1002 10 516 550 497
398 2 2 1002 10 440 529 488
399 2 2 1002 10 490 535 489
400 2 2 1002 10 497 549 516
401 2 2 1002 10 496 526 357
402 2 2 1002 10 430 525 512
403 2 2 1002 10 488 529 361
404 2 2 1002 10 506 534 436
405 2 2 1002 10 502 527 356
406 2 2 1002 10 359 546 499
407 2 2 1002 10 489 535 363
408 2 2 1002 10 360 524 68
409 2 2 1002 10 485 534 506
410 2 2 1002 10 357 526 501
411 2 2 1002 10 486 525 487
412 2 2 1002 10 64 544 519
413 2 2 1002 10 520 545 86
414 2 2 1002 10 364 542 484
415 2 2 1002 10 363 535 483
416 2 2 1002 10 437 526 496
417 2 2 1002 10 442 530 492
418 2 2 1002 10 434 551 511
419 2 2 1002 10 492 530 491
420 2 2 1002 10 451 527 462
421 2 2 1002 10 509 532 445
422 2 2 1002 10 499 546 517
423 2 2 1002 10 447 529 440
424 2 2 1002 10 369 533 504
425 2 2 1002 10 491 530 371
426 2 2 1002 10 381 528 377
427 2 2 1002 10 470 531 471
428 2 2 1002 10 116 547 380
429 2 2 1002 10 362 532 503
430 2 2 1002 10 476 536 448
431 2 2 1002 10 515 542 364
432 2 2 1002 10 379 538 94
433 2 2 1002 10 503 532 509
434 2 2 1002 10 460 533 514
435 2 2 1002 10 372 534 485
436 2 2 1002 10 439 537 463
437 2 2 1002 10 519 544 377
438 2 2 1002 10 378 545 520
439 2 2 1002 10 483 535 469
440 2 2 1002 10 514 533 369
441 2 2 1002 10 387 540 384
442 2 2 1002 10 494 539 441
443 2 2 1002 10 77 541 78
444 2 2 1002 10 72 543 73
445 2 2 1002 10 517 546 446
446 2 2 1002 10 87 538 521
447 2 2 1002 10 516 549 444
448 2 2 1002 10 456 542 515
449 2 2 1002 10 93 545 378
450 2 2 1002 10 377 544 93
451 2 2 1002 10 518 548 474
452 2 2 1002 10 380 547 522
453 2 2 1002 10 443 550 516
454 2 2 1002 10 521 538 379
455 2 2 1002 10 522 547 87
456 2 2 1002 10 435 552 517
457 2 2 1002 11 572 582 556
458 2 2 1002 11 556 581 572
459 2 2 1002 11 67 582 66
460 2 2 1002 11 556 582 67
461 2 2 1002 11 64 588 5
462 2 2 1002 11 575 590 555
463 2 2 1002 11 555 589 575
464 2 2 1002 11 557 583 70
465 2 2 1002 11 576 587 558
466 2 2 1002 11 579 587 576
467 2 2 1002 11 560 588 64
468 2 2 1002 11 70 583 69
469 2 2 1002 11 79 590 78
470 2 2 1002 11 555 590 79
471 2 2 1002 11 588 595 573
472 2 2 1002 11 80 591 555
473 2 2 1002 11 560 595 588
474 2 2 1002 11 5 588 561
475 2 2 1002 11 81 591 80
476 2 2 1002 11 73 586 72
477 2 2 1002 11 553 586 73
478 2 2 1002 11 567 573 572
479 2 2 1002 11 564 573 567
480 2 2 1002 11 566 574 565
481 2 2 1002 11 569 577 576
482 2 2 1002 11 568 577 569
483 2 2 1002 11 86 554 85
484 2 2 1002 11 80 555 79
485 2 2 1002 11 71 557 70
486 2 2 1002 11 68 556 67
487 2 2 1002 11 74 553 73
488 2 2 1002 11 83 559 82
489 2 2 1002 11 65 560 64
490 2 2 1002 11 77 558 76
491 2 2 1002 11 569 576 575
492 2 2 1002 11 571 577 568
493 2 2 1002 11 569 575 574
494 2 2 1002 11 570 571 568
495 2 2 1002 11 569 574 566
496 2 2 1002 11 567 572 570
497 2 2 1002 11 567 570 568
498 2 2 1002 11 568 569 566
499 2 2 1002 11 567 568 566
500 2 2 1002 11 564 567 566
501 2 2 1002 11 564 566 565
502 2 2 1002 11 562 573 564
503 2 2 1002 11 564 565 563
504 2 2 1002 11 574 578 565
505 2 2 1002 11 562 564 563
506 2 2 1002 11 562 588 573
507 2 2 1002 11 562 563 554
508 2 2 1002 11 554 584 85
509 2 2 1002 11 85 584 84
510 2 2 1002 11 577 579 576
511 2 2 1002 11 572 581 570
512 2 2 1002 11 580 583 557
513 2 2 1002 11 575 589 574
514 2 2 1002 11 585 593 586
515 2 2 1002 11 579 585 553
516 2 2 1002 11 577 585 579
517 2 2 1002 11 570 580 571
518 2 2 1002 11 578 592 565
519 2 2 1002 11 559 592 578
520 2 2 1002 11 572 595 582
521 2 2 1002 11 76 587 75
522 2 2 1002 11 558 587 76
523 2 2 1002 11 581 583 580
524 2 2 1002 11 582 602 66
525 2 2 1002 11 563 584 554
526 2 2 1002 11 571 585 577
527 2 2 1002 11 563 592 584
528 2 2 1002 11 578 600 559
529 2 2 1002 11 581 601 583
530 2 2 1002 11 570 581 580
531 2 2 1002 11 561 562 554
532 2 2 1002 11 556 601 581
533 2 2 1002 11 585 586 553
534 2 2 1002 11 592 596 584
535 2 2 1002 11 555 591 589
536 2 2 1002 11 571 593 585
537 2 2 1002 11 573 595 572
538 2 2 1002 11 558 598 576
539 2 2 1002 11 86 561 554
540 2 2 1002 11 5 561 86
541 2 2 1002 11 565 592 563
542 2 2 1002 11 574 589 578
543 2 2 1002 11 75 594 74
544 2 2 1002 11 84 596 83
545 2 2 1002 11 591 600 578
546 2 2 1002 11 72 597 71
547 2 2 1002 11 82 600 81
548 2 2 1002 11 66 602 65
549 2 2 1002 11 69 601 68
550 2 2 1002 11 78 599 77
551 2 2 1002 11 576 598 575
552 2 2 1002 11 74 594 553
553 2 2 1002 11 561 588 562
554 2 2 1002 11 83 596 559
555 2 2 1002 11 589 591 578
556 2 2 1002 11 71 597 557
557 2 2 1002 11 590 599 78
558 2 2 1002 11 77 599 558
559 2 2 1002 11 553 594 579
560 2 2 1002 11 559 600 82
561 2 2 1002 11 68 601 556
562 2 2 1002 11 65 602 560
563 2 2 1002 11 583 601 69
564 2 2 1002 11 593 597 586
565 2 2 1002 11 586 597 72
566 2 2 1002 11 575 598 590
567 2 2 1002 11 580 593 571
568 2 2 1002 11 557 593 580
569 2 2 1002 11 584 596 84
570 2 2 1002 11 81 600 591
571 2 2 1002 11 587 594 75
572 2 2 1002 11 559 596 592
573 2 2 1002 11 579 594 587
574 2 2 1002 11 595 602 582
575 2 2 1002 11 560 602 595
576 2 2 1002 11 557 597 593
577 2 2 1002 11 558 599 598
578 2 2 1002 11 598 599 590
579 2 2 1002 12 622 606 632
580 2 2 1002 12 606 622 631
581 2 2 1002 12 97 96 632
582 2 2 1002 12 606 97 632
583 2 2 1002 12 94 6 638
584 2 2 1002 12 625 605 640
585 2 2 1002 12 605 625 639
586 2 2 1002 12 607 100 633
587 2 2 1002 12 626 608 637
588 2 2 1002 12 629 626 637
589 2 2 1002 12 610 94 638
590 2 2 1002 12 100 99 633
591 2 2 1002 12 109 108 640
592 2 2 1002 12 605 109 640
593 2 2 1002 12 638 623 645
594 2 2 1002 12 110 605 641
595 2 2 1002 12 610 638 645
596 2 2 1002 12 6 611 638
597 2 2 1002 12 111 110 641
598 2 2 1002 12 103 102 636
599 2 2 1002 12 603 103 636
600 2 2 1002 12 617 622 623
601 2 2 1002 12 614 617 623
602 2 2 1002 12 616 615 624
603 2 2 1002 12 619 626 627
604 2 2 1002 12 618 619 627
605 2 2 1002 12 116 115 604
606 2 2 1002 12 110 109 605
607 2 2 1002 12 101 100 607
608 2 2 1002 12 98 97 606
609 2 2 1002 12 104 103 603
610 2 2 1002 12 113 112 609
611 2 2 1002 12 95 94 610
612 2 2 1002 12 107 106 608
613 2 2 1002 12 619 625 626
614 2 2 1002 12 621 618 627
615 2 2 1002 12 619 624 625
616 2 2 1002 12 620 618 621
617 2 2 1002 12 619 616 624
618 2 2 1002 12 617 620 622
619 2 2 1002 12 617 618 620
620 2 2 1002 12 618 616 619
621 2 2 1002 12 617 616 618
622 2 2 1002 12 614 616 617
623 2 2 1002 12 614 615 616
624 2 2 1002 12 612 614 623
625 2 2 1002 12 614 613 615
626 2 2 1002 12 624 615 628
627 2 2 1002 12 612 613 614
628 2 2 1002 12 612 623 638
629 2 2 1002 12 612 604 613
630 2 2 1002 12 604 115 634
631 2 2 1002 12 115 114 634
632 2 2 1002 12 627 626 629
633 2 2 1002 12 622 620 631
634 2 2 1002 12 630 607 633
635 2 2 1002 12 625 624 639
636 2 2 1002 12 635 636 643
637 2 2 1002 12 629 603 635
638 2 2 1002 12 627 629 635
639 2 2 1002 12 620 621 630
640 2 2 1002 12 628 615 642
641 2 2 1002 12 609 628 642
642 2 2 1002 12 622 632 645
643 2 2 1002 12 106 105 637
644 2 2 1002 12 608 106 637
645 2 2 1002 12 631 630 633
646 2 2 1002 12 632 96 652
647 2 2 1002 12 613 604 634
648 2 2 1002 12 621 627 635
649 2 2 1002 12 613 634 642
650 2 2 1002 12 628 609 650
651 2 2 1002 12 631 633 651
652 2 2 1002 12 620 630 631
653 2 2 1002 12 611 604 612
654 2 2 1002 12 606 631 651
655 2 2 1002 12 635 603 636
656 2 2 1002 12 642 634 646
657 2 2 1002 12 605 639 641
658 2 2 1002 12 621 635 643
659 2 2 1002 12 623 622 645
660 2 2 1002 12 608 626 648
661 2 2 1002 12 116 604 611
662 2 2 1002 12 6 116 611
663 2 2 1002 12 615 613 642
664 2 2 1002 12 624 628 639
665 2 2 1002 12 105 104 644
666 2 2 1002 12 114 113 646
667 2 2 1002 12 641 628 650
668 2 2 1002 12 102 101 647
669 2 2 1002 12 112 111 650
670 2 2 1002 12 96 95 652
671 2 2 1002 12 99 98 651
672 2 2 1002 12 108 107 649
673 2 2 1002 12 626 625 648
674 2 2 1002 12 104 603 644
675 2 2 1002 12 611 612 638
676 2 2 1002 12 113 609 646
677 2 2 1002 12 639 628 641
678 2 2 1002 12 101 607 647
679 2 2 1002 12 640 108 649
680 2 2 1002 12 107 608 649
681 2 2 1002 12 603 629 644
682 2 2 1002 12 609 112 650
683 2 2 1002 12 98 606 651
684 2 2 1002 12 95 610 652
685 2 2 1002 12 633 99 651
686 2 2 1002 12 643 636 647
687 2 2 1002 12 636 102 647
688 2 2 1002 12 625 640 648
689 2 2 1002 12 630 621 643
690 2 2 1002 12 607 630 643
691 2 2 1002 12 634 114 646
692 2 2 1002 12 111 641 650
693 2 2 1002 12 637 105 644
694 2 2 1002 12 609 642 646
695 2 2 1002 12 629 637 644
696 2 2 1002 12 645 632 652
697 2 2 1002 12 610 645 652
698 2 2 1002 12 607 643 647
699 2 2 1002 12 608 648 649
700 2 2 1002 12 648 640 649
701 2 2 1001 13 803 804 655
702 2 2 1001 13 804 853 655
703 2 2 1001 13 806 856 831
704 2 2 1001 13 831 856 667
705 2 2 1001 13 800 835 826
706 2 2 1001 13 783 785 660
707 2 2 1001 13 833 850 126
708 2 2 1001 13 788 817 657
709 2 2 1001 13 792 819 656
710 2 2 1001 13 826 852 800
711 2 2 1001 13 663 747 743
712 2 2 1001 13 746 850 833
713 2 2 1001 13 758 834 658
714 2 2 1001 13 834 841 151
715 2 2 1001 13 785 857 660
716 2 2 1001 13 657 861 788
717 2 2 1001 13 736 814 813
718 2 2 1001 13 792 860 819
719 2 2 1001 13 718 843 835
720 2 2 1001 13 664 841 755
721 2 2 1001 13 764 833 661
722 2 2 1001 13 654 836 744
723 2 2 1001 13 744 838 654
724 2 2 1001 13 743 862 663
725 2 2 1001 13 790 818 668
726 2 2 1001 13 813 839 736
727 2 2 1001 13 658 855 758
728 2 2 1001 13 738 812 811
729 2 2 1001 13 757 841 834
730 2 2 1001 13 674 830 798
731 2 2 1001 13 774 816 768
732 2 2 1001 13 661 867 764
733 2 2 1001 13 754 854 795
734 2 2 1001 13 669 842 760
735 2 2 1001 13 760 840 669
736 2 2 1001 13 835 843 805
737 2 2 1001 13 828 856 779
738 2 2 1001 13 830 869 798
739 2 2 1001 13 760 836 654
740 2 2 1001 13 795 854 673
741 2 2 1001 13 654 840 760
742 2 2 1001 13 755 847 664
743 2 2 1001 13 774 866 816
744 2 2 1001 13 666 865 748
745 2 2 1001 13 744 837 671
746 2 2 1001 13 655 805 803
747 2 2 1001 13 659 850 745
748 2 2 1001 13 671 838 744
749 2 2 1001 13 755 841 757
750 2 2 1001 13 778 828 779
751 2 2 1001 13 811 851 738
752 2 2 1001 13 826 835 805
753 2 2 1001 13 736 839 735
754 2 2 1001 13 827 865 666
755 2 2 1001 13 667 856 828
756 2 2 1001 13 668 848 790
757 2 2 1001 13 757 834 758
758 2 2 1001 13 790 846 818
759 2 2 1001 13 745 850 746
760 2 2 1001 13 774 799 662
761 2 2 1001 13 730 824 799
762 2 2 1001 13 750 759 753
763 2 2 1001 13 759 760 753
764 2 2 1001 13 796 797 665
765 2 2 1001 13 664 795 149
766 2 2 1001 13 166 796 665
767 2 2 1001 13 786 822 785
768 2 2 1001 13 796 798 797
769 2 2 1001 13 674 798 796
770 2 2 1001 13 784 786 785
771 2 2 1001 13 740 759 749
772 2 2 1001 13 740 749 720
773 2 2 1001 13 148 795 673
774 2 2 1001 13 674 796 167
775 2 2 1001 13 749 759 750
776 2 2 1001 13 148 673 147
777 2 2 1001 13 168 674 167
778 2 2 1001 13 726 784 691
779 2 2 1001 13 739 740 720
780 2 2 1001 13 739 744 740
781 2 2 1001 13 781 809 762
782 2 2 1001 13 747 761 734
783 2 2 1001 13 681 807 801
784 2 2 1001 13 750 753 752
785 2 2 1001 13 121 812 663
786 2 2 1001 13 737 739 720
787 2 2 1001 13 720 749 716
788 2 2 1001 13 163 814 660
789 2 2 1001 13 726 786 784
790 2 2 1001 13 719 720 716
791 2 2 1001 13 749 750 717
792 2 2 1001 13 712 714 713
793 2 2 1001 13 716 749 717
794 2 2 1001 13 118 666 119
795 2 2 1001 13 136 667 137
796 2 2 1001 13 150 664 149
797 2 2 1001 13 166 665 165
798 2 2 1001 13 711 712 710
799 2 2 1001 13 715 716 714
800 2 2 1001 13 666 811 119
801 2 2 1001 13 691 784 729
802 2 2 1001 13 713 762 710
803 2 2 1001 13 665 813 165
804 2 2 1001 13 801 807 802
805 2 2 1001 13 802 807 806
806 2 2 1001 13 167 796 166
807 2 2 1001 13 149 795 148
808 2 2 1001 13 745 849 659
809 2 2 1001 13 709 710 708
810 2 2 1001 13 712 713 710
811 2 2 1001 13 716 717 714
812 2 2 1001 13 710 762 708
813 2 2 1001 13 747 776 761
814 2 2 1001 13 811 812 120
815 2 2 1001 13 712 715 714
816 2 2 1001 13 120 812 121
817 2 2 1001 13 802 806 804
818 2 2 1001 13 164 814 163
819 2 2 1001 13 813 814 164
820 2 2 1001 13 709 711 710
821 2 2 1001 13 734 761 711
822 2 2 1001 13 763 764 742
823 2 2 1001 13 753 754 752
824 2 2 1001 13 799 824 800
825 2 2 1001 13 119 811 120
826 2 2 1001 13 708 762 725
827 2 2 1001 13 733 789 788
828 2 2 1001 13 728 793 792
829 2 2 1001 13 165 813 164
830 2 2 1001 13 763 770 704
831 2 2 1001 13 743 747 734
832 2 2 1001 13 737 748 739
833 2 2 1001 13 706 708 707
834 2 2 1001 13 719 737 720
835 2 2 1001 13 742 770 763
836 2 2 1001 13 715 719 716
837 2 2 1001 13 713 781 762
838 2 2 1001 13 725 809 794
839 2 2 1001 13 708 725 707
840 2 2 1001 13 706 709 708
841 2 2 1001 13 686 772 684
842 2 2 1001 13 128 816 129
843 2 2 1001 13 659 816 128
844 2 2 1001 13 725 794 793
845 2 2 1001 13 731 767 745
846 2 2 1001 13 725 793 707
847 2 2 1001 13 732 764 763
848 2 2 1001 13 707 793 728
849 2 2 1001 13 155 819 154
850 2 2 1001 13 656 819 155
851 2 2 1001 13 153 820 658
852 2 2 1001 13 819 820 154
853 2 2 1001 13 154 820 153
854 2 2 1001 13 159 817 158
855 2 2 1001 13 157 818 156
856 2 2 1001 13 158 817 668
857 2 2 1001 13 668 818 157
858 2 2 1001 13 657 817 159
859 2 2 1001 13 156 818 656
860 2 2 1001 13 158 668 157
861 2 2 1001 13 163 660 162
862 2 2 1001 13 156 656 155
863 2 2 1001 13 127 659 128
864 2 2 1001 13 124 661 125
865 2 2 1001 13 153 658 152
866 2 2 1001 13 133 655 134
867 2 2 1001 13 121 663 122
868 2 2 1001 13 160 657 159
869 2 2 1001 13 130 662 131
870 2 2 1001 13 682 801 685
871 2 2 1001 13 694 769 692
872 2 2 1001 13 703 763 704
873 2 2 1001 13 746 764 732
874 2 2 1001 13 702 765 700
875 2 2 1001 13 705 765 702
876 2 2 1001 13 758 809 781
877 2 2 1001 13 732 763 703
878 2 2 1001 13 707 728 705
879 2 2 1001 13 728 765 705
880 2 2 1001 13 706 707 705
881 2 2 1001 13 704 705 702
882 2 2 1001 13 701 731 703
883 2 2 1001 13 745 746 732
884 2 2 1001 13 704 706 705
885 2 2 1001 13 703 704 702
886 2 2 1001 13 731 745 732
887 2 2 1001 13 714 775 713
888 2 2 1001 13 731 732 703
889 2 2 1001 13 728 792 791
890 2 2 1001 13 697 769 694
891 2 2 1001 13 762 809 725
892 2 2 1001 13 766 767 731
893 2 2 1001 13 696 697 694
894 2 2 1001 13 699 733 697
895 2 2 1001 13 701 703 702
896 2 2 1001 13 688 771 690
897 2 2 1001 13 698 701 700
898 2 2 1001 13 704 770 706
899 2 2 1001 13 733 769 697
900 2 2 1001 13 696 766 698
901 2 2 1001 13 698 700 699
902 2 2 1001 13 696 698 697
903 2 2 1001 13 683 810 680
904 2 2 1001 13 700 722 699
905 2 2 1001 13 727 734 711
906 2 2 1001 13 701 702 700
907 2 2 1001 13 699 789 733
908 2 2 1001 13 695 696 694
909 2 2 1001 13 700 765 722
910 2 2 1001 13 723 766 696
911 2 2 1001 13 698 699 697
912 2 2 1001 13 727 742 741
913 2 2 1001 13 695 723 696
914 2 2 1001 13 701 766 731
915 2 2 1001 13 693 730 695
916 2 2 1001 13 727 770 742
917 2 2 1001 13 689 772 686
918 2 2 1001 13 698 766 701
919 2 2 1001 13 722 789 699
920 2 2 1001 13 741 743 734
921 2 2 1001 13 711 761 712
922 2 2 1001 13 722 790 789
923 2 2 1001 13 723 767 766
924 2 2 1001 13 690 693 692
925 2 2 1001 13 690 692 691
926 2 2 1001 13 693 695 694
927 2 2 1001 13 723 768 767
928 2 2 1001 13 727 741 734
929 2 2 1001 13 706 770 709
930 2 2 1001 13 692 769 726
931 2 2 1001 13 692 726 691
932 2 2 1001 13 693 694 692
933 2 2 1001 13 806 831 804
934 2 2 1001 13 784 785 783
935 2 2 1001 13 691 729 689
936 2 2 1001 13 733 788 787
937 2 2 1001 13 718 771 688
938 2 2 1001 13 728 791 765
939 2 2 1001 13 709 727 711
940 2 2 1001 13 709 770 727
941 2 2 1001 13 690 771 693
942 2 2 1001 13 693 771 730
943 2 2 1001 13 690 691 689
944 2 2 1001 13 681 801 682
945 2 2 1001 13 685 801 724
946 2 2 1001 13 685 724 687
947 2 2 1001 13 750 752 751
948 2 2 1001 13 773 774 768
949 2 2 1001 13 721 735 683
950 2 2 1001 13 730 773 695
951 2 2 1001 13 680 810 679
952 2 2 1001 13 729 784 783
953 2 2 1001 13 729 772 689
954 2 2 1001 13 688 689 686
955 2 2 1001 13 722 791 790
956 2 2 1001 13 688 690 689
957 2 2 1001 13 687 718 688
958 2 2 1001 13 735 810 683
959 2 2 1001 13 687 688 686
960 2 2 1001 13 723 773 768
961 2 2 1001 13 765 791 722
962 2 2 1001 13 801 802 724
963 2 2 1001 13 802 804 803
964 2 2 1001 13 695 773 723
965 2 2 1001 13 729 783 782
966 2 2 1001 13 721 736 735
967 2 2 1001 13 733 787 769
968 2 2 1001 13 685 687 686
969 2 2 1001 13 712 761 715
970 2 2 1001 13 750 751 717
971 2 2 1001 13 726 787 786
972 2 2 1001 13 717 775 714
973 2 2 1001 13 684 772 721
974 2 2 1001 13 671 865 777
975 2 2 1001 13 757 758 756
976 2 2 1001 13 685 686 684
977 2 2 1001 13 775 781 713
978 2 2 1001 13 751 775 717
979 2 2 1001 13 682 685 684
980 2 2 1001 13 802 803 724
981 2 2 1001 13 684 721 683
982 2 2 1001 13 756 775 751
983 2 2 1001 13 681 808 807
984 2 2 1001 13 752 755 751
985 2 2 1001 13 678 681 680
986 2 2 1001 13 755 756 751
987 2 2 1001 13 755 757 756
988 2 2 1001 13 769 787 726
989 2 2 1001 13 719 738 737
990 2 2 1001 13 682 683 680
991 2 2 1001 13 682 684 683
992 2 2 1001 13 677 808 678
993 2 2 1001 13 141 670 140
994 2 2 1001 13 140 669 141
995 2 2 1001 13 681 682 680
996 2 2 1001 13 142 675 141
997 2 2 1001 13 143 653 142
998 2 2 1001 13 142 654 143
999 2 2 1001 13 678 679 676
1000 2 2 1001 13 678 808 681
1001 2 2 1001 13 729 782 772
1002 2 2 1001 13 678 680 679
1003 2 2 1001 13 756 781 775
1004 2 2 1001 13 144 780 143
1005 2 2 1001 13 799 800 662
1006 2 2 1001 13 145 672 144
1007 2 2 1001 13 144 671 145
1008 2 2 1001 13 715 776 719
1009 2 2 1001 13 758 781 756
1010 2 2 1001 13 761 776 715
1011 2 2 1001 13 719 776 738
1012 2 2 1001 13 773 799 774
1013 2 2 1001 13 677 678 676
1014 2 2 1001 13 721 782 736
1015 2 2 1001 13 653 677 676
1016 2 2 1001 13 161 822 160
1017 2 2 1001 13 141 675 670
1018 2 2 1001 13 730 799 773
1019 2 2 1001 13 772 782 721
1020 2 2 1001 13 653 675 142
1021 2 2 1001 13 655 826 805
1022 2 2 1001 13 143 780 653
1023 2 2 1001 13 653 676 675
1024 2 2 1001 13 146 778 145
1025 2 2 1001 13 807 825 806
1026 2 2 1001 13 145 777 146
1027 2 2 1001 13 123 823 124
1028 2 2 1001 13 672 780 144
1029 2 2 1001 13 679 815 676
1030 2 2 1001 13 653 780 677
1031 2 2 1001 13 778 779 672
1032 2 2 1001 13 145 778 672
1033 2 2 1001 13 675 815 670
1034 2 2 1001 13 771 824 730
1035 2 2 1001 13 671 777 145
1036 2 2 1001 13 160 822 657
1037 2 2 1001 13 676 815 675
1038 2 2 1001 13 677 821 808
1039 2 2 1001 13 741 823 743
1040 2 2 1001 13 821 825 808
1041 2 2 1001 13 124 823 661
1042 2 2 1001 13 133 826 655
1043 2 2 1001 13 672 821 780
1044 2 2 1001 13 736 844 814
1045 2 2 1001 13 746 833 764
1046 2 2 1001 13 117 827 118
1047 2 2 1001 13 137 828 138
1048 2 2 1001 13 780 821 677
1049 2 2 1001 13 779 821 672
1050 2 2 1001 13 135 831 136
1051 2 2 1001 13 779 825 821
1052 2 2 1001 13 140 830 139
1053 2 2 1001 13 139 829 140
1054 2 2 1001 13 718 824 771
1055 2 2 1001 13 837 865 671
1056 2 2 1001 13 808 825 807
1057 2 2 1001 13 786 861 822
1058 2 2 1001 13 135 853 831
1059 2 2 1001 13 829 854 669
1060 2 2 1001 13 738 845 812
1061 2 2 1001 13 125 833 126
1062 2 2 1001 13 132 826 133
1063 2 2 1001 13 810 868 832
1064 2 2 1001 13 152 834 151
1065 2 2 1001 13 795 847 754
1066 2 2 1001 13 820 860 794
1067 2 2 1001 13 118 827 666
1068 2 2 1001 13 667 828 137
1069 2 2 1001 13 805 843 803
1070 2 2 1001 13 759 836 760
1071 2 2 1001 13 760 842 753
1072 2 2 1001 13 739 837 744
1073 2 2 1001 13 822 861 657
1074 2 2 1001 13 744 836 740
1075 2 2 1001 13 810 832 679
1076 2 2 1001 13 136 831 667
1077 2 2 1001 13 797 839 665
1078 2 2 1001 13 819 860 820
1079 2 2 1001 13 670 830 140
1080 2 2 1001 13 140 829 669
1081 2 2 1001 13 147 858 8
1082 2 2 1001 13 8 859 168
1083 2 2 1001 13 662 866 774
1084 2 2 1001 13 8 858 139
1085 2 2 1001 13 139 859 8
1086 2 2 1001 13 151 841 150
1087 2 2 1001 13 831 853 804
1088 2 2 1001 13 654 838 143
1089 2 2 1001 13 687 843 718
1090 2 2 1001 13 803 843 724
1091 2 2 1001 13 669 840 141
1092 2 2 1001 13 142 840 654
1093 2 2 1001 13 144 838 671
1094 2 2 1001 13 123 862 823
1095 2 2 1001 13 832 868 797
1096 2 2 1001 13 790 848 789
1097 2 2 1001 13 161 857 822
1098 2 2 1001 13 791 846 790
1099 2 2 1001 13 126 850 127
1100 2 2 1001 13 767 849 745
1101 2 2 1001 13 752 847 755
1102 2 2 1001 13 669 854 842
1103 2 2 1001 13 758 855 809
1104 2 2 1001 13 794 855 820
1105 2 2 1001 13 793 860 792
1106 2 2 1001 13 655 853 134
1107 2 2 1001 13 800 852 662
1108 2 2 1001 13 662 852 131
1109 2 2 1001 13 660 857 162
1110 2 2 1001 13 822 857 785
1111 2 2 1001 13 764 867 742
1112 2 2 1001 13 823 862 743
1113 2 2 1001 13 663 862 122
1114 2 2 1001 13 816 866 129
1115 2 2 1001 13 130 866 662
1116 2 2 1001 13 738 851 737
1117 2 2 1001 13 741 867 823
1118 2 2 1001 13 679 832 815
1119 2 2 1001 13 820 855 658
1120 2 2 1001 13 788 861 787
1121 2 2 1001 13 823 867 661
1122 2 2 1001 13 7 863 117
1123 2 2 1001 13 138 864 7
1124 2 2 1001 13 146 863 7
1125 2 2 1001 13 7 864 146
1126 2 2 1001 13 798 832 797
1127 2 2 1001 13 660 844 783
1128 2 2 1001 13 825 856 806
1129 2 2 1001 13 664 847 795
1130 2 2 1001 13 718 835 824
1131 2 2 1001 13 782 844 736
1132 2 2 1001 13 661 833 125
1133 2 2 1001 13 776 845 738
1134 2 2 1001 13 132 852 826
1135 2 2 1001 13 658 834 152
1136 2 2 1001 13 656 846 792
1137 2 2 1001 13 788 848 817
1138 2 2 1001 13 748 851 666
1139 2 2 1001 13 670 869 830
1140 2 2 1001 13 666 851 811
1141 2 2 1001 13 663 845 747
1142 2 2 1001 13 832 869 815
1143 2 2 1001 13 740 836 759
1144 2 2 1001 13 748 837 739
1145 2 2 1001 13 143 838 144
1146 2 2 1001 13 783 844 782
1147 2 2 1001 13 141 840 142
1148 2 2 1001 13 665 839 813
1149 2 2 1001 13 753 842 754
1150 2 2 1001 13 798 869 832
1151 2 2 1001 13 150 841 664
1152 2 2 1001 13 747 845 776
1153 2 2 1001 13 824 835 800
1154 2 2 1001 13 817 848 668
1155 2 2 1001 13 724 843 687
1156 2 2 1001 13 818 846 656
1157 2 2 1001 13 816 849 768
1158 2 2 1001 13 814 844 660
1159 2 2 1001 13 659 849 816
1160 2 2 1001 13 812 845 663
1161 2 2 1001 13 792 846 791
1162 2 2 1001 13 789 848 788
1163 2 2 1001 13 754 847 752
1164 2 2 1001 13 828 864 138
1165 2 2 1001 13 117 863 827
1166 2 2 1001 13 768 849 767
1167 2 2 1001 13 127 850 659
1168 2 2 1001 13 797 868 839
1169 2 2 1001 13 737 851 748
1170 2 2 1001 13 131 852 132
1171 2 2 1001 13 134 853 135
1172 2 2 1001 13 168 859 674
1173 2 2 1001 13 673 858 147
1174 2 2 1001 13 809 855 794
1175 2 2 1001 13 162 857 161
1176 2 2 1001 13 794 860 793
1177 2 2 1001 13 830 859 139
1178 2 2 1001 13 139 858 829
1179 2 2 1001 13 122 862 123
1180 2 2 1001 13 787 861 786
1181 2 2 1001 13 129 866 130
1182 2 2 1001 13 742 867 741
1183 2 2 1001 13 827 863 777
1184 2 2 1001 13 778 864 828
1185 2 2 1001 13 777 863 146
1186 2 2 1001 13 146 864 778
1187 2 2 1001 13 779 856 825
1188 2 2 1001 13 735 868 810
1189 2 2 1001 13 815 869 670
1190 2 2 1001 13 673 854 829
1191 2 2 1001 13 777 865 827
1192 2 2 1001 13 829 858 673
1193 2 2 1001 13 674 859 830
1194 2 2 1001 13 842 854 754
1195 2 2 1001 13 748 865 837
1196 2 2 1001 13 839 868 735
1197 4 2 1 2 967 169 256 236
1198 4 2 1 2 285 286 287 987
1199 4 2 1 2 981 315 316 311
1200 4 2 1 2 978 974 983 969
1201 4 2 1 2 256 969 236 221
1202 4 2 1 2 259 245 173 276
1203 4 2 1 2 985 288 287 964
1204 4 2 1 2 987 985 964 983
1205 4 2 1 2 268 325 310 38
1206 4 2 1 2 15 16 173 276
1207 4 2 1 2 202 205 979 229
1208 4 2 1 2 315 981 316 317
1209 4 2 1 2 255 212 214 968
1210 4 2 1 2 223 312 333 44
1211 4 2 1 2 303 293 294 983
1212 4 2 1 2 187 50 49 331
1213 4 2 1 2 290 963 273 298
1214 4 2 1 2 970 963 298 174
1215 4 2 1 2 985 245 259 276
1216 4 2 1 2 224 183 980 223
1217 4 2 1 2 193 963 174 196
1218 4 2 1 2 967 216 215 968
1219 4 2 1 2 204 991 206 170
1220 4 2 1 2 187 264 981 241
1221 4 2 1 2 978 207 983 979
1222 4 2 1 2 321 322 971 972
1223 4 2 1 2 169 223 236 980
1224 4 2 1 2 285 290 284 964
1225 4 2 1 2 215 213 968 214
1226 4 2 1 2 212 255 986 968
1227 4 2 1 2 988 259 173 276
1228 4 2 1 2 175 963 273 305
1229 4 2 1 2 988 295 173 228
1230 4 2 1 2 989 301 302 296
1231 4 2 1 2 967 315 981 311
1232 4 2 1 2 300 24 23 171
1233 4 2 1 2 295 16 173 228
1234 4 2 1 2 275 27 262 1
1235 4 2 1 2 962 227 247 222
1236 4 2 1 2 962 246 181 226
1237 4 2 1 2 226 237 225 983
1238 4 2 1 2 978 980 971 982
1239 4 2 1 2 965 201 971 979
1240 4 2 1 2 310 322 971 321
1241 4 2 1 2 979 204 971 206
1242 4 2 1 2 337 312 328 980
1243 4 2 1 2 279 301 252 10
1244 4 2 1 2 985 259 200 229
1245 4 2 1 2 31 275 262 1
1246 4 2 1 2 275 989 31 986
1247 4 2 1 2 966 201 965 250
1248 4 2 1 2 296 263 1 31
1249 4 2 1 2 231 965 258 195
1250 4 2 1 2 290 279 989 970
1251 4 2 1 2 198 200 199 965
1252 4 2 1 2 970 977 964 965
1253 4 2 1 2 965 977 964 976
1254 4 2 1 2 981 318 336 316
1255 4 2 1 2 10 301 252 186
1256 4 2 1 2 970 31 986 30
1257 4 2 1 2 28 264 309 2
1258 4 2 1 2 976 984 982 975
1259 4 2 1 2 981 213 975 968
1260 4 2 1 2 279 970 298 174
1261 4 2 1 2 301 279 252 989
1262 4 2 1 2 278 303 294 983
1263 4 2 1 2 290 963 298 970
1264 4 2 1 2 242 271 178 992
1265 4 2 1 2 180 268 310 991
1266 4 2 1 2 967 169 236 980
1267 4 2 1 2 977 191 193 192
1268 4 2 1 2 213 176 975 968
1269 4 2 1 2 279 290 298 970
1270 4 2 1 2 311 253 49 331
1271 4 2 1 2 201 180 971 203
1272 4 2 1 2 169 333 45 44
1273 4 2 1 2 962 299 181 272
1274 4 2 1 2 967 216 217 177
1275 4 2 1 2 213 187 215 981
1276 4 2 1 2 315 967 981 982
1277 4 2 1 2 967 323 306 333
1278 4 2 1 2 318 981 973 982
1279 4 2 1 2 988 985 229 259
1280 4 2 1 2 322 966 324 307
1281 4 2 1 2 197 963 965 196
1282 4 2 1 2 980 978 971 206
1283 4 2 1 2 237 172 983 266
1284 4 2 1 2 218 216 217 968
1285 4 2 1 2 172 20 225 303
1286 4 2 1 2 992 178 313 233
1287 4 2 1 2 183 43 337 223
1288 4 2 1 2 974 967 969 982
1289 4 2 1 2 180 268 38 325
1290 4 2 1 2 967 981 982 968
1291 4 2 1 2 973 332 313 324
1292 4 2 1 2 968 981 982 975
1293 4 2 1 2 31 970 240 30
1294 4 2 1 2 970 190 977 192
1295 4 2 1 2 202 204 971 979
1296 4 2 1 2 231 179 966 230
1297 4 2 1 2 219 967 217 232
1298 4 2 1 2 981 992 28 309
1299 4 2 1 2 973 271 189 188
1300 4 2 1 2 264 981 309 331
1301 4 2 1 2 227 962 247 171
1302 4 2 1 2 257 334 306 967
1303 4 2 1 2 256 219 969 221
1304 4 2 1 2 179 35 233 332
1305 4 2 1 2 29 992 188 28
1306 4 2 1 2 977 29 184 30
1307 4 2 1 2 970 190 240 977
1308 4 2 1 2 264 187 981 331
1309 4 2 1 2 257 334 46 306
1310 4 2 1 2 191 977 193 965
1311 4 2 1 2 193 194 965 195
1312 4 2 1 2 321 991 990 971
1313 4 2 1 2 966 965 971 972
1314 4 2 1 2 985 963 288 964
1315 4 2 1 2 216 215 968 214
1316 4 2 1 2 204 991 203 971
1317 4 2 1 2 985 988 229 248
1318 4 2 1 2 220 974 247 218
1319 4 2 1 2 967 257 217 232
1320 4 2 1 2 202 204 203 971
1321 4 2 1 2 270 966 965 250
1322 4 2 1 2 194 966 973 965
1323 4 2 1 2 194 191 193 965
1324 4 2 1 2 180 991 310 971
1325 4 2 1 2 991 260 206 170
1326 4 2 1 2 321 319 972 990
1327 4 2 1 2 962 289 272 281
1328 4 2 1 2 969 967 980 982
1329 4 2 1 2 970 977 986 964
1330 4 2 1 2 297 27 26 243
1331 4 2 1 2 290 970 284 964
1332 4 2 1 2 326 991 990 338
1333 4 2 1 2 990 980 320 982
1334 4 2 1 2 235 246 181 962
1335 4 2 1 2 968 212 975 986
1336 4 2 1 2 970 989 31 240
1337 4 2 1 2 200 201 199 965
1338 4 2 1 2 29 977 975 30
1339 4 2 1 2 963 198 197 965
1340 4 2 1 2 989 186 263 240
1341 4 2 1 2 978 979 971 206
1342 4 2 1 2 972 319 320 990
1343 4 2 1 2 976 965 979 964
1344 4 2 1 2 965 963 979 964
1345 4 2 1 2 21 278 299 225
1346 4 2 1 2 25 227 24 280
1347 4 2 1 2 983 985 964 979
1348 4 2 1 2 231 270 965 195
1349 4 2 1 2 233 973 332 313
1350 4 2 1 2 267 985 248 988
1351 4 2 1 2 992 242 188 261
1352 4 2 1 2 29 992 973 188
1353 4 2 1 2 981 311 316 331
1354 4 2 1 2 253 187 49 331
1355 4 2 1 2 271 242 188 992
1356 4 2 1 2 248 985 207 979
1357 4 2 1 2 976 978 964 979
1358 4 2 1 2 977 970 193 965
1359 4 2 1 2 24 300 280 171
1360 4 2 1 2 281 962 986 277
1361 4 2 1 2 321 326 990 338
1362 4 2 1 2 309 981 316 331
1363 4 2 1 2 319 318 972 982
1364 4 2 1 2 227 24 280 171
1365 4 2 1 2 231 966 258 965
1366 4 2 1 2 233 35 34 332
1367 4 2 1 2 978 209 210 983
1368 4 2 1 2 222 227 255 968
1369 4 2 1 2 967 981 215 311
1370 4 2 1 2 201 180 250 966
1371 4 2 1 2 27 297 262 243
1372 4 2 1 2 235 962 181 272
1373 4 2 1 2 197 198 199 965
1374 4 2 1 2 978 209 207 208
1375 4 2 1 2 175 13 305 251
1376 4 2 1 2 988 985 276 287
1377 4 2 1 2 989 190 186 240
1378 4 2 1 2 20 278 225 303
1379 4 2 1 2 267 987 239 983
1380 4 2 1 2 989 186 192 252
1381 4 2 1 2 238 226 269 969
1382 4 2 1 2 981 213 968 215
1383 4 2 1 2 213 176 241 975
1384 4 2 1 2 172 293 239 19
1385 4 2 1 2 288 963 276 291
1386 4 2 1 2 311 253 48 49
1387 4 2 1 2 211 212 243 986
1388 4 2 1 2 985 988 987 287
1389 4 2 1 2 285 286 987 964
1390 4 2 1 2 301 989 252 186
1391 4 2 1 2 984 978 964 976
1392 4 2 1 2 322 966 971 972
1393 4 2 1 2 325 230 339 37
1394 4 2 1 2 988 182 228 248
1395 4 2 1 2 992 330 261 28
1396 4 2 1 2 227 962 280 277
1397 4 2 1 2 978 983 964 979
1398 4 2 1 2 981 29 28 973
1399 4 2 1 2 988 229 228 173
1400 4 2 1 2 268 249 39 329
1401 4 2 1 2 969 967 236 980
1402 4 2 1 2 978 984 964 983
1403 4 2 1 2 970 977 240 30
1404 4 2 1 2 169 967 333 980
1405 4 2 1 2 963 985 979 964
1406 4 2 1 2 198 963 200 965
1407 4 2 1 2 176 29 241 975
1408 4 2 1 2 209 266 210 983
1409 4 2 1 2 208 978 210 244
1410 4 2 1 2 224 978 244 210
1411 4 2 1 2 237 969 210 983
1412 4 2 1 2 976 984 986 964
1413 4 2 1 2 249 308 991 170
1414 4 2 1 2 198 963 175 245
1415 4 2 1 2 242 32 335 33
1416 4 2 1 2 178 34 33 313
1417 4 2 1 2 307 966 324 332
1418 4 2 1 2 989 970 190 240
1419 4 2 1 2 981 318 317 982
1420 4 2 1 2 974 968 982 975
1421 4 2 1 2 992 242 335 313
1422 4 2 1 2 237 172 225 983
1423 4 2 1 2 21 299 181 225
1424 4 2 1 2 988 295 276 173
1425 4 2 1 2 985 963 276 288
1426 4 2 1 2 268 180 310 325
1427 4 2 1 2 992 973 233 313
1428 4 2 1 2 322 966 972 324
1429 4 2 1 2 191 190 977 189
1430 4 2 1 2 236 969 269 221
1431 4 2 1 2 300 962 272 281
1432 4 2 1 2 319 322 972 324
1433 4 2 1 2 974 967 982 968
1434 4 2 1 2 966 322 310 325
1435 4 2 1 2 319 317 982 320
1436 4 2 1 2 180 268 991 203
1437 4 2 1 2 963 985 200 979
1438 4 2 1 2 201 202 971 979
1439 4 2 1 2 234 308 991 327
1440 4 2 1 2 322 966 310 971
1441 4 2 1 2 977 976 972 982
1442 4 2 1 2 337 980 328 327
1443 4 2 1 2 978 209 208 210
1444 4 2 1 2 308 329 991 338
1445 4 2 1 2 966 973 332 233
1446 4 2 1 2 988 304 274 292
1447 4 2 1 2 282 284 302 986
1448 4 2 1 2 323 312 333 980
1449 4 2 1 2 326 308 991 338
1450 4 2 1 2 972 319 982 320
1451 4 2 1 2 293 18 274 182
1452 4 2 1 2 978 974 982 984
1453 4 2 1 2 992 336 313 335
1454 4 2 1 2 966 973 324 332
1455 4 2 1 2 992 973 313 324
1456 4 2 1 2 981 967 215 968
1457 4 2 1 2 992 330 336 335
1458 4 2 1 2 962 281 280 277
1459 4 2 1 2 973 966 324 972
1460 4 2 1 2 976 965 971 979
1461 4 2 1 2 220 974 969 962
1462 4 2 1 2 267 985 987 983
1463 4 2 1 2 962 300 280 281
1464 4 2 1 2 963 200 965 979
1465 4 2 1 2 334 967 315 306
1466 4 2 1 2 974 978 983 984
1467 4 2 1 2 224 238 969 210
1468 4 2 1 2 248 985 979 229
1469 4 2 1 2 980 328 990 320
1470 4 2 1 2 963 290 273 288
1471 4 2 1 2 318 319 972 324
1472 4 2 1 2 205 248 979 229
1473 4 2 1 2 984 285 284 964
1474 4 2 1 2 289 962 299 983
1475 4 2 1 2 282 297 277 986
1476 4 2 1 2 985 267 987 988
1477 4 2 1 2 967 323 333 980
1478 4 2 1 2 974 968 975 986
1479 4 2 1 2 966 180 310 971
1480 4 2 1 2 289 286 283 984
1481 4 2 1 2 242 178 33 313
1482 4 2 1 2 216 222 214 968
1483 4 2 1 2 963 290 288 964
1484 4 2 1 2 989 263 296 31
1485 4 2 1 2 288 285 287 964
1486 4 2 1 2 315 981 317 982
1487 4 2 1 2 974 967 218 219
1488 4 2 1 2 973 981 975 982
1489 4 2 1 2 978 984 982 976
1490 4 2 1 2 984 974 982 975
1491 4 2 1 2 973 318 972 324
1492 4 2 1 2 285 286 984 283
1493 4 2 1 2 322 319 972 321
1494 4 2 1 2 978 224 969 210
1495 4 2 1 2 962 227 222 968
1496 4 2 1 2 209 267 239 983
1497 4 2 1 2 984 286 987 983
1498 4 2 1 2 183 337 42 327
1499 4 2 1 2 988 304 987 287
1500 4 2 1 2 293 988 987 239
1501 4 2 1 2 974 962 983 969
1502 4 2 1 2 962 974 983 984
1503 4 2 1 2 962 222 247 968
1504 4 2 1 2 326 328 990 327
1505 4 2 1 2 260 208 980 206
1506 4 2 1 2 974 962 247 968
1507 4 2 1 2 270 965 199 250
1508 4 2 1 2 222 216 218 968
1509 4 2 1 2 234 260 991 170
1510 4 2 1 2 984 284 986 964
1511 4 2 1 2 963 198 175 197
1512 4 2 1 2 966 180 250 230
1513 4 2 1 2 200 201 965 979
1514 4 2 1 2 260 234 990 980
1515 4 2 1 2 234 260 990 991
1516 4 2 1 2 991 310 971 321
1517 4 2 1 2 205 248 207 979
1518 4 2 1 2 328 980 990 327
1519 4 2 1 2 328 326 990 320
1520 4 2 1 2 978 969 980 982
1521 4 2 1 2 963 175 196 197
1522 4 2 1 2 230 36 339 37
1523 4 2 1 2 966 194 233 258
1524 4 2 1 2 963 193 965 196
1525 4 2 1 2 981 318 316 317
1526 4 2 1 2 174 963 251 196
1527 4 2 1 2 297 277 185 26
1528 4 2 1 2 984 976 986 975
1529 4 2 1 2 176 213 212 968
1530 4 2 1 2 213 187 981 241
1531 4 2 1 2 257 967 217 177
1532 4 2 1 2 314 47 48 177
1533 4 2 1 2 253 311 48 314
1534 4 2 1 2 967 334 315 314
1535 4 2 1 2 315 967 314 311
1536 4 2 1 2 179 966 233 258
1537 4 2 1 2 179 231 966 258
1538 4 2 1 2 35 179 307 332
1539 4 2 1 2 218 974 247 968
1540 4 2 1 2 222 218 247 968
1541 4 2 1 2 36 179 307 35
1542 4 2 1 2 976 977 975 982
1543 4 2 1 2 251 13 305 273
1544 4 2 1 2 963 245 276 291
1545 4 2 1 2 295 16 276 173
1546 4 2 1 2 293 172 303 19
1547 4 2 1 2 962 171 265 247
1548 4 2 1 2 985 288 276 287
1549 4 2 1 2 187 264 50 331
1550 4 2 1 2 970 977 30 986
1551 4 2 1 2 992 981 28 973
1552 4 2 1 2 50 264 309 331
1553 4 2 1 2 220 974 218 219
1554 4 2 1 2 330 32 335 261
1555 4 2 1 2 962 235 265 171
1556 4 2 1 2 28 992 188 261
1557 4 2 1 2 321 972 971 990
1558 4 2 1 2 992 271 178 254
1559 4 2 1 2 234 183 42 327
1560 4 2 1 2 207 985 983 979
1561 4 2 1 2 227 277 185 986
1562 4 2 1 2 966 201 971 965
1563 4 2 1 2 325 180 37 38
1564 4 2 1 2 301 989 186 263
1565 4 2 1 2 30 977 975 986
1566 4 2 1 2 13 12 273 251
1567 4 2 1 2 977 29 975 973
1568 4 2 1 2 204 991 971 206
1569 4 2 1 2 201 180 966 971
1570 4 2 1 2 262 297 986 243
1571 4 2 1 2 285 987 287 964
1572 4 2 1 2 29 981 241 975
1573 4 2 1 2 967 257 232 306
1574 4 2 1 2 978 224 980 969
1575 4 2 1 2 45 46 306 232
1576 4 2 1 2 185 297 26 243
1577 4 2 1 2 989 970 31 986
1578 4 2 1 2 962 974 984 986
1579 4 2 1 2 279 10 252 11
1580 4 2 1 2 990 980 982 971
1581 4 2 1 2 321 319 990 320
1582 4 2 1 2 989 970 192 190
1583 4 2 1 2 43 312 337 223
1584 4 2 1 2 326 321 990 320
1585 4 2 1 2 292 304 287 987
1586 4 2 1 2 175 251 305 273
1587 4 2 1 2 235 962 272 171
1588 4 2 1 2 227 962 277 986
1589 4 2 1 2 183 43 42 337
1590 4 2 1 2 249 308 329 991
1591 4 2 1 2 963 970 193 192
1592 4 2 1 2 991 321 990 338
1593 4 2 1 2 190 191 977 192
1594 4 2 1 2 963 290 964 970
1595 4 2 1 2 970 977 193 192
1596 4 2 1 2 213 212 968 214
1597 4 2 1 2 249 268 203 991
1598 4 2 1 2 31 211 262 986
1599 4 2 1 2 31 211 986 30
1600 4 2 1 2 255 227 986 968
1601 4 2 1 2 176 29 975 30
1602 4 2 1 2 962 246 226 969
1603 4 2 1 2 224 238 236 969
1604 4 2 1 2 226 246 269 969
1605 4 2 1 2 226 238 237 969
1606 4 2 1 2 293 987 294 983
1607 4 2 1 2 337 183 980 327
1608 4 2 1 2 256 967 219 232
1609 4 2 1 2 183 234 980 327
1610 4 2 1 2 18 293 239 182
1611 4 2 1 2 18 17 274 182
1612 4 2 1 2 267 985 207 248
1613 4 2 1 2 966 194 258 965
1614 4 2 1 2 227 962 986 968
1615 4 2 1 2 226 962 969 983
1616 4 2 1 2 988 267 987 239
1617 4 2 1 2 234 183 980 244
1618 4 2 1 2 224 223 980 236
1619 4 2 1 2 972 990 982 971
1620 4 2 1 2 255 227 185 986
1621 4 2 1 2 981 213 241 975
1622 4 2 1 2 202 201 200 979
1623 4 2 1 2 299 21 181 22
1624 4 2 1 2 962 300 272 171
1625 4 2 1 2 204 249 991 170
1626 4 2 1 2 288 963 291 305
1627 4 2 1 2 963 288 273 305
1628 4 2 1 2 978 209 983 207
1629 4 2 1 2 264 981 28 309
1630 4 2 1 2 330 28 309 2
1631 4 2 1 2 242 992 178 313
1632 4 2 1 2 275 297 282 986
1633 4 2 1 2 977 29 973 188
1634 4 2 1 2 966 179 307 339
1635 4 2 1 2 973 271 254 189
1636 4 2 1 2 988 259 229 173
1637 4 2 1 2 194 977 973 254
1638 4 2 1 2 46 257 306 232
1639 4 2 1 2 967 219 217 218
1640 4 2 1 2 318 319 317 982
1641 4 2 1 2 216 967 217 968
1642 4 2 1 2 29 992 28 973
1643 4 2 1 2 970 963 193 965
1644 4 2 1 2 308 40 249 329
1645 4 2 1 2 249 40 39 329
1646 4 2 1 2 245 14 291 305
1647 4 2 1 2 966 231 270 965
1648 4 2 1 2 286 285 984 964
1649 4 2 1 2 275 989 302 296
1650 4 2 1 2 285 984 284 283
1651 4 2 1 2 304 988 987 292
1652 4 2 1 2 211 30 975 986
1653 4 2 1 2 963 198 200 259
1654 4 2 1 2 987 985 287 964
1655 4 2 1 2 992 271 973 188
1656 4 2 1 2 14 13 305 175
1657 4 2 1 2 988 267 182 248
1658 4 2 1 2 16 17 228 295
1659 4 2 1 2 282 281 986 277
1660 4 2 1 2 238 237 969 210
1661 4 2 1 2 175 963 196 251
1662 4 2 1 2 965 194 258 195
1663 4 2 1 2 216 967 215 177
1664 4 2 1 2 172 266 239 983
1665 4 2 1 2 289 962 272 299
1666 4 2 1 2 336 992 313 324
1667 4 2 1 2 231 966 250 230
1668 4 2 1 2 197 270 195 965
1669 4 2 1 2 197 965 195 196
1670 4 2 1 2 334 257 46 47
1671 4 2 1 2 43 312 223 44
1672 4 2 1 2 967 323 315 306
1673 4 2 1 2 965 193 195 196
1674 4 2 1 2 977 194 973 965
1675 4 2 1 2 191 194 977 965
1676 4 2 1 2 984 974 975 986
1677 4 2 1 2 29 981 975 973
1678 4 2 1 2 330 32 261 2
1679 4 2 1 2 270 197 199 965
1680 4 2 1 2 277 25 185 26
1681 4 2 1 2 175 963 251 273
1682 4 2 1 2 976 977 986 975
1683 4 2 1 2 29 977 184 188
1684 4 2 1 2 985 200 979 229
1685 4 2 1 2 293 172 239 983
1686 4 2 1 2 966 231 250 270
1687 4 2 1 2 965 201 199 250
1688 4 2 1 2 28 330 261 2
1689 4 2 1 2 969 978 210 983
1690 4 2 1 2 266 209 239 983
1691 4 2 1 2 237 226 969 983
1692 4 2 1 2 246 969 221 269
1693 4 2 1 2 224 978 980 244
1694 4 2 1 2 237 266 983 210
1695 4 2 1 2 251 12 273 298
1696 4 2 1 2 14 245 175 305
1697 4 2 1 2 202 205 204 979
1698 4 2 1 2 279 290 989 302
1699 4 2 1 2 972 990 320 982
1700 4 2 1 2 977 976 986 964
1701 4 2 1 2 317 323 982 320
1702 4 2 1 2 973 966 972 965
1703 4 2 1 2 284 970 986 964
1704 4 2 1 2 981 264 28 241
1705 4 2 1 2 29 981 28 241
1706 4 2 1 2 967 334 314 177
1707 4 2 1 2 989 290 284 302
1708 4 2 1 2 970 963 174 192
1709 4 2 1 2 301 279 989 302
1710 4 2 1 2 304 988 274 295
1711 4 2 1 2 989 301 296 263
1712 4 2 1 2 211 262 986 243
1713 4 2 1 2 275 989 296 31
1714 4 2 1 2 301 186 9 263
1715 4 2 1 2 263 301 296 9
1716 4 2 1 2 257 334 967 177
1717 4 2 1 2 274 17 295 182
1718 4 2 1 2 988 274 295 182
1719 4 2 1 2 984 987 964 983
1720 4 2 1 2 992 330 335 261
1721 4 2 1 2 242 992 335 261
1722 4 2 1 2 963 970 964 965
1723 4 2 1 2 286 984 987 964
1724 4 2 1 2 323 312 980 328
1725 4 2 1 2 977 189 184 188
1726 4 2 1 2 301 10 9 186
1727 4 2 1 2 42 234 327 41
1728 4 2 1 2 989 290 970 284
1729 4 2 1 2 992 330 28 309
1730 4 2 1 2 234 308 327 41
1731 4 2 1 2 323 980 320 328
1732 4 2 1 2 980 234 990 327
1733 4 2 1 2 330 992 336 309
1734 4 2 1 2 977 973 975 982
1735 4 2 1 2 17 182 228 295
1736 4 2 1 2 268 329 310 991
1737 4 2 1 2 180 966 310 325
1738 4 2 1 2 973 977 972 982
1739 4 2 1 2 179 36 307 339
1740 4 2 1 2 36 179 230 339
1741 4 2 1 2 230 180 37 325
1742 4 2 1 2 988 182 295 228
1743 4 2 1 2 969 224 980 236
1744 4 2 1 2 977 965 972 976
1745 4 2 1 2 172 20 303 19
1746 4 2 1 2 21 278 225 20
1747 4 2 1 2 977 973 972 965
1748 4 2 1 2 194 191 977 254
1749 4 2 1 2 978 974 969 982
1750 4 2 1 2 313 242 335 33
1751 4 2 1 2 176 212 211 975
1752 4 2 1 2 271 992 973 254
1753 4 2 1 2 222 255 214 968
1754 4 2 1 2 275 31 262 986
1755 4 2 1 2 208 978 980 206
1756 4 2 1 2 984 962 986 281
1757 4 2 1 2 212 211 975 986
1758 4 2 1 2 32 242 335 261
1759 4 2 1 2 989 263 31 240
1760 4 2 1 2 977 973 189 188
1761 4 2 1 2 977 190 184 189
1762 4 2 1 2 974 962 968 986
1763 4 2 1 2 211 176 975 30
1764 4 2 1 2 212 176 968 975
1765 4 2 1 2 172 293 303 983
1766 4 2 1 2 323 980 982 320
1767 4 2 1 2 974 967 219 969
1768 4 2 1 2 292 286 294 987
1769 4 2 1 2 238 969 269 236
1770 4 2 1 2 263 296 1 9
1771 4 2 1 2 296 275 31 1
1772 4 2 1 2 293 292 294 987
1773 4 2 1 2 987 286 294 983
1774 4 2 1 2 267 985 983 207
1775 4 2 1 2 208 260 980 244
1776 4 2 1 2 978 208 980 244
1777 4 2 1 2 209 267 983 207
1778 4 2 1 2 246 220 221 969
1779 4 2 1 2 293 18 239 19
1780 4 2 1 2 972 976 971 982
1781 4 2 1 2 323 967 982 980
1782 4 2 1 2 310 991 338 321
1783 4 2 1 2 987 293 239 983
1784 4 2 1 2 988 267 239 182
1785 4 2 1 2 308 234 991 170
1786 4 2 1 2 967 169 232 256
1787 4 2 1 2 329 991 338 310
1788 4 2 1 2 240 977 184 30
1789 4 2 1 2 190 977 184 240
1790 4 2 1 2 333 45 306 232
1791 4 2 1 2 174 12 251 298
1792 4 2 1 2 963 193 174 192
1793 4 2 1 2 200 202 979 229
1794 4 2 1 2 202 201 971 203
1795 4 2 1 2 290 285 288 964
1796 4 2 1 2 268 39 310 329
1797 4 2 1 2 268 249 329 991
1798 4 2 1 2 39 268 310 38
1799 4 2 1 2 333 169 45 232
1800 4 2 1 2 235 23 272 22
1801 4 2 1 2 974 220 247 962
1802 4 2 1 2 977 973 254 189
1803 4 2 1 2 191 977 254 189
1804 4 2 1 2 275 297 262 27
1805 4 2 1 2 979 978 971 982
1806 4 2 1 2 976 979 971 982
1807 4 2 1 2 967 256 219 969
1808 4 2 1 2 224 183 244 980
1809 4 2 1 2 174 12 298 11
1810 4 2 1 2 246 220 969 962
1811 4 2 1 2 967 256 969 236
1812 4 2 1 2 169 223 333 44
1813 4 2 1 2 234 991 990 327
1814 4 2 1 2 205 204 979 206
1815 4 2 1 2 976 978 979 982
1816 4 2 1 2 308 234 170 41
1817 4 2 1 2 260 234 980 244
1818 4 2 1 2 40 308 170 41
1819 4 2 1 2 14 245 291 15
1820 4 2 1 2 963 985 276 245
1821 4 2 1 2 988 248 228 229
1822 4 2 1 2 304 988 295 276
1823 4 2 1 2 308 40 170 249
1824 4 2 1 2 207 205 979 206
1825 4 2 1 2 220 962 265 247
1826 4 2 1 2 220 246 265 962
1827 4 2 1 2 962 299 983 181
1828 4 2 1 2 226 962 983 181
1829 4 2 1 2 985 963 200 259
1830 4 2 1 2 963 985 245 259
1831 4 2 1 2 198 963 245 259
1832 4 2 1 2 204 249 203 991
1833 4 2 1 2 988 985 259 276
1834 4 2 1 2 246 235 265 962
1835 4 2 1 2 180 991 971 203
1836 4 2 1 2 226 983 225 181
1837 4 2 1 2 989 190 192 186
1838 4 2 1 2 297 275 262 986
1839 4 2 1 2 284 282 283 986
1840 4 2 1 2 984 284 283 986
1841 4 2 1 2 281 282 986 283
1842 4 2 1 2 984 281 986 283
1843 4 2 1 2 279 252 192 174
1844 4 2 1 2 278 289 299 983
1845 4 2 1 2 289 286 984 983
1846 4 2 1 2 279 989 192 252
1847 4 2 1 2 286 289 294 983
1848 4 2 1 2 289 278 294 983
1849 4 2 1 2 304 988 276 287
1850 4 2 1 2 962 289 984 983
1851 4 2 1 2 970 279 192 174
1852 4 2 1 2 253 314 48 177
1853 4 2 1 2 989 279 192 970
1854 4 2 1 2 966 322 325 339
1855 4 2 1 2 180 966 325 230
1856 4 2 1 2 230 966 325 339
1857 4 2 1 2 322 966 307 339
1858 4 2 1 2 179 966 230 339
1859 4 2 1 2 965 976 971 972
1860 4 2 1 2 264 50 309 2
1861 4 2 1 2 318 981 336 973
1862 4 2 1 2 981 992 336 973
1863 4 2 1 2 318 973 972 982
1864 4 2 1 2 286 292 287 987
1865 4 2 1 2 223 337 980 312
1866 4 2 1 2 223 980 337 183
1867 4 2 1 2 303 225 983 278
1868 4 2 1 2 303 983 225 172
1869 4 2 1 2 206 978 207 208
1870 4 2 1 2 206 207 978 979
1871 4 2 1 2 225 299 983 278
1872 4 2 1 2 225 983 299 181
1873 4 2 1 2 314 967 215 311
1874 4 2 1 2 215 967 314 177
1875 4 2 1 2 215 253 314 311
1876 4 2 1 2 314 253 215 177
1877 4 2 1 2 223 333 980 169
1878 4 2 1 2 223 980 333 312
1879 4 2 1 2 991 326 327 308
1880 4 2 1 2 991 327 326 990
1881 4 2 1 2 967 218 968 974
1882 4 2 1 2 968 218 967 217
1883 4 2 1 2 212 185 986 255
1884 4 2 1 2 986 185 212 243
1885 4 2 1 2 986 302 275 989
1886 4 2 1 2 986 275 302 282
1887 4 2 1 2 171 280 962 300
1888 4 2 1 2 171 962 280 227
1889 4 2 1 2 292 988 293 274
1890 4 2 1 2 292 293 988 987
1891 4 2 1 2 284 989 986 970
1892 4 2 1 2 284 986 989 302
1893 4 2 1 2 992 254 233 973
1894 4 2 1 2 233 254 992 178
1895 4 2 1 2 206 991 990 260
1896 4 2 1 2 990 991 206 971
1897 4 2 1 2 990 980 206 260
1898 4 2 1 2 206 980 990 971
1899 4 2 1 2 315 982 323 967
1900 4 2 1 2 323 982 315 317
1901 4 2 1 2 185 297 986 277
1902 4 2 1 2 185 986 297 243
1903 4 2 1 2 227 277 25 185
1904 4 2 1 2 227 25 277 280
1905 4 2 1 2 272 181 22 299
1906 4 2 1 2 272 22 181 235
1907 4 2 1 2 233 313 34 178
1908 4 2 1 2 34 313 233 332
1909 4 2 1 2 276 245 15 291
1910 4 2 1 2 276 15 245 173
1911 4 2 1 2 245 305 963 175
1912 4 2 1 2 963 305 245 291
1913 4 2 1 2 171 272 23 300
1914 4 2 1 2 171 23 272 235
1915 4 2 1 2 182 293 988 274
1916 4 2 1 2 182 988 293 239
1917 4 2 1 2 279 174 11 252
1918 4 2 1 2 11 174 279 298
1919 4 2 1 2 251 298 963 174
1920 4 2 1 2 963 298 251 273
1921 4 2 1 2 177 334 47 257
1922 4 2 1 2 177 47 334 314
1923 4 2 1 2 336 981 309 992
1924 4 2 1 2 336 309 981 316
1925 4 2 1 2 179 332 966 307
1926 4 2 1 2 966 332 179 233
1927 4 2 1 2 331 981 215 187
1928 4 2 1 2 215 981 331 311
1929 4 2 1 2 215 253 331 187
1930 4 2 1 2 331 253 215 311
1931 4 2 1 2 973 194 233 966
1932 4 2 1 2 973 233 194 254
1933 4 2 1 2 219 969 220 974
1934 4 2 1 2 220 969 219 221
1935 4 2 1 2 333 232 967 169
1936 4 2 1 2 967 232 333 306
1937 4 2 1 2 984 281 289 962
1938 4 2 1 2 289 281 984 283
1939 4 2 1 2 973 336 324 992
1940 4 2 1 2 973 324 336 318
1941 4 2 3 3 340 343 345 354
1942 4 2 3 3 349 351 355 58
1943 4 2 3 3 342 351 350 57
1944 4 2 3 3 340 55 354 345
1945 4 2 3 3 353 355 4 63
1946 4 2 3 3 355 61 343 348
1947 4 2 3 3 349 342 344 355
1948 4 2 3 3 344 342 354 355
1949 4 2 3 3 353 347 355 63
1950 4 2 3 3 56 352 354 3
1951 4 2 3 3 349 344 59 355
1952 4 2 3 3 57 350 352 3
1953 4 2 3 3 54 341 354 345
1954 4 2 3 3 340 347 355 353
1955 4 2 3 3 355 341 343 354
1956 4 2 3 3 347 62 355 63
1957 4 2 3 3 344 60 355 348
1958 4 2 3 3 55 54 354 345
1959 4 2 3 3 352 350 354 3
1960 4 2 3 3 355 60 61 348
1961 4 2 3 3 340 353 355 57
1962 4 2 3 3 340 55 56 354
1963 4 2 3 3 344 60 59 355
1964 4 2 3 3 342 351 57 355
1965 4 2 3 3 344 342 346 354
1966 4 2 3 3 343 341 345 354
1967 4 2 3 3 342 51 354 350
1968 4 2 3 3 346 53 354 52
1969 4 2 3 3 340 355 343 354
1970 4 2 3 3 355 348 343 341
1971 4 2 3 3 355 351 4 58
1972 4 2 3 3 355 62 343 61
1973 4 2 3 3 346 342 52 354
1974 4 2 3 3 347 62 343 355
1975 4 2 3 3 340 347 343 355
1976 4 2 3 3 355 344 348 341
1977 4 2 3 3 352 340 56 354
1978 4 2 3 3 350 51 354 3
1979 4 2 3 3 349 355 59 58
1980 4 2 3 3 53 346 354 341
1981 4 2 3 3 54 53 354 341
1982 4 2 3 3 344 346 341 354
1983 4 2 3 3 344 355 354 341
1984 4 2 3 3 342 51 52 354
1985 4 2 3 3 340 353 57 352
1986 4 2 3 3 349 351 342 355
1987 4 2 3 3 350 352 340 57
1988 4 2 3 3 340 352 350 354
1989 4 2 3 3 340 355 342 57
1990 4 2 3 3 342 355 340 354
1991 4 2 3 3 350 340 342 57
1992 4 2 3 3 342 340 350 354
1993 4 2 3 3 57 355 4 353
1994 4 2 3 3 57 4 355 351
1995 4 2 2 4 568 1018 1019 1020
1996 4 2 2 4 585 1093 1095 1094
1997 4 2 2 4 1046 1050 1076 1073
1998 4 2 2 4 1015 430 525 512
1999 4 2 2 4 1051 1054 1014 996
2000 4 2 2 4 640 1122 499 1081
2001 4 2 2 4 1103 999 1104 500
2002 4 2 2 4 1048 396 1027 394
2003 4 2 2 4 1119 1055 1078 505
2004 4 2 2 4 488 1015 430 525
2005 4 2 2 4 1120 1110 625 1023
2006 4 2 2 4 1015 488 1098 525
2007 4 2 2 4 410 1058 1059 459
2008 4 2 2 4 1028 1026 1004 1056
2009 4 2 2 4 466 1013 398 1027
2010 4 2 2 4 1046 1044 1050 1073
2011 4 2 2 4 1007 1038 1076 1073
2012 4 2 2 4 1006 1038 1007 1073
2013 4 2 2 4 1084 1058 514 1124
2014 4 2 2 4 591 600 81 1098
2015 4 2 2 4 1006 1044 1046 1073
2016 4 2 2 4 600 82 81 487
2017 4 2 2 4 1038 1046 1076 1073
2018 4 2 2 4 510 1010 1072 511
2019 4 2 2 4 109 640 499 605
2020 4 2 2 4 1122 640 499 498
2021 4 2 2 4 1015 1002 1037 1016
2022 4 2 2 4 402 1031 1027 401
2023 4 2 2 4 1031 1061 1043 1060
2024 4 2 2 4 1041 425 1037 1017
2025 4 2 2 4 431 426 1010 456
2026 4 2 2 4 1061 409 462 408
2027 4 2 2 4 1038 1006 1046 1073
2028 4 2 2 4 109 605 499 359
2029 4 2 2 4 1002 429 427 1037
2030 4 2 2 4 1067 467 395 466
2031 4 2 2 4 632 622 645 1011
2032 4 2 2 4 510 1010 511 434
2033 4 2 2 4 455 1010 456 1008
2034 4 2 2 4 361 487 1098 488
2035 4 2 2 4 624 1107 616 1040
2036 4 2 2 4 1070 1071 1075 91
2037 4 2 2 4 999 1103 1105 500
2038 4 2 2 4 1041 455 436 1115
2039 4 2 2 4 534 455 372 1115
2040 4 2 2 4 87 1077 521 1086
2041 4 2 2 4 1051 415 414 417
2042 4 2 2 4 386 1039 473 385
2043 4 2 2 4 612 611 638 1118
2044 4 2 2 4 628 609 1008 1115
2045 4 2 2 4 1029 416 413 1014
2046 4 2 2 4 1012 1039 1036 1056
2047 4 2 2 4 508 89 1076 1073
2048 4 2 2 4 386 1039 385 384
2049 4 2 2 4 1100 493 494 495
2050 4 2 2 4 1084 533 1078 1055
2051 4 2 2 4 621 1113 1033 635
2052 4 2 2 4 111 112 650 372
2053 4 2 2 4 547 522 1086 1118
2054 4 2 2 4 623 1106 622 617
2055 4 2 2 4 1071 1070 1075 1003
2056 4 2 2 4 997 1068 995 1004
2057 4 2 2 4 87 522 1086 547
2058 4 2 2 4 1022 1041 1008 1107
2059 4 2 2 4 493 1100 543 495
2060 4 2 2 4 432 431 1010 434
2061 4 2 2 4 511 380 551 1118
2062 4 2 2 4 389 386 1039 473
2063 4 2 2 4 601 360 68 556
2064 4 2 2 4 646 634 642 1008
2065 4 2 2 4 999 555 1104 590
2066 4 2 2 4 1106 620 622 617
2067 4 2 2 4 97 363 489 606
2068 4 2 2 4 501 75 502 1101
2069 4 2 2 4 529 1096 482 447
2070 4 2 2 4 1013 400 1027 401
2071 4 2 2 4 1077 88 87 521
2072 4 2 2 4 393 442 468 1036
2073 4 2 2 4 1094 579 1101 1095
2074 4 2 2 4 1039 1048 1056 995
2075 4 2 2 4 1038 548 518 1077
2076 4 2 2 4 471 481 1082 540
2077 4 2 2 4 448 1002 447 536
2078 4 2 2 4 572 1087 570 1068
2079 4 2 2 4 533 1055 504 1078
2080 4 2 2 4 448 1002 1050 429
2081 4 2 2 4 1016 1028 1004 1056
2082 4 2 2 4 1096 578 1000 1098
2083 4 2 2 4 1015 1017 421 1014
2084 4 2 2 4 1085 1080 1063 1021
2085 4 2 2 4 412 451 1029 462
2086 4 2 2 4 1048 392 995 391
2087 4 2 2 4 1012 483 473 474
2088 4 2 2 4 1039 384 1007 385
2089 4 2 2 4 428 429 453 1050
2090 4 2 2 4 1005 1074 1071 1050
2091 4 2 2 4 1002 536 1097 447
2092 4 2 2 4 493 597 1091 365
2093 4 2 2 4 1093 1094 1026 1020
2094 4 2 2 4 1119 503 603 644
2095 4 2 2 4 1122 1084 1123 369
2096 4 2 2 4 487 600 361 1098
2097 4 2 2 4 1096 559 361 596
2098 4 2 2 4 1083 480 531 360
2099 4 2 2 4 496 1080 437 464
2100 4 2 2 4 645 623 1086 1011
2101 4 2 2 4 494 1100 495 1085
2102 4 2 2 4 623 1118 1086 1011
2103 4 2 2 4 366 555 999 500
2104 4 2 2 4 516 465 1079 443
2105 4 2 2 4 1031 402 404 403
2106 4 2 2 4 623 638 645 1086
2107 4 2 2 4 444 516 1079 549
2108 4 2 2 4 630 620 631 1114
2109 4 2 2 4 1083 1070 481 997
2110 4 2 2 4 558 76 502 356
2111 4 2 2 4 405 1031 404 403
2112 4 2 2 4 522 88 87 1077
2113 4 2 2 4 638 623 1118 1086
2114 4 2 2 4 1022 1110 1107 624
2115 4 2 2 4 1081 517 446 1024
2116 4 2 2 4 994 1067 1099 995
2117 4 2 2 4 997 1087 1001 573
2118 4 2 2 4 1070 588 1001 1071
2119 4 2 2 4 363 483 1012 1011
2120 4 2 2 4 1109 1116 1114 630
2121 4 2 2 4 457 1041 1017 423
2122 4 2 2 4 409 412 1029 462
2123 4 2 2 4 90 367 1069 1073
2124 4 2 2 4 565 1096 578 1000
2125 4 2 2 4 536 1002 1097 476
2126 4 2 2 4 1005 1071 1003 1001
2127 4 2 2 4 1065 1035 1047 1033
2128 4 2 2 4 449 1067 1099 524
2129 4 2 2 4 1103 1104 1089 576
2130 4 2 2 4 380 604 547 116
2131 4 2 2 4 1104 1090 1089 576
2132 4 2 2 4 1061 409 1029 462
2133 4 2 2 4 1025 1058 1084 1124
2134 4 2 2 4 626 627 1108 619
2135 4 2 2 4 569 1090 576 1089
2136 4 2 2 4 574 1090 1088 1092
2137 4 2 2 4 1051 457 1017 420
2138 4 2 2 4 626 1123 1108 1055
2139 4 2 2 4 1038 1012 1039 1007
2140 4 2 2 4 1051 419 1014 458
2141 4 2 2 4 1018 1000 1088 1092
2142 4 2 2 4 1068 997 995 994
2143 4 2 2 4 555 366 79 500
2144 4 2 2 4 993 1048 995 1056
2145 4 2 2 4 573 562 564 1001
2146 4 2 2 4 1070 588 93 544
2147 4 2 2 4 368 1075 1007 1069
2148 4 2 2 4 562 563 564 1001
2149 4 2 2 4 1010 432 1050 1037
2150 4 2 2 4 438 462 408 1062
2151 4 2 2 4 574 1090 566 1088
2152 4 2 2 4 591 1098 81 486
2153 4 2 2 4 631 1116 606 651
2154 4 2 2 4 1039 1012 473 385
2155 4 2 2 4 431 426 1037 1010
2156 4 2 2 4 634 613 642 1008
2157 4 2 2 4 520 85 554 374
2158 4 2 2 4 515 478 1008 551
2159 4 2 2 4 419 1051 1014 421
2160 4 2 2 4 484 650 372 1115
2161 4 2 2 4 431 1010 515 456
2162 4 2 2 4 500 1103 541 590
2163 4 2 2 4 1055 504 106 369
2164 4 2 2 4 484 646 113 609
2165 4 2 2 4 1031 403 1063 401
2166 4 2 2 4 1010 511 551 1008
2167 4 2 2 4 436 455 534 1115
2168 4 2 2 4 1067 1082 1099 995
2169 4 2 2 4 1022 624 615 628
2170 4 2 2 4 1067 523 1091 583
2171 4 2 2 4 1083 572 595 582
2172 4 2 2 4 588 64 5 544
2173 4 2 2 4 575 555 1104 1092
2174 4 2 2 4 1022 639 624 628
2175 4 2 2 4 449 1083 1099 1082
2176 4 2 2 4 1048 390 391 1039
2177 4 2 2 4 1070 1075 381 91
2178 4 2 2 4 1075 368 381 91
2179 4 2 2 4 1106 620 617 1035
2180 4 2 2 4 490 535 1116 489
2181 4 2 2 4 79 500 78 590
2182 4 2 2 4 1009 613 1118 1008
2183 4 2 2 4 1005 1044 1037 1016
2184 4 2 2 4 484 542 1115 455
2185 4 2 2 4 477 1015 1017 422
2186 4 2 2 4 79 555 500 590
2187 4 2 2 4 1018 568 566 1068
2188 4 2 2 4 572 1083 595 997
2189 4 2 2 4 1015 1002 477 1037
2190 4 2 2 4 1070 519 377 528
2191 4 2 2 4 1067 449 1099 1082
2192 4 2 2 4 1067 601 1099 524
2193 4 2 2 4 601 360 556 1099
2194 4 2 2 4 432 428 453 1050
2195 4 2 2 4 572 1087 567 570
2196 4 2 2 4 1038 1077 1072 1118
2197 4 2 2 4 1095 579 1089 577
2198 4 2 2 4 1103 587 1089 1101
2199 4 2 2 4 1032 1109 1036 492
2200 4 2 2 4 535 483 469 1012
2201 4 2 2 4 1039 386 1066 384
2202 4 2 2 4 1002 448 476 536
2203 4 2 2 4 360 601 524 1099
2204 4 2 2 4 360 1083 1099 449
2205 4 2 2 4 503 370 1117 103
2206 4 2 2 4 1091 597 557 365
2207 4 2 2 4 1067 467 1085 539
2208 4 2 2 4 1013 400 398 1027
2209 4 2 2 4 572 994 570 1099
2210 4 2 2 4 1018 1068 1004 1020
2211 4 2 2 4 405 1064 461 445
2212 4 2 2 4 510 508 375 1076
2213 4 2 2 4 509 532 1064 445
2214 4 2 2 4 413 412 1030 1059
2215 4 2 2 4 1044 1045 1056 1047
2216 4 2 2 4 605 109 110 359
2217 4 2 2 4 1065 1038 1036 1056
2218 4 2 2 4 373 1083 471 481
2219 4 2 2 4 638 611 1086 1118
2220 4 2 2 4 89 88 375 1072
2221 4 2 2 4 423 422 424 1017
2222 4 2 2 4 523 70 557 583
2223 4 2 2 4 1054 1045 1047 1056
2224 4 2 2 4 1026 1028 1043 1056
2225 4 2 2 4 72 493 71 597
2226 4 2 2 4 406 464 437 1063
2227 4 2 2 4 623 1106 1011 622
2228 4 2 2 4 379 610 538 1086
2229 4 2 2 4 511 510 375 1072
2230 4 2 2 4 381 1070 528 382
2231 4 2 2 4 570 571 580 1102
2232 4 2 2 4 636 643 1111 635
2233 4 2 2 4 622 1116 1011 632
2234 4 2 2 4 1012 1038 1039 1056
2235 4 2 2 4 993 1048 1027 995
2236 4 2 2 4 449 470 531 1082
2237 4 2 2 4 588 1070 93 1071
2238 4 2 2 4 1087 1018 1068 1004
2239 4 2 2 4 587 594 579 1101
2240 4 2 2 4 1012 389 473 469
2241 4 2 2 4 1057 1031 1030 1043
2242 4 2 2 4 1093 571 593 585
2243 4 2 2 4 571 1068 1102 570
2244 4 2 2 4 994 570 580 1102
2245 4 2 2 4 387 386 1066 388
2246 4 2 2 4 1094 1093 1095 1020
2247 4 2 2 4 1067 449 995 395
2248 4 2 2 4 425 1041 436 423
2249 4 2 2 4 546 1081 517 446
2250 4 2 2 4 509 1064 404 445
2251 4 2 2 4 431 428 1037 426
2252 4 2 2 4 621 1035 1033 618
2253 4 2 2 4 1023 1033 1047 1040
2254 4 2 2 4 454 432 1050 510
2255 4 2 2 4 507 1074 476 475
2256 4 2 2 4 386 387 1066 384
2257 4 2 2 4 1119 1064 1078 1112
2258 4 2 2 4 1052 461 460 410
2259 4 2 2 4 497 370 1117 549
2260 4 2 2 4 1113 1078 1033 1112
2261 4 2 2 4 1117 636 635 603
2262 4 2 2 4 1117 1111 1112 635
2263 4 2 2 4 1113 1119 1108 1078
2264 4 2 2 4 1005 1071 1075 1003
2265 4 2 2 4 565 1096 1097 592
2266 4 2 2 4 1018 1090 566 569
2267 4 2 2 4 1042 1065 1047 1033
2268 4 2 2 4 597 493 1091 1093
2269 4 2 2 4 1003 1070 997 1001
2270 4 2 2 4 1051 415 458 413
2271 4 2 2 4 492 1036 1034 1079
2272 4 2 2 4 652 95 96 479
2273 4 2 2 4 89 1072 375 1076
2274 4 2 2 4 493 539 365 1091
2275 4 2 2 4 1072 510 375 1076
2276 4 2 2 4 618 1035 1033 1040
2277 4 2 2 4 1010 1041 1037 1047
2278 4 2 2 4 1043 1056 1034 1027
2279 4 2 2 4 1078 1042 1033 1112
2280 4 2 2 4 501 526 1101 1049
2281 4 2 2 4 360 480 67 556
2282 4 2 2 4 92 1071 475 378
2283 4 2 2 4 556 480 67 582
2284 4 2 2 4 1111 1113 1112 635
2285 4 2 2 4 1038 1046 1011 1118
2286 4 2 2 4 1109 607 633 630
2287 4 2 2 4 633 1109 630 1116
2288 4 2 2 4 418 415 1051 417
2289 4 2 2 4 607 1109 358 647
2290 4 2 2 4 1048 392 391 390
2291 4 2 2 4 413 412 1059 411
2292 4 2 2 4 1022 1110 605 1081
2293 4 2 2 4 643 1109 647 1111
2294 4 2 2 4 1003 1005 1004 1056
2295 4 2 2 4 1003 1005 1069 1075
2296 4 2 2 4 636 370 102 103
2297 4 2 2 4 1044 1005 1069 1003
2298 4 2 2 4 599 77 356 541
2299 4 2 2 4 413 1051 1030 1014
2300 4 2 2 4 1120 1123 1124 1023
2301 4 2 2 4 89 90 472 1073
2302 4 2 2 4 510 1050 1073 1076
2303 4 2 2 4 500 1103 1105 452
2304 4 2 2 4 510 454 1073 1050
2305 4 2 2 4 367 454 1069 1073
2306 4 2 2 4 539 441 1085 494
2307 4 2 2 4 1033 1035 1047 1040
2308 4 2 2 4 1019 1103 1089 1105
2309 4 2 2 4 384 540 1066 382
2310 4 2 2 4 1070 92 1071 91
2311 4 2 2 4 89 376 1072 1076
2312 4 2 2 4 1116 620 631 622
2313 4 2 2 4 115 604 478 380
2314 4 2 2 4 1080 1093 1085 1100
2315 4 2 2 4 493 1100 494 1085
2316 4 2 2 4 467 1067 395 450
2317 4 2 2 4 1093 1080 1094 1100
2318 4 2 2 4 396 1048 1036 393
2319 4 2 2 4 483 535 363 1012
2320 4 2 2 4 627 1113 629 1108
2321 4 2 2 4 366 555 80 486
2322 4 2 2 4 413 1059 414 411
2323 4 2 2 4 571 580 1102 593
2324 4 2 2 4 490 535 1012 1116
2325 4 2 2 4 493 1093 1100 1085
2326 4 2 2 4 493 1093 1085 1091
2327 4 2 2 4 396 1048 1027 1034
2328 4 2 2 4 569 576 577 1089
2329 4 2 2 4 1091 1093 1102 593
2330 4 2 2 4 503 1119 362 644
2331 4 2 2 4 568 571 570 1068
2332 4 2 2 4 1038 474 513 518
2333 4 2 2 4 457 506 446 1024
2334 4 2 2 4 1068 1020 1102 1004
2335 4 2 2 4 1113 1119 1078 1112
2336 4 2 2 4 494 400 1085 433
2337 4 2 2 4 550 443 1079 492
2338 4 2 2 4 1064 1042 1078 1112
2339 4 2 2 4 1002 1015 488 1098
2340 4 2 2 4 1096 1002 488 1098
2341 4 2 2 4 526 357 1101 1049
2342 4 2 2 4 611 547 1086 1118
2343 4 2 2 4 480 1083 471 373
2344 4 2 2 4 572 997 994 1099
2345 4 2 2 4 376 88 1077 521
2346 4 2 2 4 522 1077 1118 1072
2347 4 2 2 4 80 591 81 486
2348 4 2 2 4 1119 532 1064 1112
2349 4 2 2 4 1103 1101 1089 1105
2350 4 2 2 4 646 484 113 364
2351 4 2 2 4 488 487 1098 525
2352 4 2 2 4 1116 363 632 606
2353 4 2 2 4 73 357 553 74
2354 4 2 2 4 1111 1117 1112 1079
2355 4 2 2 4 555 366 80 79
2356 4 2 2 4 82 600 361 487
2357 4 2 2 4 483 1012 473 469
2358 4 2 2 4 1048 468 1039 1036
2359 4 2 2 4 1016 1045 1037 1017
2360 4 2 2 4 1051 458 1014 413
2361 4 2 2 4 1097 584 482 374
2362 4 2 2 4 591 578 1098 589
2363 4 2 2 4 1096 578 1098 559
2364 4 2 2 4 1096 529 361 488
2365 4 2 2 4 598 575 590 1104
2366 4 2 2 4 522 88 1077 1072
2367 4 2 2 4 511 1010 551 434
2368 4 2 2 4 1117 636 603 103
2369 4 2 2 4 509 532 503 1112
2370 4 2 2 4 609 646 642 1008
2371 4 2 2 4 1119 1113 629 1112
2372 4 2 2 4 1022 639 605 1110
2373 4 2 2 4 108 649 107 498
2374 4 2 2 4 1075 368 91 1069
2375 4 2 2 4 540 1082 1066 998
2376 4 2 2 4 535 363 1012 1116
2377 4 2 2 4 384 1039 1007 1066
2378 4 2 2 4 1005 1044 1016 1056
2379 4 2 2 4 513 383 385 1007
2380 4 2 2 4 480 373 66 582
2381 4 2 2 4 626 637 1055 629
2382 4 2 2 4 1004 1003 1056 995
2383 4 2 2 4 480 66 67 582
2384 4 2 2 4 1055 1119 1108 629
2385 4 2 2 4 6 638 1086 538
2386 4 2 2 4 1122 1081 1120 1124
2387 4 2 2 4 649 1122 369 498
2388 4 2 2 4 389 1012 468 469
2389 4 2 2 4 997 1083 994 1099
2390 4 2 2 4 99 633 491 100
2391 4 2 2 4 1029 1049 1089 1062
2392 4 2 2 4 1035 1106 1040 616
2393 4 2 2 4 1057 409 410 1059
2394 4 2 2 4 497 1117 1111 1079
2395 4 2 2 4 1031 1057 1061 407
2396 4 2 2 4 1045 1054 1047 1017
2397 4 2 2 4 1098 487 81 486
2398 4 2 2 4 506 546 1081 359
2399 4 2 2 4 1041 1017 1047 1024
2400 4 2 2 4 438 526 1049 1062
2401 4 2 2 4 1123 1122 1120 1124
2402 4 2 2 4 516 550 443 1079
2403 4 2 2 4 496 1080 357 526
2404 4 2 2 4 1035 1106 1065 1047
2405 4 2 2 4 1103 558 356 599
2406 4 2 2 4 553 357 1101 74
2407 4 2 2 4 594 553 1101 74
2408 4 2 2 4 526 1080 1049 1062
2409 4 2 2 4 439 458 463 1014
2410 4 2 2 4 357 1094 1101 1049
2411 4 2 2 4 500 541 78 590
2412 4 2 2 4 485 534 372 1115
2413 4 2 2 4 559 83 361 596
2414 4 2 2 4 1071 562 1001 554
2415 4 2 2 4 1051 1054 1030 1014
2416 4 2 2 4 1017 1051 421 1014
2417 4 2 2 4 1002 1005 1037 1016
2418 4 2 2 4 1048 392 390 393
2419 4 2 2 4 391 392 995 395
2420 4 2 2 4 360 1083 449 531
2421 4 2 2 4 466 1048 995 1027
2422 4 2 2 4 562 1071 378 554
2423 4 2 2 4 1045 1054 1016 1056
2424 4 2 2 4 1048 393 390 468
2425 4 2 2 4 1068 1087 570 567
2426 4 2 2 4 611 87 1086 547
2427 4 2 2 4 603 1119 629 1112
2428 4 2 2 4 401 1013 1063 1027
2429 4 2 2 4 568 1068 570 567
2430 4 2 2 4 1031 405 404 1064
2431 4 2 2 4 604 611 547 116
2432 4 2 2 4 1068 568 566 567
2433 4 2 2 4 509 444 1117 549
2434 4 2 2 4 497 358 550 1079
2435 4 2 2 4 625 1023 619 1108
2436 4 2 2 4 442 490 1036 530
2437 4 2 2 4 400 399 398 1027
2438 4 2 2 4 1009 1106 1107 1040
2439 4 2 2 4 490 1032 1036 530
2440 4 2 2 4 1090 574 566 569
2441 4 2 2 4 1015 1002 488 477
2442 4 2 2 4 1087 1068 566 567
2443 4 2 2 4 572 1087 1068 997
2444 4 2 2 4 1118 380 551 1008
2445 4 2 2 4 432 431 1037 1010
2446 4 2 2 4 1093 597 586 593
2447 4 2 2 4 396 442 1036 492
2448 4 2 2 4 457 418 1024 446
2449 4 2 2 4 506 1081 1115 485
2450 4 2 2 4 1015 477 1017 1037
2451 4 2 2 4 442 530 1036 492
2452 4 2 2 4 1045 996 1017 1016
2453 4 2 2 4 426 425 1010 456
2454 4 2 2 4 1054 1028 1030 1014
2455 4 2 2 4 626 1055 1108 629
2456 4 2 2 4 1096 361 1098 488
2457 4 2 2 4 471 470 387 1082
2458 4 2 2 4 609 628 1008 642
2459 4 2 2 4 1015 477 430 422
2460 4 2 2 4 412 416 413 1029
2461 4 2 2 4 580 1091 1102 593
2462 4 2 2 4 571 1093 1102 1020
2463 4 2 2 4 400 399 1027 401
2464 4 2 2 4 1091 994 1099 580
2465 4 2 2 4 557 1091 583 580
2466 4 2 2 4 572 1083 1099 582
2467 4 2 2 4 557 1091 580 593
2468 4 2 2 4 1097 520 554 374
2469 4 2 2 4 1091 597 593 557
2470 4 2 2 4 646 364 634 1008
2471 4 2 2 4 480 1083 556 360
2472 4 2 2 4 1093 597 593 1091
2473 4 2 2 4 392 1048 995 466
2474 4 2 2 4 1005 1016 1004 1056
2475 4 2 2 4 73 72 586 543
2476 4 2 2 4 363 1116 489 606
2477 4 2 2 4 111 485 1115 641
2478 4 2 2 4 631 1116 622 606
2479 4 2 2 4 481 1070 382 528
2480 4 2 2 4 1109 607 491 633
2481 4 2 2 4 1116 1012 1032 1011
2482 4 2 2 4 506 457 1041 1024
2483 4 2 2 4 379 548 1011 1077
2484 4 2 2 4 442 490 468 1036
2485 4 2 2 4 1074 507 476 1050
2486 4 2 2 4 483 363 479 1011
2487 4 2 2 4 1091 523 365 557
2488 4 2 2 4 490 1116 371 489
2489 4 2 2 4 1046 1009 1011 1118
2490 4 2 2 4 623 1106 1118 1011
2491 4 2 2 4 115 114 478 634
2492 4 2 2 4 114 646 364 634
2493 4 2 2 4 1096 1097 482 447
2494 4 2 2 4 422 1015 1017 421
2495 4 2 2 4 1109 643 1121 1111
2496 4 2 2 4 470 387 1066 388
2497 4 2 2 4 490 1012 468 1036
2498 4 2 2 4 620 1116 631 1114
2499 4 2 2 4 632 479 1011 645
2500 4 2 2 4 1046 1044 1037 1050
2501 4 2 2 4 1028 1054 1030 1061
2502 4 2 2 4 1067 449 395 450
2503 4 2 2 4 1015 1014 421 512
2504 4 2 2 4 1023 618 1040 619
2505 4 2 2 4 1123 1084 1078 1055
2506 4 2 2 4 405 1031 403 406
2507 4 2 2 4 1120 1023 625 1108
2508 4 2 2 4 1110 1023 1040 619
2509 4 2 2 4 484 542 1008 1115
2510 4 2 2 4 1046 1038 1072 1118
2511 4 2 2 4 548 483 1012 474
2512 4 2 2 4 92 1071 378 93
2513 4 2 2 4 652 479 632 645
2514 4 2 2 4 624 1110 1040 619
2515 4 2 2 4 394 397 1027 398
2516 4 2 2 4 584 1097 554 374
2517 4 2 2 4 1088 565 1001 564
2518 4 2 2 4 1032 1035 622 1011
2519 4 2 2 4 561 562 1071 378
2520 4 2 2 4 6 611 87 1086
2521 4 2 2 4 1019 1090 1089 1104
2522 4 2 2 4 506 546 446 1081
2523 4 2 2 4 532 509 1064 1112
2524 4 2 2 4 105 637 1055 504
2525 4 2 2 4 85 584 554 374
2526 4 2 2 4 1009 1107 615 1008
2527 4 2 2 4 455 542 1115 1008
2528 4 2 2 4 425 423 424 1017
2529 4 2 2 4 624 1040 616 619
2530 4 2 2 4 1107 614 615 616
2531 4 2 2 4 1122 1123 648 608
2532 4 2 2 4 548 379 1011 479
2533 4 2 2 4 511 1010 1072 1008
2534 4 2 2 4 1002 477 427 440
2535 4 2 2 4 485 111 1115 372
2536 4 2 2 4 1012 1038 1036 1011
2537 4 2 2 4 1090 1018 1088 1092
2538 4 2 2 4 1015 996 1017 1014
2539 4 2 2 4 1054 1028 1014 996
2540 4 2 2 4 1019 568 1020 1089
2541 4 2 2 4 397 396 1034 443
2542 4 2 2 4 433 400 1085 401
2543 4 2 2 4 1116 1032 622 1011
2544 4 2 2 4 75 587 502 1101
2545 4 2 2 4 568 1018 1090 1019
2546 4 2 2 4 581 583 1099 580
2547 4 2 2 4 558 1103 356 502
2548 4 2 2 4 638 610 645 1086
2549 4 2 2 4 379 1077 1011 1086
2550 4 2 2 4 1077 522 1086 87
2551 4 2 2 4 1013 466 995 1027
2552 4 2 2 4 1017 1045 1037 1047
2553 4 2 2 4 1023 1120 1024 1124
2554 4 2 2 4 1103 500 541 452
2555 4 2 2 4 575 1090 1104 576
2556 4 2 2 4 429 1002 427 440
2557 4 2 2 4 1106 1035 1040 1047
2558 4 2 2 4 458 416 1014 413
2559 4 2 2 4 1083 997 994 998
2560 4 2 2 4 466 1067 995 395
2561 4 2 2 4 1014 439 421 512
2562 4 2 2 4 451 1029 527 1105
2563 4 2 2 4 555 591 80 486
2564 4 2 2 4 433 1080 1063 1085
2565 4 2 2 4 373 1083 602 582
2566 4 2 2 4 999 366 537 512
2567 4 2 2 4 1098 487 486 525
2568 4 2 2 4 1013 993 1027 995
2569 4 2 2 4 403 464 1063 401
2570 4 2 2 4 993 1013 1026 995
2571 4 2 2 4 357 501 1101 74
2572 4 2 2 4 1094 585 553 579
2573 4 2 2 4 1026 993 1043 1027
2574 4 2 2 4 497 647 1079 1111
2575 4 2 2 4 1111 1109 1079 1121
2576 4 2 2 4 633 1109 1116 491
2577 4 2 2 4 1109 497 358 647
2578 4 2 2 4 1038 1012 513 474
2579 4 2 2 4 1038 376 513 1007
2580 4 2 2 4 1012 389 1039 473
2581 4 2 2 4 574 1090 1092 575
2582 4 2 2 4 516 497 1079 549
2583 4 2 2 4 568 569 577 1089
2584 4 2 2 4 371 98 489 651
2585 4 2 2 4 390 1039 388 391
2586 4 2 2 4 444 549 1079 1117
2587 4 2 2 4 1116 371 489 651
2588 4 2 2 4 1067 449 1082 995
2589 4 2 2 4 1109 1116 530 1032
2590 4 2 2 4 99 633 371 491
2591 4 2 2 4 651 98 489 606
2592 4 2 2 4 1075 368 1007 382
2593 4 2 2 4 1035 1106 622 1011
2594 4 2 2 4 1012 490 468 469
2595 4 2 2 4 1029 451 527 462
2596 4 2 2 4 1120 1110 1023 1024
2597 4 2 2 4 535 490 1012 469
2598 4 2 2 4 622 1116 632 606
2599 4 2 2 4 425 1041 423 1017
2600 4 2 2 4 418 415 419 1051
2601 4 2 2 4 1090 575 1104 1092
2602 4 2 2 4 1106 1035 1065 1011
2603 4 2 2 4 1084 1122 1124 369
2604 4 2 2 4 1081 552 499 517
2605 4 2 2 4 558 77 356 599
2606 4 2 2 4 1051 413 1030 1059
2607 4 2 2 4 435 552 514 1124
2608 4 2 2 4 1038 1065 1036 1011
2609 4 2 2 4 645 379 1011 1086
2610 4 2 2 4 1005 1074 1069 1075
2611 4 2 2 4 1097 1096 482 596
2612 4 2 2 4 478 604 634 1008
2613 4 2 2 4 409 1057 410 407
2614 4 2 2 4 1055 1119 362 505
2615 4 2 2 4 409 1057 407 1061
2616 4 2 2 4 376 1038 513 1077
2617 4 2 2 4 376 1077 518 521
2618 4 2 2 4 373 66 602 65
2619 4 2 2 4 1002 1005 1050 1037
2620 4 2 2 4 418 457 1024 1051
2621 4 2 2 4 376 1077 513 518
2622 4 2 2 4 366 999 486 512
2623 4 2 2 4 520 1097 554 378
2624 4 2 2 4 1080 496 495 433
2625 4 2 2 4 1100 357 543 495
2626 4 2 2 4 77 599 78 541
2627 4 2 2 4 1019 1090 1104 1092
2628 4 2 2 4 1059 1051 414 1024
2629 4 2 2 4 578 600 591 1098
2630 4 2 2 4 1031 401 1063 1027
2631 4 2 2 4 1080 433 495 1085
2632 4 2 2 4 1077 1038 513 518
2633 4 2 2 4 1100 1080 495 1085
2634 4 2 2 4 357 1080 495 1100
2635 4 2 2 4 496 1080 495 357
2636 4 2 2 4 548 379 518 1077
2637 4 2 2 4 1118 1077 1086 1011
2638 4 2 2 4 1077 379 518 521
2639 4 2 2 4 610 379 645 1086
2640 4 2 2 4 1029 462 1062 408
2641 4 2 2 4 1100 73 553 586
2642 4 2 2 4 379 610 95 94
2643 4 2 2 4 441 400 398 1085
2644 4 2 2 4 364 478 634 1008
2645 4 2 2 4 1048 392 393 394
2646 4 2 2 4 597 493 1093 1100
2647 4 2 2 4 357 1100 553 1094
2648 4 2 2 4 572 1068 994 997
2649 4 2 2 4 996 1028 1014 1016
2650 4 2 2 4 552 1081 1124 517
2651 4 2 2 4 546 1081 499 517
2652 4 2 2 4 1051 413 1059 414
2653 4 2 2 4 1058 1059 414 1024
2654 4 2 2 4 506 485 1115 534
2655 4 2 2 4 1078 1123 1108 1023
2656 4 2 2 4 1044 1069 1050 1073
2657 4 2 2 4 566 565 1088 564
2658 4 2 2 4 87 6 1086 538
2659 4 2 2 4 591 999 1098 486
2660 4 2 2 4 1106 1009 1011 1046
2661 4 2 2 4 435 1058 1024 1124
2662 4 2 2 4 1097 536 374 482
2663 4 2 2 4 1051 417 414 1024
2664 4 2 2 4 435 517 1024 417
2665 4 2 2 4 1098 486 512 525
2666 4 2 2 4 430 1015 421 512
2667 4 2 2 4 379 610 94 538
2668 4 2 2 4 477 427 424 1037
2669 4 2 2 4 115 604 380 116
2670 4 2 2 4 611 6 87 547
2671 4 2 2 4 435 417 1024 414
2672 4 2 2 4 479 363 632 1011
2673 4 2 2 4 1116 1109 1114 1032
2674 4 2 2 4 509 370 549 1117
2675 4 2 2 4 614 1106 616 1107
2676 4 2 2 4 1109 607 630 643
2677 4 2 2 4 595 373 602 560
2678 4 2 2 4 1035 620 621 1114
2679 4 2 2 4 588 595 560 997
2680 4 2 2 4 620 630 621 1114
2681 4 2 2 4 1029 413 1030 1014
2682 4 2 2 4 449 391 995 395
2683 4 2 2 4 595 588 573 997
2684 4 2 2 4 429 428 1037 1050
2685 4 2 2 4 562 588 997 573
2686 4 2 2 4 1041 1010 1115 1008
2687 4 2 2 4 108 640 499 109
2688 4 2 2 4 1038 1046 1072 1076
2689 4 2 2 4 1107 1041 1008 1010
2690 4 2 2 4 1058 435 1024 414
2691 4 2 2 4 425 1041 1037 1010
2692 4 2 2 4 553 594 1101 579
2693 4 2 2 4 610 652 645 479
2694 4 2 2 4 1044 1046 1037 1047
2695 4 2 2 4 425 1017 424 1037
2696 4 2 2 4 1100 1093 586 585
2697 4 2 2 4 623 612 638 1118
2698 4 2 2 4 516 497 550 1079
2699 4 2 2 4 623 1106 617 614
2700 4 2 2 4 426 425 424 1037
2701 4 2 2 4 1109 1036 492 1079
2702 4 2 2 4 597 1093 586 1100
2703 4 2 2 4 1048 393 468 1036
2704 4 2 2 4 461 1052 460 505
2705 4 2 2 4 451 412 1029 416
2706 4 2 2 4 425 426 1010 1037
2707 4 2 2 4 90 368 1007 1069
2708 4 2 2 4 1096 361 482 596
2709 4 2 2 4 1015 1016 1037 1017
2710 4 2 2 4 428 432 1037 1050
2711 4 2 2 4 555 999 500 590
2712 4 2 2 4 1067 1013 1091 1085
2713 4 2 2 4 377 1070 93 544
2714 4 2 2 4 508 510 1073 1076
2715 4 2 2 4 500 1103 590 1104
2716 4 2 2 4 561 588 5 93
2717 4 2 2 4 1010 1046 1037 1050
2718 4 2 2 4 1100 73 586 543
2719 4 2 2 4 1093 571 1102 593
2720 4 2 2 4 472 90 1007 1073
2721 4 2 2 4 75 594 501 74
2722 4 2 2 4 1100 357 553 73
2723 4 2 2 4 497 1109 358 1079
2724 4 2 2 4 1009 613 614 612
2725 4 2 2 4 539 1067 1091 1085
2726 4 2 2 4 1058 1052 460 410
2727 4 2 2 4 1119 1055 362 644
2728 4 2 2 4 1119 532 1078 1064
2729 4 2 2 4 640 1081 605 1120
2730 4 2 2 4 623 622 1011 645
2731 4 2 2 4 608 649 369 107
2732 4 2 2 4 454 510 1073 508
2733 4 2 2 4 454 367 508 1073
2734 4 2 2 4 639 1110 625 605
2735 4 2 2 4 1103 599 356 541
2736 4 2 2 4 376 472 1007 1076
2737 4 2 2 4 521 379 538 1086
2738 4 2 2 4 585 1093 586 593
2739 4 2 2 4 1012 1038 513 1007
2740 4 2 2 4 437 1062 408 1060
2741 4 2 2 4 1028 1029 1062 1021
2742 4 2 2 4 604 611 1118 547
2743 4 2 2 4 438 1062 408 437
2744 4 2 2 4 509 1064 1112 1042
2745 4 2 2 4 633 1116 651 371
2746 4 2 2 4 1009 613 612 1118
2747 4 2 2 4 548 483 1011 1012
2748 4 2 2 4 454 507 1050 453
2749 4 2 2 4 1044 1045 1037 1016
2750 4 2 2 4 363 535 489 1116
2751 4 2 2 4 1061 1028 1060 1029
2752 4 2 2 4 605 485 641 1115
2753 4 2 2 4 99 633 651 371
2754 4 2 2 4 98 99 651 371
2755 4 2 2 4 1006 1044 1069 1003
2756 4 2 2 4 1023 1110 1040 1047
2757 4 2 2 4 613 604 612 1118
2758 4 2 2 4 542 455 456 1008
2759 4 2 2 4 431 1010 434 515
2760 4 2 2 4 1019 1028 1004 1016
2761 4 2 2 4 465 402 1034 1027
2762 4 2 2 4 1019 1018 1004 1020
2763 4 2 2 4 548 1012 1011 1038
2764 4 2 2 4 490 1116 1032 530
2765 4 2 2 4 1018 1019 1004 1016
2766 4 2 2 4 1064 1025 1053 1052
2767 4 2 2 4 418 1051 1024 417
2768 4 2 2 4 433 464 401 1063
2769 4 2 2 4 1074 507 1050 1069
2770 4 2 2 4 428 431 1037 432
2771 4 2 2 4 1044 1005 1050 1069
2772 4 2 2 4 1031 1061 406 407
2773 4 2 2 4 1028 1029 1030 1014
2774 4 2 2 4 415 1051 458 419
2775 4 2 2 4 1031 1057 1030 1061
2776 4 2 2 4 396 397 1027 394
2777 4 2 2 4 611 604 1118 612
2778 4 2 2 4 1057 1052 1030 1059
2779 4 2 2 4 539 493 1085 1091
2780 4 2 2 4 1042 1043 1047 1056
2781 4 2 2 4 1041 457 1017 1024
2782 4 2 2 4 503 1117 603 103
2783 4 2 2 4 1055 105 362 644
2784 4 2 2 4 1052 1058 1030 1059
2785 4 2 2 4 1025 1058 1030 1052
2786 4 2 2 4 541 599 78 590
2787 4 2 2 4 458 416 463 1014
2788 4 2 2 4 419 439 421 1014
2789 4 2 2 4 999 1000 1098 512
2790 4 2 2 4 458 419 1014 439
2791 4 2 2 4 1029 412 1030 413
2792 4 2 2 4 387 470 1066 1082
2793 4 2 2 4 389 386 388 1039
2794 4 2 2 4 1012 474 473 385
2795 4 2 2 4 1043 993 1056 1027
2796 4 2 2 4 510 432 1010 434
2797 4 2 2 4 82 559 83 361
2798 4 2 2 4 1081 605 485 359
2799 4 2 2 4 581 572 1099 556
2800 4 2 2 4 1044 1045 1016 1056
2801 4 2 2 4 102 101 497 647
2802 4 2 2 4 1109 607 643 647
2803 4 2 2 4 1054 1053 1047 1024
2804 4 2 2 4 1110 1041 1047 1024
2805 4 2 2 4 503 509 1117 370
2806 4 2 2 4 1061 1054 1030 1043
2807 4 2 2 4 637 105 1055 644
2808 4 2 2 4 1041 425 455 1010
2809 4 2 2 4 1031 1061 1030 1043
2810 4 2 2 4 1080 1062 1060 1021
2811 4 2 2 4 1063 1080 1060 1021
2812 4 2 2 4 597 493 71 365
2813 4 2 2 4 69 601 524 68
2814 4 2 2 4 1028 1054 1043 1056
2815 4 2 2 4 360 449 1099 524
2816 4 2 2 4 365 70 71 557
2817 4 2 2 4 523 69 70 583
2818 4 2 2 4 1083 556 1099 582
2819 4 2 2 4 1054 1028 1016 1056
2820 4 2 2 4 510 432 1050 1010
2821 4 2 2 4 562 561 1071 588
2822 4 2 2 4 582 1083 602 595
2823 4 2 2 4 572 1068 570 994
2824 4 2 2 4 1025 1052 1030 1053
2825 4 2 2 4 472 1007 1076 1073
2826 4 2 2 4 1002 429 1037 1050
2827 4 2 2 4 1068 1004 1102 995
2828 4 2 2 4 636 647 1117 1111
2829 4 2 2 4 549 497 1079 1117
2830 4 2 2 4 358 1109 550 1079
2831 4 2 2 4 1005 1074 1050 1069
2832 4 2 2 4 1039 1066 995 998
2833 4 2 2 4 1097 584 554 563
2834 4 2 2 4 588 561 1071 93
2835 4 2 2 4 1087 572 573 997
2836 4 2 2 4 1087 1018 566 1068
2837 4 2 2 4 64 519 560 65
2838 4 2 2 4 993 1026 1043 1056
2839 4 2 2 4 1074 367 507 1069
2840 4 2 2 4 575 555 590 1104
2841 4 2 2 4 1005 1044 1050 1037
2842 4 2 2 4 1067 1091 994 1099
2843 4 2 2 4 480 1083 373 582
2844 4 2 2 4 507 448 1050 453
2845 4 2 2 4 1083 480 471 531
2846 4 2 2 4 581 601 556 1099
2847 4 2 2 4 1003 997 995 1004
2848 4 2 2 4 1026 1013 1102 995
2849 4 2 2 4 1106 1009 1107 614
2850 4 2 2 4 1106 1107 1040 616
2851 4 2 2 4 614 1009 1107 615
2852 4 2 2 4 384 387 1066 540
2853 4 2 2 4 1023 618 1033 1040
2854 4 2 2 4 626 1123 1055 637
2855 4 2 2 4 540 387 1066 1082
2856 4 2 2 4 1022 639 1110 624
2857 4 2 2 4 506 1081 446 1024
2858 4 2 2 4 446 418 1024 417
2859 4 2 2 4 640 1122 1081 1120
2860 4 2 2 4 1124 1023 1053 1024
2861 4 2 2 4 1013 1085 1063 1021
2862 4 2 2 4 626 1120 648 625
2863 4 2 2 4 1049 1101 1089 1095
2864 4 2 2 4 1113 635 629 1112
2865 4 2 2 4 1013 993 1026 1027
2866 4 2 2 4 1101 579 1089 1095
2867 4 2 2 4 396 393 1036 442
2868 4 2 2 4 587 579 576 1089
2869 4 2 2 4 1077 1038 1011 1118
2870 4 2 2 4 597 365 71 557
2871 4 2 2 4 464 1080 437 1063
2872 4 2 2 4 429 428 427 1037
2873 4 2 2 4 1031 1043 1063 1021
2874 4 2 2 4 373 1083 997 595
2875 4 2 2 4 1000 574 1088 1092
2876 4 2 2 4 1103 599 541 590
2877 4 2 2 4 1103 558 599 598
2878 4 2 2 4 412 409 1061 1030
2879 4 2 2 4 999 1103 1104 1105
2880 4 2 2 4 579 576 1089 577
2881 4 2 2 4 1009 1106 1011 1118
2882 4 2 2 4 652 96 632 479
2883 4 2 2 4 610 379 479 645
2884 4 2 2 4 621 1033 1111 635
2885 4 2 2 4 454 367 1050 507
2886 4 2 2 4 1111 1033 1121 1034
2887 4 2 2 4 627 618 1108 619
2888 4 2 2 4 1110 624 625 619
2889 4 2 2 4 1123 626 1108 1120
2890 4 2 2 4 1054 1043 1047 1053
2891 4 2 2 4 405 1031 406 407
2892 4 2 2 4 627 1113 1108 618
2893 4 2 2 4 1107 1010 1046 1047
2894 4 2 2 4 1042 1033 1047 1053
2895 4 2 2 4 409 412 1059 1030
2896 4 2 2 4 89 472 1076 1073
2897 4 2 2 4 1002 1071 1097 476
2898 4 2 2 4 999 1019 1104 1092
2899 4 2 2 4 1109 1032 530 492
2900 4 2 2 4 1057 1052 1059 410
2901 4 2 2 4 1097 536 520 374
2902 4 2 2 4 1097 565 592 563
2903 4 2 2 4 574 565 578 1000
2904 4 2 2 4 618 1035 1040 616
2905 4 2 2 4 613 1009 614 615
2906 4 2 2 4 455 484 372 1115
2907 4 2 2 4 618 1023 1108 619
2908 4 2 2 4 552 514 1124 498
2909 4 2 2 4 1023 1110 625 619
2910 4 2 2 4 1122 1123 608 369
2911 4 2 2 4 1061 1031 406 1060
2912 4 2 2 4 626 627 629 1108
2913 4 2 2 4 637 1123 1055 608
2914 4 2 2 4 1084 533 369 514
2915 4 2 2 4 367 90 508 1073
2916 4 2 2 4 1109 630 1114 1121
2917 4 2 2 4 1100 585 553 1094
2918 4 2 2 4 433 494 495 1085
2919 4 2 2 4 630 1109 643 1121
2920 4 2 2 4 597 493 1100 586
2921 4 2 2 4 1100 585 586 553
2922 4 2 2 4 621 1033 1121 1111
2923 4 2 2 4 1035 621 1033 1121
2924 4 2 2 4 621 1035 1114 1121
2925 4 2 2 4 427 426 424 1037
2926 4 2 2 4 507 448 476 1050
2927 4 2 2 4 367 1074 507 475
2928 4 2 2 4 475 1071 476 378
2929 4 2 2 4 101 607 100 358
2930 4 2 2 4 630 621 1114 1121
2931 4 2 2 4 630 643 621 1121
2932 4 2 2 4 112 484 650 372
2933 4 2 2 4 376 1038 1076 1007
2934 4 2 2 4 114 646 113 364
2935 4 2 2 4 1007 90 1069 1073
2936 4 2 2 4 364 478 1008 515
2937 4 2 2 4 90 89 508 1073
2938 4 2 2 4 604 115 478 634
2939 4 2 2 4 1010 1107 1046 1008
2940 4 2 2 4 650 484 609 1115
2941 4 2 2 4 114 364 478 634
2942 4 2 2 4 92 1070 1071 93
2943 4 2 2 4 1070 92 377 93
2944 4 2 2 4 1071 1074 1075 91
2945 4 2 2 4 1070 92 381 377
2946 4 2 2 4 1002 1096 529 447
2947 4 2 2 4 1096 1002 1097 447
2948 4 2 2 4 391 1039 388 1066
2949 4 2 2 4 601 581 583 1099
2950 4 2 2 4 583 1091 1099 580
2951 4 2 2 4 1067 449 450 524
2952 4 2 2 4 1064 405 404 445
2953 4 2 2 4 396 443 492 1034
2954 4 2 2 4 1036 396 492 1034
2955 4 2 2 4 396 397 1034 1027
2956 4 2 2 4 598 1103 1104 590
2957 4 2 2 4 1097 536 482 447
2958 4 2 2 4 600 82 361 559
2959 4 2 2 4 1071 1074 476 1050
2960 4 2 2 4 1107 1041 1010 1047
2961 4 2 2 4 428 426 427 1037
2962 4 2 2 4 1032 1012 1036 1011
2963 4 2 2 4 1116 651 489 606
2964 4 2 2 4 1116 1109 530 491
2965 4 2 2 4 1029 1049 1105 1089
2966 4 2 2 4 506 1081 485 359
2967 4 2 2 4 1116 630 631 1114
2968 4 2 2 4 1116 491 530 371
2969 4 2 2 4 633 1116 371 491
2970 4 2 2 4 425 1041 455 436
2971 4 2 2 4 1041 457 436 423
2972 4 2 2 4 454 1069 1073 1050
2973 4 2 2 4 1046 1010 1037 1047
2974 4 2 2 4 504 1055 362 505
2975 4 2 2 4 1064 532 1078 505
2976 4 2 2 4 383 368 1007 472
2977 4 2 2 4 1054 1028 996 1016
2978 4 2 2 4 1039 1006 1007 1066
2979 4 2 2 4 533 504 505 1078
2980 4 2 2 4 376 88 1072 1077
2981 4 2 2 4 474 1012 513 385
2982 4 2 2 4 558 1103 1089 576
2983 4 2 2 4 368 90 91 1069
2984 4 2 2 4 587 558 1089 576
2985 4 2 2 4 558 587 1089 1103
2986 4 2 2 4 367 454 1050 1069
2987 4 2 2 4 1026 1020 1095 1089
2988 4 2 2 4 1074 1071 476 475
2989 4 2 2 4 1045 1044 1037 1047
2990 4 2 2 4 1028 1029 1089 1062
2991 4 2 2 4 522 511 375 1072
2992 4 2 2 4 88 522 375 1072
2993 4 2 2 4 536 1097 520 476
2994 4 2 2 4 1119 532 503 362
2995 4 2 2 4 1061 412 1030 1029
2996 4 2 2 4 1057 1064 1052 461
2997 4 2 2 4 1025 1084 1123 1124
2998 4 2 2 4 105 637 504 106
2999 4 2 2 4 1052 1078 460 505
3000 4 2 2 4 1084 533 514 460
3001 4 2 2 4 1042 1064 1053 1043
3002 4 2 2 4 435 552 1124 517
3003 4 2 2 4 446 517 417 1024
3004 4 2 2 4 361 83 482 596
3005 4 2 2 4 83 482 596 84
3006 4 2 2 4 477 1002 488 440
3007 4 2 2 4 565 1096 592 578
3008 4 2 2 4 578 1096 592 559
3009 4 2 2 4 1004 993 995 1056
3010 4 2 2 4 556 572 1099 582
3011 4 2 2 4 562 588 1001 997
3012 4 2 2 4 572 1083 997 1099
3013 4 2 2 4 1083 449 531 1082
3014 4 2 2 4 1091 1067 583 1099
3015 4 2 2 4 1068 571 1102 1020
3016 4 2 2 4 500 999 1104 590
3017 4 2 2 4 1068 994 1102 570
3018 4 2 2 4 579 585 577 1095
3019 4 2 2 4 1101 1049 1089 1105
3020 4 2 2 4 558 1103 576 598
3021 4 2 2 4 1020 1026 1102 1004
3022 4 2 2 4 1090 574 569 575
3023 4 2 2 4 522 380 1118 547
3024 4 2 2 4 380 604 1118 547
3025 4 2 2 4 1083 360 1099 556
3026 4 2 2 4 542 364 1008 515
3027 4 2 2 4 1041 455 1115 1010
3028 4 2 2 4 1084 1122 1123 1124
3029 4 2 2 4 640 1120 605 625
3030 4 2 2 4 617 1106 616 614
3031 4 2 2 4 1119 1055 1108 1078
3032 4 2 2 4 1122 640 648 1120
3033 4 2 2 4 635 603 629 1112
3034 4 2 2 4 1091 1013 1102 1085
3035 4 2 2 4 1067 467 466 1085
3036 4 2 2 4 503 644 104 603
3037 4 2 2 4 1010 455 1115 1008
3038 4 2 2 4 617 1106 1035 616
3039 4 2 2 4 617 1035 618 616
3040 4 2 2 4 624 1022 615 1107
3041 4 2 2 4 1018 1087 1016 1004
3042 4 2 2 4 1054 996 1045 1016
3043 4 2 2 4 467 1067 450 523
3044 4 2 2 4 1074 1075 91 1069
3045 4 2 2 4 1090 1018 1016 1019
3046 4 2 2 4 523 1067 450 524
3047 4 2 2 4 1093 1091 1102 1085
3048 4 2 2 4 537 439 463 1014
3049 4 2 2 4 997 1003 995 998
3050 4 2 2 4 363 96 632 97
3051 4 2 2 4 412 409 1029 1061
3052 4 2 2 4 1080 496 437 526
3053 4 2 2 4 579 587 1101 1089
3054 4 2 2 4 1100 1093 585 1094
3055 4 2 2 4 1080 464 433 1063
3056 4 2 2 4 1113 1033 1111 1112
3057 4 2 2 4 370 497 1117 647
3058 4 2 2 4 87 521 538 1086
3059 4 2 2 4 1055 504 1078 505
3060 4 2 2 4 370 636 1117 103
3061 4 2 2 4 106 608 369 107
3062 4 2 2 4 96 363 632 479
3063 4 2 2 4 467 441 1085 539
3064 4 2 2 4 1103 1019 1089 1104
3065 4 2 2 4 1062 1049 1089 1095
3066 4 2 2 4 1081 1110 605 1120
3067 4 2 2 4 363 97 632 606
3068 4 2 2 4 108 649 498 640
3069 4 2 2 4 506 1022 1115 1081
3070 4 2 2 4 1113 627 629 635
3071 4 2 2 4 483 548 1011 479
3072 4 2 2 4 608 1055 106 369
3073 4 2 2 4 111 650 1115 372
3074 4 2 2 4 1080 526 437 1062
3075 4 2 2 4 357 1080 1100 1094
3076 4 2 2 4 1049 1094 1101 1095
3077 4 2 2 4 1094 357 1101 553
3078 4 2 2 4 501 594 1101 74
3079 4 2 2 4 1018 568 1068 1020
3080 4 2 2 4 650 111 1115 641
3081 4 2 2 4 620 617 1035 618
3082 4 2 2 4 650 628 641 1115
3083 4 2 2 4 1038 1012 1036 1056
3084 4 2 2 4 1057 1031 1043 1064
3085 4 2 2 4 1022 1107 1008 615
3086 4 2 2 4 1048 396 1036 1034
3087 4 2 2 4 611 6 638 1086
3088 4 2 2 4 1123 1120 1108 1023
3089 4 2 2 4 1122 649 648 640
3090 4 2 2 4 1123 626 1120 648
3091 4 2 2 4 1120 640 648 625
3092 4 2 2 4 1123 626 648 608
3093 4 2 2 4 1120 1110 605 625
3094 4 2 2 4 358 1109 492 550
3095 4 2 2 4 1067 467 539 365
3096 4 2 2 4 491 1109 492 358
3097 4 2 2 4 1081 605 1115 485
3098 4 2 2 4 467 1067 523 365
3099 4 2 2 4 523 70 365 557
3100 4 2 2 4 539 1067 365 1091
3101 4 2 2 4 1002 448 447 429
3102 4 2 2 4 1081 1022 1115 605
3103 4 2 2 4 628 639 641 1115
3104 4 2 2 4 532 1064 445 505
3105 4 2 2 4 633 1116 631 651
3106 4 2 2 4 633 1116 630 631
3107 4 2 2 4 98 97 489 606
3108 4 2 2 4 1064 461 445 505
3109 4 2 2 4 1022 639 628 1115
3110 4 2 2 4 410 459 1059 411
3111 4 2 2 4 640 108 499 498
3112 4 2 2 4 1052 1064 1078 505
3113 4 2 2 4 461 1064 1052 505
3114 4 2 2 4 559 1096 361 1098
3115 4 2 2 4 555 999 591 486
3116 4 2 2 4 507 367 1050 1069
3117 4 2 2 4 1058 514 459 460
3118 4 2 2 4 1051 1054 996 1017
3119 4 2 2 4 86 85 554 520
3120 4 2 2 4 1006 1003 998 995
3121 4 2 2 4 85 584 374 84
3122 4 2 2 4 1003 1006 1056 995
3123 4 2 2 4 368 1075 381 382
3124 4 2 2 4 529 1096 361 482
3125 4 2 2 4 1039 1006 998 995
3126 4 2 2 4 513 383 1007 472
3127 4 2 2 4 390 389 388 1039
3128 4 2 2 4 387 471 1082 540
3129 4 2 2 4 406 1031 403 1063
3130 4 2 2 4 1100 357 73 543
3131 4 2 2 4 400 1013 1085 401
3132 4 2 2 4 1031 402 403 401
3133 4 2 2 4 1043 1031 1063 1027
3134 4 2 2 4 402 399 1027 465
3135 4 2 2 4 1006 1039 1056 995
3136 4 2 2 4 1080 496 433 464
3137 4 2 2 4 471 1083 531 1082
3138 4 2 2 4 470 471 531 1082
3139 4 2 2 4 1051 415 413 414
3140 4 2 2 4 459 1058 1059 414
3141 4 2 2 4 1002 529 488 440
3142 4 2 2 4 1107 1009 1046 1008
3143 4 2 2 4 613 615 642 1008
3144 4 2 2 4 613 1009 615 1008
3145 4 2 2 4 455 425 456 1010
3146 4 2 2 4 1002 1096 488 529
3147 4 2 2 4 1002 477 1037 427
3148 4 2 2 4 454 432 453 1050
3149 4 2 2 4 600 559 361 1098
3150 4 2 2 4 613 604 1118 1008
3151 4 2 2 4 561 545 93 5
3152 4 2 2 4 604 613 634 1008
3153 4 2 2 4 366 999 537 500
3154 4 2 2 4 416 452 463 1105
3155 4 2 2 4 628 615 1008 642
3156 4 2 2 4 999 500 1105 463
3157 4 2 2 4 1103 1019 1104 1105
3158 4 2 2 4 999 537 463 1014
3159 4 2 2 4 1014 416 463 1105
3160 4 2 2 4 999 1014 463 1105
3161 4 2 2 4 578 600 1098 559
3162 4 2 2 4 1022 615 1008 628
3163 4 2 2 4 555 575 589 1092
3164 4 2 2 4 607 1109 491 358
3165 4 2 2 4 484 646 609 1008
3166 4 2 2 4 64 588 560 544
3167 4 2 2 4 400 1013 398 1085
3168 4 2 2 4 396 1048 393 394
3169 4 2 2 4 1067 523 365 1091
3170 4 2 2 4 519 64 560 544
3171 4 2 2 4 1010 510 1072 1046
3172 4 2 2 4 1010 1046 1072 1008
3173 4 2 2 4 1074 1071 475 91
3174 4 2 2 4 1013 1067 466 1085
3175 4 2 2 4 607 491 100 358
3176 4 2 2 4 1043 1042 1034 1056
3177 4 2 2 4 607 101 647 358
3178 4 2 2 4 646 484 364 1008
3179 4 2 2 4 101 497 647 358
3180 4 2 2 4 633 607 491 100
3181 4 2 2 4 1057 461 1052 410
3182 4 2 2 4 532 1119 1078 505
3183 4 2 2 4 626 1120 625 1108
3184 4 2 2 4 1055 105 504 362
3185 4 2 2 4 514 1084 1124 369
3186 4 2 2 4 1123 626 608 637
3187 4 2 2 4 1122 1123 1120 648
3188 4 2 2 4 649 1122 648 608
3189 4 2 2 4 1074 367 1069 91
3190 4 2 2 4 406 1061 1060 408
3191 4 2 2 4 1059 459 414 411
3192 4 2 2 4 640 1081 499 605
3193 4 2 2 4 1061 1029 1060 408
3194 4 2 2 4 605 1081 499 359
3195 4 2 2 4 1062 1029 1060 1021
3196 4 2 2 4 406 1031 1063 1060
3197 4 2 2 4 490 1116 530 371
3198 4 2 2 4 437 1080 1060 1063
3199 4 2 2 4 1067 601 583 1099
3200 4 2 2 4 1029 1028 1060 1021
3201 4 2 2 4 444 509 1117 1034
3202 4 2 2 4 1006 1044 1003 1056
3203 4 2 2 4 523 1091 583 557
3204 4 2 2 4 452 1103 356 541
3205 4 2 2 4 566 1087 567 564
3206 4 2 2 4 565 1096 1000 1088
3207 4 2 2 4 1018 568 1090 569
3208 4 2 2 4 568 1018 566 569
3209 4 2 2 4 562 997 1001 573
3210 4 2 2 4 402 1031 1034 1027
3211 4 2 2 4 527 1103 356 1105
3212 4 2 2 4 1087 1088 1001 564
3213 4 2 2 4 69 601 583 524
3214 4 2 2 4 523 69 583 524
3215 4 2 2 4 1083 480 556 582
3216 4 2 2 4 601 1067 583 524
3217 4 2 2 4 1067 523 583 524
3218 4 2 2 4 451 527 356 1105
3219 4 2 2 4 1087 566 1088 564
3220 4 2 2 4 452 1103 1105 356
3221 4 2 2 4 533 1084 369 1055
3222 4 2 2 4 584 1097 482 596
3223 4 2 2 4 1033 1023 1047 1053
3224 4 2 2 4 1096 559 596 592
3225 4 2 2 4 649 1122 498 640
3226 4 2 2 4 1117 636 1111 635
3227 4 2 2 4 620 1035 621 618
3228 4 2 2 4 542 484 1008 364
3229 4 2 2 4 451 452 1105 356
3230 4 2 2 4 380 478 551 1008
3231 4 2 2 4 370 102 497 647
3232 4 2 2 4 636 370 1117 647
3233 4 2 2 4 370 636 102 647
3234 4 2 2 4 444 402 404 1034
3235 4 2 2 4 1097 1096 596 592
3236 4 2 2 4 555 999 1104 1092
3237 4 2 2 4 574 565 1088 566
3238 4 2 2 4 1090 1018 566 1088
3239 4 2 2 4 565 574 1088 1000
3240 4 2 2 4 588 562 1001 1071
3241 4 2 2 4 1018 1087 566 1088
3242 4 2 2 4 993 1026 1004 995
3243 4 2 2 4 1087 572 567 573
3244 4 2 2 4 584 1097 596 592
3245 4 2 2 4 467 441 466 1085
3246 4 2 2 4 112 484 113 609
3247 4 2 2 4 1094 585 579 1095
3248 4 2 2 4 1026 993 1004 1056
3249 4 2 2 4 399 402 1027 401
3250 4 2 2 4 1044 1005 1003 1056
3251 4 2 2 4 1087 1068 997 1004
3252 4 2 2 4 994 1068 1102 995
3253 4 2 2 4 484 112 650 609
3254 4 2 2 4 471 1083 1082 481
3255 4 2 2 4 392 1048 466 394
3256 4 2 2 4 390 389 1039 468
3257 4 2 2 4 1048 390 1039 468
3258 4 2 2 4 468 1012 1039 1036
3259 4 2 2 4 389 1012 1039 468
3260 4 2 2 4 1025 1064 1078 1052
3261 4 2 2 4 1025 1084 1078 1123
3262 4 2 2 4 410 1058 459 460
3263 4 2 2 4 508 89 375 1076
3264 4 2 2 4 1022 628 1008 1115
3265 4 2 2 4 88 376 1072 89
3266 4 2 2 4 548 1038 1011 1077
3267 4 2 2 4 1039 1048 1036 1056
3268 4 2 2 4 1119 532 362 505
3269 4 2 2 4 1022 1041 1115 1008
3270 4 2 2 4 1031 1043 1034 1027
3271 4 2 2 4 464 406 403 1063
3272 4 2 2 4 441 494 400 1085
3273 4 2 2 4 493 539 1085 494
3274 4 2 2 4 1091 994 580 1102
3275 4 2 2 4 574 575 1092 589
3276 4 2 2 4 76 558 77 356
3277 4 2 2 4 999 1019 1105 1104
3278 4 2 2 4 996 1051 1017 1014
3279 4 2 2 4 1015 996 1014 1016
3280 4 2 2 4 497 1109 1079 647
3281 4 2 2 4 1109 550 1079 492
3282 4 2 2 4 444 465 1034 1079
3283 4 2 2 4 509 503 1117 1112
3284 4 2 2 4 1032 1116 622 1114
3285 4 2 2 4 1116 620 622 1114
3286 4 2 2 4 556 360 68 67
3287 4 2 2 4 1077 379 521 1086
3288 4 2 2 4 601 360 524 68
3289 4 2 2 4 620 1106 622 1035
3290 4 2 2 4 477 1015 430 488
3291 4 2 2 4 418 1051 419 420
3292 4 2 2 4 527 1029 1049 1105
3293 4 2 2 4 1035 1032 622 1114
3294 4 2 2 4 93 588 5 544
3295 4 2 2 4 435 1058 459 414
3296 4 2 2 4 620 1035 622 1114
3297 4 2 2 4 1122 649 369 608
3298 4 2 2 4 637 1055 106 608
3299 4 2 2 4 1055 637 106 504
3300 4 2 2 4 1123 1055 608 369
3301 4 2 2 4 1123 1084 1055 369
3302 4 2 2 4 394 466 398 1027
3303 4 2 2 4 397 399 1027 398
3304 4 2 2 4 402 1031 404 1034
3305 4 2 2 4 1013 1067 995 466
3306 4 2 2 4 1004 1026 1102 995
3307 4 2 2 4 1031 1064 404 1034
3308 4 2 2 4 1018 1016 1001 1088
3309 4 2 2 4 384 383 1007 385
3310 4 2 2 4 1018 1087 1001 1016
3311 4 2 2 4 1043 1054 1047 1056
3312 4 2 2 4 1087 573 564 1001
3313 4 2 2 4 563 565 564 1001
3314 4 2 2 4 1000 1096 1001 1088
3315 4 2 2 4 470 449 391 1082
3316 4 2 2 4 1056 1048 1034 1027
3317 4 2 2 4 1002 1096 1001 1000
3318 4 2 2 4 1096 1002 1001 1097
3319 4 2 2 4 1061 409 408 407
3320 4 2 2 4 1052 1058 1059 410
3321 4 2 2 4 1058 435 459 514
3322 4 2 2 4 537 999 512 1014
3323 4 2 2 4 649 498 369 107
3324 4 2 2 4 1006 1044 1056 1047
3325 4 2 2 4 448 1002 476 1050
3326 4 2 2 4 996 1054 1045 1017
3327 4 2 2 4 457 423 1017 420
3328 4 2 2 4 555 366 999 486
3329 4 2 2 4 422 1015 421 430
3330 4 2 2 4 457 418 420 1051
3331 4 2 2 4 457 506 1041 436
3332 4 2 2 4 1062 1080 1060 437
3333 4 2 2 4 650 628 1115 609
3334 4 2 2 4 1031 1063 1060 1021
3335 4 2 2 4 1042 1065 1034 1056
3336 4 2 2 4 384 383 382 1007
3337 4 2 2 4 1065 1036 1034 1056
3338 4 2 2 4 1036 1048 1034 1056
3339 4 2 2 4 581 572 570 1099
3340 4 2 2 4 1103 598 599 590
3341 4 2 2 4 1103 527 502 1101
3342 4 2 2 4 626 625 619 1108
3343 4 2 2 4 1110 624 1040 1107
3344 4 2 2 4 1110 1022 1107 1040
3345 4 2 2 4 451 416 1105 452
3346 4 2 2 4 1041 1017 1037 1047
3347 4 2 2 4 451 416 1029 1105
3348 4 2 2 4 1025 1058 1053 1030
3349 4 2 2 4 1081 1110 1120 1024
3350 4 2 2 4 587 75 594 1101
3351 4 2 2 4 1103 527 356 502
3352 4 2 2 4 457 1051 1017 1024
3353 4 2 2 4 587 1103 502 1101
3354 4 2 2 4 1057 461 410 407
3355 4 2 2 4 392 466 995 395
3356 4 2 2 4 498 514 1124 369
3357 4 2 2 4 409 410 1059 411
3358 4 2 2 4 470 391 388 1066
3359 4 2 2 4 1058 1084 514 460
3360 4 2 2 4 412 409 1059 411
3361 4 2 2 4 568 571 1068 1020
3362 4 2 2 4 1006 1039 998 1066
3363 4 2 2 4 368 383 1007 382
3364 4 2 2 4 1012 513 385 1007
3365 4 2 2 4 1075 1070 381 382
3366 4 2 2 4 1039 1012 385 1007
3367 4 2 2 4 1029 1062 1060 408
3368 4 2 2 4 465 397 1034 443
3369 4 2 2 4 558 587 1103 502
3370 4 2 2 4 594 75 501 1101
3371 4 2 2 4 1100 493 543 586
3372 4 2 2 4 584 1097 592 563
3373 4 2 2 4 1111 1121 1079 1034
3374 4 2 2 4 1117 444 1034 1079
3375 4 2 2 4 572 595 573 997
3376 4 2 2 4 444 516 465 1079
3377 4 2 2 4 1065 1036 1121 1034
3378 4 2 2 4 397 465 1034 1027
3379 4 2 2 4 465 443 1034 1079
3380 4 2 2 4 1103 598 1104 576
3381 4 2 2 4 598 575 1104 576
3382 4 2 2 4 562 561 554 378
3383 4 2 2 4 1110 639 625 624
3384 4 2 2 4 1090 1018 1092 1016
3385 4 2 2 4 1040 618 616 619
3386 4 2 2 4 500 999 537 463
3387 4 2 2 4 500 452 1105 463
3388 4 2 2 4 624 1107 615 616
3389 4 2 2 4 1043 1042 1047 1053
3390 4 2 2 4 1058 435 514 1124
3391 4 2 2 4 1049 527 1105 1101
3392 4 2 2 4 647 1109 1079 1111
3393 4 2 2 4 1117 503 603 1112
3394 4 2 2 4 647 497 1117 1111
3395 4 2 2 4 527 1103 1105 1101
3396 4 2 2 4 1119 1113 1108 629
3397 4 2 2 4 627 1113 621 635
3398 4 2 2 4 1033 1113 1111 635
3399 4 2 2 4 644 1119 629 603
3400 4 2 2 4 643 621 1111 635
3401 4 2 2 4 1117 635 1112 603
3402 4 2 2 4 103 503 104 603
3403 4 2 2 4 1087 573 567 564
3404 4 2 2 4 565 1097 1001 563
3405 4 2 2 4 1087 1018 1001 1088
3406 4 2 2 4 1071 1070 1003 1001
3407 4 2 2 4 479 379 1011 645
3408 4 2 2 4 1031 1043 1021 1060
3409 4 2 2 4 510 1046 1076 1072
3410 4 2 2 4 1120 1081 1024 1124
3411 4 2 2 4 996 1015 1017 1016
3412 4 2 2 4 1017 477 424 1037
3413 4 2 2 4 609 484 1008 1115
3414 4 2 2 4 511 522 1118 1072
3415 4 2 2 4 448 429 1050 453
3416 4 2 2 4 422 423 420 1017
3417 4 2 2 4 1065 1038 1056 1047
3418 4 2 2 4 636 643 647 1111
3419 4 2 2 4 1123 1055 1078 1108
3420 4 2 2 4 1065 1042 1047 1056
3421 4 2 2 4 380 522 1118 511
3422 4 2 2 4 993 1048 1056 1027
3423 4 2 2 4 1038 1006 1039 1056
3424 4 2 2 4 530 1032 1036 492
3425 4 2 2 4 1109 491 492 530
3426 4 2 2 4 444 402 1034 465
3427 4 2 2 4 1044 1006 1046 1047
3428 4 2 2 4 357 526 1101 501
3429 4 2 2 4 526 438 1049 501
3430 4 2 2 4 1038 1006 1056 1047
3431 4 2 2 4 439 537 512 1014
3432 4 2 2 4 1094 553 1101 579
3433 4 2 2 4 1080 357 1049 1094
3434 4 2 2 4 357 1080 1049 526
3435 4 2 2 4 1006 1038 1046 1047
3436 4 2 2 4 1002 429 447 440
3437 4 2 2 4 526 438 437 1062
3438 4 2 2 4 1029 1061 462 408
3439 4 2 2 4 1005 1074 1075 1071
3440 4 2 2 4 386 1039 1066 388
3441 4 2 2 4 1007 384 1066 382
3442 4 2 2 4 513 376 472 1007
3443 4 2 2 4 994 997 995 998
3444 4 2 2 4 1071 92 475 91
3445 4 2 2 4 588 1070 1001 997
3446 4 2 2 4 600 487 81 1098
3447 4 2 2 4 558 587 502 76
3448 4 2 2 4 416 1029 1105 1014
3449 4 2 2 4 75 587 76 502
3450 4 2 2 4 529 1002 447 440
3451 4 2 2 4 1028 1029 1014 1105
3452 4 2 2 4 575 1090 576 569
3453 4 2 2 4 503 1119 603 1112
3454 4 2 2 4 1035 1065 1114 1121
3455 4 2 2 4 643 621 1121 1111
3456 4 2 2 4 1065 1035 1033 1121
3457 4 2 2 4 532 1119 503 1112
3458 4 2 2 4 1083 373 602 595
3459 4 2 2 4 66 373 602 582
3460 4 2 2 4 1017 1051 1047 1024
3461 4 2 2 4 1051 1054 1047 1024
3462 4 2 2 4 1051 419 420 421
3463 4 2 2 4 367 90 1069 91
3464 4 2 2 4 1006 1038 1039 1007
3465 4 2 2 4 92 1070 381 91
3466 4 2 2 4 420 1051 421 1017
3467 4 2 2 4 368 90 1007 472
3468 4 2 2 4 522 1077 1086 1118
3469 4 2 2 4 638 6 94 538
3470 4 2 2 4 1078 533 460 505
3471 4 2 2 4 1054 1051 1047 1017
3472 4 2 2 4 644 503 104 362
3473 4 2 2 4 105 644 104 362
3474 4 2 2 4 376 89 472 1076
3475 4 2 2 4 6 611 116 547
3476 4 2 2 4 1025 1058 1052 460
3477 4 2 2 4 545 561 86 5
3478 4 2 2 4 1025 1058 460 1084
3479 4 2 2 4 1052 1025 460 1078
3480 4 2 2 4 377 1070 528 381
3481 4 2 2 4 533 1055 369 504
3482 4 2 2 4 367 1074 475 91
3483 4 2 2 4 1122 498 1124 369
3484 4 2 2 4 540 1066 382 998
3485 4 2 2 4 546 1081 359 499
3486 4 2 2 4 1084 533 460 1078
3487 4 2 2 4 1025 1084 460 1078
3488 4 2 2 4 406 437 408 1060
3489 4 2 2 4 437 406 1063 1060
3490 4 2 2 4 394 1048 466 1027
3491 4 2 2 4 1054 1061 1060 1043
3492 4 2 2 4 999 1098 486 512
3493 4 2 2 4 1064 405 461 407
3494 4 2 2 4 1057 1064 461 407
3495 4 2 2 4 406 1061 408 407
3496 4 2 2 4 1028 1054 1060 1043
3497 4 2 2 4 422 477 424 1017
3498 4 2 2 4 1081 552 1124 499
3499 4 2 2 4 420 422 1017 421
3500 4 2 2 4 465 399 1027 397
3501 4 2 2 4 443 492 1034 1079
3502 4 2 2 4 1122 1081 1124 499
3503 4 2 2 4 485 605 110 359
3504 4 2 2 4 485 605 641 110
3505 4 2 2 4 111 485 641 110
3506 4 2 2 4 1028 1061 1030 1029
3507 4 2 2 4 1054 1028 1060 1061
3508 4 2 2 4 1006 1073 1069 1044
3509 4 2 2 4 1069 1073 1006 1007
3510 4 2 2 4 512 1098 1015 1000
3511 4 2 2 4 512 1015 1098 525
3512 4 2 2 4 1046 1011 1047 1038
3513 4 2 2 4 1046 1047 1011 1106
3514 4 2 2 4 1065 1047 1011 1038
3515 4 2 2 4 1065 1011 1047 1106
3516 4 2 2 4 1067 995 1091 1013
3517 4 2 2 4 1067 1091 995 994
3518 4 2 2 4 1102 1091 995 1013
3519 4 2 2 4 1102 995 1091 994
3520 4 2 2 4 1002 1071 1050 1005
3521 4 2 2 4 1050 1071 1002 476
3522 4 2 2 4 1085 466 398 441
3523 4 2 2 4 1085 398 466 1013
3524 4 2 2 4 1079 1112 1034 1117
3525 4 2 2 4 509 1112 1034 1042
3526 4 2 2 4 509 1034 1112 1117
3527 4 2 2 4 994 995 1082 998
3528 4 2 2 4 1082 995 994 1099
3529 4 2 2 4 1082 1083 994 998
3530 4 2 2 4 994 1083 1082 1099
3531 4 2 2 4 1070 998 540 382
3532 4 2 2 4 540 481 1070 382
3533 4 2 2 4 1032 490 1012 1116
3534 4 2 2 4 1032 1012 490 1036
3535 4 2 2 4 1003 1007 1069 1006
3536 4 2 2 4 1069 1007 1003 1075
3537 4 2 2 4 1008 1118 511 551
3538 4 2 2 4 1008 1118 1072 511
3539 4 2 2 4 519 544 1070 377
3540 4 2 2 4 1026 1102 1093 1020
3541 4 2 2 4 498 1124 499 1122
3542 4 2 2 4 498 499 1124 552
3543 4 2 2 4 618 1113 621 627
3544 4 2 2 4 618 621 1113 1033
3545 4 2 2 4 378 561 520 545
3546 4 2 2 4 378 520 561 554
3547 4 2 2 4 86 520 561 545
3548 4 2 2 4 86 561 520 554
3549 4 2 2 4 1011 363 1116 1012
3550 4 2 2 4 1011 1116 363 632
3551 4 2 2 4 1024 1023 1047 1110
3552 4 2 2 4 1024 1047 1023 1053
3553 4 2 2 4 1013 1021 1027 1026
3554 4 2 2 4 1013 1027 1021 1063
3555 4 2 2 4 1043 1027 1021 1026
3556 4 2 2 4 1043 1021 1027 1063
3557 4 2 2 4 1046 510 1050 1010
3558 4 2 2 4 1046 1050 510 1076
3559 4 2 2 4 1043 1021 1028 1026
3560 4 2 2 4 1028 1021 1043 1060
3561 4 2 2 4 554 1001 563 562
3562 4 2 2 4 554 563 1001 1097
3563 4 2 2 4 1071 554 1097 378
3564 4 2 2 4 1097 554 1071 1001
3565 4 2 2 4 1052 1043 1064 1057
3566 4 2 2 4 1064 1043 1052 1053
3567 4 2 2 4 1053 1064 1078 1025
3568 4 2 2 4 1053 1078 1064 1042
3569 4 2 2 4 401 1085 1063 1013
3570 4 2 2 4 401 1063 1085 433
3571 4 2 2 4 1085 1021 1093 1080
3572 4 2 2 4 1094 1093 1021 1080
3573 4 2 2 4 1094 1021 1093 1026
3574 4 2 2 4 538 638 610 94
3575 4 2 2 4 538 610 638 1086
3576 4 2 2 4 1097 378 476 1071
3577 4 2 2 4 476 378 1097 520
3578 4 2 2 4 561 378 93 545
3579 4 2 2 4 93 378 561 1071
3580 4 2 2 4 610 479 95 652
3581 4 2 2 4 610 95 479 379
3582 4 2 2 4 1083 998 1003 997
3583 4 2 2 4 1003 1070 1083 997
3584 4 2 2 4 995 1082 391 449
3585 4 2 2 4 482 584 84 374
3586 4 2 2 4 482 84 584 596
3587 4 2 2 4 1002 1000 1098 1096
3588 4 2 2 4 1098 1000 1002 1015
3589 4 2 2 4 501 1101 438 1049
3590 4 2 2 4 501 438 1101 502
3591 4 2 2 4 527 438 1101 1049
3592 4 2 2 4 527 1101 438 502
3593 4 2 2 4 517 1124 1024 1081
3594 4 2 2 4 517 1024 1124 435
3595 4 2 2 4 560 373 65 519
3596 4 2 2 4 560 65 373 602
3597 4 2 2 4 997 560 373 595
3598 4 2 2 4 997 373 560 519
3599 4 2 2 4 1002 1001 1071 1005
3600 4 2 2 4 1071 1001 1002 1097
3601 4 2 2 4 1043 1052 1030 1057
3602 4 2 2 4 1008 456 515 1010
3603 4 2 2 4 1008 515 456 542
3604 4 2 2 4 551 1010 515 434
3605 4 2 2 4 551 515 1010 1008
3606 4 2 2 4 1062 1095 1094 1049
3607 4 2 2 4 1094 1095 1062 1021
3608 4 2 2 4 1094 1080 1062 1049
3609 4 2 2 4 1062 1080 1094 1021
3610 4 2 2 4 1107 1041 1040 1022
3611 4 2 2 4 1107 1040 1041 1047
3612 4 2 2 4 1110 1040 1041 1022
3613 4 2 2 4 1110 1041 1040 1047
3614 4 2 2 4 1095 1026 1094 1020
3615 4 2 2 4 1095 1094 1026 1021
3616 4 2 2 4 1021 1095 1089 1026
3617 4 2 2 4 1089 1095 1021 1062
3618 4 2 2 4 1089 1028 1021 1026
3619 4 2 2 4 1021 1028 1089 1062
3620 4 2 2 4 1106 1046 1040 1009
3621 4 2 2 4 1106 1040 1046 1047
3622 4 2 2 4 1107 1040 1046 1009
3623 4 2 2 4 1107 1046 1040 1047
3624 4 2 2 4 1064 1043 1034 1031
3625 4 2 2 4 1034 1043 1064 1042
3626 4 2 2 4 373 997 481 519
3627 4 2 2 4 373 481 997 1083
3628 4 2 2 4 1115 436 506 534
3629 4 2 2 4 1113 1053 1023 1033
3630 4 2 2 4 1023 618 1113 1033
3631 4 2 2 4 1113 618 1023 1108
3632 4 2 2 4 376 1072 1038 1077
3633 4 2 2 4 1038 1072 376 1076
3634 4 2 2 4 1053 1030 1024 1054
3635 4 2 2 4 1051 1024 1030 1054
3636 4 2 2 4 1051 1030 1024 1059
3637 4 2 2 4 409 1030 1057 1061
3638 4 2 2 4 1057 1030 409 1059
3639 4 2 2 4 1028 1089 1105 1019
3640 4 2 2 4 1105 1089 1028 1029
3641 4 2 2 4 1089 1026 1019 1028
3642 4 2 2 4 1089 1019 1026 1020
3643 4 2 2 4 1004 1019 1026 1028
3644 4 2 2 4 1004 1026 1019 1020
3645 4 2 2 4 1110 1041 1081 1022
3646 4 2 2 4 1110 1081 1041 1024
3647 4 2 2 4 506 1081 1041 1022
3648 4 2 2 4 506 1041 1081 1024
3649 4 2 2 4 1099 570 580 994
3650 4 2 2 4 1099 580 570 581
3651 4 2 2 4 612 1009 623 614
3652 4 2 2 4 612 623 1009 1118
3653 4 2 2 4 1106 623 1009 614
3654 4 2 2 4 1106 1009 623 1118
3655 4 2 2 4 644 1055 629 1119
3656 4 2 2 4 644 629 1055 637
3657 4 2 2 4 1019 1016 1092 1028
3658 4 2 2 4 1019 1092 1016 1090
3659 4 2 2 4 391 1082 1066 470
3660 4 2 2 4 1078 1033 1053 1113
3661 4 2 2 4 1078 1053 1033 1042
3662 4 2 2 4 1115 639 605 1022
3663 4 2 2 4 1115 605 639 641
3664 4 2 2 4 1039 995 391 1048
3665 4 2 2 4 391 995 1039 1066
3666 4 2 2 4 1038 474 548 1012
3667 4 2 2 4 548 474 1038 518
3668 4 2 2 4 380 1008 604 478
3669 4 2 2 4 604 1008 380 1118
3670 4 2 2 4 1079 1036 1121 1109
3671 4 2 2 4 1079 1121 1036 1034
3672 4 2 2 4 544 560 1070 588
3673 4 2 2 4 544 1070 560 519
3674 4 2 2 4 997 1070 560 588
3675 4 2 2 4 997 560 1070 519
3676 4 2 2 4 1034 1033 1065 1042
3677 4 2 2 4 1034 1065 1033 1121
3678 4 2 2 4 1034 1064 509 1042
3679 4 2 2 4 1058 1053 1124 1025
3680 4 2 2 4 1124 1053 1058 1024
3681 4 2 2 4 555 1092 591 999
3682 4 2 2 4 591 1092 555 589
3683 4 2 2 4 1092 1098 591 999
3684 4 2 2 4 591 1098 1092 589
3685 4 2 2 4 1092 1000 1098 999
3686 4 2 2 4 1112 1034 1111 1079
3687 4 2 2 4 1034 404 509 1064
3688 4 2 2 4 1034 509 404 444
3689 4 2 2 4 1096 1001 565 1097
3690 4 2 2 4 565 1001 1096 1088
3691 4 2 2 4 1021 1013 1093 1026
3692 4 2 2 4 1021 1093 1013 1085
3693 4 2 2 4 1102 1093 1013 1026
3694 4 2 2 4 1102 1013 1093 1085
3695 4 2 2 4 1033 1034 1112 1042
3696 4 2 2 4 1112 1034 1033 1111
3697 4 2 2 4 1030 1058 1024 1059
3698 4 2 2 4 1030 1024 1058 1053
3699 4 2 2 4 998 1070 1083 1003
3700 4 2 2 4 586 493 72 597
3701 4 2 2 4 586 72 493 543
3702 4 2 2 4 1092 1028 999 1019
3703 4 2 2 4 1105 999 1028 1019
3704 4 2 2 4 1105 1028 999 1014
3705 4 2 2 4 1046 1118 1008 1009
3706 4 2 2 4 1008 1118 1046 1072
3707 4 2 2 4 1016 1001 1004 1087
3708 4 2 2 4 1016 1004 1001 1005
3709 4 2 2 4 1003 1001 1004 1005
3710 4 2 2 4 1016 1001 1002 1005
3711 4 2 2 4 1016 1001 1015 1002
3712 4 2 2 4 1016 1015 1001 1088
3713 4 2 2 4 1000 1015 1001 1002
3714 4 2 2 4 1000 1001 1015 1088
3715 4 2 2 4 462 1062 527 1029
3716 4 2 2 4 462 527 1062 438
3717 4 2 2 4 1049 527 1062 1029
3718 4 2 2 4 1049 1062 527 438
3719 4 2 2 4 1088 1015 1018 1016
3720 4 2 2 4 1088 1018 1015 1000
3721 4 2 2 4 1018 1015 1092 1016
3722 4 2 2 4 1018 1092 1015 1000
3723 4 2 2 4 1065 1114 1032 1035
3724 4 2 2 4 1032 1011 1065 1035
3725 4 2 2 4 1065 1011 1032 1036
3726 4 2 2 4 1070 998 1075 1003
3727 4 2 2 4 1070 1075 998 382
3728 4 2 2 4 1070 481 519 528
3729 4 2 2 4 1070 519 481 997
3730 4 2 2 4 407 1064 1031 1057
3731 4 2 2 4 407 1031 1064 405
3732 4 2 2 4 1090 1089 568 1019
3733 4 2 2 4 568 1089 1090 569
3734 4 2 2 4 1066 995 1082 391
3735 4 2 2 4 1082 995 1066 998
3736 4 2 2 4 1001 997 1004 1087
3737 4 2 2 4 1001 1004 997 1003
3738 4 2 2 4 1095 1089 568 577
3739 4 2 2 4 1095 568 1089 1020
3740 4 2 2 4 571 1095 568 577
3741 4 2 2 4 571 568 1095 1020
3742 4 2 2 4 585 1095 571 577
3743 4 2 2 4 1078 1053 1123 1023
3744 4 2 2 4 1078 1123 1053 1025
3745 4 2 2 4 1124 1123 1053 1023
3746 4 2 2 4 1124 1053 1123 1025
3747 4 2 2 4 1030 1053 1043 1054
3748 4 2 2 4 1043 1053 1030 1052
3749 4 2 2 4 1115 1041 506 436
3750 4 2 2 4 506 1041 1115 1022
3751 4 2 2 4 1023 1113 1078 1053
3752 4 2 2 4 1078 1113 1023 1108
3753 4 2 2 4 1092 574 578 1000
3754 4 2 2 4 578 574 1092 589
3755 4 2 2 4 578 1098 1092 1000
3756 4 2 2 4 1092 1098 578 589
3757 4 2 2 4 998 540 481 1070
3758 4 2 2 4 481 540 998 1082
3759 4 2 2 4 481 1083 998 1070
3760 4 2 2 4 998 1083 481 1082
3761 4 2 2 4 1015 512 999 1014
3762 4 2 2 4 999 512 1015 1000
3763 4 2 2 4 1015 1092 999 1000
3764 4 2 2 4 1032 1065 1121 1114
3765 4 2 2 4 1121 1065 1032 1036
3766 4 2 2 4 1121 1109 1032 1114
3767 4 2 2 4 1032 1109 1121 1036
3768 4 2 2 4 1006 998 1007 1066
3769 4 2 2 4 1006 1007 998 1003
3770 4 2 2 4 1075 998 1007 1003
3771 4 2 2 4 998 382 1007 1066
3772 4 2 2 4 1007 382 998 1075
3773 4 2 2 4 1028 999 1016 1092
3774 4 2 2 4 1028 1016 999 1014
3775 4 2 2 4 1015 1016 999 1092
3776 4 2 2 4 1015 999 1016 1014
3777 4 2 2 4 1095 571 1093 585
3778 4 2 2 4 1095 1093 571 1020
3779 4 2 3 5 2241 1835 1921 2240
3780 4 2 3 5 2205 1750 1418 2204
3781 4 2 3 5 896 1270 1271 910
3782 4 2 3 5 2422 2419 2420 2423
3783 4 2 3 5 1990 1987 1675 1986
3784 4 2 3 5 1711 1598 1352 2096
3785 4 2 3 5 1853 2254 2456 2253
3786 4 2 3 5 1846 2258 1429 1670
3787 4 2 3 5 1204 783 782 729
3788 4 2 3 5 1548 1519 1543 1541
3789 4 2 3 5 827 908 872 1253
3790 4 2 3 5 2284 1528 2340 1527
3791 4 2 3 5 1590 1563 2125 1589
3792 4 2 3 5 821 779 672 1231
3793 4 2 3 5 1623 1564 2334 2132
3794 4 2 3 5 1415 1762 2256 1851
3795 4 2 3 5 2535 1273 1264 1343
3796 4 2 3 5 2509 2496 2037 2513
3797 4 2 3 5 2411 110 111 2366
3798 4 2 3 5 1447 1711 1600 1352
3799 4 2 3 5 548 379 2058 518
3800 4 2 3 5 917 1309 960 1299
3801 4 2 3 5 1289 2687 2288 1291
3802 4 2 3 5 2337 2411 111 2366
3803 4 2 3 5 84 2153 2140 1476
3804 4 2 3 5 112 2021 111 650
3805 4 2 3 5 2283 2282 1895 2277
3806 4 2 3 5 2621 1838 1260 1778
3807 4 2 3 5 2097 1726 72 2613
3808 4 2 3 5 808 821 677 1231
3809 4 2 3 5 2494 1131 1381 2560
3810 4 2 3 5 2029 1532 1529 2024
3811 4 2 3 5 1581 1565 2033 1580
3812 4 2 3 5 2089 438 1945 408
3813 4 2 3 5 2021 2337 111 2366
3814 4 2 3 5 2692 1149 1185 1166
3815 4 2 3 5 482 84 2140 374
3816 4 2 3 5 2562 2555 2565 2561
3817 4 2 3 5 2265 2302 2632 1799
3818 4 2 3 5 1325 1226 1470 1227
3819 4 2 3 5 2499 1131 2498 1241
3820 4 2 3 5 2538 2541 2539 2542
3821 4 2 3 5 2337 2021 111 112
3822 4 2 3 5 1450 2057 476 2037
3823 4 2 3 5 2020 1692 1617 2096
3824 4 2 3 5 689 1202 1205 2279
3825 4 2 3 5 1598 1565 1694 2112
3826 4 2 3 5 2530 1314 2596 2529
3827 4 2 3 5 1601 1598 1694 2112
3828 4 2 3 5 2519 2389 2520 2560
3829 4 2 3 5 1697 1601 1712 1694
3830 4 2 3 5 1237 1215 1644 1243
3831 4 2 3 5 1744 2090 1736 2613
3832 4 2 3 5 2610 2212 593 585
3833 4 2 3 5 2172 2102 2321 487
3834 4 2 3 5 2606 2157 2598 556
3835 4 2 3 5 385 513 474 2504
3836 4 2 3 5 2065 2507 1464 2066
3837 4 2 3 5 1590 1344 1563 1587
3838 4 2 3 5 1366 2046 1319 1449
3839 4 2 3 5 134 878 655 877
3840 4 2 3 5 1268 898 122 862
3841 4 2 3 5 569 574 2633 575
3842 4 2 3 5 1268 876 122 898
3843 4 2 3 5 631 2648 606 622
3844 4 2 3 5 134 655 133 877
3845 4 2 3 5 1305 1283 936 919
3846 4 2 3 5 508 2490 367 454
3847 4 2 3 5 2175 1784 1785 1548
3848 4 2 3 5 2137 2175 2174 2136
3849 4 2 3 5 1432 2163 1154 2162
3850 4 2 3 5 1647 1645 1650 1646
3851 4 2 3 5 1805 1504 1198 773
3852 4 2 3 5 2681 1612 1692 2020
3853 4 2 3 5 2541 1636 2503 2506
3854 4 2 3 5 1663 2441 1688 1666
3855 4 2 3 5 2449 461 2041 2019
3856 4 2 3 5 1201 731 767 1501
3857 4 2 3 5 1248 1226 1271 2145
3858 4 2 3 5 1461 1456 2506 2487
3859 4 2 3 5 1250 1298 1284 952
3860 4 2 3 5 2172 2135 477 2476
3861 4 2 3 5 1461 2487 2506 2502
3862 4 2 3 5 1239 1219 1211 2033
3863 4 2 3 5 2314 1355 1558 1536
3864 4 2 3 5 775 713 1172 714
3865 4 2 3 5 909 128 816 129
3866 4 2 3 5 1679 1963 1995 1960
3867 4 2 3 5 654 1235 1218 143
3868 4 2 3 5 1226 779 672 778
3869 4 2 3 5 666 1253 872 1255
3870 4 2 3 5 1303 830 869 798
3871 4 2 3 5 684 721 1209 683
3872 4 2 3 5 755 841 1284 1285
3873 4 2 3 5 2073 2507 1464 2537
3874 4 2 3 5 2507 2073 1464 2066
3875 4 2 3 5 1682 1684 1993 2693
3876 4 2 3 5 1555 1542 1543 1541
3877 4 2 3 5 2036 1139 2688 2288
3878 4 2 3 5 1467 1468 1475 1471
3879 4 2 3 5 741 742 727 1168
3880 4 2 3 5 1325 1129 1271 2145
3881 4 2 3 5 66 2157 67 582
3882 4 2 3 5 908 827 872 118
3883 4 2 3 5 1651 1662 1653 1661
3884 4 2 3 5 834 922 151 1285
3885 4 2 3 5 2615 1369 2640 2614
3886 4 2 3 5 451 412 1940 462
3887 4 2 3 5 2608 563 562 554
3888 4 2 3 5 1256 1498 879 881
3889 4 2 3 5 2663 2664 2666 628
3890 4 2 3 5 1619 2126 364 114
3891 4 2 3 5 2169 2122 2094 2118
3892 4 2 3 5 610 638 2121 94
3893 4 2 3 5 2198 2196 1418 1749
3894 4 2 3 5 671 1223 1238 144
3895 4 2 3 5 1467 2051 1453 1451
3896 4 2 3 5 838 671 1238 144
3897 4 2 3 5 1382 1753 1743 2201
3898 4 2 3 5 1924 1941 501 2085
3899 4 2 3 5 2487 2486 2495 2489
3900 4 2 3 5 2470 390 389 2463
3901 4 2 3 5 456 515 431 2082
3902 4 2 3 5 780 1221 672 144
3903 4 2 3 5 1356 1413 1574 1730
3904 4 2 3 5 534 506 485 2365
3905 4 2 3 5 2681 2659 2657 1612
3906 4 2 3 5 1707 2692 1166 1149
3907 4 2 3 5 1323 2067 2066 1461
3908 4 2 3 5 561 86 2536 554
3909 4 2 3 5 1131 2499 1350 1241
3910 4 2 3 5 605 2267 640 2649
3911 4 2 3 5 2321 82 487 81
3912 4 2 3 5 1340 2146 1484 1485
3913 4 2 3 5 1422 2005 2462 1363
3914 4 2 3 5 2543 2681 1611 2540
3915 4 2 3 5 1605 1622 2127 2329
3916 4 2 3 5 1730 1575 1723 2401
3917 4 2 3 5 901 882 1328 1343
3918 4 2 3 5 1171 1235 1639 1218
3919 4 2 3 5 2630 2632 2635 2633
3920 4 2 3 5 1724 1726 2613 72
3921 4 2 3 5 2192 2208 70 2419
3922 4 2 3 5 572 2617 2602 2601
3923 4 2 3 5 2568 2210 2403 2151
3924 4 2 3 5 2386 2565 1405 2644
3925 4 2 3 5 1720 1717 1440 2399
3926 4 2 3 5 2231 1773 1361 1863
3927 4 2 3 5 2608 2536 2624 2625
3928 4 2 3 5 1631 2023 2329 2024
3929 4 2 3 5 2205 2199 1418 1752
3930 4 2 3 5 744 1335 1639 1238
3931 4 2 3 5 1563 1585 1604 1587
3932 4 2 3 5 1579 1552 1231 1326
3933 4 2 3 5 863 7 117 902
3934 4 2 3 5 1937 1945 2085 1925
3935 4 2 3 5 1325 1226 1222 1468
3936 4 2 3 5 1612 2681 1692 1949
3937 4 2 3 5 1312 2497 2526 1313
3938 4 2 3 5 1698 1634 1659 2481
3939 4 2 3 5 1470 1468 1475 1467
3940 4 2 3 5 1543 1546 1547 1549
3941 4 2 3 5 116 547 2105 2539
3942 4 2 3 5 2109 2659 2662 2664
3943 4 2 3 5 1470 2143 1475 2145
3944 4 2 3 5 2562 2555 2517 2563
3945 4 2 3 5 396 2508 443 2469
3946 4 2 3 5 1300 2692 855 1299
3947 4 2 3 5 803 1164 804 802
3948 4 2 3 5 1652 1601 1157 1600
3949 4 2 3 5 840 1237 1218 760
3950 4 2 3 5 1186 1966 2429 1188
3951 4 2 3 5 2082 456 2174 2136
3952 4 2 3 5 2208 2422 1741 1726
3953 4 2 3 5 1605 2131 2132 2331
3954 4 2 3 5 2145 2534 1475 2533
3955 4 2 3 5 746 1408 745 732
3956 4 2 3 5 2524 1378 2504 1332
3957 4 2 3 5 544 2512 519 2515
3958 4 2 3 5 528 1568 2495 2526
3959 4 2 3 5 1366 2046 1449 2057
3960 4 2 3 5 755 757 1166 756
3961 4 2 3 5 2240 2242 1407 2244
3962 4 2 3 5 1140 1298 2691 1712
3963 4 2 3 5 2399 1717 1440 1363
3964 4 2 3 5 2371 2011 2416 2372
3965 4 2 3 5 893 895 1264 906
3966 4 2 3 5 922 1285 2691 945
3967 4 2 3 5 2534 2143 1475 2533
3968 4 2 3 5 676 1219 1211 679
3969 4 2 3 5 2143 2534 1475 2145
3970 4 2 3 5 1471 1466 1453 1486
3971 4 2 3 5 93 2512 2515 2496
3972 4 2 3 5 1607 2128 2130 1473
3973 4 2 3 5 911 811 899 120
3974 4 2 3 5 1910 1892 1909 2180
3975 4 2 3 5 884 885 883 2622
3976 4 2 3 5 1433 1674 1675 2327
3977 4 2 3 5 896 1270 136 870
3978 4 2 3 5 2256 1842 1845 1761
3979 4 2 3 5 761 1179 2473 2233
3980 4 2 3 5 733 1191 699 697
3981 4 2 3 5 1623 1605 2125 2132
3982 4 2 3 5 2497 2523 2504 2524
3983 4 2 3 5 1570 1367 2514 2556
3984 4 2 3 5 1754 1851 1738 1385
3985 4 2 3 5 596 84 2154 2627
3986 4 2 3 5 1634 2168 2167 1635
3987 4 2 3 5 796 942 916 1286
3988 4 2 3 5 2263 1411 2304 1262
3989 4 2 3 5 1937 2089 2085 1945
3990 4 2 3 5 957 918 149 664
3991 4 2 3 5 1248 874 864 146
3992 4 2 3 5 1523 1912 1808 1613
3993 4 2 3 5 1748 1386 1765 1771
3994 4 2 3 5 2314 1258 1558 2318
3995 4 2 3 5 796 665 916 166
3996 4 2 3 5 2305 2304 1251 1262
3997 4 2 3 5 1466 1458 1453 1486
3998 4 2 3 5 1389 2377 2381 2425
3999 4 2 3 5 1271 1129 1328 2145
4000 4 2 3 5 1226 145 146 778
4001 4 2 3 5 2164 2163 2165 1975
4002 4 2 3 5 1718 2371 1719 2370
4003 4 2 3 5 1871 1632 2338 2336
4004 4 2 3 5 2071 1655 1595 2070
4005 4 2 3 5 1740 2194 1714 1738
4006 4 2 3 5 1235 654 838 143
4007 4 2 3 5 2299 1933 1803 1929
4008 4 2 3 5 2227 2296 2288 1291
4009 4 2 3 5 95 2167 2092 2118
4010 4 2 3 5 1267 1280 1418 2198
4011 4 2 3 5 1966 1952 1965 2428
4012 4 2 3 5 2423 2097 2211 2611
4013 4 2 3 5 1316 1223 1330 2498
4014 4 2 3 5 1458 1466 1471 1486
4015 4 2 3 5 1138 1292 1283 1291
4016 4 2 3 5 1641 1237 760 1218
4017 4 2 3 5 1941 2087 2085 1925
4018 4 2 3 5 1400 1960 1975 1683
4019 4 2 3 5 1917 2283 1512 1525
4020 4 2 3 5 126 125 903 833
4021 4 2 3 5 1276 1509 1497 1278
4022 4 2 3 5 1393 1933 1803 1932
4023 4 2 3 5 1267 823 1200 1280
4024 4 2 3 5 484 455 2174 542
4025 4 2 3 5 2304 1509 1412 1497
4026 4 2 3 5 1159 1307 1145 2436
4027 4 2 3 5 1509 2304 1276 1497
4028 4 2 3 5 1278 1234 1497 1277
4029 4 2 3 5 1597 1664 2118 1666
4030 4 2 3 5 858 673 1247 829
4031 4 2 3 5 1309 1281 1299 1310
4032 4 2 3 5 745 767 1189 1501
4033 4 2 3 5 2082 2126 2174 542
4034 4 2 3 5 2375 1720 1370 2376
4035 4 2 3 5 1987 1671 1675 1986
4036 4 2 3 5 2065 522 375 88
4037 4 2 3 5 1847 1393 1927 1803
4038 4 2 3 5 1234 1278 1497 1412
4039 4 2 3 5 2687 1289 930 1291
4040 4 2 3 5 792 728 791 1310
4041 4 2 3 5 940 957 945 1284
4042 4 2 3 5 138 137 910 828
4043 4 2 3 5 2174 436 2365 2138
4044 4 2 3 5 467 1788 523 450
4045 4 2 3 5 1709 1708 1661 1710
4046 4 2 3 5 1900 1809 1507 1901
4047 4 2 3 5 1851 1415 1866 2196
4048 4 2 3 5 1935 1809 1507 1903
4049 4 2 3 5 1998 2010 2355 2359
4050 4 2 3 5 2337 1871 2338 2336
4051 4 2 3 5 1239 2033 1211 815
4052 4 2 3 5 1981 1875 1530 1918
4053 4 2 3 5 1695 1884 1993 1982
4054 4 2 3 5 757 841 1285 834
4055 4 2 3 5 2497 387 2002 386
4056 4 2 3 5 1579 1221 2068 2048
4057 4 2 3 5 504 106 2223 2343
4058 4 2 3 5 673 858 954 147
4059 4 2 3 5 697 1191 699 2217
4060 4 2 3 5 1213 1225 1231 780
4061 4 2 3 5 2082 1531 431 426
4062 4 2 3 5 588 2564 2601 2624
4063 4 2 3 5 781 775 1210 756
4064 4 2 3 5 702 1184 1188 701
4065 4 2 3 5 810 735 683 2026
4066 4 2 3 5 2317 1522 2634 80
4067 4 2 3 5 1203 824 771 718
4068 4 2 3 5 2481 2497 2002 386
4069 4 2 3 5 700 1184 1196 765
4070 4 2 3 5 2337 2335 112 111
4071 4 2 3 5 667 896 828 1270
4072 4 2 3 5 1248 874 901 910
4073 4 2 3 5 886 1389 2381 897
4074 4 2 3 5 2087 1941 2085 2088
4075 4 2 3 5 918 664 1284 795
4076 4 2 3 5 1713 2208 1741 2194
4077 4 2 3 5 2630 555 591 2634
4078 4 2 3 5 389 2481 2463 386
4079 4 2 3 5 2047 2049 1326 2050
4080 4 2 3 5 686 684 1183 685
4081 4 2 3 5 2463 2474 388 391
4082 4 2 3 5 1320 1454 1486 1471
4083 4 2 3 5 863 777 146 1249
4084 4 2 3 5 1935 1847 1931 1803
4085 4 2 3 5 445 461 2449 2019
4086 4 2 3 5 1186 731 703 701
4087 4 2 3 5 2391 2375 1440 2388
4088 4 2 3 5 1965 1849 1903 2428
4089 4 2 3 5 449 2003 1787 360
4090 4 2 3 5 2457 2459 2460 444
4091 4 2 3 5 555 2630 2632 2634
4092 4 2 3 5 449 1787 2015 395
4093 4 2 3 5 2452 1902 1931 1901
4094 4 2 3 5 2508 2586 443 2469
4095 4 2 3 5 1230 1324 1326 2052
4096 4 2 3 5 1937 2089 2254 1831
4097 4 2 3 5 1805 693 1806 771
4098 4 2 3 5 1797 2304 1251 2305
4099 4 2 3 5 1394 2042 1812 2300
4100 4 2 3 5 407 1946 408 2450
4101 4 2 3 5 1757 1755 1756 2206
4102 4 2 3 5 1655 1642 1595 2070
4103 4 2 3 5 665 797 796 1286
4104 4 2 3 5 1566 1981 1694 1567
4105 4 2 3 5 1884 2437 1993 1982
4106 4 2 3 5 1169 1153 734 2203
4107 4 2 3 5 458 2448 419 2099
4108 4 2 3 5 1772 1773 2013 1771
4109 4 2 3 5 422 2135 2103 424
4110 4 2 3 5 1197 1147 1883 2436
4111 4 2 3 5 2111 2020 1617 2096
4112 4 2 3 5 2098 2099 2184 1518
4113 4 2 3 5 484 2126 2174 2329
4114 4 2 3 5 1631 1622 2329 1549
4115 4 2 3 5 139 920 948 8
4116 4 2 3 5 797 832 798 1303
4117 4 2 3 5 420 422 421 2184
4118 4 2 3 5 1935 1847 1832 1931
4119 4 2 3 5 1784 2183 2184 2138
4120 4 2 3 5 2139 2038 2037 520
4121 4 2 3 5 875 904 912 1165
4122 4 2 3 5 1252 1267 2209 2207
4123 4 2 3 5 1247 1250 1306 1233
4124 4 2 3 5 1133 1254 1262 1269
4125 4 2 3 5 158 955 921 817
4126 4 2 3 5 1822 1824 1823 2305
4127 4 2 3 5 1783 1784 2184 1518
4128 4 2 3 5 1707 1166 1210 1242
4129 4 2 3 5 1551 1583 1584 1606
4130 4 2 3 5 1188 766 701 1192
4131 4 2 3 5 2034 832 1239 868
4132 4 2 3 5 1463 2055 1486 1462
4133 4 2 3 5 1726 2424 2097 2423
4134 4 2 3 5 1422 1384 1440 1363
4135 4 2 3 5 1316 2557 2558 2560
4136 4 2 3 5 1532 1183 1143 1527
4137 4 2 3 5 1652 1162 1137 1298
4138 4 2 3 5 1435 1718 1771 1434
4139 4 2 3 5 642 634 2108 613
4140 4 2 3 5 715 1208 761 712
4141 4 2 3 5 922 834 1300 1285
4142 4 2 3 5 1344 2106 1465 2107
4143 4 2 3 5 2466 2356 1349 1335
4144 4 2 3 5 1149 1285 1166 2691
4145 4 2 3 5 381 368 382 2495
4146 4 2 3 5 2011 2012 2416 2372
4147 4 2 3 5 2099 512 421 439
4148 4 2 3 5 2353 2161 1686 2000
4149 4 2 3 5 2098 422 421 430
4150 4 2 3 5 1463 2080 2081 2077
4151 4 2 3 5 626 637 2653 608
4152 4 2 3 5 2103 1784 2184 2138
4153 4 2 3 5 1597 2095 1655 2074
4154 4 2 3 5 665 165 916 166
4155 4 2 3 5 1847 1927 1832 1931
4156 4 2 3 5 2289 2308 2412 2290
4157 4 2 3 5 1685 1696 1712 2693
4158 4 2 3 5 1171 1158 1643 1651
4159 4 2 3 5 1868 2200 1867 2244
4160 4 2 3 5 1250 918 954 952
4161 4 2 3 5 1427 1177 1154 2162
4162 4 2 3 5 1927 1929 1931 1803
4163 4 2 3 5 865 1228 837 671
4164 4 2 3 5 1186 1201 1931 1841
4165 4 2 3 5 1208 715 719 716
4166 4 2 3 5 1323 1577 1456 1559
4167 4 2 3 5 2494 1312 2529 1311
4168 4 2 3 5 1634 2062 2504 1332
4169 4 2 3 5 2389 2393 1342 1130
4170 4 2 3 5 2241 1836 1868 2248
4171 4 2 3 5 134 878 853 655
4172 4 2 3 5 890 884 1251 1262
4173 4 2 3 5 1155 2034 2033 1554
4174 4 2 3 5 1162 1243 842 754
4175 4 2 3 5 1785 1828 1518 2101
4176 4 2 3 5 1768 1753 1863 2231
4177 4 2 3 5 1349 1208 716 1704
4178 4 2 3 5 478 1619 364 114
4179 4 2 3 5 1674 1444 1850 1883
4180 4 2 3 5 844 1232 782 736
4181 4 2 3 5 1224 1142 2279 1209
4182 4 2 3 5 711 1179 1859 1178
4183 4 2 3 5 2197 2196 1436 1416
4184 4 2 3 5 1210 717 1648 1649
4185 4 2 3 5 400 2234 494 441
4186 4 2 3 5 1491 2150 2629 2151
4187 4 2 3 5 2234 539 494 441
4188 4 2 3 5 1270 880 1271 1256
4189 4 2 3 5 1270 856 831 1469
4190 4 2 3 5 680 1239 1219 679
4191 4 2 3 5 1356 1572 1574 2645
4192 4 2 3 5 889 1279 1252 1409
4193 4 2 3 5 1596 2167 2169 2118
4194 4 2 3 5 1590 1564 2107 1626
4195 4 2 3 5 2003 2367 2156 2160
4196 4 2 3 5 1943 1944 1823 1923
4197 4 2 3 5 1673 1990 1675 1986
4198 4 2 3 5 1750 1748 1749 2204
4199 4 2 3 5 896 1270 880 1271
4200 4 2 3 5 908 906 872 1253
4201 4 2 3 5 2075 2077 1462 2072
4202 4 2 3 5 1391 2388 1381 1390
4203 4 2 3 5 2529 2525 2528 2524
4204 4 2 3 5 2470 469 2483 2481
4205 4 2 3 5 1862 1860 1430 1958
4206 4 2 3 5 1784 1785 1518 2101
4207 4 2 3 5 1783 2101 1518 1516
4208 4 2 3 5 1259 1802 1826 2151
4209 4 2 3 5 1268 1153 2204 1200
4210 4 2 3 5 1833 2239 1835 1834
4211 4 2 3 5 2375 2391 2379 2388
4212 4 2 3 5 1652 1601 1712 1137
4213 4 2 3 5 1685 1140 1712 1982
4214 4 2 3 5 1215 669 842 760
4215 4 2 3 5 2122 2093 2094 2118
4216 4 2 3 5 1173 711 710 1178
4217 4 2 3 5 1232 1302 1304 844
4218 4 2 3 5 928 1294 941 939
4219 4 2 3 5 1711 1709 1662 1447
4220 4 2 3 5 2217 1880 1613 1907
4221 4 2 3 5 1188 1186 703 701
4222 4 2 3 5 1992 1674 1996 2327
4223 4 2 3 5 858 948 954 147
4224 4 2 3 5 2658 620 2660 617
4225 4 2 3 5 535 489 2161 363
4226 4 2 3 5 1346 1626 2074 1617
4227 4 2 3 5 2648 2120 2657 2658
4228 4 2 3 5 610 95 94 2093
4229 4 2 3 5 2510 1570 2511 2557
4230 4 2 3 5 1179 1169 1859 2233
4231 4 2 3 5 2212 2097 2211 597
4232 4 2 3 5 1640 1641 760 1218
4233 4 2 3 5 2263 1411 1789 2262
4234 4 2 3 5 2078 1621 1543 1549
4235 4 2 3 5 86 2513 5 2517
4236 4 2 3 5 1866 2196 2198 1749
4237 4 2 3 5 1449 2055 2083 1462
4238 4 2 3 5 2143 2534 2145 1227
4239 4 2 3 5 881 882 2569 883
4240 4 2 3 5 779 1325 1222 1324
4241 4 2 3 5 2397 2395 2396 1266
4242 4 2 3 5 1125 1499 1277 1164
4243 4 2 3 5 2308 2289 2412 2275
4244 4 2 3 5 1531 1479 1541 2055
4245 4 2 3 5 1248 1226 1249 146
4246 4 2 3 5 2555 64 2561 2515
4247 4 2 3 5 2232 1386 2416 2202
4248 4 2 3 5 1470 1467 1475 2511
4249 4 2 3 5 1406 1777 2607 2602
4250 4 2 3 5 1827 537 2306 366
4251 4 2 3 5 1634 2168 1596 2167
4252 4 2 3 5 1318 2047 2048 1222
4253 4 2 3 5 491 530 371 1971
4254 4 2 3 5 1294 1298 1306 952
4255 4 2 3 5 2356 2499 2061 1650
4256 4 2 3 5 2564 64 1571 2563
4257 4 2 3 5 2525 2060 2494 2498
4258 4 2 3 5 2080 2077 1551 2123
4259 4 2 3 5 811 812 899 120
4260 4 2 3 5 1783 1784 1518 2101
4261 4 2 3 5 1725 1724 2613 1736
4262 4 2 3 5 867 764 1280 661
4263 4 2 3 5 737 748 851 1372
4264 4 2 3 5 2370 2375 2392 2396
4265 4 2 3 5 1377 1481 1321 1556
4266 4 2 3 5 1548 2175 2137 2136
4267 4 2 3 5 1806 1807 1523 1808
4268 4 2 3 5 698 1807 1194 1192
4269 4 2 3 5 1658 2442 1661 1701
4270 4 2 3 5 2486 90 508 367
4271 4 2 3 5 1180 1191 2217 733
4272 4 2 3 5 1283 1180 2219 1296
4273 4 2 3 5 2258 1846 1429 2257
4274 4 2 3 5 737 1349 1240 719
4275 4 2 3 5 2597 1634 1596 2167
4276 4 2 3 5 2468 1426 2469 2237
4277 4 2 3 5 2386 1391 1379 1390
4278 4 2 3 5 2027 1532 2026 1529
4279 4 2 3 5 1737 1724 1839 2193
4280 4 2 3 5 2391 2369 2390 1381
4281 4 2 3 5 2164 2163 1703 1705
4282 4 2 3 5 709 1846 1178 1859
4283 4 2 3 5 2012 761 2473 2233
4284 4 2 3 5 1554 1534 2026 1529
4285 4 2 3 5 1906 1808 1819 1907
4286 4 2 3 5 1456 2488 2506 2487
4287 4 2 3 5 2527 2530 2495 2487
4288 4 2 3 5 1221 672 1222 1231
4289 4 2 3 5 1285 2691 945 1284
4290 4 2 3 5 2110 1445 2686 1889
4291 4 2 3 5 1303 942 956 674
4292 4 2 3 5 1807 695 696 694
4293 4 2 3 5 1309 819 1310 1299
4294 4 2 3 5 1155 2034 1554 2112
4295 4 2 3 5 849 1246 767 745
4296 4 2 3 5 385 2497 2504 474
4297 4 2 3 5 2568 2401 2394 1264
4298 4 2 3 5 2501 513 2504 376
4299 4 2 3 5 2519 1380 1570 2556
4300 4 2 3 5 1228 1327 1253 1163
4301 4 2 3 5 2545 1586 1585 1344
4302 4 2 3 5 2153 84 482 83
4303 4 2 3 5 1674 1444 2327 2324
4304 4 2 3 5 1791 2306 1516 2585
4305 4 2 3 5 1570 2514 2516 2556
4306 4 2 3 5 1235 143 838 1238
4307 4 2 3 5 874 1248 902 146
4308 4 2 3 5 1533 1554 2026 1529
4309 4 2 3 5 1545 1533 2026 1529
4310 4 2 3 5 840 654 1218 142
4311 4 2 3 5 878 1499 853 655
4312 4 2 3 5 896 137 828 910
4313 4 2 3 5 2353 489 490 371
4314 4 2 3 5 2111 2032 1360 1359
4315 4 2 3 5 1239 680 1219 2026
4316 4 2 3 5 1928 2243 1843 1841
4317 4 2 3 5 2521 2393 2567 1264
4318 4 2 3 5 1522 2317 2310 80
4319 4 2 3 5 1402 2566 1491 1460
4320 4 2 3 5 1633 2665 2668 1624
4321 4 2 3 5 2617 2157 66 582
4322 4 2 3 5 2663 2664 2668 2666
4323 4 2 3 5 1624 1625 2668 1876
4324 4 2 3 5 1177 1704 2162 1427
4325 4 2 3 5 2045 2054 507 454
4326 4 2 3 5 2168 548 483 479
4327 4 2 3 5 1647 1658 1640 1651
4328 4 2 3 5 1505 1411 1790 2300
4329 4 2 3 5 2397 2380 2379 2394
4330 4 2 3 5 2514 1570 1315 1311
4331 4 2 3 5 1463 1547 1341 2052
4332 4 2 3 5 536 374 2546 520
4333 4 2 3 5 2084 2054 2083 2055
4334 4 2 3 5 2599 2603 2633 569
4335 4 2 3 5 1175 706 708 1986
4336 4 2 3 5 1454 1561 2052 1486
4337 4 2 3 5 392 391 2015 395
4338 4 2 3 5 1369 2424 1745 1728
4339 4 2 3 5 484 2131 2126 2329
4340 4 2 3 5 2547 1479 2084 2083
4341 4 2 3 5 2476 2172 1540 529
4342 4 2 3 5 702 700 1184 701
4343 4 2 3 5 1454 2053 2050 1471
4344 4 2 3 5 424 425 426 2136
4345 4 2 3 5 1922 1353 1822 2647
4346 4 2 3 5 1612 2670 1949 1692
4347 4 2 3 5 1358 2128 2134 2176
4348 4 2 3 5 1337 1158 1352 1655
4349 4 2 3 5 2626 2566 1572 1491
4350 4 2 3 5 1261 1133 1269 2247
4351 4 2 3 5 2525 2494 2524 2529
4352 4 2 3 5 1532 1545 2026 1529
4353 4 2 3 5 2308 605 2406 2649
4354 4 2 3 5 1309 1307 1145 1159
4355 4 2 3 5 1627 2573 2578 2572
4356 4 2 3 5 1987 1990 707 1986
4357 4 2 3 5 1334 1653 1595 1655
4358 4 2 3 5 1556 2548 1321 2550
4359 4 2 3 5 1878 1879 2430 2216
4360 4 2 3 5 77 2265 2646 1800
4361 4 2 3 5 1755 1757 1747 1769
4362 4 2 3 5 2208 71 72 2194
4363 4 2 3 5 1781 1770 1723 2425
4364 4 2 3 5 1537 2150 2629 1801
4365 4 2 3 5 1219 1553 1211 2033
4366 4 2 3 5 2159 2386 1379 1390
4367 4 2 3 5 1592 1636 1595 2537
4368 4 2 3 5 1325 1271 1469 828
4369 4 2 3 5 2077 2123 2072 1562
4370 4 2 3 5 713 1174 762 1167
4371 4 2 3 5 2071 1160 1580 1331
4372 4 2 3 5 1640 1158 1352 1337
4373 4 2 3 5 510 2081 454 432
4374 4 2 3 5 1545 1533 1529 2024
4375 4 2 3 5 434 510 432 2081
4376 4 2 3 5 642 2108 2664 613
4377 4 2 3 5 1682 2166 1684 1706
4378 4 2 3 5 1532 1545 1529 2024
4379 4 2 3 5 1496 1500 1495 1538
4380 4 2 3 5 2153 2321 1540 2549
4381 4 2 3 5 1579 1331 1225 1552
4382 4 2 3 5 1652 1696 1242 1712
4383 4 2 3 5 1344 1590 1563 2107
4384 4 2 3 5 1212 1170 1584 1473
4385 4 2 3 5 1272 852 662 800
4386 4 2 3 5 1158 1662 1352 1653
4387 4 2 3 5 1355 1494 1478 1536
4388 4 2 3 5 1917 1919 2293 1898
4389 4 2 3 5 434 510 2081 2079
4390 4 2 3 5 2252 401 2259 2458
4391 4 2 3 5 1235 744 836 1171
4392 4 2 3 5 1250 1162 1284 1298
4393 4 2 3 5 1359 1633 1626 1617
4394 4 2 3 5 2058 513 474 518
4395 4 2 3 5 2106 1344 1563 2107
4396 4 2 3 5 1666 2122 2169 2171
4397 4 2 3 5 763 742 1436 1846
4398 4 2 3 5 2465 1362 2359 2013
4399 4 2 3 5 548 2058 474 518
4400 4 2 3 5 1131 2494 2498 1317
4401 4 2 3 5 2172 361 2321 1540
4402 4 2 3 5 1437 720 749 716
4403 4 2 3 5 841 834 151 1285
4404 4 2 3 5 1298 1652 1712 1137
4405 4 2 3 5 361 2153 2321 1540
4406 4 2 3 5 2371 1718 2368 2370
4407 4 2 3 5 2595 1676 1956 1969
4408 4 2 3 5 2197 2196 1749 1418
4409 4 2 3 5 495 433 496 2467
4410 4 2 3 5 378 475 2496 2037
4411 4 2 3 5 1676 2595 1954 1969
4412 4 2 3 5 1454 2046 1486 1453
4413 4 2 3 5 2406 2308 2407 2412
4414 4 2 3 5 1243 1641 1600 1157
4415 4 2 3 5 1359 2020 1633 1617
4416 4 2 3 5 2689 933 2688 1282
4417 4 2 3 5 1685 1696 1684 1151
4418 4 2 3 5 612 2659 614 623
4419 4 2 3 5 957 150 945 664
4420 4 2 3 5 1994 1173 1974 1432
4421 4 2 3 5 1336 1643 1638 1639
4422 4 2 3 5 1966 1188 1443 2428
4423 4 2 3 5 1610 1626 2107 2074
4424 4 2 3 5 2553 533 460 514
4425 4 2 3 5 2122 2168 2169 2171
4426 4 2 3 5 1388 1750 2204 2418
4427 4 2 3 5 482 447 1540 529
4428 4 2 3 5 1479 2547 2084 1540
4429 4 2 3 5 1391 2389 2388 2393
4430 4 2 3 5 1375 2373 2374 1148
4431 4 2 3 5 2076 1552 1326 1584
4432 4 2 3 5 86 545 5 2513
4433 4 2 3 5 1590 1610 2107 2074
4434 4 2 3 5 2435 1981 1615 1886
4435 4 2 3 5 1583 2076 1584 1604
4436 4 2 3 5 1389 2397 894 1376
4437 4 2 3 5 1844 1186 2255 1965
4438 4 2 3 5 2356 1437 1647 2357
4439 4 2 3 5 2150 1491 2629 1339
4440 4 2 3 5 1441 2399 1721 1370
4441 4 2 3 5 1241 1335 837 1238
4442 4 2 3 5 2208 71 70 2423
4443 4 2 3 5 1858 1861 2202 1749
4444 4 2 3 5 1966 1669 1443 1188
4445 4 2 3 5 1731 2404 1778 2403
4446 4 2 3 5 363 535 483 1699
4447 4 2 3 5 695 723 773 1198
4448 4 2 3 5 845 812 1274 1244
4449 4 2 3 5 845 776 738 1244
4450 4 2 3 5 2561 1391 2565 1368
4451 4 2 3 5 2530 2492 2509 2495
4452 4 2 3 5 1362 2360 2472 2473
4453 4 2 3 5 2478 1426 2480 2237
4454 4 2 3 5 1643 1653 1595 1637
4455 4 2 3 5 363 2168 483 479
4456 4 2 3 5 1180 733 788 787
4457 4 2 3 5 1665 1364 1708 2171
4458 4 2 3 5 2548 2056 2052 1321
4459 4 2 3 5 2487 2492 2495 2491
4460 4 2 3 5 2371 2368 2372 2370
4461 4 2 3 5 935 1307 1309 950
4462 4 2 3 5 809 781 762 1167
4463 4 2 3 5 1610 1590 2107 1626
4464 4 2 3 5 1770 1781 2206 2207
4465 4 2 3 5 732 1408 745 1189
4466 4 2 3 5 515 1619 551 2079
4467 4 2 3 5 2415 2201 1920 2192
4468 4 2 3 5 2392 2369 1244 1372
4469 4 2 3 5 1836 1373 1868 1746
4470 4 2 3 5 2672 2652 2653 2673
4471 4 2 3 5 1391 2389 1381 2388
4472 4 2 3 5 2121 2543 2094 2118
4473 4 2 3 5 1627 2276 2578 2574
4474 4 2 3 5 1186 1201 1965 1931
4475 4 2 3 5 478 1619 551 515
4476 4 2 3 5 1673 1990 1681 1675
4477 4 2 3 5 1917 1912 1525 1512
4478 4 2 3 5 1224 721 782 736
4479 4 2 3 5 624 616 2666 619
4480 4 2 3 5 533 504 2223 2213
4481 4 2 3 5 1933 1393 1930 1932
4482 4 2 3 5 1134 1868 1409 2248
4483 4 2 3 5 2411 2406 2407 2412
4484 4 2 3 5 1316 2557 1317 2558
4485 4 2 3 5 2566 2562 2565 1368
4486 4 2 3 5 1548 1519 1541 2476
4487 4 2 3 5 1547 1463 1341 1551
4488 4 2 3 5 2441 1709 1978 1708
4489 4 2 3 5 800 1278 826 835
4490 4 2 3 5 2261 1133 1813 2260
4491 4 2 3 5 1252 1267 914 892
4492 4 2 3 5 400 401 2259 399
4493 4 2 3 5 438 462 1945 408
4494 4 2 3 5 2402 2210 1778 2404
4495 4 2 3 5 2099 1827 1516 1518
4496 4 2 3 5 1356 1572 1730 1574
4497 4 2 3 5 779 1325 828 778
4498 4 2 3 5 2242 2245 1407 2246
4499 4 2 3 5 885 884 888 2622
4500 4 2 3 5 2067 1323 2066 2072
4501 4 2 3 5 2211 557 593 597
4502 4 2 3 5 2097 2212 2614 2613
4503 4 2 3 5 2180 1804 1812 1803
4504 4 2 3 5 2621 1260 1747 2191
4505 4 2 3 5 2043 2301 2300 1817
4506 4 2 3 5 1764 2415 2421 1414
4507 4 2 3 5 1566 2294 2298 1615
4508 4 2 3 5 1875 2035 2028 2288
4509 4 2 3 5 1872 1871 2286 2340
4510 4 2 3 5 852 900 913 132
4511 4 2 3 5 1391 2389 2393 1342
4512 4 2 3 5 1773 1768 1863 2231
4513 4 2 3 5 1426 1677 1361 2471
4514 4 2 3 5 1787 449 450 395
4515 4 2 3 5 1323 2066 2072 1462
4516 4 2 3 5 2559 1226 2558 1222
4517 4 2 3 5 1142 1224 2028 1209
4518 4 2 3 5 2093 2121 2094 2118
4519 4 2 3 5 2243 1408 1865 1189
4520 4 2 3 5 2659 2109 1612 2681
4521 4 2 3 5 2076 1579 1552 1603
4522 4 2 3 5 1171 1647 1640 1651
4523 4 2 3 5 1581 1214 1644 1216
4524 4 2 3 5 2692 1149 2690 1300
4525 4 2 3 5 1463 1561 1341 1551
4526 4 2 3 5 2166 1151 1684 1448
4527 4 2 3 5 1237 1599 1644 1216
4528 4 2 3 5 1296 937 921 958
4529 4 2 3 5 2453 1946 2450 1945
4530 4 2 3 5 1700 1998 2355 2359
4531 4 2 3 5 2299 2261 1505 2300
4532 4 2 3 5 1935 1847 1926 1832
4533 4 2 3 5 1583 1577 1562 2075
4534 4 2 3 5 2075 2545 1562 1576
4535 4 2 3 5 2245 2240 1407 2244
4536 4 2 3 5 2617 572 582 595
4537 4 2 3 5 2545 1563 1562 1576
4538 4 2 3 5 530 2353 371 1971
4539 4 2 3 5 1740 1752 1867 1714
4540 4 2 3 5 1990 1682 1993 2693
4541 4 2 3 5 1219 1239 1211 679
4542 4 2 3 5 2364 1676 1956 2363
4543 4 2 3 5 1893 1913 1914 1909
4544 4 2 3 5 2545 1563 1585 1562
4545 4 2 3 5 2027 1142 1874 2028
4546 4 2 3 5 2135 1548 2137 2136
4547 4 2 3 5 1818 1206 686 1205
4548 4 2 3 5 1577 2545 1585 1562
4549 4 2 3 5 2610 2212 585 2638
4550 4 2 3 5 2263 1794 2304 1792
4551 4 2 3 5 2562 2566 2563 2522
4552 4 2 3 5 1481 1459 1320 1486
4553 4 2 3 5 1256 1499 1403 1377
4554 4 2 3 5 2234 1737 2194 1738
4555 4 2 3 5 2283 1913 1916 1512
4556 4 2 3 5 1391 1575 1342 2393
4557 4 2 3 5 1477 1535 1541 1556
4558 4 2 3 5 2239 1835 1921 2249
4559 4 2 3 5 2400 1356 1421 2157
4560 4 2 3 5 2264 2263 1823 2305
4561 4 2 3 5 871 125 661 903
4562 4 2 3 5 891 1254 1245 1269
4563 4 2 3 5 2091 2058 2544 1635
4564 4 2 3 5 1378 2523 2489 2524
4565 4 2 3 5 2351 2439 2352 2438
4566 4 2 3 5 1779 1767 1374 2206
4567 4 2 3 5 2617 2601 595 560
4568 4 2 3 5 2347 491 2443 100
4569 4 2 3 5 731 1186 732 1189
4570 4 2 3 5 818 156 949 950
4571 4 2 3 5 1634 2481 483 474
4572 4 2 3 5 526 438 2085 437
4573 4 2 3 5 1133 1254 1505 1262
4574 4 2 3 5 2525 2494 1315 1317
4575 4 2 3 5 1987 1671 1850 1883
4576 4 2 3 5 1678 2347 2443 2348
4577 4 2 3 5 2163 2165 1681 1438
4578 4 2 3 5 1572 2626 1573 1574
4579 4 2 3 5 812 811 899 1255
4580 4 2 3 5 1399 1999 1772 1973
4581 4 2 3 5 1654 1662 1666 1661
4582 4 2 3 5 2166 1711 1691 1693
4583 4 2 3 5 1491 2148 1573 2149
4584 4 2 3 5 2675 2676 2677 2679
4585 4 2 3 5 1990 1682 1681 1675
4586 4 2 3 5 1685 1695 1993 1982
4587 4 2 3 5 711 1173 1179 1178
4588 4 2 3 5 715 1208 1177 716
4589 4 2 3 5 1323 2067 1592 2545
4590 4 2 3 5 2155 2536 584 2154
4591 4 2 3 5 2681 2543 1664 2121
4592 4 2 3 5 469 473 2470 389
4593 4 2 3 5 2654 2362 2676 2679
4594 4 2 3 5 2058 2091 2544 1593
4595 4 2 3 5 1559 1577 1583 2075
4596 4 2 3 5 1921 1395 1813 2584
4597 4 2 3 5 1160 1553 1580 1552
4598 4 2 3 5 2098 2135 477 2172
4599 4 2 3 5 1809 2452 1901 2180
4600 4 2 3 5 2027 1532 1209 2026
4601 4 2 3 5 1155 1581 1214 2112
4602 4 2 3 5 1428 2165 1710 1438
4603 4 2 3 5 1724 73 1736 2238
4604 4 2 3 5 1548 1784 1785 1518
4605 4 2 3 5 2536 554 85 584
4606 4 2 3 5 625 2267 640 648
4607 4 2 3 5 2111 1360 2063 2096
4608 4 2 3 5 2155 2536 85 584
4609 4 2 3 5 112 484 2329 113
4610 4 2 3 5 2157 2617 66 2644
4611 4 2 3 5 1336 1331 1225 2068
4612 4 2 3 5 748 737 739 1241
4613 4 2 3 5 2487 2492 2493 2528
4614 4 2 3 5 2566 2562 2563 2565
4615 4 2 3 5 2512 381 92 377
4616 4 2 3 5 1158 1653 1352 1655
4617 4 2 3 5 1455 2510 2516 1570
4618 4 2 3 5 1579 2047 1326 1231
4619 4 2 3 5 2351 2119 606 2350
4620 4 2 3 5 1349 720 737 739
4621 4 2 3 5 2358 2355 1703 1701
4622 4 2 3 5 2351 632 606 2119
4623 4 2 3 5 1333 1660 1650 2061
4624 4 2 3 5 2172 2549 2173 2476
4625 4 2 3 5 1326 2049 2052 2050
4626 4 2 3 5 2514 2510 2493 1315
4627 4 2 3 5 660 814 1302 844
4628 4 2 3 5 1216 1237 1580 1218
4629 4 2 3 5 2104 1829 1828 2101
4630 4 2 3 5 1377 1164 1321 802
4631 4 2 3 5 2263 2261 1133 1823
4632 4 2 3 5 2148 2521 1573 2149
4633 4 2 3 5 2521 2148 1573 1491
4634 4 2 3 5 2236 398 2259 397
4635 4 2 3 5 602 2617 582 595
4636 4 2 3 5 1939 1941 1938 1936
4637 4 2 3 5 1272 1276 1790 1262
4638 4 2 3 5 2146 2144 1475 1485
4639 4 2 3 5 2649 2667 639 641
4640 4 2 3 5 2570 2553 459 514
4641 4 2 3 5 505 533 2039 2213
4642 4 2 3 5 75 2251 2090 1942
4643 4 2 3 5 2444 1961 1960 1683
4644 4 2 3 5 98 651 2350 606
4645 4 2 3 5 1229 2078 1584 1473
4646 4 2 3 5 506 436 2365 534
4647 4 2 3 5 97 98 2350 606
4648 4 2 3 5 405 445 461 2449
4649 4 2 3 5 2444 1400 1678 1683
4650 4 2 3 5 2628 1490 2629 1339
4651 4 2 3 5 1463 2080 1551 1547
4652 4 2 3 5 2475 1773 2471 1426
4653 4 2 3 5 1564 1563 2116 2125
4654 4 2 3 5 1323 1577 2075 2545
4655 4 2 3 5 2351 97 2350 606
4656 4 2 3 5 1563 1585 1562 2123
4657 4 2 3 5 632 97 2351 606
4658 4 2 3 5 2312 2313 2316 1403
4659 4 2 3 5 2153 82 1494 83
4660 4 2 3 5 1555 1542 1541 1556
4661 4 2 3 5 1261 1133 1262 1269
4662 4 2 3 5 882 895 901 1328
4663 4 2 3 5 2510 1338 2509 2493
4664 4 2 3 5 486 2102 525 2310
4665 4 2 3 5 2155 84 2154 584
4666 4 2 3 5 1783 2100 2182 1516
4667 4 2 3 5 2104 1785 1828 2134
4668 4 2 3 5 1568 1314 2526 2596
4669 4 2 3 5 86 2532 2038 2517
4670 4 2 3 5 618 616 2669 617
4671 4 2 3 5 2442 2164 1701 1705
4672 4 2 3 5 2347 2353 371 98
4673 4 2 3 5 1620 1631 2329 1549
4674 4 2 3 5 1221 143 1225 1238
4675 4 2 3 5 1191 1906 1907 1194
4676 4 2 3 5 110 2366 641 111
4677 4 2 3 5 1559 1132 1560 1453
4678 4 2 3 5 79 2306 80 1793
4679 4 2 3 5 2455 1361 1758 2469
4680 4 2 3 5 1972 1773 1973 2590
4681 4 2 3 5 1443 1669 1969 1850
4682 4 2 3 5 623 614 617 2662
4683 4 2 3 5 2669 2660 617 2662
4684 4 2 3 5 2397 2377 2376 1723
4685 4 2 3 5 1268 823 1200 1267
4686 4 2 3 5 1415 763 1436 1429
4687 4 2 3 5 2368 2369 2372 2392
4688 4 2 3 5 1417 2196 1280 2198
4689 4 2 3 5 767 731 1189 1501
4690 4 2 3 5 616 2669 617 2662
4691 4 2 3 5 2202 1748 2416 2418
4692 4 2 3 5 2212 2612 2638 2614
4693 4 2 3 5 1312 2494 1379 1311
4694 4 2 3 5 2541 1594 1595 2537
4695 4 2 3 5 2406 2366 2649 641
4696 4 2 3 5 1852 1762 1760 1738
4697 4 2 3 5 480 2156 67 2160
4698 4 2 3 5 1224 735 868 2026
4699 4 2 3 5 1292 2687 930 1291
4700 4 2 3 5 1652 1162 1242 1243
4701 4 2 3 5 1658 1640 1651 1447
4702 4 2 3 5 2339 2018 2340 2282
4703 4 2 3 5 791 1987 1196 2436
4704 4 2 3 5 1224 735 736 1232
4705 4 2 3 5 1138 2228 2227 2219
4706 4 2 3 5 1301 1283 937 934
4707 4 2 3 5 2228 1283 1308 1305
4708 4 2 3 5 2444 2326 2446 1961
4709 4 2 3 5 2575 2577 2182 1510
4710 4 2 3 5 2404 2401 1723 2381
4711 4 2 3 5 1267 1279 1280 2198
4712 4 2 3 5 1715 1768 1771 1434
4713 4 2 3 5 2254 2089 2253 1839
4714 4 2 3 5 1636 2541 1595 2537
4715 4 2 3 5 915 898 914 1267
4716 4 2 3 5 2159 1384 2386 1390
4717 4 2 3 5 1798 1794 1797 2305
4718 4 2 3 5 2568 893 2405 883
4719 4 2 3 5 876 1268 663 1274
4720 4 2 3 5 94 2093 2118 2121
4721 4 2 3 5 1465 1586 1595 2537
4722 4 2 3 5 565 592 2616 578
4723 4 2 3 5 580 2610 2609 2211
4724 4 2 3 5 1827 2306 80 366
4725 4 2 3 5 2245 2241 2247 2240
4726 4 2 3 5 82 2317 81 2321
4727 4 2 3 5 2100 1783 2574 1782
4728 4 2 3 5 1217 675 1211 1216
4729 4 2 3 5 1709 1663 1691 1693
4730 4 2 3 5 2540 2681 1611 2107
4731 4 2 3 5 700 698 699 1199
4732 4 2 3 5 1445 2686 1898 1876
4733 4 2 3 5 689 1202 772 729
4734 4 2 3 5 2341 2287 1530 1528
4735 4 2 3 5 1183 1182 1143 1527
4736 4 2 3 5 2268 2650 2407 1628
4737 4 2 3 5 941 920 1247 1297
4738 4 2 3 5 2228 1305 1144 1181
4739 4 2 3 5 1195 788 848 1296
4740 4 2 3 5 1400 1678 1683 1975
4741 4 2 3 5 2032 2341 1534 1874
4742 4 2 3 5 1237 1599 1580 1218
4743 4 2 3 5 1190 809 762 1167
4744 4 2 3 5 1605 1623 2331 2132
4745 4 2 3 5 2089 2450 408 1945
4746 4 2 3 5 2334 1632 2331 2338
4747 4 2 3 5 1731 1730 2403 1778
4748 4 2 3 5 2603 568 2607 567
4749 4 2 3 5 1594 1465 1595 2537
4750 4 2 3 5 1800 2647 1823 1799
4751 4 2 3 5 2452 1506 1901 2180
4752 4 2 3 5 2124 1605 1606 1622
4753 4 2 3 5 1605 2124 1606 1589
4754 4 2 3 5 2671 625 639 624
4755 4 2 3 5 1125 1164 1277 1234
4756 4 2 3 5 665 797 1286 839
4757 4 2 3 5 1603 1345 1584 1604
4758 4 2 3 5 2315 1517 1236 1234
4759 4 2 3 5 1197 1147 1987 1883
4760 4 2 3 5 1873 2287 2297 1525
4761 4 2 3 5 460 461 2041 410
4762 4 2 3 5 1401 1980 2327 1962
4763 4 2 3 5 2194 1740 1754 1738
4764 4 2 3 5 2649 625 639 2671
4765 4 2 3 5 2027 2026 1209 2028
4766 4 2 3 5 2177 2130 1622 1549
4767 4 2 3 5 2123 1589 1604 1551
4768 4 2 3 5 2022 2021 2338 2331
4769 4 2 3 5 1850 1444 2434 1883
4770 4 2 3 5 385 2497 386 384
4771 4 2 3 5 1926 1937 1810 1854
4772 4 2 3 5 112 2021 2332 2331
4773 4 2 3 5 2075 2077 2072 1562
4774 4 2 3 5 2662 616 2666 2664
4775 4 2 3 5 719 1208 1176 776
4776 4 2 3 5 1158 1640 1352 1447
4777 4 2 3 5 2367 1423 1363 2160
4778 4 2 3 5 616 615 2666 2664
4779 4 2 3 5 1597 2543 1664 1591
4780 4 2 3 5 605 2649 639 641
4781 4 2 3 5 1468 1226 1222 1467
4782 4 2 3 5 2391 1371 2395 2393
4783 4 2 3 5 1622 2124 2127 1606
4784 4 2 3 5 2501 90 2489 472
4785 4 2 3 5 97 2168 363 96
4786 4 2 3 5 1235 744 1639 1238
4787 4 2 3 5 2168 363 483 1699
4788 4 2 3 5 2608 2536 554 2624
4789 4 2 3 5 2566 2148 1491 1460
4790 4 2 3 5 2159 480 67 2160
4791 4 2 3 5 1388 1766 1750 2418
4792 4 2 3 5 2404 1731 1723 2401
4793 4 2 3 5 1327 2534 2520 1227
4794 4 2 3 5 2080 1531 2081 2082
4795 4 2 3 5 2518 2562 2517 2522
4796 4 2 3 5 2058 548 1635 2091
4797 4 2 3 5 1691 1709 1710 1978
4798 4 2 3 5 2366 111 650 641
4799 4 2 3 5 1651 1158 1653 1662
4800 4 2 3 5 2562 2518 2517 2556
4801 4 2 3 5 1605 1623 1606 2024
4802 4 2 3 5 893 882 1264 895
4803 4 2 3 5 1719 1766 2418 1765
4804 4 2 3 5 2390 2559 2558 2560
4805 4 2 3 5 2319 1798 1797 2305
4806 4 2 3 5 2422 2419 2421 2420
4807 4 2 3 5 2563 2555 2517 5
4808 4 2 3 5 1490 2604 2624 2608
4809 4 2 3 5 1356 1575 1405 2400
4810 4 2 3 5 2177 2330 2176 2017
4811 4 2 3 5 2656 2652 2653 2655
4812 4 2 3 5 2281 1875 2028 2288
4813 4 2 3 5 1805 1506 2576 1523
4814 4 2 3 5 2543 94 2118 2121
4815 4 2 3 5 1601 1598 2112 1644
4816 4 2 3 5 2315 1412 2316 2303
4817 4 2 3 5 2391 1371 2393 2388
4818 4 2 3 5 1623 1605 1606 1589
4819 4 2 3 5 1959 1957 2590 1972
4820 4 2 3 5 1729 1728 1747 1769
4821 4 2 3 5 1623 1608 1606 2024
4822 4 2 3 5 1422 1384 2552 1390
4823 4 2 3 5 1259 1802 1923 1826
4824 4 2 3 5 766 1186 1188 701
4825 4 2 3 5 1654 1666 2118 2169
4826 4 2 3 5 1762 1415 2256 1761
4827 4 2 3 5 745 731 1189 767
4828 4 2 3 5 1153 743 663 747
4829 4 2 3 5 2654 2672 2673 2679
4830 4 2 3 5 1709 1663 1666 2441
4831 4 2 3 5 1151 2166 1693 1448
4832 4 2 3 5 143 1235 1218 1225
4833 4 2 3 5 1162 1137 1233 1644
4834 4 2 3 5 1362 1208 2361 2473
4835 4 2 3 5 2597 2091 1635 2092
4836 4 2 3 5 2180 2452 1929 1803
4837 4 2 3 5 1930 1410 2260 1934
4838 4 2 3 5 1654 1597 2118 1666
4839 4 2 3 5 1608 1623 1606 1589
4840 4 2 3 5 1618 1664 1617 2074
4841 4 2 3 5 1809 1900 1507 1903
4842 4 2 3 5 477 2172 488 430
4843 4 2 3 5 1655 2095 1352 2074
4844 4 2 3 5 2131 114 113 364
4845 4 2 3 5 1334 2597 1596 1594
4846 4 2 3 5 2095 1597 1664 2074
4847 4 2 3 5 2292 2291 2290 2268
4848 4 2 3 5 761 1208 2473 1179
4849 4 2 3 5 2230 392 466 2480
4850 4 2 3 5 1788 2230 1425 2478
4851 4 2 3 5 1590 1587 2074 1591
4852 4 2 3 5 2464 1660 2002 2008
4853 4 2 3 5 1638 1643 1637 1651
4854 4 2 3 5 64 544 2515 5
4855 4 2 3 5 1366 2492 2509 2493
4856 4 2 3 5 2038 2532 2139 2531
4857 4 2 3 5 671 145 1223 144
4858 4 2 3 5 1312 2497 1313 2552
4859 4 2 3 5 2441 2439 1688 1666
4860 4 2 3 5 1441 2400 2398 1405
4861 4 2 3 5 1863 1860 2589 1758
4862 4 2 3 5 1971 1677 2484 2354
4863 4 2 3 5 2250 1838 1747 2621
4864 4 2 3 5 2126 484 2174 542
4865 4 2 3 5 2342 503 509 1964
4866 4 2 3 5 1426 2231 1361 1758
4867 4 2 3 5 902 863 146 1249
4868 4 2 3 5 2000 2353 2484 2354
4869 4 2 3 5 1719 1720 2370 2376
4870 4 2 3 5 1577 1323 1592 2545
4871 4 2 3 5 1564 2117 2116 2107
4872 4 2 3 5 2077 2123 1562 1551
4873 4 2 3 5 1404 2566 2563 2565
4874 4 2 3 5 2135 2172 2173 2476
4875 4 2 3 5 1346 1610 2074 1626
4876 4 2 3 5 92 93 378 2496
4877 4 2 3 5 1828 1518 2311 2173
4878 4 2 3 5 2524 2523 2495 2526
4879 4 2 3 5 1449 2045 1462 2083
4880 4 2 3 5 864 138 910 828
4881 4 2 3 5 1465 2540 1591 2107
4882 4 2 3 5 2547 2055 2083 1486
4883 4 2 3 5 2006 2464 2008 2061
4884 4 2 3 5 2071 1331 1655 2070
4885 4 2 3 5 819 860 1310 820
4886 4 2 3 5 1978 1691 1683 1975
4887 4 2 3 5 1666 2169 2094 2118
4888 4 2 3 5 436 2137 2138 2174
4889 4 2 3 5 2238 75 2090 1942
4890 4 2 3 5 2553 460 2187 459
4891 4 2 3 5 440 427 2476 477
4892 4 2 3 5 1183 1532 1207 1473
4893 4 2 3 5 1664 1666 2094 2118
4894 4 2 3 5 1715 2421 2383 1767
4895 4 2 3 5 1384 2159 2386 2387
4896 4 2 3 5 1874 2027 1527 2279
4897 4 2 3 5 1814 1890 2572 1892
4898 4 2 3 5 90 2486 91 367
4899 4 2 3 5 2369 1240 1176 1244
4900 4 2 3 5 2281 1142 2279 1220
4901 4 2 3 5 1555 1542 2550 1543
4902 4 2 3 5 1944 2247 1823 2264
4903 4 2 3 5 1933 1930 2260 1934
4904 4 2 3 5 2244 1733 1834 1865
4905 4 2 3 5 2301 1509 2262 2300
4906 4 2 3 5 2208 1726 1741 1725
4907 4 2 3 5 1280 2196 1418 2198
4908 4 2 3 5 2043 1791 2044 1516
4909 4 2 3 5 1621 2078 1606 1549
4910 4 2 3 5 1869 1881 1889 2293
4911 4 2 3 5 1192 1807 1198 696
4912 4 2 3 5 592 596 584 2154
4913 4 2 3 5 1411 2261 2262 2300
4914 4 2 3 5 1175 709 708 706
4915 4 2 3 5 2439 2120 2352 1688
4916 4 2 3 5 382 2497 384 540
4917 4 2 3 5 2389 1371 2393 1130
4918 4 2 3 5 2652 627 2653 626
4919 4 2 3 5 1753 1768 1771 1739
4920 4 2 3 5 429 427 428 2084
4921 4 2 3 5 392 2230 466 395
4922 4 2 3 5 2388 1441 1440 1390
4923 4 2 3 5 748 851 1163 666
4924 4 2 3 5 2285 1897 2289 2290
4925 4 2 3 5 92 475 2491 2496
4926 4 2 3 5 507 448 2083 476
4927 4 2 3 5 392 394 466 2480
4928 4 2 3 5 2412 2308 2309 2290
4929 4 2 3 5 1384 2367 1363 2160
4930 4 2 3 5 1841 1842 2255 1189
4931 4 2 3 5 97 2168 2170 363
4932 4 2 3 5 2475 2479 2015 2462
4933 4 2 3 5 1448 2166 1711 1428
4934 4 2 3 5 1542 1555 2550 1354
4935 4 2 3 5 2058 1634 2504 1332
4936 4 2 3 5 1897 2272 2271 2290
4937 4 2 3 5 2115 115 2106 116
4938 4 2 3 5 2648 2119 622 2657
4939 4 2 3 5 1377 1164 1556 2550
4940 4 2 3 5 2054 453 507 454
4941 4 2 3 5 1586 2545 1592 2537
4942 4 2 3 5 1452 2048 1451 1560
4943 4 2 3 5 2308 2267 2290 2291
4944 4 2 3 5 1351 1656 1658 1661
4945 4 2 3 5 1432 2163 1681 1154
4946 4 2 3 5 1301 1138 1291 2219
4947 4 2 3 5 97 2349 98 2438
4948 4 2 3 5 1687 2353 2440 2354
4949 4 2 3 5 1128 2477 2550 2134
4950 4 2 3 5 1446 1151 1694 1695
4951 4 2 3 5 1888 2328 2434 1962
4952 4 2 3 5 1963 2446 1960 1679
4953 4 2 3 5 1641 1640 1600 1352
4954 4 2 3 5 2174 2335 2329 1620
4955 4 2 3 5 1565 1360 2112 1534
4956 4 2 3 5 1162 1652 1601 1644
4957 4 2 3 5 2540 116 611 2114
4958 4 2 3 5 2543 1594 2118 2542
4959 4 2 3 5 1210 1166 1150 1185
4960 4 2 3 5 2375 1441 2399 1440
4961 4 2 3 5 1309 2436 1145 1310
4962 4 2 3 5 1565 1360 1694 2112
4963 4 2 3 5 1151 1693 1980 1442
4964 4 2 3 5 1179 1999 1152 2233
4965 4 2 3 5 741 742 1168 1436
4966 4 2 3 5 1298 1294 1295 939
4967 4 2 3 5 1641 753 1649 750
4968 4 2 3 5 1987 1147 1310 1993
4969 4 2 3 5 1575 2400 2379 1405
4970 4 2 3 5 1987 1990 793 707
4971 4 2 3 5 720 1171 740 1335
4972 4 2 3 5 2391 2389 2388 1381
4973 4 2 3 5 1941 1939 76 1942
4974 4 2 3 5 437 526 496 1839
4975 4 2 3 5 1926 1925 1936 1810
4976 4 2 3 5 2419 1764 2421 1414
4977 4 2 3 5 1210 1172 1438 1648
4978 4 2 3 5 2244 1417 1867 2195
4979 4 2 3 5 71 1726 72 2097
4980 4 2 3 5 1426 2468 2480 2237
4981 4 2 3 5 887 1499 1497 1498
4982 4 2 3 5 1559 1323 2046 1456
4983 4 2 3 5 1313 519 2158 373
4984 4 2 3 5 2093 2119 2094 2657
4985 4 2 3 5 548 2058 1635 474
4986 4 2 3 5 2168 97 2170 2171
4987 4 2 3 5 95 2091 2092 1635
4988 4 2 3 5 1171 759 1640 749
4989 4 2 3 5 2477 2312 1236 2550
4990 4 2 3 5 1556 1542 2550 1354
4991 4 2 3 5 1904 1901 1905 1523
4992 4 2 3 5 1706 1649 1648 1710
4993 4 2 3 5 1930 1246 2260 1410
4994 4 2 3 5 1322 1488 1487 1475
4995 4 2 3 5 1213 808 677 1231
4996 4 2 3 5 1177 1704 1172 1648
4997 4 2 3 5 704 702 1188 703
4998 4 2 3 5 1746 1252 1409 1747
4999 4 2 3 5 1906 690 692 1205
5000 4 2 3 5 123 823 915 124
5001 4 2 3 5 1275 888 2246 1409
5002 4 2 3 5 752 1649 751 1242
5003 4 2 3 5 1897 2272 2290 2293
5004 4 2 3 5 854 1162 1250 1233
5005 4 2 3 5 2291 2267 2290 2268
5006 4 2 3 5 858 948 147 8
5007 4 2 3 5 830 1303 1297 859
5008 4 2 3 5 1243 753 754 752
5009 4 2 3 5 2289 2308 2290 2291
5010 4 2 3 5 1281 1293 938 2690
5011 4 2 3 5 1721 1722 2376 1716
5012 4 2 3 5 1285 755 1166 1284
5013 4 2 3 5 1243 753 842 754
5014 4 2 3 5 1137 1294 1697 1712
5015 4 2 3 5 770 1846 1859 727
5016 4 2 3 5 1217 653 1225 1211
5017 4 2 3 5 1205 1202 1819 2279
5018 4 2 3 5 1180 1195 1181 2219
5019 4 2 3 5 1184 700 1196 1199
5020 4 2 3 5 1292 930 936 934
5021 4 2 3 5 2411 110 2408 111
5022 4 2 3 5 2412 110 109 2307
5023 4 2 3 5 1871 2018 2282 2340
5024 4 2 3 5 1941 1925 1938 1936
5025 4 2 3 5 2179 414 411 413
5026 4 2 3 5 770 742 1846 727
5027 4 2 3 5 1827 2102 2099 512
5028 4 2 3 5 2289 2291 2290 2271
5029 4 2 3 5 1677 2471 2484 2354
5030 4 2 3 5 2433 105 2427 2225
5031 4 2 3 5 1671 1674 1431 1969
5032 4 2 3 5 2439 2441 2171 1666
5033 4 2 3 5 1671 1674 1969 1850
5034 4 2 3 5 2065 2505 89 2064
5035 4 2 3 5 2089 1937 2254 2450
5036 4 2 3 5 2010 2005 2465 2013
5037 4 2 3 5 1131 1316 2498 1241
5038 4 2 3 5 2529 2524 2495 2526
5039 4 2 3 5 2555 1367 2561 2556
5040 4 2 3 5 2497 383 384 385
5041 4 2 3 5 1391 2519 1342 1368
5042 4 2 3 5 1318 2051 1467 1451
5043 4 2 3 5 1380 2494 1315 1311
5044 4 2 3 5 510 511 2072 2079
5045 4 2 3 5 632 645 622 2119
5046 4 2 3 5 2194 1724 1714 1738
5047 4 2 3 5 1382 1768 1425 2231
5048 4 2 3 5 1640 1171 1639 1218
5049 4 2 3 5 2045 2054 2081 1462
5050 4 2 3 5 1413 1356 2645 2617
5051 4 2 3 5 568 2599 2603 2607
5052 4 2 3 5 2422 2424 1716 1741
5053 4 2 3 5 1597 1334 1594 1595
5054 4 2 3 5 2463 390 388 2474
5055 4 2 3 5 1759 1852 2257 1398
5056 4 2 3 5 1439 2001 2482 2470
5057 4 2 3 5 1950 2678 2352 2348
5058 4 2 3 5 2455 2469 1758 2237
5059 4 2 3 5 550 2508 443 492
5060 4 2 3 5 1643 1171 1639 1640
5061 4 2 3 5 502 1924 1938 1941
5062 4 2 3 5 1890 1814 2180 1892
5063 4 2 3 5 2477 1829 2312 1828
5064 4 2 3 5 2287 2341 2295 1898
5065 4 2 3 5 1177 1437 1704 1648
5066 4 2 3 5 1642 1336 1639 2068
5067 4 2 3 5 2536 2155 1480 1339
5068 4 2 3 5 739 720 740 1335
5069 4 2 3 5 2552 471 481 373
5070 4 2 3 5 1171 744 836 740
5071 4 2 3 5 533 2213 2223 2039
5072 4 2 3 5 1662 1663 1666 1661
5073 4 2 3 5 1531 2133 2476 2084
5074 4 2 3 5 1827 512 2099 439
5075 4 2 3 5 2098 512 525 430
5076 4 2 3 5 1945 1924 2085 1925
5077 4 2 3 5 1586 1585 2070 1582
5078 4 2 3 5 1820 1829 1828 1396
5079 4 2 3 5 2069 1642 1639 2068
5080 4 2 3 5 1612 2670 1616 2668
5081 4 2 3 5 515 2126 542 364
5082 4 2 3 5 1506 2181 2180 1503
5083 4 2 3 5 1904 1506 1901 1523
5084 4 2 3 5 2312 1164 2550 1556
5085 4 2 3 5 1237 1641 760 1243
5086 4 2 3 5 1647 1656 1650 1657
5087 4 2 3 5 1459 2547 1458 1486
5088 4 2 3 5 1656 1646 1650 1659
5089 4 2 3 5 2175 1784 1548 2138
5090 4 2 3 5 2553 2570 2187 2571
5091 4 2 3 5 1848 1935 1832 1931
5092 4 2 3 5 1655 1337 1580 1352
5093 4 2 3 5 2672 621 2676 635
5094 4 2 3 5 2603 2604 567 2602
5095 4 2 3 5 2553 533 514 2223
5096 4 2 3 5 550 2586 2460 443
5097 4 2 3 5 1768 2415 1425 2004
5098 4 2 3 5 68 2378 67 2156
5099 4 2 3 5 1656 1647 1650 1646
5100 4 2 3 5 2323 1954 1969 1984
5101 4 2 3 5 1663 1709 1666 1661
5102 4 2 3 5 444 2459 509 404
5103 4 2 3 5 2648 2120 1949 2352
5104 4 2 3 5 2551 1811 1939 1936
5105 4 2 3 5 2453 1946 2451 2041
5106 4 2 3 5 438 2089 2085 437
5107 4 2 3 5 436 506 2365 2138
5108 4 2 3 5 2527 1378 2502 2489
5109 4 2 3 5 1594 2541 2539 2537
5110 4 2 3 5 2098 2172 477 430
5111 4 2 3 5 1471 1454 1453 2050
5112 4 2 3 5 2167 1596 2092 2118
5113 4 2 3 5 2497 383 2504 2523
5114 4 2 3 5 1709 1663 1662 1661
5115 4 2 3 5 1424 2004 1363 2462
5116 4 2 3 5 1977 1974 1973 2162
5117 4 2 3 5 2062 1634 2504 474
5118 4 2 3 5 1542 1543 2548 2550
5119 4 2 3 5 1490 2604 2605 1776
5120 4 2 3 5 1415 1842 1429 2256
5121 4 2 3 5 392 394 2480 393
5122 4 2 3 5 2523 2489 472 2504
5123 4 2 3 5 2349 2441 1978 2438
5124 4 2 3 5 2001 390 468 2470
5125 4 2 3 5 610 95 2093 652
5126 4 2 3 5 2411 1871 2407 2366
5127 4 2 3 5 2001 1439 2482 2471
5128 4 2 3 5 2010 1998 1348 2485
5129 4 2 3 5 2461 2463 388 391
5130 4 2 3 5 2335 372 484 112
5131 4 2 3 5 1708 2442 1661 1710
5132 4 2 3 5 2179 2573 1782 2572
5133 4 2 3 5 1487 2141 2140 1484
5134 4 2 3 5 2533 2144 2535 2149
5135 4 2 3 5 1751 1739 1767 2421
5136 4 2 3 5 2442 1658 1661 1710
5137 4 2 3 5 2141 1487 2140 1458
5138 4 2 3 5 1742 1752 1387 1756
5139 4 2 3 5 2141 2148 1491 1495
5140 4 2 3 5 1575 1356 2645 1572
5141 4 2 3 5 1424 1787 2004 2015
5142 4 2 3 5 1372 1371 1266 2396
5143 4 2 3 5 2212 553 2613 586
5144 4 2 3 5 1380 2389 1381 1391
5145 4 2 3 5 2523 2497 2526 2524
5146 4 2 3 5 2010 2355 2465 2008
5147 4 2 3 5 1922 2619 2642 2647
5148 4 2 3 5 1179 1974 2361 2473
5149 4 2 3 5 2637 2610 2609 580
5150 4 2 3 5 2619 1836 1943 1837
5151 4 2 3 5 2169 1708 2171 1661
5152 4 2 3 5 105 2224 2213 362
5153 4 2 3 5 589 2630 2633 575
5154 4 2 3 5 1356 1575 1730 1572
5155 4 2 3 5 579 585 553 2612
5156 4 2 3 5 2168 2169 2171 1661
5157 4 2 3 5 82 2153 2321 361
5158 4 2 3 5 1175 708 1190 1986
5159 4 2 3 5 2263 1794 1823 2305
5160 4 2 3 5 708 1190 707 725
5161 4 2 3 5 67 2156 2387 2160
5162 4 2 3 5 567 572 2602 573
5163 4 2 3 5 2564 588 2601 560
5164 4 2 3 5 1764 2192 2419 2421
5165 4 2 3 5 2497 2529 2526 2524
5166 4 2 3 5 1722 1721 2385 1716
5167 4 2 3 5 728 1987 793 707
5168 4 2 3 5 2667 2663 650 2366
5169 4 2 3 5 2486 2490 2487 2491
5170 4 2 3 5 2496 1366 2037 2491
5171 4 2 3 5 1612 2670 2665 2662
5172 4 2 3 5 704 706 1670 1986
5173 4 2 3 5 104 603 644 2426
5174 4 2 3 5 449 391 2015 470
5175 4 2 3 5 425 423 436 2137
5176 4 2 3 5 706 1670 1986 1178
5177 4 2 3 5 1586 2071 1587 1344
5178 4 2 3 5 1450 2045 1449 2083
5179 4 2 3 5 1164 803 804 655
5180 4 2 3 5 1499 1164 804 655
5181 4 2 3 5 1323 1577 1559 2075
5182 4 2 3 5 2120 2658 1949 2657
5183 4 2 3 5 2507 6 547 87
5184 4 2 3 5 1708 2168 2171 1661
5185 4 2 3 5 2126 2131 113 364
5186 4 2 3 5 609 2663 650 628
5187 4 2 3 5 2258 2257 1953 1398
5188 4 2 3 5 1592 2503 2506 1456
5189 4 2 3 5 2336 1632 2338 2331
5190 4 2 3 5 2470 390 468 389
5191 4 2 3 5 2022 2334 2682 2333
5192 4 2 3 5 2128 2056 1543 2550
5193 4 2 3 5 2564 2566 2625 2522
5194 4 2 3 5 2168 1698 2170 1699
5195 4 2 3 5 1422 387 2552 1423
5196 4 2 3 5 2488 2487 2046 2493
5197 4 2 3 5 2648 2350 2352 2677
5198 4 2 3 5 610 645 2657 638
5199 4 2 3 5 1998 1348 2482 2471
5200 4 2 3 5 2452 1809 1507 1931
5201 4 2 3 5 1281 931 1307 935
5202 4 2 3 5 2062 1312 2494 2061
5203 4 2 3 5 855 809 1185 758
5204 4 2 3 5 1833 1831 1834 1760
5205 4 2 3 5 1994 1974 1178 1989
5206 4 2 3 5 807 1230 802 806
5207 4 2 3 5 702 704 1671 705
5208 4 2 3 5 2152 2313 2316 2312
5209 4 2 3 5 704 702 1671 1669
5210 4 2 3 5 1926 1831 1855 1832
5211 4 2 3 5 1829 2477 2312 1830
5212 4 2 3 5 856 825 806 1469
5213 4 2 3 5 1219 678 1212 681
5214 4 2 3 5 869 2033 815 1216
5215 4 2 3 5 653 676 677 1211
5216 4 2 3 5 2334 2332 2331 2132
5217 4 2 3 5 2426 104 105 644
5218 4 2 3 5 1807 1192 1613 1194
5219 4 2 3 5 735 1224 736 721
5220 4 2 3 5 838 143 144 1238
5221 4 2 3 5 1581 1155 2033 1565
5222 4 2 3 5 1219 678 1211 1212
5223 4 2 3 5 148 673 954 147
5224 4 2 3 5 722 1195 2217 789
5225 4 2 3 5 1216 675 815 670
5226 4 2 3 5 627 629 2653 626
5227 4 2 3 5 2313 2314 2316 1403
5228 4 2 3 5 1216 1217 1580 1211
5229 4 2 3 5 1184 698 1199 1192
5230 4 2 3 5 1572 2626 1574 2645
5231 4 2 3 5 1194 1906 694 769
5232 4 2 3 5 700 698 1199 1184
5233 4 2 3 5 869 1216 815 670
5234 4 2 3 5 2437 1993 1145 2436
5235 4 2 3 5 722 1195 1196 2217
5236 4 2 3 5 1908 1193 1879 2216
5237 4 2 3 5 1410 1133 1269 1505
5238 4 2 3 5 1935 1926 1848 1832
5239 4 2 3 5 2168 1665 1646 1661
5240 4 2 3 5 1665 2168 1708 1661
5241 4 2 3 5 1361 1426 1758 2469
5242 4 2 3 5 1250 854 1247 673
5243 4 2 3 5 877 900 1277 133
5244 4 2 3 5 1179 1399 1859 1958
5245 4 2 3 5 1988 2258 1989 1431
5246 4 2 3 5 931 1289 1291 930
5247 4 2 3 5 1276 1278 1497 1277
5248 4 2 3 5 961 917 960 1299
5249 4 2 3 5 731 1186 703 732
5250 4 2 3 5 1234 1278 826 1277
5251 4 2 3 5 1192 1807 1613 1523
5252 4 2 3 5 1901 1506 1198 1523
5253 4 2 3 5 2197 1168 1436 1200
5254 4 2 3 5 159 955 817 657
5255 4 2 3 5 722 2217 699 789
5256 4 2 3 5 1193 1908 1901 1523
5257 4 2 3 5 1251 2304 1497 1262
5258 4 2 3 5 2299 2261 2042 1813
5259 4 2 3 5 728 1987 705 765
5260 4 2 3 5 1175 1190 1673 1986
5261 4 2 3 5 653 1213 1225 1211
5262 4 2 3 5 143 1221 1225 780
5263 4 2 3 5 1338 1366 2509 2493
5264 4 2 3 5 908 827 1249 1253
5265 4 2 3 5 704 1671 705 1986
5266 4 2 3 5 1170 1212 1326 1231
5267 4 2 3 5 1214 1136 1644 1297
5268 4 2 3 5 150 957 149 664
5269 4 2 3 5 706 705 707 1986
5270 4 2 3 5 940 1298 1284 2691
5271 4 2 3 5 1235 654 836 744
5272 4 2 3 5 1682 1990 1993 1675
5273 4 2 3 5 1974 1999 2472 2473
5274 4 2 3 5 1418 1267 2204 1200
5275 4 2 3 5 706 704 705 1986
5276 4 2 3 5 843 805 1517 835
5277 4 2 3 5 2258 1669 1672 1431
5278 4 2 3 5 1669 2258 1672 1670
5279 4 2 3 5 2260 2247 1813 1934
5280 4 2 3 5 1960 1961 1962 1683
5281 4 2 3 5 668 158 921 817
5282 4 2 3 5 896 137 136 667
5283 4 2 3 5 2058 376 2505 2504
5284 4 2 3 5 1517 803 1236 1234
5285 4 2 3 5 1195 2218 1181 2219
5286 4 2 3 5 955 1296 817 657
5287 4 2 3 5 693 1906 690 692
5288 4 2 3 5 788 1296 817 848
5289 4 2 3 5 1296 788 817 657
5290 4 2 3 5 920 956 168 859
5291 4 2 3 5 1961 1950 1962 1683
5292 4 2 3 5 451 356 527 1938
5293 4 2 3 5 1254 1272 1790 1262
5294 4 2 3 5 8 920 168 859
5295 4 2 3 5 1510 2575 2576 2182
5296 4 2 3 5 1996 1960 1962 1683
5297 4 2 3 5 1979 1996 1962 1683
5298 4 2 3 5 1688 1689 1690 1683
5299 4 2 3 5 1456 2488 2487 2046
5300 4 2 3 5 1689 1691 1690 1683
5301 4 2 3 5 1800 1789 1799 1823
5302 4 2 3 5 1234 1164 1236 2312
5303 4 2 3 5 1325 1226 778 779
5304 4 2 3 5 1499 1125 1403 1164
5305 4 2 3 5 1691 1689 1688 1683
5306 4 2 3 5 2389 2519 1380 2560
5307 4 2 3 5 1318 2048 1451 2558
5308 4 2 3 5 676 678 1211 1219
5309 4 2 3 5 925 926 1286 916
5310 4 2 3 5 2296 2113 1982 1694
5311 4 2 3 5 1256 880 879 870
5312 4 2 3 5 920 1303 1297 947
5313 4 2 3 5 359 2581 2583 2307
5314 4 2 3 5 797 832 1303 2034
5315 4 2 3 5 1783 2100 2574 2582
5316 4 2 3 5 1454 1320 1486 2053
5317 4 2 3 5 2113 2296 1567 1694
5318 4 2 3 5 1468 1325 1472 1324
5319 4 2 3 5 1710 2165 1705 1438
5320 4 2 3 5 779 1324 1222 1231
5321 4 2 3 5 1816 2100 2182 2189
5322 4 2 3 5 139 829 1247 1233
5323 4 2 3 5 1259 884 1251 881
5324 4 2 3 5 1237 1215 141 1216
5325 4 2 3 5 884 1259 1357 881
5326 4 2 3 5 1317 2557 1451 2558
5327 4 2 3 5 1718 1435 1383 2368
5328 4 2 3 5 897 1389 2381 2425
5329 4 2 3 5 1153 743 747 734
5330 4 2 3 5 1257 882 1343 2569
5331 4 2 3 5 1750 1418 2204 1749
5332 4 2 3 5 906 1273 1264 1266
5333 4 2 3 5 1753 1739 1771 1861
5334 4 2 3 5 2241 2245 2247 2248
5335 4 2 3 5 1492 1357 1500 2569
5336 4 2 3 5 2369 1241 1163 2390
5337 4 2 3 5 2165 2163 1705 1438
5338 4 2 3 5 1455 2510 2531 2516
5339 4 2 3 5 904 912 1165 1275
5340 4 2 3 5 1802 2319 1126 2318
5341 4 2 3 5 1492 1500 2149 2569
5342 4 2 3 5 1257 1256 1258 1558
5343 4 2 3 5 1985 2323 1984 1953
5344 4 2 3 5 1757 1755 2206 1769
5345 4 2 3 5 823 915 124 661
5346 4 2 3 5 1811 1921 1934 1813
5347 4 2 3 5 909 891 1245 875
5348 4 2 3 5 766 731 767 1201
5349 4 2 3 5 462 1924 1938 527
5350 4 2 3 5 1779 1781 1769 2376
5351 4 2 3 5 1137 1162 1233 1306
5352 4 2 3 5 1172 717 716 1648
5353 4 2 3 5 832 1239 815 869
5354 4 2 3 5 2165 2164 1710 1705
5355 4 2 3 5 1643 1158 1337 1655
5356 4 2 3 5 940 1298 939 952
5357 4 2 3 5 871 915 914 1267
5358 4 2 3 5 1215 669 1233 842
5359 4 2 3 5 2163 2164 2165 1705
5360 4 2 3 5 1279 1252 1267 914
5361 4 2 3 5 1144 2689 1135 1302
5362 4 2 3 5 924 1304 925 923
5363 4 2 3 5 929 931 930 1289
5364 4 2 3 5 1307 1301 934 1291
5365 4 2 3 5 1279 889 1252 914
5366 4 2 3 5 1886 1981 1615 1918
5367 4 2 3 5 1959 1988 1995 1679
5368 4 2 3 5 2399 2421 2420 1767
5369 4 2 3 5 2228 1292 1308 1283
5370 4 2 3 5 1191 1180 787 733
5371 4 2 3 5 1235 1336 1225 2068
5372 4 2 3 5 2605 1825 1776 2635
5373 4 2 3 5 1575 2521 1342 2393
5374 4 2 3 5 1750 1766 1765 2418
5375 4 2 3 5 592 2608 2616 2154
5376 4 2 3 5 858 139 948 8
5377 4 2 3 5 889 1279 904 903
5378 4 2 3 5 1279 889 871 903
5379 4 2 3 5 830 1303 859 674
5380 4 2 3 5 1283 1301 937 1296
5381 4 2 3 5 2399 2421 2383 2420
5382 4 2 3 5 1292 930 934 1291
5383 4 2 3 5 918 940 1284 957
5384 4 2 3 5 1764 2419 2420 1414
5385 4 2 3 5 829 139 140 1233
5386 4 2 3 5 1601 1162 1644 1137
5387 4 2 3 5 1663 1709 1662 1711
5388 4 2 3 5 1644 1137 1233 1306
5389 4 2 3 5 897 1419 892 914
5390 4 2 3 5 1419 1267 892 914
5391 4 2 3 5 858 139 1247 948
5392 4 2 3 5 772 721 2279 1209
5393 4 2 3 5 2389 2390 2560 1381
5394 4 2 3 5 2519 1380 2560 1570
5395 4 2 3 5 1331 1336 1655 2070
5396 4 2 3 5 1427 2163 1705 1703
5397 4 2 3 5 2164 1976 1701 1705
5398 4 2 3 5 2353 530 490 2000
5399 4 2 3 5 2146 1340 1484 1474
5400 4 2 3 5 1349 720 739 1335
5401 4 2 3 5 1303 832 798 869
5402 4 2 3 5 1213 1552 1225 1211
5403 4 2 3 5 361 2153 1540 482
5404 4 2 3 5 898 1419 897 914
5405 4 2 3 5 1419 898 1267 914
5406 4 2 3 5 1620 2329 2127 1549
5407 4 2 3 5 2687 933 927 2688
5408 4 2 3 5 2304 1412 2316 1797
5409 4 2 3 5 1784 2103 2184 1518
5410 4 2 3 5 779 825 1469 1230
5411 4 2 3 5 698 697 1194 696
5412 4 2 3 5 1415 1851 1436 2196
5413 4 2 3 5 1144 2281 1220 1135
5414 4 2 3 5 2181 1506 1909 2576
5415 4 2 3 5 1186 1841 2255 1189
5416 4 2 3 5 2150 1825 1801 2151
5417 4 2 3 5 1280 764 833 661
5418 4 2 3 5 1304 933 925 923
5419 4 2 3 5 1485 1496 1500 1495
5420 4 2 3 5 2032 2341 2340 2030
5421 4 2 3 5 723 1502 773 1198
5422 4 2 3 5 1294 2113 2112 1697
5423 4 2 3 5 676 653 675 1211
5424 4 2 3 5 1282 933 925 1304
5425 4 2 3 5 1489 1488 1495 2149
5426 4 2 3 5 1306 1247 1233 1297
5427 4 2 3 5 2211 2609 1727 2611
5428 4 2 3 5 1981 1567 1141 2035
5429 4 2 3 5 1331 1160 1580 1552
5430 4 2 3 5 2527 1378 2524 2502
5431 4 2 3 5 121 812 120 899
5432 4 2 3 5 2423 2211 1727 2611
5433 4 2 3 5 2566 1402 1491 2625
5434 4 2 3 5 2568 2569 2151 1573
5435 4 2 3 5 2069 1638 1639 1642
5436 4 2 3 5 797 1303 1286 2034
5437 4 2 3 5 1532 1545 1209 2026
5438 4 2 3 5 1662 1654 1653 1661
5439 4 2 3 5 1136 1303 1286 1287
5440 4 2 3 5 2357 2356 2008 1657
5441 4 2 3 5 827 863 908 1249
5442 4 2 3 5 66 2617 602 1571
5443 4 2 3 5 1379 2159 2552 2158
5444 4 2 3 5 2144 1129 2146 2145
5445 4 2 3 5 864 1248 146 778
5446 4 2 3 5 1248 1226 146 778
5447 4 2 3 5 2687 1292 930 936
5448 4 2 3 5 513 2501 2504 472
5449 4 2 3 5 486 2310 81 80
5450 4 2 3 5 2152 2312 2316 1795
5451 4 2 3 5 1265 2568 1573 2401
5452 4 2 3 5 2568 2210 2569 883
5453 4 2 3 5 2621 2250 1409 2191
5454 4 2 3 5 1269 891 888 912
5455 4 2 3 5 831 1256 804 853
5456 4 2 3 5 1479 2549 2476 1541
5457 4 2 3 5 2102 2172 525 487
5458 4 2 3 5 933 2687 930 936
5459 4 2 3 5 1257 2146 1340 1485
5460 4 2 3 5 1138 2228 1292 1291
5461 4 2 3 5 1886 2218 1918 1146
5462 4 2 3 5 1885 1919 2226 1898
5463 4 2 3 5 2218 1195 2436 2219
5464 4 2 3 5 1808 1525 1819 1907
5465 4 2 3 5 1534 2027 2028 2026
5466 4 2 3 5 1915 1204 1181 1918
5467 4 2 3 5 1305 951 959 919
5468 4 2 3 5 1305 786 861 822
5469 4 2 3 5 1601 1652 1712 1694
5470 4 2 3 5 1287 2036 1288 2688
5471 4 2 3 5 1304 924 925 1286
5472 4 2 3 5 1283 937 936 919
5473 4 2 3 5 1534 1554 2028 2035
5474 4 2 3 5 1237 1216 142 1218
5475 4 2 3 5 814 1302 1304 923
5476 4 2 3 5 832 810 1239 868
5477 4 2 3 5 2296 1289 1291 1982
5478 4 2 3 5 2060 2062 1332 2524
5479 4 2 3 5 1347 2060 2500 1332
5480 4 2 3 5 381 382 2526 2495
5481 4 2 3 5 85 2139 2140 520
5482 4 2 3 5 933 1292 2687 936
5483 4 2 3 5 2109 2665 1624 2682
5484 4 2 3 5 1132 2051 1453 2050
5485 4 2 3 5 2057 1450 1449 2037
5486 4 2 3 5 863 902 908 1249
5487 4 2 3 5 2113 2036 2035 2288
5488 4 2 3 5 2486 2487 2502 2489
5489 4 2 3 5 1616 2652 2673 2656
5490 4 2 3 5 566 568 2603 567
5491 4 2 3 5 1305 2228 1144 1308
5492 4 2 3 5 2490 1461 2066 2064
5493 4 2 3 5 2687 933 2689 1308
5494 4 2 3 5 1303 920 956 947
5495 4 2 3 5 1170 801 1229 681
5496 4 2 3 5 1804 2299 1803 1929
5497 4 2 3 5 380 2073 1576 2105
5498 4 2 3 5 2490 2486 1461 2064
5499 4 2 3 5 1587 1585 1604 1602
5500 4 2 3 5 139 920 8 859
5501 4 2 3 5 1579 2047 1329 1560
5502 4 2 3 5 2149 2567 1573 2569
5503 4 2 3 5 2395 2375 1370 2376
5504 4 2 3 5 704 763 1429 1846
5505 4 2 3 5 493 71 2194 72
5506 4 2 3 5 2212 2097 72 2613
5507 4 2 3 5 1434 1717 2383 1363
5508 4 2 3 5 1131 1316 2494 1317
5509 4 2 3 5 2390 1241 2560 1381
5510 4 2 3 5 1468 1474 1475 1471
5511 4 2 3 5 86 2532 2139 2038
5512 4 2 3 5 1729 1127 1731 1730
5513 4 2 3 5 2400 1441 2379 1405
5514 4 2 3 5 2157 2617 2644 2645
5515 4 2 3 5 2629 2628 1339 1495
5516 4 2 3 5 2393 2391 2379 2395
5517 4 2 3 5 2211 2423 1727 2609
5518 4 2 3 5 2564 588 560 64
5519 4 2 3 5 942 1303 956 947
5520 4 2 3 5 2628 2608 2154 2616
5521 4 2 3 5 600 578 591 2631
5522 4 2 3 5 1303 942 926 947
5523 4 2 3 5 2415 1764 1774 1414
5524 4 2 3 5 2004 1434 2383 1363
5525 4 2 3 5 2637 570 571 580
5526 4 2 3 5 1130 1327 1253 1273
5527 4 2 3 5 1729 2402 2425 1747
5528 4 2 3 5 2494 1380 1379 1311
5529 4 2 3 5 2645 2617 2644 1571
5530 4 2 3 5 592 2608 563 565
5531 4 2 3 5 2566 1575 2645 1572
5532 4 2 3 5 2463 2461 2015 391
5533 4 2 3 5 1364 2442 1701 1708
5534 4 2 3 5 1734 1762 1760 2195
5535 4 2 3 5 2000 2001 2482 2471
5536 4 2 3 5 1717 1715 2383 1767
5537 4 2 3 5 2424 2423 1727 2611
5538 4 2 3 5 2005 2009 2465 2013
5539 4 2 3 5 1779 1767 1716 1374
5540 4 2 3 5 400 398 399 2259
5541 4 2 3 5 2424 1775 1727 2423
5542 4 2 3 5 2485 2010 2462 2002
5543 4 2 3 5 2369 2007 2368 1240
5544 4 2 3 5 719 1240 738 1176
5545 4 2 3 5 715 1177 714 716
5546 4 2 3 5 1663 1689 1691 1693
5547 4 2 3 5 2617 66 602 582
5548 4 2 3 5 440 488 2476 529
5549 4 2 3 5 1481 1472 1320 1471
5550 4 2 3 5 143 1221 780 144
5551 4 2 3 5 2046 2045 1449 2057
5552 4 2 3 5 1798 1794 1397 1797
5553 4 2 3 5 2047 1318 1324 1222
5554 4 2 3 5 1753 1754 1863 1738
5555 4 2 3 5 1355 2314 1558 1538
5556 4 2 3 5 2146 1474 1475 2145
5557 4 2 3 5 1459 1320 1486 1471
5558 4 2 3 5 910 1270 1271 828
5559 4 2 3 5 1307 935 934 958
5560 4 2 3 5 935 1307 950 958
5561 4 2 3 5 1449 2547 2083 1486
5562 4 2 3 5 1762 1734 1760 1738
5563 4 2 3 5 2254 1761 1845 1832
5564 4 2 3 5 2137 2135 2136 424
5565 4 2 3 5 1270 1256 831 870
5566 4 2 3 5 478 115 2125 114
5567 4 2 3 5 2634 2317 2320 1521
5568 4 2 3 5 1575 2401 2567 2394
5569 4 2 3 5 1467 1468 1453 2050
5570 4 2 3 5 2148 2141 1491 1460
5571 4 2 3 5 1329 2068 1582 2048
5572 4 2 3 5 1642 2069 1582 2068
5573 4 2 3 5 1924 438 462 1945
5574 4 2 3 5 1559 1577 1560 1583
5575 4 2 3 5 698 1184 1188 1192
5576 4 2 3 5 1826 1802 1801 2151
5577 4 2 3 5 1804 2180 1929 1803
5578 4 2 3 5 1404 2566 2565 2645
5579 4 2 3 5 1524 2278 1819 2280
5580 4 2 3 5 2285 2283 2276 1916
5581 4 2 3 5 1881 1897 1885 2293
5582 4 2 3 5 1802 1539 1801 2151
5583 4 2 3 5 2583 2276 2275 2307
5584 4 2 3 5 1583 1577 1560 1578
5585 4 2 3 5 75 2643 2090 2618
5586 4 2 3 5 359 499 109 2583
5587 4 2 3 5 1272 1276 1278 1790
5588 4 2 3 5 2626 1572 1573 1491
5589 4 2 3 5 2051 2047 2050 1560
5590 4 2 3 5 2619 2618 2600 1821
5591 4 2 3 5 2626 2645 2625 1574
5592 4 2 3 5 1559 1456 1453 1560
5593 4 2 3 5 2562 2561 1368 2556
5594 4 2 3 5 2389 1371 2388 2393
5595 4 2 3 5 1796 1522 1792 1397
5596 4 2 3 5 2604 1490 2605 2608
5597 4 2 3 5 918 148 149 795
5598 4 2 3 5 1553 2033 1580 1211
5599 4 2 3 5 717 1210 1648 1172
5600 4 2 3 5 2051 1467 1453 2050
5601 4 2 3 5 1454 1132 1453 2050
5602 4 2 3 5 2034 1554 2112 2035
5603 4 2 3 5 1561 1559 1560 1583
5604 4 2 3 5 2078 1607 1606 1584
5605 4 2 3 5 1579 1221 1231 1225
5606 4 2 3 5 2137 425 2136 2174
5607 4 2 3 5 2078 1621 1606 2130
5608 4 2 3 5 1579 1329 1582 1578
5609 4 2 3 5 2049 1561 1560 1583
5610 4 2 3 5 2025 1526 1143 1532
5611 4 2 3 5 2080 2082 2079 2126
5612 4 2 3 5 676 678 677 1211
5613 4 2 3 5 2051 1324 1467 2050
5614 4 2 3 5 1824 2264 1823 2305
5615 4 2 3 5 697 1194 696 694
5616 4 2 3 5 1890 1877 2344 1903
5617 4 2 3 5 1468 1467 1453 1471
5618 4 2 3 5 1829 1820 1828 2101
5619 4 2 3 5 1556 2312 1354 2550
5620 4 2 3 5 2573 2179 2571 2572
5621 4 2 3 5 935 1281 1309 1307
5622 4 2 3 5 2531 1366 1319 2037
5623 4 2 3 5 2351 2439 2119 2352
5624 4 2 3 5 2029 2027 1532 1527
5625 4 2 3 5 1806 1807 1194 694
5626 4 2 3 5 1171 1643 1638 1651
5627 4 2 3 5 2025 2029 1527 2340
5628 4 2 3 5 1616 1625 2668 2684
5629 4 2 3 5 1883 2435 2327 2434
5630 4 2 3 5 2543 1664 2094 2118
5631 4 2 3 5 2115 2117 2116 2333
5632 4 2 3 5 1366 2496 2509 2491
5633 4 2 3 5 1588 2078 1547 1549
5634 4 2 3 5 1142 1224 2279 1220
5635 4 2 3 5 1894 2575 2277 2577
5636 4 2 3 5 2029 2032 2340 2030
5637 4 2 3 5 1170 1229 2052 1584
5638 4 2 3 5 2531 1466 1458 1319
5639 4 2 3 5 2176 1128 2134 2178
5640 4 2 3 5 1588 1551 1584 1606
5641 4 2 3 5 1232 1224 782 736
5642 4 2 3 5 1704 1177 2162 2361
5643 4 2 3 5 1157 1601 1644 1598
5644 4 2 3 5 2120 2648 2657 2119
5645 4 2 3 5 2110 2685 2673 2686
5646 4 2 3 5 1622 1605 2024 2331
5647 4 2 3 5 1287 928 927 1288
5648 4 2 3 5 2267 605 2308 2649
5649 4 2 3 5 2163 2165 1975 1681
5650 4 2 3 5 1446 1151 1695 1684
5651 4 2 3 5 1680 1976 1975 1703
5652 4 2 3 5 1599 1157 1644 1598
5653 4 2 3 5 1702 1704 1427 2162
5654 4 2 3 5 2358 2360 1704 2162
5655 4 2 3 5 1712 1697 1694 1982
5656 4 2 3 5 2339 1515 2017 2277
5657 4 2 3 5 2685 2293 2686 1898
5658 4 2 3 5 1917 1919 1898 2297
5659 4 2 3 5 772 1182 1183 2279
5660 4 2 3 5 1622 2024 2329 2331
5661 4 2 3 5 1537 2150 1801 2151
5662 4 2 3 5 1566 1981 1141 1530
5663 4 2 3 5 1641 1640 1337 1218
5664 4 2 3 5 2055 1449 2083 1486
5665 4 2 3 5 97 2122 2171 96
5666 4 2 3 5 1217 143 1225 653
5667 4 2 3 5 1566 1446 1695 2435
5668 4 2 3 5 2065 88 2505 2507
5669 4 2 3 5 2115 2106 2114 116
5670 4 2 3 5 1643 1638 1595 1642
5671 4 2 3 5 1243 1652 1644 1157
5672 4 2 3 5 1765 1386 2416 1771
5673 4 2 3 5 1300 1166 758 1185
5674 4 2 3 5 1762 2256 2257 1852
5675 4 2 3 5 1284 1298 1242 1712
5676 4 2 3 5 1422 2461 2462 2002
5677 4 2 3 5 2475 1439 2474 2471
5678 4 2 3 5 1703 1977 1973 2162
5679 4 2 3 5 1430 1846 2257 1416
5680 4 2 3 5 1702 2358 1704 2162
5681 4 2 3 5 731 732 745 1189
5682 4 2 3 5 1653 1643 1595 1655
5683 4 2 3 5 1417 2198 2200 1867
5684 4 2 3 5 648 626 2655 608
5685 4 2 3 5 1614 1919 2226 1885
5686 4 2 3 5 1979 1433 1975 2165
5687 4 2 3 5 1674 1992 1996 1995
5688 4 2 3 5 2120 1663 2439 2094
5689 4 2 3 5 2439 2120 2094 2119
5690 4 2 3 5 65 2159 2158 373
5691 4 2 3 5 530 442 490 2000
5692 4 2 3 5 1645 1638 1637 1651
5693 4 2 3 5 2360 2359 1973 2162
5694 4 2 3 5 1356 1575 2400 1730
5695 4 2 3 5 2358 1349 1362 2465
5696 4 2 3 5 888 889 1275 912
5697 4 2 3 5 1594 1597 1595 1591
5698 4 2 3 5 1364 1687 1701 1976
5699 4 2 3 5 1711 1649 1600 1706
5700 4 2 3 5 1446 1566 1442 2063
5701 4 2 3 5 1269 888 2246 1275
5702 4 2 3 5 2347 491 1997 2443
5703 4 2 3 5 1492 1491 1573 2149
5704 4 2 3 5 1252 2199 2207 1756
5705 4 2 3 5 523 1788 1920 1774
5706 4 2 3 5 394 2468 2480 393
5707 4 2 3 5 2419 2208 70 2423
5708 4 2 3 5 1357 1539 2151 1500
5709 4 2 3 5 2606 581 2598 2609
5710 4 2 3 5 885 2191 1409 892
5711 4 2 3 5 1417 1408 1865 1407
5712 4 2 3 5 71 493 2194 2192
5713 4 2 3 5 2508 396 492 2484
5714 4 2 3 5 391 449 2015 395
5715 4 2 3 5 2378 2384 2385 1721
5716 4 2 3 5 2246 1275 1409 1134
5717 4 2 3 5 2457 402 2454 2259
5718 4 2 3 5 2208 2422 1726 2423
5719 4 2 3 5 1425 2229 1920 2231
5720 4 2 3 5 1417 1279 2200 2198
5721 4 2 3 5 71 493 2192 365
5722 4 2 3 5 2014 524 69 1774
5723 4 2 3 5 1774 1764 2420 1414
5724 4 2 3 5 70 523 1774 69
5725 4 2 3 5 1838 1260 1778 1747
5726 4 2 3 5 1753 1739 1861 1749
5727 4 2 3 5 1168 2197 1436 1416
5728 4 2 3 5 1868 1746 1409 2248
5729 4 2 3 5 2422 2424 1726 2423
5730 4 2 3 5 867 823 661 1280
5731 4 2 3 5 2619 2251 1736 2090
5732 4 2 3 5 2306 1827 1516 2585
5733 4 2 3 5 1786 1358 1543 2134
5734 4 2 3 5 2312 2477 1236 1830
5735 4 2 3 5 843 687 1544 724
5736 4 2 3 5 680 678 1219 681
5737 4 2 3 5 590 599 78 2632
5738 4 2 3 5 1933 1926 1803 1932
5739 4 2 3 5 1539 1258 2318 1500
5740 4 2 3 5 1472 1474 1471 1484
5741 4 2 3 5 1836 2250 1746 2248
5742 4 2 3 5 2240 1934 2242 1834
5743 4 2 3 5 2246 1868 1134 2248
5744 4 2 3 5 1798 1522 1397 1793
5745 4 2 3 5 2199 2205 2207 2206
5746 4 2 3 5 106 2345 2271 2343
5747 4 2 3 5 2181 1805 1506 2576
5748 4 2 3 5 2267 649 640 648
5749 4 2 3 5 1201 1186 1189 1841
5750 4 2 3 5 885 888 1409 2622
5751 4 2 3 5 1581 1214 2112 1644
5752 4 2 3 5 2181 1510 2182 2189
5753 4 2 3 5 2284 2287 1819 1525
5754 4 2 3 5 599 2265 77 78
5755 4 2 3 5 2312 2315 1795 1828
5756 4 2 3 5 885 889 892 1409
5757 4 2 3 5 2339 2025 2017 2410
5758 4 2 3 5 2306 2302 1793 79
5759 4 2 3 5 2233 2012 1176 2372
5760 4 2 3 5 1629 2335 2365 1620
5761 4 2 3 5 761 2012 1176 2233
5762 4 2 3 5 1133 1261 2264 2247
5763 4 2 3 5 1411 1509 2304 1262
5764 4 2 3 5 1751 1750 1752 2206
5765 4 2 3 5 1492 1500 1495 2149
5766 4 2 3 5 1802 1259 1357 2151
5767 4 2 3 5 407 1946 409 408
5768 4 2 3 5 1267 1268 2204 1200
5769 4 2 3 5 1570 1380 1311 1379
5770 4 2 3 5 2575 2577 2576 1914
5771 4 2 3 5 647 643 2362 2676
5772 4 2 3 5 2208 71 2194 2192
5773 4 2 3 5 2457 444 2460 2454
5774 4 2 3 5 2252 403 2253 2456
5775 4 2 3 5 1267 1280 1200 1418
5776 4 2 3 5 1733 1392 1834 1865
5777 4 2 3 5 1815 1395 2647 1943
5778 4 2 3 5 1206 1182 1143 1207
5779 4 2 3 5 1554 2032 1565 1534
5780 4 2 3 5 1169 761 1176 2233
5781 4 2 3 5 2659 614 2664 2108
5782 4 2 3 5 1539 1537 1801 2151
5783 4 2 3 5 708 706 707 1986
5784 4 2 3 5 2121 638 2657 2114
5785 4 2 3 5 2254 1761 1760 1845
5786 4 2 3 5 1734 1866 1867 1714
5787 4 2 3 5 1202 1906 1205 1819
5788 4 2 3 5 1574 1777 2151 1778
5789 4 2 3 5 1301 1138 2219 1283
5790 4 2 3 5 1891 2276 2307 1895
5791 4 2 3 5 1777 1825 2151 1778
5792 4 2 3 5 2326 2444 1950 1961
5793 4 2 3 5 2100 1511 1909 2181
5794 4 2 3 5 1410 1246 2260 1505
5795 4 2 3 5 1791 1827 1518 1516
5796 4 2 3 5 1534 1530 1141 2035
5797 4 2 3 5 409 462 1945 1940
5798 4 2 3 5 1906 1806 690 1205
5799 4 2 3 5 1359 2111 1617 2096
5800 4 2 3 5 1512 1911 1905 1909
5801 4 2 3 5 2683 1869 2685 2274
5802 4 2 3 5 1541 1477 1556 2548
5803 4 2 3 5 369 2579 107 498
5804 4 2 3 5 1839 1737 2458 2253
5805 4 2 3 5 2619 2643 2618 2090
5806 4 2 3 5 104 2426 105 2433
5807 4 2 3 5 412 2190 409 411
5808 4 2 3 5 2254 1853 1855 1845
5809 4 2 3 5 1762 1852 1760 1845
5810 4 2 3 5 1946 2190 410 409
5811 4 2 3 5 1825 1777 2151 1574
5812 4 2 3 5 401 403 464 2252
5813 4 2 3 5 2573 2570 2578 2571
5814 4 2 3 5 1840 1842 1832 1845
5815 4 2 3 5 106 504 105 2224
5816 4 2 3 5 2362 2326 2363 2325
5817 4 2 3 5 2586 2455 2469 2589
5818 4 2 3 5 411 2187 410 459
5819 4 2 3 5 1173 1974 1432 2162
5820 4 2 3 5 1768 1425 2478 2004
5821 4 2 3 5 2166 1428 2165 1691
5822 4 2 3 5 2310 2317 81 80
5823 4 2 3 5 1772 1999 2013 1973
5824 4 2 3 5 2120 2648 2119 2352
5825 4 2 3 5 1955 2258 1953 1398
5826 4 2 3 5 1974 1173 2361 2162
5827 4 2 3 5 435 2570 459 514
5828 4 2 3 5 1952 2323 1967 2428
5829 4 2 3 5 1665 2168 2170 2171
5830 4 2 3 5 2179 412 411 2190
5831 4 2 3 5 1177 1173 1154 2162
5832 4 2 3 5 1977 1680 1973 1994
5833 4 2 3 5 1974 2360 2472 1973
5834 4 2 3 5 1435 2011 2013 1771
5835 4 2 3 5 1177 1437 716 1704
5836 4 2 3 5 1190 1990 1673 1986
5837 4 2 3 5 1130 2394 1264 1266
5838 4 2 3 5 1641 753 1243 1242
5839 4 2 3 5 1844 1965 2255 1187
5840 4 2 3 5 1831 1833 1839 1760
5841 4 2 3 5 1847 1393 1932 1927
5842 4 2 3 5 524 449 1787 360
5843 4 2 3 5 466 398 2229 2237
5844 4 2 3 5 1426 2475 2478 2480
5845 4 2 3 5 390 2001 2474 2470
5846 4 2 3 5 1389 2397 2396 1255
5847 4 2 3 5 1965 1844 1848 1187
5848 4 2 3 5 390 2001 468 393
5849 4 2 3 5 1753 1754 1861 1863
5850 4 2 3 5 711 1173 710 712
5851 4 2 3 5 2410 2330 2178 1207
5852 4 2 3 5 1256 1270 831 1469
5853 4 2 3 5 1182 689 772 686
5854 4 2 3 5 1906 1806 1205 1819
5855 4 2 3 5 1965 1966 2255 1187
5856 4 2 3 5 1214 869 670 1216
5857 4 2 3 5 1142 1224 1220 2028
5858 4 2 3 5 2592 1952 1953 1845
5859 4 2 3 5 1842 1840 2255 1845
5860 4 2 3 5 944 961 960 1299
5861 4 2 3 5 2341 1872 2030 1876
5862 4 2 3 5 2692 1685 1712 2693
5863 4 2 3 5 858 673 954 1247
5864 4 2 3 5 1601 1294 2112 1697
5865 4 2 3 5 1458 1466 1453 1319
5866 4 2 3 5 2082 515 431 2079
5867 4 2 3 5 2153 2547 2549 1540
5868 4 2 3 5 1323 1559 2046 1462
5869 4 2 3 5 2332 2131 113 2331
5870 4 2 3 5 114 2131 2132 2125
5871 4 2 3 5 2314 1558 1538 2318
5872 4 2 3 5 2067 1323 2075 2545
5873 4 2 3 5 372 111 2365 485
5874 4 2 3 5 1952 1966 1965 1187
5875 4 2 3 5 1472 1340 1482 1377
5876 4 2 3 5 1786 1548 1543 1549
5877 4 2 3 5 799 1504 730 773
5878 4 2 3 5 682 680 1219 681
5879 4 2 3 5 1620 2016 1631 1549
5880 4 2 3 5 695 1805 1806 1198
5881 4 2 3 5 2542 1594 2118 2092
5882 4 2 3 5 1807 695 1806 1198
5883 4 2 3 5 1564 2106 2116 1563
5884 4 2 3 5 1619 2124 2079 2126
5885 4 2 3 5 1806 1807 1198 1523
5886 4 2 3 5 1805 1806 1198 1523
5887 4 2 3 5 1554 2034 2033 2026
5888 4 2 3 5 2281 1232 1220 1135
5889 4 2 3 5 653 1217 675 1211
5890 4 2 3 5 1579 2076 1326 2049
5891 4 2 3 5 594 579 2618 587
5892 4 2 3 5 2508 1677 2589 1361
5893 4 2 3 5 570 568 2607 571
5894 4 2 3 5 1737 2234 2458 2259
5895 4 2 3 5 2276 2581 2578 2574
5896 4 2 3 5 1377 802 1321 806
5897 4 2 3 5 1254 1272 1262 890
5898 4 2 3 5 2577 1513 2178 2278
5899 4 2 3 5 1498 1258 1558 2314
5900 4 2 3 5 105 2224 2427 2225
5901 4 2 3 5 2670 2652 1616 2684
5902 4 2 3 5 1173 1177 2361 2162
5903 4 2 3 5 1652 1243 1600 1157
5904 4 2 3 5 1976 2164 1703 1705
5905 4 2 3 5 95 2168 96 479
5906 4 2 3 5 2444 1950 2678 2447
5907 4 2 3 5 1338 2046 1453 1319
5908 4 2 3 5 1666 1708 2171 2169
5909 4 2 3 5 621 643 630 2676
5910 4 2 3 5 1645 1646 1661 1637
5911 4 2 3 5 1665 1698 2170 2168
5912 4 2 3 5 2339 1515 2280 1527
5913 4 2 3 5 1608 1590 1604 1587
5914 4 2 3 5 1786 2016 1620 1549
5915 4 2 3 5 555 79 80 2634
5916 4 2 3 5 1483 1481 1320 1486
5917 4 2 3 5 2287 1528 2284 1527
5918 4 2 3 5 1204 2281 1915 2279
5919 4 2 3 5 1125 1499 1403 1498
5920 4 2 3 5 1575 2401 1573 2567
5921 4 2 3 5 1311 1379 2158 1569
5922 4 2 3 5 1575 1730 1723 2379
5923 4 2 3 5 1472 1325 1469 1324
5924 4 2 3 5 2321 2153 1476 2549
5925 4 2 3 5 827 117 118 908
5926 4 2 3 5 486 1827 366 512
5927 4 2 3 5 884 887 1251 881
5928 4 2 3 5 895 882 1273 1328
5929 4 2 3 5 2154 559 2627 2616
5930 4 2 3 5 600 591 2320 2631
5931 4 2 3 5 1827 1520 2310 1791
5932 4 2 3 5 1232 1224 1220 782
5933 4 2 3 5 1798 1522 1538 1797
5934 4 2 3 5 1205 1819 1527 2279
5935 4 2 3 5 1344 1586 1591 1465
5936 4 2 3 5 1166 755 756 1242
5937 4 2 3 5 1702 1701 1703 1705
5938 4 2 3 5 2595 104 103 503
5939 4 2 3 5 2053 2548 2052 1321
5940 4 2 3 5 2069 1636 1582 2503
5941 4 2 3 5 2104 1513 1785 2178
5942 4 2 3 5 1548 1786 1543 1519
5943 4 2 3 5 2330 2176 1207 2129
5944 4 2 3 5 1234 2315 1156 1278
5945 4 2 3 5 1532 1183 1527 2279
5946 4 2 3 5 437 2089 2085 1839
5947 4 2 3 5 722 700 699 1196
5948 4 2 3 5 533 2553 460 2039
5949 4 2 3 5 1933 1393 1803 1929
5950 4 2 3 5 1842 1840 1832 1392
5951 4 2 3 5 2208 2422 2421 1741
5952 4 2 3 5 145 1226 672 778
5953 4 2 3 5 2203 2202 2416 2418
5954 4 2 3 5 1731 2404 2403 1265
5955 4 2 3 5 2007 2466 2008 2465
5956 4 2 3 5 2262 2301 1792 2303
5957 4 2 3 5 1770 1729 2425 1747
5958 4 2 3 5 2047 1318 1451 2051
5959 4 2 3 5 1129 2145 2147 1328
5960 4 2 3 5 1500 1489 2149 2569
5961 4 2 3 5 1256 1257 1258 881
5962 4 2 3 5 2209 886 2191 2425
5963 4 2 3 5 1794 1822 1799 1823
5964 4 2 3 5 594 75 2618 2643
5965 4 2 3 5 884 1261 888 2622
5966 4 2 3 5 2292 2274 2293 2346
5967 4 2 3 5 2032 1360 1565 1534
5968 4 2 3 5 1897 1881 2346 2293
5969 4 2 3 5 1946 407 2041 2450
5970 4 2 3 5 2098 2135 2103 422
5971 4 2 3 5 104 2595 2433 2427
5972 4 2 3 5 1520 1827 2311 1518
5973 4 2 3 5 783 1204 1220 1144
5974 4 2 3 5 2005 2010 2462 1434
5975 4 2 3 5 1184 698 1188 701
5976 4 2 3 5 1933 2299 2042 1813
5977 4 2 3 5 1824 1822 1823 1923
5978 4 2 3 5 1135 1232 1220 1302
5979 4 2 3 5 1144 1135 1220 1302
5980 4 2 3 5 783 844 1220 782
5981 4 2 3 5 493 539 2234 2194
5982 4 2 3 5 783 1144 1220 844
5983 4 2 3 5 1858 1851 2257 1754
5984 4 2 3 5 1503 1504 2300 1790
5985 4 2 3 5 1798 1522 1793 2634
5986 4 2 3 5 1745 1755 1725 1756
5987 4 2 3 5 1302 1232 1220 844
5988 4 2 3 5 1144 1302 1220 844
5989 4 2 3 5 1254 891 888 1269
5990 4 2 3 5 1963 1988 1991 1431
5991 4 2 3 5 2283 1917 1512 1916
5992 4 2 3 5 695 1805 1198 773
5993 4 2 3 5 145 1226 2559 1222
5994 4 2 3 5 2123 1576 2072 1562
5995 4 2 3 5 2102 2310 2311 2321
5996 4 2 3 5 768 774 773 1161
5997 4 2 3 5 2280 2283 1914 2277
5998 4 2 3 5 1908 1900 1901 1905
5999 4 2 3 5 2446 1963 1991 2364
6000 4 2 3 5 1886 1884 1982 2227
6001 4 2 3 5 2674 2328 2651 1889
6002 4 2 3 5 1522 1520 1792 1793
6003 4 2 3 5 900 887 1277 905
6004 4 2 3 5 2315 2312 1236 1830
6005 4 2 3 5 2261 1411 1789 2263
6006 4 2 3 5 1226 1325 1222 779
6007 4 2 3 5 2152 1795 2311 1828
6008 4 2 3 5 1805 693 730 695
6009 4 2 3 5 1502 768 723 773
6010 4 2 3 5 1820 1508 2044 1817
6011 4 2 3 5 766 698 701 1192
6012 4 2 3 5 2508 2586 2589 1997
6013 4 2 3 5 2463 2485 2462 2002
6014 4 2 3 5 1871 2411 2282 2018
6015 4 2 3 5 2025 2177 2130 2024
6016 4 2 3 5 1604 1583 1551 1606
6017 4 2 3 5 2183 1891 2581 1629
6018 4 2 3 5 1566 1360 1141 1567
6019 4 2 3 5 1230 779 1231 1324
6020 4 2 3 5 2104 1513 2101 1785
6021 4 2 3 5 2135 2133 1548 2136
6022 4 2 3 5 1827 1520 2311 2310
6023 4 2 3 5 1665 1646 1701 1659
6024 4 2 3 5 1950 1688 1690 1683
6025 4 2 3 5 2426 105 2433 2225
6026 4 2 3 5 1349 720 1437 716
6027 4 2 3 5 607 633 630 2447
6028 4 2 3 5 2654 603 629 635
6029 4 2 3 5 2658 620 2675 2660
6030 4 2 3 5 2590 1773 1973 1772
6031 4 2 3 5 1647 1171 1640 1648
6032 4 2 3 5 1700 2359 1703 1973
6033 4 2 3 5 2475 1439 2482 2485
6034 4 2 3 5 401 2252 2259 402
6035 4 2 3 5 1638 1171 1335 1639
6036 4 2 3 5 2011 2232 2233 1152
6037 4 2 3 5 1228 671 145 1223
6038 4 2 3 5 1437 1171 1648 749
6039 4 2 3 5 1766 1780 2374 2418
6040 4 2 3 5 851 1163 1253 1255
6041 4 2 3 5 821 779 1231 1230
6042 4 2 3 5 2315 1234 1236 2312
6043 4 2 3 5 2373 2371 2418 2372
6044 4 2 3 5 2198 1752 1387 1867
6045 4 2 3 5 1781 1770 1769 2376
6046 4 2 3 5 1324 1230 1326 1231
6047 4 2 3 5 2007 2466 1176 1240
6048 4 2 3 5 1380 2519 1391 2556
6049 4 2 3 5 2391 2389 1371 2388
6050 4 2 3 5 2058 379 521 518
6051 4 2 3 5 1391 2386 2388 1390
6052 4 2 3 5 2395 2391 2379 2375
6053 4 2 3 5 1441 1384 2387 2399
6054 4 2 3 5 906 1253 1255 872
6055 4 2 3 5 1769 1722 2385 1716
6056 4 2 3 5 1212 1552 1326 1231
6057 4 2 3 5 2144 1488 2147 2149
6058 4 2 3 5 811 666 872 1255
6059 4 2 3 5 1227 1318 2511 2558
6060 4 2 3 5 1212 1213 1552 1231
6061 4 2 3 5 2199 1752 1387 2198
6062 4 2 3 5 456 425 455 2174
6063 4 2 3 5 2110 1445 1889 2651
6064 4 2 3 5 1243 752 754 1242
6065 4 2 3 5 1162 1243 754 1242
6066 4 2 3 5 2532 2139 2531 1458
6067 4 2 3 5 572 581 2598 556
6068 4 2 3 5 752 847 754 1242
6069 4 2 3 5 2639 2637 1406 2610
6070 4 2 3 5 2306 2302 1789 1793
6071 4 2 3 5 2520 2143 2511 2558
6072 4 2 3 5 1404 2645 2565 1571
6073 4 2 3 5 108 2308 109 2289
6074 4 2 3 5 1869 2683 2656 2414
6075 4 2 3 5 1430 2258 2257 1846
6076 4 2 3 5 1596 1634 1650 1659
6077 4 2 3 5 1632 2334 2030 1624
6078 4 2 3 5 847 1162 754 1242
6079 4 2 3 5 1590 1608 1609 1587
6080 4 2 3 5 2672 621 2660 2675
6081 4 2 3 5 865 1228 1253 1163
6082 4 2 3 5 2230 2478 2015 2480
6083 4 2 3 5 1435 1718 2011 1771
6084 4 2 3 5 2212 2610 593 597
6085 4 2 3 5 401 2234 433 400
6086 4 2 3 5 71 2208 72 1726
6087 4 2 3 5 1638 1171 1650 1335
6088 4 2 3 5 1772 1773 1771 1863
6089 4 2 3 5 2009 2005 2008 2006
6090 4 2 3 5 1274 812 899 1255
6091 4 2 3 5 1386 1748 1861 1771
6092 4 2 3 5 2481 473 483 474
6093 4 2 3 5 1377 1164 1403 1556
6094 4 2 3 5 1607 2078 1606 2130
6095 4 2 3 5 779 1325 1324 1469
6096 4 2 3 5 831 853 135 870
6097 4 2 3 5 2494 1311 2529 1315
6098 4 2 3 5 2490 1461 2487 2046
6099 4 2 3 5 511 522 375 2066
6100 4 2 3 5 1228 865 1253 1249
6101 4 2 3 5 2488 2487 2493 2528
6102 4 2 3 5 2065 2505 2064 2506
6103 4 2 3 5 1465 1594 2539 2537
6104 4 2 3 5 1163 1253 1255 1266
6105 4 2 3 5 1241 1316 2498 1223
6106 4 2 3 5 865 1228 1163 837
6107 4 2 3 5 1171 1645 1647 1651
6108 4 2 3 5 1586 2071 1595 2070
6109 4 2 3 5 2347 1677 1971 2354
6110 4 2 3 5 1235 1238 1639 2068
6111 4 2 3 5 1317 2048 1451 2059
6112 4 2 3 5 654 1235 838 744
6113 4 2 3 5 1389 2377 1376 2381
6114 4 2 3 5 1311 1312 2158 1379
6115 4 2 3 5 1367 2561 1379 1569
6116 4 2 3 5 1311 2529 1315 2596
6117 4 2 3 5 1347 2525 2528 1315
6118 4 2 3 5 1367 1570 1311 1379
6119 4 2 3 5 2038 86 2513 545
6120 4 2 3 5 1457 2516 2531 2513
6121 4 2 3 5 2534 1130 2535 1273
6122 4 2 3 5 2210 2404 2568 1265
6123 4 2 3 5 1488 2144 1322 2533
6124 4 2 3 5 2150 2626 1491 1339
6125 4 2 3 5 1561 2049 2052 1583
6126 4 2 3 5 2391 2388 1390 1381
6127 4 2 3 5 2527 1378 2489 2524
6128 4 2 3 5 1334 2597 1594 1595
6129 4 2 3 5 1654 1334 2169 2118
6130 4 2 3 5 1666 2122 2094 2169
6131 4 2 3 5 2461 391 388 470
6132 4 2 3 5 2659 612 638 623
6133 4 2 3 5 1814 2190 2187 2451
6134 4 2 3 5 2595 1882 2433 2427
6135 4 2 3 5 2254 2450 2449 2253
6136 4 2 3 5 1732 1724 1839 1760
6137 4 2 3 5 1575 2521 2566 2565
6138 4 2 3 5 66 2386 2644 65
6139 4 2 3 5 2645 1575 2565 1405
6140 4 2 3 5 1391 2386 2565 1405
6141 4 2 3 5 2601 588 2624 573
6142 4 2 3 5 1346 1352 2096 2074
6143 4 2 3 5 811 812 738 1255
6144 4 2 3 5 2339 2025 1527 2340
6145 4 2 3 5 2148 2521 2149 2533
6146 4 2 3 5 1816 2043 1516 2585
6147 4 2 3 5 1513 1630 1785 2178
6148 4 2 3 5 1806 1906 1194 1808
6149 4 2 3 5 2135 2133 2136 424
6150 4 2 3 5 1206 1818 2577 2278
6151 4 2 3 5 1621 2078 1543 2128
6152 4 2 3 5 1815 1800 2584 2646
6153 4 2 3 5 555 2630 591 589
6154 4 2 3 5 2642 2641 1821 2600
6155 4 2 3 5 1744 2619 1736 2090
6156 4 2 3 5 2535 2147 1343 2149
6157 4 2 3 5 1257 901 2147 1343
6158 4 2 3 5 1535 2152 2311 2173
6159 4 2 3 5 2147 1489 1343 2149
6160 4 2 3 5 1842 1761 1832 1845
6161 4 2 3 5 603 2362 635 2654
6162 4 2 3 5 2533 2521 2567 1264
6163 4 2 3 5 1342 2521 2533 1264
6164 4 2 3 5 2207 1757 1756 2206
6165 4 2 3 5 1252 1757 2209 1747
6166 4 2 3 5 1575 2521 1573 1572
6167 4 2 3 5 1165 2243 1407 1275
6168 4 2 3 5 2601 1413 2624 2625
6169 4 2 3 5 2498 2069 2500 1330
6170 4 2 3 5 2244 1417 1865 1407
6171 4 2 3 5 1235 744 1238 838
6172 4 2 3 5 519 1313 481 373
6173 4 2 3 5 2597 2091 2538 1593
6174 4 2 3 5 1541 1483 2548 1547
6175 4 2 3 5 2142 2519 2556 1460
6176 4 2 3 5 361 2153 482 83
6177 4 2 3 5 2240 2245 1407 2242
6178 4 2 3 5 2536 1402 2625 1339
6179 4 2 3 5 1491 1492 2629 1495
6180 4 2 3 5 2533 1342 1264 1130
6181 4 2 3 5 2419 70 2420 2423
6182 4 2 3 5 1720 1370 2376 1721
6183 4 2 3 5 90 368 2489 472
6184 4 2 3 5 1597 1655 1595 1591
6185 4 2 3 5 1401 1948 1690 1962
6186 4 2 3 5 2245 1868 2244 1407
6187 4 2 3 5 2274 1869 2346 2414
6188 4 2 3 5 2274 1869 2293 2346
6189 4 2 3 5 1902 1901 1198 1523
6190 4 2 3 5 1665 2168 2171 1708
6191 4 2 3 5 2459 2457 404 444
6192 4 2 3 5 2168 363 96 479
6193 4 2 3 5 2444 1678 2443 2348
6194 4 2 3 5 2175 1548 2137 2138
6195 4 2 3 5 1676 2595 2433 2322
6196 4 2 3 5 2103 2098 421 2184
6197 4 2 3 5 2221 2432 1885 2226
6198 4 2 3 5 1816 2100 1782 1516
6199 4 2 3 5 1444 1883 2327 2434
6200 4 2 3 5 1269 1261 2246 888
6201 4 2 3 5 418 2448 2184 419
6202 4 2 3 5 2683 1869 2274 2414
6203 4 2 3 5 2324 1444 2434 1970
6204 4 2 3 5 2272 1897 2346 2293
6205 4 2 3 5 1784 2183 1629 1783
6206 4 2 3 5 1331 1336 1225 1580
6207 4 2 3 5 1684 1675 1883 2327
6208 4 2 3 5 725 1190 707 793
6209 4 2 3 5 955 1296 921 817
6210 4 2 3 5 1281 938 1299 2690
6211 4 2 3 5 64 2555 2561 2565
6212 4 2 3 5 2141 1402 1491 1460
6213 4 2 3 5 2530 2514 2493 1315
6214 4 2 3 5 1847 1926 1810 1854
6215 4 2 3 5 1937 2453 2254 2450
6216 4 2 3 5 2241 1836 2248 1943
6217 4 2 3 5 1944 1261 1409 2248
6218 4 2 3 5 1402 2566 2518 2522
6219 4 2 3 5 2547 2153 2549 1476
6220 4 2 3 5 2490 2045 2046 2057
6221 4 2 3 5 924 665 1286 813
6222 4 2 3 5 2142 2519 1460 2533
6223 4 2 3 5 926 942 1286 916
6224 4 2 3 5 505 461 2019 2039
6225 4 2 3 5 2648 2661 2675 2352
6226 4 2 3 5 2444 1678 2348 1683
6227 4 2 3 5 1336 1643 1655 1642
6228 4 2 3 5 1687 1364 1978 1976
6229 4 2 3 5 99 651 633 2677
6230 4 2 3 5 420 423 2183 457
6231 4 2 3 5 2043 1791 1516 2585
6232 4 2 3 5 438 1924 2085 1945
6233 4 2 3 5 2183 418 457 446
6234 4 2 3 5 2274 2292 2268 2655
6235 4 2 3 5 2448 418 2184 2183
6236 4 2 3 5 649 108 107 2291
6237 4 2 3 5 1739 1753 1754 1749
6238 4 2 3 5 2334 2022 2338 2331
6239 4 2 3 5 1137 1294 1306 1297
6240 4 2 3 5 1955 1430 1958 1989
6241 4 2 3 5 1281 2692 1993 1293
6242 4 2 3 5 1136 1294 1137 1297
6243 4 2 3 5 1294 1287 928 1297
6244 4 2 3 5 1294 1136 1287 1297
6245 4 2 3 5 1234 805 1277 826
6246 4 2 3 5 959 1302 1308 857
6247 4 2 3 5 1857 1968 2430 1969
6248 4 2 3 5 2304 1276 1497 1262
6249 4 2 3 5 1305 959 1308 857
6250 4 2 3 5 933 951 1308 936
6251 4 2 3 5 1215 1237 1644 1216
6252 4 2 3 5 1581 1599 1352 1580
6253 4 2 3 5 1318 1324 1222 1467
6254 4 2 3 5 1533 1160 1580 1346
6255 4 2 3 5 1326 1170 2052 1584
6256 4 2 3 5 141 675 142 1216
6257 4 2 3 5 854 1162 1233 842
6258 4 2 3 5 1283 1301 1291 934
6259 4 2 3 5 154 961 153 820
6260 4 2 3 5 946 959 1302 1308
6261 4 2 3 5 1296 1301 958 1159
6262 4 2 3 5 1514 1203 718 1156
6263 4 2 3 5 1162 1250 1306 1137
6264 4 2 3 5 1138 2228 1181 1283
6265 4 2 3 5 660 1144 857 785
6266 4 2 3 5 1981 2435 1695 1886
6267 4 2 3 5 2616 2154 1493 2627
6268 4 2 3 5 946 951 959 1308
6269 4 2 3 5 419 2099 2184 421
6270 4 2 3 5 2058 1634 1635 474
6271 4 2 3 5 2643 579 2612 2600
6272 4 2 3 5 1338 1456 1453 2046
6273 4 2 3 5 2106 1564 2107 1563
6274 4 2 3 5 427 2133 2476 477
6275 4 2 3 5 1456 1559 1453 2046
6276 4 2 3 5 1455 2510 1319 2531
6277 4 2 3 5 2514 1311 1315 2596
6278 4 2 3 5 2337 2021 112 2331
6279 4 2 3 5 539 2192 2234 2194
6280 4 2 3 5 469 2470 468 389
6281 4 2 3 5 1531 431 428 2081
6282 4 2 3 5 2543 2681 2114 2121
6283 4 2 3 5 2661 2648 2658 1949
6284 4 2 3 5 1899 369 2223 514
6285 4 2 3 5 1433 1996 1975 1995
6286 4 2 3 5 1546 2133 2136 1548
6287 4 2 3 5 2652 2669 619 2666
6288 4 2 3 5 2335 372 112 111
6289 4 2 3 5 1636 2541 2537 2506
6290 4 2 3 5 2003 1424 2461 2015
6291 4 2 3 5 2001 1439 2474 2470
6292 4 2 3 5 2510 1455 1319 1338
6293 4 2 3 5 431 1531 428 426
6294 4 2 3 5 590 2632 575 598
6295 4 2 3 5 412 2179 411 413
6296 4 2 3 5 2179 2573 2570 2580
6297 4 2 3 5 2347 99 100 2348
6298 4 2 3 5 1449 1450 1319 2037
6299 4 2 3 5 1926 1937 2086 1925
6300 4 2 3 5 553 73 2613 586
6301 4 2 3 5 1866 1740 1714 1385
6302 4 2 3 5 2581 2448 2574 1782
6303 4 2 3 5 590 599 2632 598
6304 4 2 3 5 1450 2531 1319 2037
6305 4 2 3 5 2489 2523 2495 2524
6306 4 2 3 5 1132 2051 1560 1453
6307 4 2 3 5 2126 484 542 364
6308 4 2 3 5 2131 2124 2126 2127
6309 4 2 3 5 2523 383 472 2489
6310 4 2 3 5 2133 1531 427 2084
6311 4 2 3 5 2502 1378 2524 1332
6312 4 2 3 5 2049 2076 2052 1583
6313 4 2 3 5 2510 2509 1319 2531
6314 4 2 3 5 599 2641 558 2266
6315 4 2 3 5 2183 2448 1783 2184
6316 4 2 3 5 1531 2080 2081 2055
6317 4 2 3 5 2199 2198 1387 2200
6318 4 2 3 5 1720 2375 2370 2376
6319 4 2 3 5 484 2131 2329 113
6320 4 2 3 5 2003 1424 1363 2462
6321 4 2 3 5 2005 2009 1434 1440
6322 4 2 3 5 466 394 2237 2480
6323 4 2 3 5 2510 1338 1319 2509
6324 4 2 3 5 1450 2139 1449 1319
6325 4 2 3 5 2139 1450 2531 1319
6326 4 2 3 5 1616 2652 2656 2684
6327 4 2 3 5 2355 2010 1348 2002
6328 4 2 3 5 1698 2355 2002 2008
6329 4 2 3 5 2463 387 388 386
6330 4 2 3 5 2470 1439 2463 2482
6331 4 2 3 5 2488 1452 2493 1456
6332 4 2 3 5 475 2057 476 507
6333 4 2 3 5 84 596 83 2627
6334 4 2 3 5 460 461 2039 2041
6335 4 2 3 5 423 425 424 2137
6336 4 2 3 5 614 616 617 2662
6337 4 2 3 5 2639 2610 2638 2614
6338 4 2 3 5 1336 1235 1218 1639
6339 4 2 3 5 1369 2615 2640 1745
6340 4 2 3 5 1991 1992 1431 1995
6341 4 2 3 5 1516 1783 2184 1518
6342 4 2 3 5 445 405 2456 2449
6343 4 2 3 5 517 546 446 2580
6344 4 2 3 5 2273 2413 2655 2414
6345 4 2 3 5 1763 2252 2253 2456
6346 4 2 3 5 2312 2477 1354 2550
6347 4 2 3 5 1545 1533 2024 1473
6348 4 2 3 5 423 436 2137 2138
6349 4 2 3 5 2054 2055 2081 1462
6350 4 2 3 5 1325 1468 1474 1470
6351 4 2 3 5 451 462 1938 527
6352 4 2 3 5 1133 2247 2264 1823
6353 4 2 3 5 577 579 2612 585
6354 4 2 3 5 1841 1842 1189 1865
6355 4 2 3 5 502 1924 1941 501
6356 4 2 3 5 1638 1335 1330 1639
6357 4 2 3 5 1412 1403 2316 1797
6358 4 2 3 5 2048 1317 1330 2059
6359 4 2 3 5 574 589 2633 575
6360 4 2 3 5 2538 2507 2539 2537
6361 4 2 3 5 1594 2541 2092 2542
6362 4 2 3 5 1316 1317 1330 2048
6363 4 2 3 5 97 632 2351 96
6364 4 2 3 5 1678 1687 1976 2354
6365 4 2 3 5 2569 1492 2151 1573
6366 4 2 3 5 625 2649 2655 2671
6367 4 2 3 5 2468 396 442 393
6368 4 2 3 5 1238 1223 1330 2048
6369 4 2 3 5 2038 1457 2531 2513
6370 4 2 3 5 2604 2603 2605 1776
6371 4 2 3 5 545 93 5 2513
6372 4 2 3 5 1729 1728 1730 1778
6373 4 2 3 5 2606 601 556 581
6374 4 2 3 5 1223 1316 1330 2048
6375 4 2 3 5 2097 71 2211 597
6376 4 2 3 5 2157 2382 2385 1421
6377 4 2 3 5 407 2450 408 406
6378 4 2 3 5 2254 1853 1760 2253
6379 4 2 3 5 2231 1426 2478 2237
6380 4 2 3 5 480 2003 531 360
6381 4 2 3 5 1825 1922 1353 2636
6382 4 2 3 5 1764 2415 1920 2192
6383 4 2 3 5 581 2606 2598 556
6384 4 2 3 5 493 539 2192 365
6385 4 2 3 5 1638 1336 1639 1642
6386 4 2 3 5 1568 528 519 481
6387 4 2 3 5 744 1171 1639 1335
6388 4 2 3 5 1552 1212 1326 1584
6389 4 2 3 5 1345 1608 1606 1589
6390 4 2 3 5 1937 2453 2450 1945
6391 4 2 3 5 449 2003 470 2461
6392 4 2 3 5 2342 2593 2322 1964
6393 4 2 3 5 1956 1961 2363 1887
6394 4 2 3 5 1170 1229 1584 1473
6395 4 2 3 5 401 403 2252 402
6396 4 2 3 5 2080 1588 1551 1547
6397 4 2 3 5 1588 1547 1341 1551
6398 4 2 3 5 2656 2685 2680 2673
6399 4 2 3 5 1664 2543 1611 1591
6400 4 2 3 5 2236 398 2235 2259
6401 4 2 3 5 2124 2080 1551 2123
6402 4 2 3 5 2573 2570 2580 2578
6403 4 2 3 5 2683 2684 2655 2268
6404 4 2 3 5 1753 2201 1754 1738
6405 4 2 3 5 1561 1463 2077 1551
6406 4 2 3 5 1681 1433 1975 1995
6407 4 2 3 5 2468 394 2480 2237
6408 4 2 3 5 2099 1516 2184 1518
6409 4 2 3 5 1346 1565 1352 1580
6410 4 2 3 5 104 105 2427 2433
6411 4 2 3 5 1759 2588 1763 1852
6412 4 2 3 5 2672 621 635 627
6413 4 2 3 5 2426 2654 2680 2363
6414 4 2 3 5 2691 940 945 1284
6415 4 2 3 5 1979 1691 2165 1975
6416 4 2 3 5 1656 1658 1701 1705
6417 4 2 3 5 1346 1565 1359 2096
6418 4 2 3 5 1618 2095 1664 2074
6419 4 2 3 5 1166 2691 1242 1712
6420 4 2 3 5 1565 1581 1352 1580
6421 4 2 3 5 1581 1565 1352 1598
6422 4 2 3 5 139 830 140 1233
6423 4 2 3 5 744 739 1335 837
6424 4 2 3 5 2071 1655 1580 1352
6425 4 2 3 5 1346 2071 1580 1352
6426 4 2 3 5 864 1248 778 828
6427 4 2 3 5 1303 956 859 674
6428 4 2 3 5 2461 2463 2462 2002
6429 4 2 3 5 2010 2005 2462 2002
6430 4 2 3 5 2367 2003 1363 1423
6431 4 2 3 5 2479 1424 2015 2462
6432 4 2 3 5 1230 825 806 807
6433 4 2 3 5 2547 1479 2549 1540
6434 4 2 3 5 2309 2268 2407 1628
6435 4 2 3 5 1424 2367 1363 2004
6436 4 2 3 5 159 953 657 160
6437 4 2 3 5 959 161 162 857
6438 4 2 3 5 1530 1534 1874 2028
6439 4 2 3 5 1805 695 730 773
6440 4 2 3 5 2215 1901 1903 1507
6441 4 2 3 5 698 1188 701 1192
6442 4 2 3 5 2694 1990 1987 1993
6443 4 2 3 5 1186 763 703 732
6444 4 2 3 5 1843 1841 1189 1865
6445 4 2 3 5 1906 693 1806 694
6446 4 2 3 5 1171 759 740 836
6447 4 2 3 5 715 1208 719 776
6448 4 2 3 5 2373 1375 2370 1244
6449 4 2 3 5 2461 1422 2462 1423
6450 4 2 3 5 1190 2694 793 725
6451 4 2 3 5 1424 2461 2015 2462
6452 4 2 3 5 2047 1318 2051 1324
6453 4 2 3 5 1998 2475 2462 1434
6454 4 2 3 5 1170 1230 1326 2052
6455 4 2 3 5 1230 1472 1469 1324
6456 4 2 3 5 2104 1128 1830 1514
6457 4 2 3 5 1477 1557 1556 1482
6458 4 2 3 5 2135 2133 477 2476
6459 4 2 3 5 1377 802 806 804
6460 4 2 3 5 2128 1526 2130 1473
6461 4 2 3 5 1212 1213 1211 1552
6462 4 2 3 5 1232 1135 1282 1304
6463 4 2 3 5 2367 1424 1363 2003
6464 4 2 3 5 2023 2029 2340 2030
6465 4 2 3 5 1239 2034 868 2026
6466 4 2 3 5 2448 2099 1516 2184
6467 4 2 3 5 1194 1906 1907 1808
6468 4 2 3 5 1417 2244 1865 2195
6469 4 2 3 5 700 698 1184 701
6470 4 2 3 5 1751 2421 1767 1374
6471 4 2 3 5 1934 1930 2242 1834
6472 4 2 3 5 2421 1751 1741 1374
6473 4 2 3 5 1285 922 151 945
6474 4 2 3 5 152 834 922 151
6475 4 2 3 5 1290 929 931 932
6476 4 2 3 5 1250 854 673 795
6477 4 2 3 5 855 1300 758 1185
6478 4 2 3 5 1161 1502 1790 773
6479 4 2 3 5 1783 2448 1516 2184
6480 4 2 3 5 1750 1766 2206 1767
6481 4 2 3 5 1208 715 1177 712
6482 4 2 3 5 2456 2186 2019 2449
6483 4 2 3 5 805 655 1277 826
6484 4 2 3 5 908 895 1273 1249
6485 4 2 3 5 1164 1234 655 1277
6486 4 2 3 5 1256 831 870 853
6487 4 2 3 5 1228 777 145 671
6488 4 2 3 5 1766 1750 2206 1780
6489 4 2 3 5 865 777 1249 1228
6490 4 2 3 5 777 865 671 1228
6491 4 2 3 5 1750 2205 1752 2206
6492 4 2 3 5 668 158 157 921
6493 4 2 3 5 765 1987 1196 791
6494 4 2 3 5 1199 698 699 697
6495 4 2 3 5 2228 1138 1181 2219
6496 4 2 3 5 154 819 155 917
6497 4 2 3 5 1770 1757 2206 1769
6498 4 2 3 5 1767 1766 2206 1780
6499 4 2 3 5 1751 1750 2206 1767
6500 4 2 3 5 1786 1555 1828 2134
6501 4 2 3 5 1206 687 685 1207
6502 4 2 3 5 686 1183 1207 685
6503 4 2 3 5 667 1270 856 831
6504 4 2 3 5 1750 2205 1418 1752
6505 4 2 3 5 1577 1578 1582 1560
6506 4 2 3 5 738 1372 1255 1244
6507 4 2 3 5 759 1171 740 749
6508 4 2 3 5 2472 1999 1152 2473
6509 4 2 3 5 1190 809 725 762
6510 4 2 3 5 1682 1706 1150 1167
6511 4 2 3 5 1713 2194 1741 1714
6512 4 2 3 5 2374 2377 2376 2396
6513 4 2 3 5 1252 1757 1747 1756
6514 4 2 3 5 1240 2368 1176 1383
6515 4 2 3 5 1781 1770 2206 1769
6516 4 2 3 5 1732 1734 1760 2195
6517 4 2 3 5 1267 1419 2209 2207
6518 4 2 3 5 1737 1724 2194 1738
6519 4 2 3 5 757 834 1285 1166
6520 4 2 3 5 2691 1140 1712 1293
6521 4 2 3 5 1673 1175 1681 1167
6522 4 2 3 5 1848 1844 1845 1187
6523 4 2 3 5 1996 1992 1960 1995
6524 4 2 3 5 1175 709 710 708
6525 4 2 3 5 2693 1707 1185 1150
6526 4 2 3 5 1208 1177 1704 2361
6527 4 2 3 5 1853 2588 1953 1852
6528 4 2 3 5 876 1389 1419 1274
6529 4 2 3 5 1717 2367 2383 1363
6530 4 2 3 5 1702 2358 1701 2357
6531 4 2 3 5 898 123 862 915
6532 4 2 3 5 2369 2392 1244 2372
6533 4 2 3 5 123 823 862 915
6534 4 2 3 5 1230 779 1324 1469
6535 4 2 3 5 2234 398 400 2259
6536 4 2 3 5 1557 1477 1484 1482
6537 4 2 3 5 1415 1417 2195 1866
6538 4 2 3 5 1481 1483 1320 2053
6539 4 2 3 5 1129 1257 2146 1271
6540 4 2 3 5 1472 1468 1471 1474
6541 4 2 3 5 896 667 136 1270
6542 4 2 3 5 821 779 1230 825
6543 4 2 3 5 1851 1858 1416 2196
6544 4 2 3 5 1441 2375 1370 2379
6545 4 2 3 5 1852 1759 2257 1738
6546 4 2 3 5 770 709 1859 1846
6547 4 2 3 5 764 1415 1417 732
6548 4 2 3 5 915 871 124 661
6549 4 2 3 5 1408 745 659 1165
6550 4 2 3 5 687 1206 686 688
6551 4 2 3 5 655 877 1277 133
6552 4 2 3 5 1499 1164 655 1277
6553 4 2 3 5 2304 1412 1797 1497
6554 4 2 3 5 852 1272 662 913
6555 4 2 3 5 1279 746 1165 833
6556 4 2 3 5 1745 1755 1747 1769
6557 4 2 3 5 1851 1762 2257 1738
6558 4 2 3 5 1267 1419 892 2209
6559 4 2 3 5 1496 1355 1478 1558
6560 4 2 3 5 1499 1256 1498 879
6561 4 2 3 5 1389 2397 1376 2377
6562 4 2 3 5 1273 1130 1264 1266
6563 4 2 3 5 880 1257 1271 1256
6564 4 2 3 5 1868 2245 2246 1134
6565 4 2 3 5 1279 1417 1134 1407
6566 4 2 3 5 1159 950 921 157
6567 4 2 3 5 2694 1990 793 1987
6568 4 2 3 5 1165 1279 1275 1407
6569 4 2 3 5 2691 932 1295 1293
6570 4 2 3 5 1601 1137 1644 2112
6571 4 2 3 5 924 925 1286 916
6572 4 2 3 5 1528 1872 2286 2340
6573 4 2 3 5 163 660 814 1302
6574 4 2 3 5 2372 2369 1176 1244
6575 4 2 3 5 2691 1293 1712 2690
6576 4 2 3 5 1282 2036 1286 2688
6577 4 2 3 5 953 1283 657 1305
6578 4 2 3 5 1296 668 921 817
6579 4 2 3 5 1184 1671 1196 765
6580 4 2 3 5 1417 1279 1165 1407
6581 4 2 3 5 2203 1153 2204 2418
6582 4 2 3 5 953 955 657 1296
6583 4 2 3 5 1180 1305 1181 861
6584 4 2 3 5 154 819 917 961
6585 4 2 3 5 2626 2150 1574 2625
6586 4 2 3 5 1543 1358 2550 2134
6587 4 2 3 5 863 777 1249 827
6588 4 2 3 5 1342 2534 2533 2520
6589 4 2 3 5 1802 2319 2305 1801
6590 4 2 3 5 138 874 864 910
6591 4 2 3 5 1368 2562 2556 1460
6592 4 2 3 5 2150 1825 2151 1574
6593 4 2 3 5 935 1281 938 960
6594 4 2 3 5 1707 1696 1242 1706
6595 4 2 3 5 933 1282 927 2688
6596 4 2 3 5 2417 2203 2416 2418
6597 4 2 3 5 1281 2692 1299 1993
6598 4 2 3 5 1671 1184 705 765
6599 4 2 3 5 1978 2349 1683 1688
6600 4 2 3 5 1216 1217 142 1218
6601 4 2 3 5 1996 1992 1962 1960
6602 4 2 3 5 2417 2372 2418 2416
6603 4 2 3 5 1978 2164 1710 2165
6604 4 2 3 5 735 1232 868 839
6605 4 2 3 5 2217 733 699 789
6606 4 2 3 5 1168 741 1200 734
6607 4 2 3 5 1748 2202 1749 2204
6608 4 2 3 5 1752 2199 1418 2198
6609 4 2 3 5 940 922 2691 945
6610 4 2 3 5 2692 794 855 1299
6611 4 2 3 5 1298 940 1284 952
6612 4 2 3 5 1963 1991 1995 1960
6613 4 2 3 5 2466 2356 2357 1349
6614 4 2 3 5 2202 2197 1749 2204
6615 4 2 3 5 2435 1446 1883 2327
6616 4 2 3 5 1709 1708 1666 1661
6617 4 2 3 5 1162 1250 1137 1298
6618 4 2 3 5 2281 1875 1918 1874
6619 4 2 3 5 1149 1285 1300 1166
6620 4 2 3 5 1138 2228 1283 1292
6621 4 2 3 5 1669 1188 1429 703
6622 4 2 3 5 728 1987 791 1310
6623 4 2 3 5 2431 1444 2434 1850
6624 4 2 3 5 1669 1966 1429 1188
6625 4 2 3 5 1966 1186 1429 1188
6626 4 2 3 5 791 1159 846 2436
6627 4 2 3 5 1919 1614 1525 1912
6628 4 2 3 5 2375 1720 1440 2399
6629 4 2 3 5 1188 1184 2429 1192
6630 4 2 3 5 1733 1732 1760 2195
6631 4 2 3 5 1891 1894 1629 2101
6632 4 2 3 5 1503 1506 1198 1929
6633 4 2 3 5 1411 2261 1789 2262
6634 4 2 3 5 1816 1817 2182 1516
6635 4 2 3 5 2025 2177 2330 1526
6636 4 2 3 5 2667 2650 2649 2668
6637 4 2 3 5 2557 2511 1451 2558
6638 4 2 3 5 1273 906 1253 1266
6639 4 2 3 5 1324 1468 1222 1467
6640 4 2 3 5 1718 1719 1440 2370
6641 4 2 3 5 1239 832 815 679
6642 4 2 3 5 1565 1360 1359 2096
6643 4 2 3 5 1215 1214 670 1216
6644 4 2 3 5 1974 1994 1973 1958
6645 4 2 3 5 1515 1206 2410 2278
6646 4 2 3 5 1718 1717 1440 1719
6647 4 2 3 5 1690 1948 2063 1692
6648 4 2 3 5 2113 1697 1694 2112
6649 4 2 3 5 673 854 1247 829
6650 4 2 3 5 1298 1250 1306 952
6651 4 2 3 5 942 167 956 674
6652 4 2 3 5 941 920 1297 947
6653 4 2 3 5 2612 2212 553 2613
6654 4 2 3 5 2215 2429 1965 2428
6655 4 2 3 5 1791 2310 80 1793
6656 4 2 3 5 2245 1868 2246 2248
6657 4 2 3 5 1509 1411 1790 1262
6658 4 2 3 5 1477 2547 2549 1476
6659 4 2 3 5 86 2139 85 520
6660 4 2 3 5 2210 2568 2405 883
6661 4 2 3 5 1411 2263 1133 1262
6662 4 2 3 5 1719 1720 1440 2370
6663 4 2 3 5 1256 1498 1258 1558
6664 4 2 3 5 1498 1256 1258 881
6665 4 2 3 5 2404 2381 2425 2405
6666 4 2 3 5 1296 1159 921 668
6667 4 2 3 5 1296 1301 937 958
6668 4 2 3 5 656 156 949 818
6669 4 2 3 5 1993 1147 1310 2436
6670 4 2 3 5 1717 1720 1440 1719
6671 4 2 3 5 1286 1287 927 2688
6672 4 2 3 5 2034 797 868 1286
6673 4 2 3 5 1282 1304 925 1286
6674 4 2 3 5 1327 1228 2558 2390
6675 4 2 3 5 1294 1697 1712 1295
6676 4 2 3 5 2475 1998 2482 2471
6677 4 2 3 5 1693 1711 1365 2096
6678 4 2 3 5 2071 1586 1595 1591
6679 4 2 3 5 1243 1215 1233 842
6680 4 2 3 5 1534 1360 2112 2035
6681 4 2 3 5 2227 2437 1291 2219
6682 4 2 3 5 1327 1228 1227 2558
6683 4 2 3 5 1554 2034 2028 2035
6684 4 2 3 5 165 924 164 813
6685 4 2 3 5 2056 1229 2052 1321
6686 4 2 3 5 1585 1563 1604 2123
6687 4 2 3 5 2557 2520 2511 2558
6688 4 2 3 5 1318 2047 1451 2048
6689 4 2 3 5 379 548 2091 1635
6690 4 2 3 5 2047 1221 2048 1222
6691 4 2 3 5 1338 1366 1319 2509
6692 4 2 3 5 2034 1136 2036 2112
6693 4 2 3 5 1325 1226 1468 1470
6694 4 2 3 5 2048 1452 1451 2059
6695 4 2 3 5 1325 1340 1474 1472
6696 4 2 3 5 1468 1226 1467 1470
6697 4 2 3 5 1391 2561 2556 1368
6698 4 2 3 5 2047 1579 2049 1560
6699 4 2 3 5 1455 1466 1453 2511
6700 4 2 3 5 2530 2492 2495 2487
6701 4 2 3 5 1273 2534 1328 2535
6702 4 2 3 5 2532 1487 2141 1458
6703 4 2 3 5 2068 2069 2059 1330
6704 4 2 3 5 2519 1342 2533 2520
6705 4 2 3 5 1250 1162 1306 1233
6706 4 2 3 5 2442 2164 1710 1978
6707 4 2 3 5 1179 1152 2473 2233
6708 4 2 3 5 847 1162 1242 1284
6709 4 2 3 5 2069 2068 1639 1330
6710 4 2 3 5 1959 1988 1958 1989
6711 4 2 3 5 753 1641 759 750
6712 4 2 3 5 935 931 1307 934
6713 4 2 3 5 1138 2227 1291 2219
6714 4 2 3 5 2032 2027 1534 1529
6715 4 2 3 5 2029 2025 1532 2024
6716 4 2 3 5 1888 2328 1889 2226
6717 4 2 3 5 1601 1294 1697 1137
6718 4 2 3 5 1307 950 958 1159
6719 4 2 3 5 1633 2295 2030 1876
6720 4 2 3 5 1135 2036 1282 2288
6721 4 2 3 5 1599 1581 1644 1216
6722 4 2 3 5 1342 2393 1264 1130
6723 4 2 3 5 544 93 2512 2515
6724 4 2 3 5 2370 2368 2372 2392
6725 4 2 3 5 2391 2369 1440 2392
6726 4 2 3 5 1274 1268 663 1244
6727 4 2 3 5 2231 1743 1758 2235
6728 4 2 3 5 1768 1715 1771 1739
6729 4 2 3 5 2201 2208 1713 2192
6730 4 2 3 5 2384 2014 69 2420
6731 4 2 3 5 1754 1860 1863 1738
6732 4 2 3 5 2203 2202 2233 2416
6733 4 2 3 5 2087 1926 2086 1925
6734 4 2 3 5 2003 480 2156 360
6735 4 2 3 5 1335 1238 1330 1639
6736 4 2 3 5 2490 2045 1462 2046
6737 4 2 3 5 1910 2180 1812 1803
6738 4 2 3 5 1669 704 1188 703
6739 4 2 3 5 1858 1430 1416 1859
6740 4 2 3 5 768 1502 1501 1161
6741 4 2 3 5 1809 1935 1931 1803
6742 4 2 3 5 1323 1461 2066 1462
6743 4 2 3 5 1761 1842 1865 2195
6744 4 2 3 5 93 2496 2515 2513
6745 4 2 3 5 2566 2521 1368 2565
6746 4 2 3 5 2159 2386 2387 67
6747 4 2 3 5 2229 2231 2237 2235
6748 4 2 3 5 1356 2617 1421 2157
6749 4 2 3 5 2422 2421 1716 2420
6750 4 2 3 5 1842 1415 1865 2195
6751 4 2 3 5 1461 2490 2066 1462
6752 4 2 3 5 2203 1153 734 1200
6753 4 2 3 5 1245 875 912 1165
6754 4 2 3 5 2545 2075 2072 1576
6755 4 2 3 5 1667 1763 1951 2456
6756 4 2 3 5 2102 2098 2099 512
6757 4 2 3 5 616 614 615 2662
6758 4 2 3 5 2229 398 2235 2237
6759 4 2 3 5 99 2347 371 98
6760 4 2 3 5 1364 2164 1978 1976
6761 4 2 3 5 1651 1643 1637 1653
6762 4 2 3 5 1137 1136 1644 2112
6763 4 2 3 5 1190 1175 1673 1167
6764 4 2 3 5 1645 1171 1638 1651
6765 4 2 3 5 1526 2330 1207 2129
6766 4 2 3 5 1171 1158 1640 1643
6767 4 2 3 5 1998 1434 2013 1771
6768 4 2 3 5 1175 1174 1681 1167
6769 4 2 3 5 2349 1687 2440 2438
6770 4 2 3 5 1448 1711 1600 1706
6771 4 2 3 5 1660 1333 2008 2061
6772 4 2 3 5 1691 1978 1710 2165
6773 4 2 3 5 1338 1455 1319 1453
6774 4 2 3 5 2078 2128 1473 1229
6775 4 2 3 5 2128 2078 1473 1607
6776 4 2 3 5 2393 2521 1342 1264
6777 4 2 3 5 1579 1603 1602 1552
6778 4 2 3 5 1622 1605 1606 2024
6779 4 2 3 5 1415 1842 1761 2195
6780 4 2 3 5 678 1213 677 1211
6781 4 2 3 5 878 1256 879 870
6782 4 2 3 5 2142 1455 1570 2511
6783 4 2 3 5 1327 1228 2534 1227
6784 4 2 3 5 1467 1466 1453 1471
6785 4 2 3 5 1270 136 870 831
6786 4 2 3 5 1535 2321 2311 1536
6787 4 2 3 5 2133 427 426 424
6788 4 2 3 5 1786 1358 2016 1543
6789 4 2 3 5 1458 1487 2140 1484
6790 4 2 3 5 570 2637 2598 581
6791 4 2 3 5 1583 1341 1551 1584
6792 4 2 3 5 1472 1481 1482 1484
6793 4 2 3 5 2521 2567 1573 2149
6794 4 2 3 5 1459 1458 1475 1471
6795 4 2 3 5 1402 2141 2518 1460
6796 4 2 3 5 2535 2533 2149 2567
6797 4 2 3 5 2261 1411 1505 2300
6798 4 2 3 5 1408 1417 1865 1189
6799 4 2 3 5 1481 1472 1471 1484
6800 4 2 3 5 2244 1735 2195 1867
6801 4 2 3 5 2452 1901 1931 1507
6802 4 2 3 5 1555 2477 2312 1828
6803 4 2 3 5 1906 2283 1819 1808
6804 4 2 3 5 1794 1397 1792 1793
6805 4 2 3 5 803 1164 1236 1234
6806 4 2 3 5 1216 2033 815 1211
6807 4 2 3 5 1625 2022 2338 1876
6808 4 2 3 5 425 436 455 2174
6809 4 2 3 5 2278 1524 1914 2280
6810 4 2 3 5 2573 2448 1782 2574
6811 4 2 3 5 412 2190 1940 409
6812 4 2 3 5 1477 1481 1484 1482
6813 4 2 3 5 1911 1912 1916 1512
6814 4 2 3 5 1445 2686 1889 1898
6815 4 2 3 5 1206 1182 686 1205
6816 4 2 3 5 1477 1557 1484 1478
6817 4 2 3 5 831 856 806 1469
6818 4 2 3 5 1340 1485 1484 1482
6819 4 2 3 5 1499 1164 1377 804
6820 4 2 3 5 1836 2619 1943 1736
6821 4 2 3 5 578 600 2616 2631
6822 4 2 3 5 655 1499 853 804
6823 4 2 3 5 688 1203 771 718
6824 4 2 3 5 1577 1323 1456 1592
6825 4 2 3 5 2046 1449 1486 1453
6826 4 2 3 5 1358 1621 1543 2128
6827 4 2 3 5 2082 2174 2127 2136
6828 4 2 3 5 1561 1463 1341 2052
6829 4 2 3 5 1548 1620 2136 1549
6830 4 2 3 5 1544 801 685 2129
6831 4 2 3 5 1735 1732 2195 1867
6832 4 2 3 5 2599 568 2603 569
6833 4 2 3 5 2153 82 83 361
6834 4 2 3 5 1827 537 366 512
6835 4 2 3 5 1313 1311 2158 2596
6836 4 2 3 5 1131 2494 1381 1350
6837 4 2 3 5 2555 2562 2565 2563
6838 4 2 3 5 1441 2375 2379 2388
6839 4 2 3 5 1316 2494 1317 2560
6840 4 2 3 5 2512 1568 377 519
6841 4 2 3 5 2230 392 2015 395
6842 4 2 3 5 2393 1391 1405 2388
6843 4 2 3 5 95 379 94 2092
6844 4 2 3 5 2541 2597 1636 1595
6845 4 2 3 5 1215 1243 760 842
6846 4 2 3 5 2076 1579 1602 1578
6847 4 2 3 5 807 801 1229 1170
6848 4 2 3 5 2106 1465 2105 1563
6849 4 2 3 5 1345 1608 1587 1160
6850 4 2 3 5 1642 2068 1582 2070
6851 4 2 3 5 2503 2488 2506 1456
6852 4 2 3 5 1481 1477 1484 1476
6853 4 2 3 5 2335 2336 2331 2329
6854 4 2 3 5 1334 1597 1654 1655
6855 4 2 3 5 1598 1600 1694 1442
6856 4 2 3 5 1239 1219 2033 2026
6857 4 2 3 5 2669 2670 2660 2662
6858 4 2 3 5 1651 1662 1661 1447
6859 4 2 3 5 1564 1590 2132 1623
6860 4 2 3 5 1616 2670 2684 2668
6861 4 2 3 5 616 624 2666 615
6862 4 2 3 5 1732 1735 2195 2244
6863 4 2 3 5 2110 2685 2686 1876
6864 4 2 3 5 111 2408 2365 485
6865 4 2 3 5 1448 1151 1442 1693
6866 4 2 3 5 1183 684 1209 683
6867 4 2 3 5 116 6 547 2539
6868 4 2 3 5 1566 2294 2651 2298
6869 4 2 3 5 1547 1588 1341 2052
6870 4 2 3 5 1556 1542 2548 2550
6871 4 2 3 5 2023 2025 2017 2018
6872 4 2 3 5 2137 425 424 2136
6873 4 2 3 5 2177 2025 1631 2024
6874 4 2 3 5 2492 1366 2509 2491
6875 4 2 3 5 2005 2009 1440 2006
6876 4 2 3 5 1333 2356 2008 2061
6877 4 2 3 5 2597 1334 1596 1637
6878 4 2 3 5 548 379 479 1635
6879 4 2 3 5 1349 1437 2357 1704
6880 4 2 3 5 2358 1349 2357 1704
6881 4 2 3 5 1665 1364 1701 1708
6882 4 2 3 5 713 1172 1174 1167
6883 4 2 3 5 1208 1179 2361 2473
6884 4 2 3 5 1977 1432 2162 2163
6885 4 2 3 5 2488 1456 2493 2046
6886 4 2 3 5 1131 2060 2061 2498
6887 4 2 3 5 95 2122 2093 96
6888 4 2 3 5 383 513 385 2504
6889 4 2 3 5 1351 1645 1647 1646
6890 4 2 3 5 2498 2060 1650 2500
6891 4 2 3 5 2089 2254 2253 2450
6892 4 2 3 5 1798 2319 1797 1538
6893 4 2 3 5 2594 1964 2019 2591
6894 4 2 3 5 1430 1955 2258 1989
6895 4 2 3 5 2661 2648 1949 2352
6896 4 2 3 5 775 717 1172 1210
6897 4 2 3 5 2317 1494 1493 1538
6898 4 2 3 5 1994 1977 1975 1432
6899 4 2 3 5 1858 1860 1430 1862
6900 4 2 3 5 1752 1742 2206 1756
6901 4 2 3 5 2122 97 2438 2351
6902 4 2 3 5 2168 97 2171 96
6903 4 2 3 5 1994 1959 1989 1995
6904 4 2 3 5 1684 1433 2327 1980
6905 4 2 3 5 1948 2110 2673 2686
6906 4 2 3 5 1991 1956 1962 1960
6907 4 2 3 5 1968 2432 1885 2221
6908 4 2 3 5 2218 1886 1615 1146
6909 4 2 3 5 2220 1878 2430 2216
6910 4 2 3 5 535 2483 483 1699
6911 4 2 3 5 2448 414 415 417
6912 4 2 3 5 2481 2470 2482 2483
6913 4 2 3 5 1717 1715 1771 1434
6914 4 2 3 5 1999 2232 2011 1152
6915 4 2 3 5 2627 1478 1480 1495
6916 4 2 3 5 363 2168 2170 1699
6917 4 2 3 5 1698 2355 1686 1348
6918 4 2 3 5 1773 1972 1998 2471
6919 4 2 3 5 2009 2005 1434 2013
6920 4 2 3 5 1214 1215 1644 1216
6921 4 2 3 5 1597 2543 1594 2118
6922 4 2 3 5 1706 1210 1438 1648
6923 4 2 3 5 143 1217 1218 142
6924 4 2 3 5 1663 1709 1711 1693
6925 4 2 3 5 1433 2166 1980 1684
6926 4 2 3 5 2012 2011 2416 2233
6927 4 2 3 5 1767 1720 2376 1716
6928 4 2 3 5 2212 1744 2612 2614
6929 4 2 3 5 467 2229 441 1920
6930 4 2 3 5 1410 1930 2242 1934
6931 4 2 3 5 1781 1780 2374 2376
6932 4 2 3 5 1722 1127 1723 1769
6933 4 2 3 5 516 2460 465 443
6934 4 2 3 5 1245 875 1165 659
6935 4 2 3 5 1742 1741 2206 1756
6936 4 2 3 5 2592 2256 1429 2255
6937 4 2 3 5 1853 1951 1856 1845
6938 4 2 3 5 1842 1761 1865 1392
6939 4 2 3 5 1741 1755 1725 1745
6940 4 2 3 5 1496 1478 2627 1495
6941 4 2 3 5 1741 1742 2206 1752
6942 4 2 3 5 2610 2638 571 2607
6943 4 2 3 5 581 2637 2598 2609
6944 4 2 3 5 1861 1748 2202 1749
6945 4 2 3 5 2630 2632 2633 575
6946 4 2 3 5 1413 1421 2598 1730
6947 4 2 3 5 1726 1369 2614 2097
6948 4 2 3 5 1268 1419 1388 1148
6949 4 2 3 5 1375 1389 2374 2396
6950 4 2 3 5 2202 2203 2204 2418
6951 4 2 3 5 1389 2397 2377 2396
6952 4 2 3 5 1753 1382 1743 2231
6953 4 2 3 5 1992 2324 1962 1991
6954 4 2 3 5 1974 1173 1179 2361
6955 4 2 3 5 1400 1959 1995 1679
6956 4 2 3 5 1957 1955 1958 1959
6957 4 2 3 5 2201 1740 1754 2194
6958 4 2 3 5 2609 1775 1727 2385
6959 4 2 3 5 2423 1775 1727 2609
6960 4 2 3 5 1723 1722 1769 2376
6961 4 2 3 5 2519 2142 2520 2533
6962 4 2 3 5 1478 1480 1495 1484
6963 4 2 3 5 2157 2400 2382 1421
6964 4 2 3 5 1720 2399 1370 1721
6965 4 2 3 5 1362 2472 2359 2013
6966 4 2 3 5 867 742 741 1436
6967 4 2 3 5 2232 2011 2416 1771
6968 4 2 3 5 1787 2003 2004 2383
6969 4 2 3 5 1384 2159 2160 2552
6970 4 2 3 5 2474 2001 393 2480
6971 4 2 3 5 887 1258 1251 881
6972 4 2 3 5 1496 1478 1495 1484
6973 4 2 3 5 1537 2317 1493 1538
6974 4 2 3 5 2510 2516 2509 2531
6975 4 2 3 5 1492 1357 2151 1500
6976 4 2 3 5 1212 1170 1326 1584
6977 4 2 3 5 1520 1791 1792 1793
6978 4 2 3 5 1272 1254 1161 866
6979 4 2 3 5 2215 1193 2216 1879
6980 4 2 3 5 2314 1797 1497 1251
6981 4 2 3 5 2317 82 1494 2321
6982 4 2 3 5 843 1544 1514 1236
6983 4 2 3 5 824 1203 1156 718
6984 4 2 3 5 686 1206 685 1207
6985 4 2 3 5 2299 2042 2300 1812
6986 4 2 3 5 2431 1199 1613 2216
6987 4 2 3 5 1906 2283 1808 1806
6988 4 2 3 5 1202 1204 1915 2279
6989 4 2 3 5 1504 1502 1198 773
6990 4 2 3 5 1499 887 1497 1277
6991 4 2 3 5 359 110 2408 2307
6992 4 2 3 5 1517 2315 1236 1830
6993 4 2 3 5 103 2364 2322 102
6994 4 2 3 5 1191 733 769 697
6995 4 2 3 5 884 1357 2622 883
6996 4 2 3 5 2222 1856 2019 2591
6997 4 2 3 5 1955 1988 2258 1989
6998 4 2 3 5 1773 2590 1863 1772
6999 4 2 3 5 1752 1742 1867 1714
7000 4 2 3 5 2252 1763 2458 2259
7001 4 2 3 5 750 759 749 1648
7002 4 2 3 5 1969 1991 1431 1984
7003 4 2 3 5 794 820 1299 1310
7004 4 2 3 5 1173 1432 1154 2162
7005 4 2 3 5 1966 1952 1845 1187
7006 4 2 3 5 2446 1400 1960 1679
7007 4 2 3 5 1994 1989 1672 1995
7008 4 2 3 5 1190 708 707 1986
7009 4 2 3 5 1669 1966 1985 2592
7010 4 2 3 5 1140 1290 1293 1295
7011 4 2 3 5 1151 1446 1980 1684
7012 4 2 3 5 810 680 679 1239
7013 4 2 3 5 1197 2435 1615 1883
7014 4 2 3 5 682 1219 1545 1473
7015 4 2 3 5 1762 1851 2257 2256
7016 4 2 3 5 1981 1566 1695 2435
7017 4 2 3 5 1674 1675 2327 1883
7018 4 2 3 5 814 924 1304 813
7019 4 2 3 5 1206 1182 1205 2278
7020 4 2 3 5 1245 1246 1505 1161
7021 4 2 3 5 1869 2414 1887 1889
7022 4 2 3 5 1910 1814 2572 1892
7023 4 2 3 5 1805 2181 1510 2576
7024 4 2 3 5 1873 1915 1819 1907
7025 4 2 3 5 1204 783 729 784
7026 4 2 3 5 1246 1245 1505 1269
7027 4 2 3 5 799 774 1790 773
7028 4 2 3 5 1283 1180 1305 1181
7029 4 2 3 5 2236 2231 2237 1758
7030 4 2 3 5 1814 1809 2451 1854
7031 4 2 3 5 1717 1718 1771 1765
7032 4 2 3 5 1925 1937 1936 1810
7033 4 2 3 5 1855 2186 1856 2456
7034 4 2 3 5 2323 1954 2430 1969
7035 4 2 3 5 1937 2188 2451 1940
7036 4 2 3 5 1535 1519 2152 2173
7037 4 2 3 5 493 543 2193 2467
7038 4 2 3 5 1970 1888 1889 2226
7039 4 2 3 5 1740 1866 1754 1385
7040 4 2 3 5 1858 1862 1861 1863
7041 4 2 3 5 407 461 2041 2449
7042 4 2 3 5 1688 2120 1949 1692
7043 4 2 3 5 2351 2119 2350 2352
7044 4 2 3 5 1360 2111 1359 2096
7045 4 2 3 5 1880 2297 1907 1615
7046 4 2 3 5 2034 1136 2112 1214
7047 4 2 3 5 1985 2258 1953 1984
7048 4 2 3 5 1979 1433 1980 2327
7049 4 2 3 5 1671 1184 1196 1850
7050 4 2 3 5 1444 2324 2432 1970
7051 4 2 3 5 1432 1977 1975 2163
7052 4 2 3 5 2674 2328 1888 1401
7053 4 2 3 5 2454 397 2259 399
7054 4 2 3 5 2432 1444 1970 2434
7055 4 2 3 5 396 442 492 2484
7056 4 2 3 5 442 530 492 2484
7057 4 2 3 5 2098 2102 1518 2173
7058 4 2 3 5 1996 1992 2327 1962
7059 4 2 3 5 1519 2135 2173 2476
7060 4 2 3 5 1897 1919 1885 2293
7061 4 2 3 5 1888 1970 2434 2226
7062 4 2 3 5 1281 1290 1982 2437
7063 4 2 3 5 1181 1915 1918 1907
7064 4 2 3 5 1136 1214 1644 2112
7065 4 2 3 5 2694 2692 1185 2693
7066 4 2 3 5 1614 1919 1525 2297
7067 4 2 3 5 2287 1873 1530 1874
7068 4 2 3 5 1846 709 1178 1670
7069 4 2 3 5 1684 1685 1695 1993
7070 4 2 3 5 1988 1963 1995 1679
7071 4 2 3 5 1754 1740 1385 1738
7072 4 2 3 5 770 704 1670 1846
7073 4 2 3 5 2593 2595 2322 1964
7074 4 2 3 5 2256 2592 1953 1845
7075 4 2 3 5 1739 1715 1765 1767
7076 4 2 3 5 2367 2003 1423 2160
7077 4 2 3 5 1423 480 2552 2160
7078 4 2 3 5 2400 2382 2385 1721
7079 4 2 3 5 1423 2003 470 531
7080 4 2 3 5 2357 2466 2465 2008
7081 4 2 3 5 1631 2335 2336 1870
7082 4 2 3 5 2217 1880 1196 1613
7083 4 2 3 5 418 2448 419 415
7084 4 2 3 5 825 808 807 1170
7085 4 2 3 5 1345 1604 1606 1584
7086 4 2 3 5 1891 1895 2307 2409
7087 4 2 3 5 1818 1524 2577 2278
7088 4 2 3 5 2023 2018 2017 1870
7089 4 2 3 5 1564 2334 2132 2116
7090 4 2 3 5 772 1202 2279 729
7091 4 2 3 5 2296 1981 1982 2227
7092 4 2 3 5 1360 1566 1694 1567
7093 4 2 3 5 942 1303 926 1286
7094 4 2 3 5 1646 1656 1701 1659
7095 4 2 3 5 744 671 1238 838
7096 4 2 3 5 2076 1603 1584 1604
7097 4 2 3 5 1183 1182 1527 2279
7098 4 2 3 5 376 2501 89 2505
7099 4 2 3 5 2510 1455 2511 1570
7100 4 2 3 5 739 1241 1335 837
7101 4 2 3 5 1532 2027 1209 2279
7102 4 2 3 5 2503 2544 2502 1332
7103 4 2 3 5 1646 2168 1661 2169
7104 4 2 3 5 95 2122 96 2169
7105 4 2 3 5 2481 1634 2062 474
7106 4 2 3 5 1213 1579 1231 1225
7107 4 2 3 5 2062 2060 1650 2061
7108 4 2 3 5 2048 2068 1582 2059
7109 4 2 3 5 2523 2497 382 2526
7110 4 2 3 5 1646 1645 1650 1637
7111 4 2 3 5 1693 1689 2063 1365
7112 4 2 3 5 1586 2070 1595 1582
7113 4 2 3 5 1202 1915 1819 2279
7114 4 2 3 5 2671 624 639 2666
7115 4 2 3 5 2124 2080 2126 1550
7116 4 2 3 5 379 548 2058 2091
7117 4 2 3 5 1592 1586 1595 1582
7118 4 2 3 5 2091 2538 94 2092
7119 4 2 3 5 1592 2545 2506 2537
7120 4 2 3 5 2057 475 476 2037
7121 4 2 3 5 1819 1915 1527 2279
7122 4 2 3 5 2627 2317 1493 2320
7123 4 2 3 5 2321 1535 2311 2173
7124 4 2 3 5 1627 2573 2572 2574
7125 4 2 3 5 391 2461 2015 470
7126 4 2 3 5 721 1224 2279 1209
7127 4 2 3 5 2027 1532 1527 2279
7128 4 2 3 5 2084 1479 2549 2476
7129 4 2 3 5 1294 1136 1288 1287
7130 4 2 3 5 1195 791 1196 2436
7131 4 2 3 5 1884 2437 1982 2227
7132 4 2 3 5 2281 1144 2689 1135
7133 4 2 3 5 1281 2437 1982 1993
7134 4 2 3 5 1981 1875 1141 1530
7135 4 2 3 5 1151 1685 1695 1684
7136 4 2 3 5 2694 1987 793 1310
7137 4 2 3 5 2692 1685 2693 1993
7138 4 2 3 5 2131 2126 2329 2127
7139 4 2 3 5 434 511 510 2079
7140 4 2 3 5 1605 2124 1589 2125
7141 4 2 3 5 1583 1561 2077 1551
7142 4 2 3 5 2133 1531 2136 426
7143 4 2 3 5 2080 2082 2126 1550
7144 4 2 3 5 2023 2336 2329 2024
7145 4 2 3 5 2667 2663 2666 628
7146 4 2 3 5 1786 1785 1828 1518
7147 4 2 3 5 1533 1554 2033 2026
7148 4 2 3 5 1786 2175 1785 1548
7149 4 2 3 5 1358 2016 2176 2134
7150 4 2 3 5 2448 2581 1783 1782
7151 4 2 3 5 1796 1522 1538 1536
7152 4 2 3 5 2369 2390 1163 2392
7153 4 2 3 5 1767 1751 1374 2206
7154 4 2 3 5 2355 2010 2002 2008
7155 4 2 3 5 2521 1391 1368 2565
7156 4 2 3 5 2492 2530 2509 2493
7157 4 2 3 5 1344 1590 1591 1587
7158 4 2 3 5 2681 2117 2107 2114
7159 4 2 3 5 2441 1364 1978 2438
7160 4 2 3 5 620 2648 631 622
7161 4 2 3 5 1634 2597 1635 2167
7162 4 2 3 5 2122 97 2351 96
7163 4 2 3 5 1522 1796 1538 1797
7164 4 2 3 5 2131 2124 2127 1605
7165 4 2 3 5 1890 1900 2344 2269
7166 4 2 3 5 2190 2187 2451 2041
7167 4 2 3 5 2554 1814 2451 1854
7168 4 2 3 5 1839 2467 496 2458
7169 4 2 3 5 2630 555 575 589
7170 4 2 3 5 1627 1511 2572 1892
7171 4 2 3 5 1505 1503 2300 1790
7172 4 2 3 5 2043 2301 1817 1516
7173 4 2 3 5 2130 1621 1606 1549
7174 4 2 3 5 2185 2040 2041 2554
7175 4 2 3 5 2236 2455 1758 2237
7176 4 2 3 5 2230 467 395 1788
7177 4 2 3 5 516 444 465 2460
7178 4 2 3 5 480 2003 2156 2160
7179 4 2 3 5 1751 1741 1374 2206
7180 4 2 3 5 1858 1754 1861 1749
7181 4 2 3 5 357 526 2088 1839
7182 4 2 3 5 1858 1860 1862 1863
7183 4 2 3 5 2643 2612 553 2613
7184 4 2 3 5 1373 1735 1835 1868
7185 4 2 3 5 2375 2395 2396 2376
7186 4 2 3 5 2621 1838 1747 1260
7187 4 2 3 5 71 2097 2211 2423
7188 4 2 3 5 103 370 2322 2342
7189 4 2 3 5 614 2659 2664 2662
7190 4 2 3 5 1952 1849 1856 1845
7191 4 2 3 5 1583 1604 1584 1606
7192 4 2 3 5 2572 1890 2571 2269
7193 4 2 3 5 1849 1848 1845 1187
7194 4 2 3 5 2224 105 2427 362
7195 4 2 3 5 2222 362 505 2213
7196 4 2 3 5 2469 2455 397 2237
7197 4 2 3 5 1382 1768 1739 1715
7198 4 2 3 5 1386 2232 1861 2202
7199 4 2 3 5 1859 1168 727 1436
7200 4 2 3 5 1773 1998 2013 1771
7201 4 2 3 5 2056 1543 1547 1549
7202 4 2 3 5 127 875 659 850
7203 4 2 3 5 2299 2261 2260 1505
7204 4 2 3 5 1269 1245 1275 2246
7205 4 2 3 5 1669 2258 1429 2592
7206 4 2 3 5 2078 2056 1547 1549
7207 4 2 3 5 1199 700 1196 2217
7208 4 2 3 5 1844 2255 1845 1187
7209 4 2 3 5 2455 2236 397 2237
7210 4 2 3 5 704 770 763 1846
7211 4 2 3 5 1762 1761 1760 2195
7212 4 2 3 5 1713 2208 2194 2192
7213 4 2 3 5 2239 1735 1835 2249
7214 4 2 3 5 73 72 2613 586
7215 4 2 3 5 2595 104 503 1964
7216 4 2 3 5 1728 1777 2640 1730
7217 4 2 3 5 2317 2310 81 2321
7218 4 2 3 5 886 885 2405 883
7219 4 2 3 5 2056 2078 1543 1549
7220 4 2 3 5 1395 2247 1943 1921
7221 4 2 3 5 2301 2043 2300 2262
7222 4 2 3 5 2230 2478 2480 2237
7223 4 2 3 5 1520 1522 1792 1796
7224 4 2 3 5 2317 2634 2320 80
7225 4 2 3 5 599 2641 2632 598
7226 4 2 3 5 2124 1589 1551 1606
7227 4 2 3 5 2289 2308 109 2275
7228 4 2 3 5 445 2456 2019 2449
7229 4 2 3 5 1512 1523 2576 1909
7230 4 2 3 5 1631 2177 1622 1549
7231 4 2 3 5 2230 2229 2478 2237
7232 4 2 3 5 1872 2341 2286 1898
7233 4 2 3 5 1633 2111 2295 1876
7234 4 2 3 5 1908 1912 1905 1523
7235 4 2 3 5 1913 2283 2276 1895
7236 4 2 3 5 2296 1289 1288 1139
7237 4 2 3 5 1554 1534 2028 2026
7238 4 2 3 5 2328 1888 2434 2226
7239 4 2 3 5 951 1305 936 919
7240 4 2 3 5 1138 1283 1181 2219
7241 4 2 3 5 2130 1622 1606 2024
7242 4 2 3 5 1539 1537 1495 1538
7243 4 2 3 5 2601 2617 1571 560
7244 4 2 3 5 1827 486 80 2310
7245 4 2 3 5 2306 500 78 79
7246 4 2 3 5 1794 1798 1793 2634
7247 4 2 3 5 2319 1797 1251 2305
7248 4 2 3 5 2310 1522 80 1793
7249 4 2 3 5 2102 1827 2310 486
7250 4 2 3 5 2564 2601 1571 560
7251 4 2 3 5 1358 1621 2016 1543
7252 4 2 3 5 427 440 2476 2084
7253 4 2 3 5 1281 2437 1993 1145
7254 4 2 3 5 1346 2071 1352 2074
7255 4 2 3 5 1671 1987 1196 765
7256 4 2 3 5 1875 1981 2035 2288
7257 4 2 3 5 1290 931 1289 1291
7258 4 2 3 5 705 728 707 1986
7259 4 2 3 5 2431 2432 1969 2430
7260 4 2 3 5 1662 2095 2096 1352
7261 4 2 3 5 2025 2177 2017 2330
7262 4 2 3 5 1364 1687 1978 2438
7263 4 2 3 5 1422 387 2002 2552
7264 4 2 3 5 2353 489 371 98
7265 4 2 3 5 2661 2678 2675 2352
7266 4 2 3 5 516 550 2460 443
7267 4 2 3 5 65 64 1571 560
7268 4 2 3 5 64 2564 1571 560
7269 4 2 3 5 1210 1649 1706 1242
7270 4 2 3 5 867 823 1280 1200
7271 4 2 3 5 1208 761 2473 1176
7272 4 2 3 5 719 1349 1240 1176
7273 4 2 3 5 1751 1739 1750 1767
7274 4 2 3 5 1680 1976 1703 1973
7275 4 2 3 5 602 65 1571 560
7276 4 2 3 5 2391 2393 2379 2388
7277 4 2 3 5 1268 876 1419 1274
7278 4 2 3 5 2192 1764 70 365
7279 4 2 3 5 1356 1413 1421 2617
7280 4 2 3 5 1719 1718 1767 1765
7281 4 2 3 5 2375 2391 1440 2392
7282 4 2 3 5 71 2192 70 365
7283 4 2 3 5 2606 601 2385 68
7284 4 2 3 5 2617 602 1571 560
7285 4 2 3 5 1379 1391 1381 1390
7286 4 2 3 5 2386 1391 2388 1405
7287 4 2 3 5 1741 1755 2206 1756
7288 4 2 3 5 1750 2205 2206 1780
7289 4 2 3 5 2481 1698 1348 2002
7290 4 2 3 5 1434 2479 2462 2004
7291 4 2 3 5 1435 1718 1383 2011
7292 4 2 3 5 2159 1384 2160 2387
7293 4 2 3 5 84 2141 2140 85
7294 4 2 3 5 1572 2521 1573 1491
7295 4 2 3 5 2567 2568 1573 2569
7296 4 2 3 5 1279 1417 1280 2198
7297 4 2 3 5 2421 2422 1716 1741
7298 4 2 3 5 1127 1729 1770 1769
7299 4 2 3 5 2379 2395 1370 2376
7300 4 2 3 5 2231 1426 2237 1758
7301 4 2 3 5 2621 2210 1260 2191
7302 4 2 3 5 906 893 1266 1264
7303 4 2 3 5 1382 2415 1768 1715
7304 4 2 3 5 1718 1717 1767 1765
7305 4 2 3 5 2415 2201 2192 2421
7306 4 2 3 5 2097 1369 2614 2611
7307 4 2 3 5 1127 1728 1769 1730
7308 4 2 3 5 1579 1578 1582 1602
7309 4 2 3 5 2444 1400 1679 1678
7310 4 2 3 5 888 1261 2248 1409
7311 4 2 3 5 497 2445 102 2322
7312 4 2 3 5 1197 1987 1850 1883
7313 4 2 3 5 1147 1197 1987 2436
7314 4 2 3 5 790 1195 2436 791
7315 4 2 3 5 2217 1195 1196 2436
7316 4 2 3 5 1444 2324 2434 2327
7317 4 2 3 5 1261 888 2248 2246
7318 4 2 3 5 1928 1201 1931 2452
7319 4 2 3 5 2446 1961 2364 1960
7320 4 2 3 5 1585 1602 2070 1582
7321 4 2 3 5 1862 1860 1958 1863
7322 4 2 3 5 1585 1577 1602 1582
7323 4 2 3 5 2505 2058 2544 1593
7324 4 2 3 5 2247 1261 2248 2246
7325 4 2 3 5 398 2234 2235 2259
7326 4 2 3 5 2058 2505 2538 1593
7327 4 2 3 5 403 2457 404 2456
7328 4 2 3 5 2553 533 2223 2039
7329 4 2 3 5 1759 1852 1760 1738
7330 4 2 3 5 2468 2001 442 2484
7331 4 2 3 5 2470 1439 2474 2463
7332 4 2 3 5 1715 1717 1771 1765
7333 4 2 3 5 1439 2475 2474 2485
7334 4 2 3 5 1677 1426 2484 2471
7335 4 2 3 5 621 618 2660 620
7336 4 2 3 5 2161 2483 2000 490
7337 4 2 3 5 643 636 2362 635
7338 4 2 3 5 1775 2422 1716 2420
7339 4 2 3 5 2505 2541 2538 1593
7340 4 2 3 5 2353 1971 2484 2354
7341 4 2 3 5 1717 1715 1434 2383
7342 4 2 3 5 2596 1311 2158 1569
7343 4 2 3 5 372 484 455 2174
7344 4 2 3 5 2544 2505 1593 2502
7345 4 2 3 5 1323 1461 1456 2506
7346 4 2 3 5 1479 2547 2055 2083
7347 4 2 3 5 1568 528 377 519
7348 4 2 3 5 1323 2067 1461 2506
7349 4 2 3 5 621 2672 618 627
7350 4 2 3 5 2053 1454 2052 1486
7351 4 2 3 5 2527 2487 2495 2489
7352 4 2 3 5 2062 1634 2500 1332
7353 4 2 3 5 66 2617 1571 2644
7354 4 2 3 5 2064 508 375 2066
7355 4 2 3 5 1547 2056 2052 2548
7356 4 2 3 5 368 383 2523 2489
7357 4 2 3 5 2489 2501 472 2504
7358 4 2 3 5 475 367 91 2491
7359 4 2 3 5 381 528 2495 2526
7360 4 2 3 5 2544 1378 2502 1332
7361 4 2 3 5 2499 1241 2498 1223
7362 4 2 3 5 513 2058 474 2504
7363 4 2 3 5 1634 2058 2504 474
7364 4 2 3 5 1389 1274 899 1255
7365 4 2 3 5 2626 2566 1491 2625
7366 4 2 3 5 1794 1822 1823 2305
7367 4 2 3 5 7 863 146 902
7368 4 2 3 5 666 119 872 118
7369 4 2 3 5 1578 1577 1602 1604
7370 4 2 3 5 2077 2080 2079 2123
7371 4 2 3 5 1470 2143 1227 2511
7372 4 2 3 5 2505 88 2538 2507
7373 4 2 3 5 1579 2076 2049 1560
7374 4 2 3 5 2556 2516 2517 2515
7375 4 2 3 5 86 2038 2513 2517
7376 4 2 3 5 1325 1226 1227 2145
7377 4 2 3 5 1467 1470 1227 2511
7378 4 2 3 5 572 2617 2601 595
7379 4 2 3 5 1539 1537 1126 1801
7380 4 2 3 5 2555 1367 2556 2515
7381 4 2 3 5 64 2555 2563 5
7382 4 2 3 5 1129 1257 1271 2147
7383 4 2 3 5 2148 1488 1322 2533
7384 4 2 3 5 1487 2532 2531 1458
7385 4 2 3 5 1583 1577 1578 1604
7386 4 2 3 5 1508 1504 2189 1510
7387 4 2 3 5 1900 1904 1901 1905
7388 4 2 3 5 2187 2185 1854 2451
7389 4 2 3 5 2187 460 410 459
7390 4 2 3 5 2590 1860 2589 1863
7391 4 2 3 5 2076 1578 1602 1604
7392 4 2 3 5 2076 1583 1578 1604
7393 4 2 3 5 103 2364 102 2363
7394 4 2 3 5 394 2468 2469 2237
7395 4 2 3 5 2082 2126 1550 2127
7396 4 2 3 5 2541 1636 2544 2503
7397 4 2 3 5 2046 1449 1453 1319
7398 4 2 3 5 1559 1577 1582 1560
7399 4 2 3 5 1451 2051 1453 1560
7400 4 2 3 5 2115 2106 2107 2114
7401 4 2 3 5 2597 1334 1637 1595
7402 4 2 3 5 2355 2358 1703 2359
7403 4 2 3 5 612 2659 2114 604
7404 4 2 3 5 1638 2069 1595 1642
7405 4 2 3 5 1334 1594 1596 2118
7406 4 2 3 5 1521 2317 2320 1801
7407 4 2 3 5 2628 1490 2608 2616
7408 4 2 3 5 1886 2218 1615 2436
7409 4 2 3 5 2564 1404 1571 2645
7410 4 2 3 5 2645 1413 2625 1574
7411 4 2 3 5 2425 2402 2191 1747
7412 4 2 3 5 2317 82 2320 2627
7413 4 2 3 5 2302 555 2632 2634
7414 4 2 3 5 2218 1880 1615 2436
7415 4 2 3 5 1530 1873 1918 1874
7416 4 2 3 5 2098 2102 525 512
7417 4 2 3 5 568 577 569 2599
7418 4 2 3 5 2302 2265 1789 1799
7419 4 2 3 5 2281 1204 1915 1918
7420 4 2 3 5 2632 1353 1799 2635
7421 4 2 3 5 2035 2036 2028 2288
7422 4 2 3 5 1875 1530 1918 1874
7423 4 2 3 5 1797 1796 1536 2316
7424 4 2 3 5 555 590 2632 2630
7425 4 2 3 5 1499 878 879 877
7426 4 2 3 5 1815 2619 1943 2647
7427 4 2 3 5 1744 2643 2090 2613
7428 4 2 3 5 2109 2117 2682 1626
7429 4 2 3 5 2335 112 2329 2331
7430 4 2 3 5 108 2267 640 109
7431 4 2 3 5 2362 643 635 2676
7432 4 2 3 5 2292 2274 2273 2655
7433 4 2 3 5 2334 1564 1626 1624
7434 4 2 3 5 2366 1871 2407 2338
7435 4 2 3 5 1155 2034 2112 1214
7436 4 2 3 5 2661 2658 2662 1949
7437 4 2 3 5 2671 2652 2666 2668
7438 4 2 3 5 549 370 509 2342
7439 4 2 3 5 1711 1709 1691 1693
7440 4 2 3 5 1981 1566 1694 1695
7441 4 2 3 5 1897 1919 1912 1885
7442 4 2 3 5 2431 2221 2216 1613
7443 4 2 3 5 2294 1566 2651 2295
7444 4 2 3 5 2111 1360 2295 2651
7445 4 2 3 5 2334 2022 2682 1624
7446 4 2 3 5 1565 1346 1359 1626
7447 4 2 3 5 1623 2031 2334 1626
7448 4 2 3 5 2022 2665 1624 2668
7449 4 2 3 5 2020 2110 2651 1876
7450 4 2 3 5 2111 2020 1633 1359
7451 4 2 3 5 1944 1261 2248 2247
7452 4 2 3 5 1401 2328 1962 2327
7453 4 2 3 5 75 2251 76 2618
7454 4 2 3 5 464 2089 2253 406
7455 4 2 3 5 612 2659 2108 613
7456 4 2 3 5 1944 2247 2248 1943
7457 4 2 3 5 379 95 2091 2092
7458 4 2 3 5 1564 1623 2334 1626
7459 4 2 3 5 2681 1612 2657 1949
7460 4 2 3 5 2505 88 521 2538
7461 4 2 3 5 1590 1564 1626 1623
7462 4 2 3 5 530 2353 490 371
7463 4 2 3 5 2648 631 606 2350
7464 4 2 3 5 2648 620 2675 2658
7465 4 2 3 5 1608 1623 1626 1609
7466 4 2 3 5 491 2347 99 100
7467 4 2 3 5 2349 651 2677 2350
7468 4 2 3 5 605 2267 2308 109
7469 4 2 3 5 2435 2298 2226 1615
7470 4 2 3 5 1590 1608 1626 1609
7471 4 2 3 5 2100 1511 2181 1782
7472 4 2 3 5 1608 1590 1626 1623
7473 4 2 3 5 2577 2575 2277 1914
7474 4 2 3 5 1656 1657 1701 1659
7475 4 2 3 5 1333 2356 2061 1650
7476 4 2 3 5 2597 1634 2500 1637
7477 4 2 3 5 1634 2597 1596 1637
7478 4 2 3 5 121 812 899 1274
7479 4 2 3 5 662 130 131 873
7480 4 2 3 5 759 750 1640 1648
7481 4 2 3 5 1125 1498 1403 2314
7482 4 2 3 5 2477 1555 2550 2134
7483 4 2 3 5 1230 1469 1321 806
7484 4 2 3 5 1922 1943 1923 1837
7485 4 2 3 5 1270 856 1469 828
7486 4 2 3 5 7 874 864 138
7487 4 2 3 5 143 1221 144 1238
7488 4 2 3 5 1641 750 1648 1640
7489 4 2 3 5 1197 1880 1196 2436
7490 4 2 3 5 2217 722 699 1196
7491 4 2 3 5 1285 834 1300 1166
7492 4 2 3 5 750 1641 1648 1649
7493 4 2 3 5 1711 1447 1600 1648
7494 4 2 3 5 1303 1136 1286 2034
7495 4 2 3 5 1649 1711 1600 1648
7496 4 2 3 5 928 941 1297 947
7497 4 2 3 5 1658 1647 1640 1648
7498 4 2 3 5 1644 1137 1306 1297
7499 4 2 3 5 1437 1647 1658 1648
7500 4 2 3 5 2058 1634 2544 1635
7501 4 2 3 5 2122 2439 2171 1666
7502 4 2 3 5 1641 1640 1648 1600
7503 4 2 3 5 632 2648 606 2119
7504 4 2 3 5 2045 2054 1462 2083
7505 4 2 3 5 2497 383 385 2504
7506 4 2 3 5 2481 469 2483 483
7507 4 2 3 5 1773 1768 1434 1771
7508 4 2 3 5 385 473 2481 474
7509 4 2 3 5 2464 1312 2497 2062
7510 4 2 3 5 1649 1641 1648 1600
7511 4 2 3 5 524 2014 360 1787
7512 4 2 3 5 2586 2455 2460 443
7513 4 2 3 5 394 2468 396 2469
7514 4 2 3 5 394 396 397 2469
7515 4 2 3 5 2060 2062 2494 2061
7516 4 2 3 5 2179 2570 417 2580
7517 4 2 3 5 1131 2464 1350 2061
7518 4 2 3 5 1422 2464 2002 2008
7519 4 2 3 5 2179 414 459 411
7520 4 2 3 5 2356 2499 2008 2061
7521 4 2 3 5 570 2637 581 580
7522 4 2 3 5 438 2089 437 408
7523 4 2 3 5 401 2234 2259 2458
7524 4 2 3 5 90 2501 2064 89
7525 4 2 3 5 2250 1944 2248 1943
7526 4 2 3 5 1634 2481 2062 1659
7527 4 2 3 5 412 2179 1940 2190
7528 4 2 3 5 2339 2280 2277 2282
7529 4 2 3 5 418 420 2184 2183
7530 4 2 3 5 2082 1531 2136 1550
7531 4 2 3 5 1891 2183 2582 1783
7532 4 2 3 5 2179 414 2448 417
7533 4 2 3 5 458 2099 419 439
7534 4 2 3 5 2573 2179 1782 2448
7535 4 2 3 5 522 2065 375 2066
7536 4 2 3 5 477 440 488 2476
7537 4 2 3 5 82 2317 1494 2627
7538 4 2 3 5 1350 2464 2006 2061
7539 4 2 3 5 1829 2104 1828 2134
7540 4 2 3 5 427 429 440 2084
7541 4 2 3 5 1519 2549 1541 2476
7542 4 2 3 5 1660 2464 2062 2061
7543 4 2 3 5 2055 2054 2083 1462
7544 4 2 3 5 428 2054 2081 432
7545 4 2 3 5 1479 1531 2476 2084
7546 4 2 3 5 447 2084 1540 529
7547 4 2 3 5 1992 1674 1969 1431
7548 4 2 3 5 1519 1555 2152 2173
7549 4 2 3 5 1743 1758 2235 2259
7550 4 2 3 5 2234 1743 2235 2259
7551 4 2 3 5 1992 1674 1431 1995
7552 4 2 3 5 1846 704 1670 1429
7553 4 2 3 5 2089 1937 2450 1945
7554 4 2 3 5 2252 2457 1763 2259
7555 4 2 3 5 704 1669 1670 1429
7556 4 2 3 5 1175 1673 1672 1986
7557 4 2 3 5 1670 1669 1986 1672
7558 4 2 3 5 728 1987 707 1986
7559 4 2 3 5 2599 2603 1776 2633
7560 4 2 3 5 392 2474 2480 2015
7561 4 2 3 5 1687 2349 2440 98
7562 4 2 3 5 1674 1673 1986 1672
7563 4 2 3 5 2165 1433 1975 1681
7564 4 2 3 5 2098 422 430 477
7565 4 2 3 5 1950 1688 1683 2348
7566 4 2 3 5 2165 1706 1681 1438
7567 4 2 3 5 1763 1759 1738 2259
7568 4 2 3 5 1983 1864 2445 2587
7569 4 2 3 5 1682 1706 1681 2165
7570 4 2 3 5 2126 2124 1550 2127
7571 4 2 3 5 2663 2665 2682 1624
7572 4 2 3 5 2021 2366 111 650
7573 4 2 3 5 2335 2337 2336 111
7574 4 2 3 5 2166 1682 1681 2165
7575 4 2 3 5 1433 2166 1681 2165
7576 4 2 3 5 1744 2619 2643 2612
7577 4 2 3 5 1726 2208 72 2194
7578 4 2 3 5 75 1941 2088 501
7579 4 2 3 5 2469 396 397 443
7580 4 2 3 5 1788 1787 450 395
7581 4 2 3 5 2610 585 593 571
7582 4 2 3 5 1426 2468 2484 2471
7583 4 2 3 5 2166 1682 1684 1681
7584 4 2 3 5 436 425 2137 2174
7585 4 2 3 5 372 455 534 2174
7586 4 2 3 5 1433 2166 1684 1681
7587 4 2 3 5 2183 420 2184 2138
7588 4 2 3 5 2177 2016 1631 2017
7589 4 2 3 5 2274 2292 2273 2346
7590 4 2 3 5 2572 2573 2578 2571
7591 4 2 3 5 108 2579 2583 499
7592 4 2 3 5 1346 1617 2074 2096
7593 4 2 3 5 1575 1391 2521 2565
7594 4 2 3 5 93 544 2512 377
7595 4 2 3 5 2603 567 2607 2602
7596 4 2 3 5 1693 1365 2063 2096
7597 4 2 3 5 544 2512 377 519
7598 4 2 3 5 2536 2623 554 2624
7599 4 2 3 5 1663 1711 2096 1365
7600 4 2 3 5 2020 2111 2063 2096
7601 4 2 3 5 2157 2617 556 582
7602 4 2 3 5 2231 1361 1758 1863
7603 4 2 3 5 1764 2192 1920 365
7604 4 2 3 5 82 1494 83 2627
7605 4 2 3 5 1980 1693 2063 1442
7606 4 2 3 5 2234 1737 2467 2194
7607 4 2 3 5 1759 2588 2454 1763
7608 4 2 3 5 603 636 635 2362
7609 4 2 3 5 576 569 2633 575
7610 4 2 3 5 1974 2360 1973 2162
7611 4 2 3 5 2215 1965 1901 1507
7612 4 2 3 5 1763 1853 1951 2456
7613 4 2 3 5 1618 2095 2074 2096
7614 4 2 3 5 2049 1561 2050 1132
7615 4 2 3 5 1446 1980 2063 1442
7616 4 2 3 5 2564 588 2623 2624
7617 4 2 3 5 561 588 562 2623
7618 4 2 3 5 82 559 2627 83
7619 4 2 3 5 1446 2674 2063 1980
7620 4 2 3 5 1422 1384 1363 2160
7621 4 2 3 5 2212 2097 597 586
7622 4 2 3 5 2423 70 2609 2211
7623 4 2 3 5 2606 2640 2609 2598
7624 4 2 3 5 2640 2637 2609 2598
7625 4 2 3 5 599 2265 2632 2266
7626 4 2 3 5 566 574 2605 569
7627 4 2 3 5 75 502 1941 501
7628 4 2 3 5 2200 2198 1387 1867
7629 4 2 3 5 1737 1763 1738 2259
7630 4 2 3 5 2239 2238 2249 1942
7631 4 2 3 5 2238 2249 1942 2090
7632 4 2 3 5 1392 1840 1832 1834
7633 4 2 3 5 1655 2071 1591 2074
7634 4 2 3 5 1871 1872 2286 2407
7635 4 2 3 5 614 2662 2664 615
7636 4 2 3 5 2308 2406 109 2412
7637 4 2 3 5 2663 2665 2333 2682
7638 4 2 3 5 1960 1400 1975 1995
7639 4 2 3 5 1400 1959 1975 1995
7640 4 2 3 5 628 2667 650 641
7641 4 2 3 5 2656 2680 2653 2673
7642 4 2 3 5 2161 489 490 2353
7643 4 2 3 5 2671 2652 626 619
7644 4 2 3 5 1612 2109 2662 2665
7645 4 2 3 5 625 2671 626 619
7646 4 2 3 5 1702 1427 1705 1703
7647 4 2 3 5 1702 1704 1705 1427
7648 4 2 3 5 634 2115 2333 2108
7649 4 2 3 5 2001 442 468 393
7650 4 2 3 5 2187 2554 2451 1854
7651 4 2 3 5 405 403 404 2456
7652 4 2 3 5 1735 1373 1835 1736
7653 4 2 3 5 1739 1713 1741 1714
7654 4 2 3 5 1724 1726 72 2194
7655 4 2 3 5 2234 2194 1743 1738
7656 4 2 3 5 623 2658 622 2657
7657 4 2 3 5 1839 1737 2253 1760
7658 4 2 3 5 1590 1610 2074 1587
7659 4 2 3 5 2121 2681 2114 2657
7660 4 2 3 5 508 2490 2066 2064
7661 4 2 3 5 2213 2214 2223 2039
7662 4 2 3 5 2234 1737 1738 2259
7663 4 2 3 5 1751 1741 1752 1714
7664 4 2 3 5 627 2652 619 626
7665 4 2 3 5 1739 1751 1752 1714
7666 4 2 3 5 1751 1739 1741 1714
7667 4 2 3 5 2027 1142 2028 1209
7668 4 2 3 5 1146 1873 1918 1615
7669 4 2 3 5 1213 1579 1225 1552
7670 4 2 3 5 653 143 1225 780
7671 4 2 3 5 72 2212 2613 586
7672 4 2 3 5 2238 1724 1732 1725
7673 4 2 3 5 1417 2200 2244 1867
7674 4 2 3 5 777 865 1249 827
7675 4 2 3 5 678 808 1212 681
7676 4 2 3 5 1212 808 1170 681
7677 4 2 3 5 1735 1868 1867 2244
7678 4 2 3 5 821 780 1231 672
7679 4 2 3 5 1665 1698 2168 1659
7680 4 2 3 5 1662 1711 1447 1352
7681 4 2 3 5 2218 1880 1907 1146
7682 4 2 3 5 695 1807 696 1198
7683 4 2 3 5 1818 1206 1205 2278
7684 4 2 3 5 1967 1879 2428 2430
7685 4 2 3 5 687 843 1544 1514
7686 4 2 3 5 2452 1506 2180 1929
7687 4 2 3 5 1759 1758 1738 2259
7688 4 2 3 5 1735 2239 1732 1725
7689 4 2 3 5 1502 723 1501 1198
7690 4 2 3 5 1194 1807 696 694
7691 4 2 3 5 766 731 1186 701
7692 4 2 3 5 1179 1999 1859 1399
7693 4 2 3 5 2239 1735 2249 1725
7694 4 2 3 5 1570 2557 2520 2511
7695 4 2 3 5 750 1649 751 752
7696 4 2 3 5 1349 720 719 737
7697 4 2 3 5 690 691 692 1205
7698 4 2 3 5 1873 2294 1530 1615
7699 4 2 3 5 1204 1202 1915 726
7700 4 2 3 5 1202 1204 691 726
7701 4 2 3 5 836 1640 760 1218
7702 4 2 3 5 761 1208 776 1176
7703 4 2 3 5 2239 2238 1732 1725
7704 4 2 3 5 715 1208 776 761
7705 4 2 3 5 2238 2239 2249 1725
7706 4 2 3 5 1711 1447 1648 1710
7707 4 2 3 5 2392 1371 1163 1372
7708 4 2 3 5 1441 1384 1440 1390
7709 4 2 3 5 1815 2249 1736 2251
7710 4 2 3 5 2499 1131 1350 2061
7711 4 2 3 5 2389 2391 2390 1381
7712 4 2 3 5 1335 744 837 1238
7713 4 2 3 5 854 1162 842 754
7714 4 2 3 5 1349 1208 719 716
7715 4 2 3 5 1815 1943 1736 2249
7716 4 2 3 5 847 1162 795 754
7717 4 2 3 5 1177 1172 716 1648
7718 4 2 3 5 1171 744 740 1335
7719 4 2 3 5 708 1175 762 710
7720 4 2 3 5 1707 1696 1706 2693
7721 4 2 3 5 2446 2444 1679 2445
7722 4 2 3 5 2241 1835 1736 2249
7723 4 2 3 5 1999 1974 1179 2473
7724 4 2 3 5 711 1169 1179 761
7725 4 2 3 5 1757 1252 2207 1756
7726 4 2 3 5 741 1168 727 734
7727 4 2 3 5 2241 1373 1736 1835
7728 4 2 3 5 961 944 1300 1299
7729 4 2 3 5 2241 1836 1736 1373
7730 4 2 3 5 757 1166 756 758
7731 4 2 3 5 1281 1309 1145 1310
7732 4 2 3 5 1444 1674 1969 2324
7733 4 2 3 5 706 709 1670 1178
7734 4 2 3 5 2250 1836 1746 1747
7735 4 2 3 5 722 790 1195 789
7736 4 2 3 5 1360 1567 2112 2035
7737 4 2 3 5 688 687 1203 718
7738 4 2 3 5 1142 2281 2279 1874
7739 4 2 3 5 660 163 946 1302
7740 4 2 3 5 2113 1294 1288 1697
7741 4 2 3 5 786 1305 1144 785
7742 4 2 3 5 2146 1325 1340 1474
7743 4 2 3 5 1836 2250 1837 1747
7744 4 2 3 5 1377 1256 831 1469
7745 4 2 3 5 852 1272 1278 800
7746 4 2 3 5 1520 1827 1518 1791
7747 4 2 3 5 1494 1355 1538 1536
7748 4 2 3 5 1214 1215 1233 1644
7749 4 2 3 5 744 739 740 1335
7750 4 2 3 5 2455 1361 2469 2589
7751 4 2 3 5 491 2443 100 1997
7752 4 2 3 5 1437 720 740 749
7753 4 2 3 5 666 827 872 1253
7754 4 2 3 5 1241 748 1163 837
7755 4 2 3 5 1177 712 714 1172
7756 4 2 3 5 1190 2694 725 809
7757 4 2 3 5 2454 2588 1758 2587
7758 4 2 3 5 1759 2588 1758 2454
7759 4 2 3 5 1779 1767 1780 2376
7760 4 2 3 5 2382 2157 2385 67
7761 4 2 3 5 1214 1644 1233 1297
7762 4 2 3 5 2069 1638 1330 1639
7763 4 2 3 5 2606 2157 2385 1421
7764 4 2 3 5 2036 2034 1286 1287
7765 4 2 3 5 1239 869 2033 815
7766 4 2 3 5 1303 832 869 2034
7767 4 2 3 5 1596 1654 1661 1637
7768 4 2 3 5 117 863 908 827
7769 4 2 3 5 1328 2145 2147 2535
7770 4 2 3 5 1557 2313 1556 1403
7771 4 2 3 5 2134 1544 2129 2550
7772 4 2 3 5 1395 1800 1823 1813
7773 4 2 3 5 2239 1921 2240 1934
7774 4 2 3 5 1395 1800 1813 2584
7775 4 2 3 5 2400 1722 1769 1730
7776 4 2 3 5 1261 1944 2620 2264
7777 4 2 3 5 2263 2304 2305 1262
7778 4 2 3 5 1402 2536 2141 1480
7779 4 2 3 5 876 1389 1274 899
7780 4 2 3 5 2144 2147 2535 2149
7781 4 2 3 5 1254 891 873 890
7782 4 2 3 5 2533 2521 2149 2567
7783 4 2 3 5 887 884 1251 890
7784 4 2 3 5 887 890 1251 1262
7785 4 2 3 5 1565 1581 2112 1598
7786 4 2 3 5 2228 1292 2288 1308
7787 4 2 3 5 1304 1232 736 813
7788 4 2 3 5 1779 1767 2206 1780
7789 4 2 3 5 1873 1146 1907 1615
7790 4 2 3 5 1419 2205 1780 2207
7791 4 2 3 5 1781 1419 1780 2207
7792 4 2 3 5 1309 1281 960 1299
7793 4 2 3 5 1504 799 824 1790
7794 4 2 3 5 668 1159 921 157
7795 4 2 3 5 1290 929 932 1295
7796 4 2 3 5 1278 1272 1790 800
7797 4 2 3 5 1304 924 1286 813
7798 4 2 3 5 156 818 157 950
7799 4 2 3 5 1305 951 936 1308
7800 4 2 3 5 797 1303 796 1286
7801 4 2 3 5 933 1302 923 1304
7802 4 2 3 5 1136 2034 2036 1287
7803 4 2 3 5 799 1278 1790 800
7804 4 2 3 5 1875 2281 1918 2288
7805 4 2 3 5 2189 1804 1503 2300
7806 4 2 3 5 841 1285 151 945
7807 4 2 3 5 2691 1284 1242 1712
7808 4 2 3 5 664 957 1284 945
7809 4 2 3 5 1987 728 793 1310
7810 4 2 3 5 1804 2299 2300 1812
7811 4 2 3 5 2549 2172 1540 2476
7812 4 2 3 5 2500 2597 1637 1595
7813 4 2 3 5 1422 2005 2006 2008
7814 4 2 3 5 2062 1312 2524 2494
7815 4 2 3 5 387 2461 2002 2463
7816 4 2 3 5 2341 1530 1534 1874
7817 4 2 3 5 2025 2023 2340 2018
7818 4 2 3 5 772 1183 1209 2279
7819 4 2 3 5 684 1182 772 686
7820 4 2 3 5 1509 1411 2262 2300
7821 4 2 3 5 1581 1155 1565 2112
7822 4 2 3 5 1804 2299 1503 2300
7823 4 2 3 5 662 799 1790 800
7824 4 2 3 5 741 743 1200 734
7825 4 2 3 5 1240 738 1176 1244
7826 4 2 3 5 2205 1419 1267 2207
7827 4 2 3 5 1153 2203 2417 2418
7828 4 2 3 5 2367 2004 2383 1363
7829 4 2 3 5 1206 1818 686 688
7830 4 2 3 5 1272 662 1790 800
7831 4 2 3 5 1430 1859 1958 1989
7832 4 2 3 5 710 1175 1174 1178
7833 4 2 3 5 2694 2693 1185 1167
7834 4 2 3 5 728 1987 765 791
7835 4 2 3 5 1990 1190 707 1986
7836 4 2 3 5 1930 1393 1929 1927
7837 4 2 3 5 1951 1952 2591 1856
7838 4 2 3 5 2241 1835 2244 1868
7839 4 2 3 5 1934 2245 2240 2242
7840 4 2 3 5 2242 2244 1865 1407
7841 4 2 3 5 1430 1858 1416 2257
7842 4 2 3 5 103 2595 503 2322
7843 4 2 3 5 2242 2240 1834 2244
7844 4 2 3 5 1852 1853 1760 1845
7845 4 2 3 5 702 704 1188 1669
7846 4 2 3 5 82 2616 2320 2627
7847 4 2 3 5 2616 2627 1493 2320
7848 4 2 3 5 918 957 1284 664
7849 4 2 3 5 1824 1802 2305 1801
7850 4 2 3 5 1972 1700 1976 1973
7851 4 2 3 5 1173 1432 1681 1154
7852 4 2 3 5 1773 2590 1361 1863
7853 4 2 3 5 761 1169 747 734
7854 4 2 3 5 1822 1824 2305 1801
7855 4 2 3 5 1169 1153 747 734
7856 4 2 3 5 1169 711 734 761
7857 4 2 3 5 1358 1621 2176 2016
7858 4 2 3 5 2176 1544 2134 1128
7859 4 2 3 5 779 856 1469 825
7860 4 2 3 5 1470 2143 2145 1227
7861 4 2 3 5 1794 1822 2305 1801
7862 4 2 3 5 896 1270 870 880
7863 4 2 3 5 1481 1472 1482 1377
7864 4 2 3 5 2499 1241 1335 2007
7865 4 2 3 5 1643 1171 1638 1639
7866 4 2 3 5 737 748 1240 1241
7867 4 2 3 5 2359 1703 1973 2162
7868 4 2 3 5 1658 1447 1710 1648
7869 4 2 3 5 1223 1241 837 1238
7870 4 2 3 5 1252 2199 1267 2207
7871 4 2 3 5 2245 2241 2244 1868
7872 4 2 3 5 1161 1502 1501 1929
7873 4 2 3 5 1713 2201 2192 2194
7874 4 2 3 5 1436 1851 2257 1416
7875 4 2 3 5 1263 1419 1781 2207
7876 4 2 3 5 2377 1781 1723 2425
7877 4 2 3 5 1575 2379 1723 2401
7878 4 2 3 5 2210 885 2405 2402
7879 4 2 3 5 1757 1770 1747 1769
7880 4 2 3 5 863 117 908 902
7881 4 2 3 5 2377 1781 2374 2376
7882 4 2 3 5 1434 1768 2004 2383
7883 4 2 3 5 1798 1794 2305 1801
7884 4 2 3 5 2375 1441 1440 2388
7885 4 2 3 5 2371 2373 2418 1719
7886 4 2 3 5 2368 2369 1240 1176
7887 4 2 3 5 841 664 1284 945
7888 4 2 3 5 938 960 1299 2690
7889 4 2 3 5 150 841 151 945
7890 4 2 3 5 2042 2299 1803 1812
7891 4 2 3 5 792 819 860 1310
7892 4 2 3 5 788 1180 1283 1296
7893 4 2 3 5 1180 788 1195 1296
7894 4 2 3 5 1301 1283 2219 1296
7895 4 2 3 5 1195 1296 1159 2219
7896 4 2 3 5 1873 1915 1918 1874
7897 4 2 3 5 1283 1180 1181 2219
7898 4 2 3 5 1652 1696 1712 1694
7899 4 2 3 5 1301 1307 1159 2219
7900 4 2 3 5 2227 2296 1291 1982
7901 4 2 3 5 1300 944 943 2690
7902 4 2 3 5 2453 1937 1854 2451
7903 4 2 3 5 1147 1987 1310 2436
7904 4 2 3 5 932 2691 943 1293
7905 4 2 3 5 2228 1138 2227 1291
7906 4 2 3 5 2181 2189 1812 2180
7907 4 2 3 5 2047 2051 2050 1324
7908 4 2 3 5 1452 1451 1453 1560
7909 4 2 3 5 1316 1131 2560 1241
7910 4 2 3 5 1910 2181 1812 2180
7911 4 2 3 5 1466 1467 1453 2511
7912 4 2 3 5 851 811 738 1372
7913 4 2 3 5 1556 1481 1321 2548
7914 4 2 3 5 677 821 780 1231
7915 4 2 3 5 2510 1338 2493 1315
7916 4 2 3 5 2541 1594 2539 2542
7917 4 2 3 5 2067 2064 2506 2066
7918 4 2 3 5 1454 1471 1453 1486
7919 4 2 3 5 2534 2145 2535 2533
7920 4 2 3 5 1468 1325 1474 1472
7921 4 2 3 5 2266 2641 1821 2642
7922 4 2 3 5 1499 878 1256 879
7923 4 2 3 5 2312 2313 1403 1556
7924 4 2 3 5 513 2058 2504 376
7925 4 2 3 5 1641 759 750 1640
7926 4 2 3 5 587 579 2618 2600
7927 4 2 3 5 1641 1649 1242 1600
7928 4 2 3 5 1351 1656 1647 1658
7929 4 2 3 5 2441 2349 2352 2438
7930 4 2 3 5 1656 1437 1647 1658
7931 4 2 3 5 1773 1768 1771 1863
7932 4 2 3 5 2011 2012 2473 1152
7933 4 2 3 5 2463 1439 2485 2482
7934 4 2 3 5 1439 2001 2474 2471
7935 4 2 3 5 1700 1998 1348 2355
7936 4 2 3 5 885 2621 1409 2191
7937 4 2 3 5 2636 1825 1923 1826
7938 4 2 3 5 2647 2266 1821 2642
7939 4 2 3 5 585 2212 553 2612
7940 4 2 3 5 467 539 365 1920
7941 4 2 3 5 1851 1866 2195 1734
7942 4 2 3 5 2641 576 598 558
7943 4 2 3 5 2619 2647 1821 2642
7944 4 2 3 5 2561 64 2565 65
7945 4 2 3 5 2421 2419 1414 2420
7946 4 2 3 5 1575 2393 1405 2379
7947 4 2 3 5 2552 1313 2158 373
7948 4 2 3 5 2647 2619 1821 2266
7949 4 2 3 5 2246 1134 1409 2248
7950 4 2 3 5 526 357 2088 501
7951 4 2 3 5 1758 1743 1738 2259
7952 4 2 3 5 2087 2239 2088 1833
7953 4 2 3 5 1927 1840 1832 1931
7954 4 2 3 5 2637 570 2602 2607
7955 4 2 3 5 2547 2546 2083 1540
7956 4 2 3 5 2604 566 2603 567
7957 4 2 3 5 1725 1746 1736 2613
7958 4 2 3 5 593 2212 597 586
7959 4 2 3 5 2608 1490 2605 2616
7960 4 2 3 5 871 125 124 661
7961 4 2 3 5 1762 1415 2195 1851
7962 4 2 3 5 1759 1860 2257 1738
7963 4 2 3 5 1755 1741 1725 1756
7964 4 2 3 5 1279 889 904 1275
7965 4 2 3 5 2264 2263 2305 1262
7966 4 2 3 5 1752 1740 2198 1749
7967 4 2 3 5 2241 1373 1835 1868
7968 4 2 3 5 1364 2441 1708 2171
7969 4 2 3 5 1618 1692 1365 2096
7970 4 2 3 5 1201 731 1501 1189
7971 4 2 3 5 709 711 1859 1178
7972 4 2 3 5 1844 1186 1931 1841
7973 4 2 3 5 1840 1841 1931 1927
7974 4 2 3 5 2157 2606 67 556
7975 4 2 3 5 2243 1928 1843 1930
7976 4 2 3 5 2463 1439 2474 2485
7977 4 2 3 5 2586 2455 2587 2460
7978 4 2 3 5 2231 2236 2237 2235
7979 4 2 3 5 2076 2049 2052 1326
7980 4 2 3 5 2516 2513 2517 2515
7981 4 2 3 5 1841 1928 1927 1843
7982 4 2 3 5 2530 2514 2509 2493
7983 4 2 3 5 1452 2048 1582 2059
7984 4 2 3 5 1459 1481 1320 1471
7985 4 2 3 5 361 482 1540 529
7986 4 2 3 5 1459 1458 2140 1484
7987 4 2 3 5 1928 1930 1927 1843
7988 4 2 3 5 2080 2124 2079 2123
7989 4 2 3 5 2547 1449 2083 2546
7990 4 2 3 5 1318 1467 2511 1451
7991 4 2 3 5 1125 1499 1497 1277
7992 4 2 3 5 887 1498 1258 881
7993 4 2 3 5 825 1230 806 1469
7994 4 2 3 5 1377 1481 1556 1482
7995 4 2 3 5 2152 2313 2312 1556
7996 4 2 3 5 1472 2053 2050 1324
7997 4 2 3 5 429 447 440 2084
7998 4 2 3 5 2038 86 545 520
7999 4 2 3 5 447 482 1540 2546
8000 4 2 3 5 2133 427 2476 2084
8001 4 2 3 5 1559 1561 1560 1132
8002 4 2 3 5 1488 2148 2141 1495
8003 4 2 3 5 2616 2628 2629 1493
8004 4 2 3 5 1353 1922 1822 2636
8005 4 2 3 5 2627 2628 1495 1480
8006 4 2 3 5 2312 2315 2316 1795
8007 4 2 3 5 1743 2234 1738 2259
8008 4 2 3 5 1201 1501 1198 1929
8009 4 2 3 5 1506 2181 1909 2180
8010 4 2 3 5 1511 1910 2572 1892
8011 4 2 3 5 2247 1921 1813 1934
8012 4 2 3 5 359 546 499 2583
8013 4 2 3 5 1917 2287 2284 1525
8014 4 2 3 5 2431 2432 2226 2434
8015 4 2 3 5 1541 1483 1547 2055
8016 4 2 3 5 2280 2278 1819 1205
8017 4 2 3 5 2577 2278 2178 1514
8018 4 2 3 5 1894 1513 2577 2278
8019 4 2 3 5 1625 1616 2668 1876
8020 4 2 3 5 2111 1360 2651 2063
8021 4 2 3 5 1526 1532 1207 1143
8022 4 2 3 5 2330 1526 2130 2128
8023 4 2 3 5 2053 1230 1321 2052
8024 4 2 3 5 2126 2082 2174 2127
8025 4 2 3 5 2177 1526 2130 2330
8026 4 2 3 5 2056 2078 1547 2052
8027 4 2 3 5 6 2538 2539 2542
8028 4 2 3 5 1345 1160 1587 1604
8029 4 2 3 5 1542 1541 1556 2548
8030 4 2 3 5 1800 1789 1823 1813
8031 4 2 3 5 1133 1261 1262 2264
8032 4 2 3 5 1252 1746 1409 1134
8033 4 2 3 5 2568 882 2569 1343
8034 4 2 3 5 1498 887 879 881
8035 4 2 3 5 2400 1356 1730 1421
8036 4 2 3 5 1877 1903 2554 1854
8037 4 2 3 5 1827 2102 2311 1518
8038 4 2 3 5 1479 1531 2084 2055
8039 4 2 3 5 2547 1459 1458 2140
8040 4 2 3 5 2102 486 525 512
8041 4 2 3 5 2139 1458 1449 1319
8042 4 2 3 5 2144 2145 2535 2147
8043 4 2 3 5 1314 2530 2514 2495
8044 4 2 3 5 1455 2142 1475 2511
8045 4 2 3 5 1466 1467 1475 1471
8046 4 2 3 5 1241 1316 1223 2560
8047 4 2 3 5 2144 2145 1475 2533
8048 4 2 3 5 2530 2514 1315 2596
8049 4 2 3 5 2529 2530 1315 2596
8050 4 2 3 5 2562 2518 2556 1460
8051 4 2 3 5 2497 1312 2526 2529
8052 4 2 3 5 1586 1592 1585 1582
8053 4 2 3 5 1599 1337 1352 1580
8054 4 2 3 5 654 1235 836 1218
8055 4 2 3 5 1652 1601 1644 1157
8056 4 2 3 5 1158 1643 1337 1640
8057 4 2 3 5 2064 2065 2506 2066
8058 4 2 3 5 2503 1592 1582 1456
8059 4 2 3 5 2078 1229 1584 2052
8060 4 2 3 5 1221 1238 2048 1222
8061 4 2 3 5 2339 1515 1143 2410
8062 4 2 3 5 2078 1621 2130 2128
8063 4 2 3 5 2067 2545 2072 2066
8064 4 2 3 5 2025 2330 2410 1143
8065 4 2 3 5 2278 1818 1819 1205
8066 4 2 3 5 1966 1669 1985 2323
8067 4 2 3 5 2186 1855 1848 1854
8068 4 2 3 5 1524 1818 2577 1806
8069 4 2 3 5 1524 1818 1806 1819
8070 4 2 3 5 1698 1634 2481 483
8071 4 2 3 5 2291 2292 2290 2271
8072 4 2 3 5 90 2486 508 2064
8073 4 2 3 5 522 2065 2507 88
8074 4 2 3 5 2076 2049 1560 1583
8075 4 2 3 5 1577 1578 1602 1582
8076 4 2 3 5 6 2540 2539 116
8077 4 2 3 5 1452 2488 2493 2528
8078 4 2 3 5 2527 2530 2528 2524
8079 4 2 3 5 2503 2544 2506 2502
8080 4 2 3 5 1351 1647 1651 1658
8081 4 2 3 5 2499 2356 1335 1650
8082 4 2 3 5 2068 1238 1639 1330
8083 4 2 3 5 1638 2499 1335 1650
8084 4 2 3 5 1597 2543 2118 1664
8085 4 2 3 5 1977 1680 1975 1703
8086 4 2 3 5 2442 1708 1661 1701
8087 4 2 3 5 2594 2593 2591 1951
8088 4 2 3 5 2661 2660 2675 2679
8089 4 2 3 5 370 103 2322 102
8090 4 2 3 5 2256 2592 2257 1953
8091 4 2 3 5 105 104 2427 362
8092 4 2 3 5 2445 2446 102 2322
8093 4 2 3 5 763 1186 703 1429
8094 4 2 3 5 403 2457 402 404
8095 4 2 3 5 1364 2441 1978 1708
8096 4 2 3 5 1700 2355 1703 2359
8097 4 2 3 5 1708 1665 1661 1701
8098 4 2 3 5 2355 2010 2465 2359
8099 4 2 3 5 1972 1700 1973 1998
8100 4 2 3 5 1634 2062 1650 1659
8101 4 2 3 5 1448 2166 1693 1711
8102 4 2 3 5 1711 1649 1706 1710
8103 4 2 3 5 1711 1709 1428 1691
8104 4 2 3 5 2166 1711 1428 1691
8105 4 2 3 5 1333 1660 2008 1659
8106 4 2 3 5 1700 2355 1686 2354
8107 4 2 3 5 1618 1663 1666 1662
8108 4 2 3 5 2122 2351 2094 2119
8109 4 2 3 5 467 1788 1920 523
8110 4 2 3 5 1743 1753 1758 1738
8111 4 2 3 5 2234 398 441 400
8112 4 2 3 5 2192 2201 1920 1743
8113 4 2 3 5 1175 709 706 1178
8114 4 2 3 5 2088 357 1839 2193
8115 4 2 3 5 2474 392 391 2015
8116 4 2 3 5 1932 1930 1834 1927
8117 4 2 3 5 1733 1732 2195 2244
8118 4 2 3 5 1279 1252 1134 2200
8119 4 2 3 5 1275 1279 1134 1407
8120 4 2 3 5 1781 2207 1780 2206
8121 4 2 3 5 889 888 1275 1409
8122 4 2 3 5 2246 888 2248 1409
8123 4 2 3 5 1815 1395 1921 2584
8124 4 2 3 5 1835 2239 2240 1834
8125 4 2 3 5 2087 2239 1833 1811
8126 4 2 3 5 1926 2087 1833 1811
8127 4 2 3 5 1370 1722 2376 1721
8128 4 2 3 5 1726 1724 2613 1725
8129 4 2 3 5 73 74 553 2613
8130 4 2 3 5 1742 1714 1725 1867
8131 4 2 3 5 1369 2639 2614 2611
8132 4 2 3 5 2621 885 1409 2622
8133 4 2 3 5 1268 1274 1419 1148
8134 4 2 3 5 885 2402 2191 886
8135 4 2 3 5 2647 1822 1823 1799
8136 4 2 3 5 1787 2014 2156 2383
8137 4 2 3 5 70 1775 2420 2423
8138 4 2 3 5 1722 1769 2376 1716
8139 4 2 3 5 2370 2375 2396 2376
8140 4 2 3 5 1767 2421 1716 1374
8141 4 2 3 5 2205 2199 1752 2206
8142 4 2 3 5 2384 2378 2399 1721
8143 4 2 3 5 1751 1741 2206 1752
8144 4 2 3 5 1779 1781 1780 2206
8145 4 2 3 5 1794 2304 1397 1797
8146 4 2 3 5 1733 1761 1865 2195
8147 4 2 3 5 1944 1261 2247 2264
8148 4 2 3 5 1369 2639 2640 2614
8149 4 2 3 5 1133 2261 1813 1823
8150 4 2 3 5 1809 2452 2180 1803
8151 4 2 3 5 1933 2299 1803 2042
8152 4 2 3 5 1832 1761 1834 1760
8153 4 2 3 5 1735 1373 1725 1868
8154 4 2 3 5 2087 1811 1925 1941
8155 4 2 3 5 599 2641 598 558
8156 4 2 3 5 2619 2615 2642 2600
8157 4 2 3 5 2615 2640 2642 2600
8158 4 2 3 5 2243 2242 1843 1865
8159 4 2 3 5 75 594 2618 587
8160 4 2 3 5 2044 1820 1516 1518
8161 4 2 3 5 2183 2448 2581 1783
8162 4 2 3 5 1783 2581 2574 1782
8163 4 2 3 5 1904 1506 1523 1909
8164 4 2 3 5 2189 1394 1812 2300
8165 4 2 3 5 1791 2044 1516 1518
8166 4 2 3 5 2183 1891 1629 1783
8167 4 2 3 5 1737 1839 2467 2193
8168 4 2 3 5 2249 2238 1725 1736
8169 4 2 3 5 526 437 2085 1839
8170 4 2 3 5 1866 1417 2195 2198
8171 4 2 3 5 1903 1965 1507 1931
8172 4 2 3 5 1902 1201 1931 1965
8173 4 2 3 5 1415 1842 2256 1761
8174 4 2 3 5 2213 2224 2223 2344
8175 4 2 3 5 1955 1988 1958 1959
8176 4 2 3 5 1741 1742 1725 1756
8177 4 2 3 5 1863 1361 1758 2589
8178 4 2 3 5 394 398 2237 397
8179 4 2 3 5 2594 2186 2019 2456
8180 4 2 3 5 1673 1175 1672 1681
8181 4 2 3 5 357 73 543 2193
8182 4 2 3 5 1246 1410 2242 1269
8183 4 2 3 5 1761 1733 1834 1760
8184 4 2 3 5 1669 1985 2258 2592
8185 4 2 3 5 1849 1965 1848 1187
8186 4 2 3 5 1860 1858 1430 2257
8187 4 2 3 5 2187 2185 2554 1854
8188 4 2 3 5 2592 2258 2257 1953
8189 4 2 3 5 1926 1847 1834 1832
8190 4 2 3 5 2358 2355 2465 2359
8191 4 2 3 5 633 607 100 2447
8192 4 2 3 5 398 2229 2235 441
8193 4 2 3 5 2339 2025 2340 2018
8194 4 2 3 5 2435 2431 2226 2434
8195 4 2 3 5 2294 2297 2226 1615
8196 4 2 3 5 1160 1533 1609 1610
8197 4 2 3 5 1345 1608 1160 1609
8198 4 2 3 5 2293 2685 1628 1898
8199 4 2 3 5 2294 1873 1530 2287
8200 4 2 3 5 1587 2071 2074 1591
8201 4 2 3 5 2297 1873 1907 1615
8202 4 2 3 5 931 1307 934 1291
8203 4 2 3 5 1147 1675 1883 1993
8204 4 2 3 5 2689 1135 1282 2288
8205 4 2 3 5 1345 1607 1606 2024
8206 4 2 3 5 2341 1872 1876 1898
8207 4 2 3 5 2453 2186 1854 1855
8208 4 2 3 5 2016 1630 1620 2017
8209 4 2 3 5 1915 1202 1906 726
8210 4 2 3 5 1202 691 1906 726
8211 4 2 3 5 1161 1254 1790 1505
8212 4 2 3 5 1903 1877 2344 1878
8213 4 2 3 5 1908 1193 1912 1523
8214 4 2 3 5 1523 1807 1613 1808
8215 4 2 3 5 2432 1970 1885 2226
8216 4 2 3 5 2283 2284 1819 1525
8217 4 2 3 5 2031 2029 2030 1529
8218 4 2 3 5 1140 1290 1982 1293
8219 4 2 3 5 2031 2032 2030 1626
8220 4 2 3 5 1193 1908 2215 1901
8221 4 2 3 5 2452 1928 1929 1931
8222 4 2 3 5 1928 1201 1929 1501
8223 4 2 3 5 1502 1504 1790 773
8224 4 2 3 5 1276 1509 1790 1262
8225 4 2 3 5 2032 1633 2030 1626
8226 4 2 3 5 2265 77 2646 2266
8227 4 2 3 5 1937 2089 1831 2086
8228 4 2 3 5 2347 1687 2349 2348
8229 4 2 3 5 2678 2661 2675 1947
8230 4 2 3 5 2111 2020 2651 1876
8231 4 2 3 5 2258 1985 1953 2592
8232 4 2 3 5 2654 2362 635 2676
8233 4 2 3 5 631 651 2350 2677
8234 4 2 3 5 1616 2685 2656 2673
8235 4 2 3 5 2426 2680 2653 2414
8236 4 2 3 5 2163 1432 1681 1975
8237 4 2 3 5 2347 2353 2354 1971
8238 4 2 3 5 1677 1972 1361 2471
8239 4 2 3 5 2588 2457 2460 2454
8240 4 2 3 5 1759 2454 1758 2259
8241 4 2 3 5 497 2445 2322 2460
8242 4 2 3 5 1983 1864 2589 2445
8243 4 2 3 5 2161 2483 1686 2000
8244 4 2 3 5 1972 1773 1361 2471
8245 4 2 3 5 1761 1842 1832 1392
8246 4 2 3 5 550 1983 358 497
8247 4 2 3 5 2444 1400 1960 2446
8248 4 2 3 5 2020 2111 1633 1876
8249 4 2 3 5 1687 2347 98 2353
8250 4 2 3 5 2229 2231 2478 2237
8251 4 2 3 5 394 2469 397 2237
8252 4 2 3 5 2508 1677 1997 2589
8253 4 2 3 5 2007 2369 2368 2006
8254 4 2 3 5 1446 2328 2327 2435
8255 4 2 3 5 1959 1994 1975 1995
8256 4 2 3 5 2360 2358 2359 2162
8257 4 2 3 5 1970 1888 2434 1962
8258 4 2 3 5 1695 1685 1694 1982
8259 4 2 3 5 2378 2382 2398 1441
8260 4 2 3 5 1384 2367 2399 1363
8261 4 2 3 5 1717 1434 1440 1363
8262 4 2 3 5 1777 1825 2607 2602
8263 4 2 3 5 1206 2410 2178 1207
8264 4 2 3 5 2016 2176 2178 2017
8265 4 2 3 5 2177 2330 2130 2176
8266 4 2 3 5 1631 2023 2017 1870
8267 4 2 3 5 687 688 1203 1514
8268 4 2 3 5 1128 2104 2178 1514
8269 4 2 3 5 1523 1904 1909 1905
8270 4 2 3 5 1567 1360 1141 2035
8271 4 2 3 5 1567 2113 2035 2288
8272 4 2 3 5 1711 1448 1600 1442
8273 4 2 3 5 1889 1885 2226 1898
8274 4 2 3 5 1559 1561 1453 2046
8275 4 2 3 5 1457 1455 2531 2516
8276 4 2 3 5 2527 2489 2495 2524
8277 4 2 3 5 506 2183 457 446
8278 4 2 3 5 2522 2563 2517 5
8279 4 2 3 5 84 596 2154 584
8280 4 2 3 5 1341 1588 1551 1584
8281 4 2 3 5 1463 2080 2077 1551
8282 4 2 3 5 1555 2477 2550 1354
8283 4 2 3 5 2056 1543 2548 1547
8284 4 2 3 5 2047 1324 1231 1222
8285 4 2 3 5 2143 1470 1475 2511
8286 4 2 3 5 2078 2056 1229 2052
8287 4 2 3 5 1531 1546 2080 1547
8288 4 2 3 5 2464 1312 2062 2061
8289 4 2 3 5 1221 2047 1231 1222
8290 4 2 3 5 2060 2062 2524 2494
8291 4 2 3 5 86 2522 2517 5
8292 4 2 3 5 1718 1435 2368 1440
8293 4 2 3 5 2060 2062 1650 2500
8294 4 2 3 5 1570 2510 2516 2514
8295 4 2 3 5 2520 1327 1227 2558
8296 4 2 3 5 1237 840 1218 142
8297 4 2 3 5 1334 1654 1653 1655
8298 4 2 3 5 1437 1656 1705 1658
8299 4 2 3 5 1711 1693 1442 2096
8300 4 2 3 5 1331 1579 1602 1552
8301 4 2 3 5 522 2507 547 87
8302 4 2 3 5 1619 478 2125 114
8303 4 2 3 5 1655 2071 1595 1591
8304 4 2 3 5 2080 1531 2082 1550
8305 4 2 3 5 2016 2177 1631 1549
8306 4 2 3 5 1548 2135 2138 2103
8307 4 2 3 5 2117 2682 2116 2333
8308 4 2 3 5 515 1619 2126 364
8309 4 2 3 5 372 2335 484 2174
8310 4 2 3 5 1687 2349 1978 2438
8311 4 2 3 5 1465 2106 2540 2107
8312 4 2 3 5 2665 2662 2668 2664
8313 4 2 3 5 620 2648 2675 631
8314 4 2 3 5 1591 1590 2107 2074
8315 4 2 3 5 623 2659 614 2662
8316 4 2 3 5 1207 1544 685 2129
8317 4 2 3 5 1534 2027 1874 2028
8318 4 2 3 5 1358 1786 2016 2134
8319 4 2 3 5 2048 2559 2558 1222
8320 4 2 3 5 2538 6 87 538
8321 4 2 3 5 605 625 639 2649
8322 4 2 3 5 2332 2021 2022 2331
8323 4 2 3 5 2660 2658 617 2662
8324 4 2 3 5 2659 614 2108 613
8325 4 2 3 5 2540 6 611 116
8326 4 2 3 5 2109 2117 2108 2333
8327 4 2 3 5 2214 2213 2223 2344
8328 4 2 3 5 2179 1814 2571 1782
8329 4 2 3 5 2572 1911 1892 2269
8330 4 2 3 5 112 2332 113 2331
8331 4 2 3 5 2658 623 622 617
8332 4 2 3 5 1829 2315 2312 1828
8333 4 2 3 5 2663 609 642 628
8334 4 2 3 5 2175 2174 2136 1620
8335 4 2 3 5 420 423 2103 2138
8336 4 2 3 5 2135 423 2137 2138
8337 4 2 3 5 2519 1391 2556 1368
8338 4 2 3 5 1468 1470 1475 1474
8339 4 2 3 5 2141 1402 2518 2522
8340 4 2 3 5 1489 1485 1500 1495
8341 4 2 3 5 2628 1480 1339 1495
8342 4 2 3 5 66 65 2644 1571
8343 4 2 3 5 2368 2370 1440 2392
8344 4 2 3 5 2378 2382 67 2398
8345 4 2 3 5 1356 2157 2644 2645
8346 4 2 3 5 1487 2532 2141 1460
8347 4 2 3 5 491 492 1971 1997
8348 4 2 3 5 2358 2360 2359 1362
8349 4 2 3 5 1437 1171 1647 1648
8350 4 2 3 5 1439 2475 2482 2471
8351 4 2 3 5 469 473 483 2481
8352 4 2 3 5 1517 1234 1156 835
8353 4 2 3 5 1794 2263 1793 1792
8354 4 2 3 5 1234 1125 1412 1497
8355 4 2 3 5 1746 1836 1736 2613
8356 4 2 3 5 1425 2229 2231 2478
8357 4 2 3 5 2385 1775 2420 69
8358 4 2 3 5 1389 899 894 1255
8359 4 2 3 5 1208 1362 2361 1704
8360 4 2 3 5 1954 2593 1953 1951
8361 4 2 3 5 2254 1839 2253 1760
8362 4 2 3 5 1748 1739 1771 1765
8363 4 2 3 5 2472 1999 2013 1771
8364 4 2 3 5 1186 1966 2255 1965
8365 4 2 3 5 2197 2203 1200 2204
8366 4 2 3 5 1506 1904 1901 2180
8367 4 2 3 5 2453 1946 2041 2450
8368 4 2 3 5 2323 1985 2592 1953
8369 4 2 3 5 2594 2456 1951 1856
8370 4 2 3 5 108 2308 2289 2291
8371 4 2 3 5 414 2179 459 435
8372 4 2 3 5 2215 1908 1879 1903
8373 4 2 3 5 1841 1928 1931 1927
8374 4 2 3 5 938 943 960 2690
8375 4 2 3 5 1411 1509 2262 2304
8376 4 2 3 5 1745 1746 1725 2613
8377 4 2 3 5 2615 1746 1745 2613
8378 4 2 3 5 1667 2593 2459 2594
8379 4 2 3 5 2604 573 2602 2624
8380 4 2 3 5 1426 1773 1361 2231
8381 4 2 3 5 441 539 1920 2235
8382 4 2 3 5 2474 2463 2015 391
8383 4 2 3 5 1687 2347 2353 2354
8384 4 2 3 5 2217 1199 1194 1907
8385 4 2 3 5 2218 1195 1181 1907
8386 4 2 3 5 2479 2478 2015 2004
8387 4 2 3 5 2239 1934 2240 1834
8388 4 2 3 5 594 75 2643 74
8389 4 2 3 5 1866 1740 1867 1714
8390 4 2 3 5 2265 1800 2647 2646
8391 4 2 3 5 816 768 1161 774
8392 4 2 3 5 2446 1963 1960 1991
8393 4 2 3 5 1188 1186 1429 703
8394 4 2 3 5 1761 1762 1760 1845
8395 4 2 3 5 444 2457 402 2454
8396 4 2 3 5 1737 1763 2458 2253
8397 4 2 3 5 2588 2457 2454 1763
8398 4 2 3 5 108 2267 2308 2291
8399 4 2 3 5 1195 2218 2217 1907
8400 4 2 3 5 376 88 2505 89
8401 4 2 3 5 1871 1625 2407 2338
8402 4 2 3 5 1202 1204 2279 729
8403 4 2 3 5 2670 2652 2673 1616
8404 4 2 3 5 1220 782 2279 729
8405 4 2 3 5 2663 642 2664 615
8406 4 2 3 5 2291 649 2273 107
8407 4 2 3 5 2018 1870 2277 2017
8408 4 2 3 5 2575 1893 2277 1914
8409 4 2 3 5 484 2126 113 364
8410 4 2 3 5 1515 2410 2017 2277
8411 4 2 3 5 801 1229 1473 2129
8412 4 2 3 5 1629 2408 2365 2409
8413 4 2 3 5 2284 1915 1527 1819
8414 4 2 3 5 2122 2439 2438 2171
8415 4 2 3 5 1910 1814 1812 1782
8416 4 2 3 5 2411 1871 2282 1896
8417 4 2 3 5 1446 2328 2651 2674
8418 4 2 3 5 1445 2110 2686 1876
8419 4 2 3 5 1359 2032 1633 2295
8420 4 2 3 5 1618 2120 1692 1664
8421 4 2 3 5 1873 2294 2297 2287
8422 4 2 3 5 1446 2328 2435 2298
8423 4 2 3 5 1566 1446 2435 2298
8424 4 2 3 5 2577 1805 1510 2576
8425 4 2 3 5 1195 1180 1181 1907
8426 4 2 3 5 2581 2276 2583 2307
8427 4 2 3 5 2179 1814 2187 2571
8428 4 2 3 5 1539 1537 2629 1495
8429 4 2 3 5 1729 2402 1260 1778
8430 4 2 3 5 1395 1800 2647 1823
8431 4 2 3 5 1180 1195 2217 1907
8432 4 2 3 5 900 132 826 133
8433 4 2 3 5 1340 1485 1482 1558
8434 4 2 3 5 2314 2313 1558 1403
8435 4 2 3 5 1797 1796 1538 1536
8436 4 2 3 5 2210 2621 1260 1778
8437 4 2 3 5 888 1254 1262 890
8438 4 2 3 5 2025 2339 2017 2018
8439 4 2 3 5 1219 682 1212 1473
8440 4 2 3 5 1829 2477 1128 2134
8441 4 2 3 5 1622 2130 1606 1549
8442 4 2 3 5 1341 1588 1584 2052
8443 4 2 3 5 1620 2335 1631 1870
8444 4 2 3 5 2082 515 2126 542
8445 4 2 3 5 1970 2432 2434 2226
8446 4 2 3 5 1566 1360 2295 1141
8447 4 2 3 5 2280 2339 2340 2282
8448 4 2 3 5 610 2093 94 2121
8449 4 2 3 5 2678 2675 2352 2677
8450 4 2 3 5 1709 2441 1666 1708
8451 4 2 3 5 1709 1663 2441 1691
8452 4 2 3 5 1646 1656 1661 1701
8453 4 2 3 5 1566 1981 1530 1918
8454 4 2 3 5 1708 2441 1666 2171
8455 4 2 3 5 782 772 2279 729
8456 4 2 3 5 636 643 2362 647
8457 4 2 3 5 1144 1204 1918 1181
8458 4 2 3 5 2443 358 2445 100
8459 4 2 3 5 620 631 2675 630
8460 4 2 3 5 2119 2648 606 2350
8461 4 2 3 5 2228 1144 1918 1181
8462 4 2 3 5 99 491 371 1971
8463 4 2 3 5 2441 1364 2438 2171
8464 4 2 3 5 1415 1417 2196 1436
8465 4 2 3 5 2007 1241 1240 1350
8466 4 2 3 5 1424 2003 2461 2462
8467 4 2 3 5 1169 1153 2203 2417
8468 4 2 3 5 2472 1999 2011 1152
8469 4 2 3 5 906 1253 1266 1255
8470 4 2 3 5 2281 1204 1918 1144
8471 4 2 3 5 1717 1720 2383 2399
8472 4 2 3 5 2606 68 67 556
8473 4 2 3 5 2228 2281 1918 1144
8474 4 2 3 5 1246 1161 1501 1929
8475 4 2 3 5 2384 1721 2420 2385
8476 4 2 3 5 1930 1246 1501 1929
8477 4 2 3 5 2205 1419 1780 1388
8478 4 2 3 5 2565 2645 2644 1571
8479 4 2 3 5 1575 1391 1405 2393
8480 4 2 3 5 1764 2415 2192 2421
8481 4 2 3 5 1575 1356 1405 2645
8482 4 2 3 5 1630 2016 2178 2017
8483 4 2 3 5 2408 2335 2336 111
8484 4 2 3 5 1246 1930 1161 1929
8485 4 2 3 5 2299 1930 1929 1161
8486 4 2 3 5 1153 1268 1148 1244
8487 4 2 3 5 2197 1858 2203 2202
8488 4 2 3 5 1386 1748 2416 2202
8489 4 2 3 5 2426 2413 2653 629
8490 4 2 3 5 1676 2433 2363 2322
8491 4 2 3 5 1853 2588 1763 1951
8492 4 2 3 5 1985 2323 1969 1984
8493 4 2 3 5 1652 1696 1694 1600
8494 4 2 3 5 1502 2299 1929 1161
8495 4 2 3 5 1181 2218 1918 2219
8496 4 2 3 5 1697 1294 1288 1295
8497 4 2 3 5 1298 939 1295 932
8498 4 2 3 5 1945 1937 1940 1925
8499 4 2 3 5 2581 1783 2574 2582
8500 4 2 3 5 721 782 2279 1220
8501 4 2 3 5 1937 2188 1940 1936
8502 4 2 3 5 2672 627 635 2654
8503 4 2 3 5 721 772 2279 782
8504 4 2 3 5 1508 2301 2044 1817
8505 4 2 3 5 458 2448 2099 2585
8506 4 2 3 5 2452 1201 1198 1929
8507 4 2 3 5 1852 2256 1953 1845
8508 4 2 3 5 2194 2201 1743 1738
8509 4 2 3 5 1382 1753 1768 2231
8510 4 2 3 5 2185 2453 2451 2041
8511 4 2 3 5 2039 2040 2041 2019
8512 4 2 3 5 2459 2457 2456 404
8513 4 2 3 5 1998 2475 2482 2485
8514 4 2 3 5 469 473 2481 2470
8515 4 2 3 5 1998 2485 2482 1348
8516 4 2 3 5 489 97 2161 363
8517 4 2 3 5 1434 2005 1440 1363
8518 4 2 3 5 2468 394 396 393
8519 4 2 3 5 2475 2474 2015 2480
8520 4 2 3 5 469 2470 2483 468
8521 4 2 3 5 1946 2190 2451 2041
8522 4 2 3 5 1937 1810 1854 2451
8523 4 2 3 5 2597 2091 2544 1635
8524 4 2 3 5 2461 387 388 2463
8525 4 2 3 5 573 2604 564 2624
8526 4 2 3 5 473 2470 389 2481
8527 4 2 3 5 390 2470 2474 2463
8528 4 2 3 5 1925 1936 1940 1938
8529 4 2 3 5 1998 1700 1348 2471
8530 4 2 3 5 2487 2527 2502 2489
8531 4 2 3 5 2148 1488 2141 1460
8532 4 2 3 5 2492 2487 2057 2491
8533 4 2 3 5 1925 1937 1940 1936
8534 4 2 3 5 2067 2545 1464 2506
8535 4 2 3 5 1312 2497 2062 2524
8536 4 2 3 5 2501 2064 2502 2489
8537 4 2 3 5 2512 381 2495 92
8538 4 2 3 5 1994 1173 1672 1178
8539 4 2 3 5 2523 368 2489 2495
8540 4 2 3 5 2142 1322 2533 1460
8541 4 2 3 5 2512 93 92 2496
8542 4 2 3 5 2076 1583 1560 1578
8543 4 2 3 5 2534 1248 1249 1328
8544 4 2 3 5 2597 2541 2544 1593
8545 4 2 3 5 2355 1698 1659 2008
8546 4 2 3 5 1657 1333 1659 1650
8547 4 2 3 5 2464 2497 1660 2062
8548 4 2 3 5 1173 1994 1672 1432
8549 4 2 3 5 592 2608 584 563
8550 4 2 3 5 574 566 2605 565
8551 4 2 3 5 588 562 2624 573
8552 4 2 3 5 2139 2141 2140 1458
8553 4 2 3 5 1402 2623 2625 2522
8554 4 2 3 5 559 82 2627 2616
8555 4 2 3 5 1461 2490 1462 2046
8556 4 2 3 5 1459 1458 1471 1486
8557 4 2 3 5 86 2038 2139 520
8558 4 2 3 5 2054 2045 507 2083
8559 4 2 3 5 2321 2172 1540 2549
8560 4 2 3 5 1590 1608 1604 1589
8561 4 2 3 5 2082 515 2079 2126
8562 4 2 3 5 1988 1991 1431 1995
8563 4 2 3 5 1456 1338 2493 2046
8564 4 2 3 5 1131 1241 1381 2560
8565 4 2 3 5 2525 2494 2529 1315
8566 4 2 3 5 2503 2525 2524 2528
8567 4 2 3 5 1391 2386 1379 2561
8568 4 2 3 5 1570 1380 1315 1311
8569 4 2 3 5 2393 2394 2567 1264
8570 4 2 3 5 1248 910 901 1271
8571 4 2 3 5 1676 1954 1984 1969
8572 4 2 3 5 1252 1757 2207 2209
8573 4 2 3 5 2324 1956 1962 1991
8574 4 2 3 5 2371 1718 1383 2368
8575 4 2 3 5 1127 1722 1723 1730
8576 4 2 3 5 2276 1891 2581 2582
8577 4 2 3 5 504 106 2343 2224
8578 4 2 3 5 2267 605 640 109
8579 4 2 3 5 1970 1882 1962 1956
8580 4 2 3 5 1864 2586 2587 1983
8581 4 2 3 5 2198 1417 2195 1867
8582 4 2 3 5 1959 1957 1973 1958
8583 4 2 3 5 1957 1959 1973 1972
8584 4 2 3 5 539 493 2192 2194
8585 4 2 3 5 577 585 2612 2638
8586 4 2 3 5 2610 2212 2638 2614
8587 4 2 3 5 585 2212 2612 2638
8588 4 2 3 5 2382 2378 2385 1721
8589 4 2 3 5 577 568 571 2638
8590 4 2 3 5 2603 2605 2633 569
8591 4 2 3 5 1994 1959 1973 1958
8592 4 2 3 5 400 2234 433 494
8593 4 2 3 5 1373 1735 1725 1736
8594 4 2 3 5 1680 1959 1973 1994
8595 4 2 3 5 1173 1432 1672 1681
8596 4 2 3 5 1956 1969 1984 1991
8597 4 2 3 5 1730 1728 2611 2640
8598 4 2 3 5 2421 1414 2383 2420
8599 4 2 3 5 2210 1259 2622 2620
8600 4 2 3 5 1257 1489 1343 2147
8601 4 2 3 5 1472 2053 1321 2548
8602 4 2 3 5 1794 2302 1799 1822
8603 4 2 3 5 77 76 2646 2266
8604 4 2 3 5 2608 2628 2154 2536
8605 4 2 3 5 1795 2315 2316 2044
8606 4 2 3 5 579 2643 2618 2600
8607 4 2 3 5 1744 2619 2612 2614
8608 4 2 3 5 1724 73 2613 1736
8609 4 2 3 5 1735 1835 2249 1736
8610 4 2 3 5 1896 1871 2286 2407
8611 4 2 3 5 1897 2293 2290 1916
8612 4 2 3 5 2413 629 637 2653
8613 4 2 3 5 1869 2683 2685 2656
8614 4 2 3 5 1992 1969 1991 1431
8615 4 2 3 5 1950 2444 2348 1683
8616 4 2 3 5 2368 2369 1440 2006
8617 4 2 3 5 1992 1991 1960 1995
8618 4 2 3 5 2109 1612 1624 2665
8619 4 2 3 5 1534 2027 2026 1529
8620 4 2 3 5 1605 1623 2024 2331
8621 4 2 3 5 1676 1956 1984 1991
8622 4 2 3 5 1360 1566 2295 2651
8623 4 2 3 5 1625 2366 2407 2022
8624 4 2 3 5 2680 2654 2673 2679
8625 4 2 3 5 651 99 2348 2677
8626 4 2 3 5 2675 2676 630 2677
8627 4 2 3 5 2673 2680 2679 1887
8628 4 2 3 5 1896 1916 2290 2286
8629 4 2 3 5 1959 1400 1975 1680
8630 4 2 3 5 1956 1676 1984 1969
8631 4 2 3 5 735 1224 868 1232
8632 4 2 3 5 1681 1673 1995 1672
8633 4 2 3 5 1135 1232 1302 1304
8634 4 2 3 5 1989 2258 1672 1431
8635 4 2 3 5 2036 1135 2028 2288
8636 4 2 3 5 2009 2368 1440 2006
8637 4 2 3 5 2135 2133 424 477
8638 4 2 3 5 2009 2007 2368 2006
8639 4 2 3 5 2586 2508 443 550
8640 4 2 3 5 2464 1422 1390 2006
8641 4 2 3 5 360 68 67 2156
8642 4 2 3 5 2157 67 2398 2644
8643 4 2 3 5 1390 1384 1440 2006
8644 4 2 3 5 590 555 2632 79
8645 4 2 3 5 555 2302 2632 79
8646 4 2 3 5 1916 1917 2290 2286
8647 4 2 3 5 1384 1422 1440 2006
8648 4 2 3 5 1422 1384 1390 2006
8649 4 2 3 5 1917 2293 2290 2286
8650 4 2 3 5 2025 2023 2017 1631
8651 4 2 3 5 378 93 545 2496
8652 4 2 3 5 1378 2501 2502 2489
8653 4 2 3 5 2084 1479 2055 2083
8654 4 2 3 5 374 482 2546 2140
8655 4 2 3 5 2523 1378 2504 2524
8656 4 2 3 5 2278 1515 2280 2277
8657 4 2 3 5 2593 2459 1964 2342
8658 4 2 3 5 2328 2298 2651 1889
8659 4 2 3 5 2675 2648 2352 2677
8660 4 2 3 5 2021 2663 650 609
8661 4 2 3 5 2108 2109 2333 2664
8662 4 2 3 5 2332 2021 609 2333
8663 4 2 3 5 1515 2278 2410 2277
8664 4 2 3 5 2332 114 2333 646
8665 4 2 3 5 1263 1757 2207 1770
8666 4 2 3 5 1280 2197 1200 1418
8667 4 2 3 5 1893 1891 2277 1895
8668 4 2 3 5 1268 1419 1267 2205
8669 4 2 3 5 1268 823 1267 915
8670 4 2 3 5 2278 2280 1914 2277
8671 4 2 3 5 1232 2281 2028 1135
8672 4 2 3 5 2687 933 2688 2689
8673 4 2 3 5 136 831 135 870
8674 4 2 3 5 1282 1232 1286 2028
8675 4 2 3 5 779 1226 672 1222
8676 4 2 3 5 2053 1454 2050 2052
8677 4 2 3 5 2036 1282 1286 2028
8678 4 2 3 5 654 143 1218 142
8679 4 2 3 5 1316 2498 1330 1317
8680 4 2 3 5 1235 1225 1238 2068
8681 4 2 3 5 1300 820 1299 855
8682 4 2 3 5 668 1296 848 817
8683 4 2 3 5 1159 1307 2436 2219
8684 4 2 3 5 818 950 1159 157
8685 4 2 3 5 1987 1671 705 765
8686 4 2 3 5 942 167 796 166
8687 4 2 3 5 1303 797 796 798
8688 4 2 3 5 1135 1232 1282 2028
8689 4 2 3 5 1303 1287 1297 947
8690 4 2 3 5 755 847 1284 664
8691 4 2 3 5 673 1250 954 1247
8692 4 2 3 5 918 148 673 954
8693 4 2 3 5 2230 467 466 395
8694 4 2 3 5 524 2014 69 68
8695 4 2 3 5 365 1764 70 523
8696 4 2 3 5 1998 2475 1434 2478
8697 4 2 3 5 2065 522 2507 2066
8698 4 2 3 5 2060 2062 2500 1332
8699 4 2 3 5 2058 2505 521 2538
8700 4 2 3 5 2058 513 518 376
8701 4 2 3 5 2036 1135 1282 2028
8702 4 2 3 5 2658 623 617 2662
8703 4 2 3 5 383 368 472 2489
8704 4 2 3 5 376 88 521 2505
8705 4 2 3 5 2545 2073 1464 2537
8706 4 2 3 5 115 380 1576 2105
8707 4 2 3 5 2091 2058 521 2538
8708 4 2 3 5 1313 2552 540 481
8709 4 2 3 5 2489 368 91 2495
8710 4 2 3 5 2485 2010 2002 1348
8711 4 2 3 5 383 368 2523 382
8712 4 2 3 5 407 405 461 2449
8713 4 2 3 5 532 2594 1964 2019
8714 4 2 3 5 2594 2186 1856 2019
8715 4 2 3 5 2561 64 65 1569
8716 4 2 3 5 381 2512 2495 528
8717 4 2 3 5 405 407 2450 2449
8718 4 2 3 5 402 2454 2259 399
8719 4 2 3 5 2230 467 2229 466
8720 4 2 3 5 2230 466 2237 2480
8721 4 2 3 5 2252 403 2457 402
8722 4 2 3 5 407 1946 2041 410
8723 4 2 3 5 2293 1917 2290 1916
8724 4 2 3 5 526 438 501 2085
8725 4 2 3 5 464 2089 406 437
8726 4 2 3 5 2453 2186 2041 2185
8727 4 2 3 5 2053 1472 2050 1471
8728 4 2 3 5 1784 1548 2138 2103
8729 4 2 3 5 423 420 2103 422
8730 4 2 3 5 414 2179 435 417
8731 4 2 3 5 1472 1468 2050 1471
8732 4 2 3 5 2310 2321 487 81
8733 4 2 3 5 1950 2326 2679 2447
8734 4 2 3 5 1634 1596 1650 1637
8735 4 2 3 5 1366 2492 2046 2057
8736 4 2 3 5 2509 1366 1319 2531
8737 4 2 3 5 516 497 549 2460
8738 4 2 3 5 402 2454 399 465
8739 4 2 3 5 508 2490 454 510
8740 4 2 3 5 2356 1333 1657 1650
8741 4 2 3 5 1645 1171 1650 1638
8742 4 2 3 5 1210 781 1185 1167
8743 4 2 3 5 489 97 98 2440
8744 4 2 3 5 616 2669 2666 619
8745 4 2 3 5 2652 618 2669 2660
8746 4 2 3 5 2672 2652 618 627
8747 4 2 3 5 621 643 2676 635
8748 4 2 3 5 2500 1634 1650 1637
8749 4 2 3 5 2444 101 2447 100
8750 4 2 3 5 1594 2543 2539 2542
8751 4 2 3 5 2468 1426 2480 2471
8752 4 2 3 5 433 464 496 2458
8753 4 2 3 5 580 2610 593 571
8754 4 2 3 5 1833 2087 1839 2088
8755 4 2 3 5 1737 1839 2458 2467
8756 4 2 3 5 2062 1634 1650 2500
8757 4 2 3 5 2045 1450 1449 2057
8758 4 2 3 5 1619 2079 2123 2072
8759 4 2 3 5 2564 64 2563 5
8760 4 2 3 5 1576 1619 2123 2072
8761 4 2 3 5 1461 1456 2487 2046
8762 4 2 3 5 1450 2139 2531 2037
8763 4 2 3 5 1367 2561 1569 2515
8764 4 2 3 5 1568 2512 377 528
8765 4 2 3 5 511 2079 551 2072
8766 4 2 3 5 1493 1521 2320 1801
8767 4 2 3 5 2098 2135 1518 2103
8768 4 2 3 5 1963 1988 1668 1679
8769 4 2 3 5 101 2446 2325 102
8770 4 2 3 5 2234 398 2235 441
8771 4 2 3 5 2326 2446 1961 2364
8772 4 2 3 5 380 511 2072 2066
8773 4 2 3 5 647 101 2325 102
8774 4 2 3 5 2455 2236 1758 2259
8775 4 2 3 5 2455 2469 397 443
8776 4 2 3 5 396 2468 442 2484
8777 4 2 3 5 2073 380 2072 2066
8778 4 2 3 5 2593 1676 2322 2595
8779 4 2 3 5 2490 2486 508 367
8780 4 2 3 5 2530 2527 2495 2524
8781 4 2 3 5 2080 2082 2081 2079
8782 4 2 3 5 2486 2490 1461 2487
8783 4 2 3 5 367 2490 2057 507
8784 4 2 3 5 1461 2486 2487 2064
8785 4 2 3 5 1465 2106 2539 2540
8786 4 2 3 5 1461 2064 2502 2506
8787 4 2 3 5 2545 2067 2072 2075
8788 4 2 3 5 380 2073 2072 1576
8789 4 2 3 5 93 2512 92 377
8790 4 2 3 5 2079 1619 551 2072
8791 4 2 3 5 1312 1379 2552 2158
8792 4 2 3 5 2669 2670 2673 2660
8793 4 2 3 5 1619 1576 551 2072
8794 4 2 3 5 618 2669 2660 617
8795 4 2 3 5 633 2447 100 2677
8796 4 2 3 5 448 453 507 2083
8797 4 2 3 5 620 621 630 2675
8798 4 2 3 5 2119 2120 2094 2657
8799 4 2 3 5 1811 1921 2584 1942
8800 4 2 3 5 590 555 575 2630
8801 4 2 3 5 599 2265 78 2632
8802 4 2 3 5 960 944 1299 2690
8803 4 2 3 5 2306 2302 79 78
8804 4 2 3 5 590 2632 78 79
8805 4 2 3 5 1816 1817 2300 2189
8806 4 2 3 5 1816 2043 2300 1817
8807 4 2 3 5 506 359 485 2365
8808 4 2 3 5 108 649 640 2267
8809 4 2 3 5 446 517 2580 417
8810 4 2 3 5 359 2583 109 2275
8811 4 2 3 5 453 2054 507 2083
8812 4 2 3 5 2601 2564 2625 2624
8813 4 2 3 5 447 429 448 2083
8814 4 2 3 5 2536 561 554 2623
8815 4 2 3 5 2536 2623 2624 2625
8816 4 2 3 5 1490 1413 2624 2602
8817 4 2 3 5 429 447 2084 2083
8818 4 2 3 5 453 429 2083 448
8819 4 2 3 5 2564 2563 2522 5
8820 4 2 3 5 2603 566 2605 569
8821 4 2 3 5 2604 2608 2605 565
8822 4 2 3 5 2054 429 2083 453
8823 4 2 3 5 2102 2310 2321 487
8824 4 2 3 5 2251 2619 2618 2090
8825 4 2 3 5 576 2599 2633 569
8826 4 2 3 5 2251 75 2090 2618
8827 4 2 3 5 2057 2045 2083 507
8828 4 2 3 5 2139 1458 2140 1449
8829 4 2 3 5 84 2155 2141 85
8830 4 2 3 5 2608 2536 584 554
8831 4 2 3 5 1450 2045 2083 2057
8832 4 2 3 5 2351 2122 2094 2439
8833 4 2 3 5 1663 1618 1666 2094
8834 4 2 3 5 565 574 578 2605
8835 4 2 3 5 1663 2120 1618 2094
8836 4 2 3 5 2681 1664 2094 2121
8837 4 2 3 5 1400 2444 1679 2446
8838 4 2 3 5 491 2347 1997 1971
8839 4 2 3 5 2120 2681 2094 2657
8840 4 2 3 5 2648 632 606 622
8841 4 2 3 5 2681 2120 2094 1664
8842 4 2 3 5 2349 651 2350 98
8843 4 2 3 5 638 2659 2657 2114
8844 4 2 3 5 2444 2443 2445 100
8845 4 2 3 5 2670 2661 2660 2662
8846 4 2 3 5 645 623 622 2657
8847 4 2 3 5 2661 2658 2660 2662
8848 4 2 3 5 623 2658 2657 2662
8849 4 2 3 5 2685 2683 2684 2656
8850 4 2 3 5 1816 2189 2300 1394
8851 4 2 3 5 2254 2186 2449 2450
8852 4 2 3 5 115 116 380 2105
8853 4 2 3 5 2553 460 459 514
8854 4 2 3 5 2490 508 2066 510
8855 4 2 3 5 1576 115 2105 2125
8856 4 2 3 5 2448 446 2580 417
8857 4 2 3 5 1563 1576 2105 2125
8858 4 2 3 5 2106 1563 2105 2125
8859 4 2 3 5 435 517 417 2580
8860 4 2 3 5 2412 2285 2307 2275
8861 4 2 3 5 2579 2583 2580 2578
8862 4 2 3 5 621 2672 2676 2675
8863 4 2 3 5 115 2106 2105 2125
8864 4 2 3 5 913 662 131 873
8865 4 2 3 5 2332 2334 2022 2333
8866 4 2 3 5 2334 2332 2132 2333
8867 4 2 3 5 730 1203 1156 824
8868 4 2 3 5 1245 891 912 875
8869 4 2 3 5 2021 2663 609 2333
8870 4 2 3 5 1511 2181 1910 1909
8871 4 2 3 5 2334 2132 2116 2333
8872 4 2 3 5 1605 2124 2127 1622
8873 4 2 3 5 2136 1550 1549 2127
8874 4 2 3 5 1620 2136 1549 2127
8875 4 2 3 5 859 956 168 674
8876 4 2 3 5 836 654 1218 760
8877 4 2 3 5 1533 1553 1552 1473
8878 4 2 3 5 1219 1212 1552 1473
8879 4 2 3 5 1182 684 772 1183
8880 4 2 3 5 801 681 1473 1229
8881 4 2 3 5 2330 1526 2128 2129
8882 4 2 3 5 1212 682 681 1473
8883 4 2 3 5 1589 1604 1551 1606
8884 4 2 3 5 689 1182 772 2279
8885 4 2 3 5 2281 1204 1144 1220
8886 4 2 3 5 1232 1224 2028 1220
8887 4 2 3 5 1472 1230 1321 2053
8888 4 2 3 5 1588 2078 1606 1584
8889 4 2 3 5 959 1305 919 822
8890 4 2 3 5 953 1305 822 919
8891 4 2 3 5 2183 1784 1629 2138
8892 4 2 3 5 1784 2175 1629 2138
8893 4 2 3 5 1629 2175 2365 2138
8894 4 2 3 5 658 152 944 153
8895 4 2 3 5 1629 2183 2138 2365
8896 4 2 3 5 1614 1912 1613 1525
8897 4 2 3 5 1649 1210 751 1242
8898 4 2 3 5 2175 1629 2365 1620
8899 4 2 3 5 2175 2174 2365 2138
8900 4 2 3 5 747 845 663 1244
8901 4 2 3 5 1570 2557 2560 2520
8902 4 2 3 5 2335 2408 2365 111
8903 4 2 3 5 1159 790 791 846
8904 4 2 3 5 1886 2218 2436 2219
8905 4 2 3 5 1334 1654 1637 1653
8906 4 2 3 5 2060 1131 2494 2498
8907 4 2 3 5 2510 1570 1315 2514
8908 4 2 3 5 1640 1447 1648 1600
8909 4 2 3 5 1572 1575 1730 1573
8910 4 2 3 5 1731 1265 2403 1573
8911 4 2 3 5 1706 1710 1648 1438
8912 4 2 3 5 1235 1336 1218 1580
8913 4 2 3 5 1491 1492 1495 2149
8914 4 2 3 5 2148 1491 1495 2149
8915 4 2 3 5 1691 1979 1683 1975
8916 4 2 3 5 1999 1179 1859 2233
8917 4 2 3 5 1492 2149 1573 2569
8918 4 2 3 5 2568 1265 1573 2403
8919 4 2 3 5 2284 2280 1819 1527
8920 4 2 3 5 2026 735 683 1209
8921 4 2 3 5 480 2159 2552 2160
8922 4 2 3 5 2159 67 2387 2160
8923 4 2 3 5 2689 1144 1308 1302
8924 4 2 3 5 1287 926 927 928
8925 4 2 3 5 959 946 857 162
8926 4 2 3 5 2157 2382 2398 67
8927 4 2 3 5 1232 1224 868 2028
8928 4 2 3 5 1149 2692 2690 2691
8929 4 2 3 5 946 660 857 162
8930 4 2 3 5 783 660 785 1144
8931 4 2 3 5 1988 2258 1431 1984
8932 4 2 3 5 2694 794 725 809
8933 4 2 3 5 1987 728 705 1986
8934 4 2 3 5 1423 1422 2160 2552
8935 4 2 3 5 819 820 1310 1299
8936 4 2 3 5 2691 940 932 943
8937 4 2 3 5 658 944 961 153
8938 4 2 3 5 2283 1524 1819 2280
8939 4 2 3 5 1278 805 826 835
8940 4 2 3 5 2304 1797 1251 1497
8941 4 2 3 5 1422 1384 2160 2552
8942 4 2 3 5 1504 730 1156 824
8943 4 2 3 5 2378 1441 2387 2399
8944 4 2 3 5 1405 2400 2398 2644
8945 4 2 3 5 1518 2102 2311 2173
8946 4 2 3 5 1246 768 767 1501
8947 4 2 3 5 97 2122 2438 2171
8948 4 2 3 5 768 1246 767 849
8949 4 2 3 5 788 1195 848 789
8950 4 2 3 5 97 2351 2350 2438
8951 4 2 3 5 2122 2351 2438 2439
8952 4 2 3 5 1904 1506 1909 2180
8953 4 2 3 5 2143 1227 2511 2558
8954 4 2 3 5 1892 1904 1909 2180
8955 4 2 3 5 2100 1893 2574 2582
8956 4 2 3 5 2100 1783 2182 2582
8957 4 2 3 5 1158 1662 1447 1352
8958 4 2 3 5 2534 1327 1342 1130
8959 4 2 3 5 1893 2100 2182 2582
8960 4 2 3 5 1893 1891 2276 2582
8961 4 2 3 5 2238 1724 2193 2088
8962 4 2 3 5 73 1724 2193 2238
8963 4 2 3 5 830 1247 1297 1233
8964 4 2 3 5 357 2088 74 2193
8965 4 2 3 5 1201 766 723 767
8966 4 2 3 5 73 357 74 2193
8967 4 2 3 5 2088 2238 74 2193
8968 4 2 3 5 1281 2692 2690 1299
8969 4 2 3 5 1706 1682 1681 1167
8970 4 2 3 5 2238 73 74 2193
8971 4 2 3 5 1268 1153 1388 2204
8972 4 2 3 5 2203 1153 1200 2204
8973 4 2 3 5 2205 1267 2204 1418
8974 4 2 3 5 1173 1174 1672 1178
8975 4 2 3 5 2205 1268 2204 1267
8976 4 2 3 5 2196 1417 1280 1436
8977 4 2 3 5 562 573 564 2624
8978 4 2 3 5 1389 876 1419 897
8979 4 2 3 5 776 719 738 1176
8980 4 2 3 5 2626 2150 2151 1574
8981 4 2 3 5 2250 2621 1747 2191
8982 4 2 3 5 885 2405 883 2622
8983 4 2 3 5 1129 1271 1328 2147
8984 4 2 3 5 563 562 564 2624
8985 4 2 3 5 2568 882 1264 893
8986 4 2 3 5 2568 882 893 883
8987 4 2 3 5 1731 1127 1723 1730
8988 4 2 3 5 125 833 661 903
8989 4 2 3 5 1272 1254 873 890
8990 4 2 3 5 1417 746 1408 1165
8991 4 2 3 5 563 2608 562 2624
8992 4 2 3 5 2402 2404 2425 2405
8993 4 2 3 5 1866 1740 1754 1749
8994 4 2 3 5 898 1268 1267 915
8995 4 2 3 5 1268 898 1267 1419
8996 4 2 3 5 2199 1267 1418 2198
8997 4 2 3 5 1386 1748 2202 1861
8998 4 2 3 5 2113 1697 1288 1982
8999 4 2 3 5 2026 1224 1209 2028
9000 4 2 3 5 1232 735 736 839
9001 4 2 3 5 1139 2687 2688 2288
9002 4 2 3 5 1302 814 1304 844
9003 4 2 3 5 2689 1135 1304 1282
9004 4 2 3 5 1159 1296 848 668
9005 4 2 3 5 2632 2302 2634 2635
9006 4 2 3 5 2641 2642 2635 2633
9007 4 2 3 5 1282 1232 1304 1286
9008 4 2 3 5 1159 950 958 921
9009 4 2 3 5 854 669 1233 829
9010 4 2 3 5 1247 830 1297 859
9011 4 2 3 5 2273 2274 2225 2414
9012 4 2 3 5 1303 1136 1214 1297
9013 4 2 3 5 2437 2227 1291 1982
9014 4 2 3 5 959 1305 822 857
9015 4 2 3 5 2274 2346 2225 2414
9016 4 2 3 5 946 660 1302 857
9017 4 2 3 5 959 946 1302 857
9018 4 2 3 5 2346 2274 2225 2273
9019 4 2 3 5 2583 2579 2275 2578
9020 4 2 3 5 1411 2261 1133 2263
9021 4 2 3 5 816 849 659 1245
9022 4 2 3 5 1135 2689 1304 1302
9023 4 2 3 5 941 1247 1306 1297
9024 4 2 3 5 2687 1289 2288 1139
9025 4 2 3 5 676 678 1219 679
9026 4 2 3 5 1235 1171 836 1218
9027 4 2 3 5 2031 2029 1529 2024
9028 4 2 3 5 1160 1533 1610 1346
9029 4 2 3 5 939 1294 941 952
9030 4 2 3 5 1172 1438 1681 1167
9031 4 2 3 5 2694 794 809 1185
9032 4 2 3 5 1210 781 756 1185
9033 4 2 3 5 1743 2231 1920 2235
9034 4 2 3 5 1764 2415 1774 1920
9035 4 2 3 5 1649 1706 1242 1600
9036 4 2 3 5 1147 1884 1883 2436
9037 4 2 3 5 2415 1788 1774 1920
9038 4 2 3 5 2415 1788 1920 1425
9039 4 2 3 5 2163 1427 2162 1703
9040 4 2 3 5 1399 1862 1958 1973
9041 4 2 3 5 753 1641 1649 1242
9042 4 2 3 5 1682 1684 1681 1675
9043 4 2 3 5 713 775 1210 781
9044 4 2 3 5 1977 1994 1974 1432
9045 4 2 3 5 1773 1998 1973 2013
9046 4 2 3 5 1656 1702 1701 2357
9047 4 2 3 5 2435 1446 1695 1883
9048 4 2 3 5 2364 1956 1991 1960
9049 4 2 3 5 1186 1188 2429 1192
9050 4 2 3 5 1502 1503 1198 1929
9051 4 2 3 5 1191 2217 1194 1907
9052 4 2 3 5 1197 1987 1196 1850
9053 4 2 3 5 1146 1880 1907 1615
9054 4 2 3 5 726 691 1906 692
9055 4 2 3 5 1180 733 2217 1195
9056 4 2 3 5 2437 2227 2436 2219
9057 4 2 3 5 2247 1410 1269 2246
9058 4 2 3 5 1674 1673 1995 1681
9059 4 2 3 5 717 750 1649 751
9060 4 2 3 5 1566 1446 1694 1695
9061 4 2 3 5 2534 2143 2520 1227
9062 4 2 3 5 2247 2245 1410 2246
9063 4 2 3 5 1226 145 672 1222
9064 4 2 3 5 1228 1226 2559 145
9065 4 2 3 5 1915 1874 1527 2279
9066 4 2 3 5 1182 1205 1527 2279
9067 4 2 3 5 1282 925 927 1286
9068 4 2 3 5 928 929 927 1288
9069 4 2 3 5 941 1247 954 1306
9070 4 2 3 5 1652 1162 1243 1644
9071 4 2 3 5 1566 1360 1694 1442
9072 4 2 3 5 1709 1708 1710 1978
9073 4 2 3 5 1269 1410 2242 2246
9074 4 2 3 5 1990 1190 1673 1167
9075 4 2 3 5 1210 775 751 756
9076 4 2 3 5 887 1276 890 1262
9077 4 2 3 5 2304 1509 1276 1262
9078 4 2 3 5 1410 2245 2242 2246
9079 4 2 3 5 1501 1502 1198 1929
9080 4 2 3 5 1504 1502 1503 1198
9081 4 2 3 5 723 695 696 1198
9082 4 2 3 5 1415 1436 2257 1429
9083 4 2 3 5 1245 1254 1505 1269
9084 4 2 3 5 1575 2521 1572 2566
9085 4 2 3 5 572 2601 2602 573
9086 4 2 3 5 2566 2626 1572 2645
9087 4 2 3 5 1391 2386 2561 2565
9088 4 2 3 5 895 882 1264 1273
9089 4 2 3 5 2626 2150 2625 1339
9090 4 2 3 5 2404 1731 2401 1265
9091 4 2 3 5 133 900 1277 826
9092 4 2 3 5 1272 852 1276 913
9093 4 2 3 5 887 900 1277 877
9094 4 2 3 5 2036 1136 1287 2113
9095 4 2 3 5 1415 1851 2257 1436
9096 4 2 3 5 929 1290 931 1289
9097 4 2 3 5 1530 1873 1615 1918
9098 4 2 3 5 1149 1285 2690 1300
9099 4 2 3 5 2691 1298 1284 1712
9100 4 2 3 5 150 841 945 664
9101 4 2 3 5 944 1300 1299 2690
9102 4 2 3 5 2592 2258 1429 2257
9103 4 2 3 5 1250 918 1284 795
9104 4 2 3 5 2694 794 1299 1310
9105 4 2 3 5 656 156 155 949
9106 4 2 3 5 2256 2592 1429 2257
9107 4 2 3 5 818 790 1159 846
9108 4 2 3 5 2692 2691 1712 2690
9109 4 2 3 5 1415 2256 1429 2257
9110 4 2 3 5 1415 1851 2256 2257
9111 4 2 3 5 1472 1320 1471 2053
9112 4 2 3 5 1324 1468 1467 2050
9113 4 2 3 5 376 2501 472 89
9114 4 2 3 5 1579 2076 1602 1603
9115 4 2 3 5 2054 429 428 2084
9116 4 2 3 5 1561 1559 1462 2046
9117 4 2 3 5 115 1619 1576 380
9118 4 2 3 5 1160 1603 1587 1604
9119 4 2 3 5 1158 1643 1653 1655
9120 4 2 3 5 1452 2503 1582 1456
9121 4 2 3 5 1323 2067 2075 2072
9122 4 2 3 5 1577 1585 1602 1604
9123 4 2 3 5 2047 2051 1451 1560
9124 4 2 3 5 2545 1344 1585 1563
9125 4 2 3 5 1575 1391 1342 2521
9126 4 2 3 5 2388 1441 1405 2379
9127 4 2 3 5 2003 1787 2156 2383
9128 4 2 3 5 1380 2389 1391 1342
9129 4 2 3 5 2519 1380 1391 1342
9130 4 2 3 5 2519 2389 1380 1342
9131 4 2 3 5 2521 2519 1368 1342
9132 4 2 3 5 2623 561 5 2522
9133 4 2 3 5 2403 1574 2151 1778
9134 4 2 3 5 2302 555 2634 79
9135 4 2 3 5 1278 1509 1497 1412
9136 4 2 3 5 2250 1944 1409 2248
9137 4 2 3 5 2263 1794 2305 2304
9138 4 2 3 5 1494 2627 1493 1538
9139 4 2 3 5 1922 1825 1923 2636
9140 4 2 3 5 1645 1351 1651 1661
9141 4 2 3 5 1647 1656 1657 2357
9142 4 2 3 5 1680 1678 1976 2354
9143 4 2 3 5 2349 99 2348 651
9144 4 2 3 5 2444 2326 1950 2447
9145 4 2 3 5 1419 1389 897 2425
9146 4 2 3 5 851 748 1163 1372
9147 4 2 3 5 1153 747 663 1244
9148 4 2 3 5 1720 1717 2383 1767
9149 4 2 3 5 1974 1994 1958 1989
9150 4 2 3 5 1977 1994 1973 1974
9151 4 2 3 5 1781 1779 1780 2376
9152 4 2 3 5 1998 1773 1434 1771
9153 4 2 3 5 2232 1999 2011 1771
9154 4 2 3 5 865 827 1253 1249
9155 4 2 3 5 776 845 747 1244
9156 4 2 3 5 1794 1798 1397 1793
9157 4 2 3 5 1791 1520 2310 1793
9158 4 2 3 5 2153 82 2321 1494
9159 4 2 3 5 626 2652 2655 2653
9160 4 2 3 5 1520 1522 2310 1793
9161 4 2 3 5 763 704 1429 703
9162 4 2 3 5 1831 1926 1834 1832
9163 4 2 3 5 1926 1831 1834 1833
9164 4 2 3 5 1392 1840 1843 1865
9165 4 2 3 5 763 1846 1436 1429
9166 4 2 3 5 2243 2242 1865 1407
9167 4 2 3 5 1415 764 763 732
9168 4 2 3 5 2007 2369 2006 1350
9169 4 2 3 5 2205 2199 1267 1418
9170 4 2 3 5 1741 2424 1716 1374
9171 4 2 3 5 1999 1772 2013 1771
9172 4 2 3 5 1728 1745 1747 1769
9173 4 2 3 5 823 867 741 1200
9174 4 2 3 5 761 1169 1179 2233
9175 4 2 3 5 86 561 2623 2522
9176 4 2 3 5 1391 2521 1368 1342
9177 4 2 3 5 1336 1235 1639 2068
9178 4 2 3 5 1579 1602 1582 2070
9179 4 2 3 5 1561 1559 1453 1132
9180 4 2 3 5 2487 2492 2046 2493
9181 4 2 3 5 1751 1750 1749 1752
9182 4 2 3 5 1577 1559 1582 1456
9183 4 2 3 5 1607 1345 1584 1473
9184 4 2 3 5 2123 1583 1562 1551
9185 4 2 3 5 2671 2652 2655 626
9186 4 2 3 5 1455 1466 1475 2531
9187 4 2 3 5 1324 2047 1326 2050
9188 4 2 3 5 1476 1477 1484 1478
9189 4 2 3 5 86 2536 2522 2623
9190 4 2 3 5 2623 2564 2625 2522
9191 4 2 3 5 2143 2142 1475 2533
9192 4 2 3 5 878 1256 870 853
9193 4 2 3 5 1477 1535 1476 2549
9194 4 2 3 5 1496 1478 1538 2627
9195 4 2 3 5 1537 1539 2629 2151
9196 4 2 3 5 2191 2250 1409 1747
9197 4 2 3 5 1535 1519 1541 1556
9198 4 2 3 5 1227 2534 2145 1328
9199 4 2 3 5 1481 1477 1476 2547
9200 4 2 3 5 1496 1485 1558 1484
9201 4 2 3 5 887 1499 879 877
9202 4 2 3 5 2532 86 2141 2536
9203 4 2 3 5 2553 2187 2554 2571
9204 4 2 3 5 1926 1847 1803 1932
9205 4 2 3 5 2189 1816 1812 1394
9206 4 2 3 5 1506 1503 2180 1929
9207 4 2 3 5 2299 1804 1503 1929
9208 4 2 3 5 1894 2577 2277 2278
9209 4 2 3 5 2176 1544 1514 1207
9210 4 2 3 5 2280 2284 2340 1527
9211 4 2 3 5 2315 1517 1156 1396
9212 4 2 3 5 2330 2410 1143 1207
9213 4 2 3 5 2295 1445 1898 1876
9214 4 2 3 5 1586 1592 1595 2537
9215 4 2 3 5 682 684 685 1183
9216 4 2 3 5 2287 2341 2286 1528
9217 4 2 3 5 2280 2282 2340 2284
9218 4 2 3 5 2435 1566 2298 1615
9219 4 2 3 5 1259 1826 1923 2620
9220 4 2 3 5 1522 2317 1538 1494
9221 4 2 3 5 1824 1822 2636 1801
9222 4 2 3 5 1127 1770 1723 1769
9223 4 2 3 5 1825 1826 1778 1923
9224 4 2 3 5 1730 1731 2403 1573
9225 4 2 3 5 649 2273 608 2655
9226 4 2 3 5 2016 1621 2130 1549
9227 4 2 3 5 1579 1329 1578 1560
9228 4 2 3 5 1786 2175 1548 1620
9229 4 2 3 5 2025 2330 2017 2410
9230 4 2 3 5 2557 1316 1317 2560
9231 4 2 3 5 803 724 1236 802
9232 4 2 3 5 2497 2062 2504 474
9233 4 2 3 5 1345 1589 1606 1604
9234 4 2 3 5 1472 1481 1320 2053
9235 4 2 3 5 2532 1487 1475 1460
9236 4 2 3 5 1479 2547 1486 2055
9237 4 2 3 5 1605 1623 2125 1589
9238 4 2 3 5 1481 1459 1486 2547
9239 4 2 3 5 1130 1273 1253 1266
9240 4 2 3 5 2401 2380 1723 2381
9241 4 2 3 5 901 1271 2147 1328
9242 4 2 3 5 1589 2124 1551 2123
9243 4 2 3 5 1563 1589 1604 2123
9244 4 2 3 5 1160 1345 1603 1604
9245 4 2 3 5 1577 2545 1592 1585
9246 4 2 3 5 1563 1344 1585 1587
9247 4 2 3 5 1171 1158 1651 1640
9248 4 2 3 5 2168 1634 1596 1659
9249 4 2 3 5 2168 95 96 2169
9250 4 2 3 5 1645 1351 1647 1651
9251 4 2 3 5 2682 2334 2116 2333
9252 4 2 3 5 1589 2124 2123 2125
9253 4 2 3 5 1620 2335 2329 1631
9254 4 2 3 5 2656 2683 2655 2414
9255 4 2 3 5 2326 2364 2363 2325
9256 4 2 3 5 2678 2675 2677 2679
9257 4 2 3 5 1927 1393 1929 1803
9258 4 2 3 5 2553 2554 2041 2039
9259 4 2 3 5 2043 1816 2300 1394
9260 4 2 3 5 2102 1827 2311 2310
9261 4 2 3 5 1895 1891 2277 2409
9262 4 2 3 5 625 2267 2655 2649
9263 4 2 3 5 407 1946 410 409
9264 4 2 3 5 2254 2253 2449 2456
9265 4 2 3 5 1468 1472 2050 1324
9266 4 2 3 5 2062 1660 1650 1659
9267 4 2 3 5 1657 1333 2008 1659
9268 4 2 3 5 1465 1594 1595 1591
9269 4 2 3 5 2091 2058 2538 1593
9270 4 2 3 5 1656 1351 1647 1646
9271 4 2 3 5 781 713 762 1167
9272 4 2 3 5 1959 1988 1989 1995
9273 4 2 3 5 761 2012 2473 1176
9274 4 2 3 5 1599 1581 1352 1598
9275 4 2 3 5 1658 2442 1701 1705
9276 4 2 3 5 1217 143 1218 1225
9277 4 2 3 5 1237 1641 1599 1218
9278 4 2 3 5 1708 2442 1710 1978
9279 4 2 3 5 1709 1428 1691 1710
9280 4 2 3 5 1682 2166 1706 2165
9281 4 2 3 5 2356 1333 2008 1657
9282 4 2 3 5 1441 1384 2399 1440
9283 4 2 3 5 2369 2007 1240 1350
9284 4 2 3 5 2070 1642 1595 1582
9285 4 2 3 5 2479 1424 2462 2004
9286 4 2 3 5 387 1422 2002 2461
9287 4 2 3 5 1718 1765 2416 1771
9288 4 2 3 5 1987 1147 1675 1883
9289 4 2 3 5 1669 702 1671 1188
9290 4 2 3 5 702 1184 1671 1188
9291 4 2 3 5 1674 2324 1992 1969
9292 4 2 3 5 1968 2432 1969 1970
9293 4 2 3 5 2220 1968 2430 1878
9294 4 2 3 5 2339 2018 2277 2017
9295 4 2 3 5 753 1243 1242 752
9296 4 2 3 5 1151 1696 1684 1448
9297 4 2 3 5 2166 1151 1980 1684
9298 4 2 3 5 1674 1673 1675 1986
9299 4 2 3 5 2328 2674 2327 1401
9300 4 2 3 5 1433 1979 1996 2327
9301 4 2 3 5 1401 2674 2327 1980
9302 4 2 3 5 1174 1173 1681 1154
9303 4 2 3 5 712 1177 1174 1172
9304 4 2 3 5 2294 1873 2297 1615
9305 4 2 3 5 2432 1968 1885 1970
9306 4 2 3 5 656 819 1310 1309
9307 4 2 3 5 1684 1685 1993 2693
9308 4 2 3 5 1980 1979 2327 1962
9309 4 2 3 5 1981 2296 1982 1694
9310 4 2 3 5 1446 1684 2327 1980
9311 4 2 3 5 1996 1979 1975 1683
9312 4 2 3 5 2358 2360 1362 1704
9313 4 2 3 5 1685 1151 1695 1694
9314 4 2 3 5 2164 2442 1701 1364
9315 4 2 3 5 1641 1599 1600 1157
9316 4 2 3 5 1437 1177 716 1648
9317 4 2 3 5 1208 1349 1362 1704
9318 4 2 3 5 1349 2358 1362 1704
9319 4 2 3 5 1157 1599 1600 1598
9320 4 2 3 5 1599 1641 1600 1352
9321 4 2 3 5 2014 1774 69 2420
9322 4 2 3 5 1764 70 523 1774
9323 4 2 3 5 1382 2415 1715 2421
9324 4 2 3 5 1768 1773 1434 2478
9325 4 2 3 5 2003 2461 2462 1423
9326 4 2 3 5 1753 1861 1771 1863
9327 4 2 3 5 2201 2208 2192 2421
9328 4 2 3 5 2422 2208 2421 2419
9329 4 2 3 5 2018 2339 2277 2282
9330 4 2 3 5 2239 2238 1942 2088
9331 4 2 3 5 2244 1733 1865 2195
9332 4 2 3 5 1669 1966 2592 1429
9333 4 2 3 5 1763 1737 1760 2253
9334 4 2 3 5 1856 2594 2019 2591
9335 4 2 3 5 1724 2194 72 2193
9336 4 2 3 5 1762 1415 1761 2195
9337 4 2 3 5 1734 1866 2195 1867
9338 4 2 3 5 1811 1926 1925 1936
9339 4 2 3 5 1913 2283 1895 2277
9340 4 2 3 5 2283 1913 1914 2277
9341 4 2 3 5 1833 1831 1839 2086
9342 4 2 3 5 1382 1753 2201 1739
9343 4 2 3 5 811 911 899 1255
9344 4 2 3 5 743 1153 1200 734
9345 4 2 3 5 1779 1767 2376 1716
9346 4 2 3 5 2378 2382 1441 1721
9347 4 2 3 5 1382 1753 1739 1768
9348 4 2 3 5 2588 1667 1763 1951
9349 4 2 3 5 1964 2222 2019 2591
9350 4 2 3 5 704 770 1670 706
9351 4 2 3 5 1846 1436 2257 1416
9352 4 2 3 5 1734 1762 1385 1738
9353 4 2 3 5 906 893 894 1266
9354 4 2 3 5 889 1279 871 914
9355 4 2 3 5 2393 2395 2379 2394
9356 4 2 3 5 1372 811 738 1255
9357 4 2 3 5 2379 2380 1723 2401
9358 4 2 3 5 2424 1755 1745 1769
9359 4 2 3 5 2395 2391 2375 2396
9360 4 2 3 5 1913 1893 2277 1895
9361 4 2 3 5 874 7 864 146
9362 4 2 3 5 812 845 738 1244
9363 4 2 3 5 2301 1508 2044 1156
9364 4 2 3 5 1891 1629 1783 2101
9365 4 2 3 5 1944 1923 2620 2264
9366 4 2 3 5 2210 2568 2569 2151
9367 4 2 3 5 1893 1913 2277 1914
9368 4 2 3 5 1746 1868 1409 1134
9369 4 2 3 5 2299 1933 2260 1813
9370 4 2 3 5 1245 816 1161 866
9371 4 2 3 5 1133 1254 1269 1505
9372 4 2 3 5 885 2210 2405 2622
9373 4 2 3 5 774 1272 1790 1161
9374 4 2 3 5 2302 1794 1793 2634
9375 4 2 3 5 1944 2250 1923 1943
9376 4 2 3 5 2641 2642 2633 2600
9377 4 2 3 5 555 2634 80 591
9378 4 2 3 5 1395 1133 1813 1823
9379 4 2 3 5 2402 2210 1260 1778
9380 4 2 3 5 1800 2265 2647 1799
9381 4 2 3 5 2302 1789 1793 1799
9382 4 2 3 5 1922 1943 2647 1823
9383 4 2 3 5 2243 1843 1189 1865
9384 4 2 3 5 1186 731 1201 1189
9385 4 2 3 5 1927 1840 1834 1832
9386 4 2 3 5 2245 2247 1410 1934
9387 4 2 3 5 1415 1842 1865 1189
9388 4 2 3 5 2220 1912 2216 2221
9389 4 2 3 5 1904 1900 2180 1892
9390 4 2 3 5 698 1199 1194 697
9391 4 2 3 5 1937 2254 1855 1831
9392 4 2 3 5 1937 2453 1855 2254
9393 4 2 3 5 1392 1761 1834 1832
9394 4 2 3 5 403 2252 2457 2456
9395 4 2 3 5 2190 2179 1814 2187
9396 4 2 3 5 1926 1937 1855 1831
9397 4 2 3 5 1732 1734 2195 1867
9398 4 2 3 5 1724 1726 2194 1725
9399 4 2 3 5 1761 2254 1760 1832
9400 4 2 3 5 1763 1759 1760 1738
9401 4 2 3 5 1740 1739 1752 1714
9402 4 2 3 5 1853 1763 1760 2253
9403 4 2 3 5 2256 1762 1761 1845
9404 4 2 3 5 2429 1966 1965 2428
9405 4 2 3 5 1928 1927 1929 1931
9406 4 2 3 5 1199 698 1194 1192
9407 4 2 3 5 2323 1443 2430 1967
9408 4 2 3 5 1814 1809 1803 2451
9409 4 2 3 5 1809 2452 1507 1901
9410 4 2 3 5 1848 1844 1832 1845
9411 4 2 3 5 2660 2672 2675 2679
9412 4 2 3 5 649 2267 2291 2655
9413 4 2 3 5 1144 2228 2288 1308
9414 4 2 3 5 627 2654 2653 629
9415 4 2 3 5 505 2213 2039 2019
9416 4 2 3 5 2271 2345 2273 2346
9417 4 2 3 5 1992 2324 2327 1962
9418 4 2 3 5 2283 1913 2276 1916
9419 4 2 3 5 2575 1894 2182 2577
9420 4 2 3 5 1201 766 1198 723
9421 4 2 3 5 1870 1895 2277 2409
9422 4 2 3 5 2413 2273 2225 2414
9423 4 2 3 5 1555 1828 2311 2173
9424 4 2 3 5 2283 1524 2280 1914
9425 4 2 3 5 1951 1853 1953 1845
9426 4 2 3 5 2152 1555 2311 2173
9427 4 2 3 5 1908 1193 2215 1879
9428 4 2 3 5 1555 2152 2311 1828
9429 4 2 3 5 2281 2228 2288 1144
9430 4 2 3 5 1234 1278 1156 835
9431 4 2 3 5 1933 1930 2299 2260
9432 4 2 3 5 1276 1509 1278 1790
9433 4 2 3 5 2260 1933 1934 1813
9434 4 2 3 5 1417 1415 2195 1865
9435 4 2 3 5 2200 1868 1756 1134
9436 4 2 3 5 1886 2227 2288 1918
9437 4 2 3 5 2249 1815 1942 2251
9438 4 2 3 5 2088 526 2085 1839
9439 4 2 3 5 2089 2086 2085 1839
9440 4 2 3 5 2086 1937 2085 1925
9441 4 2 3 5 2551 1811 2584 1939
9442 4 2 3 5 2619 1744 2643 2090
9443 4 2 3 5 1882 2595 1956 1969
9444 4 2 3 5 2426 2413 105 2225
9445 4 2 3 5 1966 1952 2323 2592
9446 4 2 3 5 1842 2256 1845 2255
9447 4 2 3 5 1879 2215 1903 2428
9448 4 2 3 5 1890 1899 2571 2269
9449 4 2 3 5 1175 706 1986 1178
9450 4 2 3 5 1669 1443 1969 2323
9451 4 2 3 5 1952 1951 1953 1845
9452 4 2 3 5 1928 2243 1841 1189
9453 4 2 3 5 2005 2010 1434 2013
9454 4 2 3 5 1976 1700 1703 1973
9455 4 2 3 5 2011 2472 2013 1771
9456 4 2 3 5 1208 1179 712 2361
9457 4 2 3 5 1168 711 1859 727
9458 4 2 3 5 1974 1999 1179 1399
9459 4 2 3 5 2222 362 2213 2427
9460 4 2 3 5 2186 2594 1856 2456
9461 4 2 3 5 1988 2258 1984 1953
9462 4 2 3 5 2349 1687 1683 2348
9463 4 2 3 5 1989 1988 1431 1995
9464 4 2 3 5 1963 1676 1984 1991
9465 4 2 3 5 1966 2592 1429 2255
9466 4 2 3 5 2588 1853 1763 1852
9467 4 2 3 5 2221 2431 2216 2430
9468 4 2 3 5 2674 1446 2327 1980
9469 4 2 3 5 1979 1980 1690 1962
9470 4 2 3 5 1979 1433 2166 1980
9471 4 2 3 5 2328 1446 2327 2674
9472 4 2 3 5 1950 2326 1961 1962
9473 4 2 3 5 2370 2375 1440 2392
9474 4 2 3 5 1350 2369 2006 1440
9475 4 2 3 5 2007 2009 2008 2006
9476 4 2 3 5 1390 1350 2006 1440
9477 4 2 3 5 1241 2369 1381 2390
9478 4 2 3 5 2492 2530 2493 2528
9479 4 2 3 5 2525 2060 1332 2524
9480 4 2 3 5 1698 2002 1659 2008
9481 4 2 3 5 2025 1532 1143 1527
9482 4 2 3 5 691 1202 1906 1205
9483 4 2 3 5 1515 2339 2017 2410
9484 4 2 3 5 423 2135 2103 2138
9485 4 2 3 5 534 372 2365 485
9486 4 2 3 5 2031 2029 2024 2030
9487 4 2 3 5 684 1182 686 1183
9488 4 2 3 5 1345 1533 1552 1473
9489 4 2 3 5 1526 2025 1143 2330
9490 4 2 3 5 1532 1526 1207 1473
9491 4 2 3 5 1855 1853 2456 1856
9492 4 2 3 5 1908 2215 1901 1903
9493 4 2 3 5 461 2039 2041 2019
9494 4 2 3 5 403 2252 2253 464
9495 4 2 3 5 1981 1886 2288 1918
9496 4 2 3 5 1855 1853 1856 1845
9497 4 2 3 5 1466 1455 1319 2531
9498 4 2 3 5 378 2496 545 2037
9499 4 2 3 5 1485 1488 1475 1484
9500 4 2 3 5 1449 1458 1453 1319
9501 4 2 3 5 2046 1449 1462 1486
9502 4 2 3 5 1483 1541 1486 2055
9503 4 2 3 5 2512 1314 2514 2495
9504 4 2 3 5 2541 2597 2538 1593
9505 4 2 3 5 1378 2523 2504 2489
9506 4 2 3 5 1378 2501 2504 2502
9507 4 2 3 5 2541 2597 2544 1636
9508 4 2 3 5 383 513 2504 472
9509 4 2 3 5 2681 2543 2114 2540
9510 4 2 3 5 508 510 375 2066
9511 4 2 3 5 2046 2045 1462 1449
9512 4 2 3 5 1561 1559 1583 2075
9513 4 2 3 5 1886 1981 2288 2227
9514 4 2 3 5 2115 634 604 2108
9515 4 2 3 5 2632 2641 2635 2633
9516 4 2 3 5 2641 2632 2635 2642
9517 4 2 3 5 2619 1815 2251 2646
9518 4 2 3 5 1477 1481 2549 2547
9519 4 2 3 5 1590 1344 1591 2107
9520 4 2 3 5 2110 1948 2651 1889
9521 4 2 3 5 1215 1237 669 760
9522 4 2 3 5 2507 2073 2539 2537
9523 4 2 3 5 1561 2049 1560 1132
9524 4 2 3 5 2545 1344 1563 1465
9525 4 2 3 5 2106 1344 1465 1563
9526 4 2 3 5 1454 1561 1453 1132
9527 4 2 3 5 2538 88 521 87
9528 4 2 3 5 2332 609 646 2333
9529 4 2 3 5 1598 1711 1442 2096
9530 4 2 3 5 2117 1564 1611 2107
9531 4 2 3 5 2020 2111 1617 1359
9532 4 2 3 5 1597 1655 1591 2074
9533 4 2 3 5 1465 2545 2539 2105
9534 4 2 3 5 611 2115 604 2114
9535 4 2 3 5 1128 2104 2134 2178
9536 4 2 3 5 2053 1324 2052 2050
9537 4 2 3 5 1546 1548 1543 1541
9538 4 2 3 5 1561 1583 2052 1341
9539 4 2 3 5 1553 1533 1545 1473
9540 4 2 3 5 2330 2128 2130 2176
9541 4 2 3 5 1815 2619 2647 2646
9542 4 2 3 5 1458 1449 1453 1486
9543 4 2 3 5 2153 1494 2321 1476
9544 4 2 3 5 1478 1496 1558 1484
9545 4 2 3 5 1535 2321 1476 2549
9546 4 2 3 5 1356 1413 2645 1574
9547 4 2 3 5 2404 2210 2403 1265
9548 4 2 3 5 2210 2403 2151 1778
9549 4 2 3 5 2401 2568 1573 2567
9550 4 2 3 5 2421 1741 1716 1374
9551 4 2 3 5 573 2601 2602 2624
9552 4 2 3 5 1353 2647 2642 1799
9553 4 2 3 5 2604 1490 2624 2602
9554 4 2 3 5 2619 2618 2266 2646
9555 4 2 3 5 1972 1677 1361 2589
9556 4 2 3 5 2586 1983 2589 1997
9557 4 2 3 5 2102 1827 486 512
9558 4 2 3 5 84 1476 2140 1480
9559 4 2 3 5 2531 1466 1475 1458
9560 4 2 3 5 2084 1479 1540 2549
9561 4 2 3 5 2017 1870 2277 2409
9562 4 2 3 5 2408 110 485 111
9563 4 2 3 5 2227 2228 1918 2219
9564 4 2 3 5 2111 2032 1359 2295
9565 4 2 3 5 1629 2335 1620 1870
9566 4 2 3 5 2021 112 609 650
9567 4 2 3 5 2289 1897 2271 2290
9568 4 2 3 5 357 1839 2193 2467
9569 4 2 3 5 1752 1742 1387 1867
9570 4 2 3 5 1726 2208 2194 1725
9571 4 2 3 5 1757 1263 2207 2209
9572 4 2 3 5 2233 2417 2416 2372
9573 4 2 3 5 876 121 899 1274
9574 4 2 3 5 2199 2205 1267 2207
9575 4 2 3 5 1769 1779 2376 1716
9576 4 2 3 5 1752 2199 1387 1756
9577 4 2 3 5 2196 1851 1436 1416
9578 4 2 3 5 1263 1770 2207 1781
9579 4 2 3 5 1930 1933 2299 1929
9580 4 2 3 5 106 2224 105 2225
9581 4 2 3 5 1201 1928 1931 1841
9582 4 2 3 5 691 1906 692 1205
9583 4 2 3 5 2294 1566 1530 1615
9584 4 2 3 5 1444 2431 1969 1850
9585 4 2 3 5 1506 1805 1503 1198
9586 4 2 3 5 2342 2588 2460 2322
9587 4 2 3 5 1184 1188 1850 1671
9588 4 2 3 5 2406 2366 2407 2649
9589 4 2 3 5 2446 2445 1679 2322
9590 4 2 3 5 2298 2294 1445 1898
9591 4 2 3 5 2649 2650 2407 2268
9592 4 2 3 5 2308 2406 2407 2649
9593 4 2 3 5 1896 2285 2290 1916
9594 4 2 3 5 1896 2285 2412 2290
9595 4 2 3 5 2415 1382 1768 1425
9596 4 2 3 5 473 2481 389 386
9597 4 2 3 5 2192 539 2234 1743
9598 4 2 3 5 2231 2229 1920 2235
9599 4 2 3 5 1999 2472 2011 1771
9600 4 2 3 5 2475 1998 2462 2485
9601 4 2 3 5 2590 1361 1863 2589
9602 4 2 3 5 1410 2247 2260 1934
9603 4 2 3 5 1742 1756 1387 1867
9604 4 2 3 5 1921 2239 2249 1942
9605 4 2 3 5 126 904 127 850
9606 4 2 3 5 75 1941 76 1942
9607 4 2 3 5 1676 2593 1954 2595
9608 4 2 3 5 2432 1444 2431 1969
9609 4 2 3 5 1849 1952 1967 2428
9610 4 2 3 5 2267 2308 2290 2309
9611 4 2 3 5 1432 1681 1995 1672
9612 4 2 3 5 2196 2197 1436 1280
9613 4 2 3 5 1753 1863 1758 1738
9614 4 2 3 5 2587 2445 2460 2322
9615 4 2 3 5 2214 2554 2223 2039
9616 4 2 3 5 1191 697 1194 2217
9617 4 2 3 5 2408 2335 2365 2409
9618 4 2 3 5 2330 2410 2178 2017
9619 4 2 3 5 2101 1783 2182 1516
9620 4 2 3 5 108 649 2267 2291
9621 4 2 3 5 2292 2272 2290 2271
9622 4 2 3 5 2650 2685 2268 2684
9623 4 2 3 5 499 108 109 2275
9624 4 2 3 5 2412 2308 2407 2309
9625 4 2 3 5 2685 2650 2268 1628
9626 4 2 3 5 1125 1234 1277 1497
9627 4 2 3 5 2261 2299 2260 1813
9628 4 2 3 5 1910 1814 2180 1803
9629 4 2 3 5 1548 1786 1519 1518
9630 4 2 3 5 2588 2587 2460 2322
9631 4 2 3 5 2588 2445 2587 2322
9632 4 2 3 5 423 422 2103 424
9633 4 2 3 5 1511 2572 1782 2574
9634 4 2 3 5 1522 2634 80 1793
9635 4 2 3 5 81 2317 2320 80
9636 4 2 3 5 1817 1508 2300 2189
9637 4 2 3 5 2172 2102 2311 2321
9638 4 2 3 5 420 2103 2184 2138
9639 4 2 3 5 1477 1535 2549 1541
9640 4 2 3 5 1257 1485 1558 1496
9641 4 2 3 5 2314 1797 1536 2316
9642 4 2 3 5 1539 1500 2318 1538
9643 4 2 3 5 114 2332 2132 113
9644 4 2 3 5 455 456 2174 542
9645 4 2 3 5 1576 1619 2125 2123
9646 4 2 3 5 1563 1589 2123 2125
9647 4 2 3 5 1564 1590 2107 1563
9648 4 2 3 5 2545 1586 1592 1585
9649 4 2 3 5 2117 2109 2682 2333
9650 4 2 3 5 2426 2413 2225 2414
9651 4 2 3 5 2323 1952 1951 1953
9652 4 2 3 5 2181 2189 2180 1503
9653 4 2 3 5 2413 106 2225 2273
9654 4 2 3 5 697 1199 1194 2217
9655 4 2 3 5 2021 2332 2022 2333
9656 4 2 3 5 2508 396 2484 2469
9657 4 2 3 5 1860 1858 1754 1863
9658 4 2 3 5 1700 1686 1348 2471
9659 4 2 3 5 620 2648 622 2658
9660 4 2 3 5 2353 2161 2000 490
9661 4 2 3 5 442 468 490 2000
9662 4 2 3 5 1667 2593 2322 2342
9663 4 2 3 5 2588 1667 2322 2342
9664 4 2 3 5 2459 2593 1964 2594
9665 4 2 3 5 497 370 549 2342
9666 4 2 3 5 636 103 102 2363
9667 4 2 3 5 1380 1391 1381 1379
9668 4 2 3 5 2472 2011 2473 1152
9669 4 2 3 5 2391 2388 1440 1390
9670 4 2 3 5 1773 1768 2231 2478
9671 4 2 3 5 1382 1715 1739 2421
9672 4 2 3 5 2192 2208 2419 2421
9673 4 2 3 5 2003 480 1423 2160
9674 4 2 3 5 2150 2626 2151 1491
9675 4 2 3 5 1356 2617 2157 2645
9676 4 2 3 5 1575 1391 2565 1405
9677 4 2 3 5 471 480 2552 1423
9678 4 2 3 5 2555 64 2563 2565
9679 4 2 3 5 2518 2532 2522 2517
9680 4 2 3 5 1274 1389 1419 1148
9681 4 2 3 5 1441 2375 2399 1370
9682 4 2 3 5 1757 1770 2206 2207
9683 4 2 3 5 2400 1575 2379 1730
9684 4 2 3 5 1757 1263 2209 2425
9685 4 2 3 5 2135 423 2103 424
9686 4 2 3 5 2650 1625 2407 1628
9687 4 2 3 5 2272 2292 2290 2293
9688 4 2 3 5 2285 2289 2412 2290
9689 4 2 3 5 605 2308 2406 109
9690 4 2 3 5 2411 1896 2412 2407
9691 4 2 3 5 2267 108 2308 109
9692 4 2 3 5 1717 1718 1767 1719
9693 4 2 3 5 2411 1871 1896 2407
9694 4 2 3 5 1775 2385 2420 1716
9695 4 2 3 5 1764 2192 70 2419
9696 4 2 3 5 1788 2230 1920 1425
9697 4 2 3 5 2424 1374 1769 1716
9698 4 2 3 5 2424 1369 2611 1728
9699 4 2 3 5 1965 2215 1903 1507
9700 4 2 3 5 1857 2595 1969 1954
9701 4 2 3 5 1956 2324 1969 1991
9702 4 2 3 5 1935 1848 1903 1931
9703 4 2 3 5 1691 1709 1978 2441
9704 4 2 3 5 1646 1596 1661 1637
9705 4 2 3 5 1688 2349 1683 2348
9706 4 2 3 5 2254 2453 1855 2450
9707 4 2 3 5 2186 2254 1855 2450
9708 4 2 3 5 2453 2186 1855 2450
9709 4 2 3 5 2089 2450 2253 406
9710 4 2 3 5 1426 2475 2480 2471
9711 4 2 3 5 2470 2001 2482 2000
9712 4 2 3 5 1169 711 1859 1168
9713 4 2 3 5 2369 2368 1440 2392
9714 4 2 3 5 2372 2371 2418 2416
9715 4 2 3 5 2011 2232 2416 2233
9716 4 2 3 5 2499 1131 2061 2498
9717 4 2 3 5 469 535 2483 483
9718 4 2 3 5 1437 1656 1647 2357
9719 4 2 3 5 1972 1957 2590 1973
9720 4 2 3 5 1656 1437 1702 2357
9721 4 2 3 5 1349 2356 2357 1437
9722 4 2 3 5 2356 1647 1650 1657
9723 4 2 3 5 2010 2005 2008 2465
9724 4 2 3 5 1570 1367 1311 2514
9725 4 2 3 5 1314 2530 2596 2514
9726 4 2 3 5 1312 2464 2494 2061
9727 4 2 3 5 521 2538 87 538
9728 4 2 3 5 2545 1586 1344 1465
9729 4 2 3 5 1488 1487 2141 1460
9730 4 2 3 5 2519 2142 2556 1570
9731 4 2 3 5 1570 1455 2556 2516
9732 4 2 3 5 2293 2292 2290 1628
9733 4 2 3 5 2503 2541 2506 2544
9734 4 2 3 5 1568 1313 2526 481
9735 4 2 3 5 2091 2597 2544 1593
9736 4 2 3 5 2064 2065 375 89
9737 4 2 3 5 2497 1312 2529 2524
9738 4 2 3 5 548 2168 1635 479
9739 4 2 3 5 2062 2497 2504 2524
9740 4 2 3 5 600 81 2320 591
9741 4 2 3 5 82 81 2320 600
9742 4 2 3 5 88 2538 2507 87
9743 4 2 3 5 2577 1894 2182 2101
9744 4 2 3 5 1791 1520 2044 1518
9745 4 2 3 5 2549 1535 1519 1541
9746 4 2 3 5 2078 2056 1543 2128
9747 4 2 3 5 1479 2547 2549 1541
9748 4 2 3 5 1228 145 2559 1223
9749 4 2 3 5 82 2317 2320 81
9750 4 2 3 5 1238 2068 2048 1330
9751 4 2 3 5 1847 1935 1926 1854
9752 4 2 3 5 2663 2022 2682 2333
9753 4 2 3 5 405 2253 2456 2449
9754 4 2 3 5 1814 1910 2180 1892
9755 4 2 3 5 591 2630 2320 2631
9756 4 2 3 5 405 2450 2253 2449
9757 4 2 3 5 2276 2285 2307 1895
9758 4 2 3 5 2289 2285 2412 2275
9759 4 2 3 5 2579 552 2583 499
9760 4 2 3 5 2298 1445 1889 1898
9761 4 2 3 5 110 359 109 2307
9762 4 2 3 5 359 546 2581 506
9763 4 2 3 5 2327 2324 2434 1962
9764 4 2 3 5 2587 2588 1758 2589
9765 4 2 3 5 2353 530 2000 2484
9766 4 2 3 5 2587 2455 2589 1758
9767 4 2 3 5 1687 2349 1683 1978
9768 4 2 3 5 2347 491 99 1971
9769 4 2 3 5 2608 554 562 2624
9770 4 2 3 5 2536 1402 2623 2625
9771 4 2 3 5 86 561 2536 2623
9772 4 2 3 5 588 2623 2624 562
9773 4 2 3 5 2142 1455 2556 1570
9774 4 2 3 5 554 2623 562 2624
9775 4 2 3 5 1800 1815 2647 2646
9776 4 2 3 5 2640 2599 2642 2600
9777 4 2 3 5 577 2599 2600 576
9778 4 2 3 5 577 568 2638 2599
9779 4 2 3 5 1728 1369 2640 1745
9780 4 2 3 5 2532 86 2522 2517
9781 4 2 3 5 2515 2555 5 2517
9782 4 2 3 5 2513 2515 5 2517
9783 4 2 3 5 2564 2623 2625 2624
9784 4 2 3 5 2608 592 584 2154
9785 4 2 3 5 2601 572 595 573
9786 4 2 3 5 2547 2153 1476 2140
9787 4 2 3 5 2604 563 565 564
9788 4 2 3 5 2608 565 2616 2605
9789 4 2 3 5 2385 1721 2420 1716
9790 4 2 3 5 1353 1822 2635 2636
9791 4 2 3 5 84 2155 85 584
9792 4 2 3 5 1797 1796 2316 1792
9793 4 2 3 5 2262 2304 2303 1792
9794 4 2 3 5 2628 2155 2154 2536
9795 4 2 3 5 2642 2599 2633 2600
9796 4 2 3 5 882 1257 881 2569
9797 4 2 3 5 2617 1413 2601 2645
9798 4 2 3 5 2625 1402 1491 1339
9799 4 2 3 5 2400 1356 2644 1405
9800 4 2 3 5 2601 2564 1571 2645
9801 4 2 3 5 2672 2660 2673 2679
9802 4 2 3 5 1689 1690 2063 1692
9803 4 2 3 5 2652 2669 2673 2660
9804 4 2 3 5 2660 2661 2673 2679
9805 4 2 3 5 1630 2017 2277 2409
9806 4 2 3 5 2667 628 639 641
9807 4 2 3 5 1633 2032 2030 2295
9808 4 2 3 5 2366 2667 2649 641
9809 4 2 3 5 2337 2021 2338 2366
9810 4 2 3 5 1919 2297 2226 1898
9811 4 2 3 5 1947 2673 2679 1887
9812 4 2 3 5 2413 2426 2653 2414
9813 4 2 3 5 610 645 2119 2657
9814 4 2 3 5 1688 1949 2352 1692
9815 4 2 3 5 1963 1988 1995 1991
9816 4 2 3 5 2652 2670 2673 2669
9817 4 2 3 5 1687 1678 1683 2348
9818 4 2 3 5 1959 1680 1975 1994
9819 4 2 3 5 1292 2687 2288 1308
9820 4 2 3 5 1292 1283 936 1308
9821 4 2 3 5 951 1305 959 1308
9822 4 2 3 5 1292 933 1308 936
9823 4 2 3 5 2687 2689 2288 1308
9824 4 2 3 5 1981 1567 2035 2288
9825 4 2 3 5 2228 2227 2288 1291
9826 4 2 3 5 1283 1305 936 1308
9827 4 2 3 5 1302 1144 1308 857
9828 4 2 3 5 2422 1775 2424 2423
9829 4 2 3 5 71 2208 70 2192
9830 4 2 3 5 2003 2367 2004 2383
9831 4 2 3 5 2634 2630 2320 591
9832 4 2 3 5 1779 1374 1716 1769
9833 4 2 3 5 2014 2384 69 68
9834 4 2 3 5 2317 1522 1521 2634
9835 4 2 3 5 82 559 600 2616
9836 4 2 3 5 1521 1493 2320 2631
9837 4 2 3 5 2139 2532 2141 1458
9838 4 2 3 5 510 2045 454 2081
9839 4 2 3 5 536 448 476 2083
9840 4 2 3 5 2486 2487 2495 2491
9841 4 2 3 5 90 2486 2489 91
9842 4 2 3 5 1561 1463 1462 2075
9843 4 2 3 5 2634 591 2320 80
9844 4 2 3 5 1739 1751 1749 1752
9845 4 2 3 5 2594 2459 509 1964
9846 4 2 3 5 503 2342 2322 1964
9847 4 2 3 5 1623 1632 2024 2331
9848 4 2 3 5 2023 2336 2024 2331
9849 4 2 3 5 2663 2021 2022 2333
9850 4 2 3 5 1632 2023 2024 2331
9851 4 2 3 5 2024 2336 2329 2331
9852 4 2 3 5 1564 2117 2682 2116
9853 4 2 3 5 515 1619 2079 2126
9854 4 2 3 5 2124 1619 2123 2125
9855 4 2 3 5 2132 1564 2116 2125
9856 4 2 3 5 1576 2075 2072 1562
9857 4 2 3 5 634 115 114 2116
9858 4 2 3 5 764 1417 1280 833
9859 4 2 3 5 1417 1279 1280 833
9860 4 2 3 5 702 1188 703 701
9861 4 2 3 5 1267 871 661 1280
9862 4 2 3 5 1279 871 1280 661
9863 4 2 3 5 2023 1632 2336 2331
9864 4 2 3 5 1544 843 724 1236
9865 4 2 3 5 807 801 1170 681
9866 4 2 3 5 549 497 2342 2460
9867 4 2 3 5 2104 1829 1830 1128
9868 4 2 3 5 1230 2053 1324 2052
9869 4 2 3 5 2176 2128 2134 2129
9870 4 2 3 5 1983 2586 2587 2460
9871 4 2 3 5 167 942 796 674
9872 4 2 3 5 2586 2455 443 2469
9873 4 2 3 5 550 2586 1983 2460
9874 4 2 3 5 2661 1947 2352 1949
9875 4 2 3 5 2661 2678 2352 1947
9876 4 2 3 5 1947 1948 2352 1692
9877 4 2 3 5 819 656 155 949
9878 4 2 3 5 1948 1690 2352 1692
9879 4 2 3 5 1676 2593 2322 1667
9880 4 2 3 5 502 1924 438 527
9881 4 2 3 5 2362 603 2363 2654
9882 4 2 3 5 368 90 2489 91
9883 4 2 3 5 2530 1314 2529 2495
9884 4 2 3 5 2512 2514 2509 2495
9885 4 2 3 5 1314 1568 2526 2495
9886 4 2 3 5 367 2486 91 2491
9887 4 2 3 5 603 2426 2363 2654
9888 4 2 3 5 636 603 103 2363
9889 4 2 3 5 2057 507 2083 476
9890 4 2 3 5 2536 2608 584 2154
9891 4 2 3 5 603 636 2362 2363
9892 4 2 3 5 2397 2395 2376 2396
9893 4 2 3 5 1780 1766 2374 2376
9894 4 2 3 5 2395 2397 2376 2379
9895 4 2 3 5 2538 2507 87 6
9896 4 2 3 5 1722 2379 2376 1723
9897 4 2 3 5 1419 1148 2374 1780
9898 4 2 3 5 2230 392 2480 2015
9899 4 2 3 5 1419 1389 2374 1148
9900 4 2 3 5 2089 1839 2458 2253
9901 4 2 3 5 493 2234 2467 2194
9902 4 2 3 5 543 493 2193 72
9903 4 2 3 5 411 2179 2187 459
9904 4 2 3 5 2570 2553 2187 459
9905 4 2 3 5 2186 2449 2041 2019
9906 4 2 3 5 1781 1419 2374 1780
9907 4 2 3 5 1814 1809 2554 1890
9908 4 2 3 5 1419 1781 2374 2377
9909 4 2 3 5 2450 407 2041 2449
9910 4 2 3 5 456 2082 431 426
9911 4 2 3 5 2054 2084 428 2055
9912 4 2 3 5 2135 422 477 424
9913 4 2 3 5 2422 1775 1716 2424
9914 4 2 3 5 2135 2098 477 422
9915 4 2 3 5 1722 2400 1769 2385
9916 4 2 3 5 1737 2194 2193 2467
9917 4 2 3 5 467 466 441 2229
9918 4 2 3 5 495 493 494 2467
9919 4 2 3 5 2234 539 441 2235
9920 4 2 3 5 506 2183 2365 2138
9921 4 2 3 5 2183 2581 2365 1629
9922 4 2 3 5 1526 2025 2130 2024
9923 4 2 3 5 1531 2133 2136 1546
9924 4 2 3 5 1531 2082 2136 426
9925 4 2 3 5 2236 2231 1758 2235
9926 4 2 3 5 1787 1788 2015 395
9927 4 2 3 5 1424 2003 1787 2015
9928 4 2 3 5 524 1788 450 1774
9929 4 2 3 5 1548 2175 2136 1620
9930 4 2 3 5 2135 423 424 2137
9931 4 2 3 5 2133 1531 426 427
9932 4 2 3 5 2133 427 424 477
9933 4 2 3 5 2172 477 488 2476
9934 4 2 3 5 488 2172 2476 529
9935 4 2 3 5 447 2084 2083 1540
9936 4 2 3 5 2608 2604 563 565
9937 4 2 3 5 447 440 2084 529
9938 4 2 3 5 361 2172 488 529
9939 4 2 3 5 2084 2547 2083 1540
9940 4 2 3 5 2546 447 2083 1540
9941 4 2 3 5 2084 2549 1540 2476
9942 4 2 3 5 359 546 2583 2581
9943 4 2 3 5 110 2411 2408 2307
9944 4 2 3 5 2448 2581 2574 2580
9945 4 2 3 5 110 605 2406 109
9946 4 2 3 5 431 434 432 2081
9947 4 2 3 5 2503 2502 2524 1332
9948 4 2 3 5 2501 90 472 89
9949 4 2 3 5 434 431 2079 2081
9950 4 2 3 5 2080 2077 2079 2081
9951 4 2 3 5 508 2064 375 89
9952 4 2 3 5 522 2073 2507 2066
9953 4 2 3 5 2486 2490 508 2064
9954 4 2 3 5 2075 1323 2072 1462
9955 4 2 3 5 379 2058 521 2091
9956 4 2 3 5 1371 2392 2396 1372
9957 4 2 3 5 2507 2073 547 2539
9958 4 2 3 5 627 2654 629 635
9959 4 2 3 5 2672 2654 635 2676
9960 4 2 3 5 633 631 630 2677
9961 4 2 3 5 2222 532 2019 505
9962 4 2 3 5 629 2413 637 644
9963 4 2 3 5 2222 532 505 362
9964 4 2 3 5 504 105 2213 362
9965 4 2 3 5 433 2234 2458 2467
9966 4 2 3 5 2391 1371 2392 2396
9967 4 2 3 5 1371 2391 2395 2396
9968 4 2 3 5 2234 1737 2458 2467
9969 4 2 3 5 747 2372 1176 1244
9970 4 2 3 5 2397 894 1266 1255
9971 4 2 3 5 738 776 1176 1244
9972 4 2 3 5 2605 2631 2635 2633
9973 4 2 3 5 2603 2605 1776 2633
9974 4 2 3 5 568 570 2607 567
9975 4 2 3 5 587 2618 76 2266
9976 4 2 3 5 558 587 76 2266
9977 4 2 3 5 2109 2665 2333 2664
9978 4 2 3 5 2667 1625 2366 2407
9979 4 2 3 5 1922 2619 2647 1943
9980 4 2 3 5 2650 1625 2667 2407
9981 4 2 3 5 1924 1925 1940 1938
9982 4 2 3 5 75 502 76 1941
9983 4 2 3 5 2267 2268 2407 2309
9984 4 2 3 5 438 1924 462 527
9985 4 2 3 5 2267 2649 2407 2268
9986 4 2 3 5 2308 2267 2407 2309
9987 4 2 3 5 1941 1924 1938 1925
9988 4 2 3 5 2267 2308 2407 2649
9989 4 2 3 5 2366 2667 2407 2649
9990 4 2 3 5 2665 2109 2333 2682
9991 4 2 3 5 2667 2650 2407 2649
9992 4 2 3 5 1748 1750 1765 2418
9993 4 2 3 5 115 2115 604 116
9994 4 2 3 5 1718 1765 2418 2416
9995 4 2 3 5 2115 634 2333 2116
9996 4 2 3 5 6 2540 611 2114
9997 4 2 3 5 2663 2021 650 2366
9998 4 2 3 5 427 1531 428 2084
9999 4 2 3 5 2447 633 630 2677
10000 4 2 3 5 1634 2597 2544 1635
10001 4 2 3 5 2648 632 622 2119
10002 4 2 3 5 2161 535 2483 490
10003 4 2 3 5 535 489 490 2161
10004 4 2 3 5 1718 1719 2418 1765
10005 4 2 3 5 2371 1718 2418 2416
10006 4 2 3 5 1718 2371 2418 1719
10007 4 2 3 5 1193 1908 1912 2216
10008 4 2 3 5 2429 2215 2431 2428
10009 4 2 3 5 2468 1426 2484 2469
10010 4 2 3 5 535 469 2483 490
10011 4 2 3 5 359 110 485 2408
10012 4 2 3 5 1443 1188 1850 2428
10013 4 2 3 5 1443 2431 2428 1850
10014 4 2 3 5 2659 612 614 613
10015 4 2 3 5 2350 2351 2352 2438
10016 4 2 3 5 2349 2350 2352 2438
10017 4 2 3 5 2353 2161 2440 2354
10018 4 2 3 5 1230 821 1170 1231
10019 4 2 3 5 489 2353 2440 98
10020 4 2 3 5 1697 1295 1288 1982
10021 4 2 3 5 1687 1665 2440 2438
10022 4 2 3 5 1285 841 1284 945
10023 4 2 3 5 489 2161 2440 2353
10024 4 2 3 5 750 753 1649 752
10025 4 2 3 5 1210 717 1649 751
10026 4 2 3 5 755 752 751 1242
10027 4 2 3 5 1210 756 751 1242
10028 4 2 3 5 756 755 751 1242
10029 4 2 3 5 1155 1554 2033 1565
10030 4 2 3 5 1215 141 670 140
10031 4 2 3 5 141 1215 670 1216
10032 4 2 3 5 1336 1235 1225 1580
10033 4 2 3 5 2170 1701 2440 2354
10034 4 2 3 5 532 445 2019 505
10035 4 2 3 5 675 1217 142 1216
10036 4 2 3 5 2190 2187 2041 410
10037 4 2 3 5 2187 460 2041 410
10038 4 2 3 5 505 2222 2213 2019
10039 4 2 3 5 2040 2214 2019 2039
10040 4 2 3 5 801 682 685 1207
10041 4 2 3 5 2222 2427 2591 1964
10042 4 2 3 5 1517 843 1514 1236
10043 4 2 3 5 688 1818 690 771
10044 4 2 3 5 2186 2040 1856 2019
10045 4 2 3 5 1504 1805 730 773
10046 4 2 3 5 2222 532 1964 2019
10047 4 2 3 5 700 1199 699 2217
10048 4 2 3 5 2595 503 2322 1964
10049 4 2 3 5 497 1983 2445 2460
10050 4 2 3 5 550 497 516 2460
10051 4 2 3 5 550 1983 497 2460
10052 4 2 3 5 2258 1669 1429 1670
10053 4 2 3 5 1846 1859 1672 1178
10054 4 2 3 5 2474 2001 2480 2471
10055 4 2 3 5 720 1349 719 716
10056 4 2 3 5 715 1177 712 714
10057 4 2 3 5 2475 2474 2480 2471
10058 4 2 3 5 1129 2144 2146 2147
10059 4 2 3 5 2369 2391 2390 2392
10060 4 2 3 5 906 872 1255 894
10061 4 2 3 5 1348 2481 2002 2482
10062 4 2 3 5 726 1191 787 769
10063 4 2 3 5 1818 693 690 771
10064 4 2 3 5 1206 2178 1514 1207
10065 4 2 3 5 1906 692 694 769
10066 4 2 3 5 1906 693 690 1806
10067 4 2 3 5 693 1818 690 1806
10068 4 2 3 5 1168 2203 734 1200
10069 4 2 3 5 1168 742 727 1436
10070 4 2 3 5 148 918 673 795
10071 4 2 3 5 1649 753 1242 752
10072 4 2 3 5 1448 1696 1242 1600
10073 4 2 3 5 1706 1448 1242 1600
10074 4 2 3 5 755 1166 1284 1242
10075 4 2 3 5 841 755 1284 664
10076 4 2 3 5 1140 1697 1712 1982
10077 4 2 3 5 1279 1280 833 661
10078 4 2 3 5 1673 1674 1995 1672
10079 4 2 3 5 1415 1417 1866 2196
10080 4 2 3 5 1974 1999 1399 1973
10081 4 2 3 5 2234 401 2259 400
10082 4 2 3 5 770 742 763 1846
10083 4 2 3 5 1502 768 773 1161
10084 4 2 3 5 2485 1348 2002 2482
10085 4 2 3 5 2481 2485 2002 2482
10086 4 2 3 5 2481 2463 2485 2482
10087 4 2 3 5 2481 2470 2463 2482
10088 4 2 3 5 783 1204 1144 784
10089 4 2 3 5 161 959 822 857
10090 4 2 3 5 1305 953 822 657
10091 4 2 3 5 1686 2000 2482 2471
10092 4 2 3 5 1686 2483 2482 2000
10093 4 2 3 5 665 924 1286 916
10094 4 2 3 5 1366 1338 2046 2493
10095 4 2 3 5 2492 1366 2046 2493
10096 4 2 3 5 1317 1315 2528 2493
10097 4 2 3 5 2178 2176 1514 1207
10098 4 2 3 5 2488 1452 1456 2528
10099 4 2 3 5 2530 2492 2487 2528
10100 4 2 3 5 1270 667 136 831
10101 4 2 3 5 682 1219 1212 681
10102 4 2 3 5 2530 2529 2528 2524
10103 4 2 3 5 808 807 1170 681
10104 4 2 3 5 1309 1307 1159 950
10105 4 2 3 5 955 1296 937 921
10106 4 2 3 5 702 1184 705 1671
10107 4 2 3 5 2503 1347 2525 2528
10108 4 2 3 5 700 702 1184 765
10109 4 2 3 5 1912 1808 1613 1525
10110 4 2 3 5 1446 1151 1980 1442
10111 4 2 3 5 2525 2503 2524 1332
10112 4 2 3 5 2544 1378 2504 2502
10113 4 2 3 5 1303 920 859 956
10114 4 2 3 5 920 139 948 1247
10115 4 2 3 5 1215 1243 1233 1644
10116 4 2 3 5 829 669 1233 140
10117 4 2 3 5 2501 2505 2504 2502
10118 4 2 3 5 1641 753 759 760
10119 4 2 3 5 759 1641 760 1640
10120 4 2 3 5 141 675 1216 670
10121 4 2 3 5 669 854 1233 842
10122 4 2 3 5 2505 2544 2504 2502
10123 4 2 3 5 2505 2058 2504 2544
10124 4 2 3 5 2512 2514 2596 2515
10125 4 2 3 5 1644 1306 1233 1297
10126 4 2 3 5 1215 141 140 669
10127 4 2 3 5 737 851 738 1372
10128 4 2 3 5 2392 2369 1372 1163
10129 4 2 3 5 2005 1422 1440 1363
10130 4 2 3 5 2397 1389 894 1255
10131 4 2 3 5 2496 2509 2515 2513
10132 4 2 3 5 1388 1766 2418 1780
10133 4 2 3 5 2496 2512 2515 2509
10134 4 2 3 5 1153 1268 743 1200
10135 4 2 3 5 898 123 122 862
10136 4 2 3 5 1568 2596 1569 2515
10137 4 2 3 5 1268 862 663 743
10138 4 2 3 5 1169 2203 734 1168
10139 4 2 3 5 1153 1169 747 2417
10140 4 2 3 5 913 1272 662 873
10141 4 2 3 5 1568 2512 2596 2515
10142 4 2 3 5 907 1272 873 662
10143 4 2 3 5 130 907 873 662
10144 4 2 3 5 2509 2516 2515 2513
10145 4 2 3 5 2514 2516 2515 2509
10146 4 2 3 5 1357 884 881 883
10147 4 2 3 5 382 2497 540 2526
10148 4 2 3 5 2381 886 2425 2405
10149 4 2 3 5 2396 2397 1266 1255
10150 4 2 3 5 1459 1471 1475 1484
10151 4 2 3 5 910 896 901 1271
10152 4 2 3 5 1226 1325 1271 2145
10153 4 2 3 5 896 880 901 1271
10154 4 2 3 5 2521 1575 2567 2393
10155 4 2 3 5 2623 2564 2522 5
10156 4 2 3 5 2497 1313 540 2526
10157 4 2 3 5 382 528 2526 481
10158 4 2 3 5 886 1389 897 894
10159 4 2 3 5 1419 1263 2209 2207
10160 4 2 3 5 528 1568 2526 481
10161 4 2 3 5 481 382 540 2526
10162 4 2 3 5 2379 2380 2401 2394
10163 4 2 3 5 2401 2568 2567 1264
10164 4 2 3 5 882 2568 2569 883
10165 4 2 3 5 1263 1757 1770 2425
10166 4 2 3 5 1293 943 938 2690
10167 4 2 3 5 1987 791 1310 2436
10168 4 2 3 5 847 755 1242 752
10169 4 2 3 5 820 794 1299 855
10170 4 2 3 5 941 1294 1306 952
10171 4 2 3 5 1313 481 540 2526
10172 4 2 3 5 1247 1250 954 1306
10173 4 2 3 5 920 948 941 1247
10174 4 2 3 5 1592 1636 2537 2506
10175 4 2 3 5 918 1250 1284 952
10176 4 2 3 5 860 794 793 1310
10177 4 2 3 5 1287 926 928 947
10178 4 2 3 5 1567 2113 1694 2112
10179 4 2 3 5 1298 940 932 2691
10180 4 2 3 5 2692 1300 2690 1299
10181 4 2 3 5 940 1298 932 939
10182 4 2 3 5 2488 2503 2506 2502
10183 4 2 3 5 2218 1195 2217 2436
10184 4 2 3 5 2073 2545 1464 2066
10185 4 2 3 5 1293 2692 1712 2690
10186 4 2 3 5 154 819 961 820
10187 4 2 3 5 1323 1592 2506 1456
10188 4 2 3 5 2545 2067 1464 2066
10189 4 2 3 5 2541 2538 2537 2506
10190 4 2 3 5 961 658 153 820
10191 4 2 3 5 922 940 2691 943
10192 4 2 3 5 944 922 1300 943
10193 4 2 3 5 2545 2537 1464 2506
10194 4 2 3 5 1636 1592 2503 2506
10195 4 2 3 5 1144 1305 1308 857
10196 4 2 3 5 1461 2067 2064 2506
10197 4 2 3 5 2176 1544 1207 2129
10198 4 2 3 5 1303 926 1286 1287
10199 4 2 3 5 721 1224 782 1220
10200 4 2 3 5 2296 1289 2288 1291
10201 4 2 3 5 2113 2036 2288 1139
10202 4 2 3 5 1915 2281 1918 1874
10203 4 2 3 5 1981 1566 1615 1918
10204 4 2 3 5 1880 2218 2217 2436
10205 4 2 3 5 1886 1146 1918 1615
10206 4 2 3 5 2218 1146 1907 1181
10207 4 2 3 5 2228 1283 1305 1181
10208 4 2 3 5 1191 726 1907 1906
10209 4 2 3 5 2106 2540 2114 116
10210 4 2 3 5 1543 1546 2548 1547
10211 4 2 3 5 1171 759 836 1640
10212 4 2 3 5 1653 1662 1352 1655
10213 4 2 3 5 1696 1448 1242 1706
10214 4 2 3 5 1640 1641 1337 1352
10215 4 2 3 5 1685 1712 1694 1982
10216 4 2 3 5 1168 711 727 734
10217 4 2 3 5 1186 1844 2255 1841
10218 4 2 3 5 1179 1974 1399 1958
10219 4 2 3 5 1678 1400 1680 1975
10220 4 2 3 5 1169 2203 2233 2417
10221 4 2 3 5 1994 1959 1958 1989
10222 4 2 3 5 1985 1966 2323 2592
10223 4 2 3 5 1966 2592 2255 1845
10224 4 2 3 5 709 770 706 1670
10225 4 2 3 5 1862 1399 1772 1973
10226 4 2 3 5 1974 1173 1178 1179
10227 4 2 3 5 1268 1274 1148 1244
10228 4 2 3 5 1963 1991 1984 1431
10229 4 2 3 5 1999 2232 1152 2233
10230 4 2 3 5 711 1169 1859 1179
10231 4 2 3 5 809 794 855 1185
10232 4 2 3 5 1175 708 762 1190
10233 4 2 3 5 1546 1541 2548 1547
10234 4 2 3 5 794 2694 855 1185
10235 4 2 3 5 2692 1685 1993 1293
10236 4 2 3 5 1146 1181 1918 1907
10237 4 2 3 5 1246 2243 1930 1501
10238 4 2 3 5 833 746 1165 850
10239 4 2 3 5 731 766 1186 1201
10240 4 2 3 5 1541 1546 2548 1543
10241 4 2 3 5 1506 2452 1901 1198
10242 4 2 3 5 2048 1317 1451 2558
10243 4 2 3 5 1324 1326 2052 2050
10244 4 2 3 5 1621 1358 2176 2128
10245 4 2 3 5 2687 1292 2288 1291
10246 4 2 3 5 1607 2130 1606 2024
10247 4 2 3 5 1621 2016 1543 1549
10248 4 2 3 5 2034 868 2028 1286
10249 4 2 3 5 1316 1317 2048 2558
10250 4 2 3 5 1160 1331 1602 1552
10251 4 2 3 5 2499 1241 1223 1238
10252 4 2 3 5 1278 852 800 826
10253 4 2 3 5 655 133 1277 826
10254 4 2 3 5 1228 1226 1227 2558
10255 4 2 3 5 852 132 913 131
10256 4 2 3 5 907 130 129 866
10257 4 2 3 5 907 909 1245 816
10258 4 2 3 5 912 1245 1165 1275
10259 4 2 3 5 1269 888 1275 912
10260 4 2 3 5 1410 1246 1505 1269
10261 4 2 3 5 2261 1411 1133 1505
10262 4 2 3 5 878 134 853 135
10263 4 2 3 5 1519 1535 2152 1556
10264 4 2 3 5 2314 1258 2318 1251
10265 4 2 3 5 1164 2312 1403 1556
10266 4 2 3 5 1355 1557 1558 1536
10267 4 2 3 5 1802 1259 1923 1824
10268 4 2 3 5 1325 2146 1469 1271
10269 4 2 3 5 2317 1494 1536 2321
10270 4 2 3 5 1459 1481 1476 2547
10271 4 2 3 5 1745 1746 1747 1756
10272 4 2 3 5 871 1279 1267 914
10273 4 2 3 5 1226 1228 2559 2558
10274 4 2 3 5 1499 655 877 1277
10275 4 2 3 5 1125 1498 2314 1497
10276 4 2 3 5 1272 852 1278 1276
10277 4 2 3 5 1502 1504 1503 1790
10278 4 2 3 5 799 1504 824 730
10279 4 2 3 5 893 886 2405 883
10280 4 2 3 5 824 1278 1156 1790
10281 4 2 3 5 1890 1877 2554 2344
10282 4 2 3 5 2554 1877 2223 2344
10283 4 2 3 5 1508 1504 1790 2300
10284 4 2 3 5 1287 1294 928 1288
10285 4 2 3 5 1301 1138 1283 1291
10286 4 2 3 5 2281 2689 2288 1135
10287 4 2 3 5 1195 790 2436 1159
10288 4 2 3 5 929 928 1295 1288
10289 4 2 3 5 2281 2228 1918 2288
10290 4 2 3 5 922 152 944 1300
10291 4 2 3 5 152 658 944 1300
10292 4 2 3 5 834 152 922 1300
10293 4 2 3 5 658 152 834 1300
10294 4 2 3 5 1322 1488 1460 1487
10295 4 2 3 5 1312 2464 2552 1390
10296 4 2 3 5 1380 1391 1379 2561
10297 4 2 3 5 1380 1391 2561 2556
10298 4 2 3 5 1311 1367 1379 1569
10299 4 2 3 5 2555 2556 2517 2515
10300 4 2 3 5 2516 1457 2517 2513
10301 4 2 3 5 1458 1466 1475 1471
10302 4 2 3 5 2143 2534 2520 2533
10303 4 2 3 5 2148 1488 2533 2149
10304 4 2 3 5 1467 1466 1475 2511
10305 4 2 3 5 2144 1488 1475 1485
10306 4 2 3 5 1474 2146 1475 1484
10307 4 2 3 5 2009 1435 1434 1440
10308 4 2 3 5 1384 2399 1440 1363
10309 4 2 3 5 2355 1700 1686 1348
10310 4 2 3 5 1348 1686 2482 2471
10311 4 2 3 5 1596 1646 1650 1637
10312 4 2 3 5 1565 1598 2096 1352
10313 4 2 3 5 1611 1664 1591 2074
10314 4 2 3 5 2106 1564 2116 2107
10315 4 2 3 5 1465 1594 1591 2540
10316 4 2 3 5 1478 1494 1538 2627
10317 4 2 3 5 2314 1797 1538 1536
10318 4 2 3 5 1258 1496 1558 2318
10319 4 2 3 5 852 1276 1277 1278
10320 4 2 3 5 1377 1557 1403 1558
10321 4 2 3 5 545 2496 2513 2037
10322 4 2 3 5 1322 2148 2533 1460
10323 4 2 3 5 2488 2503 2528 1456
10324 4 2 3 5 519 1568 1569 2515
10325 4 2 3 5 1457 2516 2517 2556
10326 4 2 3 5 2496 93 545 2513
10327 4 2 3 5 2514 2510 2516 2509
10328 4 2 3 5 2477 1829 1828 2134
10329 4 2 3 5 1472 1377 1321 1469
10330 4 2 3 5 1256 1499 804 853
10331 4 2 3 5 1256 1377 831 804
10332 4 2 3 5 1164 1377 804 802
10333 4 2 3 5 1767 1766 1780 2376
10334 4 2 3 5 2466 2356 2008 2357
10335 4 2 3 5 1153 1268 1388 1148
10336 4 2 3 5 894 2397 1266 1376
10337 4 2 3 5 1240 1372 738 1244
10338 4 2 3 5 2381 2377 1723 2425
10339 4 2 3 5 1860 1955 1430 1958
10340 4 2 3 5 2360 1974 2361 2162
10341 4 2 3 5 1988 1955 1958 1989
10342 4 2 3 5 741 1168 1200 1436
10343 4 2 3 5 1862 1999 1772 1399
10344 4 2 3 5 1434 1435 2013 1771
10345 4 2 3 5 1923 1824 2620 2264
10346 4 2 3 5 659 875 1165 850
10347 4 2 3 5 1269 1245 912 1275
10348 4 2 3 5 1824 1259 2620 2622
10349 4 2 3 5 1774 1414 2420 2383
10350 4 2 3 5 895 908 1273 1253
10351 4 2 3 5 1730 1722 1723 2379
10352 4 2 3 5 2639 2637 2640 1406
10353 4 2 3 5 1722 2400 2379 1730
10354 4 2 3 5 1726 1741 1725 1745
10355 4 2 3 5 1978 2164 2165 1975
10356 4 2 3 5 2358 1362 2359 2465
10357 4 2 3 5 1691 1978 2165 1975
10358 4 2 3 5 1670 1178 1672 1986
10359 4 2 3 5 2197 2203 1168 1200
10360 4 2 3 5 1667 2593 2594 1951
10361 4 2 3 5 1548 1546 1543 1549
10362 4 2 3 5 1531 2080 1463 1547
10363 4 2 3 5 1225 1221 1231 780
10364 4 2 3 5 2117 2115 2107 2114
10365 4 2 3 5 2047 1329 1560 2048
10366 4 2 3 5 612 611 604 2114
10367 4 2 3 5 2659 623 2657 2662
10368 4 2 3 5 2659 2108 2114 604
10369 4 2 3 5 6 2507 547 2539
10370 4 2 3 5 1126 2319 1538 2318
10371 4 2 3 5 2562 2566 1460 1368
10372 4 2 3 5 1458 1459 1475 1484
10373 4 2 3 5 1496 1257 1258 1558
10374 4 2 3 5 2608 563 554 584
10375 4 2 3 5 1557 1377 1556 1482
10376 4 2 3 5 1459 1481 1484 1476
10377 4 2 3 5 2144 1488 1322 1475
10378 4 2 3 5 1557 1478 1558 1484
10379 4 2 3 5 1485 1482 1558 1484
10380 4 2 3 5 1125 2314 1403 1797
10381 4 2 3 5 1499 887 1277 877
10382 4 2 3 5 1164 1125 1403 2312
10383 4 2 3 5 1555 2152 2312 1354
10384 4 2 3 5 1481 1477 1541 2548
10385 4 2 3 5 1377 1557 1556 1403
10386 4 2 3 5 2152 1555 1556 1354
10387 4 2 3 5 1627 1511 1892 1909
10388 4 2 3 5 1827 2306 1516 1791
10389 4 2 3 5 1899 2554 2223 2344
10390 4 2 3 5 1517 843 718 1514
10391 4 2 3 5 1252 2191 1409 1747
10392 4 2 3 5 420 418 2184 419
10393 4 2 3 5 1548 2135 1518 1519
10394 4 2 3 5 2183 2448 446 2580
10395 4 2 3 5 2098 2135 2172 2173
10396 4 2 3 5 422 420 2103 2184
10397 4 2 3 5 1711 1663 2096 1662
10398 4 2 3 5 2282 2284 2286 2340
10399 4 2 3 5 868 1232 2028 1286
10400 4 2 3 5 2284 1528 2286 2340
10401 4 2 3 5 1294 1601 2112 1137
10402 4 2 3 5 2285 1897 2290 1916
10403 4 2 3 5 1871 1896 2286 2340
10404 4 2 3 5 1517 1514 718 1156
10405 4 2 3 5 1548 1786 1620 1549
10406 4 2 3 5 1555 2477 1828 2134
10407 4 2 3 5 1481 1477 2549 1541
10408 4 2 3 5 1164 1236 1321 802
10409 4 2 3 5 2128 2134 2129 2550
10410 4 2 3 5 1542 1541 2548 1543
10411 4 2 3 5 1217 1225 1580 1211
10412 4 2 3 5 1160 1345 1552 1603
10413 4 2 3 5 1553 1219 1545 2026
10414 4 2 3 5 810 735 2026 868
10415 4 2 3 5 2281 1875 1874 2028
10416 4 2 3 5 1160 1345 1533 1552
10417 4 2 3 5 1553 1160 1533 1552
10418 4 2 3 5 2334 1564 2682 2116
10419 4 2 3 5 2131 114 2132 113
10420 4 2 3 5 1533 2031 1529 2024
10421 4 2 3 5 2115 115 2116 2106
10422 4 2 3 5 2106 115 2116 2125
10423 4 2 3 5 1605 1622 2329 2331
10424 4 2 3 5 1590 1608 2132 1623
10425 4 2 3 5 572 570 567 2602
10426 4 2 3 5 1402 2536 1480 1339
10427 4 2 3 5 2639 1406 2640 2638
10428 4 2 3 5 1127 1729 1731 1723
10429 4 2 3 5 2606 2157 1421 2598
10430 4 2 3 5 556 2617 2598 582
10431 4 2 3 5 567 570 2607 2602
10432 4 2 3 5 2639 2610 2614 2611
10433 4 2 3 5 2639 2614 2638 2640
10434 4 2 3 5 1421 2606 2598 1730
10435 4 2 3 5 1603 2076 1602 1604
10436 4 2 3 5 1587 1331 2070 1602
10437 4 2 3 5 1586 1344 1587 1585
10438 4 2 3 5 1160 2071 1587 1331
10439 4 2 3 5 2124 1619 2079 2123
10440 4 2 3 5 2597 1594 2092 1596
10441 4 2 3 5 1596 2168 1646 2169
10442 4 2 3 5 1656 1351 1646 1661
10443 4 2 3 5 94 2543 2118 2542
10444 4 2 3 5 2541 2538 2092 2542
10445 4 2 3 5 1334 1597 1594 2118
10446 4 2 3 5 2168 95 2167 479
10447 4 2 3 5 479 95 2167 1635
10448 4 2 3 5 1631 2335 2329 2336
10449 4 2 3 5 1236 2477 2550 1128
10450 4 2 3 5 1608 1160 1609 1587
10451 4 2 3 5 1605 2131 2329 2127
10452 4 2 3 5 2078 1588 1606 1549
10453 4 2 3 5 2177 2025 2130 1526
10454 4 2 3 5 1875 1530 1874 2028
10455 4 2 3 5 1532 1545 2024 1473
10456 4 2 3 5 1664 1597 1591 2074
10457 4 2 3 5 1533 1610 1554 1609
10458 4 2 3 5 2110 1445 2651 1876
10459 4 2 3 5 2032 1359 1633 1626
10460 4 2 3 5 2663 2667 2668 2022
10461 4 2 3 5 2335 2337 2331 2336
10462 4 2 3 5 2287 1917 1898 2297
10463 4 2 3 5 1896 2282 2286 2340
10464 4 2 3 5 484 2131 113 2126
10465 4 2 3 5 2023 1631 2336 1870
10466 4 2 3 5 2021 2337 2338 2331
10467 4 2 3 5 2126 2174 2329 2127
10468 4 2 3 5 2174 1620 2329 2127
10469 4 2 3 5 2133 424 426 2136
10470 4 2 3 5 1871 2018 2336 1870
10471 4 2 3 5 2018 2023 2336 1870
10472 4 2 3 5 2177 2025 2017 1631
10473 4 2 3 5 2034 1554 2028 2026
10474 4 2 3 5 1344 1465 1591 2107
10475 4 2 3 5 1298 1652 1242 1712
10476 4 2 3 5 1709 1711 1428 1710
10477 4 2 3 5 1334 1597 1655 1595
10478 4 2 3 5 1666 1654 1661 2169
10479 4 2 3 5 1642 2069 1595 1582
10480 4 2 3 5 2442 2164 1978 1364
10481 4 2 3 5 1643 1158 1653 1651
10482 4 2 3 5 1596 1646 1661 2169
10483 4 2 3 5 1294 1298 1137 1306
10484 4 2 3 5 1651 1158 1662 1447
10485 4 2 3 5 1656 1658 1661 1701
10486 4 2 3 5 2071 1344 1591 1587
10487 4 2 3 5 1658 1447 1661 1710
10488 4 2 3 5 1640 1158 1651 1447
10489 4 2 3 5 1157 1601 1598 1600
10490 4 2 3 5 1689 1692 2063 1365
10491 4 2 3 5 1298 1250 1137 1306
10492 4 2 3 5 1707 1210 1706 1242
10493 4 2 3 5 1711 1598 1600 1352
10494 4 2 3 5 713 712 1174 1172
10495 4 2 3 5 2448 2183 2581 2580
10496 4 2 3 5 1671 1987 705 1986
10497 4 2 3 5 1994 1173 1178 1974
10498 4 2 3 5 1178 1175 1672 1986
10499 4 2 3 5 1669 704 1986 1671
10500 4 2 3 5 713 1210 1172 1167
10501 4 2 3 5 809 1190 1185 1167
10502 4 2 3 5 1674 2324 2327 1992
10503 4 2 3 5 1151 2166 1980 1693
10504 4 2 3 5 1948 2674 1888 1401
10505 4 2 3 5 2472 2360 2359 1973
10506 4 2 3 5 1682 2693 1167 1150
10507 4 2 3 5 1995 1674 1431 1672
10508 4 2 3 5 1173 1177 1174 712
10509 4 2 3 5 1147 1987 1675 1993
10510 4 2 3 5 929 939 932 1295
10511 4 2 3 5 1685 2692 1712 1140
10512 4 2 3 5 2166 1448 1684 1706
10513 4 2 3 5 1175 1174 1167 762
10514 4 2 3 5 1706 1210 1150 1167
10515 4 2 3 5 781 809 1185 1167
10516 4 2 3 5 781 756 1185 758
10517 4 2 3 5 1768 2415 2004 2383
10518 4 2 3 5 1739 1715 1767 2421
10519 4 2 3 5 2378 67 2387 2398
10520 4 2 3 5 1422 1423 1363 2462
10521 4 2 3 5 2399 1720 2383 1767
10522 4 2 3 5 2230 467 1920 2229
10523 4 2 3 5 68 601 2385 69
10524 4 2 3 5 2475 2479 2462 1434
10525 4 2 3 5 2475 2479 1434 2478
10526 4 2 3 5 2475 1773 1426 2478
10527 4 2 3 5 906 895 1273 1253
10528 4 2 3 5 2150 1537 2629 2151
10529 4 2 3 5 1127 1729 1728 1730
10530 4 2 3 5 1413 1356 1421 1730
10531 4 2 3 5 1740 2201 1754 1739
10532 4 2 3 5 2201 1753 1754 1739
10533 4 2 3 5 1860 1759 1758 1738
10534 4 2 3 5 2382 2400 2385 1421
10535 4 2 3 5 1734 1866 1714 1385
10536 4 2 3 5 1858 2197 1416 1749
10537 4 2 3 5 2424 1755 1741 1745
10538 4 2 3 5 1724 2194 1714 1725
10539 4 2 3 5 1868 1735 1867 1725
10540 4 2 3 5 1739 1748 1749 1750
10541 4 2 3 5 2012 2233 2416 2372
10542 4 2 3 5 1861 1862 1771 1863
10543 4 2 3 5 1851 1866 1754 1749
10544 4 2 3 5 1766 1719 1767 1765
10545 4 2 3 5 1966 1952 2592 1845
10546 4 2 3 5 1843 2242 1834 1865
10547 4 2 3 5 1762 1852 2257 1738
10548 4 2 3 5 1186 1966 1429 2255
10549 4 2 3 5 1811 1926 1932 1834
10550 4 2 3 5 1998 1700 1973 2359
10551 4 2 3 5 2009 1435 2011 2013
10552 4 2 3 5 2100 1816 2182 1516
10553 4 2 3 5 1511 1627 2572 2574
10554 4 2 3 5 1893 1511 2574 1627
10555 4 2 3 5 1816 2043 1817 1516
10556 4 2 3 5 2181 1510 2576 2182
10557 4 2 3 5 2043 2301 1792 2262
10558 4 2 3 5 2574 2581 2578 2580
10559 4 2 3 5 1776 2605 2635 2633
10560 4 2 3 5 1825 1353 1776 2635
10561 4 2 3 5 1822 1353 1799 2647
10562 4 2 3 5 2630 2634 1521 2635
10563 4 2 3 5 1353 2642 2633 2635
10564 4 2 3 5 1822 1353 2635 1799
10565 4 2 3 5 1847 1393 1803 1932
10566 4 2 3 5 1201 1928 1929 2452
10567 4 2 3 5 1844 1848 1832 1931
10568 4 2 3 5 2452 1902 1901 1198
10569 4 2 3 5 1900 1908 1901 1903
10570 4 2 3 5 1900 1908 2344 2269
10571 4 2 3 5 2573 2574 2578 2580
10572 4 2 3 5 1393 1930 1932 1927
10573 4 2 3 5 1908 1900 2344 1903
10574 4 2 3 5 445 461 2019 505
10575 4 2 3 5 1686 2000 2471 2354
10576 4 2 3 5 1815 1395 1943 1921
10577 4 2 3 5 2403 2626 1573 2151
10578 4 2 3 5 2155 2628 1480 1339
10579 4 2 3 5 2210 1259 2151 1357
10580 4 2 3 5 526 501 2088 2085
10581 4 2 3 5 1809 1935 1507 1931
10582 4 2 3 5 1133 2247 2260 1410
10583 4 2 3 5 1506 2452 1198 1929
10584 4 2 3 5 1831 2254 1855 1832
10585 4 2 3 5 1932 1930 1934 1834
10586 4 2 3 5 506 2183 2581 2365
10587 4 2 3 5 1853 1852 1953 1845
10588 4 2 3 5 1869 1881 2293 2346
10589 4 2 3 5 2432 2431 2221 2430
10590 4 2 3 5 1908 1879 1878 2216
10591 4 2 3 5 2323 1443 1967 2428
10592 4 2 3 5 2283 2280 2282 2277
10593 4 2 3 5 1836 2241 1868 1373
10594 4 2 3 5 2245 2241 1868 2248
10595 4 2 3 5 2247 2245 2246 2248
10596 4 2 3 5 1811 2239 1833 1834
10597 4 2 3 5 1864 1957 2589 1679
10598 4 2 3 5 2554 2553 2223 2039
10599 4 2 3 5 2183 1891 2582 2581
10600 4 2 3 5 2581 2276 2578 2583
10601 4 2 3 5 1814 2572 2571 1782
10602 4 2 3 5 1899 2553 2554 2571
10603 4 2 3 5 106 504 2223 369
10604 4 2 3 5 504 533 2223 369
10605 4 2 3 5 2581 1891 2365 1629
10606 4 2 3 5 1814 1910 2572 1782
10607 4 2 3 5 1511 1893 2574 2100
10608 4 2 3 5 2581 506 2365 2307
10609 4 2 3 5 1901 1908 1905 1523
10610 4 2 3 5 2283 2285 2282 1916
10611 4 2 3 5 2572 2573 1782 2574
10612 4 2 3 5 2179 2573 2571 2570
10613 4 2 3 5 2581 1891 2307 2365
10614 4 2 3 5 1395 1133 2247 1813
10615 4 2 3 5 77 1800 2646 2584
10616 4 2 3 5 1921 1815 2584 1942
10617 4 2 3 5 1811 2239 1921 1942
10618 4 2 3 5 816 774 1161 866
10619 4 2 3 5 2239 1811 1921 1934
10620 4 2 3 5 1939 2584 76 1942
10621 4 2 3 5 1831 2254 1760 1839
10622 4 2 3 5 2643 75 2090 74
10623 4 2 3 5 75 2238 2090 74
10624 4 2 3 5 579 577 2612 2600
10625 4 2 3 5 1824 1923 1823 2264
10626 4 2 3 5 1922 1825 1353 2642
10627 4 2 3 5 2265 2647 2266 2646
10628 4 2 3 5 1967 1879 1903 2428
10629 4 2 3 5 2432 2324 1969 1970
10630 4 2 3 5 1669 1966 1443 2323
10631 4 2 3 5 2444 2446 1960 1961
10632 4 2 3 5 1852 2256 2257 1953
10633 4 2 3 5 1882 1970 1969 1956
10634 4 2 3 5 2678 1947 2675 2679
10635 4 2 3 5 1966 1186 2429 1965
10636 4 2 3 5 1853 2254 1760 1845
10637 4 2 3 5 1858 1851 1416 2257
10638 4 2 3 5 1877 2214 1856 2040
10639 4 2 3 5 1877 1890 2554 1903
10640 4 2 3 5 1678 2347 2354 1677
10641 4 2 3 5 2353 2347 371 1971
10642 4 2 3 5 2170 2355 1701 2354
10643 4 2 3 5 1680 1972 2354 1976
10644 4 2 3 5 1773 1426 1361 2471
10645 4 2 3 5 1281 1307 1291 1145
10646 4 2 3 5 722 700 1196 765
10647 4 2 3 5 1675 1684 1883 1993
10648 4 2 3 5 1684 1682 1993 1675
10649 4 2 3 5 1695 1884 1883 1993
10650 4 2 3 5 2443 358 100 1997
10651 4 2 3 5 1987 1197 1196 2436
10652 4 2 3 5 1864 2445 1679 2589
10653 4 2 3 5 818 656 846 1159
10654 4 2 3 5 442 2001 468 2000
10655 4 2 3 5 1153 1388 2418 1148
10656 4 2 3 5 1754 1858 1861 1863
10657 4 2 3 5 1998 2010 2462 2485
10658 4 2 3 5 2472 1362 2465 2013
10659 4 2 3 5 2498 2499 1650 2061
10660 4 2 3 5 1654 1596 1661 2169
10661 4 2 3 5 2156 2014 1420 2383
10662 4 2 3 5 1423 1422 1363 2160
10663 4 2 3 5 2009 2007 2008 2465
10664 4 2 3 5 2355 1700 1703 1701
10665 4 2 3 5 610 2093 2121 2657
10666 4 2 3 5 2543 2540 1611 1591
10667 4 2 3 5 2122 2168 2171 96
10668 4 2 3 5 2071 1586 1591 1344
10669 4 2 3 5 1917 2287 1898 2286
10670 4 2 3 5 2349 2441 2352 1688
10671 4 2 3 5 2670 2661 1949 1692
10672 4 2 3 5 1632 1623 2024 2030
10673 4 2 3 5 1170 681 1229 1473
10674 4 2 3 5 2338 1632 2030 1624
10675 4 2 3 5 2025 2023 1631 2024
10676 4 2 3 5 2078 2128 2130 1607
10677 4 2 3 5 2177 1631 1622 2024
10678 4 2 3 5 2023 2025 2029 2024
10679 4 2 3 5 1272 1254 1790 1161
10680 4 2 3 5 1770 1781 1723 2376
10681 4 2 3 5 2379 2380 2376 1723
10682 4 2 3 5 2299 1503 2300 1505
10683 4 2 3 5 2380 2397 2376 1723
10684 4 2 3 5 1213 808 1231 1212
10685 4 2 3 5 825 821 1170 1230
10686 4 2 3 5 808 821 1170 825
10687 4 2 3 5 2047 1579 1221 1231
10688 4 2 3 5 1230 825 807 1170
10689 4 2 3 5 381 528 2526 382
10690 4 2 3 5 376 2501 2505 2504
10691 4 2 3 5 2501 513 376 472
10692 4 2 3 5 1561 1583 2077 2075
10693 4 2 3 5 587 576 2600 558
10694 4 2 3 5 2055 1483 1547 1486
10695 4 2 3 5 2505 2501 89 2064
10696 4 2 3 5 2545 2073 2072 2066
10697 4 2 3 5 1763 1853 1760 1852
10698 4 2 3 5 1810 1847 1854 2451
10699 4 2 3 5 1926 1937 1831 2086
10700 4 2 3 5 1926 1831 1833 2086
10701 4 2 3 5 2087 1926 1833 2086
10702 4 2 3 5 2194 493 72 2193
10703 4 2 3 5 73 1724 2613 72
10704 4 2 3 5 2211 2610 2609 2611
10705 4 2 3 5 2422 2208 2419 2423
10706 4 2 3 5 612 638 611 2114
10707 4 2 3 5 6 638 2121 2114
10708 4 2 3 5 638 6 611 2114
10709 4 2 3 5 576 2641 2600 558
10710 4 2 3 5 94 95 2092 2118
10711 4 2 3 5 631 651 606 2350
10712 4 2 3 5 97 2349 2350 98
10713 4 2 3 5 2122 2439 1666 2094
10714 4 2 3 5 1618 1664 1666 2094
10715 4 2 3 5 1785 1786 1828 2134
10716 4 2 3 5 1345 1160 1533 1609
10717 4 2 3 5 1160 1610 1609 1587
10718 4 2 3 5 2335 484 2174 2329
10719 4 2 3 5 1588 2124 1551 1606
10720 4 2 3 5 1494 1476 1478 1536
10721 4 2 3 5 2566 1402 2518 1460
10722 4 2 3 5 1459 1481 1471 1484
10723 4 2 3 5 2629 1491 1495 1339
10724 4 2 3 5 2521 2566 2148 1491
10725 4 2 3 5 2141 2139 2140 85
10726 4 2 3 5 2546 2547 2140 1540
10727 4 2 3 5 2155 2628 2627 1480
10728 4 2 3 5 1478 1476 2627 1480
10729 4 2 3 5 1511 2100 2574 1782
10730 4 2 3 5 1125 2315 1234 1412
10731 4 2 3 5 2313 1557 1556 1536
10732 4 2 3 5 1499 1256 1403 1498
10733 4 2 3 5 1499 1164 1403 1377
10734 4 2 3 5 1520 1796 2316 1536
10735 4 2 3 5 1829 2315 1828 1396
10736 4 2 3 5 1438 1710 1648 1705
10737 4 2 3 5 775 713 1210 1172
10738 4 2 3 5 708 1190 725 762
10739 4 2 3 5 717 775 1172 714
10740 4 2 3 5 1707 2692 2693 1185
10741 4 2 3 5 1684 1433 1681 1675
10742 4 2 3 5 712 713 714 1172
10743 4 2 3 5 1701 1976 1703 1705
10744 4 2 3 5 436 2174 2365 534
10745 4 2 3 5 359 2408 485 2365
10746 4 2 3 5 423 420 2183 2138
10747 4 2 3 5 372 2335 2365 111
10748 4 2 3 5 420 419 2184 421
10749 4 2 3 5 455 436 534 2174
10750 4 2 3 5 1809 1814 2554 1854
10751 4 2 3 5 2553 2187 2041 2554
10752 4 2 3 5 2397 2380 2376 2379
10753 4 2 3 5 1855 2453 1848 1854
10754 4 2 3 5 2190 409 411 410
10755 4 2 3 5 2179 2190 411 2187
10756 4 2 3 5 1750 1748 2204 2418
10757 4 2 3 5 741 823 1200 743
10758 4 2 3 5 823 1267 661 1280
10759 4 2 3 5 2197 1858 1416 1859
10760 4 2 3 5 1728 2424 1745 1769
10761 4 2 3 5 2199 2207 1756 2206
10762 4 2 3 5 722 765 1196 791
10763 4 2 3 5 1884 2437 2436 1993
10764 4 2 3 5 1195 733 2217 789
10765 4 2 3 5 1199 697 699 2217
10766 4 2 3 5 1191 733 699 2217
10767 4 2 3 5 788 1180 1195 789
10768 4 2 3 5 1307 1301 1291 2219
10769 4 2 3 5 1289 1290 1291 1982
10770 4 2 3 5 2694 1990 1993 2693
10771 4 2 3 5 1290 1281 1982 1293
10772 4 2 3 5 1884 1147 1883 1993
10773 4 2 3 5 1180 1195 2219 1296
10774 4 2 3 5 1296 1301 1159 2219
10775 4 2 3 5 2212 1744 2614 2613
10776 4 2 3 5 1521 2630 2635 2631
10777 4 2 3 5 1373 1746 1725 1868
10778 4 2 3 5 2599 2638 2600 2640
10779 4 2 3 5 1815 1921 1943 2249
10780 4 2 3 5 1726 2097 2614 2613
10781 4 2 3 5 2378 2156 2387 67
10782 4 2 3 5 1395 1815 1800 2584
10783 4 2 3 5 1835 2241 1921 2249
10784 4 2 3 5 1921 2247 1943 2249
10785 4 2 3 5 2247 2241 1943 2249
10786 4 2 3 5 2241 2247 1921 2249
10787 4 2 3 5 1840 1841 1927 1843
10788 4 2 3 5 1408 1417 1165 1407
10789 4 2 3 5 1851 1415 2195 1866
10790 4 2 3 5 1835 2241 2244 2240
10791 4 2 3 5 1392 1843 1834 1865
10792 4 2 3 5 2245 2247 1934 2240
10793 4 2 3 5 2367 1384 2387 2160
10794 4 2 3 5 1384 2367 2387 2399
10795 4 2 3 5 2378 2399 2387 2156
10796 4 2 3 5 2156 2367 2387 2160
10797 4 2 3 5 1182 689 686 1205
10798 4 2 3 5 1806 1818 690 1205
10799 4 2 3 5 577 2612 2600 2638
10800 4 2 3 5 109 2412 2307 2275
10801 4 2 3 5 2399 2367 2387 2156
10802 4 2 3 5 2599 577 2600 2638
10803 4 2 3 5 103 2364 2363 2322
10804 4 2 3 5 66 67 2644 2398
10805 4 2 3 5 1411 2263 2304 2262
10806 4 2 3 5 1509 1278 2303 1412
10807 4 2 3 5 2386 66 2644 2398
10808 4 2 3 5 2303 2304 2316 1792
10809 4 2 3 5 1794 2304 1792 1397
10810 4 2 3 5 1463 1531 1547 2055
10811 4 2 3 5 2424 2097 2423 2611
10812 4 2 3 5 802 1230 1321 806
10813 4 2 3 5 1726 2424 2611 2097
10814 4 2 3 5 1125 1164 1234 2312
10815 4 2 3 5 2315 1125 1234 2312
10816 4 2 3 5 1674 1444 1969 1850
10817 4 2 3 5 2364 1961 1956 1960
10818 4 2 3 5 1191 1180 2217 1907
10819 4 2 3 5 1968 2432 2221 2430
10820 4 2 3 5 1669 1671 1969 1850
10821 4 2 3 5 2324 1444 2432 1969
10822 4 2 3 5 2663 2021 2366 2022
10823 4 2 3 5 2117 2115 2108 2333
10824 4 2 3 5 2332 114 2132 2333
10825 4 2 3 5 2124 1619 2125 2126
10826 4 2 3 5 2131 2124 2125 2126
10827 4 2 3 5 2366 2021 2338 2022
10828 4 2 3 5 2681 2543 1611 1664
10829 4 2 3 5 66 2386 67 2398
10830 4 2 3 5 2400 2157 2398 2644
10831 4 2 3 5 2326 2362 2363 1887
10832 4 2 3 5 2157 2400 2398 2382
10833 4 2 3 5 2282 1895 2409 2307
10834 4 2 3 5 2411 2018 2409 2282
10835 4 2 3 5 2163 1427 1154 2162
10836 4 2 3 5 2464 1660 2008 2061
10837 4 2 3 5 2163 1427 1705 1438
10838 4 2 3 5 2355 1698 1686 2354
10839 4 2 3 5 2508 396 443 492
10840 4 2 3 5 1864 2588 2589 1668
10841 4 2 3 5 2010 1998 2462 1434
10842 4 2 3 5 1698 2355 1348 2002
10843 4 2 3 5 1435 2009 1434 2013
10844 4 2 3 5 1739 1715 1771 1765
10845 4 2 3 5 110 2411 2406 2366
10846 4 2 3 5 2663 615 2664 628
10847 4 2 3 5 2293 1885 1889 1898
10848 4 2 3 5 2071 1655 1352 2074
10849 4 2 3 5 1625 2022 2407 2338
10850 4 2 3 5 2335 2337 112 2331
10851 4 2 3 5 2381 2404 2425 1723
10852 4 2 3 5 1729 1770 2425 1723
10853 4 2 3 5 2568 2401 2405 2394
10854 4 2 3 5 2375 1720 2399 1370
10855 4 2 3 5 1356 2645 2644 1405
10856 4 2 3 5 2400 1722 2379 1370
10857 4 2 3 5 1441 2400 2379 1370
10858 4 2 3 5 1720 1721 2376 1716
10859 4 2 3 5 1719 1766 1767 2376
10860 4 2 3 5 2375 2395 1370 2379
10861 4 2 3 5 1545 680 683 2026
10862 4 2 3 5 2410 1206 1143 1207
10863 4 2 3 5 2339 2025 2410 1143
10864 4 2 3 5 1872 1871 2340 2030
10865 4 2 3 5 1608 1623 1609 2024
10866 4 2 3 5 2201 2208 2421 1713
10867 4 2 3 5 2201 1382 1739 2421
10868 4 2 3 5 1382 2201 2415 2421
10869 4 2 3 5 1713 2201 1739 2421
10870 4 2 3 5 2197 2196 1418 1280
10871 4 2 3 5 1912 2221 1613 2216
10872 4 2 3 5 1849 1967 1903 2428
10873 4 2 3 5 2220 1912 1878 2216
10874 4 2 3 5 2432 1968 1969 2430
10875 4 2 3 5 2435 2328 2327 2434
10876 4 2 3 5 2119 2648 2350 2352
10877 4 2 3 5 1369 1726 2611 2097
10878 4 2 3 5 2439 1663 1688 1666
10879 4 2 3 5 2442 1364 1978 1708
10880 4 2 3 5 1945 1937 2451 1940
10881 4 2 3 5 1911 1912 1512 1905
10882 4 2 3 5 1840 1844 1832 1931
10883 4 2 3 5 1369 2424 2611 1726
10884 4 2 3 5 2479 1424 2004 2015
10885 4 2 3 5 2470 2481 2463 389
10886 4 2 3 5 2212 2610 2211 2611
10887 4 2 3 5 390 392 391 2474
10888 4 2 3 5 2610 2212 2614 2611
10889 4 2 3 5 1972 1700 1998 2471
10890 4 2 3 5 392 2474 393 2480
10891 4 2 3 5 1698 2481 1348 2483
10892 4 2 3 5 1568 1313 2596 2526
10893 4 2 3 5 2492 2487 2046 2057
10894 4 2 3 5 475 92 378 2496
10895 4 2 3 5 2097 2212 2211 2611
10896 4 2 3 5 2487 2490 2046 2057
10897 4 2 3 5 2529 1314 2526 2495
10898 4 2 3 5 2487 2490 2057 2491
10899 4 2 3 5 368 2523 2526 2495
10900 4 2 3 5 1638 1643 1595 1637
10901 4 2 3 5 2108 2115 2114 604
10902 4 2 3 5 2540 1611 1591 2107
10903 4 2 3 5 2507 2538 2539 6
10904 4 2 3 5 2212 2097 2614 2611
10905 4 2 3 5 2121 2093 2094 2657
10906 4 2 3 5 2566 2564 2563 2522
10907 4 2 3 5 2566 2562 2518 2522
10908 4 2 3 5 64 2555 5 2515
10909 4 2 3 5 65 2565 2644 1571
10910 4 2 3 5 1404 2564 2563 2566
10911 4 2 3 5 1441 2386 2388 1405
10912 4 2 3 5 2566 1575 2565 2645
10913 4 2 3 5 2525 2060 2524 2494
10914 4 2 3 5 2494 1312 2524 2529
10915 4 2 3 5 2544 2058 2504 1332
10916 4 2 3 5 2509 2492 2491 2495
10917 4 2 3 5 1570 2510 1315 1317
10918 4 2 3 5 2510 1570 2557 1317
10919 4 2 3 5 2512 1568 519 2515
10920 4 2 3 5 2486 2489 91 2495
10921 4 2 3 5 1192 1199 1613 1194
10922 4 2 3 5 645 623 2657 638
10923 4 2 3 5 612 2659 638 2114
10924 4 2 3 5 2264 1261 1262 2622
10925 4 2 3 5 116 2115 611 2114
10926 4 2 3 5 638 6 2121 94
10927 4 2 3 5 1564 2682 1626 1624
10928 4 2 3 5 1894 1630 2277 2409
10929 4 2 3 5 1630 1894 1629 2409
10930 4 2 3 5 1397 1796 1797 1792
10931 4 2 3 5 2408 2411 2409 2307
10932 4 2 3 5 2386 2561 2565 65
10933 4 2 3 5 2367 1717 2399 1363
10934 4 2 3 5 2561 2386 1379 2158
10935 4 2 3 5 1311 1367 1569 2596
10936 4 2 3 5 2583 2276 2578 2275
10937 4 2 3 5 1814 1890 2554 2571
10938 4 2 3 5 2570 2179 2187 2571
10939 4 2 3 5 2295 2341 1876 1898
10940 4 2 3 5 2581 2583 2578 2580
10941 4 2 3 5 2581 546 2583 2580
10942 4 2 3 5 2448 2179 417 2580
10943 4 2 3 5 2573 2448 2574 2580
10944 4 2 3 5 1436 1846 2257 1429
10945 4 2 3 5 1734 1714 1760 1738
10946 4 2 3 5 2588 1864 2589 2587
10947 4 2 3 5 1724 1737 1839 1760
10948 4 2 3 5 2594 1667 1951 2456
10949 4 2 3 5 2617 1413 1421 2598
10950 4 2 3 5 2157 2617 1421 2598
10951 4 2 3 5 2201 1382 1920 1743
10952 4 2 3 5 2599 568 2638 2607
10953 4 2 3 5 1406 2639 2610 2638
10954 4 2 3 5 1261 884 1262 2622
10955 4 2 3 5 1413 1490 2624 2625
10956 4 2 3 5 2617 1413 2602 2601
10957 4 2 3 5 572 570 2602 2598
10958 4 2 3 5 1728 2424 1727 2611
10959 4 2 3 5 1775 70 2609 2423
10960 4 2 3 5 1252 2209 2191 1747
10961 4 2 3 5 2643 1744 2612 2613
10962 4 2 3 5 2564 2601 2625 2645
10963 4 2 3 5 2601 1413 2625 2645
10964 4 2 3 5 2564 1404 2625 2566
10965 4 2 3 5 1404 2564 2625 2645
10966 4 2 3 5 2566 1404 2625 2645
10967 4 2 3 5 2626 2566 2625 2645
10968 4 2 3 5 1357 2210 2569 2151
10969 4 2 3 5 565 578 2616 2605
10970 4 2 3 5 361 82 487 2321
10971 4 2 3 5 1395 1815 2647 1800
10972 4 2 3 5 2647 2619 2266 2646
10973 4 2 3 5 2643 74 2090 2613
10974 4 2 3 5 576 579 587 2600
10975 4 2 3 5 576 2641 2633 2600
10976 4 2 3 5 1353 1922 2642 2647
10977 4 2 3 5 76 2618 2646 2266
10978 4 2 3 5 621 2672 2660 618
10979 4 2 3 5 2132 114 2116 2333
10980 4 2 3 5 1824 2264 2622 2620
10981 4 2 3 5 2659 2109 2662 1612
10982 4 2 3 5 2108 642 2664 2333
10983 4 2 3 5 2264 1824 2622 2305
10984 4 2 3 5 2648 631 2677 2675
10985 4 2 3 5 2305 2264 1262 2622
10986 4 2 3 5 2349 1688 2352 2348
10987 4 2 3 5 651 631 633 2677
10988 4 2 3 5 2345 106 2225 2343
10989 4 2 3 5 625 605 640 2649
10990 4 2 3 5 2362 2680 2363 1887
10991 4 2 3 5 2267 625 640 2649
10992 4 2 3 5 614 2108 613 2664
10993 4 2 3 5 2110 1948 2673 1947
10994 4 2 3 5 2681 2121 2094 2657
10995 4 2 3 5 2676 2447 2677 2679
10996 4 2 3 5 2670 2661 2673 2660
10997 4 2 3 5 2439 2120 2119 2352
10998 4 2 3 5 2364 1676 2363 2322
10999 4 2 3 5 2324 1970 1962 1956
11000 4 2 3 5 103 2433 2322 2363
11001 4 2 3 5 1298 1294 1712 1295
11002 4 2 3 5 590 2630 575 2632
11003 4 2 3 5 1751 1739 1749 1750
11004 4 2 3 5 1696 1652 1242 1600
11005 4 2 3 5 1162 1250 1284 847
11006 4 2 3 5 1137 1601 1712 1697
11007 4 2 3 5 1298 1294 1137 1712
11008 4 2 3 5 483 548 1635 474
11009 4 2 3 5 2108 634 604 613
11010 4 2 3 5 522 88 2507 87
11011 4 2 3 5 434 511 2079 551
11012 4 2 3 5 547 2073 2105 2539
11013 4 2 3 5 2067 1461 2064 2066
11014 4 2 3 5 1759 1763 1760 1852
11015 4 2 3 5 2097 72 597 586
11016 4 2 3 5 1847 1927 1834 1832
11017 4 2 3 5 2212 585 586 593
11018 4 2 3 5 2641 2632 2642 2266
11019 4 2 3 5 1474 1472 1482 1484
11020 4 2 3 5 2536 2155 2141 1480
11021 4 2 3 5 1776 2599 2633 2642
11022 4 2 3 5 2157 2617 2598 556
11023 4 2 3 5 2541 2538 2539 2537
11024 4 2 3 5 2505 2541 1593 2506
11025 4 2 3 5 2597 1596 2092 2167
11026 4 2 3 5 1961 2326 2364 2363
11027 4 2 3 5 2654 2362 2680 2363
11028 4 2 3 5 104 2595 103 2433
11029 4 2 3 5 504 2224 2213 105
11030 4 2 3 5 2459 2457 2460 2588
11031 4 2 3 5 2364 1961 2363 1956
11032 4 2 3 5 362 2224 2213 2427
11033 4 2 3 5 1840 1392 1843 1834
11034 4 2 3 5 2543 2540 6 2114
11035 4 2 3 5 2545 1465 2539 2537
11036 4 2 3 5 2545 2073 2539 2105
11037 4 2 3 5 2073 2545 2539 2537
11038 4 2 3 5 2545 2073 2105 1576
11039 4 2 3 5 2299 2261 2300 2042
11040 4 2 3 5 2641 2632 598 575
11041 4 2 3 5 2243 1928 1930 1501
11042 4 2 3 5 1356 2400 2644 2157
11043 4 2 3 5 874 1248 864 910
11044 4 2 3 5 1213 653 780 677
11045 4 2 3 5 1405 2386 2644 2398
11046 4 2 3 5 880 1257 901 1271
11047 4 2 3 5 1250 1162 795 847
11048 4 2 3 5 2386 1441 2387 2398
11049 4 2 3 5 664 918 149 795
11050 4 2 3 5 2157 66 67 2644
11051 4 2 3 5 1210 1166 756 1242
11052 4 2 3 5 67 2386 2387 2398
11053 4 2 3 5 1305 786 1181 861
11054 4 2 3 5 1906 726 692 769
11055 4 2 3 5 657 1305 861 822
11056 4 2 3 5 2649 2267 2655 2268
11057 4 2 3 5 2292 2291 2268 2655
11058 4 2 3 5 2291 2292 2273 2655
11059 4 2 3 5 2001 2000 2484 2471
11060 4 2 3 5 1864 2586 2589 2587
11061 4 2 3 5 2684 2650 2655 2268
11062 4 2 3 5 2588 1864 1679 1668
11063 4 2 3 5 1899 2579 107 369
11064 4 2 3 5 2656 2683 2684 2655
11065 4 2 3 5 70 1764 2420 1774
11066 4 2 3 5 2419 1764 2420 70
11067 4 2 3 5 1603 1345 1552 1584
11068 4 2 3 5 115 478 1619 380
11069 4 2 3 5 2461 2003 470 1423
11070 4 2 3 5 2650 2649 2655 2268
11071 4 2 3 5 2649 2650 2655 2684
11072 4 2 3 5 2005 1422 2462 2002
11073 4 2 3 5 2664 2662 2668 2666
11074 4 2 3 5 503 370 2342 509
11075 4 2 3 5 449 2003 531 470
11076 4 2 3 5 398 2236 2237 397
11077 4 2 3 5 1625 2650 2668 2684
11078 4 2 3 5 2667 2663 2668 2666
11079 4 2 3 5 1625 2022 1624 2668
11080 4 2 3 5 2103 2098 2184 1518
11081 4 2 3 5 2177 2016 2130 1549
11082 4 2 3 5 546 517 499 2580
11083 4 2 3 5 418 2448 415 417
11084 4 2 3 5 2667 1625 2668 2022
11085 4 2 3 5 2444 2678 2677 2447
11086 4 2 3 5 2683 2274 2268 2655
11087 4 2 3 5 2678 2444 2677 2348
11088 4 2 3 5 2448 418 2183 446
11089 4 2 3 5 552 2579 2583 2580
11090 4 2 3 5 2573 2179 2448 2580
11091 4 2 3 5 517 552 499 2580
11092 4 2 3 5 499 552 2583 2580
11093 4 2 3 5 418 420 2183 457
11094 4 2 3 5 2350 2349 2352 2677
11095 4 2 3 5 2001 2468 442 393
11096 4 2 3 5 2349 2348 2352 2677
11097 4 2 3 5 390 2001 393 2474
11098 4 2 3 5 392 390 393 2474
11099 4 2 3 5 467 2230 1920 1788
11100 4 2 3 5 2597 2091 2092 2538
11101 4 2 3 5 95 2093 652 96
11102 4 2 3 5 631 2675 630 2677
11103 4 2 3 5 2447 2444 100 2677
11104 4 2 3 5 2444 2348 100 2677
11105 4 2 3 5 2687 2688 927 1288
11106 4 2 3 5 1289 2687 1288 1139
11107 4 2 3 5 2347 1687 98 2349
11108 4 2 3 5 2347 2349 98 99
11109 4 2 3 5 98 2349 2440 2438
11110 4 2 3 5 1290 929 1295 1288
11111 4 2 3 5 2681 2120 1949 2657
11112 4 2 3 5 1718 1717 1771 1434
11113 4 2 3 5 2089 438 2085 1945
11114 4 2 3 5 502 1924 501 438
11115 4 2 3 5 583 601 69 2609
11116 4 2 3 5 2306 1791 80 1793
11117 4 2 3 5 1814 1809 2180 1803
11118 4 2 3 5 2014 1774 2420 2383
11119 4 2 3 5 2011 2371 2416 1771
11120 4 2 3 5 1508 1504 2300 2189
11121 4 2 3 5 2457 2252 402 2259
11122 4 2 3 5 585 2610 2638 571
11123 4 2 3 5 1827 1791 2310 80
11124 4 2 3 5 524 1788 1787 450
11125 4 2 3 5 1788 467 395 450
11126 4 2 3 5 1827 2306 1791 80
11127 4 2 3 5 2371 1718 2416 1771
11128 4 2 3 5 2667 2366 650 641
11129 4 2 3 5 1718 2371 2011 1771
11130 4 2 3 5 2364 2325 102 2363
11131 4 2 3 5 2325 2362 102 2363
11132 4 2 3 5 1450 2139 2037 520
11133 4 2 3 5 545 2038 520 2037
11134 4 2 3 5 2362 636 102 2363
11135 4 2 3 5 1459 2547 1476 2140
11136 4 2 3 5 1450 536 520 476
11137 4 2 3 5 2536 86 85 554
11138 4 2 3 5 636 2362 102 2325
11139 4 2 3 5 609 2332 646 113
11140 4 2 3 5 1910 2181 1782 1812
11141 4 2 3 5 2606 601 68 556
11142 4 2 3 5 2637 1406 2610 2607
11143 4 2 3 5 1413 2601 2624 2602
11144 4 2 3 5 561 2623 562 554
11145 4 2 3 5 2604 567 2602 573
11146 4 2 3 5 2610 1406 2638 2607
11147 4 2 3 5 361 2172 487 488
11148 4 2 3 5 2636 2629 1801 2631
11149 4 2 3 5 2619 2251 2618 2646
11150 4 2 3 5 600 2616 2631 2320
11151 4 2 3 5 2172 361 487 2321
11152 4 2 3 5 2329 112 113 2331
11153 4 2 3 5 2131 2329 113 2331
11154 4 2 3 5 2021 2332 609 113
11155 4 2 3 5 486 1827 80 366
11156 4 2 3 5 112 2021 609 113
11157 4 2 3 5 2632 2641 2633 575
11158 4 2 3 5 2153 1494 1476 2627
11159 4 2 3 5 578 2605 2631 2616
11160 4 2 3 5 559 592 578 2616
11161 4 2 3 5 1798 1126 1538 1801
11162 4 2 3 5 2317 1537 1801 1538
11163 4 2 3 5 2319 1802 1126 1801
11164 4 2 3 5 6 2543 2121 94
11165 4 2 3 5 2021 112 2332 113
11166 4 2 3 5 116 2115 604 611
11167 4 2 3 5 2681 2659 2114 2657
11168 4 2 3 5 2189 1816 1782 1812
11169 4 2 3 5 115 634 604 2115
11170 4 2 3 5 2100 1816 1782 2189
11171 4 2 3 5 2131 2126 114 364
11172 4 2 3 5 510 511 375 2066
11173 4 2 3 5 358 101 2445 100
11174 4 2 3 5 1687 2347 1678 2348
11175 4 2 3 5 2444 1950 2348 2678
11176 4 2 3 5 2181 2189 1782 1812
11177 4 2 3 5 2443 2347 100 2348
11178 4 2 3 5 2181 2100 1782 2189
11179 4 2 3 5 2263 1789 1793 1792
11180 4 2 3 5 2413 2426 105 644
11181 4 2 3 5 2426 2413 629 644
11182 4 2 3 5 880 1270 870 1256
11183 4 2 3 5 2044 1795 1792 2316
11184 4 2 3 5 1234 805 826 1278
11185 4 2 3 5 1795 1520 1792 2316
11186 4 2 3 5 1520 1795 1792 2044
11187 4 2 3 5 2658 2662 1949 2657
11188 4 2 3 5 1847 1926 1803 1810
11189 4 2 3 5 878 1499 1256 853
11190 4 2 3 5 687 1206 685 686
11191 4 2 3 5 682 1183 685 1207
11192 4 2 3 5 1228 1327 1163 2390
11193 4 2 3 5 7 874 902 146
11194 4 2 3 5 1249 895 1273 1328
11195 4 2 3 5 1226 1228 1249 146
11196 4 2 3 5 1228 1226 145 146
11197 4 2 3 5 1228 777 1249 146
11198 4 2 3 5 678 808 677 1212
11199 4 2 3 5 1213 678 677 1212
11200 4 2 3 5 808 1213 677 1212
11201 4 2 3 5 777 1228 145 146
11202 4 2 3 5 852 913 662 131
11203 4 2 3 5 2662 1612 1949 2657
11204 4 2 3 5 2659 1612 2662 2657
11205 4 2 3 5 1524 2283 1819 1806
11206 4 2 3 5 1811 1921 1813 2584
11207 4 2 3 5 2670 1612 2665 2668
11208 4 2 3 5 1278 800 824 835
11209 4 2 3 5 790 818 1159 668
11210 4 2 3 5 1195 790 848 789
11211 4 2 3 5 942 1303 796 674
11212 4 2 3 5 1990 2694 1190 1167
11213 4 2 3 5 1706 1682 1150 2693
11214 4 2 3 5 956 167 168 674
11215 4 2 3 5 2113 2296 1288 1139
11216 4 2 3 5 1933 1932 1934 1813
11217 4 2 3 5 1303 942 796 1286
11218 4 2 3 5 1144 660 1302 844
11219 4 2 3 5 1932 1811 1934 1813
11220 4 2 3 5 1183 1532 1209 2279
11221 4 2 3 5 746 1417 1408 732
11222 4 2 3 5 746 764 1417 732
11223 4 2 3 5 823 915 661 1267
11224 4 2 3 5 1279 746 833 1417
11225 4 2 3 5 1303 796 674 798
11226 4 2 3 5 2306 79 80 366
11227 4 2 3 5 1240 2369 1372 1244
11228 4 2 3 5 845 812 663 1274
11229 4 2 3 5 1280 2197 1436 1200
11230 4 2 3 5 1418 2197 1200 2204
11231 4 2 3 5 711 1169 734 1168
11232 4 2 3 5 1793 1794 1799 1823
11233 4 2 3 5 1250 918 795 673
11234 4 2 3 5 500 2306 366 79
11235 4 2 3 5 836 759 760 1640
11236 4 2 3 5 654 840 1218 760
11237 4 2 3 5 664 847 1284 795
11238 4 2 3 5 500 537 366 2306
11239 4 2 3 5 847 1250 1284 795
11240 4 2 3 5 2263 1794 1793 1823
11241 4 2 3 5 1789 2261 1823 1813
11242 4 2 3 5 700 2217 699 1196
11243 4 2 3 5 819 656 1310 792
11244 4 2 3 5 2263 2261 1823 1789
11245 4 2 3 5 1789 1793 1799 1823
11246 4 2 3 5 1184 702 705 765
11247 4 2 3 5 1789 2263 1793 1823
11248 4 2 3 5 1372 1375 2396 1244
11249 4 2 3 5 845 1274 663 1244
11250 4 2 3 5 1926 1811 1833 1834
11251 4 2 3 5 1153 1268 663 743
11252 4 2 3 5 1735 1732 1834 2244
11253 4 2 3 5 2373 2371 2372 2370
11254 4 2 3 5 1807 698 1194 696
11255 4 2 3 5 2455 2454 397 2259
11256 4 2 3 5 953 159 657 955
11257 4 2 3 5 2454 2455 1758 2259
11258 4 2 3 5 810 832 1239 679
11259 4 2 3 5 1763 1759 2259 2454
11260 4 2 3 5 2694 2692 855 1185
11261 4 2 3 5 2236 2455 397 2259
11262 4 2 3 5 1300 658 820 855
11263 4 2 3 5 1835 1735 1834 2244
11264 4 2 3 5 2183 1784 2184 1783
11265 4 2 3 5 728 792 793 1310
11266 4 2 3 5 2692 2694 855 794
11267 4 2 3 5 1990 1673 1681 1167
11268 4 2 3 5 1707 1166 1185 1150
11269 4 2 3 5 2477 1555 2312 1354
11270 4 2 3 5 422 2098 421 2103
11271 4 2 3 5 1256 1499 1377 804
11272 4 2 3 5 1215 1237 760 1243
11273 4 2 3 5 2490 2045 507 454
11274 4 2 3 5 2490 2045 454 510
11275 4 2 3 5 669 1237 840 760
11276 4 2 3 5 2455 2454 2460 443
11277 4 2 3 5 2454 2455 397 443
11278 4 2 3 5 853 878 135 870
11279 4 2 3 5 1472 1481 1321 1377
11280 4 2 3 5 2078 2056 2128 1229
11281 4 2 3 5 724 1544 1236 802
11282 4 2 3 5 1164 803 1236 802
11283 4 2 3 5 2460 2454 465 443
11284 4 2 3 5 1230 1472 1321 1469
11285 4 2 3 5 2454 397 465 443
11286 4 2 3 5 444 402 465 2454
11287 4 2 3 5 2454 397 399 465
11288 4 2 3 5 2081 2054 454 432
11289 4 2 3 5 2045 2054 454 2081
11290 4 2 3 5 444 2454 465 2460
11291 4 2 3 5 1325 1129 2146 1271
11292 4 2 3 5 1450 2057 2083 476
11293 4 2 3 5 2146 1270 1271 1256
11294 4 2 3 5 2546 536 476 2083
11295 4 2 3 5 1257 880 901 882
11296 4 2 3 5 2146 1270 1469 1271
11297 4 2 3 5 1450 2546 476 2083
11298 4 2 3 5 1450 536 476 2546
11299 4 2 3 5 816 909 1245 875
11300 4 2 3 5 2310 486 487 525
11301 4 2 3 5 486 2310 487 81
11302 4 2 3 5 1419 1781 2377 2425
11303 4 2 3 5 2402 885 2405 886
11304 4 2 3 5 2210 2404 2405 2568
11305 4 2 3 5 2210 2402 2405 2404
11306 4 2 3 5 893 2568 2405 2394
11307 4 2 3 5 1279 1275 1134 1409
11308 4 2 3 5 2209 1252 2191 892
11309 4 2 3 5 1252 1267 892 2209
11310 4 2 3 5 2593 1954 2591 1951
11311 4 2 3 5 1252 1279 1134 1409
11312 4 2 3 5 2427 2595 2591 1964
11313 4 2 3 5 889 1252 914 892
11314 4 2 3 5 2579 552 499 498
11315 4 2 3 5 666 851 1255 811
11316 4 2 3 5 865 748 1163 666
11317 4 2 3 5 827 865 1253 666
11318 4 2 3 5 2390 1327 1163 1130
11319 4 2 3 5 108 2579 499 498
11320 4 2 3 5 2593 2594 2591 1964
11321 4 2 3 5 2040 1877 1903 1856
11322 4 2 3 5 445 532 2594 509
11323 4 2 3 5 2214 1877 1856 1903
11324 4 2 3 5 1139 2687 1288 2688
11325 4 2 3 5 1282 2689 2288 2688
11326 4 2 3 5 2036 2113 1288 1139
11327 4 2 3 5 2036 1287 1286 2688
11328 4 2 3 5 2689 2687 2288 2688
11329 4 2 3 5 1756 1746 1867 1725
11330 4 2 3 5 1450 536 2546 520
11331 4 2 3 5 1285 1166 2691 1284
11332 4 2 3 5 1250 918 673 954
11333 4 2 3 5 1298 1294 939 952
11334 4 2 3 5 1162 1243 1233 842
11335 4 2 3 5 941 948 954 1247
11336 4 2 3 5 948 858 954 1247
11337 4 2 3 5 1493 1521 1801 2631
11338 4 2 3 5 1822 1794 2636 1801
11339 4 2 3 5 1355 2314 1538 1536
11340 4 2 3 5 1798 2319 1538 1126
11341 4 2 3 5 1162 1652 1137 1601
11342 4 2 3 5 1685 1696 1694 1712
11343 4 2 3 5 1140 1298 1712 1295
11344 4 2 3 5 2296 1981 1567 1694
11345 4 2 3 5 1140 1298 1295 2691
11346 4 2 3 5 1290 1140 1982 1295
11347 4 2 3 5 1142 2281 1874 2028
11348 4 2 3 5 1766 1719 2374 2376
11349 4 2 3 5 2207 2205 1780 2206
11350 4 2 3 5 1766 1388 1750 1780
11351 4 2 3 5 1388 2205 1750 1780
11352 4 2 3 5 1780 1148 2374 2418
11353 4 2 3 5 917 819 155 949
11354 4 2 3 5 818 1159 668 157
11355 4 2 3 5 955 159 817 158
11356 4 2 3 5 2037 378 476 520
11357 4 2 3 5 1450 2037 476 520
11358 4 2 3 5 1301 1307 934 958
11359 4 2 3 5 1230 1170 1321 2052
11360 4 2 3 5 808 821 1231 1170
11361 4 2 3 5 1213 677 780 1231
11362 4 2 3 5 672 779 1222 1231
11363 4 2 3 5 2047 1579 1326 2049
11364 4 2 3 5 2047 1324 1326 1231
11365 4 2 3 5 1146 2218 1918 1181
11366 4 2 3 5 1204 1915 1181 726
11367 4 2 3 5 786 1305 1181 1144
11368 4 2 3 5 1204 786 1181 1144
11369 4 2 3 5 786 1204 1181 726
11370 4 2 3 5 1886 2227 1918 2219
11371 4 2 3 5 1915 1873 1918 1907
11372 4 2 3 5 726 786 787 1181
11373 4 2 3 5 723 1201 1501 1198
11374 4 2 3 5 471 1423 470 531
11375 4 2 3 5 766 1186 1201 1192
11376 4 2 3 5 1186 766 1188 1192
11377 4 2 3 5 2100 2181 2182 2189
11378 4 2 3 5 2448 1783 1516 1782
11379 4 2 3 5 1544 687 1514 1207
11380 4 2 3 5 139 858 1247 829
11381 4 2 3 5 1303 2034 869 1214
11382 4 2 3 5 1303 1136 2034 1214
11383 4 2 3 5 1303 830 1214 869
11384 4 2 3 5 941 928 1297 1306
11385 4 2 3 5 1136 1294 2113 2112
11386 4 2 3 5 1581 1599 2112 1598
11387 4 2 3 5 1155 1554 1565 2112
11388 4 2 3 5 1599 1641 1644 1157
11389 4 2 3 5 1360 1567 1694 2112
11390 4 2 3 5 1641 1243 1644 1157
11391 4 2 3 5 1160 2071 1580 1346
11392 4 2 3 5 1219 1212 1211 1552
11393 4 2 3 5 2464 1131 2494 2061
11394 4 2 3 5 1456 1559 1582 1560
11395 4 2 3 5 1455 1466 1319 1453
11396 4 2 3 5 1636 1592 1582 2503
11397 4 2 3 5 803 843 1517 1236
11398 4 2 3 5 724 843 803 1236
11399 4 2 3 5 2577 1206 2278 1514
11400 4 2 3 5 824 1278 835 1156
11401 4 2 3 5 1136 1303 1287 1297
11402 4 2 3 5 2003 480 531 1423
11403 4 2 3 5 1294 928 1306 1297
11404 4 2 3 5 1412 2315 2316 1403
11405 4 2 3 5 1795 1520 2316 1536
11406 4 2 3 5 1355 1496 1478 1538
11407 4 2 3 5 2152 1795 2316 1536
11408 4 2 3 5 1265 1731 2401 1573
11409 4 2 3 5 880 1256 879 881
11410 4 2 3 5 1259 884 1357 2622
11411 4 2 3 5 1477 1481 1556 2548
11412 4 2 3 5 2315 2312 2316 1403
11413 4 2 3 5 1539 1802 1126 2318
11414 4 2 3 5 1498 2314 1558 1403
11415 4 2 3 5 1279 904 1165 1275
11416 4 2 3 5 1254 1245 1161 866
11417 4 2 3 5 774 1272 1161 866
11418 4 2 3 5 1252 2200 1756 1134
11419 4 2 3 5 1410 2245 1934 2242
11420 4 2 3 5 2247 1133 1269 1410
11421 4 2 3 5 2245 1868 1407 1134
11422 4 2 3 5 1279 889 1275 1409
11423 4 2 3 5 1835 1735 2244 1868
11424 4 2 3 5 1374 1755 1769 2206
11425 4 2 3 5 1279 871 1267 1280
11426 4 2 3 5 480 471 531 1423
11427 4 2 3 5 746 764 833 1417
11428 4 2 3 5 915 871 661 1267
11429 4 2 3 5 1309 1159 1145 2436
11430 4 2 3 5 1307 1281 1309 1145
11431 4 2 3 5 1281 931 1291 1307
11432 4 2 3 5 1290 931 1291 1281
11433 4 2 3 5 2688 1287 927 1288
11434 4 2 3 5 814 1304 736 813
11435 4 2 3 5 1746 1868 1867 1725
11436 4 2 3 5 1875 1981 2288 1918
11437 4 2 3 5 2562 2561 2565 1368
11438 4 2 3 5 2497 385 386 2481
11439 4 2 3 5 2464 1312 2552 2497
11440 4 2 3 5 2464 1422 2552 1390
11441 4 2 3 5 1384 2159 2552 1390
11442 4 2 3 5 2497 2464 1660 2552
11443 4 2 3 5 1379 1312 2552 1390
11444 4 2 3 5 2159 1379 2552 1390
11445 4 2 3 5 1456 1452 1453 1560
11446 4 2 3 5 780 1221 1231 672
11447 4 2 3 5 1579 2076 1552 1326
11448 4 2 3 5 1472 1230 2053 1324
11449 4 2 3 5 2047 2049 2050 1560
11450 4 2 3 5 1366 1338 1319 2046
11451 4 2 3 5 1645 1171 1647 1650
11452 4 2 3 5 1660 2062 1650 2061
11453 4 2 3 5 1349 720 1335 1437
11454 4 2 3 5 720 1171 1335 1437
11455 4 2 3 5 2356 1349 1335 1437
11456 4 2 3 5 684 682 683 1183
11457 4 2 3 5 1610 1590 1609 1587
11458 4 2 3 5 2674 1948 2651 2063
11459 4 2 3 5 1618 2095 2096 1662
11460 4 2 3 5 1552 1553 1580 1211
11461 4 2 3 5 2031 2032 1626 1609
11462 4 2 3 5 2111 1359 1633 2295
11463 4 2 3 5 1729 2402 1778 2404
11464 4 2 3 5 1944 2250 2620 1923
11465 4 2 3 5 1731 1729 1778 2404
11466 4 2 3 5 1260 1729 1778 1747
11467 4 2 3 5 2519 1368 2556 1460
11468 4 2 3 5 2141 2532 2518 1460
11469 4 2 3 5 2562 2555 2561 2556
11470 4 2 3 5 2514 1367 2596 2515
11471 4 2 3 5 2596 1367 1569 2515
11472 4 2 3 5 2386 1441 2388 1390
11473 4 2 3 5 1384 1441 2386 1390
11474 4 2 3 5 387 471 2552 1423
11475 4 2 3 5 387 2497 2552 540
11476 4 2 3 5 2557 1570 2560 1317
11477 4 2 3 5 1684 1433 1675 2327
11478 4 2 3 5 1664 2120 1692 1949
11479 4 2 3 5 1956 1961 1962 1960
11480 4 2 3 5 2324 1970 2434 1962
11481 4 2 3 5 1992 1991 1962 1960
11482 4 2 3 5 1979 1996 2327 1962
11483 4 2 3 5 2301 2044 1792 2303
11484 4 2 3 5 1412 1125 1403 1797
11485 4 2 3 5 1557 1377 1482 1558
11486 4 2 3 5 1820 2044 1828 1518
11487 4 2 3 5 2101 1820 1518 1516
11488 4 2 3 5 1535 2152 1556 1536
11489 4 2 3 5 1828 1820 1518 2101
11490 4 2 3 5 2098 2099 421 2184
11491 4 2 3 5 1786 1548 1785 1518
11492 4 2 3 5 2481 2463 2002 2485
11493 4 2 3 5 1868 1746 1867 1756
11494 4 2 3 5 2004 1434 1363 2462
11495 4 2 3 5 2561 65 2158 1569
11496 4 2 3 5 1423 2003 1363 2462
11497 4 2 3 5 387 1422 2461 1423
11498 4 2 3 5 2373 1375 1719 2370
11499 4 2 3 5 1435 1718 1434 1440
11500 4 2 3 5 1389 1419 2374 2377
11501 4 2 3 5 1773 2475 1998 2478
11502 4 2 3 5 2001 2468 393 2480
11503 4 2 3 5 1389 1375 2374 1148
11504 4 2 3 5 1418 2197 2204 1749
11505 4 2 3 5 1360 1534 1141 2035
11506 4 2 3 5 1530 1875 1141 2035
11507 4 2 3 5 2294 1566 2295 1530
11508 4 2 3 5 1446 1566 2651 2298
11509 4 2 3 5 1625 2650 2667 2668
11510 4 2 3 5 1881 1897 1912 1885
11511 4 2 3 5 2031 2334 1626 2030
11512 4 2 3 5 2325 2326 2447 2679
11513 4 2 3 5 2529 2525 1315 2528
11514 4 2 3 5 2537 2507 1464 2506
11515 4 2 3 5 2544 2502 1593 2506
11516 4 2 3 5 2501 1378 2504 2489
11517 4 2 3 5 2529 1312 2526 1313
11518 4 2 3 5 1325 1468 1222 1324
11519 4 2 3 5 1238 1223 2048 1222
11520 4 2 3 5 1223 2559 2048 1222
11521 4 2 3 5 2051 1318 1467 1324
11522 4 2 3 5 1561 1454 2050 1132
11523 4 2 3 5 2049 1132 2050 1560
11524 4 2 3 5 1132 2051 2050 1560
11525 4 2 3 5 1487 2141 1484 1480
11526 4 2 3 5 1485 1496 1495 1484
11527 4 2 3 5 1488 1487 1475 1484
11528 4 2 3 5 1474 1470 1475 2145
11529 4 2 3 5 1474 1340 1484 1482
11530 4 2 3 5 1488 1485 1489 1495
11531 4 2 3 5 1477 1535 1556 1536
11532 4 2 3 5 2313 2152 2316 1536
11533 4 2 3 5 1500 1539 1495 1538
11534 4 2 3 5 1557 1477 1556 1536
11535 4 2 3 5 1328 1273 2535 1343
11536 4 2 3 5 2566 2521 1572 1491
11537 4 2 3 5 1257 1485 1500 1489
11538 4 2 3 5 1485 1257 1500 1496
11539 4 2 3 5 1258 1539 1357 1500
11540 4 2 3 5 1496 1257 1500 1258
11541 4 2 3 5 1731 1730 2401 1573
11542 4 2 3 5 2147 1328 2535 1343
11543 4 2 3 5 2044 1820 1817 1516
11544 4 2 3 5 2577 1805 1203 1510
11545 4 2 3 5 1524 1818 1819 2278
11546 4 2 3 5 2384 2014 2420 2383
11547 4 2 3 5 1807 1194 1613 1808
11548 4 2 3 5 1508 1504 1156 1790
11549 4 2 3 5 559 578 600 2616
11550 4 2 3 5 1413 1406 2598 2602
11551 4 2 3 5 1353 1825 2636 2635
11552 4 2 3 5 2302 1794 1799 1793
11553 4 2 3 5 2630 1521 2320 2631
11554 4 2 3 5 2228 1181 1918 2219
11555 4 2 3 5 1224 868 2028 2026
11556 4 2 3 5 2431 2215 2430 2428
11557 4 2 3 5 2023 2025 2340 2029
11558 4 2 3 5 735 1224 721 1209
11559 4 2 3 5 2280 2283 2282 2284
11560 4 2 3 5 1204 1220 2279 729
11561 4 2 3 5 2055 1449 1486 1462
11562 4 2 3 5 1345 1552 1584 1473
11563 4 2 3 5 1519 1555 1543 1541
11564 4 2 3 5 1786 1555 1543 1519
11565 4 2 3 5 1528 2341 1872 2340
11566 4 2 3 5 682 1183 1545 683
11567 4 2 3 5 1219 680 1545 2026
11568 4 2 3 5 1170 1212 681 1473
11569 4 2 3 5 2294 2287 1898 2297
11570 4 2 3 5 1599 1641 1337 1218
11571 4 2 3 5 1640 1447 1600 1352
11572 4 2 3 5 1346 1565 2096 1352
11573 4 2 3 5 1662 2095 1352 1655
11574 4 2 3 5 836 1171 1640 1218
11575 4 2 3 5 1663 1618 2096 1662
11576 4 2 3 5 1360 1442 2063 2096
11577 4 2 3 5 1663 1618 1692 1365
11578 4 2 3 5 716 717 749 1648
11579 4 2 3 5 2082 431 2081 2079
11580 4 2 3 5 453 2054 428 432
11581 4 2 3 5 1463 1561 2077 2075
11582 4 2 3 5 1563 2545 2105 1576
11583 4 2 3 5 2106 1465 2539 2105
11584 4 2 3 5 2545 1465 1563 2105
11585 4 2 3 5 1594 1465 2539 2540
11586 4 2 3 5 2077 2079 2081 2072
11587 4 2 3 5 1623 2031 1609 2024
11588 4 2 3 5 1534 1530 2035 2028
11589 4 2 3 5 2117 1564 2682 1626
11590 4 2 3 5 2071 1160 1587 1346
11591 4 2 3 5 1664 1611 1617 2074
11592 4 2 3 5 1160 1610 1587 1346
11593 4 2 3 5 1697 1601 1694 2112
11594 4 2 3 5 1617 1618 2074 2096
11595 4 2 3 5 1695 1981 1982 1694
11596 4 2 3 5 1151 1446 1694 1442
11597 4 2 3 5 1239 810 2026 868
11598 4 2 3 5 682 680 1545 1219
11599 4 2 3 5 1546 1548 2136 1549
11600 4 2 3 5 2025 1526 1532 2024
11601 4 2 3 5 1352 2095 2096 2074
11602 4 2 3 5 2131 2332 2132 2331
11603 4 2 3 5 1170 1229 1321 2052
11604 4 2 3 5 2034 1239 2033 2026
11605 4 2 3 5 684 772 1183 1209
11606 4 2 3 5 1630 2175 1620 1629
11607 4 2 3 5 1632 1871 2018 2336
11608 4 2 3 5 2023 1632 2018 2336
11609 4 2 3 5 2329 1622 2127 1549
11610 4 2 3 5 1620 2174 2136 2127
11611 4 2 3 5 1566 1981 1615 2435
11612 4 2 3 5 1894 1891 1629 2409
11613 4 2 3 5 1550 2082 2127 2136
11614 4 2 3 5 1631 1620 1870 2017
11615 4 2 3 5 359 109 2307 2275
11616 4 2 3 5 1225 1221 1238 2068
11617 4 2 3 5 1636 1592 1595 1582
11618 4 2 3 5 1597 2095 1662 1655
11619 4 2 3 5 2597 2541 1594 1595
11620 4 2 3 5 1665 1646 1661 1701
11621 4 2 3 5 1336 1643 1642 1638
11622 4 2 3 5 2500 1638 1595 1637
11623 4 2 3 5 1643 1336 1655 1337
11624 4 2 3 5 1447 1709 1661 1710
11625 4 2 3 5 1331 1336 2070 2068
11626 4 2 3 5 2069 1636 1595 1582
11627 4 2 3 5 1553 1160 1580 1533
11628 4 2 3 5 1442 1693 2063 2096
11629 4 2 3 5 1612 2670 2662 1949
11630 4 2 3 5 2681 1664 1692 1949
11631 4 2 3 5 2670 2661 2662 1949
11632 4 2 3 5 1671 1987 1675 1883
11633 4 2 3 5 1674 1433 1996 2327
11634 4 2 3 5 1195 1159 2436 2219
11635 4 2 3 5 1970 2324 1969 1956
11636 4 2 3 5 2483 2470 2482 2000
11637 4 2 3 5 2481 2483 2482 1348
11638 4 2 3 5 1998 2010 1348 2355
11639 4 2 3 5 396 2468 2484 2469
11640 4 2 3 5 1972 1700 2471 2354
11641 4 2 3 5 1677 1972 2471 2354
11642 4 2 3 5 2355 1700 1701 2354
11643 4 2 3 5 2470 2001 2000 468
11644 4 2 3 5 2483 2470 2000 468
11645 4 2 3 5 2475 1773 1998 2471
11646 4 2 3 5 1697 1140 1712 1295
11647 4 2 3 5 2691 1166 1242 1284
11648 4 2 3 5 1140 1697 1982 1295
11649 4 2 3 5 1689 1693 2063 1690
11650 4 2 3 5 1685 1696 1151 1694
11651 4 2 3 5 2113 1567 2035 2112
11652 4 2 3 5 2113 1697 1982 1694
11653 4 2 3 5 1708 1666 1661 2169
11654 4 2 3 5 1665 1687 1701 1364
11655 4 2 3 5 2676 2362 2447 2679
11656 4 2 3 5 1654 1597 1666 1662
11657 4 2 3 5 1334 1596 2169 2118
11658 4 2 3 5 2168 95 2169 2167
11659 4 2 3 5 2358 2355 1701 1657
11660 4 2 3 5 95 2122 2169 2118
11661 4 2 3 5 1999 1974 2472 1973
11662 4 2 3 5 1636 2069 1595 2500
11663 4 2 3 5 1748 2202 2204 2418
11664 4 2 3 5 1739 1748 1771 1861
11665 4 2 3 5 1419 1388 1148 1780
11666 4 2 3 5 2373 1375 2374 1719
11667 4 2 3 5 1718 2371 1383 2011
11668 4 2 3 5 811 851 1255 1372
11669 4 2 3 5 2617 572 2598 582
11670 4 2 3 5 572 556 2598 582
11671 4 2 3 5 570 581 2598 572
11672 4 2 3 5 2404 2210 1778 2403
11673 4 2 3 5 1713 2208 2421 1741
11674 4 2 3 5 2199 1252 2200 1756
11675 4 2 3 5 2422 2424 1741 1726
11676 4 2 3 5 1729 1127 1728 1769
11677 4 2 3 5 1739 1751 1741 2421
11678 4 2 3 5 1713 1739 1741 2421
11679 4 2 3 5 1858 1851 1754 1749
11680 4 2 3 5 1741 1755 1374 2206
11681 4 2 3 5 1863 1860 1758 1738
11682 4 2 3 5 1866 1417 2198 2196
11683 4 2 3 5 1779 1781 2206 1769
11684 4 2 3 5 1732 1735 1725 1867
11685 4 2 3 5 2251 2249 1736 2090
11686 4 2 3 5 2196 1858 1416 1749
11687 4 2 3 5 1851 1866 1734 1385
11688 4 2 3 5 1866 1851 1754 1385
11689 4 2 3 5 1860 1858 2257 1754
11690 4 2 3 5 456 2082 2174 542
11691 4 2 3 5 2457 444 402 404
11692 4 2 3 5 2459 1667 1763 2588
11693 4 2 3 5 2457 2459 1763 2588
11694 4 2 3 5 2255 1966 1845 1187
11695 4 2 3 5 2610 2211 593 597
11696 4 2 3 5 1788 523 450 1774
11697 4 2 3 5 2461 449 2015 470
11698 4 2 3 5 1767 2421 2420 1716
11699 4 2 3 5 2384 2399 2420 1721
11700 4 2 3 5 523 524 1774 69
11701 4 2 3 5 2384 68 2385 69
11702 4 2 3 5 1775 2422 2420 2423
11703 4 2 3 5 2175 1630 1785 1629
11704 4 2 3 5 1784 2175 1785 1629
11705 4 2 3 5 1817 1816 2182 2189
11706 4 2 3 5 2183 2581 2582 1783
11707 4 2 3 5 1513 1894 2577 2101
11708 4 2 3 5 2135 1548 1518 2103
11709 4 2 3 5 2102 1827 2099 1518
11710 4 2 3 5 1795 2315 2044 1396
11711 4 2 3 5 1548 1784 1518 2103
11712 4 2 3 5 2181 1910 1909 2180
11713 4 2 3 5 693 1805 1806 695
11714 4 2 3 5 1906 1806 1194 694
11715 4 2 3 5 1503 1804 2180 1929
11716 4 2 3 5 1805 693 771 730
11717 4 2 3 5 2662 2669 2668 2666
11718 4 2 3 5 2577 1805 1806 1203
11719 4 2 3 5 1818 2577 1806 1203
11720 4 2 3 5 2576 2575 1909 2182
11721 4 2 3 5 1904 1892 1909 1905
11722 4 2 3 5 2215 1879 2216 2430
11723 4 2 3 5 1890 1899 2554 2571
11724 4 2 3 5 2181 1511 1910 1782
11725 4 2 3 5 1935 1903 1507 1931
11726 4 2 3 5 1508 1509 2301 2300
11727 4 2 3 5 1910 1511 2572 1782
11728 4 2 3 5 1879 2215 2428 2430
11729 4 2 3 5 2220 2221 2216 2430
11730 4 2 3 5 2220 1968 2221 2430
11731 4 2 3 5 1539 1802 1357 2151
11732 4 2 3 5 1825 1826 2151 1778
11733 4 2 3 5 1826 2210 2151 1778
11734 4 2 3 5 1923 1944 1823 2264
11735 4 2 3 5 1369 2424 1726 1745
11736 4 2 3 5 1825 2636 1801 1826
11737 4 2 3 5 2621 2210 2620 1778
11738 4 2 3 5 1922 2619 1943 1837
11739 4 2 3 5 2238 1724 1725 1736
11740 4 2 3 5 2250 1838 1923 1837
11741 4 2 3 5 885 2210 2622 2621
11742 4 2 3 5 1735 2249 1725 1736
11743 4 2 3 5 2619 1815 1736 2251
11744 4 2 3 5 2592 2256 2255 1845
11745 4 2 3 5 1669 704 703 1429
11746 4 2 3 5 2187 2185 2451 2041
11747 4 2 3 5 2453 1937 2451 1945
11748 4 2 3 5 2040 2186 1903 2185
11749 4 2 3 5 97 98 2440 2438
11750 4 2 3 5 1999 1862 1859 1399
11751 4 2 3 5 1754 1753 1861 1749
11752 4 2 3 5 1858 1862 1430 1859
11753 4 2 3 5 1862 1858 2203 1859
11754 4 2 3 5 2203 2197 1168 1859
11755 4 2 3 5 1168 2197 1416 1859
11756 4 2 3 5 1858 2197 2203 1859
11757 4 2 3 5 2016 2177 2176 2017
11758 4 2 3 5 1893 1891 1895 2276
11759 4 2 3 5 2292 2268 2290 1628
11760 4 2 3 5 1182 1183 1143 1207
11761 4 2 3 5 2170 1665 2440 1701
11762 4 2 3 5 1523 1506 2576 1909
11763 4 2 3 5 2670 2669 2668 2662
11764 4 2 3 5 1665 1687 2440 1701
11765 4 2 3 5 2577 2575 2576 1510
11766 4 2 3 5 1917 1912 1512 1916
11767 4 2 3 5 2583 359 2307 2275
11768 4 2 3 5 2283 1913 1512 1914
11769 4 2 3 5 1193 2215 1192 1901
11770 4 2 3 5 1524 2283 1512 1914
11771 4 2 3 5 1193 1192 1613 1523
11772 4 2 3 5 1917 1919 1525 1912
11773 4 2 3 5 1201 1902 2452 1198
11774 4 2 3 5 2652 2669 2666 2668
11775 4 2 3 5 1445 2298 1889 2651
11776 4 2 3 5 1822 1824 2636 1923
11777 4 2 3 5 1922 1822 2636 1923
11778 4 2 3 5 1943 1836 1923 1837
11779 4 2 3 5 1836 2250 1923 1837
11780 4 2 3 5 2250 1836 1923 1943
11781 4 2 3 5 1930 1933 1932 1934
11782 4 2 3 5 2263 1133 2264 1823
11783 4 2 3 5 1395 2247 1921 1813
11784 4 2 3 5 1822 1922 2647 1823
11785 4 2 3 5 2247 1133 2260 1813
11786 4 2 3 5 1922 1943 1823 1923
11787 4 2 3 5 2087 1926 1925 1811
11788 4 2 3 5 1939 502 1938 1941
11789 4 2 3 5 2187 1814 2451 2554
11790 4 2 3 5 1946 1945 2451 1940
11791 4 2 3 5 451 462 1940 1938
11792 4 2 3 5 2215 2431 2430 2216
11793 4 2 3 5 2446 2364 1991 1960
11794 4 2 3 5 1669 1985 2323 1969
11795 4 2 3 5 1882 1968 1969 1970
11796 4 2 3 5 1967 1879 2430 1878
11797 4 2 3 5 1443 2431 1850 1969
11798 4 2 3 5 1946 2453 2451 1945
11799 4 2 3 5 1900 1890 2344 1903
11800 4 2 3 5 1857 1967 2430 1878
11801 4 2 3 5 1193 1912 1613 2216
11802 4 2 3 5 1443 1967 2428 2430
11803 4 2 3 5 2431 1443 2430 1969
11804 4 2 3 5 1978 1691 1688 1683
11805 4 2 3 5 1994 1432 1975 1995
11806 4 2 3 5 2444 1950 1961 1683
11807 4 2 3 5 1950 1690 1962 1683
11808 4 2 3 5 770 709 1846 1670
11809 4 2 3 5 1989 1994 1672 1178
11810 4 2 3 5 704 1669 1986 1670
11811 4 2 3 5 1988 1963 1984 1431
11812 4 2 3 5 1976 2164 1978 1975
11813 4 2 3 5 1173 710 1174 1178
11814 4 2 3 5 1175 709 1178 710
11815 4 2 3 5 468 469 490 2000
11816 4 2 3 5 469 2483 490 2000
11817 4 2 3 5 2483 469 468 2000
11818 4 2 3 5 1362 2472 2465 2473
11819 4 2 3 5 2371 2373 1719 2370
11820 4 2 3 5 2005 2009 2008 2465
11821 4 2 3 5 1959 1680 1973 1972
11822 4 2 3 5 2010 1998 1434 2013
11823 4 2 3 5 115 114 2116 2125
11824 4 2 3 5 2665 2670 2668 2662
11825 4 2 3 5 2670 2652 2684 2668
11826 4 2 3 5 2667 2663 2366 2022
11827 4 2 3 5 1625 2667 2366 2022
11828 4 2 3 5 1563 2106 2116 2125
11829 4 2 3 5 2411 2406 2366 2407
11830 4 2 3 5 1217 1216 1580 1218
11831 4 2 3 5 1599 1337 1580 1218
11832 4 2 3 5 1217 1225 1218 1580
11833 4 2 3 5 1336 1337 1218 1580
11834 4 2 3 5 835 824 1156 718
11835 4 2 3 5 2315 1795 1828 1396
11836 4 2 3 5 1795 2044 1828 1396
11837 4 2 3 5 1509 2304 1412 2303
11838 4 2 3 5 2304 1509 2262 2303
11839 4 2 3 5 1531 2080 2055 1463
11840 4 2 3 5 2124 2080 2079 2126
11841 4 2 3 5 1607 2078 1473 1584
11842 4 2 3 5 1454 1561 1486 2046
11843 4 2 3 5 1458 2547 1449 1486
11844 4 2 3 5 1608 1345 1606 2024
11845 4 2 3 5 1583 2123 1604 1551
11846 4 2 3 5 522 2073 2066 380
11847 4 2 3 5 511 522 2066 380
11848 4 2 3 5 2073 2545 2072 1576
11849 4 2 3 5 515 434 431 2079
11850 4 2 3 5 431 428 2081 432
11851 4 2 3 5 2079 2077 2123 2072
11852 4 2 3 5 2080 1463 2081 2055
11853 4 2 3 5 2087 2086 1839 2085
11854 4 2 3 5 464 2252 2253 2458
11855 4 2 3 5 1831 2089 1839 2086
11856 4 2 3 5 357 543 2467 2193
11857 4 2 3 5 438 1924 501 2085
11858 4 2 3 5 422 2103 421 2184
11859 4 2 3 5 2301 2044 1817 1516
11860 4 2 3 5 2610 2212 2211 597
11861 4 2 3 5 2301 2043 2044 1516
11862 4 2 3 5 2102 2172 2311 2173
11863 4 2 3 5 1535 2549 1519 2173
11864 4 2 3 5 1565 1598 1694 1442
11865 4 2 3 5 2672 2676 2675 2679
11866 4 2 3 5 2362 2325 2447 2679
11867 4 2 3 5 1888 1948 2673 2686
11868 4 2 3 5 1445 2295 2651 1876
11869 4 2 3 5 2298 2294 2651 1445
11870 4 2 3 5 1445 2294 2651 2295
11871 4 2 3 5 1598 1711 1600 1442
11872 4 2 3 5 2658 2648 622 2657
11873 4 2 3 5 631 2648 2677 2350
11874 4 2 3 5 2093 2122 2094 2119
11875 4 2 3 5 2167 95 2169 2118
11876 4 2 3 5 114 634 2333 646
11877 4 2 3 5 115 634 2115 2116
11878 4 2 3 5 114 2132 2116 2125
11879 4 2 3 5 2665 2663 2333 2664
11880 4 2 3 5 1633 1624 2668 1876
11881 4 2 3 5 2665 2109 2662 2664
11882 4 2 3 5 1466 1455 1475 2511
11883 4 2 3 5 1318 1467 1227 2511
11884 4 2 3 5 2521 2519 1342 2533
11885 4 2 3 5 1325 1470 2145 1227
11886 4 2 3 5 2608 592 2616 565
11887 4 2 3 5 84 2153 1476 2627
11888 4 2 3 5 1979 2166 2165 1691
11889 4 2 3 5 1979 1433 2165 2166
11890 4 2 3 5 1174 1172 1154 1681
11891 4 2 3 5 1658 1640 1447 1648
11892 4 2 3 5 2016 2177 2130 2176
11893 4 2 3 5 2104 1785 2134 2178
11894 4 2 3 5 2016 2176 2134 2178
11895 4 2 3 5 2104 1829 1128 2134
11896 4 2 3 5 2128 1621 2130 2176
11897 4 2 3 5 1621 2016 2130 2176
11898 4 2 3 5 2652 2670 2669 2668
11899 4 2 3 5 2604 567 573 564
11900 4 2 3 5 2553 2570 2571 1899
11901 4 2 3 5 2214 1877 2554 2040
11902 4 2 3 5 2238 2249 2090 1736
11903 4 2 3 5 1754 1851 2257 1738
11904 4 2 3 5 74 2643 553 2613
11905 4 2 3 5 1742 1756 1867 1725
11906 4 2 3 5 2619 1815 1943 1736
11907 4 2 3 5 1930 2243 2242 1843
11908 4 2 3 5 1756 2200 1387 1867
11909 4 2 3 5 1860 1754 2257 1738
11910 4 2 3 5 1357 881 2569 883
11911 4 2 3 5 2210 2402 1260 2191
11912 4 2 3 5 1746 1252 1747 1756
11913 4 2 3 5 2640 2615 1747 1745
11914 4 2 3 5 1775 70 2420 69
11915 4 2 3 5 904 889 912 1275
11916 4 2 3 5 1730 1575 2401 1573
11917 4 2 3 5 2210 885 2191 2621
11918 4 2 3 5 2437 1307 1291 2219
11919 4 2 3 5 1159 790 2436 791
11920 4 2 3 5 794 2694 793 1310
11921 4 2 3 5 1764 365 1920 523
11922 4 2 3 5 401 402 2259 399
11923 4 2 3 5 539 2234 1743 2235
11924 4 2 3 5 2192 2234 2194 1743
11925 4 2 3 5 2229 441 1920 2235
11926 4 2 3 5 2230 2229 1920 1425
11927 4 2 3 5 2239 1835 2240 1921
11928 4 2 3 5 2247 1921 1934 2240
11929 4 2 3 5 2247 2241 1921 2240
11930 4 2 3 5 2242 1930 1843 1834
11931 4 2 3 5 1847 1926 1834 1932
11932 4 2 3 5 1840 1844 1931 1841
11933 4 2 3 5 1926 1855 1848 1832
11934 4 2 3 5 2643 2619 2618 2600
11935 4 2 3 5 943 944 960 2690
11936 4 2 3 5 1941 75 2088 1942
11937 4 2 3 5 1791 1520 1792 2044
11938 4 2 3 5 2189 1804 2300 1812
11939 4 2 3 5 2301 1508 2300 1817
11940 4 2 3 5 1254 1262 1790 1505
11941 4 2 3 5 1133 1410 2260 1505
11942 4 2 3 5 1789 2263 2262 1792
11943 4 2 3 5 922 2691 2690 943
11944 4 2 3 5 626 2653 2655 608
11945 4 2 3 5 2474 2475 2015 2462
11946 4 2 3 5 2475 2474 2485 2462
11947 4 2 3 5 2604 566 567 564
11948 4 2 3 5 1630 2178 2277 2017
11949 4 2 3 5 2176 2330 2178 2017
11950 4 2 3 5 1893 1511 1909 2100
11951 4 2 3 5 1524 2577 2278 1914
11952 4 2 3 5 2432 2431 2226 2221
11953 4 2 3 5 2294 1445 1898 2295
11954 4 2 3 5 1632 1871 2338 2030
11955 4 2 3 5 1954 1857 2430 1969
11956 4 2 3 5 2328 2435 2298 2226
11957 4 2 3 5 2461 2463 2015 2462
11958 4 2 3 5 1869 2274 2293 2685
11959 4 2 3 5 2463 2474 2015 2462
11960 4 2 3 5 1509 2301 2262 2303
11961 4 2 3 5 1509 1278 2301 2303
11962 4 2 3 5 1397 1522 1792 1793
11963 4 2 3 5 2304 1397 1797 1792
11964 4 2 3 5 1471 1474 1475 1484
11965 4 2 3 5 1472 1340 1474 1482
11966 4 2 3 5 2621 2210 2622 2620
11967 4 2 3 5 2319 1802 2305 1251
11968 4 2 3 5 1258 1496 2318 1500
11969 4 2 3 5 1477 1557 1478 1536
11970 4 2 3 5 1276 887 1497 1262
11971 4 2 3 5 1857 1954 2430 1967
11972 4 2 3 5 497 101 102 2445
11973 4 2 3 5 647 636 2325 2362
11974 4 2 3 5 2326 1961 1887 2363
11975 4 2 3 5 2326 2446 2364 2325
11976 4 2 3 5 621 620 2660 2675
11977 4 2 3 5 2328 2674 1888 1889
11978 4 2 3 5 2411 1871 2336 1870
11979 4 2 3 5 1871 2411 2336 2337
11980 4 2 3 5 2663 642 615 628
11981 4 2 3 5 2272 2292 2293 2346
11982 4 2 3 5 618 2652 2669 619
11983 4 2 3 5 2656 2414 2655 2653
11984 4 2 3 5 369 2579 498 514
11985 4 2 3 5 2353 1687 2440 98
11986 4 2 3 5 2499 1638 2498 1650
11987 4 2 3 5 2002 1660 1659 2008
11988 4 2 3 5 1702 1437 1704 2357
11989 4 2 3 5 2358 1702 1704 2357
11990 4 2 3 5 1718 1717 1434 1440
11991 4 2 3 5 1720 2375 1440 2370
11992 4 2 3 5 1435 2009 2368 1440
11993 4 2 3 5 2368 1718 1440 2370
11994 4 2 3 5 1389 2377 2374 2396
11995 4 2 3 5 2369 1241 1381 1350
11996 4 2 3 5 70 1774 2420 69
11997 4 2 3 5 1729 1127 1770 1723
11998 4 2 3 5 1371 2389 2390 1130
11999 4 2 3 5 1731 1730 1723 2401
12000 4 2 3 5 2568 2404 2401 1265
12001 4 2 3 5 2401 2404 2405 2381
12002 4 2 3 5 2369 2368 2372 1176
12003 4 2 3 5 2391 2389 2390 1371
12004 4 2 3 5 1722 2379 1370 2376
12005 4 2 3 5 1131 2464 2494 1350
12006 4 2 3 5 902 895 908 1249
12007 4 2 3 5 2535 2533 2567 1264
12008 4 2 3 5 1342 2534 1130 2533
12009 4 2 3 5 1259 2210 2151 1826
12010 4 2 3 5 1731 1729 1730 1778
12011 4 2 3 5 1728 1777 1730 1778
12012 4 2 3 5 1777 1574 1730 1778
12013 4 2 3 5 2407 2309 1628 1898
12014 4 2 3 5 2285 2276 2307 2275
12015 4 2 3 5 557 583 70 2211
12016 4 2 3 5 2474 2463 2485 2462
12017 4 2 3 5 104 2222 2427 362
12018 4 2 3 5 2345 2346 2225 2273
12019 4 2 3 5 2654 2672 2653 2673
12020 4 2 3 5 2012 2009 2011 2473
12021 4 2 3 5 1974 2360 2361 2473
12022 4 2 3 5 2360 1974 2472 2473
12023 4 2 3 5 2001 2468 2480 2471
12024 4 2 3 5 550 1983 1997 358
12025 4 2 3 5 2444 2443 100 2348
12026 4 2 3 5 2348 2678 2352 2677
12027 4 2 3 5 1983 2445 2460 2587
12028 4 2 3 5 1948 2674 2651 1889
12029 4 2 3 5 2674 1948 1888 1889
12030 4 2 3 5 1885 1970 1889 2226
12031 4 2 3 5 1680 1972 1976 1973
12032 4 2 3 5 1349 2358 2357 2465
12033 4 2 3 5 2466 1349 2357 2465
12034 4 2 3 5 1131 2060 2494 2061
12035 4 2 3 5 2356 1647 1657 2357
12036 4 2 3 5 1773 1972 1973 1998
12037 4 2 3 5 1548 2135 1519 2476
12038 4 2 3 5 2133 2135 1548 2476
12039 4 2 3 5 1531 1479 2476 1541
12040 4 2 3 5 1546 1548 1541 2476
12041 4 2 3 5 1546 2133 1548 2476
12042 4 2 3 5 1546 1531 2476 1541
12043 4 2 3 5 2133 1531 2476 1546
12044 4 2 3 5 2064 2486 2502 2489
12045 4 2 3 5 482 2546 2140 1540
12046 4 2 3 5 2575 1893 1909 2182
12047 4 2 3 5 1559 1561 1462 2075
12048 4 2 3 5 1561 1454 1453 2046
12049 4 2 3 5 2486 2064 2502 2487
12050 4 2 3 5 1351 1658 1651 1661
12051 4 2 3 5 1241 2499 1335 1238
12052 4 2 3 5 143 1235 1225 1238
12053 4 2 3 5 1228 1223 1163 837
12054 4 2 3 5 1366 1449 1319 2037
12055 4 2 3 5 1457 2532 2038 2531
12056 4 2 3 5 2492 1366 2491 2057
12057 4 2 3 5 2100 2181 1909 2182
12058 4 2 3 5 92 475 91 2491
12059 4 2 3 5 2142 2143 2520 2533
12060 4 2 3 5 1327 2534 1342 2520
12061 4 2 3 5 2519 2389 1342 2520
12062 4 2 3 5 2143 2142 2520 2511
12063 4 2 3 5 1322 2142 2533 1475
12064 4 2 3 5 2144 2146 1475 2145
12065 4 2 3 5 2167 2597 1635 2092
12066 4 2 3 5 2597 2541 2092 1594
12067 4 2 3 5 2543 6 2542 94
12068 4 2 3 5 2541 2597 2092 2538
12069 4 2 3 5 1596 2168 2169 2167
12070 4 2 3 5 2093 95 94 2118
12071 4 2 3 5 2168 479 2167 1635
12072 4 2 3 5 2122 95 2093 2118
12073 4 2 3 5 1568 519 1313 481
12074 4 2 3 5 1893 2100 1909 2182
12075 4 2 3 5 2497 387 384 540
12076 4 2 3 5 387 471 540 2552
12077 4 2 3 5 2552 471 540 481
12078 4 2 3 5 2566 1402 2625 2522
12079 4 2 3 5 2536 1402 2522 2623
12080 4 2 3 5 1893 2276 2574 2582
12081 4 2 3 5 2276 2581 2574 2582
12082 4 2 3 5 2276 1893 2574 1627
12083 4 2 3 5 2573 1627 2578 2574
12084 4 2 3 5 75 2238 2088 1942
12085 4 2 3 5 75 2251 1942 76
12086 4 2 3 5 2249 2251 1942 2090
12087 4 2 3 5 2594 1951 2591 1856
12088 4 2 3 5 461 460 2039 505
12089 4 2 3 5 405 445 2456 404
12090 4 2 3 5 1853 2254 1855 2456
12091 4 2 3 5 1512 1914 1909 2576
12092 4 2 3 5 1951 1952 1856 1845
12093 4 2 3 5 1855 2186 1848 1856
12094 4 2 3 5 2604 566 2605 2603
12095 4 2 3 5 566 2604 2605 565
12096 4 2 3 5 2302 1822 2635 1799
12097 4 2 3 5 1512 1913 1909 1914
12098 4 2 3 5 2599 577 569 576
12099 4 2 3 5 2575 1914 2576 1909
12100 4 2 3 5 2148 1488 1460 1322
12101 4 2 3 5 2153 84 83 2627
12102 4 2 3 5 82 600 2320 2616
12103 4 2 3 5 1488 1485 1495 1484
12104 4 2 3 5 84 2155 2154 2627
12105 4 2 3 5 1494 2153 83 2627
12106 4 2 3 5 1494 1476 2627 1478
12107 4 2 3 5 2628 2155 2627 2154
12108 4 2 3 5 2628 2154 1493 2616
12109 4 2 3 5 559 596 2154 2627
12110 4 2 3 5 596 559 83 2627
12111 4 2 3 5 2630 589 2631 591
12112 4 2 3 5 2154 2628 1493 2627
12113 4 2 3 5 1825 2603 2607 2602
12114 4 2 3 5 71 557 2211 597
12115 4 2 3 5 2575 1893 1914 1909
12116 4 2 3 5 594 2643 553 74
12117 4 2 3 5 1413 2617 2602 2598
12118 4 2 3 5 2664 615 2666 628
12119 4 2 3 5 2671 2649 2684 2668
12120 4 2 3 5 1382 2201 1920 2415
12121 4 2 3 5 1616 2685 2684 2656
12122 4 2 3 5 615 624 2666 628
12123 4 2 3 5 1743 1382 1920 2231
12124 4 2 3 5 2652 2672 618 2660
12125 4 2 3 5 1382 1425 1920 2231
12126 4 2 3 5 620 2658 622 617
12127 4 2 3 5 620 618 2660 617
12128 4 2 3 5 2672 2652 2673 2660
12129 4 2 3 5 2274 2273 2655 2414
12130 4 2 3 5 2292 2291 2273 2271
12131 4 2 3 5 642 634 2333 2108
12132 4 2 3 5 642 2663 2664 2333
12133 4 2 3 5 1684 1682 1706 2693
12134 4 2 3 5 1696 1685 1684 2693
12135 4 2 3 5 1448 1684 1706 2693
12136 4 2 3 5 1696 1448 1706 2693
12137 4 2 3 5 1448 1696 1684 2693
12138 4 2 3 5 1382 2415 1920 1425
12139 4 2 3 5 1844 1186 1965 1931
12140 4 2 3 5 1844 1965 1848 1931
12141 4 2 3 5 2273 2413 608 2655
12142 4 2 3 5 585 2212 586 553
12143 4 2 3 5 75 501 2088 74
12144 4 2 3 5 2238 75 2088 74
12145 4 2 3 5 543 73 72 2193
12146 4 2 3 5 357 501 74 2088
12147 4 2 3 5 73 1724 72 2193
12148 4 2 3 5 2141 84 2140 1480
12149 4 2 3 5 378 545 520 2037
12150 4 2 3 5 2536 86 2141 85
12151 4 2 3 5 2155 2536 2141 85
12152 4 2 3 5 2532 2139 2141 85
12153 4 2 3 5 86 2532 2141 85
12154 4 2 3 5 2532 86 2139 85
12155 4 2 3 5 2351 632 2119 96
12156 4 2 3 5 2122 2351 2119 96
12157 4 2 3 5 2093 2122 2119 96
12158 4 2 3 5 1971 1677 1997 2484
12159 4 2 3 5 1677 2508 1997 2484
12160 4 2 3 5 492 530 1971 2484
12161 4 2 3 5 2683 2274 2655 2414
12162 4 2 3 5 2413 2653 608 2655
12163 4 2 3 5 2413 637 608 2653
12164 4 2 3 5 107 649 2273 608
12165 4 2 3 5 106 107 2273 608
12166 4 2 3 5 671 1228 837 1223
12167 4 2 3 5 1223 1241 1163 837
12168 4 2 3 5 1241 748 837 739
12169 4 2 3 5 748 865 1163 837
12170 4 2 3 5 2671 625 624 619
12171 4 2 3 5 907 130 866 662
12172 4 2 3 5 624 2671 619 2666
12173 4 2 3 5 1279 904 903 1165
12174 4 2 3 5 1504 799 1790 773
12175 4 2 3 5 774 1161 1790 773
12176 4 2 3 5 2671 2652 619 2666
12177 4 2 3 5 1901 1965 1931 1507
12178 4 2 3 5 2676 2447 630 2677
12179 4 2 3 5 605 2406 2649 641
12180 4 2 3 5 110 2406 641 2366
12181 4 2 3 5 110 605 641 2406
12182 4 2 3 5 645 632 652 2119
12183 4 2 3 5 610 645 652 2119
12184 4 2 3 5 163 660 946 162
12185 4 2 3 5 2093 610 652 2119
12186 4 2 3 5 2119 632 652 96
12187 4 2 3 5 2093 2119 652 96
12188 4 2 3 5 2014 524 360 68
12189 4 2 3 5 2382 2400 2398 1441
12190 4 2 3 5 449 2003 2461 2015
12191 4 2 3 5 1902 1965 1931 1901
12192 4 2 3 5 1848 1849 1903 1931
12193 4 2 3 5 1849 1965 1903 1931
12194 4 2 3 5 2497 387 386 384
12195 4 2 3 5 1965 1849 1848 1931
12196 4 2 3 5 1939 1811 2584 1942
12197 4 2 3 5 1811 1939 1941 1942
12198 4 2 3 5 1811 2087 1942 1941
12199 4 2 3 5 2239 2087 1942 1811
12200 4 2 3 5 1941 2087 1942 2088
12201 4 2 3 5 2087 2239 1942 2088
12202 4 2 3 5 2514 2530 2509 2495
12203 4 2 3 5 2523 368 2526 382
12204 4 2 3 5 1313 2529 2596 2526
12205 4 2 3 5 1314 2529 2526 2596
12206 4 2 3 5 1544 724 685 801
12207 4 2 3 5 687 1544 685 1207
12208 4 2 3 5 401 464 433 2458
12209 4 2 3 5 2254 2186 1855 2456
12210 4 2 3 5 1544 687 685 724
12211 4 2 3 5 1807 698 696 1192
12212 4 2 3 5 414 2179 415 413
12213 4 2 3 5 2179 414 415 2448
12214 4 2 3 5 698 766 696 1192
12215 4 2 3 5 1201 1192 1198 696
12216 4 2 3 5 2448 418 446 417
12217 4 2 3 5 766 1201 1198 696
12218 4 2 3 5 1531 427 428 426
12219 4 2 3 5 2054 429 453 428
12220 4 2 3 5 2084 1531 428 2055
12221 4 2 3 5 1201 766 1192 696
12222 4 2 3 5 409 1946 1945 408
12223 4 2 3 5 2450 2089 408 406
12224 4 2 3 5 405 407 406 2450
12225 4 2 3 5 405 403 2253 406
12226 4 2 3 5 2450 405 2253 406
12227 4 2 3 5 403 464 2253 406
12228 4 2 3 5 2323 1954 1984 1953
12229 4 2 3 5 687 1203 718 1514
12230 4 2 3 5 843 687 718 1514
12231 4 2 3 5 1954 2323 1951 1953
12232 4 2 3 5 1963 1988 1984 1953
12233 4 2 3 5 2490 2045 2057 507
12234 4 2 3 5 367 475 507 2057
12235 4 2 3 5 2570 2553 514 1899
12236 4 2 3 5 2179 2570 2187 459
12237 4 2 3 5 2570 2179 435 459
12238 4 2 3 5 2214 1877 2223 2554
12239 4 2 3 5 2570 552 514 435
12240 4 2 3 5 2003 449 531 360
12241 4 2 3 5 1988 1963 1668 1953
12242 4 2 3 5 389 2463 388 386
12243 4 2 3 5 387 2461 388 470
12244 4 2 3 5 2362 2654 2680 2679
12245 4 2 3 5 532 503 1964 509
12246 4 2 3 5 2594 532 1964 509
12247 4 2 3 5 786 1204 726 784
12248 4 2 3 5 2222 104 2427 1964
12249 4 2 3 5 1142 2027 1874 2279
12250 4 2 3 5 382 368 2526 2495
12251 4 2 3 5 2491 2486 91 2495
12252 4 2 3 5 1915 2281 1874 2279
12253 4 2 3 5 1171 1437 740 749
12254 4 2 3 5 1171 720 740 1437
12255 4 2 3 5 1313 2497 540 2552
12256 4 2 3 5 1990 1682 2693 1167
12257 4 2 3 5 710 713 1174 762
12258 4 2 3 5 1175 710 1174 762
12259 4 2 3 5 1190 2694 1185 1167
12260 4 2 3 5 104 2595 2427 1964
12261 4 2 3 5 2459 444 549 2460
12262 4 2 3 5 2593 2595 1964 2591
12263 4 2 3 5 444 516 549 2460
12264 4 2 3 5 2680 2362 2679 1887
12265 4 2 3 5 1960 1996 1975 1683
12266 4 2 3 5 445 2594 404 509
12267 4 2 3 5 1971 492 2484 1997
12268 4 2 3 5 1996 1960 1975 1995
12269 4 2 3 5 552 2579 2570 514
12270 4 2 3 5 1899 2579 369 514
12271 4 2 3 5 2570 2579 1899 514
12272 4 2 3 5 1162 854 795 754
12273 4 2 3 5 854 1162 795 1250
12274 4 2 3 5 1678 1680 1976 1975
12275 4 2 3 5 2310 2102 525 487
12276 4 2 3 5 1687 1978 1683 1975
12277 4 2 3 5 1687 1976 1978 1975
12278 4 2 3 5 2054 429 2084 2083
12279 4 2 3 5 1678 1687 1683 1975
12280 4 2 3 5 1687 1678 1976 1975
12281 4 2 3 5 2547 2153 2140 1540
12282 4 2 3 5 1671 1674 1675 1986
12283 4 2 3 5 1669 1431 1986 1672
12284 4 2 3 5 1669 1671 1986 1431
12285 4 2 3 5 2073 522 547 380
12286 4 2 3 5 2106 115 2105 116
12287 4 2 3 5 2073 522 2507 547
12288 4 2 3 5 1815 1921 2249 1942
12289 4 2 3 5 77 2584 2646 76
12290 4 2 3 5 2619 2643 2612 2600
12291 4 2 3 5 1431 1674 1986 1672
12292 4 2 3 5 1671 1674 1986 1431
12293 4 2 3 5 568 566 2603 569
12294 4 2 3 5 1353 2632 2642 2635
12295 4 2 3 5 574 2605 569 2633
12296 4 2 3 5 358 550 492 1997
12297 4 2 3 5 550 2508 492 1997
12298 4 2 3 5 493 2234 494 2467
12299 4 2 3 5 570 2637 571 2607
12300 4 2 3 5 2097 71 597 72
12301 4 2 3 5 585 577 571 2638
12302 4 2 3 5 539 493 2234 494
12303 4 2 3 5 1493 2616 2320 2631
12304 4 2 3 5 591 81 2320 80
12305 4 2 3 5 2172 488 525 487
12306 4 2 3 5 480 360 67 2156
12307 4 2 3 5 856 779 1469 828
12308 4 2 3 5 381 2512 528 377
12309 4 2 3 5 2561 1379 1569 2158
12310 4 2 3 5 779 1325 1469 828
12311 4 2 3 5 2586 550 1983 1997
12312 4 2 3 5 1634 483 1635 474
12313 4 2 3 5 2586 2508 550 1997
12314 4 2 3 5 2474 390 388 391
12315 4 2 3 5 2459 549 509 2342
12316 4 2 3 5 2357 2358 1657 2008
12317 4 2 3 5 616 2662 615 2664
12318 4 2 3 5 2358 2357 2465 2008
12319 4 2 3 5 2358 2355 1657 2008
12320 4 2 3 5 613 614 2664 615
12321 4 2 3 5 2355 2358 2465 2008
12322 4 2 3 5 627 2652 618 619
12323 4 2 3 5 616 618 2669 619
12324 4 2 3 5 2362 2326 2679 1887
12325 4 2 3 5 444 2459 549 509
12326 4 2 3 5 903 904 850 1165
12327 4 2 3 5 478 1619 515 364
12328 4 2 3 5 2332 2131 2132 113
12329 4 2 3 5 114 2332 113 646
12330 4 2 3 5 1305 785 822 857
12331 4 2 3 5 160 953 822 919
12332 4 2 3 5 1180 788 1283 861
12333 4 2 3 5 126 904 850 903
12334 4 2 3 5 1283 953 657 1296
12335 4 2 3 5 788 1283 657 1296
12336 4 2 3 5 833 903 850 1165
12337 4 2 3 5 833 126 850 903
12338 4 2 3 5 160 161 919 822
12339 4 2 3 5 953 160 822 657
12340 4 2 3 5 161 959 919 822
12341 4 2 3 5 2214 2213 2019 2039
12342 4 2 3 5 2214 2222 2019 2213
12343 4 2 3 5 790 1159 848 668
12344 4 2 3 5 2040 2214 1856 2019
12345 4 2 3 5 2214 2222 1856 2019
12346 4 2 3 5 2295 2341 2030 1876
12347 4 2 3 5 2032 2341 2030 2295
12348 4 2 3 5 1305 1283 657 861
12349 4 2 3 5 678 680 1219 679
12350 4 2 3 5 1283 788 657 861
12351 4 2 3 5 1871 2018 2340 2030
12352 4 2 3 5 1871 1632 2018 2030
12353 4 2 3 5 2018 2023 2340 2030
12354 4 2 3 5 1632 2023 2018 2030
12355 4 2 3 5 2186 2450 2041 2449
12356 4 2 3 5 1203 1805 1806 771
12357 4 2 3 5 697 1191 1194 769
12358 4 2 3 5 1278 799 824 800
12359 4 2 3 5 852 900 132 826
12360 4 2 3 5 2186 2453 2041 2450
12361 4 2 3 5 1517 843 835 718
12362 4 2 3 5 693 1818 1806 771
12363 4 2 3 5 2040 2186 2041 2019
12364 4 2 3 5 659 745 850 1165
12365 4 2 3 5 2186 2040 2041 2185
12366 4 2 3 5 128 127 875 659
12367 4 2 3 5 666 119 811 872
12368 4 2 3 5 1362 2360 2361 1704
12369 4 2 3 5 1208 761 712 1179
12370 4 2 3 5 711 761 1179 712
12371 4 2 3 5 1173 711 1179 712
12372 4 2 3 5 119 911 811 872
12373 4 2 3 5 2210 1357 883 2622
12374 4 2 3 5 1246 745 1501 767
12375 4 2 3 5 1506 1805 1198 1523
12376 4 2 3 5 1201 1902 1198 1192
12377 4 2 3 5 1357 2210 883 2569
12378 4 2 3 5 723 766 1198 696
12379 4 2 3 5 1588 2078 1584 2052
12380 4 2 3 5 742 1846 727 1436
12381 4 2 3 5 709 770 1859 727
12382 4 2 3 5 1846 1859 727 1436
12383 4 2 3 5 876 1389 899 894
12384 4 2 3 5 1389 876 897 894
12385 4 2 3 5 2078 1588 1547 2052
12386 4 2 3 5 711 709 1859 727
12387 4 2 3 5 1463 1547 2052 1486
12388 4 2 3 5 1272 873 905 890
12389 4 2 3 5 1411 1133 1505 1262
12390 4 2 3 5 768 1502 767 1501
12391 4 2 3 5 1928 1930 1929 1927
12392 4 2 3 5 768 1502 723 767
12393 4 2 3 5 1276 1272 905 890
12394 4 2 3 5 913 1272 873 905
12395 4 2 3 5 1272 913 1276 905
12396 4 2 3 5 165 665 916 924
12397 4 2 3 5 775 717 1210 751
12398 4 2 3 5 1561 1463 2052 1486
12399 4 2 3 5 1547 1483 2052 1486
12400 4 2 3 5 1162 1298 1242 1284
12401 4 2 3 5 1162 1652 1242 1298
12402 4 2 3 5 1243 1641 1242 1600
12403 4 2 3 5 492 2508 2484 1997
12404 4 2 3 5 1737 1763 1760 1738
12405 4 2 3 5 1246 768 1501 1161
12406 4 2 3 5 1483 2053 2052 1486
12407 4 2 3 5 1483 1547 2052 2548
12408 4 2 3 5 2053 1483 2052 2548
12409 4 2 3 5 1213 653 1225 780
12410 4 2 3 5 1579 1213 1231 1552
12411 4 2 3 5 2674 1948 2063 1690
12412 4 2 3 5 2110 1948 1692 2063
12413 4 2 3 5 1948 2110 2651 2063
12414 4 2 3 5 1230 1170 1326 1231
12415 4 2 3 5 1212 808 1231 1170
12416 4 2 3 5 1180 733 1195 789
12417 4 2 3 5 733 1180 788 789
12418 4 2 3 5 2020 2110 1692 2063
12419 4 2 3 5 2692 2694 1299 1993
12420 4 2 3 5 2044 2315 1156 1396
12421 4 2 3 5 1517 835 1156 718
12422 4 2 3 5 2110 2020 2651 2063
12423 4 2 3 5 2106 2540 2107 2114
12424 4 2 3 5 938 1281 1299 960
12425 4 2 3 5 2694 2692 1299 794
12426 4 2 3 5 911 119 811 120
12427 4 2 3 5 2375 2391 2392 2396
12428 4 2 3 5 1770 1723 1769 2376
12429 4 2 3 5 1781 2377 1723 2376
12430 4 2 3 5 2540 2681 2107 2114
12431 4 2 3 5 1177 1172 714 716
12432 4 2 3 5 935 1309 949 950
12433 4 2 3 5 1309 935 949 917
12434 4 2 3 5 1309 950 1159 949
12435 4 2 3 5 1180 1283 1305 861
12436 4 2 3 5 786 1305 785 822
12437 4 2 3 5 656 1309 1159 949
12438 4 2 3 5 950 818 1159 949
12439 4 2 3 5 818 656 1159 949
12440 4 2 3 5 2117 2115 2116 2107
12441 4 2 3 5 935 1309 960 917
12442 4 2 3 5 935 1281 960 1309
12443 4 2 3 5 783 660 1144 844
12444 4 2 3 5 1202 689 691 729
12445 4 2 3 5 2115 2106 2116 2107
12446 4 2 3 5 691 1204 729 784
12447 4 2 3 5 1365 1692 2063 2096
12448 4 2 3 5 2027 1142 1209 2279
12449 4 2 3 5 2281 1204 1220 2279
12450 4 2 3 5 1172 1210 1438 1167
12451 4 2 3 5 1692 1618 1617 2096
12452 4 2 3 5 2692 1707 1166 1185
12453 4 2 3 5 1300 658 855 758
12454 4 2 3 5 834 757 758 1166
12455 4 2 3 5 888 1261 1409 2622
12456 4 2 3 5 1682 1990 1681 1167
12457 4 2 3 5 1166 834 1300 758
12458 4 2 3 5 834 658 1300 758
12459 4 2 3 5 2261 1133 2260 1505
12460 4 2 3 5 1272 662 866 774
12461 4 2 3 5 1272 907 866 662
12462 4 2 3 5 1272 907 1254 866
12463 4 2 3 5 1254 907 1245 866
12464 4 2 3 5 799 1278 824 1790
12465 4 2 3 5 907 816 1245 866
12466 4 2 3 5 878 1499 655 877
12467 4 2 3 5 2244 1868 1134 1407
12468 4 2 3 5 1417 2244 1134 1407
12469 4 2 3 5 2200 1868 1134 2244
12470 4 2 3 5 1417 2200 1134 2244
12471 4 2 3 5 891 1245 912 1269
12472 4 2 3 5 891 1254 888 890
12473 4 2 3 5 1272 1276 1262 890
12474 4 2 3 5 1258 2314 1497 1251
12475 4 2 3 5 1279 746 1417 1165
12476 4 2 3 5 1372 2396 1266 1255
12477 4 2 3 5 666 851 1253 1255
12478 4 2 3 5 1868 1746 1756 1134
12479 4 2 3 5 2395 2397 2394 1266
12480 4 2 3 5 1270 896 828 910
12481 4 2 3 5 1248 910 1271 828
12482 4 2 3 5 137 896 828 667
12483 4 2 3 5 1271 1270 1469 828
12484 4 2 3 5 1746 1252 1756 1134
12485 4 2 3 5 2219 2437 1145 2436
12486 4 2 3 5 1301 937 958 934
12487 4 2 3 5 930 931 934 1291
12488 4 2 3 5 1296 1159 958 921
12489 4 2 3 5 1301 1307 958 1159
12490 4 2 3 5 1283 1292 936 934
12491 4 2 3 5 2691 1298 1295 932
12492 4 2 3 5 1290 2437 1291 1982
12493 4 2 3 5 1140 2691 1295 1293
12494 4 2 3 5 2113 2036 1288 1287
12495 4 2 3 5 1290 932 1293 1295
12496 4 2 3 5 932 943 938 1293
12497 4 2 3 5 931 932 938 1293
12498 4 2 3 5 1307 2219 1145 2436
12499 4 2 3 5 1281 931 938 1293
12500 4 2 3 5 931 1281 938 935
12501 4 2 3 5 1307 2437 1145 2219
12502 4 2 3 5 794 860 820 1310
12503 4 2 3 5 1993 2694 1299 1310
12504 4 2 3 5 961 1300 820 1299
12505 4 2 3 5 2437 1290 1291 1145
12506 4 2 3 5 2278 1206 2178 1514
12507 4 2 3 5 687 1206 688 1514
12508 4 2 3 5 2278 1206 2410 2178
12509 4 2 3 5 1290 1281 1291 1145
12510 4 2 3 5 2548 2056 1321 2550
12511 4 2 3 5 802 1229 2129 1321
12512 4 2 3 5 1229 2128 1473 2129
12513 4 2 3 5 2296 2113 1567 2288
12514 4 2 3 5 2227 2228 2288 1918
12515 4 2 3 5 2281 1144 2288 2689
12516 4 2 3 5 1981 2296 2288 2227
12517 4 2 3 5 2689 1144 2288 1308
12518 4 2 3 5 1135 2281 2028 2288
12519 4 2 3 5 1981 2296 1567 2288
12520 4 2 3 5 756 1166 1185 758
12521 4 2 3 5 1166 1707 1210 1150
12522 4 2 3 5 1190 1175 1167 762
12523 4 2 3 5 1166 1210 756 1185
12524 4 2 3 5 1150 1210 1185 1167
12525 4 2 3 5 1707 1706 1150 2693
12526 4 2 3 5 1707 1210 1150 1706
12527 4 2 3 5 1437 1658 1705 1648
12528 4 2 3 5 1977 1680 1703 1973
12529 4 2 3 5 2442 1658 1710 1705
12530 4 2 3 5 710 1173 1174 712
12531 4 2 3 5 713 710 1174 712
12532 4 2 3 5 1150 2693 1167 1185
12533 4 2 3 5 1433 1674 1681 1675
12534 4 2 3 5 1281 1290 2437 1145
12535 4 2 3 5 2281 1232 2028 1220
12536 4 2 3 5 1515 1206 1143 2410
12537 4 2 3 5 2339 2025 1143 1527
12538 4 2 3 5 2281 1142 1220 2028
12539 4 2 3 5 1532 1183 1209 1545
12540 4 2 3 5 1192 1902 1523 1901
12541 4 2 3 5 1917 2283 1525 2284
12542 4 2 3 5 1807 1806 1194 1808
12543 4 2 3 5 1193 1912 1523 1613
12544 4 2 3 5 1614 1919 2221 1912
12545 4 2 3 5 695 1807 1806 694
12546 4 2 3 5 1906 693 694 692
12547 4 2 3 5 1193 1192 1523 1901
12548 4 2 3 5 1512 1912 1523 1905
12549 4 2 3 5 686 1818 1205 688
12550 4 2 3 5 689 686 1205 688
12551 4 2 3 5 688 689 690 1205
12552 4 2 3 5 1818 688 690 1205
12553 4 2 3 5 691 689 1205 690
12554 4 2 3 5 1202 689 1205 691
12555 4 2 3 5 1360 1565 1694 1442
12556 4 2 3 5 653 1217 142 675
12557 4 2 3 5 1217 143 653 142
12558 4 2 3 5 1380 2494 1381 2560
12559 4 2 3 5 1318 2048 2558 1222
12560 4 2 3 5 1470 1226 1467 1227
12561 4 2 3 5 1228 2559 2558 2390
12562 4 2 3 5 2143 2520 1227 2558
12563 4 2 3 5 2519 1570 2560 2520
12564 4 2 3 5 2389 2390 2520 2560
12565 4 2 3 5 1579 1221 1225 2068
12566 4 2 3 5 2494 2525 2498 1317
12567 4 2 3 5 1586 2071 2070 1587
12568 4 2 3 5 1331 1579 1225 2068
12569 4 2 3 5 2071 1331 2070 1587
12570 4 2 3 5 2069 1638 1595 2500
12571 4 2 3 5 1636 2597 2500 1595
12572 4 2 3 5 1452 1329 1582 2048
12573 4 2 3 5 1317 2498 1330 2059
12574 4 2 3 5 2069 2498 2059 1330
12575 4 2 3 5 744 1235 1639 1171
12576 4 2 3 5 1248 902 146 1249
12577 4 2 3 5 1805 730 1203 1156
12578 4 2 3 5 1327 1228 1273 2534
12579 4 2 3 5 666 865 1253 1163
12580 4 2 3 5 1726 2424 1741 1745
12581 4 2 3 5 1492 1357 2569 2151
12582 4 2 3 5 2521 1575 1573 2567
12583 4 2 3 5 1730 1574 2403 1778
12584 4 2 3 5 885 2210 2191 2402
12585 4 2 3 5 1728 2640 1747 1745
12586 4 2 3 5 1257 2146 1271 1256
12587 4 2 3 5 1248 864 910 828
12588 4 2 3 5 667 1270 828 856
12589 4 2 3 5 1805 1504 730 1156
12590 4 2 3 5 1203 1805 1156 1510
12591 4 2 3 5 2036 1282 2288 2688
12592 4 2 3 5 1282 933 927 925
12593 4 2 3 5 929 1290 1289 1288
12594 4 2 3 5 2034 1136 1286 1287
12595 4 2 3 5 942 796 916 166
12596 4 2 3 5 926 925 1286 927
12597 4 2 3 5 931 1290 932 1293
12598 4 2 3 5 1290 931 1281 1293
12599 4 2 3 5 1136 2113 1288 1287
12600 4 2 3 5 1598 1601 1694 1600
12601 4 2 3 5 1685 2692 1140 1293
12602 4 2 3 5 1987 1990 1675 1993
12603 4 2 3 5 2036 1139 1288 2688
12604 4 2 3 5 1884 1886 1982 1695
12605 4 2 3 5 844 814 1304 736
12606 4 2 3 5 665 796 916 1286
12607 4 2 3 5 933 946 923 1302
12608 4 2 3 5 933 2689 1304 1282
12609 4 2 3 5 2689 933 1304 1302
12610 4 2 3 5 163 946 1302 923
12611 4 2 3 5 1805 1504 1156 1510
12612 4 2 3 5 924 814 1304 923
12613 4 2 3 5 1451 1452 2493 2528
12614 4 2 3 5 2514 1367 1311 2596
12615 4 2 3 5 1583 2076 2052 1584
12616 4 2 3 5 2076 1603 1552 1584
12617 4 2 3 5 1345 1607 2024 1473
12618 4 2 3 5 801 807 1229 802
12619 4 2 3 5 801 802 1229 2129
12620 4 2 3 5 1544 1236 2550 1128
12621 4 2 3 5 1337 1336 1655 1580
12622 4 2 3 5 1581 1599 1580 1216
12623 4 2 3 5 2483 1698 1686 1348
12624 4 2 3 5 1686 2353 2000 2354
12625 4 2 3 5 2483 1686 2482 1348
12626 4 2 3 5 2283 1917 1916 2286
12627 4 2 3 5 2111 2032 2295 1360
12628 4 2 3 5 1446 2674 2651 2063
12629 4 2 3 5 2022 2663 2682 1624
12630 4 2 3 5 2650 2685 1625 1628
12631 4 2 3 5 1610 1590 1626 1609
12632 4 2 3 5 1441 2400 1370 1721
12633 4 2 3 5 601 2606 2385 2609
12634 4 2 3 5 1720 1717 1767 1719
12635 4 2 3 5 2382 2400 1441 1721
12636 4 2 3 5 2421 2399 2383 1767
12637 4 2 3 5 2400 1722 1370 1721
12638 4 2 3 5 1717 1715 1767 1765
12639 4 2 3 5 1441 2378 1721 2399
12640 4 2 3 5 1380 2494 1379 1381
12641 4 2 3 5 1241 2369 1240 1350
12642 4 2 3 5 1131 1241 1350 1381
12643 4 2 3 5 1379 1312 1390 1381
12644 4 2 3 5 2494 1312 1379 1381
12645 4 2 3 5 1831 1832 1834 1760
12646 4 2 3 5 1733 1732 1834 1760
12647 4 2 3 5 1761 1733 1865 1392
12648 4 2 3 5 1844 1840 1832 1845
12649 4 2 3 5 2312 2152 1556 1354
12650 4 2 3 5 1403 2314 2316 1797
12651 4 2 3 5 2152 2313 1556 1536
12652 4 2 3 5 1125 2315 1412 1403
12653 4 2 3 5 2315 1125 2312 1403
12654 4 2 3 5 2415 1774 2383 1414
12655 4 2 3 5 1774 2014 1787 2383
12656 4 2 3 5 1715 1768 1434 2383
12657 4 2 3 5 2367 1424 2003 2004
12658 4 2 3 5 2384 2385 2420 69
12659 4 2 3 5 1434 2479 2004 2478
12660 4 2 3 5 2003 1424 1787 2004
12661 4 2 3 5 1764 523 1920 1774
12662 4 2 3 5 365 467 1920 523
12663 4 2 3 5 2192 539 1920 365
12664 4 2 3 5 539 467 441 1920
12665 4 2 3 5 2201 2192 2194 1743
12666 4 2 3 5 1866 1851 2196 1749
12667 4 2 3 5 1740 1866 2198 1749
12668 4 2 3 5 1417 764 1280 1436
12669 4 2 3 5 1415 764 1417 1436
12670 4 2 3 5 1415 764 1436 763
12671 4 2 3 5 764 742 1436 763
12672 4 2 3 5 717 750 749 1648
12673 4 2 3 5 1691 1428 2165 1710
12674 4 2 3 5 1711 1709 1447 1710
12675 4 2 3 5 1702 1656 1701 1705
12676 4 2 3 5 1656 1437 1705 1702
12677 4 2 3 5 2164 2442 1710 1705
12678 4 2 3 5 781 713 1167 1210
12679 4 2 3 5 1320 1483 1486 2053
12680 4 2 3 5 1320 1454 1471 2053
12681 4 2 3 5 2511 1467 1453 1451
12682 4 2 3 5 1450 1449 2546 2083
12683 4 2 3 5 84 374 85 2140
12684 4 2 3 5 1450 2139 2140 1449
12685 4 2 3 5 2546 374 2140 520
12686 4 2 3 5 2153 482 2140 1540
12687 4 2 3 5 2139 1450 2140 520
12688 4 2 3 5 1340 1472 1469 1377
12689 4 2 3 5 1340 1325 1469 1472
12690 4 2 3 5 2146 1325 1469 1340
12691 4 2 3 5 1270 2146 1469 1256
12692 4 2 3 5 1450 1449 2140 2546
12693 4 2 3 5 2155 84 2141 1480
12694 4 2 3 5 1476 84 2627 1480
12695 4 2 3 5 84 2155 2627 1480
12696 4 2 3 5 2626 2625 1491 1339
12697 4 2 3 5 2626 1574 2151 2403
12698 4 2 3 5 1496 1355 1558 1538
12699 4 2 3 5 2185 2453 1854 2451
12700 4 2 3 5 723 1502 1501 767
12701 4 2 3 5 1201 723 1501 767
12702 4 2 3 5 1805 1504 1503 1198
12703 4 2 3 5 2242 2244 1834 1865
12704 4 2 3 5 2243 1928 1501 1189
12705 4 2 3 5 1842 1840 1392 1865
12706 4 2 3 5 1927 1930 1834 1843
12707 4 2 3 5 1732 1833 1834 1760
12708 4 2 3 5 2491 92 2495 91
12709 4 2 3 5 92 381 2495 91
12710 4 2 3 5 2285 1896 2282 1916
12711 4 2 3 5 2496 92 2495 2491
12712 4 2 3 5 2512 92 2495 2496
12713 4 2 3 5 2496 2509 2491 2495
12714 4 2 3 5 1880 2218 1615 1146
12715 4 2 3 5 1913 1893 1895 2276
12716 4 2 3 5 2283 2280 1819 2284
12717 4 2 3 5 1292 2228 2288 1291
12718 4 2 3 5 1530 1875 2035 2028
12719 4 2 3 5 1446 1566 1694 1442
12720 4 2 3 5 1530 1566 2295 1141
12721 4 2 3 5 1599 1581 2112 1644
12722 4 2 3 5 1875 1981 1141 2035
12723 4 2 3 5 2034 2036 1286 2028
12724 4 2 3 5 1360 1565 1442 2096
12725 4 2 3 5 2031 1623 2334 2030
12726 4 2 3 5 2335 484 2329 112
12727 4 2 3 5 772 684 721 1209
12728 4 2 3 5 1182 689 1205 2279
12729 4 2 3 5 1345 1607 1584 1606
12730 4 2 3 5 2031 1533 1609 2024
12731 4 2 3 5 682 801 681 1473
12732 4 2 3 5 1219 1553 1545 1473
12733 4 2 3 5 1526 1532 2024 1473
12734 4 2 3 5 2130 1526 2024 1473
12735 4 2 3 5 1623 1632 2334 2030
12736 4 2 3 5 1345 1533 2024 1609
12737 4 2 3 5 1555 1519 2152 1556
12738 4 2 3 5 1519 1555 1541 1556
12739 4 2 3 5 1522 2317 1494 1536
12740 4 2 3 5 1598 1599 2112 1644
12741 4 2 3 5 1711 1448 1442 1693
12742 4 2 3 5 1915 1873 2287 1874
12743 4 2 3 5 1289 2296 2288 1139
12744 4 2 3 5 2694 2692 2693 1993
12745 4 2 3 5 1685 1140 1982 1293
12746 4 2 3 5 2068 2069 1582 2059
12747 4 2 3 5 1608 1345 1604 1589
12748 4 2 3 5 1592 1577 1582 1456
12749 4 2 3 5 2527 2530 2487 2528
12750 4 2 3 5 2048 2047 1451 1560
12751 4 2 3 5 1329 1579 1582 2068
12752 4 2 3 5 2511 1318 1451 2558
12753 4 2 3 5 1608 1345 2024 1609
12754 4 2 3 5 1563 1590 1604 1589
12755 4 2 3 5 1590 1563 1604 1587
12756 4 2 3 5 2131 1605 2132 2125
12757 4 2 3 5 1619 115 1576 2125
12758 4 2 3 5 2131 2124 1605 2125
12759 4 2 3 5 1563 1576 2125 2123
12760 4 2 3 5 1692 2020 2063 2096
12761 4 2 3 5 1696 1707 1242 1712
12762 4 2 3 5 1707 1166 1242 1712
12763 4 2 3 5 2681 2109 1611 2117
12764 4 2 3 5 2109 2681 1611 1612
12765 4 2 3 5 2341 1872 2340 2030
12766 4 2 3 5 1532 1183 1545 1473
12767 4 2 3 5 2130 2177 1622 2024
12768 4 2 3 5 2029 2023 2024 2030
12769 4 2 3 5 1622 1631 2329 2024
12770 4 2 3 5 2337 2336 2338 2331
12771 4 2 3 5 1808 2283 1819 1525
12772 4 2 3 5 1917 2283 2284 2286
12773 4 2 3 5 1948 2110 2686 1889
12774 4 2 3 5 1641 1237 1644 1243
12775 4 2 3 5 1237 1641 1644 1599
12776 4 2 3 5 1136 1294 2112 1137
12777 4 2 3 5 2036 1136 2113 2112
12778 4 2 3 5 1654 1662 1653 1655
12779 4 2 3 5 1654 1597 1662 1655
12780 4 2 3 5 1611 1591 2107 2074
12781 4 2 3 5 2681 2117 1611 2107
12782 4 2 3 5 1565 1598 1442 2096
12783 4 2 3 5 1346 1359 1617 2096
12784 4 2 3 5 1598 1599 1600 1352
12785 4 2 3 5 1641 1599 1337 1352
12786 4 2 3 5 2095 1597 1666 1664
12787 4 2 3 5 1597 2095 1666 1662
12788 4 2 3 5 1618 2095 1666 1664
12789 4 2 3 5 2095 1618 1666 1662
12790 4 2 3 5 1664 2543 2094 2121
12791 4 2 3 5 1596 1594 2092 2118
12792 4 2 3 5 2439 1663 1666 2094
12793 4 2 3 5 1618 2120 1664 2094
12794 4 2 3 5 358 491 100 1997
12795 4 2 3 5 2468 2001 2484 2471
12796 4 2 3 5 1678 2347 1677 2443
12797 4 2 3 5 530 2353 1971 2484
12798 4 2 3 5 2347 99 371 1971
12799 4 2 3 5 2161 2353 1686 2354
12800 4 2 3 5 2347 1687 1678 2354
12801 4 2 3 5 2349 2441 1688 1978
12802 4 2 3 5 2349 2347 2348 99
12803 4 2 3 5 2441 1691 1688 1978
12804 4 2 3 5 2674 1948 1690 1401
12805 4 2 3 5 2447 2678 2677 2679
12806 4 2 3 5 1687 1665 2438 1364
12807 4 2 3 5 2674 1401 1690 1980
12808 4 2 3 5 363 97 2161 1699
12809 4 2 3 5 97 363 2170 1699
12810 4 2 3 5 535 363 2161 1699
12811 4 2 3 5 535 2161 2483 1699
12812 4 2 3 5 2377 2397 2376 2396
12813 4 2 3 5 1755 2424 1741 1374
12814 4 2 3 5 2199 1752 2206 1756
12815 4 2 3 5 2384 2378 2385 68
12816 4 2 3 5 1722 2400 2385 1721
12817 4 2 3 5 2384 2399 2383 2420
12818 4 2 3 5 2254 1831 1760 1832
12819 4 2 3 5 495 357 543 2467
12820 4 2 3 5 2089 1937 2085 2086
12821 4 2 3 5 493 2194 2467 2193
12822 4 2 3 5 501 1941 2088 2085
12823 4 2 3 5 2087 2086 2085 1925
12824 4 2 3 5 2087 1833 1839 2086
12825 4 2 3 5 1924 1941 2085 1925
12826 4 2 3 5 1385 1740 1714 1738
12827 4 2 3 5 2203 2197 2202 2204
12828 4 2 3 5 2455 2454 1758 2587
12829 4 2 3 5 1955 1430 2258 2257
12830 4 2 3 5 1750 1752 1418 1749
12831 4 2 3 5 2197 1858 2202 1749
12832 4 2 3 5 1746 1745 1725 1756
12833 4 2 3 5 1762 1851 1734 1385
12834 4 2 3 5 1851 1762 1738 1385
12835 4 2 3 5 1741 1742 1752 1714
12836 4 2 3 5 1734 1732 1760 1714
12837 4 2 3 5 2199 2200 1387 1756
12838 4 2 3 5 1148 1388 2418 1780
12839 4 2 3 5 1766 1750 1765 1767
12840 4 2 3 5 1755 2424 1374 1769
12841 4 2 3 5 1748 1386 2416 1765
12842 4 2 3 5 1719 1766 2374 2418
12843 4 2 3 5 1388 1153 2418 2204
12844 4 2 3 5 1768 1753 1771 1863
12845 4 2 3 5 589 2630 2631 2633
12846 4 2 3 5 2630 2632 2634 2635
12847 4 2 3 5 2302 2632 1799 2635
12848 4 2 3 5 2641 558 2266 2600
12849 4 2 3 5 2632 1353 2642 1799
12850 4 2 3 5 2619 2618 1821 2266
12851 4 2 3 5 2599 576 2633 2600
12852 4 2 3 5 1353 1776 2633 2642
12853 4 2 3 5 1773 1998 1434 2478
12854 4 2 3 5 2003 449 1787 2015
12855 4 2 3 5 524 2014 1787 1774
12856 4 2 3 5 1788 524 1787 1774
12857 4 2 3 5 1768 1425 2231 2478
12858 4 2 3 5 1426 1773 2231 2478
12859 4 2 3 5 2044 2315 2316 2303
12860 4 2 3 5 2313 2314 1536 2316
12861 4 2 3 5 1522 1798 1397 1797
12862 4 2 3 5 1796 1522 1397 1797
12863 4 2 3 5 1126 1539 2318 1538
12864 4 2 3 5 1557 1355 1478 1536
12865 4 2 3 5 1537 1539 1126 1538
12866 4 2 3 5 1496 2629 1538 1495
12867 4 2 3 5 2218 1880 2217 1907
12868 4 2 3 5 1199 2217 1613 1907
12869 4 2 3 5 1194 1199 1613 1907
12870 4 2 3 5 1785 2104 1828 2101
12871 4 2 3 5 2315 1829 2312 1830
12872 4 2 3 5 1236 1517 1830 1514
12873 4 2 3 5 1236 2477 1128 1830
12874 4 2 3 5 1827 2099 1516 2585
12875 4 2 3 5 1236 1164 1321 2550
12876 4 2 3 5 2016 1620 1631 2017
12877 4 2 3 5 2152 2312 1795 1828
12878 4 2 3 5 2152 1555 2312 1828
12879 4 2 3 5 2577 1203 1156 1510
12880 4 2 3 5 397 398 2259 399
12881 4 2 3 5 495 357 2467 496
12882 4 2 3 5 1763 2252 2458 2253
12883 4 2 3 5 1840 1844 2255 1845
12884 4 2 3 5 2089 2254 1831 1839
12885 4 2 3 5 1724 2088 1839 2193
12886 4 2 3 5 495 493 2467 543
12887 4 2 3 5 2594 2459 2456 404
12888 4 2 3 5 1443 2323 2430 1969
12889 4 2 3 5 2324 1992 1969 1991
12890 4 2 3 5 1952 1966 2323 2428
12891 4 2 3 5 1966 1443 2323 2428
12892 4 2 3 5 1669 1188 1850 1443
12893 4 2 3 5 1188 1669 1850 1671
12894 4 2 3 5 1987 1671 1196 1850
12895 4 2 3 5 1912 1614 1613 2221
12896 4 2 3 5 1851 1858 2196 1749
12897 4 2 3 5 1752 2198 1418 1749
12898 4 2 3 5 2197 2196 1416 1749
12899 4 2 3 5 1739 1748 1861 1749
12900 4 2 3 5 1740 1739 1754 1749
12901 4 2 3 5 1917 2287 2286 2284
12902 4 2 3 5 1528 2341 2286 1872
12903 4 2 3 5 1625 2685 1876 1898
12904 4 2 3 5 2029 2025 1527 1532
12905 4 2 3 5 2665 2663 2668 2022
12906 4 2 3 5 2287 1528 2286 2284
12907 4 2 3 5 1614 1919 1885 2221
12908 4 2 3 5 1197 1883 1615 2436
12909 4 2 3 5 1987 2694 1993 1310
12910 4 2 3 5 792 860 793 1310
12911 4 2 3 5 2294 2298 2226 1898
12912 4 2 3 5 1566 1530 1615 1918
12913 4 2 3 5 1671 1674 1850 1883
12914 4 2 3 5 1674 1671 1675 1883
12915 4 2 3 5 2496 2512 2509 2495
12916 4 2 3 5 2507 2065 1464 2506
12917 4 2 3 5 1892 1911 1909 1905
12918 4 2 3 5 1511 1910 1892 1909
12919 4 2 3 5 2066 2067 1464 2506
12920 4 2 3 5 2065 2066 1464 2506
12921 4 2 3 5 1900 1901 1507 1903
12922 4 2 3 5 2215 1965 1903 2428
12923 4 2 3 5 1929 2452 1931 1803
12924 4 2 3 5 1847 1927 1931 1803
12925 4 2 3 5 1188 1966 2429 2428
12926 4 2 3 5 1952 1849 1965 2428
12927 4 2 3 5 2411 110 2412 2307
12928 4 2 3 5 1805 2577 1806 2576
12929 4 2 3 5 1806 1805 2576 1523
12930 4 2 3 5 2064 2501 2502 2506
12931 4 2 3 5 1523 1512 1905 1909
12932 4 2 3 5 1512 1524 1914 2576
12933 4 2 3 5 2577 1524 2576 1914
12934 4 2 3 5 2181 2576 1909 2182
12935 4 2 3 5 2088 2087 1839 2085
12936 4 2 3 5 1937 2188 1936 1810
12937 4 2 3 5 2501 2505 2502 2506
12938 4 2 3 5 502 1924 527 1938
12939 4 2 3 5 2505 2501 2064 2506
12940 4 2 3 5 2505 2065 2507 2506
12941 4 2 3 5 1941 1811 1925 1936
12942 4 2 3 5 1939 1811 1941 1936
12943 4 2 3 5 1947 2661 2675 2679
12944 4 2 3 5 2694 1990 2693 1167
12945 4 2 3 5 621 2676 630 2675
12946 4 2 3 5 610 638 2657 2121
12947 4 2 3 5 623 2659 2657 638
12948 4 2 3 5 2681 2120 1664 1949
12949 4 2 3 5 2119 645 622 2657
12950 4 2 3 5 1999 2472 2013 1973
12951 4 2 3 5 2347 1677 1997 1971
12952 4 2 3 5 1399 1974 1973 1958
12953 4 2 3 5 1772 1773 1973 2013
12954 4 2 3 5 2359 2358 1703 2162
12955 4 2 3 5 2013 2472 2359 1973
12956 4 2 3 5 2538 2507 2537 2506
12957 4 2 3 5 1444 1674 2327 1883
12958 4 2 3 5 1888 2328 1962 1401
12959 4 2 3 5 2328 2298 1889 2226
12960 4 2 3 5 1446 1684 1883 2327
12961 4 2 3 5 2364 1676 1991 1956
12962 4 2 3 5 1963 1676 1991 2364
12963 4 2 3 5 2257 1852 1953 1398
12964 4 2 3 5 1955 1988 1668 1953
12965 4 2 3 5 2497 1660 2002 2552
12966 4 2 3 5 2005 1422 2002 2008
12967 4 2 3 5 387 2497 2002 2552
12968 4 2 3 5 390 389 2463 388
12969 4 2 3 5 1660 2464 2002 2552
12970 4 2 3 5 2464 1422 2002 2552
12971 4 2 3 5 2465 2010 2013 2359
12972 4 2 3 5 1362 2360 2359 2472
12973 4 2 3 5 2010 1998 2013 2359
12974 4 2 3 5 2013 1998 1973 2359
12975 4 2 3 5 1862 1772 1771 1863
12976 4 2 3 5 1386 2232 2416 1771
12977 4 2 3 5 1323 1461 2046 1456
12978 4 2 3 5 1463 2077 2081 1462
12979 4 2 3 5 1559 1323 2075 1462
12980 4 2 3 5 1463 2075 2077 1462
12981 4 2 3 5 2529 2530 2495 2524
12982 4 2 3 5 2139 2038 2531 2037
12983 4 2 3 5 1366 2057 1449 2037
12984 4 2 3 5 475 378 476 2037
12985 4 2 3 5 2054 453 454 432
12986 4 2 3 5 1603 1160 1602 1552
12987 4 2 3 5 1331 1579 2068 2070
12988 4 2 3 5 1619 478 551 380
12989 4 2 3 5 634 114 2333 2116
12990 4 2 3 5 1438 1706 1681 1167
12991 4 2 3 5 2082 1531 2081 431
12992 4 2 3 5 2081 2077 2072 1462
12993 4 2 3 5 510 2045 2081 2072
12994 4 2 3 5 2045 2081 2072 1462
12995 4 2 3 5 1744 2212 2612 2613
12996 4 2 3 5 1746 1373 1725 1736
12997 4 2 3 5 1784 1629 1785 2101
12998 4 2 3 5 1629 1784 1783 2101
12999 4 2 3 5 2036 2113 2035 2112
13000 4 2 3 5 2034 2036 2035 2112
13001 4 2 3 5 1554 1534 2112 2035
13002 4 2 3 5 1554 1565 2112 1534
13003 4 2 3 5 1552 1212 1584 1473
13004 4 2 3 5 1561 2049 2050 2052
13005 4 2 3 5 1549 1622 2127 1606
13006 4 2 3 5 2080 2124 1551 1550
13007 4 2 3 5 1563 1576 2123 1562
13008 4 2 3 5 801 1207 685 2129
13009 4 2 3 5 2330 2128 2176 2129
13010 4 2 3 5 1481 1472 1321 2548
13011 4 2 3 5 1129 1325 2146 2145
13012 4 2 3 5 1487 2532 1475 2531
13013 4 2 3 5 1487 1458 1475 1484
13014 4 2 3 5 2146 1325 1474 2145
13015 4 2 3 5 1325 1470 1474 2145
13016 4 2 3 5 2157 556 67 582
13017 4 2 3 5 2014 68 360 2156
13018 4 2 3 5 360 2014 2156 1787
13019 4 2 3 5 2003 360 2156 1787
13020 4 2 3 5 2384 2378 68 2156
13021 4 2 3 5 2014 2384 68 2156
13022 4 2 3 5 1654 1653 1661 1637
13023 4 2 3 5 2167 95 2092 1635
13024 4 2 3 5 379 2091 94 2092
13025 4 2 3 5 94 2538 2542 2092
13026 4 2 3 5 1597 1334 1654 2118
13027 4 2 3 5 94 2542 2118 2092
13028 4 2 3 5 1334 1654 2169 1596
13029 4 2 3 5 2351 2439 2094 2119
13030 4 2 3 5 2176 1128 2178 1514
13031 4 2 3 5 687 1206 1514 1207
13032 4 2 3 5 1630 2016 1785 2178
13033 4 2 3 5 1785 1786 2134 2178
13034 4 2 3 5 1786 2016 2134 2178
13035 4 2 3 5 2016 1786 1785 2178
13036 4 2 3 5 1937 2188 1810 2451
13037 4 2 3 5 1930 1928 1929 1501
13038 4 2 3 5 1805 2181 2189 1510
13039 4 2 3 5 1504 1805 2189 1510
13040 4 2 3 5 2245 1407 2246 1134
13041 4 2 3 5 1267 2199 2200 2198
13042 4 2 3 5 1279 1267 2200 2198
13043 4 2 3 5 1252 1279 1267 2200
13044 4 2 3 5 2199 1252 1267 2200
13045 4 2 3 5 1369 1728 2640 2611
13046 4 2 3 5 2639 1369 2640 2611
13047 4 2 3 5 583 557 580 2211
13048 4 2 3 5 70 71 2211 2423
13049 4 2 3 5 557 71 2211 70
13050 4 2 3 5 1614 2297 1615 2226
13051 4 2 3 5 1880 1197 1615 2436
13052 4 2 3 5 2218 1886 1918 2219
13053 4 2 3 5 726 1915 1181 1907
13054 4 2 3 5 1199 2217 1196 1613
13055 4 2 3 5 1763 2457 2454 2259
13056 4 2 3 5 2230 2229 1425 2478
13057 4 2 3 5 2367 2003 2156 2383
13058 4 2 3 5 1930 1246 1410 2242
13059 4 2 3 5 2243 1246 1930 2242
13060 4 2 3 5 1733 1761 1834 1392
13061 4 2 3 5 1732 1733 1834 2244
13062 4 2 3 5 1201 1902 1931 2452
13063 4 2 3 5 1763 1853 2456 2253
13064 4 2 3 5 445 2594 2456 404
13065 4 2 3 5 1758 2236 2235 2259
13066 4 2 3 5 403 405 2253 2456
13067 4 2 3 5 2538 2505 2507 2506
13068 4 2 3 5 1732 1724 1760 1714
13069 4 2 3 5 1833 1732 1839 1760
13070 4 2 3 5 1794 2304 1797 2305
13071 4 2 3 5 1125 2314 1797 1497
13072 4 2 3 5 1133 2263 2264 1262
13073 4 2 3 5 1943 1395 2647 1823
13074 4 2 3 5 1126 1537 1538 1801
13075 4 2 3 5 106 2224 2225 2343
13076 4 2 3 5 2272 2271 2273 2346
13077 4 2 3 5 2292 2272 2273 2346
13078 4 2 3 5 2272 2292 2273 2271
13079 4 2 3 5 1224 735 2026 1209
13080 4 2 3 5 2036 2034 2035 2028
13081 4 2 3 5 2339 2280 2340 1527
13082 4 2 3 5 1545 2026 683 1209
13083 4 2 3 5 868 2034 2028 2026
13084 4 2 3 5 735 721 683 1209
13085 4 2 3 5 1202 1915 1906 1819
13086 4 2 3 5 2283 1906 1819 1806
13087 4 2 3 5 2328 1446 2651 2298
13088 4 2 3 5 2341 2287 2295 1530
13089 4 2 3 5 2287 2294 2295 1530
13090 4 2 3 5 2685 1616 1876 2110
13091 4 2 3 5 2685 1625 1876 1616
13092 4 2 3 5 2120 1663 1618 1692
13093 4 2 3 5 1896 2412 2309 2290
13094 4 2 3 5 1532 1183 1207 1143
13095 4 2 3 5 1259 2210 1826 2620
13096 4 2 3 5 1254 1245 1505 1161
13097 4 2 3 5 1262 1411 1790 1505
13098 4 2 3 5 1210 1706 1438 1167
13099 4 2 3 5 1522 1494 1538 1536
13100 4 2 3 5 1412 1125 1797 1497
13101 4 2 3 5 1412 2304 2316 2303
13102 4 2 3 5 2263 2304 2262 1792
13103 4 2 3 5 2301 2043 1792 2044
13104 4 2 3 5 2043 1791 1792 2044
13105 4 2 3 5 2304 1797 2316 1792
13106 4 2 3 5 1912 1919 2221 1885
13107 4 2 3 5 2023 1632 2024 2030
13108 4 2 3 5 2293 1919 1885 1898
13109 4 2 3 5 1917 2293 2286 1898
13110 4 2 3 5 2268 2267 2290 2309
13111 4 2 3 5 651 2349 2677 2348
13112 4 2 3 5 1690 1979 1962 1683
13113 4 2 3 5 1400 2444 1960 1683
13114 4 2 3 5 1691 1979 1690 1683
13115 4 2 3 5 1680 1977 1975 1994
13116 4 2 3 5 2164 2163 1975 1703
13117 4 2 3 5 1702 2358 1703 1701
13118 4 2 3 5 1702 1437 1705 1704
13119 4 2 3 5 711 709 710 1178
13120 4 2 3 5 2358 1702 1703 2162
13121 4 2 3 5 1371 2390 1163 1130
13122 4 2 3 5 761 1169 1176 747
13123 4 2 3 5 776 761 1176 747
13124 4 2 3 5 886 897 2381 2425
13125 4 2 3 5 1417 1279 1134 2200
13126 4 2 3 5 1389 1419 2377 2425
13127 4 2 3 5 1263 1770 1781 2425
13128 4 2 3 5 1419 1263 1781 2425
13129 4 2 3 5 1770 1729 1747 1769
13130 4 2 3 5 2403 2568 2151 1573
13131 4 2 3 5 1777 1825 1778 1837
13132 4 2 3 5 2567 2535 1343 2149
13133 4 2 3 5 2568 2210 1265 2403
13134 4 2 3 5 1824 1259 1923 2620
13135 4 2 3 5 1261 2264 2620 2622
13136 4 2 3 5 106 2345 2225 2273
13137 4 2 3 5 2038 1457 2513 2517
13138 4 2 3 5 2413 106 105 2225
13139 4 2 3 5 2532 1457 2038 2517
13140 4 2 3 5 1720 1719 1767 2376
13141 4 2 3 5 889 1252 892 1409
13142 4 2 3 5 2191 1252 1409 892
13143 4 2 3 5 2432 1444 2434 2431
13144 4 2 3 5 2435 2328 2434 2226
13145 4 2 3 5 1614 2221 1885 2226
13146 4 2 3 5 1174 1175 1672 1178
13147 4 2 3 5 1175 1174 1672 1681
13148 4 2 3 5 1989 1995 1431 1672
13149 4 2 3 5 491 358 492 1997
13150 4 2 3 5 1961 2326 1887 1962
13151 4 2 3 5 104 2222 503 1964
13152 4 2 3 5 636 647 2325 102
13153 4 2 3 5 2457 2252 1763 2456
13154 4 2 3 5 2457 2459 2456 1763
13155 4 2 3 5 1859 1989 1672 1178
13156 4 2 3 5 1849 1848 1856 1845
13157 4 2 3 5 1667 2459 2456 2594
13158 4 2 3 5 2459 1667 2456 1763
13159 4 2 3 5 1737 1724 2193 2194
13160 4 2 3 5 1763 1737 2458 2259
13161 4 2 3 5 401 2252 464 2458
13162 4 2 3 5 2234 401 433 2458
13163 4 2 3 5 2005 1434 2462 1363
13164 4 2 3 5 2384 2014 1420 2156
13165 4 2 3 5 2367 1717 2383 2399
13166 4 2 3 5 2378 2384 1420 2156
13167 4 2 3 5 2014 2384 1420 2383
13168 4 2 3 5 1768 1434 2004 2478
13169 4 2 3 5 2399 2378 1420 2156
13170 4 2 3 5 1568 1314 2512 2495
13171 4 2 3 5 368 381 91 2495
13172 4 2 3 5 1366 2057 2037 2491
13173 4 2 3 5 90 2501 2489 2064
13174 4 2 3 5 2486 90 2489 2064
13175 4 2 3 5 2541 2505 2538 2506
13176 4 2 3 5 2062 2524 2504 1332
13177 4 2 3 5 1586 1465 1595 1591
13178 4 2 3 5 2060 2498 1650 2061
13179 4 2 3 5 1645 1638 1650 1637
13180 4 2 3 5 1660 1333 1650 1659
13181 4 2 3 5 1654 1334 1637 1596
13182 4 2 3 5 2069 1638 2500 1330
13183 4 2 3 5 1131 1316 2560 2494
13184 4 2 3 5 1316 1131 2498 1317
13185 4 2 3 5 2519 1570 2520 2511
13186 4 2 3 5 2142 2519 2520 2511
13187 4 2 3 5 2519 2142 1570 2511
13188 4 2 3 5 2532 2141 2518 2522
13189 4 2 3 5 86 2532 2522 2536
13190 4 2 3 5 2536 1402 2141 2522
13191 4 2 3 5 2532 2536 2141 2522
13192 4 2 3 5 1487 1322 1475 1460
13193 4 2 3 5 882 2568 1264 1343
13194 4 2 3 5 1488 2144 2533 2149
13195 4 2 3 5 872 911 1255 894
13196 4 2 3 5 1485 1257 2147 1489
13197 4 2 3 5 1487 2531 1475 1458
13198 4 2 3 5 2144 1322 2533 1475
13199 4 2 3 5 1322 2142 1475 1460
13200 4 2 3 5 2142 1455 1475 2531
13201 4 2 3 5 1323 2067 2506 1592
13202 4 2 3 5 2523 383 2504 472
13203 4 2 3 5 1315 2530 2528 2493
13204 4 2 3 5 2064 1461 2502 2487
13205 4 2 3 5 2186 2453 1854 2185
13206 4 2 3 5 1460 2518 2556 2517
13207 4 2 3 5 2224 2343 2223 2344
13208 4 2 3 5 362 504 505 2213
13209 4 2 3 5 2393 2388 1405 2379
13210 4 2 3 5 64 2565 65 1571
13211 4 2 3 5 2563 64 1571 2565
13212 4 2 3 5 1404 2564 1571 2563
13213 4 2 3 5 2617 2601 1571 2645
13214 4 2 3 5 1441 2386 1405 2398
13215 4 2 3 5 2577 1524 1806 2576
13216 4 2 3 5 1457 1460 2556 2517
13217 4 2 3 5 2098 2102 2099 1518
13218 4 2 3 5 1535 2321 2549 2173
13219 4 2 3 5 2189 1804 1812 2180
13220 4 2 3 5 2299 1804 1803 1812
13221 4 2 3 5 2532 2518 1460 2517
13222 4 2 3 5 1457 2532 1460 2517
13223 4 2 3 5 2043 2306 1791 2585
13224 4 2 3 5 2549 1519 2173 2476
13225 4 2 3 5 1314 2512 2514 2596
13226 4 2 3 5 1314 1568 2512 2596
13227 4 2 3 5 1312 2529 2596 1313
13228 4 2 3 5 1311 1312 2596 1313
13229 4 2 3 5 1312 1311 2596 2529
13230 4 2 3 5 2159 2552 2158 373
13231 4 2 3 5 1312 1311 2158 1313
13232 4 2 3 5 2599 2603 2607 1776
13233 4 2 3 5 2617 572 2602 2598
13234 4 2 3 5 2603 1825 2607 1776
13235 4 2 3 5 579 594 2618 2643
13236 4 2 3 5 2487 2527 2528 2502
13237 4 2 3 5 1939 502 76 356
13238 4 2 3 5 502 1939 76 1941
13239 4 2 3 5 2641 2266 1821 2600
13240 4 2 3 5 2266 2618 1821 2600
13241 4 2 3 5 2630 2634 2320 1521
13242 4 2 3 5 579 577 2600 576
13243 4 2 3 5 2619 2642 1821 2600
13244 4 2 3 5 1353 1776 2635 2633
13245 4 2 3 5 2293 1881 1889 1885
13246 4 2 3 5 2648 2120 2658 1949
13247 4 2 3 5 2441 2439 2352 1688
13248 4 2 3 5 2667 2649 2666 2668
13249 4 2 3 5 2667 2649 639 2666
13250 4 2 3 5 1846 2258 1670 1672
13251 4 2 3 5 2022 2366 2407 2338
13252 4 2 3 5 2341 2287 2286 1898
13253 4 2 3 5 1888 1948 2686 1889
13254 4 2 3 5 1616 2110 2673 1947
13255 4 2 3 5 1616 2685 2673 2110
13256 4 2 3 5 2274 2683 2268 2685
13257 4 2 3 5 2685 2683 2268 2684
13258 4 2 3 5 2412 1896 2309 2407
13259 4 2 3 5 2267 649 648 2655
13260 4 2 3 5 2685 1625 1616 2684
13261 4 2 3 5 2685 2650 1625 2684
13262 4 2 3 5 434 515 551 2079
13263 4 2 3 5 1670 1846 1672 1178
13264 4 2 3 5 1432 1994 1672 1995
13265 4 2 3 5 456 515 2082 542
13266 4 2 3 5 380 1619 1576 551
13267 4 2 3 5 1174 1173 1672 1681
13268 4 2 3 5 2378 1441 2398 2387
13269 4 2 3 5 64 519 65 1569
13270 4 2 3 5 2159 66 65 2386
13271 4 2 3 5 66 480 2159 373
13272 4 2 3 5 2159 480 2552 373
13273 4 2 3 5 2159 66 373 65
13274 4 2 3 5 2561 64 1569 2515
13275 4 2 3 5 2386 2159 2158 65
13276 4 2 3 5 2386 2159 1379 2158
13277 4 2 3 5 587 75 76 2618
13278 4 2 3 5 1815 2584 1942 2646
13279 4 2 3 5 2641 599 2632 2266
13280 4 2 3 5 1353 1825 1776 2642
13281 4 2 3 5 763 1186 1189 732
13282 4 2 3 5 1415 763 1189 732
13283 4 2 3 5 99 2349 98 651
13284 4 2 3 5 1949 1947 2352 1692
13285 4 2 3 5 2678 1950 2352 1690
13286 4 2 3 5 2285 2270 2276 2275
13287 4 2 3 5 2583 499 109 2275
13288 4 2 3 5 2308 2412 109 2275
13289 4 2 3 5 108 499 2583 2275
13290 4 2 3 5 108 2289 109 2275
13291 4 2 3 5 1240 737 738 1372
13292 4 2 3 5 719 737 738 1240
13293 4 2 3 5 1375 2373 1148 1244
13294 4 2 3 5 862 823 743 1200
13295 4 2 3 5 1268 862 743 1200
13296 4 2 3 5 1234 805 1278 835
13297 4 2 3 5 1268 823 862 1200
13298 4 2 3 5 1504 824 1156 1790
13299 4 2 3 5 1504 1508 1156 1510
13300 4 2 3 5 1517 2315 1156 1234
13301 4 2 3 5 1331 2071 1655 1580
13302 4 2 3 5 1237 141 142 1216
13303 4 2 3 5 141 1237 142 840
13304 4 2 3 5 1553 1219 1211 1552
13305 4 2 3 5 1581 1216 1580 1211
13306 4 2 3 5 2033 1581 1580 1211
13307 4 2 3 5 1581 2033 1216 1211
13308 4 2 3 5 675 1216 815 1211
13309 4 2 3 5 676 675 815 1211
13310 4 2 3 5 1225 1331 1580 1211
13311 4 2 3 5 783 1144 785 784
13312 4 2 3 5 1232 844 1304 736
13313 4 2 3 5 1183 1545 683 1209
13314 4 2 3 5 1331 1552 1580 1211
13315 4 2 3 5 665 165 813 924
13316 4 2 3 5 504 533 505 2213
13317 4 2 3 5 2488 2487 2528 2502
13318 4 2 3 5 1890 2572 1892 2269
13319 4 2 3 5 1552 1331 1225 1211
13320 4 2 3 5 2559 145 1222 1223
13321 4 2 3 5 532 2222 503 362
13322 4 2 3 5 2222 104 503 362
13323 4 2 3 5 480 471 2552 373
13324 4 2 3 5 1313 2552 481 373
13325 4 2 3 5 2561 2386 2158 65
13326 4 2 3 5 1221 144 1222 672
13327 4 2 3 5 1238 1223 1222 144
13328 4 2 3 5 2523 2497 384 382
13329 4 2 3 5 383 2523 384 382
13330 4 2 3 5 383 2497 384 2523
13331 4 2 3 5 1221 1238 1222 144
13332 4 2 3 5 144 145 1222 672
13333 4 2 3 5 1223 145 1222 144
13334 4 2 3 5 830 139 1247 1233
13335 4 2 3 5 1214 830 1297 1233
13336 4 2 3 5 526 357 496 1839
13337 4 2 3 5 523 524 450 1774
13338 4 2 3 5 449 524 1787 450
13339 4 2 3 5 1215 140 670 1233
13340 4 2 3 5 1214 1215 670 1233
13341 4 2 3 5 462 409 1945 408
13342 4 2 3 5 2450 1946 408 1945
13343 4 2 3 5 830 140 1233 670
13344 4 2 3 5 2570 2179 417 435
13345 4 2 3 5 546 499 2583 2580
13346 4 2 3 5 1214 830 1233 670
13347 4 2 3 5 367 2490 507 454
13348 4 2 3 5 1827 537 512 439
13349 4 2 3 5 458 2099 439 2585
13350 4 2 3 5 2372 2373 1244 2418
13351 4 2 3 5 2448 458 419 415
13352 4 2 3 5 1148 2373 2418 1244
13353 4 2 3 5 1153 1148 2418 1244
13354 4 2 3 5 439 2099 419 421
13355 4 2 3 5 2448 2099 2184 419
13356 4 2 3 5 2172 488 430 525
13357 4 2 3 5 1839 357 496 2467
13358 4 2 3 5 473 385 2481 386
13359 4 2 3 5 2187 2185 2041 2554
13360 4 2 3 5 2186 2254 2449 2456
13361 4 2 3 5 1946 2190 2041 410
13362 4 2 3 5 2554 2040 2041 2039
13363 4 2 3 5 2190 411 2187 410
13364 4 2 3 5 2553 460 2039 2041
13365 4 2 3 5 2190 1946 2451 1940
13366 4 2 3 5 1389 1375 1148 1244
13367 4 2 3 5 88 2065 2505 89
13368 4 2 3 5 508 90 2064 89
13369 4 2 3 5 88 2065 89 375
13370 4 2 3 5 1274 1389 1148 1244
13371 4 2 3 5 532 2222 1964 503
13372 4 2 3 5 1375 1389 2396 1244
13373 4 2 3 5 2395 1371 2396 1266
13374 4 2 3 5 2393 2395 2394 1266
13375 4 2 3 5 568 2638 2607 571
13376 4 2 3 5 2610 2637 571 580
13377 4 2 3 5 2637 2610 571 2607
13378 4 2 3 5 2393 1371 2395 1266
13379 4 2 3 5 1372 1163 1255 1266
13380 4 2 3 5 2459 549 2342 2460
13381 4 2 3 5 1371 1163 1372 1266
13382 4 2 3 5 445 2594 2019 2456
13383 4 2 3 5 1130 1163 1266 1253
13384 4 2 3 5 1130 1371 1266 1163
13385 4 2 3 5 1667 2593 2342 2459
13386 4 2 3 5 2201 2194 1754 1738
13387 4 2 3 5 1753 1743 1758 2231
13388 4 2 3 5 1924 462 1938 1940
13389 4 2 3 5 2503 2488 2528 2502
13390 4 2 3 5 2502 2503 2524 2528
13391 4 2 3 5 2538 2091 94 538
13392 4 2 3 5 2091 379 94 538
13393 4 2 3 5 2393 1130 1266 2394
13394 4 2 3 5 2393 1371 1266 1130
13395 4 2 3 5 805 1234 1277 655
13396 4 2 3 5 2594 2459 404 509
13397 4 2 3 5 1278 852 826 1277
13398 4 2 3 5 852 900 826 1277
13399 4 2 3 5 1498 887 1258 1497
13400 4 2 3 5 887 1251 1497 1262
13401 4 2 3 5 1258 887 1251 1497
13402 4 2 3 5 913 852 1276 1277
13403 4 2 3 5 602 2617 595 560
13404 4 2 3 5 566 2604 565 564
13405 4 2 3 5 1490 2608 2624 2625
13406 4 2 3 5 900 852 913 1277
13407 4 2 3 5 929 930 927 1288
13408 4 2 3 5 1726 1745 1725 2613
13409 4 2 3 5 929 1289 930 1288
13410 4 2 3 5 2588 2454 2460 2587
13411 4 2 3 5 1295 1290 1288 1982
13412 4 2 3 5 1290 1289 1288 1982
13413 4 2 3 5 1289 2296 1288 1982
13414 4 2 3 5 2296 2113 1288 1982
13415 4 2 3 5 2691 943 1293 2690
13416 4 2 3 5 2692 1281 2690 1293
13417 4 2 3 5 1285 1149 2690 2691
13418 4 2 3 5 819 1309 917 1299
13419 4 2 3 5 2601 588 595 560
13420 4 2 3 5 819 961 820 1299
13421 4 2 3 5 588 2601 595 573
13422 4 2 3 5 2097 2212 72 586
13423 4 2 3 5 819 917 961 1299
13424 4 2 3 5 466 398 441 2229
13425 4 2 3 5 791 846 1310 2436
13426 4 2 3 5 791 792 1310 846
13427 4 2 3 5 1281 1993 1299 1310
13428 4 2 3 5 612 2108 604 613
13429 4 2 3 5 2543 6 2121 2114
13430 4 2 3 5 2659 612 2108 604
13431 4 2 3 5 2093 610 2119 2657
13432 4 2 3 5 642 613 2664 615
13433 4 2 3 5 634 642 2333 646
13434 4 2 3 5 2663 2667 650 628
13435 4 2 3 5 2649 2650 2684 2668
13436 4 2 3 5 2659 2109 2108 2664
13437 4 2 3 5 1993 1281 1145 1310
13438 4 2 3 5 2672 627 2654 2653
13439 4 2 3 5 2654 2426 2653 629
13440 4 2 3 5 629 626 637 2653
13441 4 2 3 5 2680 2654 2653 2673
13442 4 2 3 5 2426 2654 2653 2680
13443 4 2 3 5 2291 2267 2268 2655
13444 4 2 3 5 2671 2652 2684 2655
13445 4 2 3 5 2680 2656 2653 2414
13446 4 2 3 5 2671 2649 2655 2684
13447 4 2 3 5 846 1159 1310 2436
13448 4 2 3 5 105 2413 644 637
13449 4 2 3 5 106 2413 105 637
13450 4 2 3 5 2672 2652 627 2653
13451 4 2 3 5 1159 1309 1310 2436
13452 4 2 3 5 2652 2656 2653 2673
13453 4 2 3 5 1309 1159 1310 846
13454 4 2 3 5 1544 2176 2134 2129
13455 4 2 3 5 1207 1526 2129 1473
13456 4 2 3 5 2579 552 498 514
13457 4 2 3 5 801 1544 802 2129
13458 4 2 3 5 802 807 1229 1321
13459 4 2 3 5 648 649 608 2655
13460 4 2 3 5 849 1246 659 1245
13461 4 2 3 5 1836 2250 2248 1943
13462 4 2 3 5 816 1245 659 875
13463 4 2 3 5 833 1279 903 1165
13464 4 2 3 5 1836 1746 1868 2248
13465 4 2 3 5 869 830 1214 670
13466 4 2 3 5 920 139 1247 859
13467 4 2 3 5 139 830 1247 859
13468 4 2 3 5 733 1191 769 787
13469 4 2 3 5 1191 726 1906 769
13470 4 2 3 5 1191 1906 1194 769
13471 4 2 3 5 697 1194 694 769
13472 4 2 3 5 2256 1842 1429 2255
13473 4 2 3 5 1230 807 802 1321
13474 4 2 3 5 1526 2128 2129 1473
13475 4 2 3 5 1208 1177 716 1704
13476 4 2 3 5 1437 1349 716 1704
13477 4 2 3 5 1172 717 714 716
13478 4 2 3 5 1990 2694 793 1190
13479 4 2 3 5 2436 1993 1145 1310
13480 4 2 3 5 2694 794 793 725
13481 4 2 3 5 1190 1990 707 793
13482 4 2 3 5 807 1170 1229 1321
13483 4 2 3 5 807 1230 1170 1321
13484 4 2 3 5 1232 1304 1286 839
13485 4 2 3 5 797 832 2034 868
13486 4 2 3 5 1634 2058 2544 1332
13487 4 2 3 5 2597 1634 2544 1332
13488 4 2 3 5 924 814 164 813
13489 4 2 3 5 862 1268 663 122
13490 4 2 3 5 812 121 663 1274
13491 4 2 3 5 1634 2597 2500 1332
13492 4 2 3 5 876 121 663 122
13493 4 2 3 5 1636 1347 2500 1332
13494 4 2 3 5 1268 876 663 122
13495 4 2 3 5 1636 2503 1332 2544
13496 4 2 3 5 121 876 663 1274
13497 4 2 3 5 2694 1190 1185 809
13498 4 2 3 5 809 781 1185 758
13499 4 2 3 5 1636 1347 1332 2503
13500 4 2 3 5 1636 2597 2544 1332
13501 4 2 3 5 2597 1636 2500 1332
13502 4 2 3 5 1273 882 1264 1343
13503 4 2 3 5 882 1273 1328 1343
13504 4 2 3 5 2567 2568 2569 1343
13505 4 2 3 5 693 695 1806 694
13506 4 2 3 5 1180 788 861 787
13507 4 2 3 5 2568 2567 1264 1343
13508 4 2 3 5 1555 1542 1556 1354
13509 4 2 3 5 1880 2217 1196 2436
13510 4 2 3 5 656 1309 846 1159
13511 4 2 3 5 1544 724 801 802
13512 4 2 3 5 1469 1377 1321 806
13513 4 2 3 5 1164 2312 2550 1236
13514 4 2 3 5 1164 1377 1321 2550
13515 4 2 3 5 680 682 1545 683
13516 4 2 3 5 1377 1556 1321 2550
13517 4 2 3 5 1544 1128 2550 2134
13518 4 2 3 5 1980 2674 2063 1690
13519 4 2 3 5 1566 1446 2651 2063
13520 4 2 3 5 1818 688 1203 771
13521 4 2 3 5 1818 1203 1806 771
13522 4 2 3 5 1711 1662 2096 1352
13523 4 2 3 5 1689 1663 1692 1365
13524 4 2 3 5 1663 1689 1693 1365
13525 4 2 3 5 1566 1360 1442 2063
13526 4 2 3 5 1517 805 1234 835
13527 4 2 3 5 1805 730 771 1203
13528 4 2 3 5 1693 1980 2063 1690
13529 4 2 3 5 730 1203 824 771
13530 4 2 3 5 2020 2111 2651 2063
13531 4 2 3 5 2381 2380 1376 1266
13532 4 2 3 5 2380 2397 1376 1266
13533 4 2 3 5 2377 2381 1723 1376
13534 4 2 3 5 2397 2377 1723 1376
13535 4 2 3 5 1144 1305 857 785
13536 4 2 3 5 660 1144 1302 857
13537 4 2 3 5 1204 782 1220 729
13538 4 2 3 5 1204 691 726 784
13539 4 2 3 5 1292 933 2687 1308
13540 4 2 3 5 2296 2113 2288 1139
13541 4 2 3 5 1204 786 1144 784
13542 4 2 3 5 1144 786 785 784
13543 4 2 3 5 1204 1202 691 729
13544 4 2 3 5 797 868 1286 839
13545 4 2 3 5 1232 736 813 839
13546 4 2 3 5 1232 868 839 1286
13547 4 2 3 5 1304 1232 813 839
13548 4 2 3 5 1304 813 1286 839
13549 4 2 3 5 665 813 839 1286
13550 4 2 3 5 2381 2380 1723 1376
13551 4 2 3 5 2380 2397 1723 1376
13552 4 2 3 5 1752 1740 1867 2198
13553 4 2 3 5 1499 887 879 1498
13554 4 2 3 5 1732 1724 1714 1867
13555 4 2 3 5 1714 1724 1725 1867
13556 4 2 3 5 880 1257 1256 881
13557 4 2 3 5 1825 1826 1801 2151
13558 4 2 3 5 1724 1732 1725 1867
13559 4 2 3 5 887 1276 905 890
13560 4 2 3 5 1734 1732 1714 1867
13561 4 2 3 5 1740 1866 1867 2198
13562 4 2 3 5 1248 895 1249 1328
13563 4 2 3 5 894 906 1266 1255
13564 4 2 3 5 911 811 872 1255
13565 4 2 3 5 1327 1130 1253 1163
13566 4 2 3 5 2588 1853 1953 1951
13567 4 2 3 5 2258 1955 2257 1398
13568 4 2 3 5 1668 1955 1953 1398
13569 4 2 3 5 1860 1759 2257 1398
13570 4 2 3 5 814 163 1302 923
13571 4 2 3 5 814 924 164 923
13572 4 2 3 5 163 814 164 923
13573 4 2 3 5 1759 1860 1668 1398
13574 4 2 3 5 1955 1860 2257 1398
13575 4 2 3 5 1292 1283 1291 934
13576 4 2 3 5 1860 1955 1668 1398
13577 4 2 3 5 937 1283 936 934
13578 4 2 3 5 1746 2250 1409 2248
13579 4 2 3 5 2247 2241 2248 1943
13580 4 2 3 5 2620 2621 1409 2622
13581 4 2 3 5 1261 2620 1409 2622
13582 4 2 3 5 1944 1261 2620 1409
13583 4 2 3 5 2250 1944 2620 1409
13584 4 2 3 5 1303 830 798 674
13585 4 2 3 5 1243 1162 1233 1644
13586 4 2 3 5 1303 920 1297 859
13587 4 2 3 5 2384 2399 1420 2383
13588 4 2 3 5 2384 2378 1420 2399
13589 4 2 3 5 2367 2156 1420 2383
13590 4 2 3 5 2534 1228 1273 1249
13591 4 2 3 5 1249 908 1253 1273
13592 4 2 3 5 2145 2144 2535 2533
13593 4 2 3 5 893 2394 1266 1264
13594 4 2 3 5 2395 2397 2379 2394
13595 4 2 3 5 2534 1249 1273 1328
13596 4 2 3 5 827 666 872 118
13597 4 2 3 5 2534 1327 1130 1273
13598 4 2 3 5 1981 1566 1141 1567
13599 4 2 3 5 2341 1530 2295 1141
13600 4 2 3 5 1530 2341 1534 1141
13601 4 2 3 5 1360 2032 2295 1141
13602 4 2 3 5 2032 1360 1534 1141
13603 4 2 3 5 2032 2341 2295 1141
13604 4 2 3 5 2341 2032 1534 1141
13605 4 2 3 5 1177 1208 712 2361
13606 4 2 3 5 1179 1173 712 2361
13607 4 2 3 5 1172 1177 1174 1154
13608 4 2 3 5 1173 1177 712 2361
13609 4 2 3 5 1861 2232 2233 2202
13610 4 2 3 5 2393 1575 2567 2394
13611 4 2 3 5 1327 1228 1253 1273
13612 4 2 3 5 899 911 894 1255
13613 4 2 3 5 748 737 1240 1372
13614 4 2 3 5 1862 1999 1771 1772
13615 4 2 3 5 2163 1427 1438 1154
13616 4 2 3 5 1658 1710 1705 1648
13617 4 2 3 5 759 1640 749 1648
13618 4 2 3 5 1704 1437 1705 1648
13619 4 2 3 5 1674 1433 1995 1996
13620 4 2 3 5 1149 1166 1300 1185
13621 4 2 3 5 1300 2692 1185 855
13622 4 2 3 5 1149 2692 1185 1300
13623 4 2 3 5 1147 1884 2436 1993
13624 4 2 3 5 1307 2437 1291 1145
13625 4 2 3 5 1919 1614 2226 2297
13626 4 2 3 5 686 1182 1207 1183
13627 4 2 3 5 1206 1182 1207 686
13628 4 2 3 5 2330 2176 2178 1207
13629 4 2 3 5 2176 1544 1128 1514
13630 4 2 3 5 2477 1829 1128 1830
13631 4 2 3 5 1336 1331 1655 1580
13632 4 2 3 5 1599 1237 1580 1216
13633 4 2 3 5 678 1213 1211 1212
13634 4 2 3 5 1213 653 677 1211
13635 4 2 3 5 1225 1235 1218 1580
13636 4 2 3 5 1607 2130 2024 1473
13637 4 2 3 5 1341 1583 2052 1584
13638 4 2 3 5 682 1183 1473 1545
13639 4 2 3 5 1533 1345 2024 1473
13640 4 2 3 5 1183 682 1473 1207
13641 4 2 3 5 1553 1219 1552 1473
13642 4 2 3 5 1208 1349 719 1176
13643 4 2 3 5 1241 2007 1240 1335
13644 4 2 3 5 737 1241 1240 739
13645 4 2 3 5 1349 737 1240 739
13646 4 2 3 5 2007 2466 1240 1335
13647 4 2 3 5 2466 1349 1240 1335
13648 4 2 3 5 739 1241 1240 1335
13649 4 2 3 5 1349 739 1240 1335
13650 4 2 3 5 1499 1125 1497 1498
13651 4 2 3 5 1258 1498 1497 2314
13652 4 2 3 5 1269 1261 888 1262
13653 4 2 3 5 1254 1269 888 1262
13654 4 2 3 5 884 888 1262 890
13655 4 2 3 5 884 1261 1262 888
13656 4 2 3 5 1271 1248 1328 901
13657 4 2 3 5 1257 1271 2147 901
13658 4 2 3 5 1248 1271 1328 2145
13659 4 2 3 5 2149 2567 2569 1343
13660 4 2 3 5 906 895 1264 1273
13661 4 2 3 5 2534 2145 1328 2535
13662 4 2 3 5 940 918 1284 952
13663 4 2 3 5 2399 2367 1420 2383
13664 4 2 3 5 1136 1294 1288 2113
13665 4 2 3 5 1287 926 1286 927
13666 4 2 3 5 933 2687 927 930
13667 4 2 3 5 928 1294 1295 1288
13668 4 2 3 5 1282 1286 927 2688
13669 4 2 3 5 829 854 1247 1233
13670 4 2 3 5 854 1250 1247 1233
13671 4 2 3 5 1287 928 1297 947
13672 4 2 3 5 928 1294 1306 941
13673 4 2 3 5 920 1247 1297 859
13674 4 2 3 5 669 1215 1233 140
13675 4 2 3 5 1136 1137 1644 1297
13676 4 2 3 5 1303 926 1287 947
13677 4 2 3 5 830 1303 1214 1297
13678 4 2 3 5 2367 2399 1420 2156
13679 4 2 3 5 2076 1579 1578 1560
13680 4 2 3 5 1329 1452 1560 2048
13681 4 2 3 5 1380 2389 2560 1381
13682 4 2 3 5 2514 2510 2509 2493
13683 4 2 3 5 1238 1221 2048 2068
13684 4 2 3 5 2048 2068 2059 1330
13685 4 2 3 5 1579 2047 1221 2048
13686 4 2 3 5 2069 2498 2500 2059
13687 4 2 3 5 874 895 1328 901
13688 4 2 3 5 1248 874 1328 901
13689 4 2 3 5 874 1248 1328 895
13690 4 2 3 5 1574 2626 1573 2403
13691 4 2 3 5 2144 1129 2145 2147
13692 4 2 3 5 1129 1257 2147 2146
13693 4 2 3 5 2628 2155 2536 1339
13694 4 2 3 5 1490 2150 2629 1339
13695 4 2 3 5 2150 1490 2625 1339
13696 4 2 3 5 2608 1490 1339 2625
13697 4 2 3 5 2628 1490 1339 2608
13698 4 2 3 5 2608 2536 2625 1339
13699 4 2 3 5 2608 2628 2536 1339
13700 4 2 3 5 1422 2005 1440 2006
13701 4 2 3 5 2010 2005 2002 2008
13702 4 2 3 5 2464 1422 2006 2008
13703 4 2 3 5 1657 1656 1650 1659
13704 4 2 3 5 1646 1596 1650 1659
13705 4 2 3 5 1390 2464 2006 1350
13706 4 2 3 5 1773 1972 1361 2590
13707 4 2 3 5 1361 2508 2469 2589
13708 4 2 3 5 2590 1972 1361 2589
13709 4 2 3 5 1957 1864 2589 1668
13710 4 2 3 5 103 503 2342 2322
13711 4 2 3 5 1753 2231 1758 1863
13712 4 2 3 5 1372 2396 1255 1244
13713 4 2 3 5 1163 851 1372 1255
13714 4 2 3 5 895 906 908 1253
13715 4 2 3 5 2394 2401 2567 1264
13716 4 2 3 5 851 666 1253 1163
13717 4 2 3 5 1228 1249 1253 1273
13718 4 2 3 5 1500 1489 1495 2149
13719 4 2 3 5 2533 1130 1264 2535
13720 4 2 3 5 1435 2009 1383 2368
13721 4 2 3 5 2009 1435 1383 2011
13722 4 2 3 5 2527 2502 2524 2528
13723 4 2 3 5 2543 1594 2539 2540
13724 4 2 3 5 2100 1783 1782 1516
13725 4 2 3 5 1814 1910 1812 1803
13726 4 2 3 5 2543 6 2539 2542
13727 4 2 3 5 2543 2540 2539 6
13728 4 2 3 5 1504 2189 1503 2300
13729 4 2 3 5 1509 1508 1790 2300
13730 4 2 3 5 1411 1509 1790 2300
13731 4 2 3 5 1404 2563 1571 2565
13732 4 2 3 5 66 602 65 1571
13733 4 2 3 5 2386 2565 2644 65
13734 4 2 3 5 2645 2565 2644 1405
13735 4 2 3 5 1168 1859 1416 1436
13736 4 2 3 5 1734 1385 1714 1738
13737 4 2 3 5 1988 1955 2258 1953
13738 4 2 3 5 1859 1846 1416 1436
13739 4 2 3 5 1430 1846 1416 1859
13740 4 2 3 5 1700 1976 1703 1701
13741 4 2 3 5 1433 1979 1975 1996
13742 4 2 3 5 2360 1362 2361 2473
13743 4 2 3 5 1152 2012 2473 2233
13744 4 2 3 5 1999 1179 1152 2473
13745 4 2 3 5 1674 1673 1681 1675
13746 4 2 3 5 1702 1427 1703 2162
13747 4 2 3 5 1171 1640 1648 749
13748 4 2 3 5 1649 1711 1648 1710
13749 4 2 3 5 1400 1679 1995 1960
13750 4 2 3 5 1172 1438 1154 1681
13751 4 2 3 5 750 717 1649 1648
13752 4 2 3 5 1437 716 749 1648
13753 4 2 3 5 1649 1210 1706 1648
13754 4 2 3 5 1476 1459 2140 1484
13755 4 2 3 5 1541 1479 1486 2055
13756 4 2 3 5 2076 1326 2052 1584
13757 4 2 3 5 1463 2055 1547 1486
13758 4 2 3 5 2547 1479 1486 1541
13759 4 2 3 5 511 510 2072 2066
13760 4 2 3 5 1450 2546 2140 520
13761 4 2 3 5 2566 2562 1460 2518
13762 4 2 3 5 2566 2521 1460 1368
13763 4 2 3 5 2521 2566 1460 2148
13764 4 2 3 5 2521 2148 1460 2533
13765 4 2 3 5 2519 2521 1460 2533
13766 4 2 3 5 2521 2519 1460 1368
13767 4 2 3 5 2142 2143 1475 2511
13768 4 2 3 5 2146 1485 1475 1484
13769 4 2 3 5 1482 1557 1558 1484
13770 4 2 3 5 1481 1477 1556 1482
13771 4 2 3 5 1340 1257 1485 1558
13772 4 2 3 5 1377 1340 1482 1558
13773 4 2 3 5 1798 2319 1126 1801
13774 4 2 3 5 1355 1557 1478 1558
13775 4 2 3 5 1498 1256 1403 1558
13776 4 2 3 5 2313 1557 1558 1403
13777 4 2 3 5 1256 1377 1403 1558
13778 4 2 3 5 589 578 2631 591
13779 4 2 3 5 2629 1537 1538 1495
13780 4 2 3 5 1494 2317 1493 2627
13781 4 2 3 5 1802 1539 1126 1801
13782 4 2 3 5 1500 1496 2318 1538
13783 4 2 3 5 2452 1809 1931 1803
13784 4 2 3 5 1893 1511 1627 1909
13785 4 2 3 5 2189 1804 2180 1503
13786 4 2 3 5 1504 1805 1503 2189
13787 4 2 3 5 1805 2181 1503 2189
13788 4 2 3 5 2181 1805 1503 1506
13789 4 2 3 5 2577 1818 1514 1203
13790 4 2 3 5 1206 1818 1514 2577
13791 4 2 3 5 688 1818 1203 1514
13792 4 2 3 5 1206 1818 688 1514
13793 4 2 3 5 2104 1513 2178 1514
13794 4 2 3 5 1513 2577 2178 1514
13795 4 2 3 5 2027 2032 1534 1874
13796 4 2 3 5 1806 1818 1205 1819
13797 4 2 3 5 1915 2287 1819 2284
13798 4 2 3 5 1476 1477 1478 1536
13799 4 2 3 5 1535 1477 1476 1536
13800 4 2 3 5 2172 2321 2311 2173
13801 4 2 3 5 1520 1535 2311 1536
13802 4 2 3 5 1483 1481 1541 2548
13803 4 2 3 5 1543 2056 2548 2550
13804 4 2 3 5 1454 1561 2050 2052
13805 4 2 3 5 2016 1786 1543 1549
13806 4 2 3 5 1561 1583 1341 1551
13807 4 2 3 5 1481 1472 2548 2053
13808 4 2 3 5 1483 1481 2548 2053
13809 4 2 3 5 2313 2314 1558 1536
13810 4 2 3 5 1557 2313 1558 1536
13811 4 2 3 5 2562 2563 2517 2522
13812 4 2 3 5 86 561 2522 5
13813 4 2 3 5 2038 545 2513 2037
13814 4 2 3 5 1533 1553 2033 1580
13815 4 2 3 5 1565 1554 2033 1580
13816 4 2 3 5 1554 1533 2033 1580
13817 4 2 3 5 1623 2031 1626 1609
13818 4 2 3 5 1594 2543 1591 2540
13819 4 2 3 5 1597 2543 1591 1594
13820 4 2 3 5 1336 1642 2070 2068
13821 4 2 3 5 1579 1331 1602 2070
13822 4 2 3 5 1336 1642 1655 2070
13823 4 2 3 5 1329 1578 1560 1582
13824 4 2 3 5 1452 1456 1582 1560
13825 4 2 3 5 1603 1587 1604 1602
13826 4 2 3 5 1345 1608 1604 1587
13827 4 2 3 5 1160 1331 1587 1602
13828 4 2 3 5 1603 1160 1587 1602
13829 4 2 3 5 1525 1873 1819 1907
13830 4 2 3 5 1873 1525 2297 1907
13831 4 2 3 5 2665 2663 2022 1624
13832 4 2 3 5 1359 1346 1617 1626
13833 4 2 3 5 1564 2334 2682 1624
13834 4 2 3 5 1623 2031 2024 2030
13835 4 2 3 5 2032 2029 1529 2030
13836 4 2 3 5 2022 2334 2338 1624
13837 4 2 3 5 2334 1632 2338 1624
13838 4 2 3 5 379 95 479 1635
13839 4 2 3 5 95 379 2091 1635
13840 4 2 3 5 2168 548 1635 483
13841 4 2 3 5 1699 2168 1635 483
13842 4 2 3 5 1698 1699 1635 483
13843 4 2 3 5 1634 1698 1635 483
13844 4 2 3 5 2168 1698 1699 1635
13845 4 2 3 5 1634 1698 2168 1635
13846 4 2 3 5 1665 2168 1646 1659
13847 4 2 3 5 2168 1596 1646 1659
13848 4 2 3 5 1657 2355 1659 2008
13849 4 2 3 5 2357 2358 1701 1657
13850 4 2 3 5 1698 2481 1659 2002
13851 4 2 3 5 1638 2500 1650 1637
13852 4 2 3 5 2498 1638 2500 1650
13853 4 2 3 5 1656 2357 1701 1657
13854 4 2 3 5 2164 1364 1701 1976
13855 4 2 3 5 1657 2355 1701 1659
13856 4 2 3 5 2201 1753 1743 1738
13857 4 2 3 5 2455 1361 2589 1758
13858 4 2 3 5 2586 2455 2589 2587
13859 4 2 3 5 1952 1849 1845 1187
13860 4 2 3 5 1676 2593 1667 1668
13861 4 2 3 5 1957 1864 1668 1679
13862 4 2 3 5 2444 2443 1679 2445
13863 4 2 3 5 2444 1678 1679 2443
13864 4 2 3 5 1988 1955 1668 1679
13865 4 2 3 5 1955 1988 1959 1679
13866 4 2 3 5 1955 1957 1668 1679
13867 4 2 3 5 1957 1955 1959 1679
13868 4 2 3 5 1689 1691 1693 1690
13869 4 2 3 5 2166 1979 1980 1690
13870 4 2 3 5 1979 2166 1691 1690
13871 4 2 3 5 1681 1432 1995 1975
13872 4 2 3 5 1976 2164 1975 1703
13873 4 2 3 5 1693 2166 1980 1690
13874 4 2 3 5 1691 2166 1693 1690
13875 4 2 3 5 1698 1634 2168 1659
13876 4 2 3 5 1351 1645 1646 1661
13877 4 2 3 5 1651 1645 1661 1637
13878 4 2 3 5 1658 1651 1661 1447
13879 4 2 3 5 1140 2692 1712 1293
13880 4 2 3 5 755 847 1242 1284
13881 4 2 3 5 1652 1243 1242 1600
13882 4 2 3 5 1707 2692 1712 2693
13883 4 2 3 5 1696 1707 1712 2693
13884 4 2 3 5 1149 2692 2691 1712
13885 4 2 3 5 1707 2692 1149 1712
13886 4 2 3 5 1149 1166 1712 2691
13887 4 2 3 5 1149 1707 1712 1166
13888 4 2 3 5 1731 1729 2404 1723
13889 4 2 3 5 2404 2402 2425 1723
13890 4 2 3 5 2402 1729 2425 1723
13891 4 2 3 5 1729 2402 2404 1723
13892 4 2 3 5 1761 1733 1760 2195
13893 4 2 3 5 2241 2245 2244 2240
13894 4 2 3 5 2240 1835 1834 2244
13895 4 2 3 5 1840 1927 1834 1843
13896 4 2 3 5 2209 1757 2425 1747
13897 4 2 3 5 2250 1838 1837 1747
13898 4 2 3 5 1757 1770 2425 1747
13899 4 2 3 5 2209 2425 2191 1747
13900 4 2 3 5 2402 1260 2191 1747
13901 4 2 3 5 2402 1729 1260 1747
13902 4 2 3 5 1779 1374 1769 2206
13903 4 2 3 5 1407 1275 2246 1134
13904 4 2 3 5 889 885 888 1409
13905 4 2 3 5 1836 1373 1746 1736
13906 4 2 3 5 2157 2606 2385 67
13907 4 2 3 5 1722 1127 1769 1730
13908 4 2 3 5 1750 1748 1765 1767
13909 4 2 3 5 1748 1739 1765 1767
13910 4 2 3 5 1739 1748 1750 1767
13911 4 2 3 5 1838 1837 1778 1923
13912 4 2 3 5 1837 1922 1778 1923
13913 4 2 3 5 1922 1825 1778 1923
13914 4 2 3 5 1825 1922 1778 1837
13915 4 2 3 5 2303 2044 1792 2316
13916 4 2 3 5 1520 1796 1792 2316
13917 4 2 3 5 116 2106 2539 2105
13918 4 2 3 5 2540 2106 2539 116
13919 4 2 3 5 1358 2128 2550 2134
13920 4 2 3 5 2128 1358 2550 1543
13921 4 2 3 5 1789 2265 1800 1799
13922 4 2 3 5 2247 1944 1823 1943
13923 4 2 3 5 1822 1922 1823 1923
13924 4 2 3 5 1395 2247 1823 1943
13925 4 2 3 5 1133 1395 2247 1823
13926 4 2 3 5 1926 1937 1925 1810
13927 4 2 3 5 1786 1543 2550 2134
13928 4 2 3 5 1555 1786 2550 2134
13929 4 2 3 5 2190 1814 1940 2451
13930 4 2 3 5 1808 1194 1613 1907
13931 4 2 3 5 1915 1906 1819 1907
13932 4 2 3 5 2287 1873 1819 1525
13933 4 2 3 5 1915 1873 1819 2287
13934 4 2 3 5 2032 2031 2030 1529
13935 4 2 3 5 2280 1205 1819 1527
13936 4 2 3 5 1829 2104 1830 2101
13937 4 2 3 5 2044 1820 1828 1396
13938 4 2 3 5 2243 1841 1189 1843
13939 4 2 3 5 1928 1201 1189 1841
13940 4 2 3 5 1417 1415 1865 1189
13941 4 2 3 5 1408 1417 1189 732
13942 4 2 3 5 1417 1415 1189 732
13943 4 2 3 5 1201 1928 1189 1501
13944 4 2 3 5 1955 1860 1430 2257
13945 4 2 3 5 445 532 2019 2594
13946 4 2 3 5 461 407 2041 410
13947 4 2 3 5 2459 2342 509 1964
13948 4 2 3 5 1857 2595 1954 2591
13949 4 2 3 5 1848 1855 1856 1845
13950 4 2 3 5 2456 1853 1951 1856
13951 4 2 3 5 2347 2443 1997 1677
13952 4 2 3 5 2586 1864 2589 1983
13953 4 2 3 5 2508 2586 2469 2589
13954 4 2 3 5 1873 1146 1918 1907
13955 4 2 3 5 1528 2341 2340 1527
13956 4 2 3 5 1204 783 1220 782
13957 4 2 3 5 844 1232 1220 782
13958 4 2 3 5 1224 721 2279 1220
13959 4 2 3 5 1202 689 772 2279
13960 4 2 3 5 2220 1968 1885 2221
13961 4 2 3 5 1968 2220 1885 1881
13962 4 2 3 5 2220 1912 2221 1885
13963 4 2 3 5 2220 1881 1912 1885
13964 4 2 3 5 1891 1894 2277 2409
13965 4 2 3 5 2178 2410 2277 2017
13966 4 2 3 5 1515 2339 2280 2277
13967 4 2 3 5 2278 2410 2277 2178
13968 4 2 3 5 2278 2577 2277 1914
13969 4 2 3 5 1786 1555 2550 1543
13970 4 2 3 5 2557 2520 2558 2560
13971 4 2 3 5 1315 2494 2560 1317
13972 4 2 3 5 1380 2494 2560 1315
13973 4 2 3 5 1443 2431 2430 2428
13974 4 2 3 5 1570 1315 2560 1317
13975 4 2 3 5 2268 2309 2290 1628
13976 4 2 3 5 2294 2287 2295 1898
13977 4 2 3 5 1919 1917 1916 1912
13978 4 2 3 5 1897 1919 1916 1912
13979 4 2 3 5 1919 1897 1916 2293
13980 4 2 3 5 1917 1919 1916 2293
13981 4 2 3 5 2298 1889 2226 1898
13982 4 2 3 5 2649 2671 2666 2668
13983 4 2 3 5 1847 1932 1834 1927
13984 4 2 3 5 1724 1737 1760 1738
13985 4 2 3 5 2299 1502 1929 1503
13986 4 2 3 5 1933 1393 1929 1930
13987 4 2 3 5 1570 1380 2560 1315
13988 4 2 3 5 1300 922 2690 943
13989 4 2 3 5 1924 1945 1940 1925
13990 4 2 3 5 462 412 1940 409
13991 4 2 3 5 1946 2190 409 1940
13992 4 2 3 5 1946 409 1945 1940
13993 4 2 3 5 462 1924 1945 1940
13994 4 2 3 5 2439 2441 2438 2171
13995 4 2 3 5 2120 1688 1949 2352
13996 4 2 3 5 1711 1663 1693 1365
13997 4 2 3 5 1947 2661 1692 1949
13998 4 2 3 5 1888 1948 1401 1962
13999 4 2 3 5 2328 2327 2434 1962
14000 4 2 3 5 1970 1888 1962 1887
14001 4 2 3 5 1433 1674 1995 1681
14002 4 2 3 5 2163 1977 1975 1703
14003 4 2 3 5 1961 1956 1962 1887
14004 4 2 3 5 1980 1401 1690 1962
14005 4 2 3 5 442 2001 2000 2484
14006 4 2 3 5 491 530 1971 492
14007 4 2 3 5 530 442 2000 2484
14008 4 2 3 5 1972 1700 2354 1976
14009 4 2 3 5 1700 1976 1701 2354
14010 4 2 3 5 2471 2000 2484 2354
14011 4 2 3 5 1700 1686 2471 2354
14012 4 2 3 5 97 489 2161 2440
14013 4 2 3 5 1981 1886 1982 2227
14014 4 2 3 5 1886 1981 1982 1695
14015 4 2 3 5 1696 1448 1694 1600
14016 4 2 3 5 1151 1696 1448 1694
14017 4 2 3 5 1601 1652 1694 1600
14018 4 2 3 5 1151 1448 1442 1694
14019 4 2 3 5 1446 1695 1883 1993
14020 4 2 3 5 1684 1446 1883 1993
14021 4 2 3 5 1446 1684 1695 1993
14022 4 2 3 5 1293 1281 1982 1993
14023 4 2 3 5 1685 1293 1982 1993
14024 4 2 3 5 1425 1788 2478 2004
14025 4 2 3 5 2415 1788 1425 2004
14026 4 2 3 5 1788 2230 2015 395
14027 4 2 3 5 1788 1787 2015 2004
14028 4 2 3 5 2478 1788 2015 2004
14029 4 2 3 5 2230 1788 2015 2478
14030 4 2 3 5 1219 1553 2033 2026
14031 4 2 3 5 1533 1553 1545 2026
14032 4 2 3 5 1553 1533 2033 2026
14033 4 2 3 5 1366 2509 2037 2531
14034 4 2 3 5 1366 2496 2037 2509
14035 4 2 3 5 2139 2531 1458 1319
14036 4 2 3 5 1468 1471 1453 2050
14037 4 2 3 5 2555 2562 2517 2556
14038 4 2 3 5 2512 2514 2515 2509
14039 4 2 3 5 1329 1579 2068 2048
14040 4 2 3 5 2047 1579 1329 2048
14041 4 2 3 5 1592 1577 1585 1582
14042 4 2 3 5 1638 2498 2500 1330
14043 4 2 3 5 2530 2529 1315 2528
14044 4 2 3 5 1317 1451 2493 2528
14045 4 2 3 5 2068 1579 1582 2070
14046 4 2 3 5 1585 1587 2070 1602
14047 4 2 3 5 1585 1586 2070 1587
14048 4 2 3 5 1452 1329 1560 1582
14049 4 2 3 5 1323 1461 1462 2046
14050 4 2 3 5 2079 510 2081 2072
14051 4 2 3 5 2545 1577 2075 1562
14052 4 2 3 5 2055 1463 2081 1462
14053 4 2 3 5 2122 2168 96 2169
14054 4 2 3 5 2349 97 2350 2438
14055 4 2 3 5 1662 1709 1661 1447
14056 4 2 3 5 1364 1665 2438 2171
14057 4 2 3 5 2439 2441 2352 2438
14058 4 2 3 5 2137 2175 2138 2174
14059 4 2 3 5 423 436 2138 457
14060 4 2 3 5 2135 1548 2138 2137
14061 4 2 3 5 2183 423 2138 457
14062 4 2 3 5 2321 2172 2549 2173
14063 4 2 3 5 2102 2098 2172 2173
14064 4 2 3 5 2115 2117 2108 2114
14065 4 2 3 5 2109 2659 2108 2114
14066 4 2 3 5 2659 2109 2681 2114
14067 4 2 3 5 2117 2109 2108 2114
14068 4 2 3 5 2681 2109 2117 2114
14069 4 2 3 5 115 478 2125 1619
14070 4 2 3 5 1608 1590 2125 1589
14071 4 2 3 5 1590 1608 2125 2132
14072 4 2 3 5 1590 1564 2132 2125
14073 4 2 3 5 1564 1590 1563 2125
14074 4 2 3 5 1623 1608 2125 1589
14075 4 2 3 5 1608 1623 2125 2132
14076 4 2 3 5 2126 1619 2125 114
14077 4 2 3 5 2131 2126 2125 114
14078 4 2 3 5 425 456 2136 2174
14079 4 2 3 5 456 2082 426 2136
14080 4 2 3 5 425 456 426 2136
14081 4 2 3 5 2146 1257 2147 1485
14082 4 2 3 5 2534 2533 2535 1130
14083 4 2 3 5 1485 1488 1489 2147
14084 4 2 3 5 2144 1488 1485 2147
14085 4 2 3 5 2146 2144 1485 2147
14086 4 2 3 5 2210 1259 1357 2622
14087 4 2 3 5 1488 1489 2147 2149
14088 4 2 3 5 1313 1312 2552 2158
14089 4 2 3 5 65 519 2158 1569
14090 4 2 3 5 519 65 2158 373
14091 4 2 3 5 1568 2596 2158 1569
14092 4 2 3 5 1568 1313 2158 2596
14093 4 2 3 5 1568 519 1569 2158
14094 4 2 3 5 519 1568 1313 2158
14095 4 2 3 5 1653 1651 1661 1637
14096 4 2 3 5 1809 1814 2180 1890
14097 4 2 3 5 1900 1890 2180 1892
14098 4 2 3 5 1900 1809 2180 1890
14099 4 2 3 5 1904 1900 1901 2180
14100 4 2 3 5 1900 1809 1901 2180
14101 4 2 3 5 886 2402 2191 2425
14102 4 2 3 5 2621 2250 2620 1409
14103 4 2 3 5 1837 2615 1745 1747
14104 4 2 3 5 1755 1745 1747 1756
14105 4 2 3 5 1757 1755 1747 1756
14106 4 2 3 5 2417 2203 2233 2416
14107 4 2 3 5 2202 2232 2233 2416
14108 4 2 3 5 2012 2011 2233 1152
14109 4 2 3 5 1899 2553 514 2223
14110 4 2 3 5 1899 2553 2223 2554
14111 4 2 3 5 922 1285 2690 2691
14112 4 2 3 5 1285 922 2690 1300
14113 4 2 3 5 1968 1857 2430 1878
14114 4 2 3 5 588 561 5 2623
14115 4 2 3 5 369 533 2223 514
14116 4 2 3 5 2214 2040 2554 2039
14117 4 2 3 5 504 2224 2223 2213
14118 4 2 3 5 2224 504 2223 2343
14119 4 2 3 5 533 460 505 2039
14120 4 2 3 5 460 2553 2187 2041
14121 4 2 3 5 2564 588 5 2623
14122 4 2 3 5 1862 2203 2233 1859
14123 4 2 3 5 1999 1862 2233 1859
14124 4 2 3 5 1261 2247 1269 2246
14125 4 2 3 5 1408 2243 1407 1165
14126 4 2 3 5 1840 1842 1841 1865
14127 4 2 3 5 1840 1841 1843 1865
14128 4 2 3 5 1408 2243 1865 1407
14129 4 2 3 5 2200 1868 1867 1756
14130 4 2 3 5 1866 2198 2195 1867
14131 4 2 3 5 1762 1851 2195 1734
14132 4 2 3 5 1762 2256 1852 1845
14133 4 2 3 5 1714 1724 1760 1738
14134 4 2 3 5 1844 1840 2255 1841
14135 4 2 3 5 1840 1842 2255 1841
14136 4 2 3 5 1952 2323 2592 1953
14137 4 2 3 5 1849 1952 1965 1187
14138 4 2 3 5 588 2564 5 64
14139 4 2 3 5 77 558 76 2266
14140 4 2 3 5 77 599 558 2266
14141 4 2 3 5 2265 599 77 2266
14142 4 2 3 5 2251 1815 1942 2646
14143 4 2 3 5 76 2251 1942 2646
14144 4 2 3 5 2251 2618 2646 76
14145 4 2 3 5 2584 76 1942 2646
14146 4 2 3 5 108 2579 2275 2583
14147 4 2 3 5 2570 435 417 2580
14148 4 2 3 5 2276 2270 2578 2275
14149 4 2 3 5 1896 2282 1916 2286
14150 4 2 3 5 1515 2339 1143 1527
14151 4 2 3 5 1896 1871 2282 2340
14152 4 2 3 5 2282 2283 1916 2286
14153 4 2 3 5 2283 2282 2284 2286
14154 4 2 3 5 1919 1917 1525 2297
14155 4 2 3 5 1917 2287 1525 2297
14156 4 2 3 5 2685 1625 1628 1898
14157 4 2 3 5 2685 2686 1876 1898
14158 4 2 3 5 726 1915 1907 1906
14159 4 2 3 5 1625 2407 1628 1898
14160 4 2 3 5 372 2335 2174 2365
14161 4 2 3 5 359 506 2581 2307
14162 4 2 3 5 1896 2285 2307 2412
14163 4 2 3 5 372 2174 534 2365
14164 4 2 3 5 2276 1891 2307 2581
14165 4 2 3 5 1797 2319 2318 1538
14166 4 2 3 5 1494 1355 1478 1538
14167 4 2 3 5 1802 2319 2318 1251
14168 4 2 3 5 1797 2314 2318 1251
14169 4 2 3 5 2319 1797 2318 1251
14170 4 2 3 5 2314 1797 2318 1538
14171 4 2 3 5 1558 1496 1538 2318
14172 4 2 3 5 2023 1631 2329 2336
14173 4 2 3 5 1623 2334 2331 2132
14174 4 2 3 5 1632 1623 2334 2331
14175 4 2 3 5 1605 2131 2331 2329
14176 4 2 3 5 2334 2332 2022 2331
14177 4 2 3 5 2330 1526 1207 1143
14178 4 2 3 5 1950 1688 2352 1690
14179 4 2 3 5 1688 1950 2352 2348
14180 4 2 3 5 2661 1947 2673 2679
14181 4 2 3 5 2446 2326 2447 2325
14182 4 2 3 5 2672 2654 2676 2679
14183 4 2 3 5 101 607 2447 100
14184 4 2 3 5 1977 1974 2162 1432
14185 4 2 3 5 1977 2163 2162 1703
14186 4 2 3 5 2360 1704 2162 2361
14187 4 2 3 5 1177 1173 1174 1154
14188 4 2 3 5 2163 1438 1681 1154
14189 4 2 3 5 1174 1172 1681 1167
14190 4 2 3 5 1268 1153 663 1244
14191 4 2 3 5 1748 1765 2416 2418
14192 4 2 3 5 2466 1349 1176 1240
14193 4 2 3 5 1386 2232 1771 1861
14194 4 2 3 5 1148 2373 2374 2418
14195 4 2 3 5 2415 1768 1715 2383
14196 4 2 3 5 1788 2415 2383 2004
14197 4 2 3 5 2415 1788 2383 1774
14198 4 2 3 5 1788 1787 2004 2383
14199 4 2 3 5 1788 1774 1787 2383
14200 4 2 3 5 886 2402 2425 2405
14201 4 2 3 5 1575 2379 2401 2394
14202 4 2 3 5 1575 2393 2379 2394
14203 4 2 3 5 1257 1489 1500 2569
14204 4 2 3 5 1130 2393 1264 2394
14205 4 2 3 5 2568 2404 2405 2401
14206 4 2 3 5 2405 2210 883 2622
14207 4 2 3 5 1257 880 882 881
14208 4 2 3 5 1669 1671 1431 1969
14209 4 2 3 5 901 1328 2147 1343
14210 4 2 3 5 1257 882 901 1343
14211 4 2 3 5 1489 2149 2569 1343
14212 4 2 3 5 2373 1719 2374 2418
14213 4 2 3 5 2205 1388 1750 2204
14214 4 2 3 5 1740 1739 1749 1752
14215 4 2 3 5 776 747 1176 1244
14216 4 2 3 5 1877 2214 2223 2344
14217 4 2 3 5 1954 2323 2430 1967
14218 4 2 3 5 2575 1893 2182 2582
14219 4 2 3 5 2437 1884 2436 2227
14220 4 2 3 5 2227 1886 2436 2219
14221 4 2 3 5 1884 1886 2436 2227
14222 4 2 3 5 2444 2326 2447 2446
14223 4 2 3 5 647 101 2447 2325
14224 4 2 3 5 101 647 2447 607
14225 4 2 3 5 2446 101 2325 2447
14226 4 2 3 5 2446 2444 101 2447
14227 4 2 3 5 2362 647 2447 2325
14228 4 2 3 5 647 2362 2447 2676
14229 4 2 3 5 643 647 607 2447
14230 4 2 3 5 647 643 2676 2447
14231 4 2 3 5 464 2089 2458 2253
14232 4 2 3 5 2258 1985 1431 1984
14233 4 2 3 5 1669 1985 1431 2258
14234 4 2 3 5 1985 1969 1431 1984
14235 4 2 3 5 1985 1669 1431 1969
14236 4 2 3 5 2467 433 496 2458
14237 4 2 3 5 1677 2508 2484 2469
14238 4 2 3 5 1426 1677 2484 2469
14239 4 2 3 5 1860 1759 2589 1758
14240 4 2 3 5 1759 2588 2589 1758
14241 4 2 3 5 1677 1426 1361 2469
14242 4 2 3 5 2508 1677 1361 2469
14243 4 2 3 5 394 398 466 2237
14244 4 2 3 5 466 2230 2237 2229
14245 4 2 3 5 2469 1426 1758 2237
14246 4 2 3 5 398 2236 2235 2237
14247 4 2 3 5 2478 2479 2015 2480
14248 4 2 3 5 2479 2475 2015 2480
14249 4 2 3 5 2475 2479 2478 2480
14250 4 2 3 5 2512 1568 2495 528
14251 4 2 3 5 475 2057 2491 2037
14252 4 2 3 5 2496 475 2491 2037
14253 4 2 3 5 367 475 2057 2491
14254 4 2 3 5 2490 367 2057 2491
14255 4 2 3 5 2490 2486 367 2491
14256 4 2 3 5 2067 2545 2506 1592
14257 4 2 3 5 2545 1586 1465 2537
14258 4 2 3 5 2541 2544 1593 2506
14259 4 2 3 5 2502 2505 1593 2506
14260 4 2 3 5 2487 2488 2506 2502
14261 4 2 3 5 1653 1334 1595 1637
14262 4 2 3 5 1643 1642 1595 1655
14263 4 2 3 5 1367 2555 2561 2515
14264 4 2 3 5 2038 2531 2037 2513
14265 4 2 3 5 2531 2509 2037 2513
14266 4 2 3 5 2516 2509 2531 2513
14267 4 2 3 5 2060 1347 2525 1332
14268 4 2 3 5 1378 2544 2504 1332
14269 4 2 3 5 2503 1347 1332 2525
14270 4 2 3 5 1492 1491 2629 2151
14271 4 2 3 5 1488 2148 1495 2149
14272 4 2 3 5 1489 1257 1343 2569
14273 4 2 3 5 1574 1572 1730 1573
14274 4 2 3 5 374 85 2140 520
14275 4 2 3 5 2172 361 1540 529
14276 4 2 3 5 2153 84 2140 482
14277 4 2 3 5 374 482 536 2546
14278 4 2 3 5 482 447 536 2546
14279 4 2 3 5 1449 2547 2140 2546
14280 4 2 3 5 1458 2547 2140 1449
14281 4 2 3 5 1457 1455 2516 2556
14282 4 2 3 5 1130 1273 1264 2535
14283 4 2 3 5 2397 2380 2394 1266
14284 4 2 3 5 893 2568 2394 1264
14285 4 2 3 5 2535 2567 1343 1264
14286 4 2 3 5 2250 1746 1409 1747
14287 4 2 3 5 1574 1730 2403 1573
14288 4 2 3 5 2187 1814 2554 2571
14289 4 2 3 5 2579 552 2570 2580
14290 4 2 3 5 2570 2579 2580 2578
14291 4 2 3 5 1814 1890 2571 2572
14292 4 2 3 5 2572 2179 2571 1782
14293 4 2 3 5 103 2595 2322 2433
14294 4 2 3 5 101 2446 102 2445
14295 4 2 3 5 2593 2595 2591 1954
14296 4 2 3 5 2446 2364 2325 102
14297 4 2 3 5 2342 497 2322 2460
14298 4 2 3 5 2446 2364 102 2322
14299 4 2 3 5 1954 2323 2591 1951
14300 4 2 3 5 103 370 2342 503
14301 4 2 3 5 2455 2454 2587 2460
14302 4 2 3 5 2606 1730 2640 2598
14303 4 2 3 5 570 2637 2602 2598
14304 4 2 3 5 1406 2637 2598 2602
14305 4 2 3 5 2637 1406 2607 2602
14306 4 2 3 5 583 580 2609 2211
14307 4 2 3 5 70 583 2609 2211
14308 4 2 3 5 601 581 2609 583
14309 4 2 3 5 601 2606 2609 581
14310 4 2 3 5 581 583 580 2609
14311 4 2 3 5 2637 581 580 2609
14312 4 2 3 5 1923 1838 2620 1778
14313 4 2 3 5 1838 2621 2620 1778
14314 4 2 3 5 1826 1923 2620 1778
14315 4 2 3 5 2210 1826 2620 1778
14316 4 2 3 5 2250 1838 2620 1923
14317 4 2 3 5 1838 2250 2620 2621
14318 4 2 3 5 574 578 2605 2631
14319 4 2 3 5 578 574 589 2631
14320 4 2 3 5 2631 2630 2635 2633
14321 4 2 3 5 2319 1798 2305 1801
14322 4 2 3 5 2647 2265 2642 1799
14323 4 2 3 5 2265 2632 2642 1799
14324 4 2 3 5 2265 2647 2642 2266
14325 4 2 3 5 2632 2265 2642 2266
14326 4 2 3 5 2267 625 2655 648
14327 4 2 3 5 2414 2413 2655 2653
14328 4 2 3 5 2652 2656 2684 2655
14329 4 2 3 5 649 2291 2273 2655
14330 4 2 3 5 1633 2020 1876 2668
14331 4 2 3 5 2652 2671 2684 2668
14332 4 2 3 5 1346 1610 1587 2074
14333 4 2 3 5 2649 2671 639 2666
14334 4 2 3 5 2669 616 2666 2662
14335 4 2 3 5 2663 2665 2668 2664
14336 4 2 3 5 2661 2658 2675 2660
14337 4 2 3 5 2661 2648 2675 2658
14338 4 2 3 5 2678 1950 2679 2447
14339 4 2 3 5 2362 2326 2325 2679
14340 4 2 3 5 2022 1625 1624 1876
14341 4 2 3 5 2295 2111 2651 1876
14342 4 2 3 5 2286 1872 1898 2407
14343 4 2 3 5 2297 2294 2226 1898
14344 4 2 3 5 2686 2293 1889 1898
14345 4 2 3 5 2298 2294 2226 1615
14346 4 2 3 5 1360 1566 2651 2063
14347 4 2 3 5 2089 437 408 406
14348 4 2 3 5 2071 1346 1587 2074
14349 4 2 3 5 1600 1448 1694 1442
14350 4 2 3 5 1618 1663 2096 1365
14351 4 2 3 5 66 480 67 2159
14352 4 2 3 5 1441 1384 2386 2387
14353 4 2 3 5 66 2159 67 2386
14354 4 2 3 5 2606 68 2385 67
14355 4 2 3 5 2323 1952 2591 1951
14356 4 2 3 5 2632 2302 78 79
14357 4 2 3 5 2265 2302 78 2632
14358 4 2 3 5 2323 1954 2591 1967
14359 4 2 3 5 1967 1857 2591 1856
14360 4 2 3 5 1954 1857 2591 1967
14361 4 2 3 5 1952 2323 2591 1967
14362 4 2 3 5 2065 2064 375 2066
14363 4 2 3 5 101 2446 2445 100
14364 4 2 3 5 2446 2444 2445 100
14365 4 2 3 5 2444 2446 101 100
14366 4 2 3 5 2411 2408 2336 111
14367 4 2 3 5 2337 2411 2336 111
14368 4 2 3 5 76 77 2584 356
14369 4 2 3 5 76 2584 1939 356
14370 4 2 3 5 1800 2584 77 2695
14371 4 2 3 5 356 541 77 2696
14372 4 2 3 5 77 541 78 2697
14373 4 2 3 5 2696 541 77 2697
14374 4 2 3 5 77 78 2265 2697
14375 4 2 3 5 541 500 78 2698
14376 4 2 3 5 452 500 541 2698
14377 4 2 3 5 2302 78 2306 2265
14378 4 2 3 5 1899 369 107 2223
14379 4 2 3 5 2579 1899 107 2699
14380 4 2 3 5 498 2579 107 108
14381 4 2 3 5 2289 2275 108 2270
14382 4 2 3 5 108 2275 2579 2270
14383 4 2 3 5 356 1938 451 2701
14384 4 2 3 5 1939 1938 356 2701
14385 4 2 3 5 452 541 356 2698
14386 4 2 3 5 412 451 1940 2702
14387 4 2 3 5 412 1940 2179 2702
14388 4 2 3 5 463 452 416 2703
14389 4 2 3 5 463 416 458 2703
14390 4 2 3 5 2042 2300 1394 2706
14391 4 2 3 5 2261 2300 2042 2706
14392 4 2 3 5 2043 1816 1394 2585
14393 4 2 3 5 2300 2043 1394 2707
14394 4 2 3 5 2262 2043 2300 2707
14395 4 2 3 5 1816 1812 1394 2585
14396 4 2 3 5 1782 1816 1516 2585
14397 4 2 3 5 2448 1782 1516 2585
14398 4 2 3 5 2099 2448 1516 2585
14399 4 2 3 5 1893 1909 1627 1913
14400 4 2 3 5 2276 1893 1627 1913
14401 4 2 3 5 1812 1816 1782 2585
14402 4 2 3 5 2585 2179 1782 2702
14403 4 2 3 5 1813 1800 1789 2695
14404 4 2 3 5 1789 2261 1813 2706
14405 4 2 3 5 2265 2302 1789 2306
14406 4 2 3 5 2043 1792 1791 2709
14407 4 2 3 5 2262 1792 2043 2709
14408 4 2 3 5 1813 2584 1800 2695
14409 4 2 3 5 1926 1936 1803 1810
14410 4 2 3 5 2188 1810 1803 1936
14411 4 2 3 5 2042 1812 1803 2551
14412 4 2 3 5 1813 1932 1811 1933
14413 4 2 3 5 2261 2042 1813 2706
14414 4 2 3 5 2190 1940 1814 2179
14415 4 2 3 5 1857 2591 1856 2427
14416 4 2 3 5 2591 2222 1856 2427
14417 4 2 3 5 1856 2222 2214 2427
14418 4 2 3 5 2427 2595 1857 2591
14419 4 2 3 5 1869 2346 2414 1881
14420 4 2 3 5 2414 1889 1869 1881
14421 4 2 3 5 2344 1877 2214 1878
14422 4 2 3 5 1903 2214 1877 1878
14423 4 2 3 5 1908 2216 1878 1912
14424 4 2 3 5 1967 1879 1878 1903
14425 4 2 3 5 1908 1878 2344 1912
14426 4 2 3 5 1882 1968 1881 2427
14427 4 2 3 5 1881 1889 1885 2711
14428 4 2 3 5 2414 1889 1881 2711
14429 4 2 3 5 1897 2346 1881 2712
14430 4 2 3 5 2433 2427 1882 2225
14431 4 2 3 5 1889 1970 1885 2711
14432 4 2 3 5 2225 2426 2414 2713
14433 4 2 3 5 2269 1892 1890 1900
14434 4 2 3 5 1892 2269 1911 1908
14435 4 2 3 5 1911 1905 1892 1908
14436 4 2 3 5 1904 1900 1892 1905
14437 4 2 3 5 1916 2285 1897 2270
14438 4 2 3 5 2272 1897 2271 2714
14439 4 2 3 5 1897 2289 2271 2270
14440 4 2 3 5 1912 1916 1897 1911
14441 4 2 3 5 2285 2289 1897 2270
14442 4 2 3 5 2269 2344 1899 2343
14443 4 2 3 5 2344 2223 1899 2343
14444 4 2 3 5 1908 2269 1900 1892
14445 4 2 3 5 1905 1908 1900 1892
14446 4 2 3 5 1912 1908 1905 1911
14447 4 2 3 5 2276 2285 1916 2270
14448 4 2 3 5 1936 2188 1940 2710
14449 4 2 3 5 1939 2584 2551 2695
14450 4 2 3 5 2222 2427 2213 2214
14451 4 2 3 5 2213 2427 2224 2214
14452 4 2 3 5 2224 2344 2213 2214
14453 4 2 3 5 2225 2343 2224 2715
14454 4 2 3 5 2345 2343 2225 2715
14455 4 2 3 5 2343 2344 2224 1878
14456 4 2 3 5 2225 2346 2345 2712
14457 4 2 3 5 2414 2346 2225 1881
14458 4 2 3 5 2578 2275 2270 2579
14459 4 2 3 5 2275 2285 2270 2289
14460 4 2 3 5 2343 2345 2271 2712
14461 4 2 3 5 2345 2346 2271 2712
14462 4 2 3 5 1939 356 2584 2701
14463 4 2 3 5 2265 78 2306 2697
14464 4 2 3 5 107 1899 2223 2343
14465 4 2 3 5 108 2289 2270 2716
14466 4 2 3 5 1627 2276 1913 2708
14467 4 2 3 5 1789 2265 2306 2697
14468 4 2 3 5 2214 1903 1967 1878
14469 4 2 3 5 1856 1857 2427 2214
14470 4 2 3 5 2214 2344 1878 2224
14471 4 2 3 5 1881 1882 2427 2225
14472 4 2 3 5 1897 1916 2270 1911
14473 4 2 3 5 2289 2271 2270 2716
14474 4 2 3 5 2270 2271 1897 1911
14475 4 2 3 5 2343 1899 2269 2699
14476 4 2 3 5 2224 2343 1878 2715
14477 4 2 3 5 2225 1881 2346 2712
14478 4 2 3 5 2225 2414 1881 2713
14479 4 2 3 5 107 1899 2343 2699
14480 4 2 3 5 1881 1882 2225 2713
14481 4 2 3 5 1792 2262 1789 2709
14482 4 2 3 5 356 541 2696 2698
14483 4 2 3 5 541 78 2697 2698
14484 4 2 3 5 451 1940 2702 2704
14485 4 2 3 5 452 416 2703 2700
14486 4 2 3 5 2703 416 458 2717
14487 4 2 3 5 2700 416 2703 2717
14488 4 2 3 5 1394 2042 2706 2695
14489 4 2 3 5 1394 2300 2707 2706
14490 4 2 3 5 2262 2043 2707 2709
14491 4 2 3 5 1789 1813 2695 2706
14492 4 2 3 5 1789 2262 2707 2709
14493 4 2 3 5 1813 2706 2042 2695
14494 4 2 3 5 2551 2701 1939 2695
14495 4 2 3 5 1939 2584 2695 2701
14496 4 2 3 5 2345 2343 2715 2712
14497 4 2 3 5 2345 2715 2225 2712
14498 4 2 3 5 2271 2343 2712 2714
14499 4 2 3 5 2343 2271 2699 2269
14500 4 2 3 5 2270 2716 2271 2699
14501 4 2 3 5 1878 2715 2343 2712
14502 4 2 3 5 2225 1881 2712 2715
14503 4 2 3 5 2269 2271 2714 2343
14504 4 2 3 5 2697 2696 541 2698
14505 4 2 3 5 2698 452 2703 2700
14506 4 2 3 5 2702 2704 1940 2710
14507 4 2 3 5 2695 77 2697 2696
14508 4 2 3 5 2585 2705 2703 2700
14509 4 2 3 5 2702 2710 2700 2704
14510 4 2 3 5 2697 2696 2698 2718
14511 4 2 3 5 2695 2696 2697 2718
14512 4 2 3 5 2698 2703 2705 2700
14513 4 2 3 5 1802 1357 1258 1539
14514 4 2 3 5 1258 2318 1802 1539
14515 4 2 3 5 1802 2318 1258 1251
14516 4 2 3 5 679 1211 815 1239
14517 4 2 3 5 679 815 1211 676
14518 4 2 3 5 94 2538 6 2542
14519 4 2 3 5 94 6 2538 538
14520 4 2 3 5 386 2002 2463 387
14521 4 2 3 5 386 2463 2002 2481
14522 4 2 3 5 2372 2370 1244 2373
14523 4 2 3 5 2372 1244 2370 2392
14524 4 2 3 5 1179 1958 1989 1974
14525 4 2 3 5 1989 1958 1179 1859
14526 4 2 3 5 1989 1178 1179 1974
14527 4 2 3 5 1179 1178 1989 1859
14528 4 2 3 5 2550 1544 1321 1236
14529 4 2 3 5 2550 1321 1544 2129
14530 4 2 3 5 802 1321 1544 1236
14531 4 2 3 5 802 1544 1321 2129
14532 4 2 3 5 1967 1856 1952 1849
14533 4 2 3 5 1952 1856 1967 2591
14534 4 2 3 5 1371 2392 2390 2391
14535 4 2 3 5 2390 2392 1371 1163
14536 4 2 3 5 1381 2369 1390 2391
14537 4 2 3 5 1381 1390 2369 1350
14538 4 2 3 5 1440 1390 2369 2391
14539 4 2 3 5 1440 2369 1390 1350
14540 4 2 3 5 536 2083 447 448
14541 4 2 3 5 447 2083 536 2546
14542 4 2 3 5 2681 2020 1611 1612
14543 4 2 3 5 2226 1614 1880 1615
14544 4 2 3 5 2297 1880 1614 1615
14545 4 2 3 5 1626 2107 1611 1564
14546 4 2 3 5 1611 2117 1626 1564
14547 4 2 3 5 2595 1956 2433 1882
14548 4 2 3 5 2595 2433 1956 1676
14549 4 2 3 5 2363 2433 1956 1882
14550 4 2 3 5 2363 1956 2433 1676
14551 4 2 3 5 474 2497 2481 385
14552 4 2 3 5 474 2481 2497 2062
14553 4 2 3 5 2635 2634 1822 2302
14554 4 2 3 5 2635 1822 2634 2636
14555 4 2 3 5 1794 1822 2634 2302
14556 4 2 3 5 1794 2634 1822 2636
14557 4 2 3 5 2613 74 1736 73
14558 4 2 3 5 2613 1736 74 2090
14559 4 2 3 5 2238 1736 74 73
14560 4 2 3 5 2238 74 1736 2090
14561 4 2 3 5 2276 2578 2708 1627
14562 4 2 3 5 2276 2708 2578 2270
14563 4 2 3 5 2578 2572 2708 1627
14564 4 2 3 5 421 2098 512 2099
14565 4 2 3 5 421 512 2098 430
14566 4 2 3 5 2080 1588 1550 1551
14567 4 2 3 5 2124 1550 1588 1551
14568 4 2 3 5 71 1726 2423 2208
14569 4 2 3 5 2423 1726 71 2097
14570 4 2 3 5 1275 2243 1245 1165
14571 4 2 3 5 1275 1245 2243 2246
14572 4 2 3 5 1963 2364 2322 1676
14573 4 2 3 5 547 2105 380 116
14574 4 2 3 5 547 380 2105 2073
14575 4 2 3 5 529 2084 2476 440
14576 4 2 3 5 529 2476 2084 1540
14577 4 2 3 5 1367 1570 2561 2556
14578 4 2 3 5 1367 2561 1570 1379
14579 4 2 3 5 1380 2561 1570 2556
14580 4 2 3 5 1380 1570 2561 1379
14581 4 2 3 5 2333 609 642 2663
14582 4 2 3 5 2333 642 609 646
14583 4 2 3 5 2528 1317 1347 1315
14584 4 2 3 5 2525 1347 1317 1315
14585 4 2 3 5 1541 1481 2547 2549
14586 4 2 3 5 915 862 1268 823
14587 4 2 3 5 915 1268 862 898
14588 4 2 3 5 519 2515 64 544
14589 4 2 3 5 64 2515 519 1569
14590 4 2 3 5 2129 2128 2056 1229
14591 4 2 3 5 2056 2128 2129 2550
14592 4 2 3 5 2056 1321 2129 1229
14593 4 2 3 5 2129 1321 2056 2550
14594 4 2 3 5 2399 1767 1716 1720
14595 4 2 3 5 1716 1767 2399 2420
14596 4 2 3 5 1716 1721 2399 1720
14597 4 2 3 5 2399 1721 1716 2420
14598 4 2 3 5 1243 760 753 1641
14599 4 2 3 5 753 760 1243 842
14600 4 2 3 5 1640 1218 1643 1337
14601 4 2 3 5 1640 1643 1218 1639
14602 4 2 3 5 1336 1643 1218 1337
14603 4 2 3 5 1336 1218 1643 1639
14604 4 2 3 5 2365 359 2307 506
14605 4 2 3 5 2365 2307 359 2408
14606 4 2 3 5 2034 1155 869 1214
14607 4 2 3 5 2034 869 1155 2033
14608 4 2 3 5 869 1155 1216 1214
14609 4 2 3 5 869 1216 1155 2033
14610 4 2 3 5 1216 1155 1581 1214
14611 4 2 3 5 1216 1581 1155 2033
14612 4 2 3 5 1248 902 895 874
14613 4 2 3 5 895 902 1248 1249
14614 4 2 3 5 887 1276 1277 905
14615 4 2 3 5 887 1277 1276 1497
14616 4 2 3 5 905 1277 913 1276
14617 4 2 3 5 905 913 1277 900
14618 4 2 3 5 1359 1565 2032 1360
14619 4 2 3 5 1359 2032 1565 1626
14620 4 2 3 5 1950 1962 2679 2326
14621 4 2 3 5 2679 1962 1950 1690
14622 4 2 3 5 2560 1223 2390 2559
14623 4 2 3 5 2560 2390 1223 1241
14624 4 2 3 5 1163 1223 2390 1241
14625 4 2 3 5 2341 1874 1528 1530
14626 4 2 3 5 2341 1528 1874 1527
14627 4 2 3 5 2287 1528 1874 1530
14628 4 2 3 5 2287 1874 1528 1527
14629 4 2 3 5 2515 93 5 544
14630 4 2 3 5 2515 5 93 2513
14631 4 2 3 5 2634 2636 1521 2635
14632 4 2 3 5 2634 1521 2636 1801
14633 4 2 3 5 2631 1521 2636 2635
14634 4 2 3 5 2631 2636 1521 1801
14635 4 2 3 5 2629 1493 1538 1537
14636 4 2 3 5 2431 1197 2226 1880
14637 4 2 3 5 2431 2226 1197 2435
14638 4 2 3 5 1615 2226 1197 1880
14639 4 2 3 5 1615 1197 2226 2435
14640 4 2 3 5 2110 1947 1692 1948
14641 4 2 3 5 2110 1692 1947 2661
14642 4 2 3 5 1491 2151 1573 2626
14643 4 2 3 5 1491 1573 2151 1492
14644 4 2 3 5 2640 2614 2600 2615
14645 4 2 3 5 2619 2600 2614 2615
14646 4 2 3 5 2619 2614 2600 2612
14647 4 2 3 5 2194 1741 1725 2208
14648 4 2 3 5 1165 745 746 1408
14649 4 2 3 5 1165 746 745 850
14650 4 2 3 5 2238 2088 1732 1724
14651 4 2 3 5 1839 2088 1732 1833
14652 4 2 3 5 1839 1732 2088 1724
14653 4 2 3 5 1864 2588 2445 2587
14654 4 2 3 5 1864 2445 2588 1679
14655 4 2 3 5 497 2322 370 2342
14656 4 2 3 5 370 2322 497 102
14657 4 2 3 5 2233 2372 1169 2417
14658 4 2 3 5 2233 1169 2372 1176
14659 4 2 3 5 747 1169 2372 2417
14660 4 2 3 5 747 2372 1169 1176
14661 4 2 3 5 1854 1926 1848 1935
14662 4 2 3 5 579 2643 553 594
14663 4 2 3 5 553 2643 579 2612
14664 4 2 3 5 1611 2109 1626 2117
14665 4 2 3 5 1236 1514 1128 1544
14666 4 2 3 5 1128 1514 1236 1830
14667 4 2 3 5 1620 1630 1785 2175
14668 4 2 3 5 1785 1630 1620 2016
14669 4 2 3 5 1785 1786 1620 2175
14670 4 2 3 5 1620 1786 1785 2016
14671 4 2 3 5 2209 1419 2425 1263
14672 4 2 3 5 1714 1741 1725 2194
14673 4 2 3 5 1714 1725 1741 1742
14674 4 2 3 5 2609 2385 1421 2606
14675 4 2 3 5 1421 2385 2609 1727
14676 4 2 3 5 1421 1730 2609 2606
14677 4 2 3 5 2435 2431 1850 1197
14678 4 2 3 5 1850 2431 2435 2434
14679 4 2 3 5 1850 1883 2435 1197
14680 4 2 3 5 2435 1883 1850 2434
14681 4 2 3 5 1828 2311 1520 1795
14682 4 2 3 5 1520 2311 1828 1518
14683 4 2 3 5 1520 2044 1828 1795
14684 4 2 3 5 1828 2044 1520 1518
14685 4 2 3 5 1389 2381 894 886
14686 4 2 3 5 894 2381 1389 1376
14687 4 2 3 5 2173 1828 1519 1555
14688 4 2 3 5 2173 1519 1828 1518
14689 4 2 3 5 1786 1519 1828 1555
14690 4 2 3 5 1786 1828 1519 1518
14691 4 2 3 5 2141 1488 1480 1487
14692 4 2 3 5 2141 1480 1488 1495
14693 4 2 3 5 1484 1480 1488 1487
14694 4 2 3 5 1484 1488 1480 1495
14695 4 2 3 5 1611 2074 1626 1617
14696 4 2 3 5 1626 2074 1611 2107
14697 4 2 3 5 1701 1687 2354 1976
14698 4 2 3 5 1701 2354 1687 2440
14699 4 2 3 5 1889 1887 2686 1888
14700 4 2 3 5 2243 1407 2246 2242
14701 4 2 3 5 2246 1407 2243 1275
14702 4 2 3 5 1308 1302 933 2689
14703 4 2 3 5 946 1308 933 951
14704 4 2 3 5 933 1308 946 1302
14705 4 2 3 5 2007 1350 2499 1241
14706 4 2 3 5 67 2385 2378 68
14707 4 2 3 5 67 2378 2385 2382
14708 4 2 3 5 952 1306 954 1250
14709 4 2 3 5 952 954 1306 941
14710 4 2 3 5 2027 2029 1529 2032
14711 4 2 3 5 1529 2029 2027 1532
14712 4 2 3 5 806 1377 831 1469
14713 4 2 3 5 806 831 1377 804
14714 4 2 3 5 953 1296 937 955
14715 4 2 3 5 937 1296 953 1283
14716 4 2 3 5 867 1200 1436 741
14717 4 2 3 5 1436 1200 867 1280
14718 4 2 3 5 1690 1947 2352 2678
14719 4 2 3 5 1690 2352 1947 1948
14720 4 2 3 5 755 1285 757 841
14721 4 2 3 5 757 1285 755 1166
14722 4 2 3 5 2451 1810 1803 2188
14723 4 2 3 5 2451 1803 1810 1847
14724 4 2 3 5 791 1195 722 790
14725 4 2 3 5 791 722 1195 1196
14726 4 2 3 5 1317 2493 1338 1315
14727 4 2 3 5 1338 2493 1317 1451
14728 4 2 3 5 1338 2510 1317 1315
14729 4 2 3 5 1730 2598 1777 2640
14730 4 2 3 5 1772 1863 1973 2590
14731 4 2 3 5 1772 1973 1863 1862
14732 4 2 3 5 1958 1863 1973 1862
14733 4 2 3 5 2589 2443 1983 2445
14734 4 2 3 5 2589 1983 2443 1997
14735 4 2 3 5 358 1983 2443 2445
14736 4 2 3 5 358 2443 1983 1997
14737 4 2 3 5 2211 593 580 2610
14738 4 2 3 5 2211 580 593 557
14739 4 2 3 5 1790 1161 1503 1502
14740 4 2 3 5 1790 1503 1161 1505
14741 4 2 3 5 2299 1503 1161 1502
14742 4 2 3 5 2299 1161 1503 1505
14743 4 2 3 5 1193 2216 1192 2215
14744 4 2 3 5 1193 1192 2216 1613
14745 4 2 3 5 1199 2216 1192 1613
14746 4 2 3 5 1886 2436 1883 1884
14747 4 2 3 5 1883 2436 1886 1615
14748 4 2 3 5 1886 2435 1883 1615
14749 4 2 3 5 1609 1626 1554 2032
14750 4 2 3 5 1609 1554 1626 1610
14751 4 2 3 5 1565 1554 1626 2032
14752 4 2 3 5 1883 1695 1886 1884
14753 4 2 3 5 1883 1886 1695 2435
14754 4 2 3 5 1278 2301 1508 1509
14755 4 2 3 5 1508 2301 1278 1156
14756 4 2 3 5 1508 1790 1278 1509
14757 4 2 3 5 1278 1790 1508 1156
14758 4 2 3 5 2278 1182 1515 1206
14759 4 2 3 5 1143 1515 1182 1206
14760 4 2 3 5 1143 1182 1515 1527
14761 4 2 3 5 1520 1536 1522 1796
14762 4 2 3 5 1525 1613 1907 1808
14763 4 2 3 5 1859 2203 1169 1168
14764 4 2 3 5 1859 1169 2203 2233
14765 4 2 3 5 497 2445 358 101
14766 4 2 3 5 497 358 2445 1983
14767 4 2 3 5 2142 2531 1457 1455
14768 4 2 3 5 1457 2556 2142 1455
14769 4 2 3 5 2142 2556 1457 1460
14770 4 2 3 5 1801 2150 2636 1825
14771 4 2 3 5 1801 2636 2150 2629
14772 4 2 3 5 1624 1626 2030 1633
14773 4 2 3 5 1624 2030 1626 2334
14774 4 2 3 5 1876 2338 1624 2022
14775 4 2 3 5 2634 79 1793 2302
14776 4 2 3 5 2634 1793 79 80
14777 4 2 3 5 483 1698 2483 2481
14778 4 2 3 5 483 2483 1698 1699
14779 4 2 3 5 805 1517 803 843
14780 4 2 3 5 803 1517 805 1234
14781 4 2 3 5 1617 1692 1664 1618
14782 4 2 3 5 1562 1583 1604 1577
14783 4 2 3 5 1604 1583 1562 2123
14784 4 2 3 5 1604 1585 1562 1577
14785 4 2 3 5 1562 1585 1604 2123
14786 4 2 3 5 2307 2282 2285 1896
14787 4 2 3 5 2307 2285 2282 1895
14788 4 2 3 5 1847 1854 1803 1935
14789 4 2 3 5 1847 1803 1854 2451
14790 4 2 3 5 1809 1803 1854 1935
14791 4 2 3 5 1809 1854 1803 2451
14792 4 2 3 5 2598 2640 1406 1777
14793 4 2 3 5 2598 1406 2640 2637
14794 4 2 3 5 2613 1836 1744 1837
14795 4 2 3 5 2613 1744 1836 1736
14796 4 2 3 5 2619 1744 1836 1837
14797 4 2 3 5 2619 1836 1744 1736
14798 4 2 3 5 919 1283 953 1305
14799 4 2 3 5 919 953 1283 937
14800 4 2 3 5 1237 669 141 1215
14801 4 2 3 5 141 669 1237 840
14802 4 2 3 5 1943 1736 2241 1836
14803 4 2 3 5 2241 1736 1943 2249
14804 4 2 3 5 1801 1794 2634 1798
14805 4 2 3 5 1801 2634 1794 2636
14806 4 2 3 5 1254 873 907 1272
14807 4 2 3 5 1254 907 873 891
14808 4 2 3 5 961 658 1300 944
14809 4 2 3 5 961 1300 658 820
14810 4 2 3 5 376 2058 521 518
14811 4 2 3 5 376 521 2058 2505
14812 4 2 3 5 1554 1529 2032 1534
14813 4 2 3 5 886 2209 897 2425
14814 4 2 3 5 886 897 2209 892
14815 4 2 3 5 1419 897 2209 2425
14816 4 2 3 5 1419 2209 897 892
14817 4 2 3 5 662 1790 774 1272
14818 4 2 3 5 662 774 1790 799
14819 4 2 3 5 1798 2634 1521 1522
14820 4 2 3 5 1521 2634 1798 1801
14821 4 2 3 5 1798 1521 2317 1522
14822 4 2 3 5 2317 1521 1798 1801
14823 4 2 3 5 1798 2317 1538 1522
14824 4 2 3 5 1538 2317 1798 1801
14825 4 2 3 5 1957 1973 1863 2590
14826 4 2 3 5 1863 1973 1957 1958
14827 4 2 3 5 1558 1256 1340 1257
14828 4 2 3 5 1558 1340 1256 1377
14829 4 2 3 5 2146 1340 1256 1257
14830 4 2 3 5 2585 2448 2179 458
14831 4 2 3 5 2585 2179 2448 1782
14832 4 2 3 5 2602 1777 1413 1406
14833 4 2 3 5 2598 1413 1777 1406
14834 4 2 3 5 1339 1491 1480 1402
14835 4 2 3 5 1339 1480 1491 1495
14836 4 2 3 5 2141 1480 1491 1402
14837 4 2 3 5 2141 1491 1480 1495
14838 4 2 3 5 867 1436 764 742
14839 4 2 3 5 764 1436 867 1280
14840 4 2 3 5 1747 2640 1837 2615
14841 4 2 3 5 850 875 904 127
14842 4 2 3 5 850 904 875 1165
14843 4 2 3 5 2613 2615 1744 2614
14844 4 2 3 5 2613 1744 2615 1837
14845 4 2 3 5 2619 1744 2615 2614
14846 4 2 3 5 2619 2615 1744 1837
14847 4 2 3 5 2239 1732 2088 1833
14848 4 2 3 5 2088 1732 2239 2238
14849 4 2 3 5 1854 1903 1809 1935
14850 4 2 3 5 1854 1809 1903 2554
14851 4 2 3 5 1903 1854 1848 1935
14852 4 2 3 5 2186 1854 1903 2185
14853 4 2 3 5 1903 1854 2186 1848
14854 4 2 3 5 625 2655 626 2671
14855 4 2 3 5 626 2655 625 648
14856 4 2 3 5 1903 2185 1877 2040
14857 4 2 3 5 1903 1877 2185 1854
14858 4 2 3 5 2554 1877 2185 2040
14859 4 2 3 5 2554 2185 1877 1854
14860 4 2 3 5 1437 1647 1335 2356
14861 4 2 3 5 1437 1335 1647 1171
14862 4 2 3 5 1650 1335 1647 2356
14863 4 2 3 5 1650 1647 1335 1171
14864 4 2 3 5 1963 2446 2322 2364
14865 4 2 3 5 1963 2322 2446 1679
14866 4 2 3 5 1663 1688 1691 1689
14867 4 2 3 5 1691 1688 1663 2441
14868 4 2 3 5 2604 1776 1825 2603
14869 4 2 3 5 1825 2602 2604 2603
14870 4 2 3 5 1947 2673 1888 1948
14871 4 2 3 5 1888 2673 1947 1887
14872 4 2 3 5 2315 1517 1829 1830
14873 4 2 3 5 2315 1829 1517 1396
14874 4 2 3 5 1903 1878 1908 1879
14875 4 2 3 5 1908 1878 1903 2344
14876 4 2 3 5 2680 2414 1869 2656
14877 4 2 3 5 1869 2414 2680 1887
14878 4 2 3 5 1869 2685 2680 2656
14879 4 2 3 5 1690 1688 1692 1689
14880 4 2 3 5 1690 1692 1688 2352
14881 4 2 3 5 1541 1486 1481 1483
14882 4 2 3 5 1541 1481 1486 2547
14883 4 2 3 5 2615 2613 1726 2614
14884 4 2 3 5 1726 2613 2615 1745
14885 4 2 3 5 1726 1369 2615 2614
14886 4 2 3 5 2615 1369 1726 1745
14887 4 2 3 5 1398 1852 1668 1759
14888 4 2 3 5 1398 1668 1852 1953
14889 4 2 3 5 2588 1668 1852 1759
14890 4 2 3 5 2588 1852 1668 1953
14891 4 2 3 5 2109 1624 1626 2682
14892 4 2 3 5 1626 1624 2109 1633
14893 4 2 3 5 2585 439 1827 2099
14894 4 2 3 5 457 2138 506 436
14895 4 2 3 5 457 506 2138 2183
14896 4 2 3 5 2499 1238 1330 1335
14897 4 2 3 5 1330 1638 2499 1335
14898 4 2 3 5 2499 1638 1330 2498
14899 4 2 3 5 1278 1156 2303 2315
14900 4 2 3 5 1278 2303 1156 2301
14901 4 2 3 5 2044 2303 1156 2315
14902 4 2 3 5 2044 1156 2303 2301
14903 4 2 3 5 2610 2609 2639 2637
14904 4 2 3 5 2610 2639 2609 2611
14905 4 2 3 5 2640 2639 2609 2637
14906 4 2 3 5 2640 2609 2639 2611
14907 4 2 3 5 1728 2385 1421 1727
14908 4 2 3 5 575 2641 576 598
14909 4 2 3 5 575 576 2641 2633
14910 4 2 3 5 2286 2290 1898 2293
14911 4 2 3 5 2286 1898 2290 1896
14912 4 2 3 5 1628 1898 2290 2293
14913 4 2 3 5 1486 1462 1561 1463
14914 4 2 3 5 1486 1561 1462 2046
14915 4 2 3 5 2493 1452 1338 1456
14916 4 2 3 5 2493 1338 1452 1451
14917 4 2 3 5 1453 1338 1452 1456
14918 4 2 3 5 1453 1452 1338 1451
14919 4 2 3 5 2467 494 433 2234
14920 4 2 3 5 2467 433 494 495
14921 4 2 3 5 1493 1801 2317 1537
14922 4 2 3 5 2317 1801 1493 2320
14923 4 2 3 5 2072 380 551 511
14924 4 2 3 5 2072 551 380 1576
14925 4 2 3 5 2631 2629 2150 2636
14926 4 2 3 5 2677 99 100 633
14927 4 2 3 5 2677 100 99 2348
14928 4 2 3 5 629 2426 603 2654
14929 4 2 3 5 629 603 2426 644
14930 4 2 3 5 110 2412 2406 2411
14931 4 2 3 5 2406 2412 110 109
14932 4 2 3 5 903 661 1279 833
14933 4 2 3 5 903 1279 661 871
14934 4 2 3 5 1388 1268 2205 1419
14935 4 2 3 5 1388 2205 1268 2204
14936 4 2 3 5 2154 559 592 596
14937 4 2 3 5 2154 592 559 2616
14938 4 2 3 5 1743 539 1920 2192
14939 4 2 3 5 1743 1920 539 2235
14940 4 2 3 5 2215 1192 1965 2429
14941 4 2 3 5 1186 1965 1192 2429
14942 4 2 3 5 1186 1192 1965 1201
14943 4 2 3 5 1514 1156 2577 1203
14944 4 2 3 5 1505 2299 1930 2260
14945 4 2 3 5 1930 2299 1505 1161
14946 4 2 3 5 1930 1246 1505 2260
14947 4 2 3 5 1505 1246 1930 1161
14948 4 2 3 5 819 949 1309 656
14949 4 2 3 5 1309 949 819 917
14950 4 2 3 5 892 2191 886 885
14951 4 2 3 5 892 886 2191 2209
14952 4 2 3 5 1453 2511 1338 1455
14953 4 2 3 5 1453 1338 2511 1451
14954 4 2 3 5 2510 1338 2511 1455
14955 4 2 3 5 2588 2342 2459 1667
14956 4 2 3 5 2459 2342 2588 2460
14957 4 2 3 5 1192 2215 1184 2429
14958 4 2 3 5 2431 1184 2215 2429
14959 4 2 3 5 1854 1937 1848 1926
14960 4 2 3 5 1854 1848 1937 2453
14961 4 2 3 5 1855 1848 1937 1926
14962 4 2 3 5 1855 1937 1848 2453
14963 4 2 3 5 1832 1855 1845 2254
14964 4 2 3 5 1832 1845 1855 1848
14965 4 2 3 5 2321 2310 1536 2317
14966 4 2 3 5 2321 1536 2310 2311
14967 4 2 3 5 1522 1536 2310 2317
14968 4 2 3 5 1667 1668 2322 1676
14969 4 2 3 5 1667 2322 1668 2588
14970 4 2 3 5 1963 2322 1668 1676
14971 4 2 3 5 2322 1679 2588 2445
14972 4 2 3 5 2409 2335 2336 2408
14973 4 2 3 5 2336 2335 2409 1870
14974 4 2 3 5 2336 2411 2409 2408
14975 4 2 3 5 2409 2411 2336 1870
14976 4 2 3 5 1727 2611 1421 1728
14977 4 2 3 5 1727 1421 2611 2609
14978 4 2 3 5 1730 1421 2611 1728
14979 4 2 3 5 1730 2611 1421 2609
14980 4 2 3 5 1965 1192 1902 1201
14981 4 2 3 5 1811 1834 1934 2239
14982 4 2 3 5 1934 1834 1811 1932
14983 4 2 3 5 1423 470 387 471
14984 4 2 3 5 1423 387 470 2461
14985 4 2 3 5 2407 1872 1625 1871
14986 4 2 3 5 1625 1872 2338 1871
14987 4 2 3 5 1625 2338 1872 1876
14988 4 2 3 5 2338 1872 2030 1871
14989 4 2 3 5 2338 2030 1872 1876
14990 4 2 3 5 2055 428 2081 1531
14991 4 2 3 5 2055 2081 428 2054
14992 4 2 3 5 1238 837 671 744
14993 4 2 3 5 1238 671 837 1223
14994 4 2 3 5 2443 1972 1959 2590
14995 4 2 3 5 1688 2120 1663 2439
14996 4 2 3 5 2385 2424 1716 1775
14997 4 2 3 5 2385 1716 2424 1769
14998 4 2 3 5 2385 1728 1769 2424
14999 4 2 3 5 2580 435 552 2570
15000 4 2 3 5 2580 552 435 517
15001 4 2 3 5 2424 2385 1727 1775
15002 4 2 3 5 1727 2385 2424 1728
15003 4 2 3 5 2344 1890 1899 2554
15004 4 2 3 5 2344 1899 1890 2269
15005 4 2 3 5 1612 2665 1633 1624
15006 4 2 3 5 1633 2109 1612 1624
15007 4 2 3 5 1850 2431 2429 1184
15008 4 2 3 5 2429 2431 1850 2428
15009 4 2 3 5 2429 1188 1850 1184
15010 4 2 3 5 1850 1188 2429 2428
15011 4 2 3 5 869 1239 2034 832
15012 4 2 3 5 869 2034 1239 2033
15013 4 2 3 5 2161 2354 2170 2440
15014 4 2 3 5 2161 97 2170 1699
15015 4 2 3 5 2170 97 2161 2440
15016 4 2 3 5 803 1234 655 1164
15017 4 2 3 5 655 1234 803 805
15018 4 2 3 5 1245 907 891 909
15019 4 2 3 5 1245 891 907 1254
15020 4 2 3 5 1493 2629 1801 1537
15021 4 2 3 5 1257 881 1500 1258
15022 4 2 3 5 1257 1500 881 2569
15023 4 2 3 5 1357 1500 881 1258
15024 4 2 3 5 1357 881 1500 2569
15025 4 2 3 5 1826 1801 1923 2636
15026 4 2 3 5 1826 1923 1801 1802
15027 4 2 3 5 1824 1923 1801 2636
15028 4 2 3 5 1824 1801 1923 1802
15029 4 2 3 5 2619 1837 2642 2615
15030 4 2 3 5 2619 2642 1837 1922
15031 4 2 3 5 2640 2642 1837 2615
15032 4 2 3 5 1496 2628 1495 2627
15033 4 2 3 5 1496 1495 2628 2629
15034 4 2 3 5 1538 1493 1496 2627
15035 4 2 3 5 1538 1496 1493 2629
15036 4 2 3 5 1493 2628 1496 2627
15037 4 2 3 5 1493 1496 2628 2629
15038 4 2 3 5 1889 1970 1887 1888
15039 4 2 3 5 2239 1735 1833 1835
15040 4 2 3 5 2239 1833 1735 1732
15041 4 2 3 5 1834 1833 1735 1835
15042 4 2 3 5 1834 1735 1833 1732
15043 4 2 3 5 2581 546 2183 506
15044 4 2 3 5 2581 2183 546 2580
15045 4 2 3 5 446 2183 546 506
15046 4 2 3 5 446 546 2183 2580
15047 4 2 3 5 2365 2307 1629 1891
15048 4 2 3 5 2365 1629 2307 2408
15049 4 2 3 5 2409 1629 2307 1891
15050 4 2 3 5 2409 2307 1629 2408
15051 4 2 3 5 1668 1679 2322 1963
15052 4 2 3 5 1668 2322 1679 2588
15053 4 2 3 5 1659 1660 2481 2062
15054 4 2 3 5 1659 2481 1660 2002
15055 4 2 3 5 2497 2481 1660 2062
15056 4 2 3 5 2497 1660 2481 2002
15057 4 2 3 5 525 2098 2172 2102
15058 4 2 3 5 525 2172 2098 430
15059 4 2 3 5 1462 2066 2045 2490
15060 4 2 3 5 1462 2045 2066 2072
15061 4 2 3 5 510 2045 2066 2490
15062 4 2 3 5 510 2066 2045 2072
15063 4 2 3 5 1533 1609 2032 2031
15064 4 2 3 5 2032 1609 1533 1554
15065 4 2 3 5 2032 1529 1533 2031
15066 4 2 3 5 1533 1529 2032 1554
15067 4 2 3 5 1620 2365 2174 2335
15068 4 2 3 5 1620 2174 2365 2175
15069 4 2 3 5 2282 2409 1870 2018
15070 4 2 3 5 1870 2409 2282 1895
15071 4 2 3 5 1870 2277 2282 2018
15072 4 2 3 5 2282 2277 1870 1895
15073 4 2 3 5 1870 2018 2411 1871
15074 4 2 3 5 1870 2411 2018 2409
15075 4 2 3 5 2305 2622 1259 1824
15076 4 2 3 5 1259 1802 2305 1824
15077 4 2 3 5 2305 1802 1259 1251
15078 4 2 3 5 745 1246 659 849
15079 4 2 3 5 745 659 1246 1408
15080 4 2 3 5 2307 2282 2411 2409
15081 4 2 3 5 1839 2458 464 2089
15082 4 2 3 5 464 2458 1839 496
15083 4 2 3 5 464 437 1839 2089
15084 4 2 3 5 1839 437 464 496
15085 4 2 3 5 458 2179 415 2448
15086 4 2 3 5 458 415 2179 413
15087 4 2 3 5 2609 69 70 1775
15088 4 2 3 5 2609 70 69 583
15089 4 2 3 5 812 1244 1255 1274
15090 4 2 3 5 1255 1244 812 738
15091 4 2 3 5 1248 2145 1227 1226
15092 4 2 3 5 1227 2145 1248 1328
15093 4 2 3 5 1248 2534 1227 1328
15094 4 2 3 5 1856 2186 1903 2040
15095 4 2 3 5 1903 1856 1967 1849
15096 4 2 3 5 1903 1967 1856 2214
15097 4 2 3 5 1181 787 1907 1180
15098 4 2 3 5 1181 1907 787 726
15099 4 2 3 5 1191 1907 787 1180
15100 4 2 3 5 1191 787 1907 726
15101 4 2 3 5 1181 787 861 786
15102 4 2 3 5 1181 861 787 1180
15103 4 2 3 5 1554 1580 1346 1533
15104 4 2 3 5 1346 1580 1554 1565
15105 4 2 3 5 1346 1610 1554 1533
15106 4 2 3 5 2631 2629 1493 2616
15107 4 2 3 5 2631 1493 2629 1801
15108 4 2 3 5 2405 2380 2401 2381
15109 4 2 3 5 2405 2401 2380 2394
15110 4 2 3 5 893 2405 1266 2394
15111 4 2 3 5 1266 2380 2405 2381
15112 4 2 3 5 1266 2405 2380 2394
15113 4 2 3 5 1527 2287 1915 2284
15114 4 2 3 5 1527 1915 2287 1874
15115 4 2 3 5 1583 1562 2077 2075
15116 4 2 3 5 2077 1562 1583 1551
15117 4 2 3 5 2409 1630 1870 1629
15118 4 2 3 5 2409 1870 1630 2017
15119 4 2 3 5 1620 1870 1630 1629
15120 4 2 3 5 1620 1630 1870 2017
15121 4 2 3 5 1546 2080 1550 1531
15122 4 2 3 5 1550 2136 1546 1531
15123 4 2 3 5 1546 2136 1550 1549
15124 4 2 3 5 2009 2473 2472 2011
15125 4 2 3 5 2472 2473 2009 2465
15126 4 2 3 5 2472 2013 2009 2011
15127 4 2 3 5 2009 2013 2472 2465
15128 4 2 3 5 1510 2577 1508 1156
15129 4 2 3 5 1541 1531 1547 1546
15130 4 2 3 5 1541 1547 1531 2055
15131 4 2 3 5 2173 2135 1518 2098
15132 4 2 3 5 2173 1518 2135 1519
15133 4 2 3 5 2560 2559 1316 1223
15134 4 2 3 5 2560 1316 2559 2558
15135 4 2 3 5 2048 1316 2559 1223
15136 4 2 3 5 2048 2559 1316 2558
15137 4 2 3 5 2590 1957 1860 1863
15138 4 2 3 5 1958 1957 1860 1955
15139 4 2 3 5 1958 1860 1957 1863
15140 4 2 3 5 2246 2243 1269 1245
15141 4 2 3 5 2246 1269 2243 2242
15142 4 2 3 5 1246 1269 2243 1245
15143 4 2 3 5 1246 2243 1269 2242
15144 4 2 3 5 1412 1278 2315 1234
15145 4 2 3 5 1412 2315 1278 2303
15146 4 2 3 5 1895 2285 2283 2276
15147 4 2 3 5 1895 2283 2285 2282
15148 4 2 3 5 1896 1898 2407 2286
15149 4 2 3 5 2407 1898 1896 2309
15150 4 2 3 5 2668 2020 1616 1612
15151 4 2 3 5 1616 2020 2670 1612
15152 4 2 3 5 2670 2020 1692 1612
15153 4 2 3 5 1612 2668 1633 2665
15154 4 2 3 5 1633 2668 1612 2020
15155 4 2 3 5 1244 2392 1375 2370
15156 4 2 3 5 1244 1375 2392 1372
15157 4 2 3 5 2396 1375 2392 2370
15158 4 2 3 5 2396 2392 1375 1372
15159 4 2 3 5 2609 1730 2640 2606
15160 4 2 3 5 2609 2640 1730 2611
15161 4 2 3 5 2389 2520 1327 1342
15162 4 2 3 5 1327 2520 2389 2390
15163 4 2 3 5 1327 1130 2389 1342
15164 4 2 3 5 2389 1130 1327 2390
15165 4 2 3 5 1856 1848 1903 2186
15166 4 2 3 5 1856 1903 1848 1849
15167 4 2 3 5 2413 608 106 2273
15168 4 2 3 5 106 608 2413 637
15169 4 2 3 5 2271 106 2273 2345
15170 4 2 3 5 2266 587 2600 558
15171 4 2 3 5 2266 2600 587 2618
15172 4 2 3 5 2443 2589 1972 2590
15173 4 2 3 5 1159 848 1195 790
15174 4 2 3 5 1159 1195 848 1296
15175 4 2 3 5 1192 1198 1523 1902
15176 4 2 3 5 1192 1523 1198 1807
15177 4 2 3 5 2558 1226 1318 1222
15178 4 2 3 5 2558 1318 1226 1227
15179 4 2 3 5 1467 1318 1226 1222
15180 4 2 3 5 1467 1226 1318 1227
15181 4 2 3 5 907 816 129 909
15182 4 2 3 5 129 816 907 866
15183 4 2 3 5 1245 1246 816 849
15184 4 2 3 5 1245 816 1246 1161
15185 4 2 3 5 768 816 1246 849
15186 4 2 3 5 768 1246 816 1161
15187 4 2 3 5 1330 1223 2499 2498
15188 4 2 3 5 1330 2499 1223 1238
15189 4 2 3 5 1248 778 1271 1226
15190 4 2 3 5 1248 1271 778 828
15191 4 2 3 5 1325 1271 778 1226
15192 4 2 3 5 1325 778 1271 828
15193 4 2 3 5 1469 1340 1256 2146
15194 4 2 3 5 1469 1256 1340 1377
15195 4 2 3 5 2576 1806 1512 1524
15196 4 2 3 5 2576 1512 1806 1523
15197 4 2 3 5 2283 1512 1806 1524
15198 4 2 3 5 2321 1536 1476 1494
15199 4 2 3 5 2321 1476 1536 1535
15200 4 2 3 5 2443 1678 1972 1677
15201 4 2 3 5 2354 1678 1972 1680
15202 4 2 3 5 2354 1972 1678 1677
15203 4 2 3 5 2110 1616 2661 1947
15204 4 2 3 5 2673 1616 2661 2670
15205 4 2 3 5 2673 2661 1616 1947
15206 4 2 3 5 2431 1880 1850 1197
15207 4 2 3 5 2431 1850 1880 1613
15208 4 2 3 5 1196 1850 1880 1197
15209 4 2 3 5 1196 1880 1850 1613
15210 4 2 3 5 745 1501 1408 1246
15211 4 2 3 5 745 1408 1501 1189
15212 4 2 3 5 2243 1408 1501 1246
15213 4 2 3 5 2243 1501 1408 1189
15214 4 2 3 5 1871 2337 2366 2411
15215 4 2 3 5 2366 2337 1871 2338
15216 4 2 3 5 1228 2390 1223 2559
15217 4 2 3 5 1223 2390 1228 1163
15218 4 2 3 5 1176 1383 2007 1240
15219 4 2 3 5 2368 1383 2007 2009
15220 4 2 3 5 2368 2007 1383 1240
15221 4 2 3 5 1778 1728 1747 1729
15222 4 2 3 5 1837 1778 1747 1838
15223 4 2 3 5 2421 2383 2415 1715
15224 4 2 3 5 2415 2383 2421 1414
15225 4 2 3 5 1903 1890 1809 1900
15226 4 2 3 5 1903 1809 1890 2554
15227 4 2 3 5 1495 1492 2151 1500
15228 4 2 3 5 2151 1492 1495 2629
15229 4 2 3 5 2151 1539 1495 1500
15230 4 2 3 5 1495 1539 2151 2629
15231 4 2 3 5 2629 2616 1490 2628
15232 4 2 3 5 1825 1837 2642 1922
15233 4 2 3 5 2614 2638 2600 2612
15234 4 2 3 5 2600 2638 2614 2640
15235 4 2 3 5 763 1842 1415 1189
15236 4 2 3 5 763 1415 1842 1429
15237 4 2 3 5 1186 2255 763 1189
15238 4 2 3 5 1186 763 2255 1429
15239 4 2 3 5 2255 1842 763 1189
15240 4 2 3 5 2255 763 1842 1429
15241 4 2 3 5 1244 1389 1255 1274
15242 4 2 3 5 1244 1255 1389 2396
15243 4 2 3 5 2091 538 521 379
15244 4 2 3 5 521 538 2091 2538
15245 4 2 3 5 2604 563 2624 2608
15246 4 2 3 5 2624 563 2604 564
15247 4 2 3 5 1288 930 2687 1289
15248 4 2 3 5 1288 2687 930 927
15249 4 2 3 5 846 1310 656 792
15250 4 2 3 5 846 656 1310 1309
15251 4 2 3 5 801 1207 1473 682
15252 4 2 3 5 1473 1207 801 2129
15253 4 2 3 5 1245 659 1408 1246
15254 4 2 3 5 1408 659 1245 1165
15255 4 2 3 5 1408 2243 1245 1246
15256 4 2 3 5 1245 2243 1408 1165
15257 4 2 3 5 816 875 128 909
15258 4 2 3 5 128 875 816 659
15259 4 2 3 5 894 1266 2381 1376
15260 4 2 3 5 810 2026 680 1239
15261 4 2 3 5 680 2026 810 683
15262 4 2 3 5 1172 1154 1427 1177
15263 4 2 3 5 1427 1154 1172 1438
15264 4 2 3 5 1427 1704 1172 1177
15265 4 2 3 5 1295 928 939 1294
15266 4 2 3 5 1295 939 928 929
15267 4 2 3 5 1480 1484 2140 2141
15268 4 2 3 5 1514 1830 2101 2577
15269 4 2 3 5 2101 1830 1514 2104
15270 4 2 3 5 2101 1513 1514 2577
15271 4 2 3 5 1514 1513 2101 2104
15272 4 2 3 5 1912 1808 1512 1523
15273 4 2 3 5 1912 1512 1808 1525
15274 4 2 3 5 2283 1808 1512 1525
15275 4 2 3 5 2152 2311 1520 1535
15276 4 2 3 5 1520 2311 2152 1795
15277 4 2 3 5 1520 1536 2152 1535
15278 4 2 3 5 2152 1536 1520 1795
15279 4 2 3 5 1199 2431 1850 1184
15280 4 2 3 5 1850 2431 1199 1613
15281 4 2 3 5 1850 1196 1199 1184
15282 4 2 3 5 1199 1196 1850 1613
15283 4 2 3 5 1676 1668 1953 2593
15284 4 2 3 5 1953 1668 1676 1963
15285 4 2 3 5 1676 1984 1953 1963
15286 4 2 3 5 1678 2443 1959 1679
15287 4 2 3 5 1678 1400 1959 1680
15288 4 2 3 5 1959 1400 1678 1679
15289 4 2 3 5 1747 1746 1837 1836
15290 4 2 3 5 1747 1837 1746 1745
15291 4 2 3 5 2615 1746 1837 1745
15292 4 2 3 5 2027 1527 2032 1874
15293 4 2 3 5 2341 2032 1527 1874
15294 4 2 3 5 2341 1527 2032 2340
15295 4 2 3 5 2409 2335 1629 1870
15296 4 2 3 5 2409 1629 2335 2365
15297 4 2 3 5 1962 1887 2679 2326
15298 4 2 3 5 2498 2500 1347 2060
15299 4 2 3 5 1347 2500 2498 2059
15300 4 2 3 5 1347 2525 2498 2060
15301 4 2 3 5 2069 2503 1347 1636
15302 4 2 3 5 1347 2500 2069 1636
15303 4 2 3 5 2069 2500 1347 2059
15304 4 2 3 5 2571 2708 2578 2572
15305 4 2 3 5 1911 2708 2269 2572
15306 4 2 3 5 2269 2708 2571 2572
15307 4 2 3 5 2233 1861 2203 1862
15308 4 2 3 5 2233 2203 1861 2202
15309 4 2 3 5 1858 2203 1861 1862
15310 4 2 3 5 1858 1861 2203 2202
15311 4 2 3 5 1862 2233 2232 1999
15312 4 2 3 5 2232 2233 1862 1861
15313 4 2 3 5 2232 1771 1862 1999
15314 4 2 3 5 1862 1771 2232 1861
15315 4 2 3 5 2307 1896 2411 2282
15316 4 2 3 5 2307 2411 1896 2412
15317 4 2 3 5 2372 2011 1383 2371
15318 4 2 3 5 1383 2368 2372 2371
15319 4 2 3 5 2372 2368 1383 1176
15320 4 2 3 5 2427 1968 2595 1882
15321 4 2 3 5 2427 2595 1968 1857
15322 4 2 3 5 1969 2595 1968 1882
15323 4 2 3 5 1969 1968 2595 1857
15324 4 2 3 5 643 2447 630 2676
15325 4 2 3 5 630 2447 643 607
15326 4 2 3 5 1480 1476 1484 1478
15327 4 2 3 5 1480 1484 1476 2140
15328 4 2 3 5 2150 2602 1413 1490
15329 4 2 3 5 1413 2625 2150 1490
15330 4 2 3 5 2150 2625 1413 1574
15331 4 2 3 5 574 2631 2633 589
15332 4 2 3 5 2633 2631 574 2605
15333 4 2 3 5 2666 639 628 624
15334 4 2 3 5 2666 628 639 2667
15335 4 2 3 5 1690 1947 1962 1948
15336 4 2 3 5 1690 1962 1947 2679
15337 4 2 3 5 1888 1962 1947 1948
15338 4 2 3 5 2575 2582 1891 1893
15339 4 2 3 5 1891 2277 2575 1893
15340 4 2 3 5 2575 2277 1891 1894
15341 4 2 3 5 1899 2578 2570 2571
15342 4 2 3 5 1899 2570 2578 2579
15343 4 2 3 5 2223 107 106 369
15344 4 2 3 5 106 107 2223 2343
15345 4 2 3 5 2306 2705 2703 2585
15346 4 2 3 5 458 2703 439 463
15347 4 2 3 5 439 2703 458 2585
15348 4 2 3 5 2703 537 439 463
15349 4 2 3 5 439 537 2703 2585
15350 4 2 3 5 537 2306 2703 2585
15351 4 2 3 5 2261 2706 2707 2300
15352 4 2 3 5 2707 2706 2261 1789
15353 4 2 3 5 2707 2262 2261 2300
15354 4 2 3 5 2261 2262 2707 1789
15355 4 2 3 5 2188 2451 1814 1803
15356 4 2 3 5 2188 1814 2451 1940
15357 4 2 3 5 2702 2188 1814 1803
15358 4 2 3 5 2702 1814 2188 1940
15359 4 2 3 5 2710 2702 2188 1940
15360 4 2 3 5 1933 1811 1926 1932
15361 4 2 3 5 1970 2711 1968 1885
15362 4 2 3 5 1970 1968 2711 1882
15363 4 2 3 5 1881 1968 2711 1885
15364 4 2 3 5 1881 2711 1968 1882
15365 4 2 3 5 2269 2344 1912 1908
15366 4 2 3 5 1899 2269 2708 2571
15367 4 2 3 5 2708 2578 1899 2571
15368 4 2 3 5 2697 2695 1800 77
15369 4 2 3 5 1800 2695 2697 1789
15370 4 2 3 5 1800 2265 2697 77
15371 4 2 3 5 2697 2265 1800 1789
15372 4 2 3 5 2702 1814 2179 1782
15373 4 2 3 5 2702 2179 1814 1940
15374 4 2 3 5 2306 2707 1793 1789
15375 4 2 3 5 2709 1792 1793 1789
15376 4 2 3 5 1793 1792 2709 1791
15377 4 2 3 5 2707 2709 1793 1789
15378 4 2 3 5 1811 1926 1803 1933
15379 4 2 3 5 2584 2551 1813 1811
15380 4 2 3 5 2551 1933 1813 1811
15381 4 2 3 5 1813 1933 2551 2042
15382 4 2 3 5 2551 1803 1933 1811
15383 4 2 3 5 1933 1803 2551 2042
15384 4 2 3 5 1813 2695 2551 2584
15385 4 2 3 5 2551 2695 1813 2042
15386 4 2 3 5 2214 1857 1967 1856
15387 4 2 3 5 2214 1967 1857 1878
15388 4 2 3 5 1878 2224 1857 2214
15389 4 2 3 5 2427 1857 2224 2214
15390 4 2 3 5 2712 2714 1912 1897
15391 4 2 3 5 1912 1881 2712 1897
15392 4 2 3 5 2363 2713 1956 1887
15393 4 2 3 5 2363 1956 2713 1882
15394 4 2 3 5 1962 2713 1970 1887
15395 4 2 3 5 1962 1970 2713 1882
15396 4 2 3 5 1956 2713 1962 1887
15397 4 2 3 5 1956 1962 2713 1882
15398 4 2 3 5 2711 1881 2713 1882
15399 4 2 3 5 2713 1881 2711 2414
15400 4 2 3 5 2713 1970 2711 1882
15401 4 2 3 5 2713 2711 1887 2414
15402 4 2 3 5 2713 1887 2711 1970
15403 4 2 3 5 1889 1887 2711 2414
15404 4 2 3 5 1889 2711 1887 1970
15405 4 2 3 5 2269 1912 1911 1908
15406 4 2 3 5 2699 2271 1911 2269
15407 4 2 3 5 2699 1911 2271 2270
15408 4 2 3 5 2708 2699 1911 2269
15409 4 2 3 5 2708 1911 2699 2270
15410 4 2 3 5 1899 2699 2708 2269
15411 4 2 3 5 2270 2276 1913 1916
15412 4 2 3 5 2270 1913 2276 2708
15413 4 2 3 5 1512 2270 1913 1916
15414 4 2 3 5 1512 1913 2270 2708
15415 4 2 3 5 1911 2270 1512 1916
15416 4 2 3 5 1911 1512 2270 2708
15417 4 2 3 5 2713 2363 2433 2426
15418 4 2 3 5 2433 2363 2713 1882
15419 4 2 3 5 2433 2225 2713 2426
15420 4 2 3 5 2713 2225 2433 1882
15421 4 2 3 5 2699 2708 2578 1899
15422 4 2 3 5 2578 2708 2699 2270
15423 4 2 3 5 2578 2579 2699 1899
15424 4 2 3 5 2699 2579 2578 2270
15425 4 2 3 5 1912 2712 2220 1878
15426 4 2 3 5 1912 2220 2712 1881
15427 4 2 3 5 2712 2715 2220 1878
15428 4 2 3 5 2712 2220 2715 1881
15429 4 2 3 5 1912 2714 1911 1897
15430 4 2 3 5 1912 1911 2714 2269
15431 4 2 3 5 2271 1911 2714 1897
15432 4 2 3 5 2271 2714 1911 2269
15433 4 2 3 5 2715 2225 2427 2224
15434 4 2 3 5 2715 2427 2225 1881
15435 4 2 3 5 1968 2427 2715 1881
15436 4 2 3 5 2220 1968 2715 1881
15437 4 2 3 5 2269 2344 2714 1912
15438 4 2 3 5 2269 2714 2344 2343
15439 4 2 3 5 452 416 2704 451
15440 4 2 3 5 2704 416 452 2700
15441 4 2 3 5 413 2717 2179 458
15442 4 2 3 5 416 2717 413 458
15443 4 2 3 5 2703 2585 2179 458
15444 4 2 3 5 2717 2703 2179 458
15445 4 2 3 5 2695 2551 1394 2042
15446 4 2 3 5 1812 1394 2551 2042
15447 4 2 3 5 1793 2709 2306 1791
15448 4 2 3 5 1793 2306 2709 2707
15449 4 2 3 5 2043 2306 2709 1791
15450 4 2 3 5 2043 2709 2306 2707
15451 4 2 3 5 2702 1782 1812 1814
15452 4 2 3 5 1812 1803 2702 1814
15453 4 2 3 5 2702 1803 1812 2551
15454 4 2 3 5 1897 2712 2272 2346
15455 4 2 3 5 1897 2272 2712 2714
15456 4 2 3 5 2271 2272 2712 2346
15457 4 2 3 5 2271 2712 2272 2714
15458 4 2 3 5 2695 2696 2584 77
15459 4 2 3 5 2695 2584 2696 2701
15460 4 2 3 5 356 2584 2696 77
15461 4 2 3 5 356 2696 2584 2701
15462 4 2 3 5 2289 2716 2291 2271
15463 4 2 3 5 2291 2716 2273 2271
15464 4 2 3 5 2291 2273 2716 107
15465 4 2 3 5 2273 2716 106 2271
15466 4 2 3 5 2273 106 2716 107
15467 4 2 3 5 2306 2707 2585 2043
15468 4 2 3 5 1394 2585 2707 2043
15469 4 2 3 5 452 2698 463 500
15470 4 2 3 5 452 463 2698 2703
15471 4 2 3 5 2702 2551 2188 1803
15472 4 2 3 5 2702 2188 2551 2710
15473 4 2 3 5 1936 2188 2551 1803
15474 4 2 3 5 1936 2551 2188 2710
15475 4 2 3 5 452 2698 2704 2700
15476 4 2 3 5 2585 2700 2718 2705
15477 4 2 3 5 2585 2718 2697 2705
15478 4 2 3 5 2697 2718 2585 2695
15479 4 2 3 5 2585 2697 2306 2705
15480 4 2 3 5 2306 2697 2585 2695
15481 4 2 3 5 1394 2706 2585 2695
15482 4 2 3 5 1394 2585 2706 2707
15483 4 2 3 5 2585 2706 2306 2695
15484 4 2 3 5 2585 2306 2706 2707
15485 4 2 3 5 1789 2706 2306 2707
15486 4 2 3 5 356 2701 2698 2696
15487 4 2 3 5 2698 2701 2718 2696
15488 4 2 3 5 2718 2701 2695 2696
15489 4 2 3 5 2717 2700 2704 2702
15490 4 2 3 5 2704 2700 2717 416
15491 4 2 3 5 2717 2704 451 2702
15492 4 2 3 5 451 2704 2717 416
15493 4 2 3 5 2717 451 412 2702
15494 4 2 3 5 412 451 2717 416
15495 4 2 3 5 413 412 2717 416
15496 4 2 3 5 2700 2719 2704 2710
15497 4 2 3 5 2698 2718 2705 2697
15498 4 2 3 5 2705 2718 2698 2700
15499 4 2 3 5 2719 2718 2585 2700
15500 4 2 3 5 2719 2585 2718 2695
15501 4 2 3 5 2170 2354 1698 2355
15502 4 2 3 5 1259 884 2305 1251
15503 4 2 3 5 1259 2305 884 2622
15504 4 2 3 5 1262 2305 884 1251
15505 4 2 3 5 1262 884 2305 2622
15506 4 2 3 5 1898 1625 1872 1876
15507 4 2 3 5 1898 1872 1625 2407
15508 4 2 3 5 2613 1837 1746 1836
15509 4 2 3 5 2613 1746 1837 2615
15510 4 2 3 5 1887 2673 2686 1888
15511 4 2 3 5 1677 2443 2589 1972
15512 4 2 3 5 1677 2589 2443 1997
15513 4 2 3 5 1624 2030 1876 1633
15514 4 2 3 5 1624 1876 2030 2338
15515 4 2 3 5 2685 1628 2292 2293
15516 4 2 3 5 2292 1628 2685 2268
15517 4 2 3 5 2292 2274 2685 2293
15518 4 2 3 5 2685 2274 2292 2268
15519 4 2 3 5 1785 1513 1629 1630
15520 4 2 3 5 1785 1629 1513 2101
15521 4 2 3 5 1894 1629 1513 1630
15522 4 2 3 5 1894 1513 1629 2101
15523 4 2 3 5 1346 1626 1554 1610
15524 4 2 3 5 1554 1626 1346 1565
15525 4 2 3 5 1413 1730 1777 1574
15526 4 2 3 5 1777 1730 1413 2598
15527 4 2 3 5 1259 1802 881 1251
15528 4 2 3 5 1259 881 1802 1357
15529 4 2 3 5 1258 881 1802 1251
15530 4 2 3 5 1258 1802 881 1357
15531 4 2 3 5 1248 1227 1249 1226
15532 4 2 3 5 1248 1249 1227 2534
15533 4 2 3 5 1228 1249 1227 1226
15534 4 2 3 5 1228 1227 1249 2534
15535 4 2 3 5 748 1163 1240 1241
15536 4 2 3 5 748 1240 1163 1372
15537 4 2 3 5 2369 1240 1163 1241
15538 4 2 3 5 2369 1163 1240 1372
15539 4 2 3 5 2678 1690 2679 1950
15540 4 2 3 5 2679 1690 2678 1947
15541 4 2 3 5 2372 2012 1383 2011
15542 4 2 3 5 2372 1383 2012 1176
15543 4 2 3 5 2009 1383 2012 2011
15544 4 2 3 5 2515 2556 2514 1367
15545 4 2 3 5 2515 2514 2556 2516
15546 4 2 3 5 1390 1350 1312 2464
15547 4 2 3 5 1390 1312 1350 1381
15548 4 2 3 5 2494 1312 1350 2464
15549 4 2 3 5 2494 1350 1312 1381
15550 4 2 3 5 2376 2374 1375 1719
15551 4 2 3 5 1375 2374 2376 2396
15552 4 2 3 5 1375 2370 2376 1719
15553 4 2 3 5 2376 2370 1375 2396
15554 4 2 3 5 2558 2390 2520 1327
15555 4 2 3 5 2558 2520 2390 2560
15556 4 2 3 5 1898 2309 2290 1896
15557 4 2 3 5 1898 2290 2309 1628
15558 4 2 3 5 1728 1777 1747 2640
15559 4 2 3 5 1728 1747 1777 1778
15560 4 2 3 5 1837 1747 1777 2640
15561 4 2 3 5 1837 1777 1747 1778
15562 4 2 3 5 1692 1688 1663 1689
15563 4 2 3 5 1692 1663 1688 2120
15564 4 2 3 5 876 1419 898 1268
15565 4 2 3 5 898 1419 876 897
15566 4 2 3 5 2310 1520 1536 1522
15567 4 2 3 5 2310 1536 1520 2311
15568 4 2 3 5 2061 2008 2007 2499
15569 4 2 3 5 2007 2008 2061 2006
15570 4 2 3 5 2007 1350 2061 2499
15571 4 2 3 5 2061 1350 2007 2006
15572 4 2 3 5 2182 2101 1817 2577
15573 4 2 3 5 2465 1349 2473 2466
15574 4 2 3 5 1176 2473 1349 2466
15575 4 2 3 5 1176 1349 2473 1208
15576 4 2 3 5 2029 1527 2032 2027
15577 4 2 3 5 2032 1527 2029 2340
15578 4 2 3 5 1876 1616 2020 2110
15579 4 2 3 5 1876 2020 1616 2668
15580 4 2 3 5 2609 69 2385 601
15581 4 2 3 5 2609 2385 69 1775
15582 4 2 3 5 2278 1513 2277 1894
15583 4 2 3 5 2278 2277 1513 2178
15584 4 2 3 5 1630 2277 1513 1894
15585 4 2 3 5 1630 1513 2277 2178
15586 4 2 3 5 1901 1192 1965 2215
15587 4 2 3 5 1901 1965 1192 1902
15588 4 2 3 5 97 2438 2170 2171
15589 4 2 3 5 97 2170 2438 2440
15590 4 2 3 5 1665 2170 2438 2171
15591 4 2 3 5 1665 2438 2170 2440
15592 4 2 3 5 103 2433 2426 104
15593 4 2 3 5 2426 2433 103 2363
15594 4 2 3 5 2426 603 103 104
15595 4 2 3 5 103 603 2426 2363
15596 4 2 3 5 1891 2101 2182 1894
15597 4 2 3 5 2182 2575 1891 1894
15598 4 2 3 5 1891 2575 2182 2582
15599 4 2 3 5 1421 2400 1728 1730
15600 4 2 3 5 1421 1728 2400 2385
15601 4 2 3 5 1769 1728 2400 1730
15602 4 2 3 5 1769 2400 1728 2385
15603 4 2 3 5 2708 1627 1909 1913
15604 4 2 3 5 1909 1512 2708 1913
15605 4 2 3 5 2708 1512 1909 1911
15606 4 2 3 5 2716 108 2291 107
15607 4 2 3 5 2716 2291 108 2289
15608 4 2 3 5 2701 2698 452 356
15609 4 2 3 5 452 2698 2701 2704
15610 4 2 3 5 452 451 2701 356
15611 4 2 3 5 2701 451 452 2704
15612 4 2 3 5 1938 1940 2710 1936
15613 4 2 3 5 2710 1940 1938 2704
15614 4 2 3 5 78 2697 500 2306
15615 4 2 3 5 78 500 2697 2698
15616 4 2 3 5 2705 500 2697 2306
15617 4 2 3 5 2705 2697 500 2698
15618 4 2 3 5 2179 2717 2585 2703
15619 4 2 3 5 2179 2585 2717 2702
15620 4 2 3 5 2700 2585 2717 2703
15621 4 2 3 5 2700 2717 2585 2702
15622 4 2 3 5 2718 2700 2704 2698
15623 4 2 3 5 2704 2700 2718 2719
15624 4 2 3 5 2704 2701 2718 2698
15625 4 2 3 5 2012 1383 2007 1176
15626 4 2 3 5 2007 1383 2012 2009
15627 4 2 3 5 1692 2020 1664 2681
15628 4 2 3 5 1692 1664 2020 1617
15629 4 2 3 5 1611 1664 2020 2681
15630 4 2 3 5 1611 2020 1664 1617
15631 4 2 3 5 1626 1611 1633 2109
15632 4 2 3 5 1626 1633 1611 1617
15633 4 2 3 5 2020 1611 1633 1617
15634 4 2 3 5 1614 1880 2221 2226
15635 4 2 3 5 1614 2221 1880 1613
15636 4 2 3 5 2431 2221 1880 2226
15637 4 2 3 5 2431 1880 2221 1613
15638 4 2 3 5 1880 1614 1907 2297
15639 4 2 3 5 1880 1907 1614 1613
15640 4 2 3 5 1525 1907 1614 2297
15641 4 2 3 5 1525 1614 1907 1613
15642 4 2 3 5 2708 1909 1892 1911
15643 4 2 3 5 1892 1909 2708 1627
15644 4 2 3 5 1892 2572 2708 1911
15645 4 2 3 5 2708 2572 1892 1627
15646 4 2 3 5 1588 1550 1547 2080
15647 4 2 3 5 1588 1547 1550 1549
15648 4 2 3 5 1546 1547 1550 2080
15649 4 2 3 5 1546 1550 1547 1549
15650 4 2 3 5 1550 1588 2127 2124
15651 4 2 3 5 1550 2127 1588 1549
15652 4 2 3 5 1606 2127 1588 2124
15653 4 2 3 5 1606 1588 2127 1549
15654 4 2 3 5 2585 537 1827 439
15655 4 2 3 5 1827 537 2585 2306
15656 4 2 3 5 1317 1347 1451 2528
15657 4 2 3 5 1317 1451 1347 2059
15658 4 2 3 5 1452 1451 1347 2528
15659 4 2 3 5 1452 1347 1451 2059
15660 4 2 3 5 1347 1317 2498 2525
15661 4 2 3 5 1347 2498 1317 2059
15662 4 2 3 5 1428 1710 1706 1438
15663 4 2 3 5 1706 2165 1428 1438
15664 4 2 3 5 1713 2201 1740 1739
15665 4 2 3 5 1740 2201 1713 2194
15666 4 2 3 5 1740 1714 1713 1739
15667 4 2 3 5 1713 1714 1740 2194
15668 4 2 3 5 1887 2686 1869 1889
15669 4 2 3 5 2293 1869 2686 1889
15670 4 2 3 5 2293 2686 1869 2685
15671 4 2 3 5 1338 2511 2557 2510
15672 4 2 3 5 2557 2511 1338 1451
15673 4 2 3 5 2557 1317 1338 2510
15674 4 2 3 5 1338 1317 2557 1451
15675 4 2 3 5 2216 1192 2431 1199
15676 4 2 3 5 2216 2431 1192 2215
15677 4 2 3 5 1184 2431 1192 1199
15678 4 2 3 5 1184 1192 2431 2215
15679 4 2 3 5 1205 1182 2280 2278
15680 4 2 3 5 1205 2280 1182 1527
15681 4 2 3 5 1515 2280 1182 2278
15682 4 2 3 5 1515 1182 2280 1527
15683 4 2 3 5 2142 1475 2532 2531
15684 4 2 3 5 2532 1475 2142 1460
15685 4 2 3 5 2532 1457 2142 2531
15686 4 2 3 5 2142 1457 2532 1460
15687 4 2 3 5 1860 1955 2589 1668
15688 4 2 3 5 1957 2589 1955 1668
15689 4 2 3 5 1777 1413 1825 2602
15690 4 2 3 5 1777 1825 1413 1574
15691 4 2 3 5 2150 1825 1413 2602
15692 4 2 3 5 2150 1413 1825 1574
15693 4 2 3 5 1825 2604 1490 1776
15694 4 2 3 5 1490 2605 1825 1776
15695 4 2 3 5 1825 2605 1490 2150
15696 4 2 3 5 1887 1947 1962 2679
15697 4 2 3 5 1887 1962 1947 1888
15698 4 2 3 5 1517 2101 1829 1830
15699 4 2 3 5 2577 1517 2101 1156
15700 4 2 3 5 2577 2101 1517 1830
15701 4 2 3 5 1514 1517 2577 1156
15702 4 2 3 5 1514 2577 1517 1830
15703 4 2 3 5 1452 2503 2528 1347
15704 4 2 3 5 1452 2528 2503 1456
15705 4 2 3 5 1953 2588 1667 1668
15706 4 2 3 5 1667 2588 1953 1951
15707 4 2 3 5 1667 2593 1953 1668
15708 4 2 3 5 1953 2593 1667 1951
15709 4 2 3 5 2635 2605 2150 2631
15710 4 2 3 5 2150 2605 2635 1825
15711 4 2 3 5 2150 2636 2635 2631
15712 4 2 3 5 2635 2636 2150 1825
15713 4 2 3 5 2150 2631 2616 2629
15714 4 2 3 5 2616 2631 2150 2605
15715 4 2 3 5 2616 1490 2150 2629
15716 4 2 3 5 2150 1490 2616 2605
15717 4 2 3 5 1406 2607 2599 2638
15718 4 2 3 5 1777 2599 2642 2640
15719 4 2 3 5 2642 1837 1777 2640
15720 4 2 3 5 1777 1837 2642 1825
15721 4 2 3 5 2640 2599 1406 1777
15722 4 2 3 5 2640 1406 2599 2638
15723 4 2 3 5 1612 1633 1611 2109
15724 4 2 3 5 1611 1633 1612 2020
15725 4 2 3 5 1659 1701 1698 2355
15726 4 2 3 5 1659 1698 1701 1665
15727 4 2 3 5 2170 1698 1701 2355
15728 4 2 3 5 2170 1701 1698 1665
15729 4 2 3 5 2443 2589 1679 2445
15730 4 2 3 5 2443 2589 1959 1679
15731 4 2 3 5 2443 1959 2589 2590
15732 4 2 3 5 1957 1959 2589 1679
15733 4 2 3 5 1957 2589 1959 2590
15734 4 2 3 5 886 2405 894 893
15735 4 2 3 5 886 894 2405 2381
15736 4 2 3 5 1266 894 2405 893
15737 4 2 3 5 1266 2405 894 2381
15738 4 2 3 5 1817 2189 1510 1508
15739 4 2 3 5 1510 2189 1817 2182
15740 4 2 3 5 1510 2577 1817 1508
15741 4 2 3 5 1817 2577 1510 2182
15742 4 2 3 5 1957 1860 2589 2590
15743 4 2 3 5 1957 2589 1860 1955
15744 4 2 3 5 1616 2020 1692 2670
15745 4 2 3 5 1692 2020 1616 2110
15746 4 2 3 5 1692 2661 1616 2670
15747 4 2 3 5 1616 2661 1692 2110
15748 4 2 3 5 1512 1806 1808 2283
15749 4 2 3 5 1512 1808 1806 1523
15750 4 2 3 5 1678 1972 1959 2443
15751 4 2 3 5 1678 1959 1972 1680
15752 4 2 3 5 1172 1427 1705 1704
15753 4 2 3 5 1705 1427 1172 1438
15754 4 2 3 5 1705 1648 1172 1704
15755 4 2 3 5 1172 1648 1705 1438
15756 4 2 3 5 1953 1676 1954 1984
15757 4 2 3 5 1954 1676 1953 2593
15758 4 2 3 5 1347 2069 1582 2503
15759 4 2 3 5 1582 2069 1347 2059
15760 4 2 3 5 1582 1452 1347 2503
15761 4 2 3 5 1347 1452 1582 2059
15762 4 2 3 5 2704 451 1938 2701
15763 4 2 3 5 2704 1938 451 1940
15764 4 2 3 5 537 500 2705 2306
15765 4 2 3 5 2705 2703 537 2306
15766 4 2 3 5 2363 1887 2426 2713
15767 4 2 3 5 2363 2426 1887 2680
15768 4 2 3 5 2414 2426 1887 2713
15769 4 2 3 5 2414 1887 2426 2680
15770 4 2 3 5 1878 1968 2715 2220
15771 4 2 3 5 2427 2715 1857 1968
15772 4 2 3 5 2427 1857 2715 2224
15773 4 2 3 5 1878 1857 2715 1968
15774 4 2 3 5 1878 2715 1857 2224
15775 4 2 3 5 2344 1912 2712 2714
15776 4 2 3 5 2712 1912 2344 1878
15777 4 2 3 5 2712 2343 2344 2714
15778 4 2 3 5 2344 2343 2712 1878
15779 4 2 3 5 1812 2702 2585 1782
15780 4 2 3 5 2343 107 2716 106
15781 4 2 3 5 2716 107 2343 2699
15782 4 2 3 5 2716 2271 2343 106
15783 4 2 3 5 2343 2271 2716 2699
15784 4 2 3 5 108 2716 2579 107
15785 4 2 3 5 108 2579 2716 2270
15786 4 2 3 5 2699 2579 2716 107
15787 4 2 3 5 2699 2716 2579 2270
15788 4 2 3 5 1936 1939 2710 1938
15789 4 2 3 5 1936 2710 1939 2551
15790 4 2 3 5 2695 2306 1789 2706
15791 4 2 3 5 2695 1789 2306 2697
15792 4 2 3 5 2702 2551 2719 2710
15793 4 2 3 5 2702 2700 2719 2585
15794 4 2 3 5 2719 2700 2702 2710
15795 4 2 3 5 412 2717 2179 413
15796 4 2 3 5 412 2179 2717 2702
15797 4 2 3 5 2372 2418 1153 2417
15798 4 2 3 5 1153 2418 2372 1244
15799 4 2 3 5 1153 747 2372 2417
15800 4 2 3 5 2372 747 1153 1244
15801 4 2 3 5 2044 1820 1156 1508
15802 4 2 3 5 2044 1156 1820 1396
15803 4 2 3 5 2258 1989 1846 1430
15804 4 2 3 5 2258 1846 1989 1672
15805 4 2 3 5 1859 1846 1989 1430
15806 4 2 3 5 1859 1989 1846 1672
15807 4 2 3 5 1668 1759 2589 1860
15808 4 2 3 5 1668 2589 1759 2588
15809 4 2 3 5 1958 1859 1862 1399
15810 4 2 3 5 1958 1862 1859 1430
15811 4 2 3 5 1936 1811 1803 2551
15812 4 2 3 5 1936 1803 1811 1926
15813 4 2 3 5 1938 356 502 1939
15814 4 2 3 5 1938 502 356 527
15815 4 2 3 5 2466 1176 2012 2007
15816 4 2 3 5 2012 1176 2466 2473
15817 4 2 3 5 2466 2012 2009 2007
15818 4 2 3 5 2009 2012 2466 2473
15819 4 2 3 5 2466 2009 2465 2007
15820 4 2 3 5 2465 2009 2466 2473
15821 4 2 3 5 1891 1783 2182 2101
15822 4 2 3 5 1891 2182 1783 2582
15823 4 2 3 5 2602 1490 1825 2604
15824 4 2 3 5 2602 1825 1490 2150
15825 4 2 3 5 2166 1706 1428 1448
15826 4 2 3 5 2166 1428 1706 2165
15827 4 2 3 5 2101 1817 1516 2182
15828 4 2 3 5 2101 1516 1817 1820
15829 4 2 3 5 1349 2473 1362 2465
15830 4 2 3 5 1349 1362 2473 1208
15831 4 2 3 5 2577 1817 1156 2101
15832 4 2 3 5 2577 1156 1817 1508
15833 4 2 3 5 1820 1156 1817 2101
15834 4 2 3 5 1820 1817 1156 1508
15835 4 2 3 5 2170 1699 2354 2161
15836 4 2 3 5 2354 1699 2170 1698
15837 4 2 3 5 1699 1686 2354 2161
15838 4 2 3 5 2354 1686 1699 1698
15839 4 2 3 5 1699 2483 1686 2161
15840 4 2 3 5 1686 2483 1699 1698
15841 4 2 3 5 1706 1428 1711 1710
15842 4 2 3 5 1711 1428 1706 1448
15843 4 2 3 5 1869 2680 2686 1887
15844 4 2 3 5 1869 2686 2680 2685
15845 4 2 3 5 2673 2686 2680 1887
15846 4 2 3 5 2673 2680 2686 2685
15847 4 2 3 5 1517 2101 1820 1829
15848 4 2 3 5 1820 2101 1517 1156
15849 4 2 3 5 1820 1396 1517 1829
15850 4 2 3 5 1517 1396 1820 1156
15851 4 2 3 5 2698 2703 500 2705
15852 4 2 3 5 2698 500 2703 463
15853 4 2 3 5 537 500 2703 2705
15854 4 2 3 5 537 2703 500 463
15855 4 2 3 5 2551 2701 2710 1939
15856 4 2 3 5 1938 2710 2701 1939
15857 4 2 3 5 1938 2701 2710 2704
15858 4 2 3 5 2719 2702 1812 2551
15859 4 2 3 5 1812 2702 2719 2585
15860 4 2 3 5 2719 1812 1394 2551
15861 4 2 3 5 1394 1812 2719 2585
15862 4 2 3 5 2719 1394 2695 2551
15863 4 2 3 5 2695 1394 2719 2585
15864 4 2 3 5 1777 2607 2599 1406
15865 4 2 3 5 1825 2607 2599 1777
15866 4 2 3 5 2599 2607 1825 1776
15867 4 2 3 5 2599 2642 1825 1777
15868 4 2 3 5 1825 2642 2599 1776
15869 4 2 3 5 2719 2710 2701 2704
15870 4 2 3 5 2719 2718 2701 2695
15871 4 2 3 5 2701 2718 2719 2704
15872 4 2 3 5 1335 2466 2499 2007
15873 4 2 3 5 1335 2499 2466 2356
15874 4 2 3 5 2008 2499 2466 2007
15875 4 2 3 5 2008 2466 2499 2356
15876 4 2 3 5 2551 2701 2719 2710
15877 4 2 3 5 2551 2719 2701 2695
$EndElements
